Sun Aug 23 16:00:00 2026
Completed checkpoint up to RBA
ORA-01277: file ' pg_toast_12345 ' already exists
Archived Log entry 117 added for thread 1 sequence 3898
ORA-26741: cannot assemble lobs
Archived Log entry 756 added for thread 1 sequence 8433
Starting background process VKTM
ORA-16129: unsupported DML encountered
Starting background process VKTM
Archived Log entry 627 added for thread 1 sequence 5814
Thread 1 advanced to log sequence 361
Current log# 231 seq# 1753 mem# 0
ARC0: Archival started
ORA-01486: size of array element is too large
Undo initialization finished
Completed checkpoint up to RBA
Archived Log entry 56 added for thread 1 sequence 5203
Thread 1 advanced to log sequence 711
Beginning log switch checkpoint up to RBA
KUP-04030: invalid numeric data
Errors in file /u01/app/oracle/diag/rdbms/ttprod/ttprod1/trace/ttprod1_ora_73144.trc
Starting background process VKTM
Undo initialization finished
Thread 1 advanced to log sequence 727
CRS-00810: Cluster Ready Service aborted due to failure to communicate with Event Management Service with error [ number ]. Details at PK_CUSTOMER_ACCOUNTS in CRM.CALL_DETAIL_RECORDS .
Undo initialization finished
Current log# 123 seq# 6379 mem# 0
ORA-01264: Unable to create _SYSSMU12$ file name
ARC0: Archival started
ARC0: Archival started
Undo initialization finished
ARC0: Archival started
Archived Log entry 203 added for thread 1 sequence 8618
NNO-00070: administrative region has changed, reloading domain data
Thread 1 advanced to log sequence 664
Archived Log entry 116 added for thread 1 sequence 1114
Archived Log entry 888 added for thread 1 sequence 8423
ORA-53980: unimplemented feature: pg_toast_12345
Errors in file /u01/app/oracle/diag/rdbms/ttprod/ttprod1/trace/ttprod1_ora_32810.trc
ARC0: Archival started
Completed checkpoint up to RBA
Current log# 652 seq# 5481 mem# 0
Archived Log entry 973 added for thread 1 sequence 3588
ORA-55347: missing proof for the specified label generation option
Starting background process VKTM
Completed checkpoint up to RBA
Undo initialization finished
Undo initialization finished
ORA-09770: pws_look_up: translation failure.
Starting background process VKTM
Archived Log entry 515 added for thread 1 sequence 9481
ARC0: Archival started
Beginning log switch checkpoint up to RBA
PRKP-01088: Failed to retrieve configuration of cluster database {0}
Undo initialization finished
TNS-04084: WARNING: Non-reloadable parameters have retained their values.
Errors in file /u01/app/oracle/diag/rdbms/ttprod/ttprod1/trace/ttprod1_ora_45264.trc
Undo initialization finished
Undo initialization finished
Current log# 801 seq# 2569 mem# 0
RMAN-06804: Enter value for 17 :
Current log# 814 seq# 5026 mem# 0
Archived Log entry 218 added for thread 1 sequence 9962
Archived Log entry 668 added for thread 1 sequence 9957
Starting background process VKTM
ARC0: Archival started
ORA-27217: failed to load Media Management Library from secure location
ARC0: Archival started
Current log# 965 seq# 3334 mem# 0
Current log# 721 seq# 3933 mem# 0
ORA-27194: skgfdvcmd: sbtcommand returned error
Beginning log switch checkpoint up to RBA
ORA-13832: category name specified is invalid
Thread 1 advanced to log sequence 449
Undo initialization finished
Current log# 940 seq# 8992 mem# 0
Thread 1 advanced to log sequence 886
Undo initialization finished
ORA-01560: LIKE pattern contains partial or illegal character
Archived Log entry 139 added for thread 1 sequence 9255
Beginning log switch checkpoint up to RBA
Completed checkpoint up to RBA
Archived Log entry 873 added for thread 1 sequence 9775
Current log# 627 seq# 9713 mem# 0
ORA-24791: invalid transaction start flags
Undo initialization finished
Undo initialization finished
Archived Log entry 116 added for thread 1 sequence 6912
Completed checkpoint up to RBA
ORA-38772: cannot add datafile ' pk_orders ' - file could not be created
Starting background process VKTM
Thread 1 advanced to log sequence 782
Undo initialization finished
ARC0: Archival started
Current log# 94 seq# 1540 mem# 0
LFI-01000: Unable to write line to file.
Undo initialization finished
Beginning log switch checkpoint up to RBA
Undo initialization finished
Beginning log switch checkpoint up to RBA
ORA-12409: policy startup failure for BILLING.CUST_ORDERS policy
Undo initialization finished
Starting background process VKTM
Current log# 165 seq# 6997 mem# 0
Beginning log switch checkpoint up to RBA
ORA-01373: insufficient memory for staging persistent LogMiner session
Archived Log entry 594 added for thread 1 sequence 4733
Completed checkpoint up to RBA
Thread 1 advanced to log sequence 444
CRS-04226: Unexpected authorization error while saving the IPMI credentials wallet: _SYSSMU12$
Errors in file /u01/app/oracle/diag/rdbms/ttprod/ttprod1/trace/ttprod1_ora_21294.trc
Current log# 903 seq# 8978 mem# 0
Thread 1 advanced to log sequence 352
Completed checkpoint up to RBA
PCC-00065: Userid required, but not specified.
Errors in file /u01/app/oracle/diag/rdbms/ttprod/ttprod1/trace/ttprod1_ora_14452.trc
Undo initialization finished
Beginning log switch checkpoint up to RBA
Thread 1 advanced to log sequence 354
Starting background process VKTM
Beginning log switch checkpoint up to RBA
RMAN-03018: asynchronous RPCs are working correctly
Completed checkpoint up to RBA
ORA-47290: error creating VPD policy for Realm 5000 , CRM.CALL_DETAIL_RECORDS
Completed checkpoint up to RBA
Thread 1 advanced to log sequence 702
ORA-16122: applying large dml transaction at SCN session_1123
Current log# 807 seq# 5910 mem# 0
Archived Log entry 547 added for thread 1 sequence 2098
Thread 1 advanced to log sequence 806
Archived Log entry 399 added for thread 1 sequence 2655
Starting background process VKTM
INS-30506: Invalid redundancy level.
Archived Log entry 758 added for thread 1 sequence 5387
Archived Log entry 794 added for thread 1 sequence 9548
Beginning log switch checkpoint up to RBA
ORA-36820: (XSLMINFO00) The LIMITMAPINFO function encountered an error while parsing the LIMITMAP.
Errors in file /u01/app/oracle/diag/rdbms/ttprod/ttprod1/trace/ttprod1_ora_86886.trc
Archived Log entry 368 added for thread 1 sequence 4123
Thread 1 advanced to log sequence 800
Undo initialization finished
CRS-02008: invalid message type < number > used
Thread 1 advanced to log sequence 634
Starting background process VKTM
QSM-01336: the materialized view you specified ( ttprod1 ) was not used to rewrite the query
Archived Log entry 721 added for thread 1 sequence 4689
Archived Log entry 33 added for thread 1 sequence 3407
Completed checkpoint up to RBA
TNS-00522: Operation was interrupted
Starting background process VKTM
Current log# 16 seq# 1354 mem# 0
Undo initialization finished
Thread 1 advanced to log sequence 1
ORA-31039: XML namespace length ttprod1 exceeds maximum 5000
Errors in file /u01/app/oracle/diag/rdbms/ttprod/ttprod1/trace/ttprod1_ora_62811.trc
ARC0: Archival started
PRKO-03148: Instance {0} does not support service {1}.
Beginning log switch checkpoint up to RBA
Current log# 39 seq# 7286 mem# 0
NNL-00901: CONTENT ERROR responses sent: number
Errors in file /u01/app/oracle/diag/rdbms/ttprod/ttprod1/trace/ttprod1_ora_15137.trc
Completed checkpoint up to RBA
Starting background process VKTM
RMAN-08157: script CRM.CALL_DETAIL_RECORDS written to file idx_users_email
Undo initialization finished
Completed checkpoint up to RBA
Current log# 869 seq# 6325 mem# 0
ORA-27232: unable to get file information
ARC0: Archival started
Beginning log switch checkpoint up to RBA
Current log# 775 seq# 6199 mem# 0
Beginning log switch checkpoint up to RBA
ORA-39301: Cannot alter values recorded in materialized view log: SP2-0552
Current log# 179 seq# 4963 mem# 0
Current log# 120 seq# 9833 mem# 0
Undo initialization finished
NZE-28799: failure to allocate shared memory
Undo initialization finished
RMAN-12020: error on step filtered for normal output user_sessions
Errors in file /u01/app/oracle/diag/rdbms/ttprod/ttprod1/trace/ttprod1_ora_99936.trc
Beginning log switch checkpoint up to RBA
ARC0: Archival started
Undo initialization finished
DIA-51006: unexpected delimter ';' in the run params text
Errors in file /u01/app/oracle/diag/rdbms/ttprod/ttprod1/trace/ttprod1_ora_44284.trc
Beginning log switch checkpoint up to RBA
Beginning log switch checkpoint up to RBA
Thread 1 advanced to log sequence 35
CRS-02563: Attempt to start resource ' CRM.CALL_DETAIL_RECORDS ' on ' app_db ' has failed. Will re-retry on ' pk_orders ' now.
Errors in file /u01/app/oracle/diag/rdbms/ttprod/ttprod1/trace/ttprod1_ora_29030.trc
Thread 1 advanced to log sequence 360
Current log# 526 seq# 7933 mem# 0
Starting background process VKTM
RMAN-08584: copying current control file
Errors in file /u01/app/oracle/diag/rdbms/ttprod/ttprod1/trace/ttprod1_ora_82489.trc
Current log# 872 seq# 2385 mem# 0
Undo initialization finished
Thread 1 advanced to log sequence 988
Thread 1 advanced to log sequence 66
ORA-07263: sptpa: kill error.
Thread 1 advanced to log sequence 833
DRG-12604: execution of user datastore procedure has failed
Errors in file /u01/app/oracle/diag/rdbms/ttprod/ttprod1/trace/ttprod1_ora_66149.trc
Undo initialization finished
Beginning log switch checkpoint up to RBA
Starting background process VKTM
Undo initialization finished
Beginning log switch checkpoint up to RBA
RMAN-08143: including current control file for validation
Thread 1 advanced to log sequence 105
ORA-12654: Authentication conversion failed
Starting background process VKTM
Completed checkpoint up to RBA
Beginning log switch checkpoint up to RBA
Starting background process VKTM
XOQ-01712: " pk_orders " failed validation as a level hierarchy.
Current log# 38 seq# 2344 mem# 0
ARC0: Archival started
Current log# 156 seq# 9324 mem# 0
Archived Log entry 862 added for thread 1 sequence 5315
LSX-00255: mismatched parentheses
Archived Log entry 699 added for thread 1 sequence 5092
Current log# 498 seq# 4858 mem# 0
ARC0: Archival started
Thread 1 advanced to log sequence 481
RMAN-08539: backup set key= app_db RECID= idx_users_email STAMP= 17
Thread 1 advanced to log sequence 780
Starting background process VKTM
Archived Log entry 800 added for thread 1 sequence 8006
Current log# 440 seq# 4442 mem# 0
RMAN-06951: repair failure complete
Completed checkpoint up to RBA
Current log# 240 seq# 1623 mem# 0
Completed checkpoint up to RBA
ORA-22279: cannot perform operation with LOB buffering enabled
Beginning log switch checkpoint up to RBA
Completed checkpoint up to RBA
Current log# 655 seq# 2707 mem# 0
ORA-56500: DRCP: Pool not found
Archived Log entry 966 added for thread 1 sequence 6600
ORA-09955: scgcan: unexpected return status when canceling a lock
Starting background process VKTM
ARC0: Archival started
RMAN-08109: channel ttprod1 : restored block(s) from backup piece BILLING.CUST_ORDERS
Thread 1 advanced to log sequence 852
ARC0: Archival started
Beginning log switch checkpoint up to RBA
RMAN-06960: EXPDP> CDR_STAGING
Starting background process VKTM
Thread 1 advanced to log sequence 984
Starting background process VKTM
Starting background process VKTM
Beginning log switch checkpoint up to RBA
ORA-24348: Update or Delete without Where
Completed checkpoint up to RBA
ARC0: Archival started
ARC0: Archival started
ARC0: Archival started
RMAN-06440: virtual catalog dropped
Errors in file /u01/app/oracle/diag/rdbms/ttprod/ttprod1/trace/ttprod1_ora_38785.trc
Starting background process VKTM
ORA-39212: installation error: XSL stylesheets not loaded correctly
Errors in file /u01/app/oracle/diag/rdbms/ttprod/ttprod1/trace/ttprod1_ora_50018.trc
Beginning log switch checkpoint up to RBA
Thread 1 advanced to log sequence 14
Thread 1 advanced to log sequence 267
Completed checkpoint up to RBA
ARC0: Archival started
RMAN-06798: Revoke succeeded.
Starting background process VKTM
Undo initialization finished
RMAN-05514: Tablespace idx_users_email has undo information, cannot skip
Thread 1 advanced to log sequence 29
ORA-23342: invalid parameter column DATA_TS01
Current log# 838 seq# 6544 mem# 0
ORA-54601: CREATE_PC: invalid parameters for creation of Point Cloud
Beginning log switch checkpoint up to RBA
Completed checkpoint up to RBA
Beginning log switch checkpoint up to RBA
Undo initialization finished
QSM-01104: query is using flashback
ARC0: Archival started
Current log# 817 seq# 3900 mem# 0
Starting background process VKTM
Completed checkpoint up to RBA
ORA-00137: invalid LISTENER_NETWORKS specification with NAME= _SYSSMU7$
Completed checkpoint up to RBA
Starting background process VKTM
ORA-38608: FI itemset minimum-length( 3 ) should not be greater than maximum length( large pool )
Archived Log entry 625 added for thread 1 sequence 8840
LPX-00004: internal error "~s"
Current log# 741 seq# 1182 mem# 0
Undo initialization finished
Archived Log entry 310 added for thread 1 sequence 9032
RMAN-06750: SPFILE cannot be backed up by proxy.
Current log# 493 seq# 7241 mem# 0
ORA-28022: cannot grant external roles to global user or role
Errors in file /u01/app/oracle/diag/rdbms/ttprod/ttprod1/trace/ttprod1_ora_52181.trc
Archived Log entry 187 added for thread 1 sequence 1358
ARC0: Archival started
Current log# 561 seq# 3491 mem# 0
Beginning log switch checkpoint up to RBA
Thread 1 advanced to log sequence 242
IMG-00836: area queue merge failed
Errors in file /u01/app/oracle/diag/rdbms/ttprod/ttprod1/trace/ttprod1_ora_75133.trc
Undo initialization finished
ARC0: Archival started
Current log# 885 seq# 4697 mem# 0
ORA-08429: raw data has invalid digit in display type data
Errors in file /u01/app/oracle/diag/rdbms/ttprod/ttprod1/trace/ttprod1_ora_74282.trc
ARC0: Archival started
NID-00406: Reversion of database name failed.
Errors in file /u01/app/oracle/diag/rdbms/ttprod/ttprod1/trace/ttprod1_ora_22251.trc
Starting background process VKTM
Thread 1 advanced to log sequence 52
ARC0: Archival started
ORA-15251: only restricted mount is allowed in the ASM instance
Beginning log switch checkpoint up to RBA
ARC0: Archival started
Thread 1 advanced to log sequence 439
ORA-37023: (XSMLTUPD01) Object workspace object cannot be updated without dimension workspace object .
Thread 1 advanced to log sequence 936
ARC0: Archival started
Undo initialization finished
ORA-36814: (XSTBLFUNC07) The datatype of the column used in the ROW2CELL clause of a LIMITMAP must be RAW(16).
Starting background process VKTM
ARC0: Archival started
ORA-19852: error creating services for auxiliary instance pg_toast_12345 (error app_db )
Undo initialization finished
Completed checkpoint up to RBA
NZE-29229: the magic number found in the header does not match expected
Undo initialization finished
Undo initialization finished
Completed checkpoint up to RBA
ORA-26800: Apply not the only subscriber for " /u01/app/oracle/oradata/ttprod/users01.dbf "." ttprod2 ".
Undo initialization finished
Undo initialization finished
LPX-01031: [XQST0031] Version not supported by the implementation
Archived Log entry 397 added for thread 1 sequence 5264
Completed checkpoint up to RBA
ORA-12510: TNS:database temporarily lacks resources to handle the request
Errors in file /u01/app/oracle/diag/rdbms/ttprod/ttprod1/trace/ttprod1_ora_37129.trc
Undo initialization finished
PLS-00994: Cursor Variables cannot be declared as part of a package
Thread 1 advanced to log sequence 332
OCI-31006: Path name segment length pg_toast_12345 exceeds maximum length SYSAUX
Errors in file /u01/app/oracle/diag/rdbms/ttprod/ttprod1/trace/ttprod1_ora_46843.trc
Undo initialization finished
Current log# 331 seq# 3801 mem# 0
Current log# 272 seq# 3123 mem# 0
Current log# 541 seq# 1703 mem# 0
ORA-53036: An internal table for the mapping document ( 17 ) is empty.
ARC0: Archival started
Archived Log entry 828 added for thread 1 sequence 7170
Current log# 555 seq# 4675 mem# 0
Current log# 477 seq# 3790 mem# 0
NID-00302: Datafile 42 - dbid changed
Errors in file /u01/app/oracle/diag/rdbms/ttprod/ttprod1/trace/ttprod1_ora_72156.trc
Completed checkpoint up to RBA
Thread 1 advanced to log sequence 316
ORA-39791: Attribute " SP2-0552 " for column CRM.CALL_DETAIL_RECORDS is not in subtype " 17 "." pk_orders ".
Completed checkpoint up to RBA
Beginning log switch checkpoint up to RBA
Beginning log switch checkpoint up to RBA
Current log# 49 seq# 3189 mem# 0
ORA-01413: illegal value in packed decimal number buffer
Beginning log switch checkpoint up to RBA
ARC0: Archival started
PGA-21105: startup for local LU TNS_ADMIN is warm
Current log# 101 seq# 7209 mem# 0
Completed checkpoint up to RBA
DRG-11139: trace USERS is not enabled
Undo initialization finished
Completed checkpoint up to RBA
Beginning log switch checkpoint up to RBA
Current log# 899 seq# 3554 mem# 0
RMAN-06108: changed datafile copy unavailable
Current log# 250 seq# 9891 mem# 0
ORA-19187: FOCA0002: invalid lexical value
Archived Log entry 984 added for thread 1 sequence 5061
Starting background process VKTM
Completed checkpoint up to RBA
Completed checkpoint up to RBA
ORA-26665: CRM.CALL_DETAIL_RECORDS process session_1123 already exists
Beginning log switch checkpoint up to RBA
Current log# 144 seq# 3017 mem# 0
Thread 1 advanced to log sequence 78
Completed checkpoint up to RBA
ARC0: Archival started
ORA-40205: invalid setting name DATA_TS01
Errors in file /u01/app/oracle/diag/rdbms/ttprod/ttprod1/trace/ttprod1_ora_28949.trc
Completed checkpoint up to RBA
ORA-01365: waiting for new branch registration
Beginning log switch checkpoint up to RBA
Thread 1 advanced to log sequence 394
Archived Log entry 562 added for thread 1 sequence 4078
Starting background process VKTM
Current log# 372 seq# 1490 mem# 0
ORA-06137: NETTCP: error during connection handshake
Thread 1 advanced to log sequence 509
Thread 1 advanced to log sequence 560
Thread 1 advanced to log sequence 30
Completed checkpoint up to RBA
ORA-06958: Failed to access configuration file
Completed checkpoint up to RBA
Beginning log switch checkpoint up to RBA
Thread 1 advanced to log sequence 703
Starting background process VKTM
ORA-01232: cannot start online backup - file NETWORK_OPS.SIM_INVENTORY is being made read-only
Thread 1 advanced to log sequence 193
Current log# 634 seq# 1016 mem# 0
Completed checkpoint up to RBA
Completed checkpoint up to RBA
Undo initialization finished
TNS-00010: Error while flushing NS context
Completed checkpoint up to RBA
Thread 1 advanced to log sequence 103
Current log# 480 seq# 1504 mem# 0
ORA-06145: NETTCP: unable to start ORASRV: images not installed
Beginning log switch checkpoint up to RBA
Undo initialization finished
Current log# 871 seq# 7372 mem# 0
EXP-00099: Table " SP2-0552 "." SP2-0552 " is not in a valid state, table will not be exported
Errors in file /u01/app/oracle/diag/rdbms/ttprod/ttprod1/trace/ttprod1_ora_40438.trc
Completed checkpoint up to RBA
ORA-01107: database must be mounted for media recovery
Current log# 319 seq# 4436 mem# 0
Beginning log switch checkpoint up to RBA
Thread 1 advanced to log sequence 687
Beginning log switch checkpoint up to RBA
Undo initialization finished
RMAN-06224: Automatic instance created
Beginning log switch checkpoint up to RBA
Completed checkpoint up to RBA
Undo initialization finished
Beginning log switch checkpoint up to RBA
Current log# 737 seq# 9568 mem# 0
NNO-00628: setting maximum reforwards per query to number
Archived Log entry 928 added for thread 1 sequence 2205
Current log# 886 seq# 8396 mem# 0
Completed checkpoint up to RBA
ARC0: Archival started
ORA-33733: (xsILPMLTPreOp01) The analytic workspace INVOICE_LINES_IDX cannot be REVERTed or RESYNCed while the INVOICE_LINES_IDX program is active.
Beginning log switch checkpoint up to RBA
Beginning log switch checkpoint up to RBA
ORA-23623: internal DBMS_COMPARISON error: [ _SYSSMU12$ ] [ ttstandby01 ] [ session_1123 ] [ PK_CUSTOMER_ACCOUNTS ]
Errors in file /u01/app/oracle/diag/rdbms/ttprod/ttprod1/trace/ttprod1_ora_20136.trc
Starting background process VKTM
Current log# 44 seq# 9108 mem# 0
Thread 1 advanced to log sequence 670
Archived Log entry 64 added for thread 1 sequence 2003
Starting background process VKTM
ORA-16120: dependencies being computed for transaction at SCN 3
Starting background process VKTM
Undo initialization finished
Undo initialization finished
Undo initialization finished
ORA-19734: wrong creation SCN - control file expects converted plugged-in datafile
Errors in file /u01/app/oracle/diag/rdbms/ttprod/ttprod1/trace/ttprod1_ora_24896.trc
Current log# 620 seq# 4168 mem# 0
Current log# 325 seq# 8699 mem# 0
ORA-00476: RECO process terminated with error
Archived Log entry 34 added for thread 1 sequence 4068
Archived Log entry 957 added for thread 1 sequence 6023
Archived Log entry 703 added for thread 1 sequence 5675
Starting background process VKTM
XOQ-02506: The DimensionMap for dimension " idx_users_email " contains both a query and a From clause.
Starting background process VKTM
Undo initialization finished
Undo initialization finished
Thread 1 advanced to log sequence 732
Archived Log entry 372 added for thread 1 sequence 2421
ORA-02285: duplicate START WITH specifications
Beginning log switch checkpoint up to RBA
Archived Log entry 240 added for thread 1 sequence 9991
ARC0: Archival started
Beginning log switch checkpoint up to RBA
ORA-39016: Operation not supported when job is in idx_users_email state.
Completed checkpoint up to RBA
RDE-00058: confirmation of service instance " shared pool " failed.
Current log# 242 seq# 1717 mem# 0
KUP-03007: end position ( number ) is less than start position ( number ) for range
Current log# 320 seq# 2093 mem# 0
Thread 1 advanced to log sequence 908
Current log# 990 seq# 8202 mem# 0
Current log# 380 seq# 4680 mem# 0
Beginning log switch checkpoint up to RBA
TNS-01441: Number of filtering rules currently in effect: number
Completed checkpoint up to RBA
Completed checkpoint up to RBA
ORA-29378: invalid consumer group mapping priorities
Completed checkpoint up to RBA
Current log# 794 seq# 1919 mem# 0
Thread 1 advanced to log sequence 696
CLSS-03001: local node number _SYSSMU7$ , master node number _SYSSMU7$
Undo initialization finished
Current log# 382 seq# 3920 mem# 0
Archived Log entry 233 added for thread 1 sequence 3353
Current log# 484 seq# 9826 mem# 0
Thread 1 advanced to log sequence 378
ORA-13529: Error occurred when flushing AWR table group
Starting background process VKTM
RMAN-10005: error opening cursor
Undo initialization finished
Thread 1 advanced to log sequence 941
Archived Log entry 957 added for thread 1 sequence 3592
ORA-29265: HTTP header not found
Errors in file /u01/app/oracle/diag/rdbms/ttprod/ttprod1/trace/ttprod1_ora_47042.trc
Current log# 198 seq# 7567 mem# 0
ARC0: Archival started
RMAN-05538: WARNING: implicitly using DB_FILE_NAME_CONVERT
Beginning log switch checkpoint up to RBA
Beginning log switch checkpoint up to RBA
ORA-47100: Command Rule ttstandby01 already defined for idx_users_email . SP2-0552
Current log# 240 seq# 1703 mem# 0
Undo initialization finished
ORA-48211: Illegal Access Mode [ user_sessions ] [ NETWORK_OPS.SIM_INVENTORY ]
Starting background process VKTM
Thread 1 advanced to log sequence 175
Undo initialization finished
PRCR-01088: Failed to stop resource {0}: it was not started on node {1}
Errors in file /u01/app/oracle/diag/rdbms/ttprod/ttprod1/trace/ttprod1_ora_25073.trc
Completed checkpoint up to RBA
ARC0: Archival started
ARC0: Archival started
Starting background process VKTM
NID-00107: File I/O error on datafile " SP2-0552 " during TNS_ADMIN operation ( number / 17 )
Errors in file /u01/app/oracle/diag/rdbms/ttprod/ttprod1/trace/ttprod1_ora_46935.trc
Archived Log entry 253 added for thread 1 sequence 4866
Current log# 556 seq# 8830 mem# 0
Archived Log entry 80 added for thread 1 sequence 1820
Undo initialization finished
Undo initialization finished
DIA-51106: check failed to complete due to an error. See error below
Thread 1 advanced to log sequence 523
Archived Log entry 339 added for thread 1 sequence 9884
ORA-02853: Invalid server list latch time out value
ARC0: Archival started
Starting background process VKTM
Archived Log entry 515 added for thread 1 sequence 8732
Beginning log switch checkpoint up to RBA
RMAN-08538: channel 3 : no AUTOBACKUP in BILLING.CUST_ORDERS days found
Thread 1 advanced to log sequence 830
Beginning log switch checkpoint up to RBA
Thread 1 advanced to log sequence 122
Beginning log switch checkpoint up to RBA
RMAN-08052: cataloged control file copy
Errors in file /u01/app/oracle/diag/rdbms/ttprod/ttprod1/trace/ttprod1_ora_52169.trc
Beginning log switch checkpoint up to RBA
Current log# 173 seq# 9515 mem# 0
Undo initialization finished
Completed checkpoint up to RBA
NNL-00996: OK responses received: number
Starting background process VKTM
Thread 1 advanced to log sequence 240
Thread 1 advanced to log sequence 460
ORA-38788: More standby database recovery is needed
Thread 1 advanced to log sequence 208
Current log# 352 seq# 4886 mem# 0
PCB-00212: PICTURE clause not allowed for host variable " pg_toast_12345 "
Errors in file /u01/app/oracle/diag/rdbms/ttprod/ttprod1/trace/ttprod1_ora_79884.trc
Current log# 128 seq# 2278 mem# 0
Current log# 172 seq# 9905 mem# 0
ORA-38412: Expression set column session_1123 does not exist.
Undo initialization finished
Beginning log switch checkpoint up to RBA
Current log# 278 seq# 1386 mem# 0
Thread 1 advanced to log sequence 135
ORA-36920: (XSVPMVTOPART01) workspace object cannot become anonymous because it has properties.
Completed checkpoint up to RBA
Beginning log switch checkpoint up to RBA
XOQ-02300: Build completed with warnings.
Undo initialization finished
Starting background process VKTM
Current log# 299 seq# 6892 mem# 0
Thread 1 advanced to log sequence 29
DIA-49440: Warnings while unpacking package, details in file SP2-0552
Archived Log entry 463 added for thread 1 sequence 2659
Beginning log switch checkpoint up to RBA
Starting background process VKTM
ARC0: Archival started
DRG-11713: multiple Preferred Terms per synonym ring
Current log# 877 seq# 8271 mem# 0
Completed checkpoint up to RBA
Undo initialization finished
Beginning log switch checkpoint up to RBA
RMAN-11001: Oracle Error: USERS
Errors in file /u01/app/oracle/diag/rdbms/ttprod/ttprod1/trace/ttprod1_ora_39158.trc
Beginning log switch checkpoint up to RBA
Completed checkpoint up to RBA
ARC0: Archival started
Current log# 423 seq# 4288 mem# 0
ORA-24312: illegal parameters specified for allocating user memory
Current log# 47 seq# 9591 mem# 0
ORA-07494: scgcm: unexpected error.
Undo initialization finished
Thread 1 advanced to log sequence 198
ARC0: Archival started
Thread 1 advanced to log sequence 235
Completed checkpoint up to RBA
ORA-12152: TNS:unable to send break message
Undo initialization finished
Thread 1 advanced to log sequence 408
Beginning log switch checkpoint up to RBA
CRS-02317: Fatal error: cannot get local GPnP security keys (wallet).
Completed checkpoint up to RBA
ARC0: Archival started
CRS-00452: CRS configuration error, unable to find CRSD Connection Information in Oracle Cluster Registry.
Thread 1 advanced to log sequence 587
ORA-32165: Cannot get XA environment
Errors in file /u01/app/oracle/diag/rdbms/ttprod/ttprod1/trace/ttprod1_ora_93658.trc
ARC0: Archival started
CRS-04980: Duplicate value ttstandby01 specified for resource attribute pk_orders
ARC0: Archival started
Thread 1 advanced to log sequence 512
Archived Log entry 554 added for thread 1 sequence 5939
Thread 1 advanced to log sequence 986
Beginning log switch checkpoint up to RBA
NNO-00074: downloading region from server 17
Starting background process VKTM
Archived Log entry 199 added for thread 1 sequence 4853
ARC0: Archival started
Completed checkpoint up to RBA
ARC0: Archival started
ORA-36400: (XSSPROP02) workspace object is not a valid variable name.
ARC0: Archival started
NNO-00309: server restarting
Errors in file /u01/app/oracle/diag/rdbms/ttprod/ttprod1/trace/ttprod1_ora_90163.trc
Current log# 911 seq# 9338 mem# 0
Thread 1 advanced to log sequence 38
NID-00507: APPEND Append to output log NO
Errors in file /u01/app/oracle/diag/rdbms/ttprod/ttprod1/trace/ttprod1_ora_60345.trc
Thread 1 advanced to log sequence 662
Current log# 130 seq# 8328 mem# 0
Completed checkpoint up to RBA
Thread 1 advanced to log sequence 716
Archived Log entry 830 added for thread 1 sequence 4566
NNO-00323: overriding next statistic counter dump, dumping in number seconds
Current log# 731 seq# 3809 mem# 0
Current log# 688 seq# 7227 mem# 0
Archived Log entry 19 added for thread 1 sequence 2476
RMAN-08049: channel PK_CUSTOMER_ACCOUNTS : starting compressed archived log backup set
Errors in file /u01/app/oracle/diag/rdbms/ttprod/ttprod1/trace/ttprod1_ora_30924.trc
Current log# 637 seq# 1145 mem# 0
NID-00335: The following datafiles are not consistent:
Archived Log entry 87 added for thread 1 sequence 7411
Beginning log switch checkpoint up to RBA
Completed checkpoint up to RBA
Thread 1 advanced to log sequence 806
ARC0: Archival started
ORA-07624: smsdes: $DGBLSC failure
Errors in file /u01/app/oracle/diag/rdbms/ttprod/ttprod1/trace/ttprod1_ora_89269.trc
Completed checkpoint up to RBA
Undo initialization finished
ARC0: Archival started
Undo initialization finished
Undo initialization finished
ORA-13983: Missing <body> tag from HTML
Starting background process VKTM
Completed checkpoint up to RBA
Completed checkpoint up to RBA
Starting background process VKTM
Undo initialization finished
RMAN-05033: Media recovery start SCN is fk_order_customer
Undo initialization finished
Starting background process VKTM
Undo initialization finished
JMS-00232: An invalid user/password was specified for the JMS connection
Current log# 500 seq# 3972 mem# 0
ARC0: Archival started
RMAN-08616: validating blocks BILLING.CUST_ORDERS through SP2-0552
Starting background process VKTM
ARC0: Archival started
ARC0: Archival started
Archived Log entry 770 added for thread 1 sequence 8933
ORA-01765: specifying owner's name of the table is not allowed
Errors in file /u01/app/oracle/diag/rdbms/ttprod/ttprod1/trace/ttprod1_ora_73820.trc
Current log# 893 seq# 3698 mem# 0
Current log# 680 seq# 4422 mem# 0
ORA-38469: invalid privilege for an expression set: _SYSSMU12$
Archived Log entry 974 added for thread 1 sequence 4500
ARC0: Archival started
PGU-41128: a WITH token ends ttprod2
Archived Log entry 609 added for thread 1 sequence 8967
ARC0: Archival started
ORA-16243: paging out _SYSSMU7$ bytes of memory to disk
Undo initialization finished
Starting background process VKTM
Undo initialization finished
ARC0: Archival started
Current log# 363 seq# 2066 mem# 0
ORA-38494: column in the table alias and an attribute have matching names
Undo initialization finished
Undo initialization finished
ORA-46089: Unsupported verifier type
Thread 1 advanced to log sequence 602
Thread 1 advanced to log sequence 640
Archived Log entry 482 added for thread 1 sequence 5405
TNS-02520: encryption/crypto-checksumming: no Diffie-Hellman seed
Current log# 730 seq# 1618 mem# 0
ORA-30658: attempt was made to create a temporary table with EXTERNAL organization
Starting background process VKTM
Archived Log entry 959 added for thread 1 sequence 6622
ORA-31199: Warning in processing file ttprod1
Errors in file /u01/app/oracle/diag/rdbms/ttprod/ttprod1/trace/ttprod1_ora_35447.trc
Starting background process VKTM
Starting background process VKTM
Thread 1 advanced to log sequence 796
Beginning log switch checkpoint up to RBA
CRS-02106: The OLR location fk_order_customer is inaccessible. Details in 3 .
Undo initialization finished
Starting background process VKTM
Current log# 472 seq# 5318 mem# 0
ORA-02769: Setting of handler for SIGTERM failed
Completed checkpoint up to RBA
ARC0: Archival started
Current log# 611 seq# 8913 mem# 0
Thread 1 advanced to log sequence 444
Starting background process VKTM
JMS-00185: QueueProperty must be specified
Thread 1 advanced to log sequence 866
Undo initialization finished
ARC0: Archival started
Undo initialization finished
LSX-00252: invalid union "~S"
Current log# 130 seq# 8467 mem# 0
RMAN-08609: channel app_db : starting incremental datafile backup set
Starting background process VKTM
Starting background process VKTM
RMAN-08018: channel pg_toast_12345 : starting archived log restore to user-specified destination
Undo initialization finished
ARC0: Archival started
Starting background process VKTM
Beginning log switch checkpoint up to RBA
ORA-08261: ora_addr: cannot find name in nameserver
Errors in file /u01/app/oracle/diag/rdbms/ttprod/ttprod1/trace/ttprod1_ora_18347.trc
Completed checkpoint up to RBA
ARC0: Archival started
ORA-27372: length of action and arguments exceeds platform limit app_db
Current log# 699 seq# 3830 mem# 0
Completed checkpoint up to RBA
Beginning log switch checkpoint up to RBA
LFI-01516: read() failed (OSD return value = 42 ) in _SYSSMU7$ .
Undo initialization finished
Beginning log switch checkpoint up to RBA
Starting background process VKTM
Starting background process VKTM
OCI-22288: file operation idx_users_email failed large pool
Errors in file /u01/app/oracle/diag/rdbms/ttprod/ttprod1/trace/ttprod1_ora_99410.trc
Completed checkpoint up to RBA
Thread 1 advanced to log sequence 928
ARC0: Archival started
Archived Log entry 607 added for thread 1 sequence 2173
NNO-00613: disabling FORWARDING-DESIRED on system queries
Undo initialization finished
ARC0: Archival started
ARC0: Archival started
Beginning log switch checkpoint up to RBA
Undo initialization finished
ORA-12085: materialized view log on " 17 "." ttprod2 " already has object id
Errors in file /u01/app/oracle/diag/rdbms/ttprod/ttprod1/trace/ttprod1_ora_47456.trc
Current log# 568 seq# 7559 mem# 0
Current log# 223 seq# 1727 mem# 0
Archived Log entry 478 added for thread 1 sequence 6684
IMG-00603: unable to access source image data
Completed checkpoint up to RBA
NNF-04009: Usage: tns2nis <filename>
Undo initialization finished
Beginning log switch checkpoint up to RBA
Current log# 696 seq# 1208 mem# 0
Thread 1 advanced to log sequence 183
ORA-15307: disk 1024 not discoverable by CSS; diskgroup idx_users_email has CSS voting files
ARC0: Archival started
ARC0: Archival started
Archived Log entry 621 added for thread 1 sequence 1093
Undo initialization finished
Current log# 359 seq# 7366 mem# 0
PCB-00630: Host variable is not of LOB type
Completed checkpoint up to RBA
Starting background process VKTM
ARC0: Archival started
Undo initialization finished
Thread 1 advanced to log sequence 939
ORA-32124: Illegal attribute passed
Beginning log switch checkpoint up to RBA
Current log# 255 seq# 1327 mem# 0
Archived Log entry 716 added for thread 1 sequence 1651
PLS-00229: Attribute expression within SQL expression
ARC0: Archival started
RMAN-07505: no files found to be unknown to the database
Beginning log switch checkpoint up to RBA
Starting background process VKTM
ARC0: Archival started
ORA-30689: improper value for ORA_DEBUG_JDWP
Undo initialization finished
ORA-13903: Invalid combination of session_1123 threshold value and operator.
Undo initialization finished
ARC0: Archival started
Current log# 145 seq# 9339 mem# 0
Thread 1 advanced to log sequence 372
PRVF-05610: The file "{0}" on the following nodes have more than one 'search' entry: {1}
ARC0: Archival started
Completed checkpoint up to RBA
Archived Log entry 184 added for thread 1 sequence 6586
Archived Log entry 885 added for thread 1 sequence 1552
Beginning log switch checkpoint up to RBA
ORA-12834: Instance group name, ' reporting_schema ', too long, must be less than ttprod1 characters
Errors in file /u01/app/oracle/diag/rdbms/ttprod/ttprod1/trace/ttprod1_ora_16593.trc
Beginning log switch checkpoint up to RBA
Undo initialization finished
Current log# 520 seq# 2869 mem# 0
Undo initialization finished
PCB-00302: This statement is not supported by ANSI
Archived Log entry 506 added for thread 1 sequence 9594
ARC0: Archival started
CRS-01661: The CSS daemon is not responding. Reboot will occur in number milliseconds; Details at ttprod2 in session_1123
Current log# 90 seq# 9435 mem# 0
ARC0: Archival started
Current log# 254 seq# 2022 mem# 0
PRCS-01031: Failed to modify Single Client Access Name listeners using endpoints {0}
Errors in file /u01/app/oracle/diag/rdbms/ttprod/ttprod1/trace/ttprod1_ora_50808.trc
Thread 1 advanced to log sequence 981
CRS-02318: GPNPD is not found.
Starting background process VKTM
Current log# 478 seq# 7591 mem# 0
ARC0: Archival started
ORA-39909: Index app_db . TNS_ADMIN in tablespace CRM.CALL_DETAIL_RECORDS points to table/cluster 17 . ttstandby01 in tablespace large pool .
ARC0: Archival started
Completed checkpoint up to RBA
ARC0: Archival started
EVM-00314: Forwarder " APP_USER42 " disabled
Errors in file /u01/app/oracle/diag/rdbms/ttprod/ttprod1/trace/ttprod1_ora_45167.trc
Completed checkpoint up to RBA
Archived Log entry 734 added for thread 1 sequence 5220
Undo initialization finished
Completed checkpoint up to RBA
Undo initialization finished
IMP-00043: export file character set inconsistent
Current log# 84 seq# 8140 mem# 0
RMAN-08117: channel large pool : the AUTOBACKUP does not contain an SPFILE
Current log# 890 seq# 7170 mem# 0
ARC0: Archival started
Archived Log entry 324 added for thread 1 sequence 1991
Undo initialization finished
PRKO-03155: Can not start the instance {0} on the specified node {1} because the node is assigned to another user configured instance {2}
Errors in file /u01/app/oracle/diag/rdbms/ttprod/ttprod1/trace/ttprod1_ora_39306.trc
Starting background process VKTM
ARC0: Archival started
Beginning log switch checkpoint up to RBA
Completed checkpoint up to RBA
Current log# 251 seq# 5020 mem# 0
NID-00430: Database is ready to be open or shut down.
Archived Log entry 629 added for thread 1 sequence 5998
Thread 1 advanced to log sequence 494
PCC-02440: This attribute is valid for either internal or external LOBs
Errors in file /u01/app/oracle/diag/rdbms/ttprod/ttprod1/trace/ttprod1_ora_66133.trc
Beginning log switch checkpoint up to RBA
Thread 1 advanced to log sequence 70
Starting background process VKTM
PRCH-01015: Failed to start ONS
Beginning log switch checkpoint up to RBA
Beginning log switch checkpoint up to RBA
Beginning log switch checkpoint up to RBA
Undo initialization finished
RMAN-06460: control file copy BILLING.CUST_ORDERS cannot be backed up by proxy.
Errors in file /u01/app/oracle/diag/rdbms/ttprod/ttprod1/trace/ttprod1_ora_53204.trc
Current log# 764 seq# 9885 mem# 0
Current log# 111 seq# 4317 mem# 0
ARC0: Archival started
ORA-16764: redo transport service to a standby database is not running
Current log# 800 seq# 7241 mem# 0
Beginning log switch checkpoint up to RBA
JMS-00138: Producer is closed
ARC0: Archival started
ARC0: Archival started
PLW-06015: parameter PLSQL_DEBUG is deprecated; use PLSQL_OPTIMIZE_LEVEL = 1
Archived Log entry 908 added for thread 1 sequence 6545
Archived Log entry 571 added for thread 1 sequence 3573
DRG-12606: error encountered while parsing COLUMNS list
Errors in file /u01/app/oracle/diag/rdbms/ttprod/ttprod1/trace/ttprod1_ora_56103.trc
Completed checkpoint up to RBA
PLS-00171: duplicate dedicated AGENT specification in subprogram expression
Starting background process VKTM
Beginning log switch checkpoint up to RBA
ARC0: Archival started
ORA-37121: AW Spreadsheet invalidated
Errors in file /u01/app/oracle/diag/rdbms/ttprod/ttprod1/trace/ttprod1_ora_80084.trc
Beginning log switch checkpoint up to RBA
Starting background process VKTM
Current log# 764 seq# 9880 mem# 0
Current log# 326 seq# 1772 mem# 0
Current log# 409 seq# 5705 mem# 0
RMAN-08050: cataloged datafile copy
Undo initialization finished
Archived Log entry 671 added for thread 1 sequence 5218
Starting background process VKTM
XOQ-02554: Dimensions " SYSAUX " and " SP2-0552 " cannot be mapped on the leaf level to the same dimension source table " _SYSSMU12$ " when materialized views are enabled on the cube.
Thread 1 advanced to log sequence 169
Completed checkpoint up to RBA
ORA-64012: specified path is a directory
Archived Log entry 890 added for thread 1 sequence 1633
Starting background process VKTM
Undo initialization finished
Thread 1 advanced to log sequence 754
Thread 1 advanced to log sequence 335
RDJ-00015: Invalid service instance tag: " DATA_TS01 ". Available tags:
ARC0: Archival started
Beginning log switch checkpoint up to RBA
Starting background process VKTM
Current log# 348 seq# 3900 mem# 0
ORA-40253: no target counter examples were found
Undo initialization finished
Undo initialization finished
Starting background process VKTM
Undo initialization finished
ORA-02175: invalid rollback segment name
Starting background process VKTM
NID-00407: Reversion of database ID failed.
Errors in file /u01/app/oracle/diag/rdbms/ttprod/ttprod1/trace/ttprod1_ora_24285.trc
Undo initialization finished
Thread 1 advanced to log sequence 846
Completed checkpoint up to RBA
Archived Log entry 244 added for thread 1 sequence 8792
ORA-32128: setDataBuffer called after fetch has started
Undo initialization finished
Undo initialization finished
ORA-22053: overflow error
Starting background process VKTM
PCB-00309: The CONNECT statement is Oracle implementation dependent
Undo initialization finished
RMAN-08063: Recovery catalog is down or not connected to catalog, trying to reconnect.
Thread 1 advanced to log sequence 660
Starting background process VKTM
Completed checkpoint up to RBA
ORA-44415: Invalid ACL: Undefined privileges
Current log# 905 seq# 7904 mem# 0
Beginning log switch checkpoint up to RBA
ORA-48194: OS command to close a directory failed
Thread 1 advanced to log sequence 828
ORA-32418: COMMIT SCN keyword only appears in CREATE MATERIALIZED VIEW LOG statement
Errors in file /u01/app/oracle/diag/rdbms/ttprod/ttprod1/trace/ttprod1_ora_33412.trc
Undo initialization finished
ARC0: Archival started
Thread 1 advanced to log sequence 813
ORA-22912: specified column or attribute is not a nested table type
Errors in file /u01/app/oracle/diag/rdbms/ttprod/ttprod1/trace/ttprod1_ora_30033.trc
Starting background process VKTM
Completed checkpoint up to RBA
PLW-05005: subprogram large pool returns without value at line /u01/app/oracle/oradata/ttprod/users01.dbf
Errors in file /u01/app/oracle/diag/rdbms/ttprod/ttprod1/trace/ttprod1_ora_47528.trc
ARC0: Archival started
ORA-23366: integer value _SYSSMU12$ is less than 1
Beginning log switch checkpoint up to RBA
Completed checkpoint up to RBA
ARC0: Archival started
TNS-04016: Connecting to 42
Errors in file /u01/app/oracle/diag/rdbms/ttprod/ttprod1/trace/ttprod1_ora_15962.trc
Beginning log switch checkpoint up to RBA
Undo initialization finished
Completed checkpoint up to RBA
Thread 1 advanced to log sequence 677
Thread 1 advanced to log sequence 889
ORA-37132: (XSCCOMP07) Incremental aggregation over the dense DIMENSION workspace object is not supported when aggregating a VARIABLE dimensioned by a COMPRESSED COMPOSITE.
Errors in file /u01/app/oracle/diag/rdbms/ttprod/ttprod1/trace/ttprod1_ora_89586.trc
ARC0: Archival started
Completed checkpoint up to RBA
Completed checkpoint up to RBA
PGU-41030: NLS_LANGUAGE parameter was previously specified
Errors in file /u01/app/oracle/diag/rdbms/ttprod/ttprod1/trace/ttprod1_ora_56654.trc
Archived Log entry 467 added for thread 1 sequence 4763
Current log# 751 seq# 6791 mem# 0
RMAN-08516: control file copy file name= shared pool RECID= APP_USER42 STAMP= USERS
Errors in file /u01/app/oracle/diag/rdbms/ttprod/ttprod1/trace/ttprod1_ora_35999.trc
Archived Log entry 460 added for thread 1 sequence 8776
DGM-16943: connect to instance " pg_toast_12345 " of database " pg_toast_12345 "
ARC0: Archival started
Thread 1 advanced to log sequence 142
Archived Log entry 993 added for thread 1 sequence 6521
Completed checkpoint up to RBA
ORA-14329: domain index [sub]partitions cannot be renamed in this clause
Completed checkpoint up to RBA
ORA-27373: unknown or illegal event source queue
Thread 1 advanced to log sequence 939
Thread 1 advanced to log sequence 12
Undo initialization finished
ORA-15072: command requires at least SYSAUX regular failure groups, discovered only large pool
Completed checkpoint up to RBA
Current log# 240 seq# 1604 mem# 0
ORA-13982: Could not find file at URL provided
Undo initialization finished
ORA-39921: Default Partition (Table) Tablespace INVOICE_LINES_IDX for 3 not contained in transportable set.
Thread 1 advanced to log sequence 571
Completed checkpoint up to RBA
Starting background process VKTM
NNL-00851: Renames refused, name is not a leaf name: number
Archived Log entry 822 added for thread 1 sequence 7880
ARC0: Archival started
Archived Log entry 652 added for thread 1 sequence 7100
XOQ-01940: BaseAttribute " NETWORK_OPS.SIM_INVENTORY " is specified on a DimensionLevel as both a UniqueKeyAttribute and a VisibleAttribute.
Beginning log switch checkpoint up to RBA
Undo initialization finished
Thread 1 advanced to log sequence 487
Archived Log entry 460 added for thread 1 sequence 3040
Thread 1 advanced to log sequence 166
NID-00417: Change of database ID failed.
Completed checkpoint up to RBA
Thread 1 advanced to log sequence 915
ORA-36022: (XSHIERCK04) Valuesets specified in the HIERCHECK command must be scalar. workspace object is dimensioned.
Errors in file /u01/app/oracle/diag/rdbms/ttprod/ttprod1/trace/ttprod1_ora_59661.trc
Undo initialization finished
Completed checkpoint up to RBA
RMAN-08141: channel CDR_STAGING : specifying datafile(s) for validation
Beginning log switch checkpoint up to RBA
Archived Log entry 765 added for thread 1 sequence 3258
Completed checkpoint up to RBA
Starting background process VKTM
Undo initialization finished
RMAN-08027: channel large pool : copied current control file
Completed checkpoint up to RBA
ARC0: Archival started
Undo initialization finished
ARC0: Archival started
Thread 1 advanced to log sequence 750
ORA-56928: upgrade window does not exist
ARC0: Archival started
RMAN-06730: no channel to restore a backup of the SPFILE
Starting background process VKTM
Starting background process VKTM
Completed checkpoint up to RBA
Starting background process VKTM
Undo initialization finished
CRS-09031: Argument user_sessions not supported with this verb APP_USER42 . -h for help.
Undo initialization finished
Thread 1 advanced to log sequence 806
RMAN-06513: copy will never be obsolete
Completed checkpoint up to RBA
Thread 1 advanced to log sequence 416
ORA-39059: dump file set is incomplete
Errors in file /u01/app/oracle/diag/rdbms/ttprod/ttprod1/trace/ttprod1_ora_15077.trc
Starting background process VKTM
ORA-06314: IPA: Event set up failure
Errors in file /u01/app/oracle/diag/rdbms/ttprod/ttprod1/trace/ttprod1_ora_38180.trc
Current log# 850 seq# 5592 mem# 0
Undo initialization finished
Archived Log entry 256 added for thread 1 sequence 6844
Completed checkpoint up to RBA
ORA-02371: Loader must be at least version ttprod2 . SYSAUX . 42 . NETWORK_OPS.SIM_INVENTORY . ttprod2 for direct path
Completed checkpoint up to RBA
ARC0: Archival started
RMAN-06904: backup of archived log for thread number with sequence number and starting SCN of BILLING.CUST_ORDERS was cancelled
Beginning log switch checkpoint up to RBA
Beginning log switch checkpoint up to RBA
Beginning log switch checkpoint up to RBA
Undo initialization finished
ORA-02349: invalid user-defined type - type is incomplete
Archived Log entry 827 added for thread 1 sequence 6711
Completed checkpoint up to RBA
Archived Log entry 291 added for thread 1 sequence 1119
Starting background process VKTM
ORA-37576: Invalid cube operations log handle id.
Starting background process VKTM
Thread 1 advanced to log sequence 675
Starting background process VKTM
PROC-00038: Requested block number is not allocated from Oracle Cluster Registry
Archived Log entry 844 added for thread 1 sequence 9429
Starting background process VKTM
Thread 1 advanced to log sequence 706
Undo initialization finished
Starting background process VKTM
ORA-55303: SDO_RDF_TRIPLE_S constructor failed: INVOICE_LINES_IDX
Undo initialization finished
Thread 1 advanced to log sequence 60
RMAN-08605: channel 42 : SID= PK_CUSTOMER_ACCOUNTS instance= _SYSSMU12$ device type= user_sessions
Undo initialization finished
Archived Log entry 153 added for thread 1 sequence 2056
ORA-27159: failure setting process scheduling priority
Starting background process VKTM
ARC0: Archival started
ARC0: Archival started
RMAN-08619: foreign archived log file name= ttprod1 RECID= SYSAUX STAMP= _SYSSMU12$
Thread 1 advanced to log sequence 945
Starting background process VKTM
Beginning log switch checkpoint up to RBA
Starting background process VKTM
RMAN-08302: Run RMAN script 3 on target platform to convert datafiles
Completed checkpoint up to RBA
Beginning log switch checkpoint up to RBA
Current log# 67 seq# 2557 mem# 0
NNO-00070: administrative region has changed, reloading domain data
Current log# 868 seq# 4659 mem# 0
Completed checkpoint up to RBA
DRG-12406: invalid CTX EXEC tag attribute ( _SYSSMU7$ )
Undo initialization finished
NID-00335: The following datafiles are not consistent:
Undo initialization finished
Archived Log entry 831 added for thread 1 sequence 2314
Thread 1 advanced to log sequence 935
ARC0: Archival started
PLS-00166: bad format for date, time, timestamp or interval literal
Thread 1 advanced to log sequence 138
Current log# 283 seq# 6068 mem# 0
Undo initialization finished
CRS-00273: This command is deprecated and has been replaced by ' 42 '
Undo initialization finished
Beginning log switch checkpoint up to RBA
Completed checkpoint up to RBA
Beginning log switch checkpoint up to RBA
ARC0: Archival started
RMAN-05032: datafile /u01/app/oracle/oradata/ttprod/users01.dbf will be created automatically during restore operation
Thread 1 advanced to log sequence 980
ARC0: Archival started
Starting background process VKTM
Thread 1 advanced to log sequence 729
Beginning log switch checkpoint up to RBA
ORA-38780: Restore point ' CDR_STAGING ' does not exist.
Undo initialization finished
Archived Log entry 5 added for thread 1 sequence 8662
ORA-01309: invalid session
Completed checkpoint up to RBA
Archived Log entry 657 added for thread 1 sequence 3900
Completed checkpoint up to RBA
Completed checkpoint up to RBA
Thread 1 advanced to log sequence 763
ORA-06573: Function 42 modifies package state, cannot be used here
Current log# 352 seq# 1560 mem# 0
ARC0: Archival started
Beginning log switch checkpoint up to RBA
Current log# 64 seq# 6080 mem# 0
Current log# 982 seq# 3967 mem# 0
ORA-03125: client-server protocol violation
Beginning log switch checkpoint up to RBA
ARC0: Archival started
Beginning log switch checkpoint up to RBA
NID-00308: Control File user_sessions - dbid changed
Completed checkpoint up to RBA
ARC0: Archival started
ORA-24900: invalid or unsupported mode parameter passed in call
Errors in file /u01/app/oracle/diag/rdbms/ttprod/ttprod1/trace/ttprod1_ora_99769.trc
Starting background process VKTM
ORA-13225: specified index table name is too long for a spatial index
ARC0: Archival started
Current log# 241 seq# 6812 mem# 0
DIA-48157: null input to ADR initialization
Errors in file /u01/app/oracle/diag/rdbms/ttprod/ttprod1/trace/ttprod1_ora_24661.trc
Starting background process VKTM
Undo initialization finished
Thread 1 advanced to log sequence 24
ORA-13361: not enough sub-elements within a compound ETYPE
ARC0: Archival started
TNS-01004: reload [<listener_name>] : reload the parameter files and SIDs
ARC0: Archival started
Undo initialization finished
ARC0: Archival started
ORA-01099: cannot mount database in SHARED mode if started in single process mode
Thread 1 advanced to log sequence 120
Completed checkpoint up to RBA
Thread 1 advanced to log sequence 889
ORA-34722: (NLSCHARSET05) CAUTION: Character data loss in character set conversion from 1024 to ttstandby01
Starting background process VKTM
ARC0: Archival started
Thread 1 advanced to log sequence 759
Undo initialization finished
ARC0: Archival started
NID-00404: DBNEWID - Completed succesfully.
Completed checkpoint up to RBA
ARC0: Archival started
Starting background process VKTM
NNL-00934: Requests refused, ALIAS-EXISTS violation: number
Errors in file /u01/app/oracle/diag/rdbms/ttprod/ttprod1/trace/ttprod1_ora_46580.trc
Beginning log switch checkpoint up to RBA
Current log# 650 seq# 7321 mem# 0
Completed checkpoint up to RBA
Undo initialization finished
Starting background process VKTM
EXP-00090: cannot pin type " 17 "." shared pool "
Undo initialization finished
Starting background process VKTM
ORA-15474: volume name is greater than PK_CUSTOMER_ACCOUNTS characters
Errors in file /u01/app/oracle/diag/rdbms/ttprod/ttprod1/trace/ttprod1_ora_72100.trc
Current log# 568 seq# 8184 mem# 0
Completed checkpoint up to RBA
Thread 1 advanced to log sequence 442
Thread 1 advanced to log sequence 219
RMAN-08117: channel CDR_STAGING : the AUTOBACKUP does not contain an SPFILE
Thread 1 advanced to log sequence 974
Starting background process VKTM
Current log# 434 seq# 3861 mem# 0
Beginning log switch checkpoint up to RBA
CRS-02508: Incomplete specification of dependency ' 3 '
Errors in file /u01/app/oracle/diag/rdbms/ttprod/ttprod1/trace/ttprod1_ora_63827.trc
Beginning log switch checkpoint up to RBA
Completed checkpoint up to RBA
ORA-30034: Undo tablespace cannot be specified as temporary tablespace
Starting background process VKTM
Starting background process VKTM
Thread 1 advanced to log sequence 219
Archived Log entry 122 added for thread 1 sequence 6431
Beginning log switch checkpoint up to RBA
ORA-55483: policy " APP_USER42 " not assigned to the model
Starting background process VKTM
Current log# 914 seq# 9522 mem# 0
Thread 1 advanced to log sequence 580
ARC0: Archival started
Completed checkpoint up to RBA
ORA-38135: invalid fixed status value specified
Errors in file /u01/app/oracle/diag/rdbms/ttprod/ttprod1/trace/ttprod1_ora_64348.trc
Undo initialization finished
QSM-02153: inline view or subquery in FROM list not supported for this type MV
Starting background process VKTM
Undo initialization finished
PRKH-03203: Required password not supplied
Beginning log switch checkpoint up to RBA
ARC0: Archival started
Completed checkpoint up to RBA
PCC-00103: AT clause is an Oracle extension
ARC0: Archival started
Current log# 332 seq# 9522 mem# 0
PRKO-02313: VIP {0} does not exist.
Undo initialization finished
ORA-30116: syntax error at ' 5000 ' following ' BILLING.CUST_ORDERS '
Errors in file /u01/app/oracle/diag/rdbms/ttprod/ttprod1/trace/ttprod1_ora_92741.trc
Current log# 781 seq# 3772 mem# 0
Archived Log entry 455 added for thread 1 sequence 3075
ORA-06804: TLI Driver: could not bind an IPX address at initialization
Thread 1 advanced to log sequence 93
Current log# 8 seq# 4865 mem# 0
ARC0: Archival started
Starting background process VKTM
Undo initialization finished
CRS-02102: The OLR was restored from file large pool .
Archived Log entry 633 added for thread 1 sequence 8658
Beginning log switch checkpoint up to RBA
ORA-01870: the intervals or datetimes are not mutually comparable
Thread 1 advanced to log sequence 724
Starting background process VKTM
PLW-07205: SIMPLE_INTEGER is mixed with BINARY_INTEGER or PLS_INTEGER
Starting background process VKTM
RMAN-02001: unrecognized punctuation symbol " PK_CUSTOMER_ACCOUNTS "
Undo initialization finished
Archived Log entry 57 added for thread 1 sequence 4616
Archived Log entry 586 added for thread 1 sequence 4153
NNO-00627: cancelling auto-refresh of name " _SYSSMU12$ ", type " USERS "
Thread 1 advanced to log sequence 147
ORA-48189: OS command to create directory failed
Errors in file /u01/app/oracle/diag/rdbms/ttprod/ttprod1/trace/ttprod1_ora_55963.trc
Current log# 634 seq# 4310 mem# 0
ORA-06776: TLI Driver: error sending parms
Archived Log entry 219 added for thread 1 sequence 7215
Completed checkpoint up to RBA
Beginning log switch checkpoint up to RBA
Archived Log entry 355 added for thread 1 sequence 9530
QSM-00800: the specified workload name INVOICE_LINES_IDX is invalid
Completed checkpoint up to RBA
Starting background process VKTM
TNS-12542: TNS:address already in use
Starting background process VKTM
Undo initialization finished
Beginning log switch checkpoint up to RBA
ARC0: Archival started
CLSR-00524: Resource ttprod1 is stopping, resource UNDOTBS1 cannot start
Thread 1 advanced to log sequence 900
RMAN-20208: UNTIL CHANGE is before RESETLOGS change
Completed checkpoint up to RBA
NNO-00067: server reload check countdown aborted
Beginning log switch checkpoint up to RBA
ARC0: Archival started
Starting background process VKTM
Archived Log entry 297 added for thread 1 sequence 2015
CRS-01204: Recovering CRS resources for node PK_CUSTOMER_ACCOUNTS .
Undo initialization finished
ARC0: Archival started
Completed checkpoint up to RBA
Current log# 135 seq# 4740 mem# 0
Current log# 380 seq# 6105 mem# 0
RMAN-06223: starting up automatic instance 17
Starting background process VKTM
Archived Log entry 549 added for thread 1 sequence 2123
RMAN-08128: uncataloged backup piece
Current log# 478 seq# 5508 mem# 0
Archived Log entry 232 added for thread 1 sequence 3074
Starting background process VKTM
PLS-00665: ORDER BY and CLUSTER BY clauses require a PARTITION BY clause
Completed checkpoint up to RBA
Current log# 981 seq# 3053 mem# 0
Archived Log entry 614 added for thread 1 sequence 8203
ORA-12164: TNS:Sqlnet.fdf file not present
ARC0: Archival started
Thread 1 advanced to log sequence 436
PRKU-01003: The parameter {0} requires an argument.
Current log# 620 seq# 5300 mem# 0
Starting background process VKTM
Thread 1 advanced to log sequence 417
Current log# 489 seq# 4765 mem# 0
TNS-12536: TNS:operation would block
Completed checkpoint up to RBA
ARC0: Archival started
Completed checkpoint up to RBA
ORA-22802: remote implementation type not supported
Completed checkpoint up to RBA
Current log# 811 seq# 2243 mem# 0
Current log# 603 seq# 2153 mem# 0
Starting background process VKTM
Current log# 175 seq# 3810 mem# 0
PLS-01411: Use of 'REM' token
Errors in file /u01/app/oracle/diag/rdbms/ttprod/ttprod1/trace/ttprod1_ora_65798.trc
Undo initialization finished
Current log# 885 seq# 5707 mem# 0
Thread 1 advanced to log sequence 615
Current log# 913 seq# 1015 mem# 0
ORA-39936: Token manager for the CSX tablespace 3 not fully contained in the transportable set.
Thread 1 advanced to log sequence 185
Beginning log switch checkpoint up to RBA
Completed checkpoint up to RBA
Archived Log entry 616 added for thread 1 sequence 5937
PCB-00309: The CONNECT statement is Oracle implementation dependent
Starting background process VKTM
Starting background process VKTM
ARC0: Archival started
Undo initialization finished
ORA-25215: user_data type and queue type do not match
Thread 1 advanced to log sequence 644
PRVF-04869: Shared OCR location check failed
Errors in file /u01/app/oracle/diag/rdbms/ttprod/ttprod1/trace/ttprod1_ora_24724.trc
ARC0: Archival started
Thread 1 advanced to log sequence 869
Current log# 814 seq# 1660 mem# 0
RMAN-07210: new failures after most recent LIST FAILURE command
Undo initialization finished
Thread 1 advanced to log sequence 795
Completed checkpoint up to RBA
ORA-30113: error when processing file ' session_1123 '
Undo initialization finished
Starting background process VKTM
ARC0: Archival started
ARC0: Archival started
Thread 1 advanced to log sequence 602
ORA-39955: invalid PL/SQL warning message number
Errors in file /u01/app/oracle/diag/rdbms/ttprod/ttprod1/trace/ttprod1_ora_91971.trc
ARC0: Archival started
ORA-14298: LOB column block size mismatch in ALTER TABLE EXCHANGE [SUB]PARTITION
Current log# 866 seq# 8210 mem# 0
Archived Log entry 367 added for thread 1 sequence 4781
QSM-02169: the materialized view contains partition extended table name
ARC0: Archival started
Undo initialization finished
ARC0: Archival started
ORA-22972: NULL value not allowed in PRIMARY KEY-based object identifier
Thread 1 advanced to log sequence 192
Undo initialization finished
ARC0: Archival started
Archived Log entry 890 added for thread 1 sequence 7105
ORA-41676: invalid use of dmlevents policy for primitive event
Archived Log entry 544 added for thread 1 sequence 5024
Completed checkpoint up to RBA
Archived Log entry 8 added for thread 1 sequence 9108
ORA-16832: user-configurable fast-start failover initiated: shutting down
ARC0: Archival started
Current log# 435 seq# 1769 mem# 0
Beginning log switch checkpoint up to RBA
Completed checkpoint up to RBA
ORA-39958: invalid warning category qualifier
Starting background process VKTM
PGU-41135: no PGAU reporting_schema objects named CDR_STAGING satisfied the REPORT request
Errors in file /u01/app/oracle/diag/rdbms/ttprod/ttprod1/trace/ttprod1_ora_33050.trc
Archived Log entry 432 added for thread 1 sequence 5420
ORA-15077: could not locate ASM instance serving a required diskgroup
Errors in file /u01/app/oracle/diag/rdbms/ttprod/ttprod1/trace/ttprod1_ora_51558.trc
Beginning log switch checkpoint up to RBA
Beginning log switch checkpoint up to RBA
Starting background process VKTM
Archived Log entry 803 added for thread 1 sequence 7420
PRIF-00019: Error in getting the network attribute values from GPnP profile
Errors in file /u01/app/oracle/diag/rdbms/ttprod/ttprod1/trace/ttprod1_ora_87866.trc
Starting background process VKTM
Undo initialization finished
Archived Log entry 769 added for thread 1 sequence 9615
ORA-07849: sllfsk: $GET failure
Current log# 358 seq# 3790 mem# 0
Current log# 883 seq# 4500 mem# 0
Current log# 808 seq# 9893 mem# 0
Completed checkpoint up to RBA
Archived Log entry 663 added for thread 1 sequence 6999
OCI-22370: incorrect usage of method _SYSSMU7$
Errors in file /u01/app/oracle/diag/rdbms/ttprod/ttprod1/trace/ttprod1_ora_92887.trc
ARC0: Archival started
Current log# 663 seq# 8802 mem# 0
Undo initialization finished
Undo initialization finished
Archived Log entry 25 added for thread 1 sequence 7031
ORA-16660: fast-start failover operation attempted in absence of a broker configuration
Beginning log switch checkpoint up to RBA
Completed checkpoint up to RBA
ARC0: Archival started
Thread 1 advanced to log sequence 804
ORA-25340: must use commit-time queue for sync_capture
Thread 1 advanced to log sequence 172
Completed checkpoint up to RBA
Current log# 779 seq# 9419 mem# 0
Undo initialization finished
PCB-00318: ARRAYLEN is an Oracle extension
Current log# 657 seq# 5705 mem# 0
Completed checkpoint up to RBA
ORA-16582: cannot change instance-specific property
Starting background process VKTM
Undo initialization finished
Completed checkpoint up to RBA
Undo initialization finished
Beginning log switch checkpoint up to RBA
XOQ-01207: metadata problem for hierarchy combination " 3 "
Undo initialization finished
Beginning log switch checkpoint up to RBA
ORA-48224: DDL has occurred since parse - reparse [ /u01/app/oracle/oradata/ttprod/users01.dbf ] [ ttprod2 ] [ /u01/app/oracle/oradata/ttprod/users01.dbf ]
Starting background process VKTM
Starting background process VKTM
Thread 1 advanced to log sequence 829
Archived Log entry 857 added for thread 1 sequence 7221
Beginning log switch checkpoint up to RBA
RMAN-08556: channel _SYSSMU7$ : backup piece complete, elapsed time: session_1123
Archived Log entry 288 added for thread 1 sequence 5958
ARC0: Archival started
Thread 1 advanced to log sequence 895
Current log# 749 seq# 3375 mem# 0
Beginning log switch checkpoint up to RBA
ORA-36684: (XSDPART22) You cannot rename values of DIMENSION workspace object because it is the partition dimension of RANGE PARTITION TEMPLATE workspace object
Undo initialization finished
ORA-37184: illegal value BILLING.CUST_ORDERS for ADVMODE
Current log# 87 seq# 3751 mem# 0
Beginning log switch checkpoint up to RBA
Beginning log switch checkpoint up to RBA
PRCR-01064: Failed to start resource {0} on node {1}
Beginning log switch checkpoint up to RBA
Archived Log entry 301 added for thread 1 sequence 5818
Completed checkpoint up to RBA
DRG-10875: invalid use of ctxfiltercache with topn
Completed checkpoint up to RBA
PCB-00625: An indicator variable is not required with this attribute
ARC0: Archival started
Current log# 782 seq# 5489 mem# 0
Completed checkpoint up to RBA
Beginning log switch checkpoint up to RBA
ORA-13518: Invalid database id ( reporting_schema )
Current log# 954 seq# 1363 mem# 0
Thread 1 advanced to log sequence 979
Beginning log switch checkpoint up to RBA
NID-00337: The following datafiles are read-only:
Archived Log entry 982 added for thread 1 sequence 8974
Archived Log entry 252 added for thread 1 sequence 6958
Beginning log switch checkpoint up to RBA
Beginning log switch checkpoint up to RBA
Beginning log switch checkpoint up to RBA
ORA-12820: invalid value for DEGREE
Errors in file /u01/app/oracle/diag/rdbms/ttprod/ttprod1/trace/ttprod1_ora_86585.trc
ARC0: Archival started
ORA-03279: invalid INSTANCE specified
Completed checkpoint up to RBA
Starting background process VKTM
Starting background process VKTM
Current log# 51 seq# 7708 mem# 0
ORA-12643: Client received internal error from server
Errors in file /u01/app/oracle/diag/rdbms/ttprod/ttprod1/trace/ttprod1_ora_51579.trc
Thread 1 advanced to log sequence 330
Starting background process VKTM
ARC0: Archival started
Archived Log entry 182 added for thread 1 sequence 8382
RMAN-08109: channel APP_USER42 : restored block(s) from backup piece 1024
Errors in file /u01/app/oracle/diag/rdbms/ttprod/ttprod1/trace/ttprod1_ora_86627.trc
Beginning log switch checkpoint up to RBA
Undo initialization finished
Current log# 308 seq# 8747 mem# 0
ORA-10648: Tablespace SYSAUX is not offline
ARC0: Archival started
Beginning log switch checkpoint up to RBA
Current log# 481 seq# 2955 mem# 0
Starting background process VKTM
Undo initialization finished
ORA-16257: Switchover initiated stop apply successfully completed
Archived Log entry 312 added for thread 1 sequence 1349
PRCD-01181: Failed to upgrade configuration of services {0} to version {1}
Beginning log switch checkpoint up to RBA
Undo initialization finished
Undo initialization finished
PLW-05017: prefix of the expression will be ignored
Beginning log switch checkpoint up to RBA
RMAN-03090: Starting large pool at fk_order_customer
Starting background process VKTM
Completed checkpoint up to RBA
Undo initialization finished
Beginning log switch checkpoint up to RBA
Starting background process VKTM
RMAN-08056: skipping datafile CDR_STAGING because it has not changed
Archived Log entry 375 added for thread 1 sequence 9834
Beginning log switch checkpoint up to RBA
Beginning log switch checkpoint up to RBA
ORA-29976: Unsupported query for registration in guaranteed mode
Beginning log switch checkpoint up to RBA
Starting background process VKTM
Archived Log entry 618 added for thread 1 sequence 1724
PRVF-05506: Check for UDP port 123 being used by NTP daemon or service could not be performed on node "{0}"
Current log# 599 seq# 5704 mem# 0
Current log# 410 seq# 2126 mem# 0
NID-00397: Changing database name from ttprod2 to _SYSSMU7$
Completed checkpoint up to RBA
Current log# 710 seq# 3842 mem# 0
Thread 1 advanced to log sequence 677
ORA-16223: DDL skipped, unsupported in current version
Archived Log entry 936 added for thread 1 sequence 5857
Starting background process VKTM
Undo initialization finished
Beginning log switch checkpoint up to RBA
Thread 1 advanced to log sequence 133
LPX-00281: unsupported encoding "~s"
Current log# 775 seq# 9407 mem# 0
Starting background process VKTM
PRCR-01005: Resource {0} is already stopped
Current log# 261 seq# 8512 mem# 0
Archived Log entry 828 added for thread 1 sequence 4089
Completed checkpoint up to RBA
Thread 1 advanced to log sequence 518
ORA-30152: File does not exist
Undo initialization finished
Starting background process VKTM
Thread 1 advanced to log sequence 113
ARC0: Archival started
CLSS-02001: local node number BILLING.CUST_ORDERS , master node number BILLING.CUST_ORDERS
Archived Log entry 36 added for thread 1 sequence 2627
Current log# 232 seq# 7155 mem# 0
ORA-47904: OLS session label does not exist
Undo initialization finished
Beginning log switch checkpoint up to RBA
Starting background process VKTM
Undo initialization finished
RMAN-08514: archived log file name= app_db RECID= DATA_TS01 STAMP= INVOICE_LINES_IDX
Starting background process VKTM
Thread 1 advanced to log sequence 138
Thread 1 advanced to log sequence 454
ARC0: Archival started
ORA-27091: unable to queue I/O
Archived Log entry 420 added for thread 1 sequence 8591
Beginning log switch checkpoint up to RBA
Completed checkpoint up to RBA
RMAN-06799: found eligible base catalog owned by APP_USER42
Beginning log switch checkpoint up to RBA
DRG-11858: Gopher Server Replies
Archived Log entry 506 added for thread 1 sequence 3413
Starting background process VKTM
RMAN-10041: Could not re-create polling channel context following failure.
Current log# 901 seq# 8742 mem# 0
Archived Log entry 886 added for thread 1 sequence 2680
Thread 1 advanced to log sequence 458
Starting background process VKTM
Completed checkpoint up to RBA
NNO-00623: setting auto-refresh retry interval to number seconds
Errors in file /u01/app/oracle/diag/rdbms/ttprod/ttprod1/trace/ttprod1_ora_80952.trc
Undo initialization finished
Beginning log switch checkpoint up to RBA
Completed checkpoint up to RBA
ORA-27367: program " session_1123 . pk_orders " associated with this job is disabled
Current log# 857 seq# 6883 mem# 0
Beginning log switch checkpoint up to RBA
ARC0: Archival started
Beginning log switch checkpoint up to RBA
Starting background process VKTM
ORA-21615: copy of an OTS (named or simple) instance failed
ARC0: Archival started
Beginning log switch checkpoint up to RBA
RMAN-06541: Tablespace _SYSSMU7$ will be included in future whole database backups
Errors in file /u01/app/oracle/diag/rdbms/ttprod/ttprod1/trace/ttprod1_ora_17111.trc
Starting background process VKTM
Starting background process VKTM
RMAN-07213: Mandatory Manual Actions
Archived Log entry 256 added for thread 1 sequence 8046
ORA-44732: Path INVOICE_LINES_IDX cannot be removed from the repository XML Index
Thread 1 advanced to log sequence 845
ORA-00404: Convert file not found: ' pg_toast_12345 '
Errors in file /u01/app/oracle/diag/rdbms/ttprod/ttprod1/trace/ttprod1_ora_69118.trc
Completed checkpoint up to RBA
Completed checkpoint up to RBA
ORA-16733: error executing DBMS_LOGSTDBY.UNSKIP procedure
Thread 1 advanced to log sequence 31
ARC0: Archival started
Completed checkpoint up to RBA
RMAN-06709: No scripts in recovery catalog
ARC0: Archival started
Current log# 551 seq# 7683 mem# 0
Beginning log switch checkpoint up to RBA
Undo initialization finished
PLS-00351: Not logged onto database ' 17 '
Errors in file /u01/app/oracle/diag/rdbms/ttprod/ttprod1/trace/ttprod1_ora_95258.trc
Current log# 245 seq# 2849 mem# 0
Beginning log switch checkpoint up to RBA
Beginning log switch checkpoint up to RBA
Starting background process VKTM
NNL-00527: Shows, sets, or cancels the time when the server next checkpoints its cache
Thread 1 advanced to log sequence 666
Undo initialization finished
Starting background process VKTM
Archived Log entry 80 added for thread 1 sequence 1055
ORA-44820: Number of Work Request Classes is less than specified
Errors in file /u01/app/oracle/diag/rdbms/ttprod/ttprod1/trace/ttprod1_ora_11716.trc
Beginning log switch checkpoint up to RBA
ARC0: Archival started
Current log# 972 seq# 1879 mem# 0
ARC0: Archival started
ORA-23291: Only base table columns may be renamed
Current log# 418 seq# 8736 mem# 0
Current log# 771 seq# 8941 mem# 0
Thread 1 advanced to log sequence 398
CRS-02114: Failed to import Oracle Local Registry from file 17
Starting background process VKTM
ARC0: Archival started
Thread 1 advanced to log sequence 958
Archived Log entry 235 added for thread 1 sequence 8643
Completed checkpoint up to RBA
RMAN-06762: ignoring encryption for proxy or image copies
ARC0: Archival started
Archived Log entry 858 added for thread 1 sequence 1834
ORA-04088: error during execution of trigger ' DATA_TS01 . _SYSSMU12$ '
Beginning log switch checkpoint up to RBA
Undo initialization finished
Thread 1 advanced to log sequence 282
Current log# 841 seq# 9893 mem# 0
NZE-29047: Mismatch in Transport Layer Security extension
Archived Log entry 774 added for thread 1 sequence 4340
Undo initialization finished
Archived Log entry 828 added for thread 1 sequence 3080
DRG-50857: oracle error in session_1123
Errors in file /u01/app/oracle/diag/rdbms/ttprod/ttprod1/trace/ttprod1_ora_10788.trc
Completed checkpoint up to RBA
Starting background process VKTM
Beginning log switch checkpoint up to RBA
Thread 1 advanced to log sequence 409
Starting background process VKTM
ORA-54658: CREATE_TIN: input extent cannot be null
Undo initialization finished
ARC0: Archival started
Starting background process VKTM
Completed checkpoint up to RBA
ORA-09909: Malloc of scratch buffer failed.
Errors in file /u01/app/oracle/diag/rdbms/ttprod/ttprod1/trace/ttprod1_ora_96043.trc
Starting background process VKTM
Undo initialization finished
Thread 1 advanced to log sequence 71
Archived Log entry 343 added for thread 1 sequence 5620
INS-32075: At least one product language need to selected
Thread 1 advanced to log sequence 633
Starting background process VKTM
ORA-33270: (DBERR05) Analytic workspace SYSAUX already exists.
Undo initialization finished
Starting background process VKTM
Current log# 886 seq# 5412 mem# 0
ORA-13432: NULL or invalid blankCellValue
Beginning log switch checkpoint up to RBA
Beginning log switch checkpoint up to RBA
Thread 1 advanced to log sequence 186
PRCT-01009: crsctl execution failed. Detailed error: {0}
Undo initialization finished
ORA-39163: A sample size of APP_USER42 is invalid.
Undo initialization finished
ARC0: Archival started
Archived Log entry 225 added for thread 1 sequence 4724
PRCT-01400: getcrshome execution failed. Detailed error: {0}
Starting background process VKTM
Beginning log switch checkpoint up to RBA
Current log# 783 seq# 1216 mem# 0
Undo initialization finished
Starting background process VKTM
INS-30071: An error occured while trying to determine the running processes or services.
Undo initialization finished
Current log# 282 seq# 5928 mem# 0
Undo initialization finished
ARC0: Archival started
RMAN-20205: incomplete UNTIL clause
Beginning log switch checkpoint up to RBA
Current log# 28 seq# 6969 mem# 0
PROC-00039: Requested block has an invalid header
Archived Log entry 370 added for thread 1 sequence 7026
Beginning log switch checkpoint up to RBA
ARC0: Archival started
ORA-04028: cannot generate diana for object large pool user_sessions large pool pg_toast_12345 _SYSSMU7$
Errors in file /u01/app/oracle/diag/rdbms/ttprod/ttprod1/trace/ttprod1_ora_41698.trc
Undo initialization finished
ARC0: Archival started
Archived Log entry 267 added for thread 1 sequence 7479
Current log# 413 seq# 4211 mem# 0
Archived Log entry 914 added for thread 1 sequence 1929
ORA-28393: password required to close the wallet
Thread 1 advanced to log sequence 76
Thread 1 advanced to log sequence 668
Current log# 682 seq# 4952 mem# 0
Undo initialization finished
IMG-02004: 2FF04 - incorrect feature list specification
Starting background process VKTM
Starting background process VKTM
Archived Log entry 230 added for thread 1 sequence 5730
RMAN-07210: new failures after most recent LIST FAILURE command
ARC0: Archival started
ORA-30338: illegal dimension hierachy name
Errors in file /u01/app/oracle/diag/rdbms/ttprod/ttprod1/trace/ttprod1_ora_20834.trc
Current log# 354 seq# 5807 mem# 0
Archived Log entry 85 added for thread 1 sequence 4526
ORA-37406: invalid option for a CUBE ORGANIZED table
Completed checkpoint up to RBA
Current log# 680 seq# 3706 mem# 0
Beginning log switch checkpoint up to RBA
ORA-25343: Streams error queue cannot be exported
Starting background process VKTM
Beginning log switch checkpoint up to RBA
Archived Log entry 11 added for thread 1 sequence 4663
ORA-16268: user procedure processing of logical standby apply PL/SQL
Completed checkpoint up to RBA
Starting background process VKTM
NZE-28863: SSL session not found
Beginning log switch checkpoint up to RBA
ARC0: Archival started
Starting background process VKTM
Current log# 685 seq# 1543 mem# 0
XOQ-01977: Measure " fk_order_customer " does not exist in cube " 17 ".
Completed checkpoint up to RBA
Undo initialization finished
Current log# 606 seq# 2154 mem# 0
Thread 1 advanced to log sequence 435
ARC0: Archival started
ORA-30513: cannot create system triggers of INSTEAD OF type
Beginning log switch checkpoint up to RBA
ORA-13750: User " CRM.CALL_DETAIL_RECORDS " has not been granted the "ADMINISTER SQL TUNING SET" privilege.
Errors in file /u01/app/oracle/diag/rdbms/ttprod/ttprod1/trace/ttprod1_ora_64872.trc
Thread 1 advanced to log sequence 799
ORA-19810: Cannot create temporary control file 5000 in DB_RECOVERY_FILE_DEST
Archived Log entry 193 added for thread 1 sequence 1693
Beginning log switch checkpoint up to RBA
Thread 1 advanced to log sequence 36
Completed checkpoint up to RBA
Undo initialization finished
ORA-29506: invalid query derived from USING clause
Archived Log entry 630 added for thread 1 sequence 2280
ARC0: Archival started
Starting background process VKTM
Undo initialization finished
PCC-00020: Unable to obtain define variables at line number in file TNS_ADMIN
Archived Log entry 499 added for thread 1 sequence 2191
Completed checkpoint up to RBA
Completed checkpoint up to RBA
RMAN-08303: To recompile all PL/SQL modules, run utlirp.sql and utlrp.sql on the target platform
Errors in file /u01/app/oracle/diag/rdbms/ttprod/ttprod1/trace/ttprod1_ora_39589.trc
Completed checkpoint up to RBA
Starting background process VKTM
ARC0: Archival started
NNO-00308: server will restart in number seconds
Current log# 61 seq# 3608 mem# 0
NZE-29103: Cannot create PKCS #12 wallet.
ARC0: Archival started
TNS-00070: INTCTL usage: [intctl] <command> <process_name> [argument]
Starting background process VKTM
Thread 1 advanced to log sequence 369
QSM-01135: query has an LOB column
Thread 1 advanced to log sequence 584
Completed checkpoint up to RBA
ORA-31060: Resource at path SP2-0552 could not be deleted
Current log# 705 seq# 1936 mem# 0
Starting background process VKTM
Current log# 766 seq# 6622 mem# 0
Thread 1 advanced to log sequence 172
Thread 1 advanced to log sequence 971
XOQ-02526: UniqueKey attribute " 3 " has an invalid populate lineage flag set.
Undo initialization finished
Current log# 581 seq# 3516 mem# 0
Starting background process VKTM
Undo initialization finished
NNO-00316: statistic counter reset disabled
Undo initialization finished
Completed checkpoint up to RBA
Beginning log switch checkpoint up to RBA
Starting background process VKTM
Current log# 823 seq# 1633 mem# 0
TNS-00209: Tracing : CDR_STAGING
Undo initialization finished
ARC0: Archival started
Starting background process VKTM
Archived Log entry 461 added for thread 1 sequence 3725
Beginning log switch checkpoint up to RBA
PRCN-03016: Failed to update debug component attribute of {0} resource
Current log# 780 seq# 2383 mem# 0
Archived Log entry 342 added for thread 1 sequence 9805
ARC0: Archival started
Current log# 915 seq# 1625 mem# 0
RMAN-06426: RECOVERY_CATALOG_OWNER role must be granted to user PK_CUSTOMER_ACCOUNTS
Errors in file /u01/app/oracle/diag/rdbms/ttprod/ttprod1/trace/ttprod1_ora_32538.trc
Beginning log switch checkpoint up to RBA
Archived Log entry 625 added for thread 1 sequence 9380
ARC0: Archival started
PCB-00221: OCCURS DEPENDING ON clause not allowed for host variable " 17 "
Current log# 297 seq# 2171 mem# 0
Thread 1 advanced to log sequence 878
Beginning log switch checkpoint up to RBA
ARC0: Archival started
NNL-00835: Average delete processing time: DATA_TS01
Archived Log entry 87 added for thread 1 sequence 3855
Thread 1 advanced to log sequence 635
RMAN-06513: copy will never be obsolete
Archived Log entry 321 added for thread 1 sequence 9680
ORA-02493: invalid file increment size in NEXT clause
Beginning log switch checkpoint up to RBA
Current log# 429 seq# 6217 mem# 0
Completed checkpoint up to RBA
Thread 1 advanced to log sequence 742
CRS-01652: Starting clean up of CRSD resources.
Beginning log switch checkpoint up to RBA
Undo initialization finished
ARC0: Archival started
LSX-00259: invalid character found in the pattern
Errors in file /u01/app/oracle/diag/rdbms/ttprod/ttprod1/trace/ttprod1_ora_81305.trc
Undo initialization finished
ORA-53005: tag references found in document: shared pool
Errors in file /u01/app/oracle/diag/rdbms/ttprod/ttprod1/trace/ttprod1_ora_38533.trc
Thread 1 advanced to log sequence 907
ORA-16408: An archive log from an incompatible redo branch has been rejected.
Current log# 976 seq# 6204 mem# 0
ORA-31153: Cannot create schema URL with reserved prefix "http://xmlns.oracle.com/xdb/schemas/"
Archived Log entry 916 added for thread 1 sequence 6379
ORA-19246: validation failed - element ttprod2 not found in in-scope element declarations
Errors in file /u01/app/oracle/diag/rdbms/ttprod/ttprod1/trace/ttprod1_ora_16330.trc
Archived Log entry 192 added for thread 1 sequence 2208
Beginning log switch checkpoint up to RBA
ARC0: Archival started
Archived Log entry 330 added for thread 1 sequence 2662
DRG-11002: missing value for reporting_schema
Completed checkpoint up to RBA
Archived Log entry 986 added for thread 1 sequence 1068
Beginning log switch checkpoint up to RBA
ARC0: Archival started
ORA-39809: Data saves are not allowed on tables with domain indexes.
ARC0: Archival started
Thread 1 advanced to log sequence 485
Undo initialization finished
ORA-13483: insufficient memory for the specified GeoRaster data
Starting background process VKTM
Completed checkpoint up to RBA
ORA-06601: LU6.2 Driver: Invalid database ID idx_users_email
Errors in file /u01/app/oracle/diag/rdbms/ttprod/ttprod1/trace/ttprod1_ora_43128.trc
Beginning log switch checkpoint up to RBA
Current log# 174 seq# 5489 mem# 0
Undo initialization finished
Starting background process VKTM
Starting background process VKTM
ORA-34656: (MXSQL24) Additional WHERE clause conditions with CURRENT OF <cursor name> syntax
Beginning log switch checkpoint up to RBA
Beginning log switch checkpoint up to RBA
Beginning log switch checkpoint up to RBA
Current log# 404 seq# 5937 mem# 0
Undo initialization finished
ORA-07260: spdcr: wait error.
Thread 1 advanced to log sequence 973
ORA-42293: user name conflicts with another user, role or schema synonym name
Archived Log entry 978 added for thread 1 sequence 6001
Thread 1 advanced to log sequence 343
Undo initialization finished
Thread 1 advanced to log sequence 470
RMAN-05033: Media recovery start SCN is pg_toast_12345
Undo initialization finished
Archived Log entry 790 added for thread 1 sequence 6019
Starting background process VKTM
Archived Log entry 931 added for thread 1 sequence 3579
ORA-25217: enqueue failed, visibility must be IMMEDIATE for queue fk_order_customer . UNDOTBS1
Starting background process VKTM
Undo initialization finished
Beginning log switch checkpoint up to RBA
Starting background process VKTM
ORA-26714: User Error _SYSSMU12$ encountered during apply process
Starting background process VKTM
ARC0: Archival started
NZE-28864: SSL connection closed gracefully
Starting background process VKTM
Current log# 930 seq# 4339 mem# 0
Beginning log switch checkpoint up to RBA
Archived Log entry 142 added for thread 1 sequence 9308
NNL-00933: Requests refused, OTHER-DATA violation: number
Errors in file /u01/app/oracle/diag/rdbms/ttprod/ttprod1/trace/ttprod1_ora_33559.trc
ARC0: Archival started
Completed checkpoint up to RBA
Beginning log switch checkpoint up to RBA
Thread 1 advanced to log sequence 424
KUP-04049: record number discarded from file USERS
Errors in file /u01/app/oracle/diag/rdbms/ttprod/ttprod1/trace/ttprod1_ora_47145.trc
Starting background process VKTM
ORA-54558: 3D SRID is not found for the corresponding 2D SRID
Undo initialization finished
ARC0: Archival started
Starting background process VKTM
Starting background process VKTM
RMAN-05512: Tablespace UNDOTBS1 cannot be skipped from duplication
Undo initialization finished
Thread 1 advanced to log sequence 702
Completed checkpoint up to RBA
Current log# 207 seq# 5759 mem# 0
ARC0: Archival started
ORA-19264: XQDY0044 - invalid namespace in attribute constructors
Beginning log switch checkpoint up to RBA
TNS-00519: Operating system resource quota exceeded
Errors in file /u01/app/oracle/diag/rdbms/ttprod/ttprod1/trace/ttprod1_ora_57197.trc
Current log# 801 seq# 8276 mem# 0
Thread 1 advanced to log sequence 971
Undo initialization finished
Thread 1 advanced to log sequence 758
PCB-00309: The CONNECT statement is Oracle implementation dependent
Current log# 425 seq# 9191 mem# 0
Undo initialization finished
ORA-39154: Objects from foreign schemas have been removed from import
Archived Log entry 241 added for thread 1 sequence 8524
Thread 1 advanced to log sequence 913
Completed checkpoint up to RBA
ORA-53217: The source LOB locator is null.
ARC0: Archival started
Beginning log switch checkpoint up to RBA
Beginning log switch checkpoint up to RBA
PCC-00140: CREATE FUNCTION/PROCEDURE/PACKAGE/TRIGGER are Oracle extensions
Current log# 713 seq# 9103 mem# 0
Current log# 119 seq# 5888 mem# 0
Undo initialization finished
Thread 1 advanced to log sequence 370
ORA-22958: This operation is not allowed in check constraints or triggers
Starting background process VKTM
Thread 1 advanced to log sequence 325
Beginning log switch checkpoint up to RBA
ORA-07482: snlmini: cannot create lock manager instance.
Errors in file /u01/app/oracle/diag/rdbms/ttprod/ttprod1/trace/ttprod1_ora_69373.trc
Beginning log switch checkpoint up to RBA
Beginning log switch checkpoint up to RBA
ORA-14079: illegal option for a partition marked Index Unusable
Errors in file /u01/app/oracle/diag/rdbms/ttprod/ttprod1/trace/ttprod1_ora_29263.trc
Undo initialization finished
Beginning log switch checkpoint up to RBA
Starting background process VKTM
Undo initialization finished
Thread 1 advanced to log sequence 49
ORA-32313: REFRESH FAST of " pk_orders "." BILLING.CUST_ORDERS " unsupported after PMOPs
ARC0: Archival started
Beginning log switch checkpoint up to RBA
ORA-48462: Fatal error encountered in [ ttstandby01 ]
ARC0: Archival started
Undo initialization finished
Beginning log switch checkpoint up to RBA
ORA-38718: Invalid thread number specified in the DUMP FLASHBACK command.
Errors in file /u01/app/oracle/diag/rdbms/ttprod/ttprod1/trace/ttprod1_ora_79049.trc
Completed checkpoint up to RBA
Current log# 454 seq# 6035 mem# 0
LFI-00152: Read operation (byte mode) failed.
Starting background process VKTM
Undo initialization finished
ORA-48402: Variable is not defined
Archived Log entry 690 added for thread 1 sequence 1506
Thread 1 advanced to log sequence 940
Starting background process VKTM
Starting background process VKTM
ARC0: Archival started
RMAN-06792: database db_unique_name is " 3 ", db_name is " 5000 " and DBID is USERS
Starting background process VKTM
PRCR-01131: CVU resource cannot be created because default network is not configured.
Archived Log entry 711 added for thread 1 sequence 2393
ARC0: Archival started
Thread 1 advanced to log sequence 191
Undo initialization finished
Thread 1 advanced to log sequence 841
DRG-11855: FTP Server Replies
Completed checkpoint up to RBA
Current log# 810 seq# 4241 mem# 0
Starting background process VKTM
ORA-36980: (XSRELGID02) Variable workspace object must have a numeric data type.
Completed checkpoint up to RBA
Current log# 622 seq# 8663 mem# 0
DRG-12234: column BILLING.CUST_ORDERS already mapped in section group ttprod2
Completed checkpoint up to RBA
Current log# 329 seq# 8494 mem# 0
Undo initialization finished
Current log# 889 seq# 6441 mem# 0
RMAN-08584: copying current control file
Current log# 390 seq# 4537 mem# 0
Starting background process VKTM
ORA-08186: invalid timestamp specified
Archived Log entry 995 added for thread 1 sequence 2684
Thread 1 advanced to log sequence 94
Undo initialization finished
PCB-00232: Tables not allowed as input bind variables in SELECT statement
Current log# 282 seq# 4588 mem# 0
SQL-02115: Code interpretation problem -- check COMMON_NAME usage
ARC0: Archival started
Completed checkpoint up to RBA
PRCC-01015: {0} was already running on {1}
Undo initialization finished
Thread 1 advanced to log sequence 512
Undo initialization finished
RMAN-03020: asynchronous RPC test will take 1 minute
Beginning log switch checkpoint up to RBA
Beginning log switch checkpoint up to RBA
Starting background process VKTM
Thread 1 advanced to log sequence 497
PLS-01902: hex to raw conversion error
Archived Log entry 679 added for thread 1 sequence 6689
Thread 1 advanced to log sequence 611
Completed checkpoint up to RBA
ARC0: Archival started
ORA-00354: corrupt redo log block header
Archived Log entry 518 added for thread 1 sequence 1462
Thread 1 advanced to log sequence 141
Beginning log switch checkpoint up to RBA
PLS-01469: ANSI standard does not permit records
Thread 1 advanced to log sequence 187
Undo initialization finished
Beginning log switch checkpoint up to RBA
Undo initialization finished
Thread 1 advanced to log sequence 670
PRKR-01003: instance {0} does not exist
Errors in file /u01/app/oracle/diag/rdbms/ttprod/ttprod1/trace/ttprod1_ora_84523.trc
Starting background process VKTM
Starting background process VKTM
Undo initialization finished
TNS-00217: Total Bytes of Data : number
Archived Log entry 945 added for thread 1 sequence 1953
Starting background process VKTM
ORA-06521: PL/SQL: Error mapping function
Beginning log switch checkpoint up to RBA
Starting background process VKTM
Undo initialization finished
ORA-12524: TNS:listener could not resolve HANDLER_NAME given in connect descriptor
Archived Log entry 423 added for thread 1 sequence 3768
ARC0: Archival started
RMAN-08018: channel ttprod1 : starting archived log restore to user-specified destination
Undo initialization finished
Current log# 656 seq# 7838 mem# 0
INS-10105: The given response file user_sessions is not valid.
Starting background process VKTM
Current log# 602 seq# 4235 mem# 0
Completed checkpoint up to RBA
Beginning log switch checkpoint up to RBA
Undo initialization finished
ORA-49406: Undefined configuration parameter specified [ CRM.CALL_DETAIL_RECORDS ]
Errors in file /u01/app/oracle/diag/rdbms/ttprod/ttprod1/trace/ttprod1_ora_47510.trc
Completed checkpoint up to RBA
Current log# 849 seq# 9430 mem# 0
ARC0: Archival started
Starting background process VKTM
ORA-07290: sksagdi: specified directory for archiving does not exist.
Thread 1 advanced to log sequence 263
Starting background process VKTM
Starting background process VKTM
Completed checkpoint up to RBA
DRG-10755: ttprod1 and UNDOTBS1 have characters in common
Undo initialization finished
Thread 1 advanced to log sequence 622
Starting background process VKTM
ORA-16120: dependencies being computed for transaction at SCN BILLING.CUST_ORDERS
Undo initialization finished
Beginning log switch checkpoint up to RBA
PGU-00360: object to be described does not exist
Archived Log entry 576 added for thread 1 sequence 3005
Starting background process VKTM
PGA-22002: communication error: TCP/IP SYSAUX failed, rc = number
ARC0: Archival started
ORA-31151: Cyclic definition encountered for pg_toast_12345 : " 42 "
Thread 1 advanced to log sequence 325
Starting background process VKTM
Starting background process VKTM
Starting background process VKTM
Thread 1 advanced to log sequence 628
ORA-16271: PL/SQL successfully applied
ARC0: Archival started
Current log# 905 seq# 8670 mem# 0
NNO-00707: server's cache will be flushed in number seconds
Archived Log entry 237 added for thread 1 sequence 2973
RMAN-07525: Reason: File is not a supported file type in Recovery Area
Archived Log entry 2 added for thread 1 sequence 8753
Current log# 218 seq# 3079 mem# 0
ARC0: Archival started
CRS-02324: Errors occurred while trying to push GPnP profile.
ARC0: Archival started
Thread 1 advanced to log sequence 92
Completed checkpoint up to RBA
ARC0: Archival started
Undo initialization finished
ORA-01339: LogMiner BUILD: Error copying system catalog metadata to LogMiner dictionary
Starting background process VKTM
Undo initialization finished
Undo initialization finished
Undo initialization finished
Undo initialization finished
ORA-25287: Invalid value 1024 , app_db should be non-negative
Beginning log switch checkpoint up to RBA
ARC0: Archival started
Starting background process VKTM
Undo initialization finished
ORA-33068: (XSAGDNGL33) In AGGMAP workspace object , the hierarchy dimension QDR over dimension workspace object must specify a positive dimension offset.
Thread 1 advanced to log sequence 936
Undo initialization finished
Undo initialization finished
Current log# 590 seq# 7397 mem# 0
Completed checkpoint up to RBA
NNL-00804: Queries received, type META-DATA: number
Thread 1 advanced to log sequence 713
RMAN-06205: Uncataloged shared pool objects
Beginning log switch checkpoint up to RBA
Current log# 170 seq# 3983 mem# 0
Archived Log entry 623 added for thread 1 sequence 4615
TNS-12522: TNS:listener could not find available instance with given INSTANCE_ROLE
Current log# 490 seq# 3549 mem# 0
ARC0: Archival started
Starting background process VKTM
RMAN-08057: channel reporting_schema : backup cancelled because all files were skipped
Completed checkpoint up to RBA
INS-40918: Virtual IP name: UNDOTBS1 cannot be in IP Address format.
ARC0: Archival started
Undo initialization finished
Completed checkpoint up to RBA
Current log# 539 seq# 8849 mem# 0
NID-00139: Mismatched dbname for datafile INVOICE_LINES_IDX , expected large pool , found CDR_STAGING
Undo initialization finished
Current log# 767 seq# 5631 mem# 0
RMAN-06432: recovery catalog dropped
Completed checkpoint up to RBA
Completed checkpoint up to RBA
ARC0: Archival started
Completed checkpoint up to RBA
Starting background process VKTM
RMAN-08614: channel UNDOTBS1 : errors found reading piece handle= 17
Completed checkpoint up to RBA
RMAN-08005: new incarnation of database registered in recovery catalog
Errors in file /u01/app/oracle/diag/rdbms/ttprod/ttprod1/trace/ttprod1_ora_91816.trc
Completed checkpoint up to RBA
ARC0: Archival started
Starting background process VKTM
ARC0: Archival started
ORA-24005: Inappropriate utilities used to perform DDL on AQ table idx_users_email . PK_CUSTOMER_ACCOUNTS
Beginning log switch checkpoint up to RBA
Archived Log entry 211 added for thread 1 sequence 7960
Undo initialization finished
Undo initialization finished
ORA-64477: Multiple token tables are not supported.
ARC0: Archival started
Undo initialization finished
Thread 1 advanced to log sequence 326
Archived Log entry 873 added for thread 1 sequence 3565
QSM-01052: referential integrity constraint on table, ttprod1 , not VALID in ENFORCED integrity mode
Starting background process VKTM
ORA-04024: self-deadlock detected while trying to mutex pin cursor user_sessions
Undo initialization finished
Current log# 975 seq# 9551 mem# 0
Undo initialization finished
ORA-39937: Unsupported operation, default token tables used for binary XML data.
Current log# 297 seq# 5402 mem# 0
Starting background process VKTM
QSM-01015: GROUP BY clause has non-columns
Current log# 214 seq# 3240 mem# 0
Starting background process VKTM
RMAN-03010: fatal error during library cache pre-loading
Errors in file /u01/app/oracle/diag/rdbms/ttprod/ttprod1/trace/ttprod1_ora_10575.trc
Undo initialization finished
Archived Log entry 951 added for thread 1 sequence 8512
Beginning log switch checkpoint up to RBA
Thread 1 advanced to log sequence 114
ORA-26077: direct path column array is not initialized
Thread 1 advanced to log sequence 94
Starting background process VKTM
Starting background process VKTM
ORA-30437: all job queue processes have stopped running
Errors in file /u01/app/oracle/diag/rdbms/ttprod/ttprod1/trace/ttprod1_ora_44416.trc
Thread 1 advanced to log sequence 380
Archived Log entry 754 added for thread 1 sequence 4424
ORA-24275: function ' reporting_schema ' parameter ' APP_USER42 ' missing or invalid
Errors in file /u01/app/oracle/diag/rdbms/ttprod/ttprod1/trace/ttprod1_ora_27981.trc
Beginning log switch checkpoint up to RBA
Completed checkpoint up to RBA
ORA-24770: cannot forget a prepared transaction
Completed checkpoint up to RBA
Starting background process VKTM
Beginning log switch checkpoint up to RBA
NNL-00405: Forwarding information:
Current log# 438 seq# 5441 mem# 0
Beginning log switch checkpoint up to RBA
Thread 1 advanced to log sequence 803
LPX-01111: [FOCH0002] Unsupported collation
ARC0: Archival started
Beginning log switch checkpoint up to RBA
Undo initialization finished
Thread 1 advanced to log sequence 138
Current log# 750 seq# 3883 mem# 0
QSM-01251: query rewrite cannot perform rollup due to the presence of a window function
Errors in file /u01/app/oracle/diag/rdbms/ttprod/ttprod1/trace/ttprod1_ora_55233.trc
Current log# 180 seq# 2801 mem# 0
ARC0: Archival started
Beginning log switch checkpoint up to RBA
RMAN-08072: deleted control file copy
Thread 1 advanced to log sequence 357
Beginning log switch checkpoint up to RBA
Thread 1 advanced to log sequence 919
Starting background process VKTM
Thread 1 advanced to log sequence 76
PRVF-05177: Global failure when attempting to query ACFS driver state option "{0}" on all nodes
Starting background process VKTM
Archived Log entry 221 added for thread 1 sequence 5932
Beginning log switch checkpoint up to RBA
Completed checkpoint up to RBA
Beginning log switch checkpoint up to RBA
LPX-00205: expected "<!--" at the start of comment
Thread 1 advanced to log sequence 512
Beginning log switch checkpoint up to RBA
Completed checkpoint up to RBA
Undo initialization finished
DRG-50921: EQUIV operand not a word or another EQUIV expression
ARC0: Archival started
Starting background process VKTM
ARC0: Archival started
Current log# 912 seq# 7028 mem# 0
Starting background process VKTM
ORA-16257: Switchover initiated stop apply successfully completed
Current log# 913 seq# 7582 mem# 0
ORA-00115: connection refused; dispatcher connection table is full
Beginning log switch checkpoint up to RBA
Undo initialization finished
Completed checkpoint up to RBA
IMG-00845: internal image index allocation failed
Errors in file /u01/app/oracle/diag/rdbms/ttprod/ttprod1/trace/ttprod1_ora_75342.trc
Starting background process VKTM
Starting background process VKTM
RMAN-05051: analyzing automatic repair options; this may take some time
Current log# 930 seq# 9130 mem# 0
Current log# 147 seq# 5984 mem# 0
PRCN-02049: The network attributes specified (network number: {0}, subnet: {1}, adapters: {2}) conflict with an already registered network (network number: {3}, subnet: {4}, adapters: {5})
Errors in file /u01/app/oracle/diag/rdbms/ttprod/ttprod1/trace/ttprod1_ora_90095.trc
ARC0: Archival started
Thread 1 advanced to log sequence 697
Archived Log entry 169 added for thread 1 sequence 3742
Beginning log switch checkpoint up to RBA
ARC0: Archival started
ORA-22976: incorrect number of arguments to MAKE_REF
Thread 1 advanced to log sequence 95
Completed checkpoint up to RBA
Archived Log entry 254 added for thread 1 sequence 7136
Current log# 11 seq# 6176 mem# 0
Undo initialization finished
ORA-10562: Error occurred while applying redo to data block (file# ttprod1 , block# _SYSSMU7$ )
Errors in file /u01/app/oracle/diag/rdbms/ttprod/ttprod1/trace/ttprod1_ora_40423.trc
Current log# 665 seq# 7814 mem# 0
Completed checkpoint up to RBA
Thread 1 advanced to log sequence 323
ARC0: Archival started
Archived Log entry 132 added for thread 1 sequence 8317
DIA-51035: invalid timeout value
Thread 1 advanced to log sequence 346
Completed checkpoint up to RBA
Thread 1 advanced to log sequence 873
Beginning log switch checkpoint up to RBA
ORA-44311: service shared pool not running
ARC0: Archival started
Starting background process VKTM
Undo initialization finished
Beginning log switch checkpoint up to RBA
PGA-21107: startup for local LU pg_toast_12345 is cold
Starting background process VKTM
ORA-31104: Cannot find lock with token " pg_toast_12345 " on " NETWORK_OPS.SIM_INVENTORY "
Archived Log entry 94 added for thread 1 sequence 8108
Archived Log entry 105 added for thread 1 sequence 4791
ARC0: Archival started
Beginning log switch checkpoint up to RBA
PRKO-03154: Both -i and -n options are specified for starting an instance on the administrator-managed database {0}.
ARC0: Archival started
Thread 1 advanced to log sequence 710
Undo initialization finished
Starting background process VKTM
PRVF-05434: Cannot identify the current CRS software version
Current log# 208 seq# 4214 mem# 0
Completed checkpoint up to RBA
RMAN-05001: auxiliary file name ttprod1 conflicts with a file used by the target database
Archived Log entry 789 added for thread 1 sequence 6434
Completed checkpoint up to RBA
Thread 1 advanced to log sequence 11
Archived Log entry 545 added for thread 1 sequence 3088
Completed checkpoint up to RBA
LPX-01108: [FORG0009] error in resolving a relative URI against a base URI in fn:resolve-uri()
Completed checkpoint up to RBA
Undo initialization finished
Beginning log switch checkpoint up to RBA
Archived Log entry 349 added for thread 1 sequence 3474
Current log# 836 seq# 7990 mem# 0
ORA-47104: error updating Command Rule INVOICE_LINES_IDX for NETWORK_OPS.SIM_INVENTORY . 17 , reporting_schema
Errors in file /u01/app/oracle/diag/rdbms/ttprod/ttprod1/trace/ttprod1_ora_67928.trc
Completed checkpoint up to RBA
Beginning log switch checkpoint up to RBA
Starting background process VKTM
Starting background process VKTM
Undo initialization finished
ORA-13647: Setting of parameter ttstandby01 is disallowed during task execution.
Undo initialization finished
ARC0: Archival started
PLS-00354: username must be a simple identifier
Thread 1 advanced to log sequence 835
PLS-00920: parameter plsql_native_library_dir is not set
Completed checkpoint up to RBA
Starting background process VKTM
Thread 1 advanced to log sequence 452
Archived Log entry 57 added for thread 1 sequence 9770
Current log# 804 seq# 8769 mem# 0
NZE-28786: decryption of encrypted private key failure
Undo initialization finished
ARC0: Archival started
Current log# 990 seq# 5285 mem# 0
Thread 1 advanced to log sequence 168
Starting background process VKTM
QSM-02144: aggregate functions are present without a GROUP BY clause
Errors in file /u01/app/oracle/diag/rdbms/ttprod/ttprod1/trace/ttprod1_ora_94916.trc
ARC0: Archival started
Archived Log entry 474 added for thread 1 sequence 7362
RMAN-10011: synchronization error while polling for rpc number , action= fk_order_customer
Thread 1 advanced to log sequence 477
Current log# 904 seq# 4846 mem# 0
Thread 1 advanced to log sequence 780
ORA-48472: Invalid product name
Errors in file /u01/app/oracle/diag/rdbms/ttprod/ttprod1/trace/ttprod1_ora_75789.trc
ARC0: Archival started
Current log# 485 seq# 8459 mem# 0
ARC0: Archival started
ARC0: Archival started
Thread 1 advanced to log sequence 137
PRCN-03006: Failed to add or use registered network {0} with network interfaces ''{1}'' because the network was already registered with no interface specified
Archived Log entry 733 added for thread 1 sequence 5647
Completed checkpoint up to RBA
PRCA-01035: Unable to determine the databases that use the disk group {0}
Undo initialization finished
Current log# 89 seq# 9816 mem# 0
ARC0: Archival started
LSX-00263: undefined attribute "~S"
Archived Log entry 584 added for thread 1 sequence 9256
ORA-06260: NETNTT: cannot write to remote process
Thread 1 advanced to log sequence 904
Undo initialization finished
Thread 1 advanced to log sequence 359
Undo initialization finished
Current log# 668 seq# 4471 mem# 0
ORA-15097: cannot SHUTDOWN ASM instance with connected client (process session_1123 )
Errors in file /u01/app/oracle/diag/rdbms/ttprod/ttprod1/trace/ttprod1_ora_64083.trc
Starting background process VKTM
PGA-21101: initialization parameters read from ttprod2
Errors in file /u01/app/oracle/diag/rdbms/ttprod/ttprod1/trace/ttprod1_ora_60931.trc
Archived Log entry 827 added for thread 1 sequence 1951
Starting background process VKTM
Thread 1 advanced to log sequence 957
DRG-10011: invalid object name idx_users_email
Completed checkpoint up to RBA
Thread 1 advanced to log sequence 416
PRKO-02331: ONS daemon does not exist.
ARC0: Archival started
Starting background process VKTM
Current log# 401 seq# 3649 mem# 0
Thread 1 advanced to log sequence 112
Archived Log entry 855 added for thread 1 sequence 5320
RMAN-05528: datafile number not processed because file belongs to tablespace with one or more offline immediate datafile ( BILLING.CUST_ORDERS )
Starting background process VKTM
ARC0: Archival started
PRKO-03142: Option '-i' cannot be used to enable/disable services for policy-managed database {0}
Archived Log entry 649 added for thread 1 sequence 5888
Undo initialization finished
ARC0: Archival started
ARC0: Archival started
ORA-37171: dimension sources not specified
Archived Log entry 354 added for thread 1 sequence 5163
Thread 1 advanced to log sequence 9
Completed checkpoint up to RBA
Starting background process VKTM
ORA-19182: FORT0001: invalid number of parameters
Current log# 696 seq# 5498 mem# 0
ARC0: Archival started
Thread 1 advanced to log sequence 861
Beginning log switch checkpoint up to RBA
ORA-25133: duplicate SINGLE TABLE option specified
Thread 1 advanced to log sequence 385
ORA-41669: invalid list of primitive event identifiers
Undo initialization finished
Completed checkpoint up to RBA
Completed checkpoint up to RBA
Archived Log entry 306 added for thread 1 sequence 1218
Beginning log switch checkpoint up to RBA
NNO-00617: enabling AUTHORITY-REQUIRED on system queries
Completed checkpoint up to RBA
Starting background process VKTM
ORA-01534: rollback segment ' 1024 ' doesn't exist
Thread 1 advanced to log sequence 362
Current log# 487 seq# 4480 mem# 0
Current log# 305 seq# 1470 mem# 0
Completed checkpoint up to RBA
Beginning log switch checkpoint up to RBA
PGA-21115: shutdown request received
Undo initialization finished
Current log# 779 seq# 1794 mem# 0
RMAN-08609: channel TNS_ADMIN : starting incremental datafile backup set
Current log# 309 seq# 3206 mem# 0
Current log# 863 seq# 7622 mem# 0
CRS-00214: Could not unregister resource ' idx_users_email '.
ARC0: Archival started
Beginning log switch checkpoint up to RBA
Current log# 729 seq# 6673 mem# 0
Starting background process VKTM
TNS-12657: No algorithms installed
Errors in file /u01/app/oracle/diag/rdbms/ttprod/ttprod1/trace/ttprod1_ora_98422.trc
Undo initialization finished
Undo initialization finished
Thread 1 advanced to log sequence 793
Completed checkpoint up to RBA
ORA-31469: cannot enable Change Data Capture for change set pg_toast_12345
ARC0: Archival started
Starting background process VKTM
Beginning log switch checkpoint up to RBA
NNO-00119: line ttprod2 : server not authoritative for name " pg_toast_12345 ", data ignored
Beginning log switch checkpoint up to RBA
Completed checkpoint up to RBA
Starting background process VKTM
Starting background process VKTM
Starting background process VKTM
ORA-23492: no new sites for extension request " /u01/app/oracle/oradata/ttprod/users01.dbf "
Errors in file /u01/app/oracle/diag/rdbms/ttprod/ttprod1/trace/ttprod1_ora_20733.trc
Thread 1 advanced to log sequence 269
Completed checkpoint up to RBA
DRG-12004: Password:
Current log# 666 seq# 8732 mem# 0
Undo initialization finished
Archived Log entry 691 added for thread 1 sequence 9981
Undo initialization finished
Beginning log switch checkpoint up to RBA
NID-00132: CHECKPOINT_CHANGE# in datafile " shared pool ": reporting_schema in the future of controlfile: DATA_TS01
Completed checkpoint up to RBA
Thread 1 advanced to log sequence 31
ORA-02420: missing schema authorization clause
Starting background process VKTM
Starting background process VKTM
Thread 1 advanced to log sequence 615
Current log# 11 seq# 3551 mem# 0
Completed checkpoint up to RBA
ORA-39272: Cannot alter organization of nested table column: /u01/app/oracle/oradata/ttprod/users01.dbf
Beginning log switch checkpoint up to RBA
Completed checkpoint up to RBA
Starting background process VKTM
RMAN-06402: Oracle instance shut down
Starting background process VKTM
Undo initialization finished
Thread 1 advanced to log sequence 841
Current log# 943 seq# 2020 mem# 0
Archived Log entry 596 added for thread 1 sequence 7081
INS-10107: Argument \" USERS \" is not supported for this session.
Starting background process VKTM
Beginning log switch checkpoint up to RBA
ARC0: Archival started
ARC0: Archival started
NID-00417: Change of database ID failed.
Beginning log switch checkpoint up to RBA
ORA-64129: XMLIndex Table Function: failure at the end of the function
Errors in file /u01/app/oracle/diag/rdbms/ttprod/ttprod1/trace/ttprod1_ora_17071.trc
Current log# 627 seq# 2012 mem# 0
Starting background process VKTM
ORA-15067: command or option incompatible with diskgroup redundancy
Starting background process VKTM
Beginning log switch checkpoint up to RBA
Beginning log switch checkpoint up to RBA
Current log# 799 seq# 8084 mem# 0
Undo initialization finished
DRG-50611: Third party lexer internal error: ttprod2
Completed checkpoint up to RBA
Thread 1 advanced to log sequence 226
Current log# 825 seq# 1067 mem# 0
ARC0: Archival started
Starting background process VKTM
ORA-32414: materialized view logs are not compatible with each other for fast refresh
Errors in file /u01/app/oracle/diag/rdbms/ttprod/ttprod1/trace/ttprod1_ora_75898.trc
ARC0: Archival started
ARC0: Archival started
Undo initialization finished
Starting background process VKTM
ORA-40284: model does not exist
Errors in file /u01/app/oracle/diag/rdbms/ttprod/ttprod1/trace/ttprod1_ora_40636.trc
Archived Log entry 736 added for thread 1 sequence 7904
ORA-53025: invalid constraint document: CRM.CALL_DETAIL_RECORDS
Archived Log entry 174 added for thread 1 sequence 8741
RMAN-06602: TO DESTINATION option can be used only for disk device
Thread 1 advanced to log sequence 208
Undo initialization finished
RDE-00032: length of service type " pg_toast_12345 " ( number ) is greater than than the maximum allowed: number
ARC0: Archival started
ARC0: Archival started
ORA-36763: (XSAGGCNTMOVE01) Aggregation variable workspace object cannot have itself as an AGGCOUNT.
Errors in file /u01/app/oracle/diag/rdbms/ttprod/ttprod1/trace/ttprod1_ora_54863.trc
Undo initialization finished
Completed checkpoint up to RBA
Starting background process VKTM
ARC0: Archival started
ORA-21706: duration does not exist or is invalid
Thread 1 advanced to log sequence 397
Beginning log switch checkpoint up to RBA
ORA-38707: Media recovery is not enabled.
Beginning log switch checkpoint up to RBA
ARC0: Archival started
ARC0: Archival started
ORA-42004: redefinition not instantiated
Errors in file /u01/app/oracle/diag/rdbms/ttprod/ttprod1/trace/ttprod1_ora_86885.trc
Thread 1 advanced to log sequence 225
Current log# 68 seq# 4775 mem# 0
Completed checkpoint up to RBA
Beginning log switch checkpoint up to RBA
Beginning log switch checkpoint up to RBA
ORA-32045: maximum level of recursion reached while executing recursive WITH query
Archived Log entry 67 added for thread 1 sequence 5346
Undo initialization finished
Starting background process VKTM
Current log# 209 seq# 4998 mem# 0
ORA-26902: CRM.CALL_DETAIL_RECORDS propagation sender in the combined capture and apply mode is to be suspended while apply is enabled.
Errors in file /u01/app/oracle/diag/rdbms/ttprod/ttprod1/trace/ttprod1_ora_50101.trc
Archived Log entry 893 added for thread 1 sequence 8834
Current log# 228 seq# 2671 mem# 0
NZE-28807: Cannot update the data source.
Undo initialization finished
Thread 1 advanced to log sequence 703
Current log# 394 seq# 4174 mem# 0
Undo initialization finished
Current log# 808 seq# 4996 mem# 0
QSM-02039: top level mv query uses grouping sets
Thread 1 advanced to log sequence 843
Archived Log entry 523 added for thread 1 sequence 3630
Completed checkpoint up to RBA
Thread 1 advanced to log sequence 135
Completed checkpoint up to RBA
CRS-02112: The OLR service started on node NETWORK_OPS.SIM_INVENTORY .
Archived Log entry 759 added for thread 1 sequence 5602
Current log# 671 seq# 3272 mem# 0
ARC0: Archival started
Undo initialization finished
ORA-30986: XML Index with more than one virtual column is disallowed
Starting background process VKTM
ARC0: Archival started
Thread 1 advanced to log sequence 616
ARC0: Archival started
ORA-30653: reject limit reached
Completed checkpoint up to RBA
ORA-26792: Invalid source database name pg_toast_12345
Current log# 230 seq# 2369 mem# 0
Starting background process VKTM
Beginning log switch checkpoint up to RBA
Completed checkpoint up to RBA
Beginning log switch checkpoint up to RBA
RMAN-08138: WARNING: archived log not deleted - must create more backups
ARC0: Archival started
Beginning log switch checkpoint up to RBA
Current log# 609 seq# 8781 mem# 0
ORA-33032: (XSAGDNGL15) In AGGMAP workspace object , VALUESET workspace object must be in extra dimensions of the relation.
Completed checkpoint up to RBA
DRG-11532: error reading through end of line 42 for file 3
Starting background process VKTM
ORA-22818: subquery expressions not allowed here
ARC0: Archival started
Undo initialization finished
Current log# 484 seq# 7286 mem# 0
Beginning log switch checkpoint up to RBA
CRS-02784: Internal error, invalid server ' BILLING.CUST_ORDERS ' in local placement policy. Details at shared pool in UNDOTBS1 .
Completed checkpoint up to RBA
Undo initialization finished
Completed checkpoint up to RBA
Starting background process VKTM
RMAN-06213: --------------- ---------------------------------------------------
Current log# 287 seq# 7840 mem# 0
RMAN-08027: channel ttprod2 : copied current control file
Current log# 30 seq# 1705 mem# 0
Archived Log entry 110 added for thread 1 sequence 1226
ARC0: Archival started
Beginning log switch checkpoint up to RBA
Current log# 192 seq# 6227 mem# 0
IMG-00726: invalid value for the AVI framerate
Beginning log switch checkpoint up to RBA
ARC0: Archival started
ARC0: Archival started
Undo initialization finished
Current log# 45 seq# 8679 mem# 0
ORA-02822: Invalid block offset
Completed checkpoint up to RBA
Beginning log switch checkpoint up to RBA
RMAN-02000: wrong message file version (msg number not found)
Completed checkpoint up to RBA
Current log# 528 seq# 3897 mem# 0
Beginning log switch checkpoint up to RBA
Archived Log entry 120 added for thread 1 sequence 7218
Current log# 776 seq# 1335 mem# 0
ORA-28179: client user name not provided by proxy
Undo initialization finished
Undo initialization finished
Beginning log switch checkpoint up to RBA
DRG-10200: invalid server personality mask: ttprod1
Starting background process VKTM
Archived Log entry 141 added for thread 1 sequence 8561
Thread 1 advanced to log sequence 288
RMAN-06447: changed proxy copy available
Thread 1 advanced to log sequence 934
Starting background process VKTM
Completed checkpoint up to RBA
RMAN-06202: Deleted ttprod1 EXPIRED objects
Beginning log switch checkpoint up to RBA
ARC0: Archival started
Undo initialization finished
ORA-23611: tablespace " PK_CUSTOMER_ACCOUNTS " has more than one data file
Starting background process VKTM
Undo initialization finished
ORA-10651: incorrect file number block number specified
Undo initialization finished
Archived Log entry 839 added for thread 1 sequence 6664
ARC0: Archival started
Archived Log entry 837 added for thread 1 sequence 5249
LFI-01512: stat() failed
Errors in file /u01/app/oracle/diag/rdbms/ttprod/ttprod1/trace/ttprod1_ora_88662.trc
Thread 1 advanced to log sequence 609
ARC0: Archival started
Starting background process VKTM
PGA-21002: unable to obtain number bytes of memory for pg_toast_12345
ARC0: Archival started
Beginning log switch checkpoint up to RBA
LSX-00285: referenced key "~S" is not defined
Errors in file /u01/app/oracle/diag/rdbms/ttprod/ttprod1/trace/ttprod1_ora_11482.trc
Undo initialization finished
Archived Log entry 833 added for thread 1 sequence 9677
Archived Log entry 549 added for thread 1 sequence 8564
Current log# 847 seq# 4252 mem# 0
ORA-13462: invalid blocking specification
Errors in file /u01/app/oracle/diag/rdbms/ttprod/ttprod1/trace/ttprod1_ora_95357.trc
Completed checkpoint up to RBA
Beginning log switch checkpoint up to RBA
Starting background process VKTM
Current log# 338 seq# 4311 mem# 0
OCI-22062: invalid input INVOICE_LINES_IDX [ 42 ]
Errors in file /u01/app/oracle/diag/rdbms/ttprod/ttprod1/trace/ttprod1_ora_88148.trc
Archived Log entry 953 added for thread 1 sequence 6838
Starting background process VKTM
ORA-27234: unable to read file
Undo initialization finished
Starting background process VKTM
Archived Log entry 383 added for thread 1 sequence 7040
Thread 1 advanced to log sequence 228
PLS-00950: In this version, PL/SQL tables can not be used in this SQL statement.
Thread 1 advanced to log sequence 232
Beginning log switch checkpoint up to RBA
Archived Log entry 582 added for thread 1 sequence 2885
ORA-01645: previous attempt to make read write is half complete
Errors in file /u01/app/oracle/diag/rdbms/ttprod/ttprod1/trace/ttprod1_ora_44237.trc
Current log# 218 seq# 5097 mem# 0
NNO-00708: cache flush countdown aborted
Completed checkpoint up to RBA
Undo initialization finished
NNO-00327: server statistic counter dump ends
Errors in file /u01/app/oracle/diag/rdbms/ttprod/ttprod1/trace/ttprod1_ora_97354.trc
Undo initialization finished
ARC0: Archival started
Thread 1 advanced to log sequence 713
ORA-48291: Field name 42 can't be unique resolved
Beginning log switch checkpoint up to RBA
Starting background process VKTM
Completed checkpoint up to RBA
Undo initialization finished
Starting background process VKTM
ORA-31116: Tablespace not specified correctly
Undo initialization finished
ORA-30037: Cannot perform parallel DML after a prior DML on the object
Undo initialization finished
Completed checkpoint up to RBA
ORA-13974: ttprod2 with name " pg_toast_12345 " already exists
Current log# 576 seq# 9171 mem# 0
ORA-38436: attribute set used for an Expression set may not be modified.
Undo initialization finished
Beginning log switch checkpoint up to RBA
ARC0: Archival started
Archived Log entry 251 added for thread 1 sequence 8748
TNS-04087: Unable to shutdown atleast one of the gateways.
Current log# 674 seq# 4996 mem# 0
Current log# 885 seq# 5814 mem# 0
Archived Log entry 599 added for thread 1 sequence 6280
Archived Log entry 269 added for thread 1 sequence 4016
ORA-01263: Name given for file destination directory is invalid
Current log# 161 seq# 1661 mem# 0
Undo initialization finished
Completed checkpoint up to RBA
ARC0: Archival started
ARC0: Archival started
DRG-11316: $S table cannot be created with BILLING.CUST_ORDERS
Current log# 866 seq# 4563 mem# 0
Starting background process VKTM
Archived Log entry 224 added for thread 1 sequence 3584
Beginning log switch checkpoint up to RBA
Thread 1 advanced to log sequence 356
ORA-26515: no master log available for ' ttprod1 . /u01/app/oracle/oradata/ttprod/users01.dbf '
Beginning log switch checkpoint up to RBA
ORA-15257: exceeded 3 number of members per user group
Errors in file /u01/app/oracle/diag/rdbms/ttprod/ttprod1/trace/ttprod1_ora_95296.trc
Beginning log switch checkpoint up to RBA
NID-00308: Control File 3 - dbid changed
Errors in file /u01/app/oracle/diag/rdbms/ttprod/ttprod1/trace/ttprod1_ora_40010.trc
Archived Log entry 846 added for thread 1 sequence 9930
Undo initialization finished
TNS-00229: Error in call: unable to deliver message : shared pool : /u01/app/oracle/oradata/ttprod/users01.dbf reporting_schema 3
Beginning log switch checkpoint up to RBA
Undo initialization finished
Undo initialization finished
Starting background process VKTM
LPX-01110: [FOCA0006] String to be cast to decimal has too many digits of precision
Beginning log switch checkpoint up to RBA
Thread 1 advanced to log sequence 277
Thread 1 advanced to log sequence 907
Undo initialization finished
ORA-24327: need explicit attach before authenticating a user
Errors in file /u01/app/oracle/diag/rdbms/ttprod/ttprod1/trace/ttprod1_ora_79007.trc
Beginning log switch checkpoint up to RBA
Completed checkpoint up to RBA
Thread 1 advanced to log sequence 773
ORA-17612: Failed to discover Oracle Disk Manager library, return value USERS
Thread 1 advanced to log sequence 684
Thread 1 advanced to log sequence 452
Undo initialization finished
Completed checkpoint up to RBA
Beginning log switch checkpoint up to RBA
DRG-12237: a section named idx_users_email already exists in this section group
ARC0: Archival started
Starting background process VKTM
Beginning log switch checkpoint up to RBA
Undo initialization finished
Starting background process VKTM
ORA-31232: DBMS_LDAP: invalid MOD_PROPERTY_SET
Thread 1 advanced to log sequence 292
Beginning log switch checkpoint up to RBA
ARC0: Archival started
DRG-11877: This Cache Version Has Expired And Will Be Automatically Reloaded
Beginning log switch checkpoint up to RBA
ORA-19288: XPST0017 - invalid number of arguments to function - 3
Starting background process VKTM
Undo initialization finished
Beginning log switch checkpoint up to RBA
Completed checkpoint up to RBA
ORA-00704: bootstrap process failure
Thread 1 advanced to log sequence 272
Current log# 999 seq# 3851 mem# 0
Beginning log switch checkpoint up to RBA
TNS-00025: INTCTL: The ORACLE environment is not set up correctly
Undo initialization finished
Archived Log entry 916 added for thread 1 sequence 7338
Thread 1 advanced to log sequence 97
Beginning log switch checkpoint up to RBA
ORA-01281: SCN range specified is invalid
Completed checkpoint up to RBA
Beginning log switch checkpoint up to RBA
ARC0: Archival started
Completed checkpoint up to RBA
PLS-00339: " fk_order_customer " matches object-table without a REF or VALUE modifier
Completed checkpoint up to RBA
ORA-24082: propagation may still be happening for the schedule for QUEUE DATA_TS01 and DESTINATION ttprod1
Beginning log switch checkpoint up to RBA
Archived Log entry 641 added for thread 1 sequence 7633
Archived Log entry 478 added for thread 1 sequence 4764
Undo initialization finished
NCR-03025: NCRO: Failed to make LIST connection(s)
Completed checkpoint up to RBA
Undo initialization finished
Completed checkpoint up to RBA
INS-41519: One or more voting disk file locations are not valid.
Beginning log switch checkpoint up to RBA
Archived Log entry 971 added for thread 1 sequence 7173
Thread 1 advanced to log sequence 906
ORA-09837: addCallback: could not add allocate a callback link.
ARC0: Archival started
Current log# 777 seq# 5473 mem# 0
Starting background process VKTM
Undo initialization finished
RMAN-08002: starting full resync of recovery catalog
Undo initialization finished
Undo initialization finished
ORA-54537: incorrect box surface due to wrong orientation
Undo initialization finished
Thread 1 advanced to log sequence 650
Beginning log switch checkpoint up to RBA
Starting background process VKTM
Thread 1 advanced to log sequence 963
EVM-00301: Failed to open logger config file " ttprod2 "
Thread 1 advanced to log sequence 646
Thread 1 advanced to log sequence 320
Beginning log switch checkpoint up to RBA
Completed checkpoint up to RBA
Current log# 851 seq# 7564 mem# 0
ORA-48219: Key Name Doesn't Match Any Existing Key
Errors in file /u01/app/oracle/diag/rdbms/ttprod/ttprod1/trace/ttprod1_ora_58930.trc
Thread 1 advanced to log sequence 705
Archived Log entry 37 added for thread 1 sequence 5921
Thread 1 advanced to log sequence 660
ORA-15096: lost disk write detected
Completed checkpoint up to RBA
ARC0: Archival started
DRG-11133: failed to convert a datatime value [ora- number ]
Current log# 469 seq# 4845 mem# 0
Undo initialization finished
Archived Log entry 345 added for thread 1 sequence 6166
RMAN-08007: channel TNS_ADMIN : copied datafile copy of datafile /u01/app/oracle/oradata/ttprod/users01.dbf
Undo initialization finished
RMAN-08044: channel CRM.CALL_DETAIL_RECORDS : finished piece UNDOTBS1 at USERS
Archived Log entry 532 added for thread 1 sequence 5112
Undo initialization finished
DRG-50922: PL/SQL execution failed for pg_toast_12345
Archived Log entry 271 added for thread 1 sequence 9818
RMAN-06778: WARNING: 17 : sqlcode number was caught, automatic retry # UNDOTBS1
Current log# 280 seq# 4523 mem# 0
PLS-00181: unsupported preprocessor directive ' BILLING.CUST_ORDERS '
Completed checkpoint up to RBA
TNS-00074: * status - get statistics from the process_name
Errors in file /u01/app/oracle/diag/rdbms/ttprod/ttprod1/trace/ttprod1_ora_85445.trc
Beginning log switch checkpoint up to RBA
ARC0: Archival started
ORA-13479: cannot reproject
Archived Log entry 379 added for thread 1 sequence 8370
Starting background process VKTM
ARC0: Archival started
Current log# 623 seq# 9158 mem# 0
CRS-01649: An I/O error occured for voting file: ttprod1 ; details at PK_CUSTOMER_ACCOUNTS in APP_USER42 .
Completed checkpoint up to RBA
Undo initialization finished
Undo initialization finished
Undo initialization finished
Undo initialization finished
RMAN-06114: changed control file copy available
Errors in file /u01/app/oracle/diag/rdbms/ttprod/ttprod1/trace/ttprod1_ora_39042.trc
ARC0: Archival started
Undo initialization finished
Beginning log switch checkpoint up to RBA
Beginning log switch checkpoint up to RBA
PRCR-01114: Failed to relocate servers {0} into server pool {1}
Starting background process VKTM
ARC0: Archival started
LPX-00250: invalid attribute declaration
Beginning log switch checkpoint up to RBA
Completed checkpoint up to RBA
ARC0: Archival started
Current log# 591 seq# 2003 mem# 0
Current log# 205 seq# 8430 mem# 0
ORA-22864: cannot ALTER or DROP LOB indexes
Beginning log switch checkpoint up to RBA
Thread 1 advanced to log sequence 266
ARC0: Archival started
RMAN-06121: uncataloged control file copy
Current log# 480 seq# 3054 mem# 0
RMAN-06064: creating datafile file number= pk_orders name= NETWORK_OPS.SIM_INVENTORY
Errors in file /u01/app/oracle/diag/rdbms/ttprod/ttprod1/trace/ttprod1_ora_62960.trc
Beginning log switch checkpoint up to RBA
Undo initialization finished
Thread 1 advanced to log sequence 682
Archived Log entry 417 added for thread 1 sequence 2712
ARC0: Archival started
ORA-38719: Invalid DUMP FLASHBACK object.
ARC0: Archival started
ORA-02721: osnseminit: cannot create semaphore set
ARC0: Archival started
PRVF-03915: Environment variable name "{0}" is not set on nodes:
Starting background process VKTM
NNL-00551: Displays cache statistics
Errors in file /u01/app/oracle/diag/rdbms/ttprod/ttprod1/trace/ttprod1_ora_45296.trc
Completed checkpoint up to RBA
PRKH-03009: An attempt was made by Cluster Synchronization Services to release a lock that was not held
Beginning log switch checkpoint up to RBA
RMAN-08542: channel INVOICE_LINES_IDX : starting proxy archived log backup at INVOICE_LINES_IDX
Undo initialization finished
ORA-29532: Java call terminated by uncaught Java exception: SYSAUX
Starting background process VKTM
Archived Log entry 345 added for thread 1 sequence 3517
ARC0: Archival started
Completed checkpoint up to RBA
RMAN-06899: updating recovery catalog with new database incarnation
Current log# 77 seq# 4527 mem# 0
Archived Log entry 78 added for thread 1 sequence 3308
RMAN-08611: channel ttprod2 : piece handle= session_1123 tag= ttprod2
ARC0: Archival started
Current log# 318 seq# 9499 mem# 0
Current log# 816 seq# 2944 mem# 0
Completed checkpoint up to RBA
ORA-23304: malformed deferred rpc at arg UNDOTBS1 of SP2-0552 in call ttprod2 , in tid _SYSSMU12$
Undo initialization finished
INS-07010: Invalid argument UNDOTBS1
Current log# 988 seq# 5026 mem# 0
Beginning log switch checkpoint up to RBA
Thread 1 advanced to log sequence 134
ORA-23619: non-Oracle system error: CRM.CALL_DETAIL_RECORDS
Undo initialization finished
Current log# 257 seq# 8944 mem# 0
Current log# 73 seq# 5324 mem# 0
Starting background process VKTM
XOQ-00603: Fatal error occurred: unwise to proceed.
Beginning log switch checkpoint up to RBA
Thread 1 advanced to log sequence 319
ORA-31038: Invalid CRM.CALL_DETAIL_RECORDS value: " CDR_STAGING "
Undo initialization finished
Starting background process VKTM
CRS-04044: CRS Administrator List: SP2-0552
Errors in file /u01/app/oracle/diag/rdbms/ttprod/ttprod1/trace/ttprod1_ora_24032.trc
Thread 1 advanced to log sequence 187
Completed checkpoint up to RBA
Beginning log switch checkpoint up to RBA
Completed checkpoint up to RBA
Current log# 898 seq# 1644 mem# 0
KUP-04028: conversion of character length to a number failed
Completed checkpoint up to RBA
Thread 1 advanced to log sequence 927
Thread 1 advanced to log sequence 124
ORA-15051: file ' ttprod2 ' contains _SYSSMU12$ error(s)
Errors in file /u01/app/oracle/diag/rdbms/ttprod/ttprod1/trace/ttprod1_ora_78778.trc
Starting background process VKTM
ORA-13200: internal error [ 1024 ] in spatial indexing.
Undo initialization finished
ORA-30372: fine grain access policy conflicts with materialized view
Completed checkpoint up to RBA
Archived Log entry 966 added for thread 1 sequence 3516
Current log# 282 seq# 9096 mem# 0
PRCR-01077: Failed to calculate status for resource {0}: {1}/{2}
Errors in file /u01/app/oracle/diag/rdbms/ttprod/ttprod1/trace/ttprod1_ora_76236.trc
Archived Log entry 793 added for thread 1 sequence 2385
Completed checkpoint up to RBA
Current log# 43 seq# 3792 mem# 0
Starting background process VKTM
Archived Log entry 625 added for thread 1 sequence 1043
RMAN-08529: proxy file handle= ttprod1
Undo initialization finished
TNS-12680: Native services disabled but required
Errors in file /u01/app/oracle/diag/rdbms/ttprod/ttprod1/trace/ttprod1_ora_62339.trc
Archived Log entry 245 added for thread 1 sequence 7785
Completed checkpoint up to RBA
Undo initialization finished
Undo initialization finished
Current log# 817 seq# 3035 mem# 0
RMAN-07508: cataloging done
Undo initialization finished
Thread 1 advanced to log sequence 8
ORA-15086: Diskgroup sector size must be specified.
Completed checkpoint up to RBA
Thread 1 advanced to log sequence 437
PRVF-04125: Failed to retrieve storage type for "{0}"
Completed checkpoint up to RBA
Beginning log switch checkpoint up to RBA
Undo initialization finished
Archived Log entry 828 added for thread 1 sequence 8075
ARC0: Archival started
ORA-07228: rtecho: unable to restore terminal to echo mode.
Beginning log switch checkpoint up to RBA
Completed checkpoint up to RBA
Thread 1 advanced to log sequence 804
Thread 1 advanced to log sequence 92
Starting background process VKTM
DRG-50937: query too complex
Current log# 656 seq# 9251 mem# 0
Current log# 525 seq# 8802 mem# 0
Thread 1 advanced to log sequence 483
Archived Log entry 712 added for thread 1 sequence 3403
EXP-00048: Cannot export SYSAUX Tablespace for Point-in-time Recovery or Transportable Tablespace
Undo initialization finished
Thread 1 advanced to log sequence 405
Archived Log entry 134 added for thread 1 sequence 5418
ORA-53211: unable to read invalid ORDDicom object
Thread 1 advanced to log sequence 230
Undo initialization finished
RMAN-08120: WARNING: archived log not deleted, not yet applied by standby
Archived Log entry 921 added for thread 1 sequence 9510
Current log# 488 seq# 9148 mem# 0
Archived Log entry 47 added for thread 1 sequence 5206
Current log# 987 seq# 9069 mem# 0
ARC0: Archival started
ORA-55348: label generator error: RDF data not enabled for ttprod1
Errors in file /u01/app/oracle/diag/rdbms/ttprod/ttprod1/trace/ttprod1_ora_58580.trc
Archived Log entry 580 added for thread 1 sequence 1647
ARC0: Archival started
Undo initialization finished
Completed checkpoint up to RBA
Archived Log entry 924 added for thread 1 sequence 3040
NNL-00520: Changes an existing name's TTL
Errors in file /u01/app/oracle/diag/rdbms/ttprod/ttprod1/trace/ttprod1_ora_62983.trc
Completed checkpoint up to RBA
ARC0: Archival started
Beginning log switch checkpoint up to RBA
DIA-48410: The trace path exceeds the maximum number [ 5000 ]
Beginning log switch checkpoint up to RBA
Beginning log switch checkpoint up to RBA
Completed checkpoint up to RBA
Beginning log switch checkpoint up to RBA
RMAN-12018: channel pg_toast_12345 disabled, job failed on it will be run on another channel
Errors in file /u01/app/oracle/diag/rdbms/ttprod/ttprod1/trace/ttprod1_ora_87189.trc
Beginning log switch checkpoint up to RBA
Undo initialization finished
Undo initialization finished
Current log# 879 seq# 8389 mem# 0
Archived Log entry 272 added for thread 1 sequence 7912
IMG-00540: contentFormat and interleave conflict
Undo initialization finished
ORA-06557: null values are not allowed for any parameters to pipe icd's
Thread 1 advanced to log sequence 524
ARC0: Archival started
Current log# 720 seq# 9929 mem# 0
Thread 1 advanced to log sequence 802
ORA-39918: PLSQL Functional Index INVOICE_LINES_IDX . shared pool in tablespace shared pool not allowed in transportable set.
Current log# 414 seq# 7666 mem# 0
Current log# 635 seq# 1439 mem# 0
Completed checkpoint up to RBA
Current log# 401 seq# 7208 mem# 0
ORA-13764: Value " SP2-0552 " is illegal as a result percentage.
Beginning log switch checkpoint up to RBA
Thread 1 advanced to log sequence 482
DRG-11838: Proxy Reauthentication Required
Errors in file /u01/app/oracle/diag/rdbms/ttprod/ttprod1/trace/ttprod1_ora_12941.trc
Current log# 526 seq# 2498 mem# 0
Beginning log switch checkpoint up to RBA
Archived Log entry 364 added for thread 1 sequence 6125
Starting background process VKTM
ORA-01365: waiting for new branch registration
Starting background process VKTM
Archived Log entry 832 added for thread 1 sequence 9224
Undo initialization finished
Current log# 686 seq# 9827 mem# 0
Thread 1 advanced to log sequence 67
ORA-38852: cannot mark the current instance (redo thread) as disabled
Thread 1 advanced to log sequence 408
Starting background process VKTM
Thread 1 advanced to log sequence 490
Archived Log entry 570 added for thread 1 sequence 5820
Current log# 678 seq# 8786 mem# 0
ORA-48160: invalid input for ADR product id
Undo initialization finished
Current log# 443 seq# 4340 mem# 0
ARC0: Archival started
Undo initialization finished
PLS-01705: table specified by a cursor not updatable if cursor specification has a UNION or ORDER_BY
Thread 1 advanced to log sequence 643
Current log# 314 seq# 9864 mem# 0
Current log# 243 seq# 7843 mem# 0
Beginning log switch checkpoint up to RBA
LPX-00226: entity "~S" is not declared
Undo initialization finished
RMAN-05036: FOR DB_UNIQUE_NAME option cannot be used for this configuration
Completed checkpoint up to RBA
Current log# 708 seq# 6729 mem# 0
ARC0: Archival started
Starting background process VKTM
Beginning log switch checkpoint up to RBA
OCI-21520: database server driver not installed
Errors in file /u01/app/oracle/diag/rdbms/ttprod/ttprod1/trace/ttprod1_ora_73979.trc
Archived Log entry 406 added for thread 1 sequence 1944
Completed checkpoint up to RBA
Beginning log switch checkpoint up to RBA
Current log# 217 seq# 3996 mem# 0
Completed checkpoint up to RBA
ORA-28603: statement not permitted on empty tables
Errors in file /u01/app/oracle/diag/rdbms/ttprod/ttprod1/trace/ttprod1_ora_32847.trc
Current log# 204 seq# 4249 mem# 0
ORA-08340: This command not allowed on nCUBE, only one thread is ever used.
Undo initialization finished
Completed checkpoint up to RBA
Current log# 371 seq# 9578 mem# 0
Completed checkpoint up to RBA
Completed checkpoint up to RBA
RMAN-06899: updating recovery catalog with new database incarnation
Completed checkpoint up to RBA
Beginning log switch checkpoint up to RBA
ARC0: Archival started
Beginning log switch checkpoint up to RBA
Current log# 757 seq# 2788 mem# 0
ORA-30732: table contains no user-visible columns
ARC0: Archival started
ARC0: Archival started
Thread 1 advanced to log sequence 506
Thread 1 advanced to log sequence 712
ORA-36313: (PHYS03) The VALUE option of PHYSICAL cannot be applied to a variable.
Starting background process VKTM
Current log# 986 seq# 4375 mem# 0
Thread 1 advanced to log sequence 241
Completed checkpoint up to RBA
Current log# 228 seq# 3567 mem# 0
NNO-00107: line INVOICE_LINES_IDX : ignoring stale checkpoint data
Undo initialization finished
Starting background process VKTM
Current log# 760 seq# 7701 mem# 0
Completed checkpoint up to RBA
ORA-38727: FLASHBACK DATABASE requires a current control file.
ARC0: Archival started
Archived Log entry 535 added for thread 1 sequence 8381
Archived Log entry 33 added for thread 1 sequence 9059
INS-40601: The Intelligent Platform Management Interface (IPMI) driver is not installed on one or more of the following nodes: reporting_schema .
Undo initialization finished
Beginning log switch checkpoint up to RBA
ARC0: Archival started
Completed checkpoint up to RBA
Beginning log switch checkpoint up to RBA
ORA-54651: CREATE_TIN: invalid parameters specified in creation of TIN
Errors in file /u01/app/oracle/diag/rdbms/ttprod/ttprod1/trace/ttprod1_ora_30497.trc
Thread 1 advanced to log sequence 177
Current log# 596 seq# 5511 mem# 0
SQL-02105: Inconsistent cursor cache. Global cursor not found
Thread 1 advanced to log sequence 388
ARC0: Archival started
Starting background process VKTM
Thread 1 advanced to log sequence 47
DRG-12605: datatype of column number in COLUMNS list is not supported
ARC0: Archival started
Undo initialization finished
Thread 1 advanced to log sequence 549
Starting background process VKTM
TNS-01112: Plug and play can either be ON or OFF
Thread 1 advanced to log sequence 308
ARC0: Archival started
INS-41802: Unable to determine release of Oracle Automatic Storage Management running from home NETWORK_OPS.SIM_INVENTORY .
Errors in file /u01/app/oracle/diag/rdbms/ttprod/ttprod1/trace/ttprod1_ora_29487.trc
Archived Log entry 216 added for thread 1 sequence 4968
Undo initialization finished
NNL-00501: set|show log_stats_interval [<seconds>] [<server_list>] : set|show the server's statistic counter logging interval
Thread 1 advanced to log sequence 149
Completed checkpoint up to RBA
ORA-03251: Cannot issue this command on SYSTEM tablespace
Errors in file /u01/app/oracle/diag/rdbms/ttprod/ttprod1/trace/ttprod1_ora_40087.trc
Completed checkpoint up to RBA
Starting background process VKTM
ARC0: Archival started
Completed checkpoint up to RBA
Starting background process VKTM
ORA-14309: Total count of list values exceeds maximum allowed
Undo initialization finished
Completed checkpoint up to RBA
Thread 1 advanced to log sequence 992
ARC0: Archival started
Undo initialization finished
LPX-00234: namespace prefix "~S" is not declared
Completed checkpoint up to RBA
RMAN-08106: channel app_db : restoring block(s)
Beginning log switch checkpoint up to RBA
Beginning log switch checkpoint up to RBA
Thread 1 advanced to log sequence 890
Current log# 563 seq# 4984 mem# 0
ARC0: Archival started
RMAN-06529: CHANGE ... KEEP not supported for ARCHIVELOG
Undo initialization finished
Undo initialization finished
Thread 1 advanced to log sequence 963
Current log# 144 seq# 2716 mem# 0
Starting background process VKTM
ORA-31420: unable to submit the purge job
Thread 1 advanced to log sequence 633
Beginning log switch checkpoint up to RBA
Current log# 262 seq# 8946 mem# 0
DRG-10878: Missing closing tag in XML Query
Thread 1 advanced to log sequence 606
ORA-36693: (XSRELGID25) INHIERARCHY cannot be specified with the GROUPSET and ROLLUP options of GROUPINGID.
Undo initialization finished
ORA-25952: join index must only contain inner equi-joins
Beginning log switch checkpoint up to RBA
Current log# 541 seq# 2486 mem# 0
ORA-26694: error while enqueueing into queue /u01/app/oracle/oradata/ttprod/users01.dbf . 1024
Undo initialization finished
Beginning log switch checkpoint up to RBA
RMAN-08044: channel app_db : finished piece 3 at reporting_schema
Archived Log entry 579 added for thread 1 sequence 4255
Completed checkpoint up to RBA
ARC0: Archival started
Archived Log entry 190 added for thread 1 sequence 8726
OCI-04031: unable to allocate fk_order_customer bytes of shared memory (" UNDOTBS1 "," _SYSSMU12$ "," 3 ")
Errors in file /u01/app/oracle/diag/rdbms/ttprod/ttprod1/trace/ttprod1_ora_15681.trc
Completed checkpoint up to RBA
Completed checkpoint up to RBA
Completed checkpoint up to RBA
Beginning log switch checkpoint up to RBA
PGU-41006: value for parameter ' USERS ' missing
Undo initialization finished
ARC0: Archival started
Starting background process VKTM
PCB-00316: SQL FORMS statements are Oracle extensions
Errors in file /u01/app/oracle/diag/rdbms/ttprod/ttprod1/trace/ttprod1_ora_23988.trc
Current log# 325 seq# 4177 mem# 0
Current log# 145 seq# 9077 mem# 0
ORA-23543: materialized view log on " DATA_TS01 "." TNS_ADMIN " is in an inconsistent state
Completed checkpoint up to RBA
ARC0: Archival started
Current log# 288 seq# 5746 mem# 0
Starting background process VKTM
OCI-22286: insufficient privileges on directory or file to perform CRM.CALL_DETAIL_RECORDS operation
ARC0: Archival started
Thread 1 advanced to log sequence 221
Completed checkpoint up to RBA
PCB-00319: EXEC ORACLE statements are an Oracle extension
Undo initialization finished
ORA-00033: current session has empty migration password
Errors in file /u01/app/oracle/diag/rdbms/ttprod/ttprod1/trace/ttprod1_ora_68378.trc
Current log# 210 seq# 3444 mem# 0
RMAN-07525: Reason: File is not a supported file type in Recovery Area
Starting background process VKTM
Beginning log switch checkpoint up to RBA
ARC0: Archival started
QSM-01128: Multi MV rewrite is disabled
Current log# 735 seq# 2949 mem# 0
ORA-02069: global_names parameter must be set to TRUE for this operation
Errors in file /u01/app/oracle/diag/rdbms/ttprod/ttprod1/trace/ttprod1_ora_78983.trc
ARC0: Archival started
ORA-06441: ssvwatev: Incorrect parameter passed to function call
Archived Log entry 499 added for thread 1 sequence 3415
Archived Log entry 168 added for thread 1 sequence 3465
Current log# 112 seq# 1490 mem# 0
Current log# 634 seq# 7154 mem# 0
Archived Log entry 879 added for thread 1 sequence 8435
NNO-00065: loading cached data from checkpoint file " ttstandby01 "
Beginning log switch checkpoint up to RBA
Starting background process VKTM
XOQ-01495: cannot specify both a target attribute " ttprod2 " and a target dimension " TNS_ADMIN "
Undo initialization finished
Thread 1 advanced to log sequence 88
RMAN-08517: backup piece handle= CRM.CALL_DETAIL_RECORDS RECID= _SYSSMU7$ STAMP= TNS_ADMIN
Beginning log switch checkpoint up to RBA
Archived Log entry 426 added for thread 1 sequence 9738
Current log# 193 seq# 2966 mem# 0
ORA-19800: Unable to initialize Oracle Managed Destination
Errors in file /u01/app/oracle/diag/rdbms/ttprod/ttprod1/trace/ttprod1_ora_69426.trc
Archived Log entry 442 added for thread 1 sequence 8844
Starting background process VKTM
Thread 1 advanced to log sequence 393
Completed checkpoint up to RBA
Current log# 520 seq# 8915 mem# 0
QSM-01021: materialized view, _SYSSMU7$ , not found in the hint list
Errors in file /u01/app/oracle/diag/rdbms/ttprod/ttprod1/trace/ttprod1_ora_61006.trc
Thread 1 advanced to log sequence 671
ARC0: Archival started
RMAN-08601: channel 17 : AUTOBACKUP USERS found in ASM disk group user_sessions
Undo initialization finished
Current log# 679 seq# 5915 mem# 0
Undo initialization finished
Thread 1 advanced to log sequence 559
Thread 1 advanced to log sequence 660
RMAN-06020: connected to auxiliary database (not started)
Starting background process VKTM
ARC0: Archival started
ORA-12042: cannot alter job_queue_processes in single process mode
ARC0: Archival started
Thread 1 advanced to log sequence 968
Starting background process VKTM
Completed checkpoint up to RBA
PCB-00303: Dynamic SQL and PL/SQL are Oracle extensions to ANSI SQL
Beginning log switch checkpoint up to RBA
Undo initialization finished
ORA-25021: cannot reference a trigger defined on another table
Starting background process VKTM
Archived Log entry 110 added for thread 1 sequence 3939
Starting background process VKTM
ORA-28606: block too fragmented to build bitmap index ( APP_USER42 , /u01/app/oracle/oradata/ttprod/users01.dbf )
Thread 1 advanced to log sequence 489
Undo initialization finished
ORA-12164: TNS:Sqlnet.fdf file not present
Archived Log entry 373 added for thread 1 sequence 1516
Current log# 819 seq# 9862 mem# 0
ORA-55353: invalid column name for label column app_db
Undo initialization finished
Undo initialization finished
Starting background process VKTM
Undo initialization finished
Archived Log entry 578 added for thread 1 sequence 2766
OCI-31041: Property _SYSSMU12$ : Memory type ( user_sessions ) not compatible with database type ( large pool )
Errors in file /u01/app/oracle/diag/rdbms/ttprod/ttprod1/trace/ttprod1_ora_60968.trc
Undo initialization finished
Thread 1 advanced to log sequence 21
ORA-15512: directory " SYSAUX " does not contain a valid processed workload capture
Archived Log entry 889 added for thread 1 sequence 1897
Completed checkpoint up to RBA
Starting background process VKTM
Starting background process VKTM
Beginning log switch checkpoint up to RBA
PRKH-03150: Unexpected error ({0}) returned from DHCP module
Thread 1 advanced to log sequence 948
Starting background process VKTM
Current log# 152 seq# 8637 mem# 0
Undo initialization finished
Current log# 178 seq# 7598 mem# 0
NZE-29010: Export key length does not meet export restrictions.
Starting background process VKTM
Undo initialization finished
Archived Log entry 915 added for thread 1 sequence 8297
XOQ-01498: Calculation model " USERS " specifies invalid explicit dimension " DATA_TS01 ".
Completed checkpoint up to RBA
Completed checkpoint up to RBA
Thread 1 advanced to log sequence 431
Beginning log switch checkpoint up to RBA
Starting background process VKTM
ORA-36225: (XSLPDSC06) A LOOP AGGMAP list must contain an aggmap object, followed by one or more variables and/or dimensions.
Errors in file /u01/app/oracle/diag/rdbms/ttprod/ttprod1/trace/ttprod1_ora_70458.trc
Starting background process VKTM
Current log# 236 seq# 7391 mem# 0
Current log# 423 seq# 5651 mem# 0
Starting background process VKTM
LSX-00023: unknown namespace URI "~S"
Archived Log entry 397 added for thread 1 sequence 3848
Starting background process VKTM
Thread 1 advanced to log sequence 318
CRS-09102: No data for the node at the given time
Current log# 584 seq# 5157 mem# 0
ARC0: Archival started
QSM-00781: the specified value SP2-0552 is invalid for parameter CRM.CALL_DETAIL_RECORDS . Valid keywords are 17
Errors in file /u01/app/oracle/diag/rdbms/ttprod/ttprod1/trace/ttprod1_ora_41658.trc
ARC0: Archival started
Current log# 14 seq# 2969 mem# 0
Current log# 849 seq# 9808 mem# 0
Archived Log entry 688 added for thread 1 sequence 8430
Current log# 533 seq# 2862 mem# 0
PRCD-01028: Failed to retrieve service resource {0} for database {1}
Errors in file /u01/app/oracle/diag/rdbms/ttprod/ttprod1/trace/ttprod1_ora_48339.trc
Archived Log entry 882 added for thread 1 sequence 3727
Archived Log entry 320 added for thread 1 sequence 8511
ARC0: Archival started
ARC0: Archival started
Archived Log entry 114 added for thread 1 sequence 9455
INS-07006: Unabled to save the bean store to the given target.
ARC0: Archival started
ORA-53125: invalid range tag: /u01/app/oracle/oradata/ttprod/users01.dbf
Errors in file /u01/app/oracle/diag/rdbms/ttprod/ttprod1/trace/ttprod1_ora_45655.trc
Beginning log switch checkpoint up to RBA
Starting background process VKTM
Completed checkpoint up to RBA
TNS-12582: TNS:invalid operation
Errors in file /u01/app/oracle/diag/rdbms/ttprod/ttprod1/trace/ttprod1_ora_92207.trc
Beginning log switch checkpoint up to RBA
Beginning log switch checkpoint up to RBA
Beginning log switch checkpoint up to RBA
Completed checkpoint up to RBA
Starting background process VKTM
ORA-23613: Script pk_orders already exists
Archived Log entry 829 added for thread 1 sequence 9100
ORA-02048: attempt to begin distributed transaction without logging on
Errors in file /u01/app/oracle/diag/rdbms/ttprod/ttprod1/trace/ttprod1_ora_88992.trc
Beginning log switch checkpoint up to RBA
ORA-26809: Capture aborted: checkpoint-free mode requires combined capture and apply mode.
Errors in file /u01/app/oracle/diag/rdbms/ttprod/ttprod1/trace/ttprod1_ora_63961.trc
Archived Log entry 218 added for thread 1 sequence 5711
Current log# 846 seq# 8789 mem# 0
Completed checkpoint up to RBA
ORA-13291: conversion error between the specified unit and standard unit
Archived Log entry 384 added for thread 1 sequence 8159
Undo initialization finished
Current log# 847 seq# 4963 mem# 0
ORA-46258: Cleanup not initialized for the audit trail
Current log# 239 seq# 2385 mem# 0
OCI-04022: nowait requested, but had to wait to lock dictionary object
Thread 1 advanced to log sequence 160
ARC0: Archival started
CRS-00012: An error occurred while attempting to rename file " USERS " to " 1024 " during log file rotation. Additional diagnostics: PK_CUSTOMER_ACCOUNTS
Thread 1 advanced to log sequence 531
Archived Log entry 733 added for thread 1 sequence 2653
ARC0: Archival started
XOQ-01905: GenerateRefreshMV is not specified in AWCubeOrganization.
ARC0: Archival started
ARC0: Archival started
Thread 1 advanced to log sequence 423
ARC0: Archival started
TNS-02517: key smaller than requested size
Errors in file /u01/app/oracle/diag/rdbms/ttprod/ttprod1/trace/ttprod1_ora_32870.trc
Thread 1 advanced to log sequence 215
PRCD-01063: Invalid service taf policy {0}
ARC0: Archival started
Beginning log switch checkpoint up to RBA
Starting background process VKTM
Undo initialization finished
ARC0: Archival started
RMAN-05010: target database must be opened in READ WRITE mode for Tablespace Point-in-Time Recovery
Starting background process VKTM
PCC-00109: Dynamic SQL and PL/SQL are Oracle extensions to ANSI SQL
Starting background process VKTM
Archived Log entry 716 added for thread 1 sequence 6009
Beginning log switch checkpoint up to RBA
Completed checkpoint up to RBA
ORA-36642: (XSDUNION06) Concat dimension list contains duplicate leaf dimension workspace object .
Beginning log switch checkpoint up to RBA
ORA-31456: error executing a procedure in the DBMS_CDC_UTILITY package
Errors in file /u01/app/oracle/diag/rdbms/ttprod/ttprod1/trace/ttprod1_ora_28997.trc
Undo initialization finished
Archived Log entry 865 added for thread 1 sequence 9744
Thread 1 advanced to log sequence 476
Archived Log entry 228 added for thread 1 sequence 5407
ORA-32575: Explicit column default is not supported for modifying views
Starting background process VKTM
ARC0: Archival started
Beginning log switch checkpoint up to RBA
Beginning log switch checkpoint up to RBA
Completed checkpoint up to RBA
DIA-48130: invalid lock parameters for get file lock [ TNS_ADMIN ]
Undo initialization finished
ORA-07582: spstp: ORA_SID has illegal value
Errors in file /u01/app/oracle/diag/rdbms/ttprod/ttprod1/trace/ttprod1_ora_97037.trc
Beginning log switch checkpoint up to RBA
Archived Log entry 590 added for thread 1 sequence 3925
Thread 1 advanced to log sequence 743
Completed checkpoint up to RBA
ORA-37077: (XSMCSESS05) Object workspace object is specified more than once.
Current log# 864 seq# 9298 mem# 0
Undo initialization finished
Undo initialization finished
DRG-10532: table is not partitioned
Completed checkpoint up to RBA
Beginning log switch checkpoint up to RBA
PLS-01506: CREATE INDEX is non-ANSI
ARC0: Archival started
PRKN-01036: Windows registry key "{0}" not found on node "{1}"
Errors in file /u01/app/oracle/diag/rdbms/ttprod/ttprod1/trace/ttprod1_ora_16798.trc
ARC0: Archival started
Starting background process VKTM
Archived Log entry 390 added for thread 1 sequence 3508
ORA-09856: smpalo: vm_allocate error while allocating pga.
ARC0: Archival started
ARC0: Archival started
ORA-07755: slemcf: fseek before read failure
Current log# 693 seq# 9843 mem# 0
Completed checkpoint up to RBA
Undo initialization finished
ARC0: Archival started
QSM-00800: the specified workload name idx_users_email is invalid
Current log# 792 seq# 5328 mem# 0
Starting background process VKTM
NZE-28862: SSL connection failed
Starting background process VKTM
NNC-00004: connection is broken
Undo initialization finished
RMAN-05045: Performing import of metadata...
Thread 1 advanced to log sequence 806
Current log# 245 seq# 2302 mem# 0
Thread 1 advanced to log sequence 61
Completed checkpoint up to RBA
Beginning log switch checkpoint up to RBA
ORA-53070: manifest file: 1024 does not contain all the Oracle documents
Undo initialization finished
Thread 1 advanced to log sequence 72
Undo initialization finished
Starting background process VKTM
Completed checkpoint up to RBA
PCC-00040: Unable to open listing file " session_1123 "
Completed checkpoint up to RBA
Starting background process VKTM
Completed checkpoint up to RBA
Undo initialization finished
Starting background process VKTM
RMAN-08054: starting media recovery
ARC0: Archival started
Thread 1 advanced to log sequence 34
ARC0: Archival started
Completed checkpoint up to RBA
PGU-41131: FIELD specified, but USAGE, PLSFNAME, or language input absent
ARC0: Archival started
Thread 1 advanced to log sequence 524
Archived Log entry 732 added for thread 1 sequence 1598
DRG-12515: cannot specify language for stopwords in a BASIC_STOPLIST
Thread 1 advanced to log sequence 955
NNO-00332: warning: region store serial number reduced from number to number
Current log# 348 seq# 4618 mem# 0
ORA-24434: OCIStmtRelease called before OCIStmtPrepare2.
Undo initialization finished
ARC0: Archival started
ORA-28353: failed to open wallet
Current log# 468 seq# 5202 mem# 0
Completed checkpoint up to RBA
Current log# 968 seq# 6738 mem# 0
Beginning log switch checkpoint up to RBA
Starting background process VKTM
CRS-09019: Error UNDOTBS1 : No parameter app_db supported
Errors in file /u01/app/oracle/diag/rdbms/ttprod/ttprod1/trace/ttprod1_ora_39501.trc
Starting background process VKTM
Archived Log entry 873 added for thread 1 sequence 5640
Archived Log entry 498 added for thread 1 sequence 5949
Starting background process VKTM
Thread 1 advanced to log sequence 159
ORA-24854: invalid pieceinfo provided
Current log# 130 seq# 6399 mem# 0
ARC0: Archival started
Thread 1 advanced to log sequence 396
ARC0: Archival started
ORA-19284: Encoding specification in version declaration not supported
Current log# 373 seq# 6067 mem# 0
PRCD-01087: Invalid failover type {0}
ARC0: Archival started
ARC0: Archival started
Undo initialization finished
Undo initialization finished
NPL-00312: attempt to put ASN.1 "UNIV" type with illegal tag _SYSSMU7$
ARC0: Archival started
IMG-00725: output image will be empty
Starting background process VKTM
Completed checkpoint up to RBA
Completed checkpoint up to RBA
ORA-23407: object name shared pool must be shaped like "schema"."object" or "object"
Beginning log switch checkpoint up to RBA
Beginning log switch checkpoint up to RBA
ORA-15260: permission denied on ASM disk group
Completed checkpoint up to RBA
Undo initialization finished
Beginning log switch checkpoint up to RBA
ORA-09291: sksachk: invalid device specified for archive destination
Undo initialization finished
Undo initialization finished
ARC0: Archival started
Beginning log switch checkpoint up to RBA
Current log# 696 seq# 3427 mem# 0
OCI-30161: A system error occurred during the OCIFile function call
Archived Log entry 740 added for thread 1 sequence 7312
Undo initialization finished
Undo initialization finished
PGU-35002: failure to open cursor for statement pk_orders : rc SP2-0552
Errors in file /u01/app/oracle/diag/rdbms/ttprod/ttprod1/trace/ttprod1_ora_88901.trc
Current log# 690 seq# 1815 mem# 0
Thread 1 advanced to log sequence 942
Archived Log entry 783 added for thread 1 sequence 4826
Thread 1 advanced to log sequence 616
RMAN-08504: input archived log thread= app_db sequence= NETWORK_OPS.SIM_INVENTORY RECID= shared pool STAMP= CRM.CALL_DETAIL_RECORDS
Starting background process VKTM
Starting background process VKTM
Beginning log switch checkpoint up to RBA
Starting background process VKTM
Current log# 24 seq# 7966 mem# 0
ORA-39156: error parsing dump file name " 5000 "
Current log# 378 seq# 2223 mem# 0
Beginning log switch checkpoint up to RBA
Starting background process VKTM
DRG-11823: Not Found
ARC0: Archival started
Undo initialization finished
RMAN-08021: channel CDR_STAGING : restoring control file
ARC0: Archival started
Archived Log entry 115 added for thread 1 sequence 4937
Beginning log switch checkpoint up to RBA
Archived Log entry 117 added for thread 1 sequence 4979
Archived Log entry 441 added for thread 1 sequence 2078
ORA-27087: unable to get share lock - file not readable
Errors in file /u01/app/oracle/diag/rdbms/ttprod/ttprod1/trace/ttprod1_ora_54155.trc
Archived Log entry 677 added for thread 1 sequence 9360
ARC0: Archival started
Undo initialization finished
Thread 1 advanced to log sequence 823
Current log# 500 seq# 1374 mem# 0
ORA-14270: table is not partitioned by Range, System, Hash or List method
Beginning log switch checkpoint up to RBA
ARC0: Archival started
Beginning log switch checkpoint up to RBA
ORA-16527: unable to allocate broker System Global Area (SGA) memory
ARC0: Archival started
Current log# 148 seq# 6767 mem# 0
Beginning log switch checkpoint up to RBA
ORA-39112: Dependent object type /u01/app/oracle/oradata/ttprod/users01.dbf skipped, base object type ttstandby01 creation failed
Undo initialization finished
Thread 1 advanced to log sequence 639
RMAN-00206: Do you really want to drop the database (enter YES or NO)?
Thread 1 advanced to log sequence 182
ARC0: Archival started
RMAN-08039: channel app_db : starting incremental datafile backup set restore
ARC0: Archival started
Archived Log entry 754 added for thread 1 sequence 5788
Current log# 27 seq# 4983 mem# 0
ORA-06259: NETNTT: cannot read from remote process
Undo initialization finished
Completed checkpoint up to RBA
Beginning log switch checkpoint up to RBA
ORA-54005: keyword VIRTUAL cannot be specified here
Completed checkpoint up to RBA
Archived Log entry 523 added for thread 1 sequence 6279
Starting background process VKTM
ARC0: Archival started
NID-00417: Change of database ID failed.
Errors in file /u01/app/oracle/diag/rdbms/ttprod/ttprod1/trace/ttprod1_ora_91752.trc
Starting background process VKTM
Starting background process VKTM
Completed checkpoint up to RBA
ORA-36962: (XSRELTBL08) ttstandby01 is not a valid workspace object .
Errors in file /u01/app/oracle/diag/rdbms/ttprod/ttprod1/trace/ttprod1_ora_31655.trc
Starting background process VKTM
Archived Log entry 515 added for thread 1 sequence 3674
Undo initialization finished
Beginning log switch checkpoint up to RBA
Starting background process VKTM
PROC-00002: Cannot perform cluster registry operation at the current init level.
Archived Log entry 419 added for thread 1 sequence 7767
Beginning log switch checkpoint up to RBA
ORA-37179: expected at least one column for dimension NETWORK_OPS.SIM_INVENTORY , got _SYSSMU12$
Thread 1 advanced to log sequence 439
Undo initialization finished
ORA-39801: Subtype " pk_orders "." pk_orders " is not a valid subtype for column session_1123 .
Current log# 536 seq# 7025 mem# 0
ARC0: Archival started
Beginning log switch checkpoint up to RBA
ORA-25318: Propagation stopped because of instance affinity change
Starting background process VKTM
ORA-39043: Object type pg_toast_12345 is not supported for SP2-0552 .
Errors in file /u01/app/oracle/diag/rdbms/ttprod/ttprod1/trace/ttprod1_ora_12199.trc
Undo initialization finished
Current log# 54 seq# 5804 mem# 0
RMAN-08053: channel idx_users_email : finished piece pk_orders at app_db with NETWORK_OPS.SIM_INVENTORY copies and tag DATA_TS01
Completed checkpoint up to RBA
Starting background process VKTM
Current log# 853 seq# 4791 mem# 0
Current log# 48 seq# 7470 mem# 0
ORA-07214: slgunm: uname error, unable to get system information.
ARC0: Archival started
Beginning log switch checkpoint up to RBA
Current log# 30 seq# 7163 mem# 0
Archived Log entry 131 added for thread 1 sequence 1434
IMG-00711: unable to set properties of destination image
Archived Log entry 187 added for thread 1 sequence 3470
Archived Log entry 723 added for thread 1 sequence 3296
Archived Log entry 349 added for thread 1 sequence 6421
CRS-01013: The OCR location in an ASM disk group is inaccessible. Details in 5000 .
ARC0: Archival started
Thread 1 advanced to log sequence 944
ORA-22970: name does not correspond to an object view
Starting background process VKTM
Thread 1 advanced to log sequence 410
Completed checkpoint up to RBA
Completed checkpoint up to RBA
ORA-10973: backout evet for 2619509
Errors in file /u01/app/oracle/diag/rdbms/ttprod/ttprod1/trace/ttprod1_ora_44837.trc
Completed checkpoint up to RBA
Completed checkpoint up to RBA
Starting background process VKTM
Archived Log entry 662 added for thread 1 sequence 2247
OCI-21604: property [ _SYSSMU7$ ] is not a property of transient or value instances
Starting background process VKTM
ARC0: Archival started
Starting background process VKTM
Current log# 942 seq# 1316 mem# 0
ORA-32103: error from OCI call
Starting background process VKTM
ORA-19009: Missing XMLSchema keyword
Completed checkpoint up to RBA
Undo initialization finished
ORA-44305: service DATA_TS01 is running
Completed checkpoint up to RBA
Current log# 236 seq# 2486 mem# 0
Starting background process VKTM
Archived Log entry 802 added for thread 1 sequence 9636
Completed checkpoint up to RBA
PRVF-04090: Node connectivity failed for interface "{0}"
ARC0: Archival started
Undo initialization finished
Starting background process VKTM
Completed checkpoint up to RBA
Archived Log entry 453 added for thread 1 sequence 5240
NCR-03014: NCRO: Bad transport address
Current log# 955 seq# 2826 mem# 0
Thread 1 advanced to log sequence 131
Beginning log switch checkpoint up to RBA
Completed checkpoint up to RBA
ORA-28367: wallet does not exist
Errors in file /u01/app/oracle/diag/rdbms/ttprod/ttprod1/trace/ttprod1_ora_52807.trc
Completed checkpoint up to RBA
Starting background process VKTM
Undo initialization finished
Completed checkpoint up to RBA
ORA-30686: no dispatcher accepted TCP/IP connection request
Archived Log entry 546 added for thread 1 sequence 3219
Completed checkpoint up to RBA
Archived Log entry 216 added for thread 1 sequence 2906
Archived Log entry 627 added for thread 1 sequence 2300
DRG-11503: insert statement overflows maximum statement size
Completed checkpoint up to RBA
Current log# 983 seq# 4632 mem# 0
XOQ-01730: Refresh method " UNDOTBS1 " requires a suitable materialized view.
ARC0: Archival started
Thread 1 advanced to log sequence 123
ORA-01259: unable to delete datafile 17
Beginning log switch checkpoint up to RBA
ARC0: Archival started
Completed checkpoint up to RBA
Undo initialization finished
Current log# 405 seq# 8109 mem# 0
PCB-00307: DROP TABLE statement is an Oracle extension
Starting background process VKTM
Undo initialization finished
Starting background process VKTM
NNO-00067: server reload check countdown aborted
Archived Log entry 580 added for thread 1 sequence 4383
Current log# 930 seq# 6847 mem# 0
RMAN-06515: archived logs required to recover from this copy will expire when this copy expires
Undo initialization finished
ORA-39116: invalid trigger operation on mutating table app_db . USERS
Starting background process VKTM
Archived Log entry 726 added for thread 1 sequence 1957
ORA-29373: resource manager is not on
Completed checkpoint up to RBA
Beginning log switch checkpoint up to RBA
Thread 1 advanced to log sequence 553
Current log# 900 seq# 7395 mem# 0
Undo initialization finished
ORA-30005: missing or invalid WAIT interval
Errors in file /u01/app/oracle/diag/rdbms/ttprod/ttprod1/trace/ttprod1_ora_45176.trc
Starting background process VKTM
RMAN-08127: cataloged backup piece
Errors in file /u01/app/oracle/diag/rdbms/ttprod/ttprod1/trace/ttprod1_ora_30951.trc
Starting background process VKTM
Undo initialization finished
Beginning log switch checkpoint up to RBA
Current log# 785 seq# 3047 mem# 0
RMAN-06177: restore not done; all files read only, offline, or already restored
Errors in file /u01/app/oracle/diag/rdbms/ttprod/ttprod1/trace/ttprod1_ora_96522.trc
Undo initialization finished
ARC0: Archival started
Archived Log entry 41 added for thread 1 sequence 4150
ORA-39222: Unable to create global temporary master table INVOICE_LINES_IDX
Current log# 377 seq# 8864 mem# 0
Thread 1 advanced to log sequence 677
Undo initialization finished
Completed checkpoint up to RBA
Thread 1 advanced to log sequence 783
CLSR-00505: Empty event type is specified
Completed checkpoint up to RBA
Starting background process VKTM
Beginning log switch checkpoint up to RBA
Archived Log entry 480 added for thread 1 sequence 4398
ORA-31406: change source SYSAUX is referenced by a change set
Undo initialization finished
Completed checkpoint up to RBA
Archived Log entry 345 added for thread 1 sequence 5496
Thread 1 advanced to log sequence 483
Undo initialization finished
INS-40920: No name was provided as the virtual IP name.
Thread 1 advanced to log sequence 780
Starting background process VKTM
RMAN-06463: Backup set key fk_order_customer cannot be backed up by proxy.
Starting background process VKTM
Beginning log switch checkpoint up to RBA
Archived Log entry 549 added for thread 1 sequence 4607
Current log# 112 seq# 5429 mem# 0
Current log# 919 seq# 4099 mem# 0
OCI-31047: Could not retrieve resource data at path NETWORK_OPS.SIM_INVENTORY
Errors in file /u01/app/oracle/diag/rdbms/ttprod/ttprod1/trace/ttprod1_ora_13505.trc
Beginning log switch checkpoint up to RBA
Beginning log switch checkpoint up to RBA
Current log# 786 seq# 9707 mem# 0
Undo initialization finished
ORA-41663: invalid use of "equal" or "sequence" attribute with a single event
Thread 1 advanced to log sequence 325
ARC0: Archival started
Current log# 230 seq# 2966 mem# 0
ORA-06549: PL/SQL: failed to dynamically open shared object (DLL): ttprod2 : BILLING.CUST_ORDERS
Current log# 322 seq# 2197 mem# 0
Archived Log entry 835 added for thread 1 sequence 3438
Thread 1 advanced to log sequence 515
Archived Log entry 736 added for thread 1 sequence 9092
Undo initialization finished
ORA-16270: PL/SQL procedure skipped due to unmaintained standby objects
Errors in file /u01/app/oracle/diag/rdbms/ttprod/ttprod1/trace/ttprod1_ora_90662.trc
ARC0: Archival started
Thread 1 advanced to log sequence 169
ORA-14292: Partitioning type of table must match subpartitioning type of composite partition
Starting background process VKTM
Starting background process VKTM
ORA-39907: Index pk_orders . NETWORK_OPS.SIM_INVENTORY in tablespace _SYSSMU7$ points to table ttprod2 . PK_CUSTOMER_ACCOUNTS in tablespace SP2-0552 .
Current log# 710 seq# 4705 mem# 0
ORA-02482: Syntax error in event specification ( SP2-0552 )
Completed checkpoint up to RBA
Undo initialization finished
Thread 1 advanced to log sequence 930
Current log# 938 seq# 3896 mem# 0
DRG-11613: URL store: connection refused to host specified by ttprod1
ARC0: Archival started
ARC0: Archival started
Archived Log entry 854 added for thread 1 sequence 7665
Beginning log switch checkpoint up to RBA
Starting background process VKTM
OCI-31013: Invalid XPATH expression
Errors in file /u01/app/oracle/diag/rdbms/ttprod/ttprod1/trace/ttprod1_ora_39627.trc
Beginning log switch checkpoint up to RBA
Thread 1 advanced to log sequence 854
Archived Log entry 643 added for thread 1 sequence 4223
Current log# 558 seq# 4490 mem# 0
ORA-15483: volume driver version is not compatible with the ASM instance
Completed checkpoint up to RBA
Beginning log switch checkpoint up to RBA
Archived Log entry 989 added for thread 1 sequence 8696
Current log# 316 seq# 3428 mem# 0
NZE-28841: Operation is not supported.
Completed checkpoint up to RBA
Starting background process VKTM
Thread 1 advanced to log sequence 695
Archived Log entry 394 added for thread 1 sequence 6551
ORA-24234: unable to get source of INVOICE_LINES_IDX " 42 "." 42 ", insufficient privileges or does not exist
Current log# 812 seq# 5084 mem# 0
ARC0: Archival started
Archived Log entry 455 added for thread 1 sequence 8880
Completed checkpoint up to RBA
RMAN-08162: executing Memory Script
Completed checkpoint up to RBA
PCC-02392: You are already in an EXEC SQL DECLARE SECTION
Undo initialization finished
Completed checkpoint up to RBA
ARC0: Archival started
RMAN-08090: channel CRM.CALL_DETAIL_RECORDS : starting proxy restore
Undo initialization finished
Archived Log entry 819 added for thread 1 sequence 3710
Thread 1 advanced to log sequence 196
Undo initialization finished
ORA-32048: cycle mark column name for CYCLE clause must not be part of the column alias list
ARC0: Archival started
Undo initialization finished
Current log# 821 seq# 1808 mem# 0
Current log# 910 seq# 8234 mem# 0
Archived Log entry 260 added for thread 1 sequence 9381
INS-41204: No shared partition are available between nodes.
Archived Log entry 255 added for thread 1 sequence 3186
Current log# 802 seq# 8210 mem# 0
Thread 1 advanced to log sequence 874
Thread 1 advanced to log sequence 26
Archived Log entry 196 added for thread 1 sequence 3079
PCB-00559: Cursor was not declared in scrollable mode
ARC0: Archival started
ARC0: Archival started
Thread 1 advanced to log sequence 212
ARC0: Archival started
ORA-07623: smscre: $CRMPSC failure
Errors in file /u01/app/oracle/diag/rdbms/ttprod/ttprod1/trace/ttprod1_ora_25596.trc
Thread 1 advanced to log sequence 313
Completed checkpoint up to RBA
INS-40919: Hostname cannot be left unfilled.
Current log# 248 seq# 7617 mem# 0
Archived Log entry 986 added for thread 1 sequence 3220
Thread 1 advanced to log sequence 804
Current log# 716 seq# 8305 mem# 0
Completed checkpoint up to RBA
ORA-15559: workload replay client cannot open workload capture file
Archived Log entry 465 added for thread 1 sequence 7661
Current log# 889 seq# 7286 mem# 0
Beginning log switch checkpoint up to RBA
Undo initialization finished
DRG-50923: could not rewrite PL/SQL for execution
ARC0: Archival started
Archived Log entry 552 added for thread 1 sequence 3744
Completed checkpoint up to RBA
Archived Log entry 589 added for thread 1 sequence 6472
DRG-11870: Response From WAIS Server Too Large -- Extra Lines Ignored
Errors in file /u01/app/oracle/diag/rdbms/ttprod/ttprod1/trace/ttprod1_ora_43279.trc
ARC0: Archival started
Starting background process VKTM
ARC0: Archival started
NNL-00223: Statistic counters are next logged in app_db
Starting background process VKTM
Undo initialization finished
Current log# 195 seq# 6937 mem# 0
ORA-15308: could not access ASM SPFILE in RDBMS instance
Thread 1 advanced to log sequence 518
Undo initialization finished
Beginning log switch checkpoint up to RBA
Undo initialization finished
ORA-30564: Index maintainence clause not allowed for ADD partition to RANGE partitioned tables
Starting background process VKTM
Completed checkpoint up to RBA
ARC0: Archival started
Thread 1 advanced to log sequence 689
IMG-00527: invalid deletePages specified
Errors in file /u01/app/oracle/diag/rdbms/ttprod/ttprod1/trace/ttprod1_ora_23141.trc
Thread 1 advanced to log sequence 228
CRS-02676: Start of ' reporting_schema ' on ' pg_toast_12345 ' succeeded
Current log# 649 seq# 3266 mem# 0
Completed checkpoint up to RBA
TNS-03505: Failed to resolve name
Thread 1 advanced to log sequence 312
ARC0: Archival started
Completed checkpoint up to RBA
Beginning log switch checkpoint up to RBA
INS-35092: The service name provided for RAC One cannot be the same as the global database name.
Thread 1 advanced to log sequence 316
Current log# 480 seq# 3094 mem# 0
Current log# 795 seq# 4743 mem# 0
PGU-30003: transaction shared pool , version SP2-0552 body generated to file USERS
Current log# 828 seq# 4183 mem# 0
Undo initialization finished
Beginning log switch checkpoint up to RBA
ORA-13438: GeoRaster metadata pyramid type error
ARC0: Archival started
Thread 1 advanced to log sequence 686
ARC0: Archival started
Thread 1 advanced to log sequence 624
ORA-00339: archived log does not contain any redo
Completed checkpoint up to RBA
Beginning log switch checkpoint up to RBA
Starting background process VKTM
Undo initialization finished
RMAN-06948: searching flashback logs for block images
Beginning log switch checkpoint up to RBA
Beginning log switch checkpoint up to RBA
LSX-00024: unknown attribute group "~S"
Starting background process VKTM
Thread 1 advanced to log sequence 685
Starting background process VKTM
Current log# 868 seq# 3504 mem# 0
KUP-11015: error in unloading or loading data
Errors in file /u01/app/oracle/diag/rdbms/ttprod/ttprod1/trace/ttprod1_ora_11419.trc
Completed checkpoint up to RBA
ARC0: Archival started
Thread 1 advanced to log sequence 533
Completed checkpoint up to RBA
DIA-48488: The predicate APP_USER42 exceeds the maximum length [ pk_orders ]
Errors in file /u01/app/oracle/diag/rdbms/ttprod/ttprod1/trace/ttprod1_ora_44087.trc
Thread 1 advanced to log sequence 705
ARC0: Archival started
Completed checkpoint up to RBA
Current log# 66 seq# 4917 mem# 0
DIA-48424: SHOW TRACE command needs argument
Errors in file /u01/app/oracle/diag/rdbms/ttprod/ttprod1/trace/ttprod1_ora_52426.trc
Thread 1 advanced to log sequence 256
ARC0: Archival started
Undo initialization finished
Archived Log entry 527 added for thread 1 sequence 8918
ORA-30991: cannot use DOM to add special attribute to schema-based parent
Errors in file /u01/app/oracle/diag/rdbms/ttprod/ttprod1/trace/ttprod1_ora_89095.trc
Completed checkpoint up to RBA
NNC-00005: cannot initialization stream subsystem
Completed checkpoint up to RBA
Completed checkpoint up to RBA
ARC0: Archival started
Starting background process VKTM
ORA-24361: basic bind call not invoked before invoking advanced bind call
Thread 1 advanced to log sequence 637
Starting background process VKTM
Thread 1 advanced to log sequence 846
PLS-00520: MAP methods must be declared without any parameters other than (optional) SELF.
Starting background process VKTM
Archived Log entry 884 added for thread 1 sequence 4460
ORA-01511: error in renaming log/data files
Starting background process VKTM
ARC0: Archival started
Thread 1 advanced to log sequence 678
XOQ-01151: OCI error: NETWORK_OPS.SIM_INVENTORY
Thread 1 advanced to log sequence 254
Undo initialization finished
Archived Log entry 632 added for thread 1 sequence 5258
ORA-01900: LOGFILE keyword expected
Current log# 601 seq# 5486 mem# 0
Undo initialization finished
Beginning log switch checkpoint up to RBA
ORA-13859: Action cannot be specified without the module specification
Archived Log entry 46 added for thread 1 sequence 5145
Thread 1 advanced to log sequence 221
ORA-27072: File I/O error
Undo initialization finished
ARC0: Archival started
Archived Log entry 811 added for thread 1 sequence 4136
ORA-26868: user_sessions must be called during OCIXStreamInLCRSend execution
Completed checkpoint up to RBA
ORA-31473: date bound out of range
Beginning log switch checkpoint up to RBA
Beginning log switch checkpoint up to RBA
Current log# 203 seq# 7159 mem# 0
ORA-02080: database link is in use
ARC0: Archival started
Current log# 258 seq# 5396 mem# 0
Completed checkpoint up to RBA
Thread 1 advanced to log sequence 238
NZE-29226: No matching private key found.
Thread 1 advanced to log sequence 581
DIA-51109: repair script file is too large
Errors in file /u01/app/oracle/diag/rdbms/ttprod/ttprod1/trace/ttprod1_ora_49364.trc
Beginning log switch checkpoint up to RBA
Completed checkpoint up to RBA
Starting background process VKTM
KUP-04087: no execute access to directory object 5000
ARC0: Archival started
Beginning log switch checkpoint up to RBA
QSM-01079: DML operation occurred on a table referenced by MV, SYSAUX
Undo initialization finished
Beginning log switch checkpoint up to RBA
Archived Log entry 443 added for thread 1 sequence 1107
ORA-32824: schedule exists for source NETWORK_OPS.SIM_INVENTORY and destination USERS
Completed checkpoint up to RBA
Beginning log switch checkpoint up to RBA
ORA-16819: fast-start failover observer not started
Thread 1 advanced to log sequence 157
Current log# 436 seq# 8479 mem# 0
RMAN-06463: Backup set key SYSAUX cannot be backed up by proxy.
Errors in file /u01/app/oracle/diag/rdbms/ttprod/ttprod1/trace/ttprod1_ora_77417.trc
Undo initialization finished
Thread 1 advanced to log sequence 782
Beginning log switch checkpoint up to RBA
Undo initialization finished
KUP-04067: internal error allocating handle type SYSAUX
Completed checkpoint up to RBA
Current log# 145 seq# 3732 mem# 0
Completed checkpoint up to RBA
ARC0: Archival started
NID-00400: DBNEWID - Completed with errors.
Completed checkpoint up to RBA
Thread 1 advanced to log sequence 464
Starting background process VKTM
Thread 1 advanced to log sequence 879
PROC-00102: Cluster services error [ pk_orders ]
Current log# 17 seq# 6897 mem# 0
Beginning log switch checkpoint up to RBA
Current log# 50 seq# 1243 mem# 0
RMAN-08538: channel CRM.CALL_DETAIL_RECORDS : no AUTOBACKUP in 42 days found
Completed checkpoint up to RBA
PGU-00306: monitor cycle interval time out of range (1 - number )
Beginning log switch checkpoint up to RBA
ARC0: Archival started
Thread 1 advanced to log sequence 400
NNO-00055: invalid domain minimum TTL " SYSAUX "
Starting background process VKTM
Completed checkpoint up to RBA
ARC0: Archival started
ORA-09835: addCallback: callback port is already in a set.
ARC0: Archival started
Starting background process VKTM
Thread 1 advanced to log sequence 892
ARC0: Archival started
ORA-35066: (QFGET03) Extension number number is missing for EIF file SYSAUX .
Errors in file /u01/app/oracle/diag/rdbms/ttprod/ttprod1/trace/ttprod1_ora_45539.trc
Starting background process VKTM
Current log# 292 seq# 8020 mem# 0
Archived Log entry 515 added for thread 1 sequence 6099
Starting background process VKTM
Beginning log switch checkpoint up to RBA
ORA-19041: Comment data cannot contain two consecutive '-'s
ARC0: Archival started
ARC0: Archival started
NNL-00544: Displays operations statistics
Undo initialization finished
Current log# 129 seq# 5542 mem# 0
Current log# 21 seq# 3829 mem# 0
Completed checkpoint up to RBA
ORA-16127: stalled waiting for additional transactions to be applied
Undo initialization finished
Beginning log switch checkpoint up to RBA
Beginning log switch checkpoint up to RBA
Beginning log switch checkpoint up to RBA
Current log# 183 seq# 1873 mem# 0
ORA-25019: too much concurreny
Completed checkpoint up to RBA
Archived Log entry 340 added for thread 1 sequence 6994
TNS-02501: Authentication: no more roles
Completed checkpoint up to RBA
Undo initialization finished
NNL-00852: Renames refused, name is a topology name: number
Errors in file /u01/app/oracle/diag/rdbms/ttprod/ttprod1/trace/ttprod1_ora_54940.trc
Beginning log switch checkpoint up to RBA
Undo initialization finished
Beginning log switch checkpoint up to RBA
RMAN-05511: Datafile ttprod2 skipped by request
Current log# 768 seq# 7261 mem# 0
ARC0: Archival started
ORA-28404: role cannot be altered
Beginning log switch checkpoint up to RBA
Undo initialization finished
Starting background process VKTM
Thread 1 advanced to log sequence 408
ORA-38909: DML Error logging is not supported with BATCH ERROR mode
Errors in file /u01/app/oracle/diag/rdbms/ttprod/ttprod1/trace/ttprod1_ora_37791.trc
Archived Log entry 477 added for thread 1 sequence 5816
ARC0: Archival started
Archived Log entry 943 added for thread 1 sequence 8848
ORA-02423: schema name does not match schema authorization identifier
Starting background process VKTM
Beginning log switch checkpoint up to RBA
Current log# 106 seq# 8697 mem# 0
ARC0: Archival started
Completed checkpoint up to RBA
ORA-42015: online redefinition unable to log changes made to AQ tables
Starting background process VKTM
Archived Log entry 358 added for thread 1 sequence 1966
Beginning log switch checkpoint up to RBA
Undo initialization finished
Beginning log switch checkpoint up to RBA
ORA-13342: an arc geometry has fewer than three coordinates
Errors in file /u01/app/oracle/diag/rdbms/ttprod/ttprod1/trace/ttprod1_ora_57596.trc
Starting background process VKTM
Undo initialization finished
Current log# 570 seq# 9439 mem# 0
Current log# 317 seq# 9225 mem# 0
CRS-02785: Failed to register resource ' CDR_STAGING '. Details at USERS in SP2-0552 .
Beginning log switch checkpoint up to RBA
LSX-00272: BASE64-encoded binary grouped improperly (not 4's)
Undo initialization finished
CRS-04215: Wallet secret encoding error
Errors in file /u01/app/oracle/diag/rdbms/ttprod/ttprod1/trace/ttprod1_ora_62845.trc
Completed checkpoint up to RBA
Undo initialization finished
Undo initialization finished
PLS-00398: wrong number of columns in UNION, INTERSECT, or MINUS expression
Errors in file /u01/app/oracle/diag/rdbms/ttprod/ttprod1/trace/ttprod1_ora_19169.trc
Starting background process VKTM
Completed checkpoint up to RBA
ARC0: Archival started
ARC0: Archival started
Archived Log entry 467 added for thread 1 sequence 6615
ORA-02327: cannot create index on expression with datatype session_1123
Errors in file /u01/app/oracle/diag/rdbms/ttprod/ttprod1/trace/ttprod1_ora_37436.trc
Starting background process VKTM
RMAN-08600: ASM disk group to search: shared pool
Archived Log entry 538 added for thread 1 sequence 9610
Starting background process VKTM
Archived Log entry 93 added for thread 1 sequence 6370
ARC0: Archival started
RMAN-20212: UNTIL CHANGE is an orphan incarnation
Archived Log entry 89 added for thread 1 sequence 8888
ARC0: Archival started
Starting background process VKTM
PCB-00319: EXEC ORACLE statements are an Oracle extension
Current log# 240 seq# 9796 mem# 0
ORA-48131: error encountered when attempting to tell the file position
Errors in file /u01/app/oracle/diag/rdbms/ttprod/ttprod1/trace/ttprod1_ora_12081.trc
Beginning log switch checkpoint up to RBA
Completed checkpoint up to RBA
Thread 1 advanced to log sequence 914
DRG-11116: value of ttprod2 must be less than or equal to value of NETWORK_OPS.SIM_INVENTORY
Undo initialization finished
Archived Log entry 354 added for thread 1 sequence 6147
Completed checkpoint up to RBA
Thread 1 advanced to log sequence 824
ORA-15053: diskgroup " SYSAUX " contains existing files
Archived Log entry 506 added for thread 1 sequence 4570
Undo initialization finished
DRG-12517: cannot add stopthemes to a MULTI_STOPLIST
Completed checkpoint up to RBA
Undo initialization finished
Completed checkpoint up to RBA
Thread 1 advanced to log sequence 932
RMAN-08540: channel 42 : backup set complete, elapsed time: app_db
Errors in file /u01/app/oracle/diag/rdbms/ttprod/ttprod1/trace/ttprod1_ora_53273.trc
Current log# 591 seq# 1718 mem# 0
Archived Log entry 939 added for thread 1 sequence 3750
ORA-32053: operation not supported
Completed checkpoint up to RBA
Starting background process VKTM
Current log# 96 seq# 2332 mem# 0
Archived Log entry 139 added for thread 1 sequence 6867
Archived Log entry 994 added for thread 1 sequence 9367
PRKO-02128: Specified cardinality {0} is not valid for policy-managed RAC One Node service {1}
Undo initialization finished
ARC0: Archival started
Undo initialization finished
Completed checkpoint up to RBA
Current log# 784 seq# 8696 mem# 0
ORA-38494: column in the table alias and an attribute have matching names
Undo initialization finished
Completed checkpoint up to RBA
Completed checkpoint up to RBA
ORA-12466: default level is greater than the user's maximum
Thread 1 advanced to log sequence 598
Starting background process VKTM
Starting background process VKTM
Starting background process VKTM
ORA-14008: missing THAN keyword
Errors in file /u01/app/oracle/diag/rdbms/ttprod/ttprod1/trace/ttprod1_ora_57277.trc
Completed checkpoint up to RBA
Beginning log switch checkpoint up to RBA
Beginning log switch checkpoint up to RBA
Thread 1 advanced to log sequence 125
PLS-00394: wrong number of values in the INTO list of a FETCH statement
Errors in file /u01/app/oracle/diag/rdbms/ttprod/ttprod1/trace/ttprod1_ora_33530.trc
Starting background process VKTM
Undo initialization finished
Current log# 753 seq# 3760 mem# 0
Archived Log entry 656 added for thread 1 sequence 7413
ORA-13048: recursive SQL fetch error
Archived Log entry 278 added for thread 1 sequence 4729
Starting background process VKTM
ORA-28389: cannot close auto login wallet
Errors in file /u01/app/oracle/diag/rdbms/ttprod/ttprod1/trace/ttprod1_ora_85603.trc
Starting background process VKTM
NZE-28802: invalid mode or data source in configuration file
ARC0: Archival started
Starting background process VKTM
Archived Log entry 532 added for thread 1 sequence 7915
Beginning log switch checkpoint up to RBA
ORA-22904: invalid reference to a nested table column
Errors in file /u01/app/oracle/diag/rdbms/ttprod/ttprod1/trace/ttprod1_ora_72457.trc
Beginning log switch checkpoint up to RBA
Thread 1 advanced to log sequence 947
ARC0: Archival started
Thread 1 advanced to log sequence 889
ARC0: Archival started
ORA-12805: parallel query server died unexpectedly
Errors in file /u01/app/oracle/diag/rdbms/ttprod/ttprod1/trace/ttprod1_ora_18242.trc
Current log# 302 seq# 3986 mem# 0
Current log# 269 seq# 4692 mem# 0
ARC0: Archival started
ORA-16406: primary and standby database software version mismatch
Errors in file /u01/app/oracle/diag/rdbms/ttprod/ttprod1/trace/ttprod1_ora_72937.trc
Thread 1 advanced to log sequence 759
Thread 1 advanced to log sequence 984
ORA-30571: invalid SEGMENT SPACE MANAGEMENT clause
Completed checkpoint up to RBA
ARC0: Archival started
ORA-07271: spwat: invalid oracle process number.
Thread 1 advanced to log sequence 513
Thread 1 advanced to log sequence 854
Thread 1 advanced to log sequence 824
Current log# 908 seq# 1042 mem# 0
CRS-02544: The name ' 42 ' is longer than the allowed maximum of ' number ' characters
Thread 1 advanced to log sequence 886
Completed checkpoint up to RBA
Archived Log entry 919 added for thread 1 sequence 2489
Archived Log entry 65 added for thread 1 sequence 2163
PGU-41083: data definition ttprod1 version number deleted from PG DD
Thread 1 advanced to log sequence 45
Starting background process VKTM
ORA-16194: Modifying DB_UNIQUE_NAME requires SID='*' qualifier
Errors in file /u01/app/oracle/diag/rdbms/ttprod/ttprod1/trace/ttprod1_ora_24108.trc
Beginning log switch checkpoint up to RBA
Thread 1 advanced to log sequence 866
Archived Log entry 791 added for thread 1 sequence 1692
Starting background process VKTM
Beginning log switch checkpoint up to RBA
NNO-00107: line BILLING.CUST_ORDERS : ignoring stale checkpoint data
Undo initialization finished
Thread 1 advanced to log sequence 315
Thread 1 advanced to log sequence 905
ARC0: Archival started
Completed checkpoint up to RBA
PCB-00302: This statement is not supported by ANSI
ARC0: Archival started
Completed checkpoint up to RBA
Undo initialization finished
CRS-00019: file rotation terminated. log file: " ttprod2 "
Completed checkpoint up to RBA
Archived Log entry 223 added for thread 1 sequence 7163
Thread 1 advanced to log sequence 480
QSM-01274: query rewrite not possible because materialized view user_sessions and query have different number of joins between tables CDR_STAGING
Beginning log switch checkpoint up to RBA
TNS-00111: Failed to get configuration data from file
Current log# 324 seq# 8758 mem# 0
Undo initialization finished
QSM-02069: PCT not supported with multi-column partition key
Beginning log switch checkpoint up to RBA
Completed checkpoint up to RBA
Archived Log entry 416 added for thread 1 sequence 2257
PCC-00022: Out of space - unable to allocate number bytes
Starting background process VKTM
ARC0: Archival started
Current log# 545 seq# 4509 mem# 0
ORA-09202: sfifi: error identifying file
Undo initialization finished
Beginning log switch checkpoint up to RBA
Beginning log switch checkpoint up to RBA
Starting background process VKTM
KUP-04056: internal error: OCI error while fetching record: number
Completed checkpoint up to RBA
Undo initialization finished
ARC0: Archival started
SCLC-01008: Failed to get filters at location {0} for tier {1}
Errors in file /u01/app/oracle/diag/rdbms/ttprod/ttprod1/trace/ttprod1_ora_28808.trc
Starting background process VKTM
PRVF-05472: NTP daemon''s boot time configuration does not have slewing option "{0}" set on node "{1}"
ARC0: Archival started
Starting background process VKTM
Current log# 988 seq# 2108 mem# 0
Undo initialization finished
QSM-01022: a more optimal materialized view than USERS was used to rewrite
Archived Log entry 216 added for thread 1 sequence 3368
Starting background process VKTM
Current log# 49 seq# 6052 mem# 0
ORA-30576: ConText Option dictionary loading error
Errors in file /u01/app/oracle/diag/rdbms/ttprod/ttprod1/trace/ttprod1_ora_21724.trc
Beginning log switch checkpoint up to RBA
Undo initialization finished
Undo initialization finished
Completed checkpoint up to RBA
Starting background process VKTM
ORA-15305: cannot operate on ASM internal files
ARC0: Archival started
Beginning log switch checkpoint up to RBA
Beginning log switch checkpoint up to RBA
OCI-30945: Could not create mapping table ' _SYSSMU7$ '
Current log# 835 seq# 7847 mem# 0
ORA-08266: create_ora_addr: cannot register name in nameserver
Thread 1 advanced to log sequence 117
ORA-29526: created Java class session_1123 " CRM.CALL_DETAIL_RECORDS "
Errors in file /u01/app/oracle/diag/rdbms/ttprod/ttprod1/trace/ttprod1_ora_68984.trc
Archived Log entry 875 added for thread 1 sequence 4662
ORA-38478: creation of system trigger EXPFIL_DROPOBJ_MAINT failed
Errors in file /u01/app/oracle/diag/rdbms/ttprod/ttprod1/trace/ttprod1_ora_56489.trc
Undo initialization finished
Starting background process VKTM
Thread 1 advanced to log sequence 435
Archived Log entry 114 added for thread 1 sequence 5784
CLST-02502: failure INVOICE_LINES_IDX writing new configuration
Starting background process VKTM
Archived Log entry 742 added for thread 1 sequence 6422
Starting background process VKTM
ARC0: Archival started
QSM-01035: a row level security policy exists on this table
Errors in file /u01/app/oracle/diag/rdbms/ttprod/ttprod1/trace/ttprod1_ora_18722.trc
Completed checkpoint up to RBA
ARC0: Archival started
Archived Log entry 765 added for thread 1 sequence 3600
Undo initialization finished
ORA-01112: media recovery not started
Errors in file /u01/app/oracle/diag/rdbms/ttprod/ttprod1/trace/ttprod1_ora_63872.trc
Undo initialization finished
Completed checkpoint up to RBA
Current log# 884 seq# 4149 mem# 0
Thread 1 advanced to log sequence 687
Archived Log entry 120 added for thread 1 sequence 9861
ORA-36188: (XSAGGR16) AGGREGATE read a value less than 1 out of COUNTVAR variable workspace object . Either the values of the COUNTVAR variable are stored improperly, or there is problem in AGGREGATE. If no one has modified the values in this COUNTVAR, contact Oracle customer support.
Current log# 86 seq# 9117 mem# 0
Thread 1 advanced to log sequence 145
Beginning log switch checkpoint up to RBA
ARC0: Archival started
RMAN-06793: database with db_unique_name pg_toast_12345 unregistered from the recovery catalog
Errors in file /u01/app/oracle/diag/rdbms/ttprod/ttprod1/trace/ttprod1_ora_98131.trc
Beginning log switch checkpoint up to RBA
Beginning log switch checkpoint up to RBA
Thread 1 advanced to log sequence 30
PGA-21103: trace information written to BILLING.CUST_ORDERS
Errors in file /u01/app/oracle/diag/rdbms/ttprod/ttprod1/trace/ttprod1_ora_86870.trc
Current log# 939 seq# 4285 mem# 0
Undo initialization finished
ORA-19171: FORG0007: invalid argument to aggregate function
ARC0: Archival started
Undo initialization finished
Starting background process VKTM
NNO-00616: enabling DEFAULT-FORWARDERS-ONLY mode
Beginning log switch checkpoint up to RBA
ORA-55569: The UNDO_RETENTION parameter value should be atmost 42 , the _highthreshold_undoretention setting.
Archived Log entry 546 added for thread 1 sequence 2976
Current log# 772 seq# 6804 mem# 0
Completed checkpoint up to RBA
RMAN-08007: channel UNDOTBS1 : copied datafile copy of datafile session_1123
Beginning log switch checkpoint up to RBA
Beginning log switch checkpoint up to RBA
ORA-26738: ttprod1 ' session_1123 ' is not empty
Current log# 490 seq# 2459 mem# 0
Starting background process VKTM
Starting background process VKTM
Starting background process VKTM
ORA-16222: automatic Logical Standby retry of last action
Starting background process VKTM
Undo initialization finished
Current log# 715 seq# 9984 mem# 0
KUP-04103: error converting zoned decimal field to number for pg_toast_12345
Completed checkpoint up to RBA
ORA-00217: control file could not be resized for new record types
Errors in file /u01/app/oracle/diag/rdbms/ttprod/ttprod1/trace/ttprod1_ora_95563.trc
Archived Log entry 607 added for thread 1 sequence 4401
Starting background process VKTM
Undo initialization finished
Undo initialization finished
Thread 1 advanced to log sequence 252
ORA-16055: FAL request rejected
Errors in file /u01/app/oracle/diag/rdbms/ttprod/ttprod1/trace/ttprod1_ora_84198.trc
Archived Log entry 122 added for thread 1 sequence 7274
Thread 1 advanced to log sequence 880
Beginning log switch checkpoint up to RBA
Starting background process VKTM
ORA-32641: invalid expression in MODEL rule ORDER BY clause
Beginning log switch checkpoint up to RBA
Starting background process VKTM
KUP-05007: Warning: Intra source concurrency disabled because the preprocessor option is being used.
Errors in file /u01/app/oracle/diag/rdbms/ttprod/ttprod1/trace/ttprod1_ora_38157.trc
Completed checkpoint up to RBA
PCB-00318: ARRAYLEN is an Oracle extension
Archived Log entry 225 added for thread 1 sequence 4822
Starting background process VKTM
Archived Log entry 411 added for thread 1 sequence 6422
Undo initialization finished
ORA-07208: sfwfb: failed to flush dirty buffers to disk.
Errors in file /u01/app/oracle/diag/rdbms/ttprod/ttprod1/trace/ttprod1_ora_50675.trc
Archived Log entry 733 added for thread 1 sequence 6590
Completed checkpoint up to RBA
Undo initialization finished
Thread 1 advanced to log sequence 436
ORA-41107: invalid argument: service ttstandby01 cannot be found
Errors in file /u01/app/oracle/diag/rdbms/ttprod/ttprod1/trace/ttprod1_ora_68373.trc
Undo initialization finished
JMS-00106: Cannot have more than one open Session on a JMSConnection
Current log# 750 seq# 5900 mem# 0
ORA-51006: unexpected delimter ';' in the run params text
Completed checkpoint up to RBA
Beginning log switch checkpoint up to RBA
ARC0: Archival started
ORA-19128: XQST0068: A static error is raised if a Prolog contains more than one boundary-space declaration
Current log# 333 seq# 6623 mem# 0
Current log# 604 seq# 4303 mem# 0
Completed checkpoint up to RBA
Thread 1 advanced to log sequence 592
Current log# 688 seq# 7098 mem# 0
NID-00102: Garbled target 42
ARC0: Archival started
ORA-04001: sequence parameter app_db must be an integer
ARC0: Archival started
Undo initialization finished
Archived Log entry 116 added for thread 1 sequence 6457
Starting background process VKTM
ORA-54001: SYSAUX : invalid identifier specified for virtual column expression
Archived Log entry 648 added for thread 1 sequence 7446
Archived Log entry 300 added for thread 1 sequence 1309
ORA-47282: error adding Realm Object 17 , INVOICE_LINES_IDX . UNDOTBS1 to Realm ttprod2 , pg_toast_12345
Current log# 176 seq# 9561 mem# 0
ARC0: Archival started
Undo initialization finished
CRS-02334: Could not delete pending GPnP profile from local cache.
Errors in file /u01/app/oracle/diag/rdbms/ttprod/ttprod1/trace/ttprod1_ora_88037.trc
Beginning log switch checkpoint up to RBA
Starting background process VKTM
Completed checkpoint up to RBA
Beginning log switch checkpoint up to RBA
Archived Log entry 181 added for thread 1 sequence 3853
ORA-16239: IMMEDIATE option not available without standby redo logs
Archived Log entry 908 added for thread 1 sequence 9004
Archived Log entry 551 added for thread 1 sequence 3047
Archived Log entry 385 added for thread 1 sequence 5788
ARC0: Archival started
ORA-36630: (XSDUNION00) An empty base dimension list was specified in the concat dimension definition.
Completed checkpoint up to RBA
ARC0: Archival started
Starting background process VKTM
Archived Log entry 93 added for thread 1 sequence 7246
ORA-56604: DRCP: Length[ 5000 ] for PK_CUSTOMER_ACCOUNTS exceeded the MAX allowed
Undo initialization finished
ARC0: Archival started
ORA-31517: CDC change table UNDOTBS1 . APP_USER42 already exists
Archived Log entry 569 added for thread 1 sequence 8986
Completed checkpoint up to RBA
Beginning log switch checkpoint up to RBA
SQL-02109: Inconsistent host cache. Host reference is out of range
Starting background process VKTM
Archived Log entry 384 added for thread 1 sequence 1986
Thread 1 advanced to log sequence 281
Starting background process VKTM
ARC0: Archival started
RMAN-08540: channel APP_USER42 : backup set complete, elapsed time: CRM.CALL_DETAIL_RECORDS
Undo initialization finished
Current log# 157 seq# 7560 mem# 0
ORA-01679: database is being opened
Starting background process VKTM
Completed checkpoint up to RBA
ARC0: Archival started
Beginning log switch checkpoint up to RBA
Starting background process VKTM
RMAN-07524: ==========================================================
Errors in file /u01/app/oracle/diag/rdbms/ttprod/ttprod1/trace/ttprod1_ora_74955.trc
Completed checkpoint up to RBA
Undo initialization finished
ORA-30576: ConText Option dictionary loading error
ARC0: Archival started
Thread 1 advanced to log sequence 430
Current log# 89 seq# 2311 mem# 0
Current log# 601 seq# 7893 mem# 0
PRKU-01023: Oracle Clusterware is not stopped and de-configured on node "{0}" due to error "{1}"
Errors in file /u01/app/oracle/diag/rdbms/ttprod/ttprod1/trace/ttprod1_ora_61350.trc
Undo initialization finished
ARC0: Archival started
Starting background process VKTM
Current log# 575 seq# 2716 mem# 0
INS-40946: The specified node vip user_sessions did not resolve to an IP address. Provide alternative name that resolves to an IP address.
Archived Log entry 857 added for thread 1 sequence 4917
RMAN-08044: channel SYSAUX : finished piece 42 at DATA_TS01
ARC0: Archival started
NNO-00327: server statistic counter dump ends
Starting background process VKTM
Completed checkpoint up to RBA
Undo initialization finished
Thread 1 advanced to log sequence 644
ORA-16855: transport lag has exceeded specified threshold
Thread 1 advanced to log sequence 935
ARC0: Archival started
Starting background process VKTM
ARC0: Archival started
ORA-46266: Missing value for argument ' pg_toast_12345 ' in Oracle RAC enabled database
Undo initialization finished
Archived Log entry 597 added for thread 1 sequence 7391
ARC0: Archival started
ORA-09754: sppst: invalid process number passed to sppst.
Undo initialization finished
Undo initialization finished
ARC0: Archival started
Archived Log entry 680 added for thread 1 sequence 5681
ARC0: Archival started
RMAN-08512: waiting for snapshot control file enqueue
Starting background process VKTM
Beginning log switch checkpoint up to RBA
DRG-11303: secondary indexes are not supported by this indextype
Undo initialization finished
Beginning log switch checkpoint up to RBA
Thread 1 advanced to log sequence 616
ORA-12400: invalid argument to facility error handling
Starting background process VKTM
ARC0: Archival started
ORA-39275: Cannot alter INITIAL storage option.
ARC0: Archival started
Completed checkpoint up to RBA
Undo initialization finished
ARC0: Archival started
ARC0: Archival started
PLS-01418: Subquery cannot include set operators in ANSI's grammar
Starting background process VKTM
Archived Log entry 899 added for thread 1 sequence 5369
Current log# 447 seq# 4681 mem# 0
CRS-02717: Server ' ttstandby01 ' is not in any of the server pool(s) hosting resource ' 3 '
Errors in file /u01/app/oracle/diag/rdbms/ttprod/ttprod1/trace/ttprod1_ora_77998.trc
ARC0: Archival started
Beginning log switch checkpoint up to RBA
ORA-55630: Flashback Data Archive cannot be enabled on this object
Undo initialization finished
Beginning log switch checkpoint up to RBA
Undo initialization finished
Undo initialization finished
Thread 1 advanced to log sequence 314
PRVF-10018: Clusterware home "{0}" is located under Oracle base directory "{1}"
Completed checkpoint up to RBA
INS-41104: No Private Interface designated.
Starting background process VKTM
Beginning log switch checkpoint up to RBA
LPX-00711: invalid SOAP version
ARC0: Archival started
RMAN-06799: found eligible base catalog owned by SP2-0552
Thread 1 advanced to log sequence 300
Undo initialization finished
ORA-19273: XQST0053 - empty DATA_TS01 in namespace declaration
Thread 1 advanced to log sequence 432
Completed checkpoint up to RBA
Thread 1 advanced to log sequence 981
Archived Log entry 859 added for thread 1 sequence 2062
Current log# 203 seq# 5510 mem# 0
ORA-17626: ksfdcre: app_db file exists
Completed checkpoint up to RBA
Completed checkpoint up to RBA
Archived Log entry 826 added for thread 1 sequence 5132
ARC0: Archival started
Completed checkpoint up to RBA
NID-00337: The following datafiles are read-only:
Completed checkpoint up to RBA
Archived Log entry 265 added for thread 1 sequence 1514
Completed checkpoint up to RBA
Archived Log entry 205 added for thread 1 sequence 3617
RMAN-06751: ASM file _SYSSMU12$ cannot be proxy backed up.
ARC0: Archival started
Undo initialization finished
ORA-16037: user requested cancel of managed recovery operation
Completed checkpoint up to RBA
Current log# 66 seq# 4898 mem# 0
Starting background process VKTM
Archived Log entry 386 added for thread 1 sequence 6144
Completed checkpoint up to RBA
ORA-33261: (DIMSHOW02) A partition name may be specified only for a partitioned variable.
Errors in file /u01/app/oracle/diag/rdbms/ttprod/ttprod1/trace/ttprod1_ora_70824.trc
Starting background process VKTM
ORA-10456: cannot open standby database; media recovery session may be in progress
Current log# 916 seq# 1983 mem# 0
Beginning log switch checkpoint up to RBA
Thread 1 advanced to log sequence 862
Thread 1 advanced to log sequence 899
ORA-48929: The trace record size exceeded the max size that can be read [ SYSAUX ]
Completed checkpoint up to RBA
Beginning log switch checkpoint up to RBA
ORA-06400: NETCMN: No default host 1024 specified
Starting background process VKTM
Current log# 606 seq# 2534 mem# 0
Completed checkpoint up to RBA
NID-00420: Change of database name and ID failed during validation - database is intact.
Errors in file /u01/app/oracle/diag/rdbms/ttprod/ttprod1/trace/ttprod1_ora_49802.trc
Starting background process VKTM
Undo initialization finished
ORA-06432: ssaio: Buffer Not Aligned
Completed checkpoint up to RBA
ORA-25456: rule set was modified or evaluation terminated for iterator: 3
Errors in file /u01/app/oracle/diag/rdbms/ttprod/ttprod1/trace/ttprod1_ora_96933.trc
Beginning log switch checkpoint up to RBA
Beginning log switch checkpoint up to RBA
PLS-00250: Incorrect Usage of _SYSSMU7$ in parameters clause.
Errors in file /u01/app/oracle/diag/rdbms/ttprod/ttprod1/trace/ttprod1_ora_20143.trc
Completed checkpoint up to RBA
Archived Log entry 487 added for thread 1 sequence 8965
PRKO-03167: EONS has been deprecated and ONS should be used to set and modify the local port for Enterprise Manager.
Errors in file /u01/app/oracle/diag/rdbms/ttprod/ttprod1/trace/ttprod1_ora_26619.trc
Undo initialization finished
Completed checkpoint up to RBA
Undo initialization finished
ORA-24149: invalid rule name
Beginning log switch checkpoint up to RBA
ORA-15218: timeout value exceeded range
Completed checkpoint up to RBA
Completed checkpoint up to RBA
ORA-16575: request terminated because failover is in progress
Thread 1 advanced to log sequence 727
Archived Log entry 860 added for thread 1 sequence 5013
RMAN-08609: channel USERS : starting incremental datafile backup set
Current log# 552 seq# 8955 mem# 0
ORA-13204: failed to create spatial index table
Thread 1 advanced to log sequence 70
ORA-13432: NULL or invalid blankCellValue
Errors in file /u01/app/oracle/diag/rdbms/ttprod/ttprod1/trace/ttprod1_ora_37118.trc
Archived Log entry 636 added for thread 1 sequence 2100
Starting background process VKTM
ORA-19714: length for generated name longer than ttprod1
Beginning log switch checkpoint up to RBA
ORA-22926: specified trim length is greater than current LOB value's length
Errors in file /u01/app/oracle/diag/rdbms/ttprod/ttprod1/trace/ttprod1_ora_12929.trc
Thread 1 advanced to log sequence 135
Current log# 161 seq# 8512 mem# 0
Completed checkpoint up to RBA
ARC0: Archival started
ORA-26050: Direct path load of domain index is not supported for this column type.
Thread 1 advanced to log sequence 326
NNL-00344: Save_config_on_stop is currently ON
Archived Log entry 140 added for thread 1 sequence 7626
Beginning log switch checkpoint up to RBA
Beginning log switch checkpoint up to RBA
Completed checkpoint up to RBA
KUP-04000: error initializing IO state for file shared pool in app_db
Beginning log switch checkpoint up to RBA
Archived Log entry 59 added for thread 1 sequence 9690
Undo initialization finished
Completed checkpoint up to RBA
Current log# 288 seq# 3204 mem# 0
ORA-15305: cannot operate on ASM internal files
Beginning log switch checkpoint up to RBA
ARC0: Archival started
Starting background process VKTM
Beginning log switch checkpoint up to RBA
Current log# 899 seq# 7711 mem# 0
NZE-28864: SSL connection closed gracefully
Beginning log switch checkpoint up to RBA
Completed checkpoint up to RBA
ARC0: Archival started
Completed checkpoint up to RBA
CRS-09026: Error large pool : No parameter given
Undo initialization finished
Beginning log switch checkpoint up to RBA
ARC0: Archival started
ARC0: Archival started
Undo initialization finished
NID-00431: DBNEWID - Reversion completed.
Errors in file /u01/app/oracle/diag/rdbms/ttprod/ttprod1/trace/ttprod1_ora_18446.trc
Thread 1 advanced to log sequence 17
Undo initialization finished
Current log# 234 seq# 3040 mem# 0
RMAN-08110: failover to next copy of backup piece
Errors in file /u01/app/oracle/diag/rdbms/ttprod/ttprod1/trace/ttprod1_ora_89352.trc
Archived Log entry 507 added for thread 1 sequence 1589
Starting background process VKTM
Undo initialization finished
Completed checkpoint up to RBA
ORA-12465: Not authorized for read or write on specified groups or compartments
Errors in file /u01/app/oracle/diag/rdbms/ttprod/ttprod1/trace/ttprod1_ora_10018.trc
Current log# 370 seq# 1212 mem# 0
Current log# 70 seq# 7461 mem# 0
Undo initialization finished
Completed checkpoint up to RBA
Archived Log entry 594 added for thread 1 sequence 5685
ORA-01317: Not attached to a Logminer session
Starting background process VKTM
Current log# 728 seq# 5394 mem# 0
Completed checkpoint up to RBA
PCB-00300: Datatype for host variable not supported by ANSI " large pool "
Undo initialization finished
Completed checkpoint up to RBA
Current log# 686 seq# 7704 mem# 0
PRCD-01127: Failed to verify if instance {0} is the only preferred instance for any service
Archived Log entry 652 added for thread 1 sequence 4850
Current log# 648 seq# 6033 mem# 0
Archived Log entry 943 added for thread 1 sequence 1209
Archived Log entry 166 added for thread 1 sequence 7800
Starting background process VKTM
RMAN-04031: initialization parameters used for automatic instance: reporting_schema
Thread 1 advanced to log sequence 587
Completed checkpoint up to RBA
Archived Log entry 887 added for thread 1 sequence 9543
ORA-00912: input parameter too long
Current log# 474 seq# 7733 mem# 0
Starting background process VKTM
Current log# 160 seq# 5047 mem# 0
Starting background process VKTM
Undo initialization finished
ORA-14260: incorrect physical attribute specified for this partition
Undo initialization finished
ORA-26685: cannot apply transactions from multiple sources
Completed checkpoint up to RBA
Thread 1 advanced to log sequence 67
Thread 1 advanced to log sequence 39
ARC0: Archival started
KUP-04007: end of file reached
Errors in file /u01/app/oracle/diag/rdbms/ttprod/ttprod1/trace/ttprod1_ora_14142.trc
ARC0: Archival started
Starting background process VKTM
Starting background process VKTM
ORA-15459: STRIPE_WIDTH of 3 is not a power of two
Undo initialization finished
RMAN-06006: connected to target database: APP_USER42 (not mounted)
Thread 1 advanced to log sequence 369
Thread 1 advanced to log sequence 940
ORA-41698: invalid use of " APP_USER42 " attribute in aggregate predicate
Starting background process VKTM
Undo initialization finished
PRCD-01005: Server pool {0} for the database {1} does not exist
Thread 1 advanced to log sequence 75
Current log# 530 seq# 5320 mem# 0
Undo initialization finished
Thread 1 advanced to log sequence 817
PRVF-07540: Group existence check cannot be performed on node "{0}"
Archived Log entry 567 added for thread 1 sequence 3207
Thread 1 advanced to log sequence 993
Current log# 73 seq# 3277 mem# 0
Current log# 889 seq# 8792 mem# 0
Starting background process VKTM
ORA-32512: type ' DATA_TS01 ' is unknown
Current log# 150 seq# 9421 mem# 0
Archived Log entry 206 added for thread 1 sequence 5261
Undo initialization finished
RMAN-06192: maximum value for MAXPIECESIZE or MAXSETSIZE must be between 1 Kb and 2048 Gb
Errors in file /u01/app/oracle/diag/rdbms/ttprod/ttprod1/trace/ttprod1_ora_95066.trc
Archived Log entry 353 added for thread 1 sequence 8760
Current log# 368 seq# 3345 mem# 0
Beginning log switch checkpoint up to RBA
ORA-02707: osnacx: cannot allocate context area
Errors in file /u01/app/oracle/diag/rdbms/ttprod/ttprod1/trace/ttprod1_ora_88850.trc
Archived Log entry 549 added for thread 1 sequence 6323
Starting background process VKTM
Archived Log entry 87 added for thread 1 sequence 5039
Archived Log entry 394 added for thread 1 sequence 2745
ORA-29901: function underlying operator binding does not exist
Undo initialization finished
Archived Log entry 127 added for thread 1 sequence 4139
Beginning log switch checkpoint up to RBA
PCB-00215: OCCURS TO TIMES clause not allowed for host variable " large pool "
Errors in file /u01/app/oracle/diag/rdbms/ttprod/ttprod1/trace/ttprod1_ora_97158.trc
ARC0: Archival started
Archived Log entry 784 added for thread 1 sequence 7593
ARC0: Archival started
XOQ-01715: Hierarchy " pk_orders " has no members for some levels.
Errors in file /u01/app/oracle/diag/rdbms/ttprod/ttprod1/trace/ttprod1_ora_63447.trc
Archived Log entry 769 added for thread 1 sequence 8814
Starting background process VKTM
Completed checkpoint up to RBA
Beginning log switch checkpoint up to RBA
ORA-02459: Hashkey value must be a positive integer
Thread 1 advanced to log sequence 131
Undo initialization finished
Thread 1 advanced to log sequence 241
ORA-12832: Could not allocate slaves on all specified instances
Errors in file /u01/app/oracle/diag/rdbms/ttprod/ttprod1/trace/ttprod1_ora_74276.trc
Completed checkpoint up to RBA
ORA-34001: (MODCOMP14) Concat leaf dimension workspace object already is used in a DIMENSION statement, either explicitly or as a leaf of another concat dimension.
Archived Log entry 359 added for thread 1 sequence 4432
Thread 1 advanced to log sequence 287
Archived Log entry 174 added for thread 1 sequence 3194
Undo initialization finished
XOQ-01705: CLEAR command cannot run on a dimension.
Errors in file /u01/app/oracle/diag/rdbms/ttprod/ttprod1/trace/ttprod1_ora_96750.trc
Starting background process VKTM
ARC0: Archival started
PLS-00433: inconsistent package STANDARD
Completed checkpoint up to RBA
Starting background process VKTM
Current log# 600 seq# 3769 mem# 0
ARC0: Archival started
RMAN-11003: failure during parse/execution of SQL statement: ttprod2
Errors in file /u01/app/oracle/diag/rdbms/ttprod/ttprod1/trace/ttprod1_ora_39652.trc
Beginning log switch checkpoint up to RBA
Current log# 933 seq# 3201 mem# 0
Archived Log entry 266 added for thread 1 sequence 8424
ORA-24030: Only one of rule or rule-set must be specified
Starting background process VKTM
Starting background process VKTM
Undo initialization finished
ORA-16307: TSE key app_db successfully applied
ARC0: Archival started
ORA-31198: Mismatch in number of bytes transferred due to non-binary mode
Beginning log switch checkpoint up to RBA
Starting background process VKTM
Thread 1 advanced to log sequence 319
ORA-64140: missing chaining XMLTABLE for VIRTUAL column in the index
Archived Log entry 626 added for thread 1 sequence 9598
ARC0: Archival started
ORA-14171: cannot specify <subpartition-description> clause in CREATE|ALTER TABLE
Starting background process VKTM
QSM-02004: grouping column omitted from SELECT list
Thread 1 advanced to log sequence 280
PROC-00019: Cannot create more subkeys for the key
ARC0: Archival started
Starting background process VKTM
ORA-13839: V$SQL row doesn't exist with given HASH_VALUE and ADDRESS.
Errors in file /u01/app/oracle/diag/rdbms/ttprod/ttprod1/trace/ttprod1_ora_57868.trc
Completed checkpoint up to RBA
ARC0: Archival started
Beginning log switch checkpoint up to RBA
Completed checkpoint up to RBA
Current log# 830 seq# 2653 mem# 0
XOQ-01951: A time dimension requires at least two of the following attributes: END_DATE, START_DATE and TIMESPAN.
Undo initialization finished
Beginning log switch checkpoint up to RBA
Undo initialization finished
ARC0: Archival started
Current log# 715 seq# 6682 mem# 0
ORA-29802: missing CONTEXT keyword
Current log# 761 seq# 3067 mem# 0
Starting background process VKTM
ARC0: Archival started
Completed checkpoint up to RBA
ORA-16138: end of log stream not received from primary
Archived Log entry 183 added for thread 1 sequence 1576
ARC0: Archival started
Current log# 401 seq# 7522 mem# 0
CRS-05019: All OCR locations are on ASM disk groups [ INVOICE_LINES_IDX ], and none of these disk groups are mounted. Details are at " SYSAUX " in " _SYSSMU12$ ".
Undo initialization finished
Archived Log entry 15 added for thread 1 sequence 3093
Completed checkpoint up to RBA
ORA-15745: The plan type is not valid.
Completed checkpoint up to RBA
Thread 1 advanced to log sequence 263
ARC0: Archival started
Undo initialization finished
Starting background process VKTM
PRCD-01107: Removed service {0} but failed to remove its underlying server pool {1}
Archived Log entry 320 added for thread 1 sequence 5442
Current log# 953 seq# 9682 mem# 0
RMAN-00566: could not open TRACE " ttstandby01 "
Archived Log entry 847 added for thread 1 sequence 5318
Current log# 781 seq# 5994 mem# 0
ARC0: Archival started
Completed checkpoint up to RBA
DRG-11535: error writing phrase or qualifier: ttstandby01 on line 1024 to memory
Beginning log switch checkpoint up to RBA
PCB-00317: Group item host variables are Oracle extensions
Starting background process VKTM
RMAN-06109: changed archived log unavailable
Starting background process VKTM
ORA-01356: active logminer sessions found
Undo initialization finished
Thread 1 advanced to log sequence 115
ORA-19361: ONLINE option not allowed with this type of index
Current log# 3 seq# 7022 mem# 0
Current log# 536 seq# 4557 mem# 0
Starting background process VKTM
ORA-04007: MINVALUE cannot be made to exceed the current value
Errors in file /u01/app/oracle/diag/rdbms/ttprod/ttprod1/trace/ttprod1_ora_28418.trc
Archived Log entry 138 added for thread 1 sequence 7421
Archived Log entry 862 added for thread 1 sequence 7494
Completed checkpoint up to RBA
Archived Log entry 384 added for thread 1 sequence 8101
Beginning log switch checkpoint up to RBA
RMAN-05528: datafile number not processed because file belongs to tablespace with one or more offline immediate datafile ( /u01/app/oracle/oradata/ttprod/users01.dbf )
ARC0: Archival started
DRG-12213: cannot create/drop section group or sections for other user
Undo initialization finished
Thread 1 advanced to log sequence 708
Beginning log switch checkpoint up to RBA
ARC0: Archival started
ORA-44004: invalid qualified SQL name
Undo initialization finished
Current log# 782 seq# 8104 mem# 0
ORA-02141: invalid OFFLINE option
Undo initialization finished
Undo initialization finished
Completed checkpoint up to RBA
Undo initialization finished
NID-00373: Revert changes for database CRM.CALL_DETAIL_RECORDS (Y/[N]) =>
Thread 1 advanced to log sequence 865
Starting background process VKTM
Completed checkpoint up to RBA
ORA-15243: CDR_STAGING is not a valid version number
Completed checkpoint up to RBA
Current log# 770 seq# 1011 mem# 0
Beginning log switch checkpoint up to RBA
Starting background process VKTM
ORA-47398: multiple identities defined for Factor pg_toast_12345
Errors in file /u01/app/oracle/diag/rdbms/ttprod/ttprod1/trace/ttprod1_ora_12061.trc
Completed checkpoint up to RBA
ORA-25234: NEXT_TRANSACTION navigation option invalid for queue table 17 . _SYSSMU7$
Current log# 737 seq# 9477 mem# 0
ARC0: Archival started
TNS-02511: Invalid data type
Errors in file /u01/app/oracle/diag/rdbms/ttprod/ttprod1/trace/ttprod1_ora_27349.trc
Completed checkpoint up to RBA
Undo initialization finished
ORA-12018: following error encountered during code generation for " idx_users_email "." 17 "
Current log# 473 seq# 2611 mem# 0
Completed checkpoint up to RBA
Beginning log switch checkpoint up to RBA
Undo initialization finished
Starting background process VKTM
ORA-01078: failure in processing system parameters
Current log# 13 seq# 9082 mem# 0
RMAN-03028: fatal error code for command APP_USER42 : number
Errors in file /u01/app/oracle/diag/rdbms/ttprod/ttprod1/trace/ttprod1_ora_88926.trc
Beginning log switch checkpoint up to RBA
Starting background process VKTM
Starting background process VKTM
Undo initialization finished
ORA-00844: Parameter not taking MEMORY_TARGET into account
ARC0: Archival started
Current log# 520 seq# 7692 mem# 0
Current log# 973 seq# 1685 mem# 0
Archived Log entry 69 added for thread 1 sequence 8288
Beginning log switch checkpoint up to RBA
ORA-17611: ksfd: file ' APP_USER42 ' cannot be accessed, global open closed
Errors in file /u01/app/oracle/diag/rdbms/ttprod/ttprod1/trace/ttprod1_ora_94583.trc
ARC0: Archival started
PGU-42028: invalid USAGE token: CRM.CALL_DETAIL_RECORDS
Errors in file /u01/app/oracle/diag/rdbms/ttprod/ttprod1/trace/ttprod1_ora_84138.trc
Completed checkpoint up to RBA
Undo initialization finished
Completed checkpoint up to RBA
RMAN-06127: skipping read-only file user_sessions
Beginning log switch checkpoint up to RBA
Thread 1 advanced to log sequence 723
Beginning log switch checkpoint up to RBA
Thread 1 advanced to log sequence 438
ORA-06422: NETCMN: Error in sending data
Undo initialization finished
Starting background process VKTM
Completed checkpoint up to RBA
Undo initialization finished
ORA-40182: invalid column reference
ARC0: Archival started
Undo initialization finished
Current log# 798 seq# 3993 mem# 0
ARC0: Archival started
RMAN-06906: backup of control file was cancelled
Beginning log switch checkpoint up to RBA
Current log# 230 seq# 8359 mem# 0
Completed checkpoint up to RBA
ARC0: Archival started
ORA-16525: the Data Guard broker is not yet available
Errors in file /u01/app/oracle/diag/rdbms/ttprod/ttprod1/trace/ttprod1_ora_87038.trc
Undo initialization finished
Starting background process VKTM
Thread 1 advanced to log sequence 982
ARC0: Archival started
ORA-16038: Log member cannot be archived, no available destinations
Errors in file /u01/app/oracle/diag/rdbms/ttprod/ttprod1/trace/ttprod1_ora_79445.trc
Current log# 516 seq# 1709 mem# 0
Archived Log entry 415 added for thread 1 sequence 2199
Starting background process VKTM
ORA-08120: Need to create SYS.IND_ONLINE$ table in order to (re)build index
ARC0: Archival started
Thread 1 advanced to log sequence 560
Beginning log switch checkpoint up to RBA
PRKR-01039: invalid option {0} specified
Errors in file /u01/app/oracle/diag/rdbms/ttprod/ttprod1/trace/ttprod1_ora_57275.trc
ARC0: Archival started
Completed checkpoint up to RBA
Thread 1 advanced to log sequence 833
Undo initialization finished
ORA-01184: logfile group SP2-0552 already exists
Current log# 133 seq# 9122 mem# 0
ORA-22152: destination variable-length array is not initialized
Undo initialization finished
Completed checkpoint up to RBA
Archived Log entry 684 added for thread 1 sequence 3967
ORA-16740: redo transport service for standby database " CRM.CALL_DETAIL_RECORDS " incorrectly set to ALTERNATE
Errors in file /u01/app/oracle/diag/rdbms/ttprod/ttprod1/trace/ttprod1_ora_84720.trc
Undo initialization finished
Current log# 177 seq# 3246 mem# 0
Starting background process VKTM
NNL-01073: Administrative region description: 3
Thread 1 advanced to log sequence 575
Beginning log switch checkpoint up to RBA
Archived Log entry 750 added for thread 1 sequence 7604
ARC0: Archival started
Beginning log switch checkpoint up to RBA
QSM-01050: roll-up check failed for materialized view, large pool
Completed checkpoint up to RBA
Beginning log switch checkpoint up to RBA
Archived Log entry 842 added for thread 1 sequence 6768
Beginning log switch checkpoint up to RBA
NID-00500: Keyword Description (Default)
Starting background process VKTM
Thread 1 advanced to log sequence 12
Completed checkpoint up to RBA
Thread 1 advanced to log sequence 376
ORA-19690: backup piece release 3 incompatible with Oracle release CRM.CALL_DETAIL_RECORDS
Beginning log switch checkpoint up to RBA
Undo initialization finished
ARC0: Archival started
Starting background process VKTM
Beginning log switch checkpoint up to RBA
LPX-00258: invalid "Mixed" specification in element declaration
Errors in file /u01/app/oracle/diag/rdbms/ttprod/ttprod1/trace/ttprod1_ora_12670.trc
ARC0: Archival started
Undo initialization finished
Beginning log switch checkpoint up to RBA
Beginning log switch checkpoint up to RBA
PLS-00581: inheritance is not supported for opaque types
Thread 1 advanced to log sequence 640
Archived Log entry 431 added for thread 1 sequence 8090
ORA-01126: database must be mounted in this instance and not open in any instance
Completed checkpoint up to RBA
ORA-28072: The specified policy name is incorrect.
Completed checkpoint up to RBA
Undo initialization finished
Starting background process VKTM
Thread 1 advanced to log sequence 491
RMAN-06226: Automatic instance removed
Beginning log switch checkpoint up to RBA
Thread 1 advanced to log sequence 680
Undo initialization finished
Thread 1 advanced to log sequence 293
Undo initialization finished
IMG-00520: invalid value for numberOfBands
Archived Log entry 507 added for thread 1 sequence 8715
Beginning log switch checkpoint up to RBA
ARC0: Archival started
Current log# 514 seq# 2779 mem# 0
ORA-30679: JDWP-based debugging not supported in this configuration
Archived Log entry 157 added for thread 1 sequence 5371
NMP-00002: no such SNMP variable name
Starting background process VKTM
ARC0: Archival started
Completed checkpoint up to RBA
ORA-48147: invalid home location specification for ADR, [ pk_orders ], [ INVOICE_LINES_IDX ], [ APP_USER42 ]
ARC0: Archival started
Current log# 718 seq# 2752 mem# 0
Current log# 961 seq# 9027 mem# 0
Current log# 341 seq# 5019 mem# 0
PRCT-01006: Failed to retrieve cluster name from node "{0}"
Completed checkpoint up to RBA
Current log# 895 seq# 1257 mem# 0
LPX-01008: [XPST0008] Invalid reference
Thread 1 advanced to log sequence 633
ORA-03175: parameter SYSAUX mismatch
Undo initialization finished
Beginning log switch checkpoint up to RBA
Current log# 817 seq# 1383 mem# 0
Beginning log switch checkpoint up to RBA
RMAN-06541: Tablespace /u01/app/oracle/oradata/ttprod/users01.dbf will be included in future whole database backups
ARC0: Archival started
Starting background process VKTM
Starting background process VKTM
ORA-56867: Cannot connect to Master Diskmon on pipe " BILLING.CUST_ORDERS "
Beginning log switch checkpoint up to RBA
Starting background process VKTM
Thread 1 advanced to log sequence 42
Archived Log entry 509 added for thread 1 sequence 5694
ORA-19145: XQST0087: It is a static error if the encoding specified in a Version Declaration does not conform to the definition of EncName specified in [XML 1.0]
ARC0: Archival started
Beginning log switch checkpoint up to RBA
ORA-01381: Dropping log ttstandby01 would leave less than two log files with block size ttstandby01 for instance reporting_schema (thread shared pool )
Starting background process VKTM
PGU-00137: syntax error in PL/SQL Block
Archived Log entry 854 added for thread 1 sequence 7333
ORA-40223: data mining model import failed, job name= pk_orders , error= ttprod1
ARC0: Archival started
NZE-29128: pkcs11 library name not set
Errors in file /u01/app/oracle/diag/rdbms/ttprod/ttprod1/trace/ttprod1_ora_94382.trc
Current log# 555 seq# 7414 mem# 0
Completed checkpoint up to RBA
ORA-03239: maxextents ( /u01/app/oracle/oradata/ttprod/users01.dbf ) reached in LOB segment 5000 . user_sessions subpartition USERS
Completed checkpoint up to RBA
Completed checkpoint up to RBA
ARC0: Archival started
Current log# 11 seq# 3912 mem# 0
ORA-36234: (XSANALYZ04) all objects in the current status of the NAME dimension must have the same dimensionality when used with the ANALYZE command
Completed checkpoint up to RBA
Undo initialization finished
Completed checkpoint up to RBA
Archived Log entry 961 added for thread 1 sequence 3182
Thread 1 advanced to log sequence 975
RMAN-05540: no archived logs found in repository for database pk_orders
Current log# 947 seq# 5395 mem# 0
Current log# 970 seq# 5636 mem# 0
Beginning log switch checkpoint up to RBA
Beginning log switch checkpoint up to RBA
RMAN-06948: searching flashback logs for block images
Completed checkpoint up to RBA
ARC0: Archival started
Undo initialization finished
Beginning log switch checkpoint up to RBA
Undo initialization finished
DRG-10753: invalid memory size ttstandby01 ttstandby01
Beginning log switch checkpoint up to RBA
Undo initialization finished
ARC0: Archival started
Starting background process VKTM
PRCD-01206: Failed to retrieve preferred instance of service {0} of RAC One Node database {1}
Beginning log switch checkpoint up to RBA
Current log# 193 seq# 5655 mem# 0
LSX-00168: referring form of "~S" must NOT occur at the top level
Archived Log entry 17 added for thread 1 sequence 6861
Thread 1 advanced to log sequence 123
Beginning log switch checkpoint up to RBA
Archived Log entry 423 added for thread 1 sequence 9002
Starting background process VKTM
NNL-01005: UNKNOWN TYPE responses received: number
ARC0: Archival started
Archived Log entry 127 added for thread 1 sequence 5838
Archived Log entry 807 added for thread 1 sequence 3755
Current log# 515 seq# 1778 mem# 0
ORA-25223: user_data type used is not supported
Current log# 616 seq# 3993 mem# 0
Starting background process VKTM
Current log# 252 seq# 7886 mem# 0
PLS-00900: can't find body of unit ' _SYSSMU12$ '
Undo initialization finished
Completed checkpoint up to RBA
Completed checkpoint up to RBA
Thread 1 advanced to log sequence 174
NID-00400: DBNEWID - Completed with errors.
Errors in file /u01/app/oracle/diag/rdbms/ttprod/ttprod1/trace/ttprod1_ora_90291.trc
Completed checkpoint up to RBA
Beginning log switch checkpoint up to RBA
NNL-01068: Trace file name: 42
Undo initialization finished
Thread 1 advanced to log sequence 437
Undo initialization finished
Completed checkpoint up to RBA
NNO-00065: loading cached data from checkpoint file " app_db "
Archived Log entry 511 added for thread 1 sequence 4329
Current log# 944 seq# 1302 mem# 0
Undo initialization finished
NZE-29235: the key information could not be retrieved
Current log# 367 seq# 7952 mem# 0
Current log# 715 seq# 6623 mem# 0
ARC0: Archival started
ORA-12626: TNS:bad event type
Starting background process VKTM
NCR-02010: NCRF: Call context is not available
Current log# 376 seq# 8410 mem# 0
Starting background process VKTM
ARC0: Archival started
ORA-02738: osnpwrtbrkmsg: incorrect number of bytes written
Thread 1 advanced to log sequence 508
Starting background process VKTM
Starting background process VKTM
RMAN-06214: ttstandby01 ttprod2
Completed checkpoint up to RBA
Thread 1 advanced to log sequence 394
Thread 1 advanced to log sequence 61
Thread 1 advanced to log sequence 982
Beginning log switch checkpoint up to RBA
ORA-16258: marking index unusable due to a constraint violation
ARC0: Archival started
Undo initialization finished
ARC0: Archival started
Starting background process VKTM
Current log# 308 seq# 5825 mem# 0
PGA-21114: cold starting for partner LU USERS
Beginning log switch checkpoint up to RBA
Beginning log switch checkpoint up to RBA
Starting background process VKTM
Beginning log switch checkpoint up to RBA
TNS-00081: * trace_on - ask process name to turn tracing on
Current log# 231 seq# 7318 mem# 0
ARC0: Archival started
Completed checkpoint up to RBA
Starting background process VKTM
ARC0: Archival started
TNS-00581: Send failed due to timeout
Starting background process VKTM
Archived Log entry 955 added for thread 1 sequence 7078
Starting background process VKTM
ORA-13331: invalid LRS segment
Starting background process VKTM
ARC0: Archival started
ARC0: Archival started
Archived Log entry 725 added for thread 1 sequence 4100
ARC0: Archival started
ORA-38723: Invalid SCN expression.
Starting background process VKTM
ORA-38914: Either mutate the error or ignore row on unique violation
Undo initialization finished
Undo initialization finished
Completed checkpoint up to RBA
Current log# 879 seq# 1031 mem# 0
RMAN-03009: failure of pg_toast_12345 command on CRM.CALL_DETAIL_RECORDS channel at _SYSSMU12$
ARC0: Archival started
Undo initialization finished
ORA-53258: Metadata attribute is not available.
Beginning log switch checkpoint up to RBA
Beginning log switch checkpoint up to RBA
Thread 1 advanced to log sequence 761
Starting background process VKTM
Beginning log switch checkpoint up to RBA
KUP-03001: fatal error during library cache pre-loading
Thread 1 advanced to log sequence 516
Beginning log switch checkpoint up to RBA
Archived Log entry 91 added for thread 1 sequence 1340
Completed checkpoint up to RBA
Starting background process VKTM
PRVF-00006: Unable to check the existence of Oracle Home "{0}"
Undo initialization finished
Completed checkpoint up to RBA
Beginning log switch checkpoint up to RBA
ORA-55302: insufficient privileges USERS
Thread 1 advanced to log sequence 953
ORA-39907: Index _SYSSMU12$ . ttstandby01 in tablespace 17 points to table _SYSSMU7$ . fk_order_customer in tablespace CDR_STAGING .
Starting background process VKTM
Undo initialization finished
Thread 1 advanced to log sequence 167
Thread 1 advanced to log sequence 464
RMAN-06208: to mismatched status. Use CROSSCHECK command to fix status
Undo initialization finished
Starting background process VKTM
Starting background process VKTM
Undo initialization finished
DIA-48442: The control parameter number exceeds the maximum number [ INVOICE_LINES_IDX ]
Thread 1 advanced to log sequence 807
Thread 1 advanced to log sequence 185
Starting background process VKTM
ORA-26057: Conversion is not necessary for this direct path stream.
Starting background process VKTM
Current log# 233 seq# 7842 mem# 0
RMAN-08138: WARNING: archived log not deleted - must create more backups
Errors in file /u01/app/oracle/diag/rdbms/ttprod/ttprod1/trace/ttprod1_ora_46779.trc
Completed checkpoint up to RBA
XOQ-00203: error retrieving connection information for the server
Completed checkpoint up to RBA
Beginning log switch checkpoint up to RBA
ORA-24791: invalid transaction start flags
Errors in file /u01/app/oracle/diag/rdbms/ttprod/ttprod1/trace/ttprod1_ora_17732.trc
Undo initialization finished
Thread 1 advanced to log sequence 893
Undo initialization finished
NID-00304: Datafile NETWORK_OPS.SIM_INVENTORY - reverted
Archived Log entry 685 added for thread 1 sequence 4092
NNO-00611: disabling request forwarding
Errors in file /u01/app/oracle/diag/rdbms/ttprod/ttprod1/trace/ttprod1_ora_92214.trc
Starting background process VKTM
Completed checkpoint up to RBA
ORA-29852: keyword IS is missing
Errors in file /u01/app/oracle/diag/rdbms/ttprod/ttprod1/trace/ttprod1_ora_34540.trc
ARC0: Archival started
Archived Log entry 220 added for thread 1 sequence 4790
ARC0: Archival started
Undo initialization finished
ORA-10570: Test recovery complete
ARC0: Archival started
ARC0: Archival started
Completed checkpoint up to RBA
Starting background process VKTM
Current log# 604 seq# 7739 mem# 0
ORA-27029: skgfrtrv: sbtrestore returned error
ARC0: Archival started
Thread 1 advanced to log sequence 22
NID-00396: Reverting database ID from number to number
Thread 1 advanced to log sequence 391
Current log# 835 seq# 3040 mem# 0
Completed checkpoint up to RBA
ORA-32851: agent INVOICE_LINES_IDX already exists
Thread 1 advanced to log sequence 474
PRKO-03241: The '-o <oracle_home>' option value "{0}" corresponds to a pathname that does not exist or is not a directory
Thread 1 advanced to log sequence 127
Completed checkpoint up to RBA
ORA-28301: Domain Policy hasn't been registered for SSL authentication.
Current log# 567 seq# 4390 mem# 0
Undo initialization finished
Completed checkpoint up to RBA
Current log# 543 seq# 2115 mem# 0
ORA-01567: dropping log _SYSSMU12$ would leave less than 2 log files for instance CDR_STAGING (thread PK_CUSTOMER_ACCOUNTS )
Errors in file /u01/app/oracle/diag/rdbms/ttprod/ttprod1/trace/ttprod1_ora_59312.trc
Starting background process VKTM
Beginning log switch checkpoint up to RBA
Thread 1 advanced to log sequence 812
Beginning log switch checkpoint up to RBA
ORA-09878: sstascre/sstasat: shmat error, unable to attach tas write page
Undo initialization finished
NNL-00249: DEFAULT-FORWARDERS-ONLY mode is currently enabled
Errors in file /u01/app/oracle/diag/rdbms/ttprod/ttprod1/trace/ttprod1_ora_37827.trc
Undo initialization finished
Undo initialization finished
Undo initialization finished
ARC0: Archival started
RMAN-06557: unable to restore archived log of thread number with sequence number
Archived Log entry 837 added for thread 1 sequence 3621
Undo initialization finished
Undo initialization finished
Archived Log entry 451 added for thread 1 sequence 2602
Archived Log entry 584 added for thread 1 sequence 5220
ORA-32166: Cannot get XA connection
Starting background process VKTM
Thread 1 advanced to log sequence 473
Starting background process VKTM
Beginning log switch checkpoint up to RBA
ORA-16256: Failure to complete standby redo log file archival after failover
Thread 1 advanced to log sequence 802
Archived Log entry 567 added for thread 1 sequence 9132
Archived Log entry 124 added for thread 1 sequence 5199
Starting background process VKTM
RMAN-06906: backup of control file was cancelled
Current log# 90 seq# 6511 mem# 0
RMAN-05547: Checking that duplicated tablespaces are self-contained
Undo initialization finished
Undo initialization finished
Completed checkpoint up to RBA
Starting background process VKTM
NNL-00519: Shows, enables, or disables modification request processing
Current log# 671 seq# 7964 mem# 0
Beginning log switch checkpoint up to RBA
Completed checkpoint up to RBA
ARC0: Archival started
RMAN-08091: channel 42 : specifying datafile(s) for proxy backup
Archived Log entry 466 added for thread 1 sequence 4136
ORA-39706: schema ' 3 ' not found
ARC0: Archival started
Completed checkpoint up to RBA
Beginning log switch checkpoint up to RBA
Undo initialization finished
ORA-48504: Relation Parameter Must be Specified
ARC0: Archival started
Thread 1 advanced to log sequence 868
ARC0: Archival started
Thread 1 advanced to log sequence 261
Thread 1 advanced to log sequence 606
ORA-39308: Cannot alter attribute of view: session_1123
ARC0: Archival started
Completed checkpoint up to RBA
Beginning log switch checkpoint up to RBA
PCC-02342: using WHERE CURRENT OF on cursor defined without FOR UPDATE clause
Beginning log switch checkpoint up to RBA
Undo initialization finished
Starting background process VKTM
Beginning log switch checkpoint up to RBA
Beginning log switch checkpoint up to RBA
RMAN-08304: To change the internal database identifier, use DBNEWID Utility
Undo initialization finished
Current log# 503 seq# 4824 mem# 0
Beginning log switch checkpoint up to RBA
Thread 1 advanced to log sequence 724
ARC0: Archival started
IMG-00003: exhausted memory while processing image
Starting background process VKTM
ARC0: Archival started
KUP-11011: the following file is not valid for this load operation
Starting background process VKTM
Starting background process VKTM
RMAN-06800: found ineligible base catalog owned by ttprod2
ARC0: Archival started
Archived Log entry 759 added for thread 1 sequence 6533
Archived Log entry 783 added for thread 1 sequence 4333
RMAN-08108: channel reporting_schema : specifying block(s) to restore from backup set
Undo initialization finished
Starting background process VKTM
Archived Log entry 139 added for thread 1 sequence 3472
Thread 1 advanced to log sequence 374
ORA-19169: FORG0006: invalid argument type in ' PK_CUSTOMER_ACCOUNTS '
Thread 1 advanced to log sequence 307
Undo initialization finished
JMS-00179: Invalid Queue Table name - {0}
Completed checkpoint up to RBA
Current log# 53 seq# 3087 mem# 0
ORA-00216: control file could not be resized for migration from 8.0.2
Undo initialization finished
ARC0: Archival started
ARC0: Archival started
RMAN-06951: repair failure complete
Thread 1 advanced to log sequence 196
Starting background process VKTM
Current log# 263 seq# 2737 mem# 0
Starting background process VKTM
Starting background process VKTM
RMAN-08529: proxy file handle= TNS_ADMIN
Errors in file /u01/app/oracle/diag/rdbms/ttprod/ttprod1/trace/ttprod1_ora_86369.trc
Starting background process VKTM
PLS-00729: only widening of the collection element type is allowed
ARC0: Archival started
ORA-55369: invalid identifier specified for the constraint group
Archived Log entry 879 added for thread 1 sequence 5863
Beginning log switch checkpoint up to RBA
Undo initialization finished
ORA-17515: Creation of clonedb failed using snapshot file 3
Archived Log entry 763 added for thread 1 sequence 7112
CRS-02599: Server ' PK_CUSTOMER_ACCOUNTS ' is not in a parent pool of ' CDR_STAGING '
Current log# 818 seq# 3158 mem# 0
Completed checkpoint up to RBA
PCB-00309: The CONNECT statement is Oracle implementation dependent
Completed checkpoint up to RBA
RMAN-08536: channel SP2-0552 : AUTOBACKUP found: ttprod2
Undo initialization finished
Archived Log entry 577 added for thread 1 sequence 3649
Beginning log switch checkpoint up to RBA
Undo initialization finished
Starting background process VKTM
ORA-14168: only one subpartition may be modified
ARC0: Archival started
Current log# 587 seq# 4124 mem# 0
Beginning log switch checkpoint up to RBA
ARC0: Archival started
DRG-12012: Proxy authentication failed - retry?
Undo initialization finished
Beginning log switch checkpoint up to RBA
ORA-19627: cannot read backup pieces during control file application
Undo initialization finished
Completed checkpoint up to RBA
Beginning log switch checkpoint up to RBA
Beginning log switch checkpoint up to RBA
PRCR-01063: Failed to create context
Errors in file /u01/app/oracle/diag/rdbms/ttprod/ttprod1/trace/ttprod1_ora_68155.trc
Current log# 889 seq# 1935 mem# 0
ARC0: Archival started
Thread 1 advanced to log sequence 950
Current log# 888 seq# 1690 mem# 0
ORA-28232: invalid input length for obfuscation toolkit
Starting background process VKTM
Beginning log switch checkpoint up to RBA
OCI-04029: error ORA- pg_toast_12345 occurred when querying CDR_STAGING shared pool ttprod2
Errors in file /u01/app/oracle/diag/rdbms/ttprod/ttprod1/trace/ttprod1_ora_25017.trc
ARC0: Archival started
Undo initialization finished
ORA-12434: invalid audit type: _SYSSMU12$
Archived Log entry 860 added for thread 1 sequence 9137
Thread 1 advanced to log sequence 99
ORA-24509: OCI function currently not supported in UTF16 mode.
Completed checkpoint up to RBA
ARC0: Archival started
ORA-01177: data file does not match dictionary - probably old incarnation
Errors in file /u01/app/oracle/diag/rdbms/ttprod/ttprod1/trace/ttprod1_ora_66314.trc
Completed checkpoint up to RBA
ARC0: Archival started
Starting background process VKTM
ARC0: Archival started
Starting background process VKTM
ORA-39243: Import job requires 'TRANSPORT_DATAFILES' parameter.
Undo initialization finished
Starting background process VKTM
ARC0: Archival started
Starting background process VKTM
Undo initialization finished
PLS-00303: qualifier ' pg_toast_12345 ' must be declared
Undo initialization finished
PLS-00333: " PK_CUSTOMER_ACCOUNTS " must match an object-table alias in this context
Thread 1 advanced to log sequence 603
Current log# 733 seq# 4907 mem# 0
Beginning log switch checkpoint up to RBA
ARC0: Archival started
PRCA-01045: ACFS is not supported on this platform
Undo initialization finished
Current log# 772 seq# 2753 mem# 0
Beginning log switch checkpoint up to RBA
ORA-12492: DBLOW cannot be changed
Errors in file /u01/app/oracle/diag/rdbms/ttprod/ttprod1/trace/ttprod1_ora_54812.trc
ARC0: Archival started
RMAN-08104: channel CRM.CALL_DETAIL_RECORDS : input backup set: count= 3 , stamp= CDR_STAGING , piece= large pool
Starting background process VKTM
Thread 1 advanced to log sequence 157
Completed checkpoint up to RBA
Thread 1 advanced to log sequence 729
Thread 1 advanced to log sequence 292
ORA-16247: DDL skipped on internal schema
Errors in file /u01/app/oracle/diag/rdbms/ttprod/ttprod1/trace/ttprod1_ora_94686.trc
Thread 1 advanced to log sequence 327
Current log# 606 seq# 8365 mem# 0
Starting background process VKTM
Beginning log switch checkpoint up to RBA
RMAN-12016: using channel SYSAUX
Beginning log switch checkpoint up to RBA
Completed checkpoint up to RBA
PCC-02426: Incompatible LOB types
Completed checkpoint up to RBA
Completed checkpoint up to RBA
Archived Log entry 437 added for thread 1 sequence 8652
Undo initialization finished
RMAN-08521: offline range RECID= reporting_schema STAMP= app_db
Errors in file /u01/app/oracle/diag/rdbms/ttprod/ttprod1/trace/ttprod1_ora_41065.trc
Thread 1 advanced to log sequence 151
ORA-39914: Index SP2-0552 . pk_orders in tablespace user_sessions points to subpartition PK_CUSTOMER_ACCOUNTS of table 5000 . reporting_schema in tablespace user_sessions outside of transportable set.
Completed checkpoint up to RBA
Archived Log entry 544 added for thread 1 sequence 7294
Starting background process VKTM
ORA-51111: failure revalidation timed out
Errors in file /u01/app/oracle/diag/rdbms/ttprod/ttprod1/trace/ttprod1_ora_84606.trc
Thread 1 advanced to log sequence 440
ARC0: Archival started
Undo initialization finished
ORA-14515: only one aubpartition name can be specified
Beginning log switch checkpoint up to RBA
Archived Log entry 846 added for thread 1 sequence 6671
Completed checkpoint up to RBA
Starting background process VKTM
CRS-01211: Cluster Ready Service noticed abnormal termination by Cluster Synchronization Service. Details at user_sessions in INVOICE_LINES_IDX .
Beginning log switch checkpoint up to RBA
ARC0: Archival started
Thread 1 advanced to log sequence 523
ORA-25012: PARENT and NEW values cannot be identical
ARC0: Archival started
Beginning log switch checkpoint up to RBA
Archived Log entry 51 added for thread 1 sequence 8846
ORA-35582: (XSRWLD12) Cannot change the level of dimension member " number " from " number " to " number " within a single load.
Archived Log entry 276 added for thread 1 sequence 5796
Completed checkpoint up to RBA
Starting background process VKTM
ORA-01765: specifying owner's name of the table is not allowed
Starting background process VKTM
Starting background process VKTM
ARC0: Archival started
Beginning log switch checkpoint up to RBA
Thread 1 advanced to log sequence 86
ORA-27165: tried to join thread that does not exist
Undo initialization finished
Beginning log switch checkpoint up to RBA
ORA-38738: Flashback log file is not current copy.
Undo initialization finished
Beginning log switch checkpoint up to RBA
ARC0: Archival started
Undo initialization finished
Archived Log entry 944 added for thread 1 sequence 3286
DIA-48187: specified directory does not exist
Current log# 613 seq# 4470 mem# 0
Current log# 20 seq# 1886 mem# 0
Undo initialization finished
Current log# 649 seq# 2473 mem# 0
ORA-55624: The table " 5000 "." USERS " cannot be enabled for Flashback Archive at this point
ARC0: Archival started
ARC0: Archival started
ARC0: Archival started
Thread 1 advanced to log sequence 907
Completed checkpoint up to RBA
ORA-31227: DBMS_LDAP: invalid LDAP MESSAGE handle
Errors in file /u01/app/oracle/diag/rdbms/ttprod/ttprod1/trace/ttprod1_ora_86940.trc
ARC0: Archival started
Current log# 330 seq# 3886 mem# 0
Completed checkpoint up to RBA
ARC0: Archival started
PGA-21103: trace information written to ttprod1
Errors in file /u01/app/oracle/diag/rdbms/ttprod/ttprod1/trace/ttprod1_ora_72119.trc
Starting background process VKTM
Thread 1 advanced to log sequence 572
Undo initialization finished
Starting background process VKTM
ARC0: Archival started
ORA-06959: Buffer I/O quota is too small
Errors in file /u01/app/oracle/diag/rdbms/ttprod/ttprod1/trace/ttprod1_ora_36836.trc
Archived Log entry 999 added for thread 1 sequence 6641
Current log# 241 seq# 6359 mem# 0
Beginning log switch checkpoint up to RBA
Undo initialization finished
ORA-31666: Master process SYSAUX had an unhandled exception.
ARC0: Archival started
Thread 1 advanced to log sequence 541
Beginning log switch checkpoint up to RBA
ORA-01555: Snapshot too old
ARC0: Archival started
Beginning log switch checkpoint up to RBA
ORA-26003: parallel load not supported for index-organized table TNS_ADMIN .
Current log# 19 seq# 7047 mem# 0
RMAN-05045: Performing import of metadata...
Starting background process VKTM
Completed checkpoint up to RBA
Current log# 648 seq# 4494 mem# 0
Completed checkpoint up to RBA
IMP-00017: following statement failed with ORACLE error number :
Beginning log switch checkpoint up to RBA
Undo initialization finished
LPX-00603: Invalid attribute value '~1S': {element '~2S', attribute '~3S'}.
Starting background process VKTM
Beginning log switch checkpoint up to RBA
PROC-00037: Oracle Cluster Registry does not support the storage type configured
Errors in file /u01/app/oracle/diag/rdbms/ttprod/ttprod1/trace/ttprod1_ora_28883.trc
Beginning log switch checkpoint up to RBA
Archived Log entry 934 added for thread 1 sequence 1058
RMAN-06728: could not locate control file copy INVOICE_LINES_IDX
ARC0: Archival started
Starting background process VKTM
Current log# 125 seq# 3684 mem# 0
Thread 1 advanced to log sequence 143
ORA-00437: ORACLE feature is not licensed. Contact Oracle Corp. for assistance
Starting background process VKTM
Current log# 228 seq# 1016 mem# 0
Starting background process VKTM
Current log# 729 seq# 3963 mem# 0
DRG-10015: id exceeds limit(2147483642) of a number
Completed checkpoint up to RBA
Current log# 26 seq# 4073 mem# 0
Current log# 514 seq# 5832 mem# 0
Current log# 173 seq# 9595 mem# 0
CRS-02677: Stop of ' UNDOTBS1 ' on ' 42 ' succeeded
Current log# 279 seq# 6209 mem# 0
Starting background process VKTM
RMAN-08183: channel INVOICE_LINES_IDX : block restore complete, elapsed time: BILLING.CUST_ORDERS
Errors in file /u01/app/oracle/diag/rdbms/ttprod/ttprod1/trace/ttprod1_ora_20474.trc
Completed checkpoint up to RBA
ORA-10924: import storage parse error ignore event
Thread 1 advanced to log sequence 550
ARC0: Archival started
ARC0: Archival started
ORA-46077: Length of value too large
Errors in file /u01/app/oracle/diag/rdbms/ttprod/ttprod1/trace/ttprod1_ora_50396.trc
Beginning log switch checkpoint up to RBA
Thread 1 advanced to log sequence 334
Current log# 219 seq# 7556 mem# 0
Thread 1 advanced to log sequence 692
TNS-12166: TNS:Client can not connect to HO agent.
Current log# 795 seq# 6005 mem# 0
PCB-00317: Group item host variables are Oracle extensions
Undo initialization finished
Undo initialization finished
TNS-02509: Authentication: invalid process state
Starting background process VKTM
Completed checkpoint up to RBA
Beginning log switch checkpoint up to RBA
ORA-32621: illegal aggregation in UNTIL iteration condition
Current log# 336 seq# 2463 mem# 0
Thread 1 advanced to log sequence 45
Beginning log switch checkpoint up to RBA
Thread 1 advanced to log sequence 904
DRG-10756: neither text indexing nor theme indexing has been selected
Beginning log switch checkpoint up to RBA
ARC0: Archival started
Current log# 255 seq# 5752 mem# 0
RMAN-10013: error initializing PL/SQL
Errors in file /u01/app/oracle/diag/rdbms/ttprod/ttprod1/trace/ttprod1_ora_33314.trc
Thread 1 advanced to log sequence 508
Undo initialization finished
Undo initialization finished
INS-08014: Fully qualified Condition class name is not given.
Errors in file /u01/app/oracle/diag/rdbms/ttprod/ttprod1/trace/ttprod1_ora_47276.trc
ARC0: Archival started
ARC0: Archival started
ORA-15099: disk ' reporting_schema ' is larger than maximum size of 1024 MBs
Starting background process VKTM
Undo initialization finished
Starting background process VKTM
ORA-01278: error creating file ' 3 '
Current log# 369 seq# 6173 mem# 0
Archived Log entry 287 added for thread 1 sequence 2215
CLST-02401: failure app_db querying maximum configurable node number
Errors in file /u01/app/oracle/diag/rdbms/ttprod/ttprod1/trace/ttprod1_ora_75673.trc
Beginning log switch checkpoint up to RBA
Beginning log switch checkpoint up to RBA
ORA-01237: cannot extend datafile SP2-0552
Archived Log entry 573 added for thread 1 sequence 8253
Undo initialization finished
Undo initialization finished
Starting background process VKTM
Current log# 2 seq# 3610 mem# 0
ORA-14134: indexes cannot use both DESC and REVERSE
Thread 1 advanced to log sequence 147
Current log# 682 seq# 5217 mem# 0
Archived Log entry 968 added for thread 1 sequence 4541
ARC0: Archival started
Undo initialization finished
ORA-08458: invalid format parameter
Archived Log entry 415 added for thread 1 sequence 5955
Completed checkpoint up to RBA
Archived Log entry 130 added for thread 1 sequence 8225
Undo initialization finished
ORA-38420: invalid stored attribute sub-expression: CDR_STAGING
ARC0: Archival started
Current log# 739 seq# 1337 mem# 0
Starting background process VKTM
RMAN-08008: channel /u01/app/oracle/oradata/ttprod/users01.dbf : starting full datafile backup set
Archived Log entry 950 added for thread 1 sequence 2931
Archived Log entry 151 added for thread 1 sequence 6078
ARC0: Archival started
Starting background process VKTM
ORA-13365: layer SRID does not match geometry SRID
Archived Log entry 723 added for thread 1 sequence 4247
Current log# 953 seq# 4088 mem# 0
ORA-39916: Subpartition 1024 of table 17 . session_1123 in tablespace CDR_STAGING points to LOB segment fk_order_customer . idx_users_email in tablespace CDR_STAGING .
Archived Log entry 214 added for thread 1 sequence 9403
Completed checkpoint up to RBA
Archived Log entry 37 added for thread 1 sequence 7912
Undo initialization finished
PRCR-01005: Resource {0} is already stopped
Errors in file /u01/app/oracle/diag/rdbms/ttprod/ttprod1/trace/ttprod1_ora_48886.trc
Thread 1 advanced to log sequence 560
Beginning log switch checkpoint up to RBA
Thread 1 advanced to log sequence 729
Starting background process VKTM
Beginning log switch checkpoint up to RBA
ORA-47394: Factor assignment rule set not defined
Undo initialization finished
DIA-49454: Archive is missing or empty [ 5000 ] [ ttprod2 ]
Thread 1 advanced to log sequence 131
Completed checkpoint up to RBA
Archived Log entry 767 added for thread 1 sequence 1571
Starting background process VKTM
ORA-36981: (XSRELGID19) The format of the GROUPINGID function is: GROUPINGID(gidrel1 [gidrel2]...)
ARC0: Archival started
PGU-00143: variable has not been defined
Beginning log switch checkpoint up to RBA
Starting background process VKTM
Undo initialization finished
Completed checkpoint up to RBA
Beginning log switch checkpoint up to RBA
ORA-12510: TNS:database temporarily lacks resources to handle the request
Beginning log switch checkpoint up to RBA
Thread 1 advanced to log sequence 157
Starting background process VKTM
ORA-00470: LGWR process terminated with error
Starting background process VKTM
Starting background process VKTM
ARC0: Archival started
Thread 1 advanced to log sequence 30
CRS-02734: Failed to stop all required resources on ' ttprod2 '; the server will stay in RECONFIGURING state
Beginning log switch checkpoint up to RBA
Archived Log entry 160 added for thread 1 sequence 8140
ARC0: Archival started
Undo initialization finished
Thread 1 advanced to log sequence 125
NID-00505: REVERT Revert failed change NO
Errors in file /u01/app/oracle/diag/rdbms/ttprod/ttprod1/trace/ttprod1_ora_39148.trc
Beginning log switch checkpoint up to RBA
Undo initialization finished
Undo initialization finished
Beginning log switch checkpoint up to RBA
ORA-03248: Too much of segment creation activity during migration
Completed checkpoint up to RBA
Completed checkpoint up to RBA
RMAN-06778: WARNING: app_db : sqlcode number was caught, automatic retry # _SYSSMU12$
Errors in file /u01/app/oracle/diag/rdbms/ttprod/ttprod1/trace/ttprod1_ora_62102.trc
Undo initialization finished
Thread 1 advanced to log sequence 685
SCLC-01018: Discovery Server discovery method is not configured for tier {0}, {1}
Thread 1 advanced to log sequence 167
Undo initialization finished
ORA-44204: library cache object INVOICE_LINES_IDX . ttstandby01 found in an in-flux state
Undo initialization finished
Completed checkpoint up to RBA
ORA-29534: referenced object CDR_STAGING . NETWORK_OPS.SIM_INVENTORY could not be resolved
ARC0: Archival started
Archived Log entry 455 added for thread 1 sequence 9814
Thread 1 advanced to log sequence 699
Completed checkpoint up to RBA
DIA-48459: "describe" command only supports one ADR home path
Starting background process VKTM
Thread 1 advanced to log sequence 699
Beginning log switch checkpoint up to RBA
RMAN-08580: channel 42 : starting datafile copy
Archived Log entry 789 added for thread 1 sequence 8257
Starting background process VKTM
Undo initialization finished
ORA-16424: RECOVER FINISH cannot complete due to a redo gap.
Archived Log entry 884 added for thread 1 sequence 9503
Thread 1 advanced to log sequence 221
Beginning log switch checkpoint up to RBA
Completed checkpoint up to RBA
PGA-21101: initialization parameters read from 5000
Beginning log switch checkpoint up to RBA
Starting background process VKTM
CRS-01308: Oracle High Availability Service terminating, unable to start successfully. Details at PK_CUSTOMER_ACCOUNTS in CRM.CALL_DETAIL_RECORDS .
Undo initialization finished
Archived Log entry 207 added for thread 1 sequence 5661
ORA-28584: heterogeneous apply internal error
ARC0: Archival started
NNL-00307: Server checkpointing its cache
Completed checkpoint up to RBA
ORA-27245: unable to dlopen() binary image
Starting background process VKTM
ARC0: Archival started
CLSU-00221: ERROR printed by clsecho: ttprod1
Errors in file /u01/app/oracle/diag/rdbms/ttprod/ttprod1/trace/ttprod1_ora_75145.trc
Starting background process VKTM
ORA-22800: invalid user-defined type
Starting background process VKTM
Completed checkpoint up to RBA
Archived Log entry 52 added for thread 1 sequence 1816
ORA-02471: SYSDATE, UID, USER, ROWNUM, or LEVEL incorrectly used in hash expre\ssion.
Errors in file /u01/app/oracle/diag/rdbms/ttprod/ttprod1/trace/ttprod1_ora_49753.trc
Archived Log entry 729 added for thread 1 sequence 2079
Starting background process VKTM
Current log# 605 seq# 1707 mem# 0
TNS-04203: Trace Assistant Usage ERROR: Invalid options
Errors in file /u01/app/oracle/diag/rdbms/ttprod/ttprod1/trace/ttprod1_ora_65951.trc
Completed checkpoint up to RBA
Starting background process VKTM
Archived Log entry 848 added for thread 1 sequence 4924
ARC0: Archival started
Archived Log entry 467 added for thread 1 sequence 1297
DIA-48439: The input path name exceeds the maximum length [ app_db ]
Errors in file /u01/app/oracle/diag/rdbms/ttprod/ttprod1/trace/ttprod1_ora_14366.trc
Thread 1 advanced to log sequence 494
ORA-39785: SQL expressions returning ADT objects are not allowed in direct path
Thread 1 advanced to log sequence 398
ARC0: Archival started
Completed checkpoint up to RBA
PRCI-01105: Failed to check Oracle Restart running state for Oracle Restart home {0} on node {1}
Starting background process VKTM
Undo initialization finished
Starting background process VKTM
Thread 1 advanced to log sequence 840
RMAN-08035: partial resync skipped, target database not mounted
Errors in file /u01/app/oracle/diag/rdbms/ttprod/ttprod1/trace/ttprod1_ora_40360.trc
Current log# 469 seq# 5562 mem# 0
Archived Log entry 250 added for thread 1 sequence 9831
Current log# 925 seq# 3622 mem# 0
Undo initialization finished
ORA-22874: attribute " user_sessions " is not part of the type " ttprod2 "
ARC0: Archival started
ORA-27545: Fail to prepare buffer for remote update
Thread 1 advanced to log sequence 789
Starting background process VKTM
Starting background process VKTM
Current log# 777 seq# 9356 mem# 0
Current log# 544 seq# 3123 mem# 0
NID-00309: Control File shared pool - wrote new name
Thread 1 advanced to log sequence 455
Archived Log entry 18 added for thread 1 sequence 7457
Beginning log switch checkpoint up to RBA
ORA-15083: failed to communicate with ASMB background process
Undo initialization finished
Thread 1 advanced to log sequence 657
NZE-28827: invalid cipher type passed
ARC0: Archival started
Beginning log switch checkpoint up to RBA
Starting background process VKTM
Thread 1 advanced to log sequence 292
Archived Log entry 47 added for thread 1 sequence 7222
ORA-48248: Function BILLING.CUST_ORDERS type check error; ityp = reporting_schema typ = SYSAUX arg = SP2-0552
Starting background process VKTM
ORA-16547: cannot disable or delete the primary database
Thread 1 advanced to log sequence 107
Completed checkpoint up to RBA
ORA-09797: Failed to get O/S MAC privileges.
Completed checkpoint up to RBA
RMAN-07251: Repair script: BILLING.CUST_ORDERS
Beginning log switch checkpoint up to RBA
Undo initialization finished
ORA-26021: index app_db . INVOICE_LINES_IDX partition _SYSSMU7$ loaded successfully with ttstandby01 keys
Completed checkpoint up to RBA
Thread 1 advanced to log sequence 537
ORA-01764: new update value of join is not guaranteed to be unique
Beginning log switch checkpoint up to RBA
NNO-00614: enabling FORWARDING-DESIRED on system queries
Errors in file /u01/app/oracle/diag/rdbms/ttprod/ttprod1/trace/ttprod1_ora_71067.trc
Thread 1 advanced to log sequence 93
RMAN-07520: Reason: Data pump dump file
ARC0: Archival started
Beginning log switch checkpoint up to RBA
Completed checkpoint up to RBA
ARC0: Archival started
ARC0: Archival started
DIA-49406: Undefined configuration parameter specified [ APP_USER42 ]
ARC0: Archival started
Thread 1 advanced to log sequence 230
DRG-50700: unknown command (args=queue, command)
Current log# 22 seq# 8963 mem# 0
TNS-02525: encryption/crypto-checksumming: self test failed
Beginning log switch checkpoint up to RBA
Thread 1 advanced to log sequence 592
ORA-32854: propagation job 17 already exists
Beginning log switch checkpoint up to RBA
RMAN-06119: uncataloged datafile copy
Undo initialization finished
Starting background process VKTM
Undo initialization finished
ORA-26901: BILLING.CUST_ORDERS propagation sender in the combined capture and apply mode is to be suspended while apply is disabled.
Beginning log switch checkpoint up to RBA
Beginning log switch checkpoint up to RBA
Archived Log entry 537 added for thread 1 sequence 7080
Thread 1 advanced to log sequence 898
ORA-33275: Autonomous transaction query of an UPDATEd analytic workspace is not supported
ARC0: Archival started
Beginning log switch checkpoint up to RBA
Thread 1 advanced to log sequence 336
Archived Log entry 631 added for thread 1 sequence 6784
ORA-48304: incident staging file not found
Current log# 541 seq# 4954 mem# 0
Beginning log switch checkpoint up to RBA
Thread 1 advanced to log sequence 952
Starting background process VKTM
KUP-04102: record number discarded from file _SYSSMU7$
Thread 1 advanced to log sequence 864
Archived Log entry 343 added for thread 1 sequence 4291
RMAN-06731: command app_db : 1024 % complete, time left number : number : number
Errors in file /u01/app/oracle/diag/rdbms/ttprod/ttprod1/trace/ttprod1_ora_66876.trc
Undo initialization finished
Current log# 145 seq# 4420 mem# 0
Current log# 108 seq# 2358 mem# 0
ORA-12991: column is referenced in a multi-column constraint
Beginning log switch checkpoint up to RBA
Thread 1 advanced to log sequence 908
ARC0: Archival started
ARC0: Archival started
Current log# 328 seq# 5999 mem# 0
ORA-27241: ELF-shared library has multiple sections of the same type
Errors in file /u01/app/oracle/diag/rdbms/ttprod/ttprod1/trace/ttprod1_ora_61766.trc
Beginning log switch checkpoint up to RBA
PGA-20907: preceding error occurred during gateway PK_CUSTOMER_ACCOUNTS processing
Completed checkpoint up to RBA
Current log# 790 seq# 7236 mem# 0
Completed checkpoint up to RBA
Beginning log switch checkpoint up to RBA
ORA-15511: cannot process workload capture because no user sessions were recorded
Errors in file /u01/app/oracle/diag/rdbms/ttprod/ttprod1/trace/ttprod1_ora_46982.trc
Thread 1 advanced to log sequence 611
ORA-14408: partitioned index contains subpartitions in a different tablespace
Errors in file /u01/app/oracle/diag/rdbms/ttprod/ttprod1/trace/ttprod1_ora_92522.trc
Beginning log switch checkpoint up to RBA
Starting background process VKTM
DRG-10504: primary key is required when using the DETAIL_DATASTORE
Beginning log switch checkpoint up to RBA
Undo initialization finished
Undo initialization finished
ORA-35565: (XSRWLD03) For object workspace object only APPEND, MATCH or ASSIGN may be used.
Completed checkpoint up to RBA
IMG-02001: 2FF01 - incorrect image format
Thread 1 advanced to log sequence 894
Beginning log switch checkpoint up to RBA
ARC0: Archival started
Thread 1 advanced to log sequence 615
Beginning log switch checkpoint up to RBA
ORA-00163: internal database name length idx_users_email is greater than maximum ( PK_CUSTOMER_ACCOUNTS )
Thread 1 advanced to log sequence 241
Thread 1 advanced to log sequence 685
Starting background process VKTM
Completed checkpoint up to RBA
ORA-19679: RMAN configuration number BILLING.CUST_ORDERS is outside valid range of 1 through TNS_ADMIN
Current log# 675 seq# 5950 mem# 0
Undo initialization finished
Thread 1 advanced to log sequence 146
Beginning log switch checkpoint up to RBA
Beginning log switch checkpoint up to RBA
ORA-51110: buffer size [ 5000 ] is too small - [ 5000 ] is needed
Archived Log entry 291 added for thread 1 sequence 1798
ORA-27601: Cell storage initialization failed, cell library error code [ _SYSSMU7$ ]
Current log# 491 seq# 9951 mem# 0
Beginning log switch checkpoint up to RBA
Beginning log switch checkpoint up to RBA
DRG-50961: Missing DATA_TS01 for /u01/app/oracle/oradata/ttprod/users01.dbf clause
Completed checkpoint up to RBA
Undo initialization finished
ARC0: Archival started
Current log# 105 seq# 5410 mem# 0
DGM-16991: Two or more resources have the name " ttprod2 "
Starting background process VKTM
Starting background process VKTM
Undo initialization finished
PRIF-00033: Failed to set or delete interface because hosts could not be discovered USERS
Beginning log switch checkpoint up to RBA
ORA-53001: <TAG> and <TAG_RANGE> tag values are null
Archived Log entry 957 added for thread 1 sequence 1251
Thread 1 advanced to log sequence 853
Thread 1 advanced to log sequence 680
Current log# 737 seq# 2768 mem# 0
NCR-03025: NCRO: Failed to make LIST connection(s)
ARC0: Archival started
Current log# 821 seq# 1030 mem# 0
RMAN-06162: sql statement: pg_toast_12345
Thread 1 advanced to log sequence 126
Completed checkpoint up to RBA
ORA-31662: metadata transform name can not be defaulted
ARC0: Archival started
Completed checkpoint up to RBA
RMAN-06569: DATABASE: CRM.CALL_DETAIL_RECORDS does not match previous DATABASE: ttstandby01
Errors in file /u01/app/oracle/diag/rdbms/ttprod/ttprod1/trace/ttprod1_ora_65048.trc
Undo initialization finished
Current log# 700 seq# 5636 mem# 0
ORA-48409: The ADR homes exceeds the maximum number [ app_db ]
Starting background process VKTM
Starting background process VKTM
Archived Log entry 761 added for thread 1 sequence 9433
Undo initialization finished
Archived Log entry 342 added for thread 1 sequence 9704
ORA-30205: invalid Character set
Current log# 89 seq# 7547 mem# 0
Thread 1 advanced to log sequence 564
Undo initialization finished
ORA-22828: input pattern or replacement parameters exceed 32K size limit
Errors in file /u01/app/oracle/diag/rdbms/ttprod/ttprod1/trace/ttprod1_ora_73038.trc
ARC0: Archival started
Completed checkpoint up to RBA
Beginning log switch checkpoint up to RBA
Undo initialization finished
ORA-06109: NETTCP: message receive failure
Archived Log entry 138 added for thread 1 sequence 8241
Undo initialization finished
RMAN-10015: error compiling PL/SQL program
Starting background process VKTM
Archived Log entry 555 added for thread 1 sequence 9216
RMAN-08063: Recovery catalog is down or not connected to catalog, trying to reconnect.
Undo initialization finished
ORA-29266: end-of-body reached
Errors in file /u01/app/oracle/diag/rdbms/ttprod/ttprod1/trace/ttprod1_ora_59367.trc
Current log# 186 seq# 9187 mem# 0
Starting background process VKTM
ORA-22276: invalid locator for LOB buffering
Thread 1 advanced to log sequence 218
Starting background process VKTM
PLS-00209: table ' APP_USER42 ' is not in FROM clause
Errors in file /u01/app/oracle/diag/rdbms/ttprod/ttprod1/trace/ttprod1_ora_88806.trc
Thread 1 advanced to log sequence 69
Beginning log switch checkpoint up to RBA
Beginning log switch checkpoint up to RBA
Completed checkpoint up to RBA
RMAN-06709: No scripts in recovery catalog
Thread 1 advanced to log sequence 647
Completed checkpoint up to RBA
Starting background process VKTM
ORA-26716: message limit reached
Current log# 61 seq# 6475 mem# 0
Current log# 289 seq# 6037 mem# 0
Completed checkpoint up to RBA
Completed checkpoint up to RBA
ORA-22884: object modification failed
Thread 1 advanced to log sequence 95
Beginning log switch checkpoint up to RBA
ARC0: Archival started
Completed checkpoint up to RBA
PRCA-01003: Failed to create ASM {0} resource {1}
Starting background process VKTM
Beginning log switch checkpoint up to RBA
NID-00401: Must finish REVERT changes before attempting any database operation.
ARC0: Archival started
Beginning log switch checkpoint up to RBA
PRKO-02018: No databases are configured
Errors in file /u01/app/oracle/diag/rdbms/ttprod/ttprod1/trace/ttprod1_ora_98527.trc
Thread 1 advanced to log sequence 712
Starting background process VKTM
Beginning log switch checkpoint up to RBA
ORA-37072: (XSMCSESS00) Object workspace object has the wrong type.
Starting background process VKTM
ORA-15468: volume ' fk_order_customer ' in diskgroup ' app_db ' is currently being accessed
Archived Log entry 241 added for thread 1 sequence 3482
Current log# 668 seq# 8476 mem# 0
Completed checkpoint up to RBA
Archived Log entry 867 added for thread 1 sequence 9445
Undo initialization finished
ORA-54610: CREATE_PC: input extent cannot be more than 2-D for geodetic data
Thread 1 advanced to log sequence 86
Starting background process VKTM
Completed checkpoint up to RBA
Completed checkpoint up to RBA
Beginning log switch checkpoint up to RBA
RMAN-08517: backup piece handle= shared pool RECID= CRM.CALL_DETAIL_RECORDS STAMP= 42
Beginning log switch checkpoint up to RBA
Starting background process VKTM
ARC0: Archival started
ARC0: Archival started
CLST-01301: successfully deleted app_db of large pool configuration values
Beginning log switch checkpoint up to RBA
Starting background process VKTM
Starting background process VKTM
RMAN-08124: keep attributes for the datafile/control file copy are changed
Archived Log entry 546 added for thread 1 sequence 5378
ARC0: Archival started
Beginning log switch checkpoint up to RBA
Beginning log switch checkpoint up to RBA
Undo initialization finished
NZE-29015: incorrect message length
Beginning log switch checkpoint up to RBA
Completed checkpoint up to RBA
Archived Log entry 279 added for thread 1 sequence 9891
DIA-49421: Maximum number of package files generated [ ttstandby01 ]
Errors in file /u01/app/oracle/diag/rdbms/ttprod/ttprod1/trace/ttprod1_ora_68592.trc
ARC0: Archival started
Undo initialization finished
NNL-00206: No reload check currently scheduled
ARC0: Archival started
Starting background process VKTM
NZE-29125: pkcs11 token label already set
Errors in file /u01/app/oracle/diag/rdbms/ttprod/ttprod1/trace/ttprod1_ora_40127.trc
Completed checkpoint up to RBA
Current log# 557 seq# 8303 mem# 0
ORA-29908: missing primary invocation for ancillary operator
Current log# 835 seq# 7356 mem# 0
Beginning log switch checkpoint up to RBA
Undo initialization finished
ORA-02192: PCTINCREASE not allowed for rollback segment storage clauses
ARC0: Archival started
PRVF-04151: Found different access permissions for the above storage location across the nodes specified
Thread 1 advanced to log sequence 792
Beginning log switch checkpoint up to RBA
OCI-31039: XML namespace length PK_CUSTOMER_ACCOUNTS exceeds maximum ttprod1
Completed checkpoint up to RBA
Beginning log switch checkpoint up to RBA
PLS-00132: Pragma USERS does not support ttprod1
Undo initialization finished
ORA-01200: actual file size of large pool is smaller than correct size of reporting_schema blocks
Beginning log switch checkpoint up to RBA
ARC0: Archival started
Thread 1 advanced to log sequence 675
Beginning log switch checkpoint up to RBA
Undo initialization finished
CRS-09107: Start time greater than end time
Thread 1 advanced to log sequence 990
CRS-01338: Failed to add a delete key operation for key ' reporting_schema ' to a batch in OLR. Details at DATA_TS01 in NETWORK_OPS.SIM_INVENTORY .
Archived Log entry 443 added for thread 1 sequence 6087
Thread 1 advanced to log sequence 278
RMAN-05035: archived logs generated after SCN SP2-0552 not found in repository
Errors in file /u01/app/oracle/diag/rdbms/ttprod/ttprod1/trace/ttprod1_ora_97880.trc
Archived Log entry 945 added for thread 1 sequence 5534
Undo initialization finished
Archived Log entry 535 added for thread 1 sequence 3032
ORA-23385: replication parallel push large pool argument not valid
Current log# 89 seq# 4752 mem# 0
Completed checkpoint up to RBA
ARC0: Archival started
DRG-12307: column USERS is NULL and cannot be indexed
Thread 1 advanced to log sequence 315
Beginning log switch checkpoint up to RBA
Thread 1 advanced to log sequence 419
Completed checkpoint up to RBA
Current log# 30 seq# 7792 mem# 0
TNS-00235: Aborting connection: Protocol Apapter errors: ttstandby01 ; number , number session_1123 ; number , number
Undo initialization finished
Beginning log switch checkpoint up to RBA
Undo initialization finished
PCB-00317: Group item host variables are Oracle extensions
Thread 1 advanced to log sequence 432
ORA-42313: This operation is not supported on Editioning views marked invalid
Current log# 121 seq# 2586 mem# 0
Completed checkpoint up to RBA
Completed checkpoint up to RBA
Current log# 738 seq# 6510 mem# 0
ORA-36027: (XSHIERCK08) Hierarchy workspace object is not balanced.
Beginning log switch checkpoint up to RBA
ARC0: Archival started
ORA-12008: error in materialized view refresh path
Completed checkpoint up to RBA
Starting background process VKTM
ARC0: Archival started
PGA-21016: RRM initialization failed for LU reporting_schema
Thread 1 advanced to log sequence 454
ARC0: Archival started
ARC0: Archival started
ARC0: Archival started
Starting background process VKTM
QSM-01081: no primary key or row id found for table, TNS_ADMIN , in MV, pk_orders
Errors in file /u01/app/oracle/diag/rdbms/ttprod/ttprod1/trace/ttprod1_ora_96219.trc
Starting background process VKTM
Starting background process VKTM
Starting background process VKTM
Starting background process VKTM
RMAN-06058: a current control file cannot be included along with a standby control file
Errors in file /u01/app/oracle/diag/rdbms/ttprod/ttprod1/trace/ttprod1_ora_42893.trc
ARC0: Archival started
Starting background process VKTM
Completed checkpoint up to RBA
Thread 1 advanced to log sequence 559
Beginning log switch checkpoint up to RBA
ORA-30338: illegal dimension hierachy name
Errors in file /u01/app/oracle/diag/rdbms/ttprod/ttprod1/trace/ttprod1_ora_55443.trc
Undo initialization finished
Completed checkpoint up to RBA
ARC0: Archival started
Completed checkpoint up to RBA
Current log# 573 seq# 8865 mem# 0
ORA-01285: error reading file /u01/app/oracle/oradata/ttprod/users01.dbf
Errors in file /u01/app/oracle/diag/rdbms/ttprod/ttprod1/trace/ttprod1_ora_39310.trc
Completed checkpoint up to RBA
ORA-26929: altering an outbound server with a remote capture is not allowed
Starting background process VKTM
Undo initialization finished
Undo initialization finished
TNS-12611: TNS:operation is not portable
Current log# 392 seq# 3041 mem# 0
ARC0: Archival started
Completed checkpoint up to RBA
Completed checkpoint up to RBA
Undo initialization finished
XOQ-01906: The analytic workspace referenced by the AWCubeOrganization does not match that of analytic workspace primary dimension organization " user_sessions ".
Completed checkpoint up to RBA
PGU-20002: unable to login to Oracle
Starting background process VKTM
Thread 1 advanced to log sequence 111
ORA-16549: invalid app_db
Completed checkpoint up to RBA
ORA-47140: Factor expression APP_USER42 already defined
Starting background process VKTM
Archived Log entry 557 added for thread 1 sequence 1418
ARC0: Archival started
ARC0: Archival started
ARC0: Archival started
ORA-00607: Internal error occurred while making a change to a data block
Thread 1 advanced to log sequence 151
Undo initialization finished
Beginning log switch checkpoint up to RBA
ARC0: Archival started
ORA-00044: timed_statistics must be TRUE when statistics_level is not BASIC
ARC0: Archival started
ARC0: Archival started
Completed checkpoint up to RBA
Completed checkpoint up to RBA
ORA-32502: Cannot execute command. Flash Freeze is not in effect
Completed checkpoint up to RBA
Starting background process VKTM
ARC0: Archival started
ARC0: Archival started
Beginning log switch checkpoint up to RBA
ORA-23301: mixed use of deferred rpc destination modes
Current log# 767 seq# 5347 mem# 0
Current log# 185 seq# 5049 mem# 0
ORA-10943: trace name context forever
Archived Log entry 350 added for thread 1 sequence 3361
Undo initialization finished
Starting background process VKTM
Thread 1 advanced to log sequence 310
ARC0: Archival started
ORA-23342: invalid parameter column 42
Undo initialization finished
Current log# 550 seq# 3531 mem# 0
ORA-02288: invalid OPEN mode
Errors in file /u01/app/oracle/diag/rdbms/ttprod/ttprod1/trace/ttprod1_ora_91035.trc
Beginning log switch checkpoint up to RBA
LFI-01007: Line is too long; encountered in function 3 .
Thread 1 advanced to log sequence 350
Undo initialization finished
CRS-04666: Could not find node INVOICE_LINES_IDX to unpin.
Thread 1 advanced to log sequence 604
PCC-02418: Array size mismatch between Object and REF host variables
Thread 1 advanced to log sequence 300
Beginning log switch checkpoint up to RBA
Current log# 322 seq# 7520 mem# 0
PRCC-01020: Version {0} cannot be used to administer resource configuration of version {1} or later
Errors in file /u01/app/oracle/diag/rdbms/ttprod/ttprod1/trace/ttprod1_ora_47375.trc
Archived Log entry 879 added for thread 1 sequence 5520
Starting background process VKTM
Starting background process VKTM
ORA-13124: unable to determine column id for column fk_order_customer
Thread 1 advanced to log sequence 271
Current log# 210 seq# 7107 mem# 0
Archived Log entry 315 added for thread 1 sequence 3227
Archived Log entry 516 added for thread 1 sequence 5528
TNS-02517: key smaller than requested size
ARC0: Archival started
Starting background process VKTM
ORA-22605: FDO handle [ pg_toast_12345 ] is not initialized
Current log# 562 seq# 6178 mem# 0
Starting background process VKTM
Thread 1 advanced to log sequence 510
Completed checkpoint up to RBA
Thread 1 advanced to log sequence 149
RMAN-08126: keep attributes for the proxy copy are changed
Archived Log entry 757 added for thread 1 sequence 5291
Starting background process VKTM
Archived Log entry 798 added for thread 1 sequence 2013
RMAN-08514: archived log file name= /u01/app/oracle/oradata/ttprod/users01.dbf RECID= 3 STAMP= UNDOTBS1
Completed checkpoint up to RBA
Starting background process VKTM
Undo initialization finished
LSX-00168: referring form of "~S" must NOT occur at the top level
Thread 1 advanced to log sequence 509
ARC0: Archival started
Current log# 653 seq# 8475 mem# 0
Archived Log entry 385 added for thread 1 sequence 3711
ARC0: Archival started
OCI-04028: cannot generate diana for object DATA_TS01 SYSAUX UNDOTBS1 _SYSSMU12$ shared pool
Beginning log switch checkpoint up to RBA
Completed checkpoint up to RBA
ARC0: Archival started
RMAN-08019: channel session_1123 : restoring datafile PK_CUSTOMER_ACCOUNTS
Starting background process VKTM
Completed checkpoint up to RBA
Undo initialization finished
ORA-06764: TLI Driver: error reading disconnect
ARC0: Archival started
Beginning log switch checkpoint up to RBA
LRM-00121: ' pk_orders ' is not an allowable value for ' pk_orders '
ARC0: Archival started
Archived Log entry 522 added for thread 1 sequence 2920
Undo initialization finished
ARC0: Archival started
ORA-01314: Name of the column to be mined should be a CDR_STAGING literal
Errors in file /u01/app/oracle/diag/rdbms/ttprod/ttprod1/trace/ttprod1_ora_26410.trc
Beginning log switch checkpoint up to RBA
ARC0: Archival started
Completed checkpoint up to RBA
PLS-00523: ORDER methods must return an INTEGER.
Errors in file /u01/app/oracle/diag/rdbms/ttprod/ttprod1/trace/ttprod1_ora_25737.trc
Archived Log entry 957 added for thread 1 sequence 5823
Completed checkpoint up to RBA
Archived Log entry 889 added for thread 1 sequence 8380
ORA-28404: role cannot be altered
Thread 1 advanced to log sequence 286
ORA-24071: cannot perform operation 17 , queue table PK_CUSTOMER_ACCOUNTS is being migrated
Starting background process VKTM
Archived Log entry 870 added for thread 1 sequence 4542
Current log# 837 seq# 7587 mem# 0
Starting background process VKTM
PCC-00023: Unable to log off from ORACLE
Archived Log entry 494 added for thread 1 sequence 8744
Current log# 952 seq# 9756 mem# 0
Beginning log switch checkpoint up to RBA
Thread 1 advanced to log sequence 60
Starting background process VKTM
RMAN-08059: media recovery failed
Undo initialization finished
Archived Log entry 898 added for thread 1 sequence 7520
Thread 1 advanced to log sequence 931
Current log# 200 seq# 7975 mem# 0
CLST-01304: node deletion successful
Thread 1 advanced to log sequence 546
Thread 1 advanced to log sequence 839
Archived Log entry 28 added for thread 1 sequence 7340
Thread 1 advanced to log sequence 754
Starting background process VKTM
NZE-29227: Certificate is expired.
Archived Log entry 723 added for thread 1 sequence 1307
Starting background process VKTM
Current log# 947 seq# 2933 mem# 0
Current log# 768 seq# 9989 mem# 0
Undo initialization finished
CLST-01103: existing configuration version ( DATA_TS01 ) detected
Completed checkpoint up to RBA
Current log# 636 seq# 1754 mem# 0
ORA-19941: invalid blocksize in cross platform datafile APP_USER42
Starting background process VKTM
Completed checkpoint up to RBA
ORA-38440: attribute set USERS does not exist
ARC0: Archival started
Thread 1 advanced to log sequence 805
ARC0: Archival started
Starting background process VKTM
Thread 1 advanced to log sequence 693
ORA-36394: (XSMXCLEA04) When using CLEAR on the AGGMAP workspace object , CACHE is the only valid directive.
Completed checkpoint up to RBA
Beginning log switch checkpoint up to RBA
PGA-20961: synclevel 1 conversations not allowed when PGA_CAPABILITY=2_PHASE
ARC0: Archival started
Undo initialization finished
Completed checkpoint up to RBA
Beginning log switch checkpoint up to RBA
ORA-25436: invalid table alias: INVOICE_LINES_IDX
Errors in file /u01/app/oracle/diag/rdbms/ttprod/ttprod1/trace/ttprod1_ora_23112.trc
Beginning log switch checkpoint up to RBA
Thread 1 advanced to log sequence 746
Archived Log entry 394 added for thread 1 sequence 8668
Starting background process VKTM
Undo initialization finished
PRCD-01177: Failed to abort the online relocation request for RAC One Node database {0}
Beginning log switch checkpoint up to RBA
Archived Log entry 904 added for thread 1 sequence 7965
Undo initialization finished
DRG-11132: Invalid character in logfile name
Undo initialization finished
Beginning log switch checkpoint up to RBA
Starting background process VKTM
Archived Log entry 388 added for thread 1 sequence 1803
Beginning log switch checkpoint up to RBA
OCI-22131: hexadecimal TNS_ADMIN length is zero
ARC0: Archival started
Completed checkpoint up to RBA
NNO-00318: overriding next statistic counter reset, resetting in number seconds
Current log# 463 seq# 3678 mem# 0
Beginning log switch checkpoint up to RBA
Beginning log switch checkpoint up to RBA
Archived Log entry 60 added for thread 1 sequence 1568
ORA-15094: attempted to write to file opened in read only mode
Thread 1 advanced to log sequence 194
ORA-26030: index INVOICE_LINES_IDX . reporting_schema had ttstandby01 partitions made unusable due to:
Thread 1 advanced to log sequence 354
ARC0: Archival started
ARC0: Archival started
ORA-19048: Cannot specify VARRAY storage in tableProps
Errors in file /u01/app/oracle/diag/rdbms/ttprod/ttprod1/trace/ttprod1_ora_80243.trc
Thread 1 advanced to log sequence 381
Starting background process VKTM
Starting background process VKTM
ORA-26028: index 42 . UNDOTBS1 initially in unusable state
Completed checkpoint up to RBA
Archived Log entry 257 added for thread 1 sequence 7579
Undo initialization finished
ARC0: Archival started
PCC-00081: Scale specification not allowed for given datatype
Errors in file /u01/app/oracle/diag/rdbms/ttprod/ttprod1/trace/ttprod1_ora_16558.trc
Starting background process VKTM
DRG-13719: File and Drop are mutually exclusive
ARC0: Archival started
Thread 1 advanced to log sequence 163
ORA-16222: automatic Logical Standby retry of last action
Archived Log entry 253 added for thread 1 sequence 4443
ARC0: Archival started
Starting background process VKTM
INS-40603: Invalid characters in User Name.
Archived Log entry 394 added for thread 1 sequence 1073
Undo initialization finished
ORA-13424: the GeoRaster object is not spatially referenced
Starting background process VKTM
Current log# 126 seq# 7160 mem# 0
Completed checkpoint up to RBA
ORA-39913: ttprod1 pg_toast_12345 . session_1123 in tablespace ttprod1 not allowed in transportable set.
Errors in file /u01/app/oracle/diag/rdbms/ttprod/ttprod1/trace/ttprod1_ora_10260.trc
ARC0: Archival started
Undo initialization finished
Current log# 733 seq# 9156 mem# 0
Archived Log entry 865 added for thread 1 sequence 4450
Current log# 949 seq# 7530 mem# 0
RMAN-06196: Oracle instance started
ARC0: Archival started
DGM-16909: Fatal error - quitting...
Current log# 350 seq# 3919 mem# 0
Current log# 747 seq# 9992 mem# 0
Archived Log entry 998 added for thread 1 sequence 9836
Thread 1 advanced to log sequence 331
Undo initialization finished
ORA-13429: invalid xCoefficients or yCoefficients parameter(s)
Archived Log entry 314 added for thread 1 sequence 8297
Undo initialization finished
ORA-16724: cannot resolve gap for one or more standby databases
Thread 1 advanced to log sequence 379
Archived Log entry 232 added for thread 1 sequence 6051
ARC0: Archival started
Undo initialization finished
ORA-39935: Updatable materialized view log fk_order_customer . fk_order_customer in tablespace large pool and materialized view UNDOTBS1 . shared pool in tablespace SP2-0552 are not fully contained in the transportable set.
Completed checkpoint up to RBA
Undo initialization finished
ARC0: Archival started
Undo initialization finished
Undo initialization finished
ORA-54540: at least one element must be a surface or solid
Archived Log entry 96 added for thread 1 sequence 8481
ARC0: Archival started
Beginning log switch checkpoint up to RBA
ORA-24199: message store is overflow
Current log# 935 seq# 7421 mem# 0
Undo initialization finished
NNL-00274: server not started, errors follow
Current log# 532 seq# 9280 mem# 0
Completed checkpoint up to RBA
Current log# 651 seq# 9473 mem# 0
Current log# 483 seq# 6451 mem# 0
Thread 1 advanced to log sequence 462
ORA-32406: cannot alter partitioning for existing materialized view log
Beginning log switch checkpoint up to RBA
Current log# 241 seq# 7058 mem# 0
Archived Log entry 735 added for thread 1 sequence 5382
Current log# 832 seq# 2650 mem# 0
ORA-28560: error in configuration of agent process
Current log# 222 seq# 2295 mem# 0
Undo initialization finished
Undo initialization finished
IMP-00089: Fine grain policy " _SYSSMU12$ " not recreated on table/view " session_1123 "
Undo initialization finished
RMAN-06084: the target database may not be mounted when issuing REPLICATE
Completed checkpoint up to RBA
ARC0: Archival started
NID-00330: The following datafiles are offline immediate:
ARC0: Archival started
Current log# 531 seq# 9439 mem# 0
Completed checkpoint up to RBA
Archived Log entry 105 added for thread 1 sequence 2649
Thread 1 advanced to log sequence 398
RMAN-06090: error while looking up control file copy: 17
Errors in file /u01/app/oracle/diag/rdbms/ttprod/ttprod1/trace/ttprod1_ora_24470.trc
Undo initialization finished
Thread 1 advanced to log sequence 547
Starting background process VKTM
Current log# 46 seq# 4623 mem# 0
TNS-04044: Specified gateways do not exist.
Undo initialization finished
Undo initialization finished
ARC0: Archival started
Thread 1 advanced to log sequence 473
ORA-13406: null or invalid GeoRaster object for output
Errors in file /u01/app/oracle/diag/rdbms/ttprod/ttprod1/trace/ttprod1_ora_59264.trc
ARC0: Archival started
Archived Log entry 713 added for thread 1 sequence 5589
Starting background process VKTM
Thread 1 advanced to log sequence 554
PGU-41134: no 1024 PGAU objects satisfied the REPORT request
Beginning log switch checkpoint up to RBA
Starting background process VKTM
Thread 1 advanced to log sequence 222
Starting background process VKTM
PGU-35018: failed select for statement idx_users_email , _SYSSMU7$ 17 : rc TNS_ADMIN
Errors in file /u01/app/oracle/diag/rdbms/ttprod/ttprod1/trace/ttprod1_ora_34937.trc
Completed checkpoint up to RBA
Current log# 863 seq# 7405 mem# 0
ORA-14516: subpartition corrupt. all rows do not fall within subpartition bounds
Archived Log entry 360 added for thread 1 sequence 5333
Thread 1 advanced to log sequence 907
Thread 1 advanced to log sequence 502
NID-00501: ----------------------------------------------------
Completed checkpoint up to RBA
Completed checkpoint up to RBA
ORA-35570: (XSRWLD06) A column value is not a valid member of its target dimension.
Thread 1 advanced to log sequence 555
Thread 1 advanced to log sequence 707
Completed checkpoint up to RBA
PRVF-05317: The Clusterware is currently being upgraded to version: "{0}". The following nodes have not been upgraded and are running Clusterware version: "{1}". "{2}"
Starting background process VKTM
Thread 1 advanced to log sequence 638
Archived Log entry 833 added for thread 1 sequence 1722
Archived Log entry 502 added for thread 1 sequence 3791
LRM-00108: invalid positional parameter value ' 42 '
Starting background process VKTM
Beginning log switch checkpoint up to RBA
Thread 1 advanced to log sequence 627
Undo initialization finished
Thread 1 advanced to log sequence 282
ORA-27037: unable to obtain file status
Thread 1 advanced to log sequence 594
Beginning log switch checkpoint up to RBA
Thread 1 advanced to log sequence 922
Starting background process VKTM
RDE-00042: invalid port number: " CRM.CALL_DETAIL_RECORDS "
Beginning log switch checkpoint up to RBA
Current log# 606 seq# 7620 mem# 0
ARC0: Archival started
Thread 1 advanced to log sequence 928
Current log# 290 seq# 7998 mem# 0
NPL-00309: requested ASN.1 type tag shared pool does not match received type tag fk_order_customer
Errors in file /u01/app/oracle/diag/rdbms/ttprod/ttprod1/trace/ttprod1_ora_12479.trc
Undo initialization finished
Archived Log entry 817 added for thread 1 sequence 9958
TNS-00012: INTCTL: error while processing Connection Manager request
Completed checkpoint up to RBA
DIA-48100: error encountered when attempting to open a file
Beginning log switch checkpoint up to RBA
Starting background process VKTM
ARC0: Archival started
LFI-01003: Unable to read user_sessions bytes from file.
Errors in file /u01/app/oracle/diag/rdbms/ttprod/ttprod1/trace/ttprod1_ora_30598.trc
ARC0: Archival started
Thread 1 advanced to log sequence 776
Archived Log entry 210 added for thread 1 sequence 2603
CRS-05707: Failed after successful dependency consideration
Current log# 581 seq# 9893 mem# 0
Thread 1 advanced to log sequence 358
Current log# 255 seq# 5391 mem# 0
ORA-12640: Authentication adapter initialization failed
Archived Log entry 751 added for thread 1 sequence 1703
Completed checkpoint up to RBA
ORA-42305: only an Editioning view may replace an Editioning view
Thread 1 advanced to log sequence 913
Completed checkpoint up to RBA
Undo initialization finished
Starting background process VKTM
CLST-01501: tried to delete key pk_orders but it was not there
Beginning log switch checkpoint up to RBA
Thread 1 advanced to log sequence 137
PRCD-01114: Failed to enable service {0} on one or more instances
ARC0: Archival started
Beginning log switch checkpoint up to RBA
TNS-12541: TNS: no listener
Archived Log entry 275 added for thread 1 sequence 9186
ARC0: Archival started
OCI-31108: Action failed as resource SYSAUX is locked
Errors in file /u01/app/oracle/diag/rdbms/ttprod/ttprod1/trace/ttprod1_ora_75069.trc
Undo initialization finished
Thread 1 advanced to log sequence 894
ORA-01184: logfile group ttprod2 already exists
Beginning log switch checkpoint up to RBA
Beginning log switch checkpoint up to RBA
Archived Log entry 231 added for thread 1 sequence 3886
Current log# 179 seq# 7759 mem# 0
NID-00426: Database ID for database 5000 restored to number .
Starting background process VKTM
Thread 1 advanced to log sequence 950
PRKO-02148: Option '-n' must be supplied when running 'srvctl relocate database' for administrator managed RAC One Node database
Errors in file /u01/app/oracle/diag/rdbms/ttprod/ttprod1/trace/ttprod1_ora_48926.trc
Thread 1 advanced to log sequence 163
ORA-19175: FORX0002: invalid regular expression
Starting background process VKTM
ORA-32022: parameter value longer than 17 characters
Thread 1 advanced to log sequence 276
ARC0: Archival started
Thread 1 advanced to log sequence 812
Beginning log switch checkpoint up to RBA
Thread 1 advanced to log sequence 776
RMAN-06746: backup cancelled because there are no files to backup
Errors in file /u01/app/oracle/diag/rdbms/ttprod/ttprod1/trace/ttprod1_ora_27355.trc
Beginning log switch checkpoint up to RBA
Undo initialization finished
ORA-39936: Token manager for the CSX tablespace BILLING.CUST_ORDERS not fully contained in the transportable set.
ARC0: Archival started
PLS-00599: SAMPLE percentage must be in the range [0.000001,100)
Thread 1 advanced to log sequence 743
Starting background process VKTM
ORA-32037: unsupported use of LEVEL in membership condition
Current log# 385 seq# 1704 mem# 0
Completed checkpoint up to RBA
Current log# 333 seq# 9759 mem# 0
Thread 1 advanced to log sequence 441
Completed checkpoint up to RBA
RMAN-06463: Backup set key large pool cannot be backed up by proxy.
Current log# 441 seq# 7251 mem# 0
Beginning log switch checkpoint up to RBA
Current log# 651 seq# 7485 mem# 0
ORA-31220: DBMS_LDAP: PL/SQL - Invalid LDAP SSL wallet location.
Thread 1 advanced to log sequence 875
Beginning log switch checkpoint up to RBA
Undo initialization finished
PRVF-07705: Directory "{0}" cannot be created
Undo initialization finished
Completed checkpoint up to RBA
NNO-00315: server is listening on address fk_order_customer
Undo initialization finished
Current log# 316 seq# 9111 mem# 0
Completed checkpoint up to RBA
Current log# 473 seq# 5621 mem# 0
Beginning log switch checkpoint up to RBA
NID-00307: Control File 5000 - dbid changed, wrote new name
Current log# 167 seq# 2609 mem# 0
Undo initialization finished
Starting background process VKTM
RMAN-08552: backup and output file names are identical: 1024
Current log# 993 seq# 3719 mem# 0
Thread 1 advanced to log sequence 600
ORA-31026: unable to allocate additional memory while session_1123
Errors in file /u01/app/oracle/diag/rdbms/ttprod/ttprod1/trace/ttprod1_ora_23179.trc
Thread 1 advanced to log sequence 164
Archived Log entry 350 added for thread 1 sequence 8801
CRS-01656: The CSS daemon is terminating due to a fatal error; Details at fk_order_customer in ttprod1
Thread 1 advanced to log sequence 35
Beginning log switch checkpoint up to RBA
Archived Log entry 222 added for thread 1 sequence 3473
Thread 1 advanced to log sequence 267
Starting background process VKTM
ORA-29965: The specified binding does not exist
Archived Log entry 97 added for thread 1 sequence 1533
Archived Log entry 233 added for thread 1 sequence 3387
Thread 1 advanced to log sequence 420
Completed checkpoint up to RBA
RMAN-08004: full resync complete
Archived Log entry 126 added for thread 1 sequence 1641
Thread 1 advanced to log sequence 777
Starting background process VKTM
Starting background process VKTM
Beginning log switch checkpoint up to RBA
XOQ-00501: table "( DATA_TS01 )" and/or column "( 42 )" not found
Thread 1 advanced to log sequence 367
Undo initialization finished
Undo initialization finished
Starting background process VKTM
TNS-00502: Invalid argument
ARC0: Archival started
Archived Log entry 38 added for thread 1 sequence 3074
Undo initialization finished
Starting background process VKTM
XOQ-02203: Analytic workspace " USERS " cannot be upgraded because it contains customization " TNS_ADMIN ".
Current log# 633 seq# 9949 mem# 0
ORA-30092: function not allowed at this stage of DST upgrade process
Errors in file /u01/app/oracle/diag/rdbms/ttprod/ttprod1/trace/ttprod1_ora_33134.trc
Beginning log switch checkpoint up to RBA
ARC0: Archival started
PLS-00392: Type mismatch in arguments to BETWEEN
Archived Log entry 212 added for thread 1 sequence 8382
Beginning log switch checkpoint up to RBA
Completed checkpoint up to RBA
Starting background process VKTM
NNF-00002: Invalid value passed to function call
Completed checkpoint up to RBA
Archived Log entry 887 added for thread 1 sequence 9692
ARC0: Archival started
ORA-39081: failed to unsubscribe agent idx_users_email from queue " shared pool "
Starting background process VKTM
Current log# 804 seq# 5843 mem# 0
Archived Log entry 585 added for thread 1 sequence 7351
NNO-00630: setting request-processing delay to number seconds
Thread 1 advanced to log sequence 3
Beginning log switch checkpoint up to RBA
LPX-00124: attribute value should be one or more tokens
ARC0: Archival started
Undo initialization finished
Undo initialization finished
Starting background process VKTM
Archived Log entry 691 added for thread 1 sequence 3795
ORA-35023: (QFCHECK09) The analytic workspace and EIF file definitions of workspace object have incompatible partition definitions.
Completed checkpoint up to RBA
Completed checkpoint up to RBA
Thread 1 advanced to log sequence 392
Archived Log entry 968 added for thread 1 sequence 9258
ORA-30332: container table already in use by other summary
Beginning log switch checkpoint up to RBA
Archived Log entry 481 added for thread 1 sequence 2158
QSM-02199: PCT FAST REFRESH is not possible if WHERE clause includes a subquery
Errors in file /u01/app/oracle/diag/rdbms/ttprod/ttprod1/trace/ttprod1_ora_40985.trc
Starting background process VKTM
RMAN-01006: error signaled during parse
Current log# 491 seq# 6317 mem# 0
Beginning log switch checkpoint up to RBA
ARC0: Archival started
ARC0: Archival started
Current log# 199 seq# 4682 mem# 0
DIA-48240: Field is NOT NULL but NULL value supplied
Archived Log entry 946 added for thread 1 sequence 6121
Undo initialization finished
Undo initialization finished
ORA-12911: permanent tablespace cannot be temporary tablespace
Current log# 744 seq# 5477 mem# 0
Current log# 161 seq# 4514 mem# 0
Starting background process VKTM
Thread 1 advanced to log sequence 469
LPX-01060: [XQST0060] Function name should have a namespace
Current log# 193 seq# 3861 mem# 0
Beginning log switch checkpoint up to RBA
Starting background process VKTM
ORA-24151: no evaluation context is associated with rule SP2-0552 . idx_users_email or rule set INVOICE_LINES_IDX . INVOICE_LINES_IDX
ARC0: Archival started
Current log# 966 seq# 1742 mem# 0
Current log# 807 seq# 5628 mem# 0
Starting background process VKTM
OCI-31067: XML nodes must be updated with nodes of the same type
Archived Log entry 507 added for thread 1 sequence 4525
ORA-08445: syntax error in SIGN clause in mask options
Errors in file /u01/app/oracle/diag/rdbms/ttprod/ttprod1/trace/ttprod1_ora_76336.trc
Archived Log entry 10 added for thread 1 sequence 6291
Starting background process VKTM
RMAN-06214: 3 fk_order_customer
Completed checkpoint up to RBA
Archived Log entry 316 added for thread 1 sequence 9960
ORA-38445: TOP clause not allowed with no statistics
Starting background process VKTM
Starting background process VKTM
Undo initialization finished
Undo initialization finished
XOQ-02533: The cube dimensionality map has neither a join condition nor an expression.
Errors in file /u01/app/oracle/diag/rdbms/ttprod/ttprod1/trace/ttprod1_ora_33916.trc
Thread 1 advanced to log sequence 62
Completed checkpoint up to RBA
ARC0: Archival started
PRCD-01145: {0} API is not supported on RAC One Node database environment
Beginning log switch checkpoint up to RBA
RMAN-05550: TARGET database not open, cannot verify that set of tablespaces being duplicated does not have SYS objects
Beginning log switch checkpoint up to RBA
Beginning log switch checkpoint up to RBA
Undo initialization finished
Starting background process VKTM
ORA-48507: Predicate Not Allowed during Import
Errors in file /u01/app/oracle/diag/rdbms/ttprod/ttprod1/trace/ttprod1_ora_49544.trc
Starting background process VKTM
Archived Log entry 152 added for thread 1 sequence 9688
Archived Log entry 192 added for thread 1 sequence 1701
Starting background process VKTM
RMAN-06100: no channel to restore a backup or copy of datafile number
Errors in file /u01/app/oracle/diag/rdbms/ttprod/ttprod1/trace/ttprod1_ora_57771.trc
Undo initialization finished
Thread 1 advanced to log sequence 215
PRCA-01031: Unable to retrieve the diskgroup {0} associated with the volume device {1}
Current log# 487 seq# 6524 mem# 0
Undo initialization finished
ARC0: Archival started
Completed checkpoint up to RBA
Undo initialization finished
ORA-15163: cluster is not in the rolling downgrade to fk_order_customer
Beginning log switch checkpoint up to RBA
Starting background process VKTM
PLS-00373: EXIT/CONTINUE label ' user_sessions ' must label a LOOP statement
Current log# 223 seq# 2566 mem# 0
Completed checkpoint up to RBA
Undo initialization finished
Starting background process VKTM
Completed checkpoint up to RBA
ORA-01779: cannot modify a column which maps to a non key-preserved table
Thread 1 advanced to log sequence 65
Undo initialization finished
Undo initialization finished
Beginning log switch checkpoint up to RBA
PCB-00603: An EXEC TOOLS MESSAGE host variable is not a character type
Archived Log entry 241 added for thread 1 sequence 8135
Current log# 112 seq# 3041 mem# 0
Undo initialization finished
Current log# 168 seq# 1941 mem# 0
PRCD-01033: The server pool of service {0} is different from the server pool of database {1}
Thread 1 advanced to log sequence 266
Starting background process VKTM
ORA-55469: rule " INVOICE_LINES_IDX " does not exist or is not accessible
Errors in file /u01/app/oracle/diag/rdbms/ttprod/ttprod1/trace/ttprod1_ora_89264.trc
Starting background process VKTM
ORA-37148: (XSCCOMP22) workspace object is an aggregated COMPRESSED COMPOSITE.
Current log# 980 seq# 9335 mem# 0
Undo initialization finished
Beginning log switch checkpoint up to RBA
Completed checkpoint up to RBA
ORA-26079: file " APP_USER42 " is not part of table UNDOTBS1 . idx_users_email
Errors in file /u01/app/oracle/diag/rdbms/ttprod/ttprod1/trace/ttprod1_ora_75455.trc
Undo initialization finished
Archived Log entry 162 added for thread 1 sequence 2545
Undo initialization finished
Undo initialization finished
ORA-47325: Rule session_1123 is used by one or more rule sets.
Errors in file /u01/app/oracle/diag/rdbms/ttprod/ttprod1/trace/ttprod1_ora_30438.trc
Completed checkpoint up to RBA
Starting background process VKTM
PRKN-01035: Host "{0}" is unreachable
Archived Log entry 989 added for thread 1 sequence 2202
Beginning log switch checkpoint up to RBA
Thread 1 advanced to log sequence 192
ORA-29491: invalid table for chunking
Errors in file /u01/app/oracle/diag/rdbms/ttprod/ttprod1/trace/ttprod1_ora_53257.trc
Thread 1 advanced to log sequence 213
Archived Log entry 145 added for thread 1 sequence 4780
ARC0: Archival started
Undo initialization finished
RMAN-05550: TARGET database not open, cannot verify that set of tablespaces being duplicated does not have SYS objects
Current log# 196 seq# 5633 mem# 0
Beginning log switch checkpoint up to RBA
Completed checkpoint up to RBA
Starting background process VKTM
Undo initialization finished
ORA-30360: REF not supported with query rewrite
Archived Log entry 255 added for thread 1 sequence 7387
Current log# 681 seq# 7187 mem# 0
CRS-00233: Resource or relatives are currently involved with another operation.
Beginning log switch checkpoint up to RBA
Beginning log switch checkpoint up to RBA
ORA-14153: only one of STORE IN or <partition-description> clause may be specified
Thread 1 advanced to log sequence 924
Archived Log entry 64 added for thread 1 sequence 3519
Archived Log entry 937 added for thread 1 sequence 4264
ARC0: Archival started
Starting background process VKTM
ORA-31410: change set app_db is not an existing change set
Current log# 949 seq# 2922 mem# 0
Archived Log entry 682 added for thread 1 sequence 4809
NID-00421: Change of database name failed during validation - database is intact.
Errors in file /u01/app/oracle/diag/rdbms/ttprod/ttprod1/trace/ttprod1_ora_76671.trc
Completed checkpoint up to RBA
ARC0: Archival started
Current log# 87 seq# 2428 mem# 0
NNO-00064: loading domain data from checkpoint file " USERS "
Thread 1 advanced to log sequence 82
Beginning log switch checkpoint up to RBA
ORA-02093: TRANSACTIONS_PER_ROLLBACK_SEGMENT( APP_USER42 ) more than maximum possible( UNDOTBS1 )
Thread 1 advanced to log sequence 365
ORA-27139: unable to reserve Oracle VM mapping in process address space
Beginning log switch checkpoint up to RBA
Undo initialization finished
ORA-18124: XUDY0025 - Invalid QName for processing instruction RENAME
Archived Log entry 697 added for thread 1 sequence 9007
Beginning log switch checkpoint up to RBA
Completed checkpoint up to RBA
Archived Log entry 80 added for thread 1 sequence 3682
PGA-21107: startup for local LU user_sessions is cold
Current log# 359 seq# 3270 mem# 0
ARC0: Archival started
QSM-02034: no joins are present in the HAVING clause
Completed checkpoint up to RBA
ORA-16596: database not part of the Data Guard broker configuration
Errors in file /u01/app/oracle/diag/rdbms/ttprod/ttprod1/trace/ttprod1_ora_96851.trc
Archived Log entry 1 added for thread 1 sequence 6678
Completed checkpoint up to RBA
Starting background process VKTM
OCI-22603: cannot add an attribute to the already generated TDS handle
Errors in file /u01/app/oracle/diag/rdbms/ttprod/ttprod1/trace/ttprod1_ora_63070.trc
Undo initialization finished
Thread 1 advanced to log sequence 714
ARC0: Archival started
RMAN-06155: validation failed for control file copy
Completed checkpoint up to RBA
ORA-18107: XUTY0008 - Invalid target expression for REPLACE
Thread 1 advanced to log sequence 427
Undo initialization finished
Current log# 187 seq# 5772 mem# 0
Undo initialization finished
Starting background process VKTM
RMAN-08108: channel _SYSSMU7$ : specifying block(s) to restore from backup set
Current log# 236 seq# 1087 mem# 0
Current log# 556 seq# 6907 mem# 0
ORA-03130: the buffer for the next piece to be fetched is required
Undo initialization finished
Starting background process VKTM
Archived Log entry 464 added for thread 1 sequence 7236
Current log# 860 seq# 4470 mem# 0
ORA-28403: file idx_users_email cannot be modified because it is an online data file
Current log# 743 seq# 6860 mem# 0
Starting background process VKTM
NNL-00506: reset_stats [<server_list>] : reset Names server statistics
Errors in file /u01/app/oracle/diag/rdbms/ttprod/ttprod1/trace/ttprod1_ora_28073.trc
Archived Log entry 868 added for thread 1 sequence 2167
Undo initialization finished
RMAN-06803: created virtual catalog against base catalog owned by large pool
Starting background process VKTM
Undo initialization finished
ORA-04062: reporting_schema of 42 has been changed
Undo initialization finished
Archived Log entry 41 added for thread 1 sequence 1644
ORA-09947: Unable to allocate connection attributes structure
Beginning log switch checkpoint up to RBA
ARC0: Archival started
Completed checkpoint up to RBA
RMAN-08008: channel USERS : starting full datafile backup set
ARC0: Archival started
Thread 1 advanced to log sequence 773
Starting background process VKTM
ORA-38713: Flashback Database logging is already turned on.
Starting background process VKTM
Undo initialization finished
ORA-19606: Cannot copy or restore to snapshot control file
Starting background process VKTM
Completed checkpoint up to RBA
Starting background process VKTM
Thread 1 advanced to log sequence 175
Starting background process VKTM
KUP-11020: header in file UNDOTBS1 may not contain correct information
Errors in file /u01/app/oracle/diag/rdbms/ttprod/ttprod1/trace/ttprod1_ora_87738.trc
Beginning log switch checkpoint up to RBA
Current log# 685 seq# 9730 mem# 0
NCR-03019: NCRO: Unable to initialize thread support
ARC0: Archival started
Archived Log entry 820 added for thread 1 sequence 1351
Undo initialization finished
ORA-47045: Identity 17 for Factor large pool is used by one or more identity maps.
Undo initialization finished
Completed checkpoint up to RBA
Starting background process VKTM
Starting background process VKTM
ARC0: Archival started
ORA-18173: FTST0014 score computation restriction
Thread 1 advanced to log sequence 952
Starting background process VKTM
Completed checkpoint up to RBA
ORA-01864: the date is out of range for the current calendar
Starting background process VKTM
ARC0: Archival started
RMAN-07501: searching for all files in the recovery area
Thread 1 advanced to log sequence 974
Beginning log switch checkpoint up to RBA
Beginning log switch checkpoint up to RBA
Undo initialization finished
Undo initialization finished
RMAN-06947: searching flashback logs for block images until SCN fk_order_customer
Starting background process VKTM
Undo initialization finished
Completed checkpoint up to RBA
ORA-04082: NEW or OLD references not allowed in table level triggers
Completed checkpoint up to RBA
Completed checkpoint up to RBA
Starting background process VKTM
Completed checkpoint up to RBA
TNS-04207: Trace Assistant Internal ERROR: Packet Length
ARC0: Archival started
Current log# 37 seq# 8225 mem# 0
ORA-12019: master table is a synonym to a remote object
Completed checkpoint up to RBA
ARC0: Archival started
Archived Log entry 201 added for thread 1 sequence 2233
Undo initialization finished
PRKP-01015: {0}: undefined environment variable
Beginning log switch checkpoint up to RBA
ARC0: Archival started
ARC0: Archival started
Thread 1 advanced to log sequence 691
ORA-39200: Link name " UNDOTBS1 " is invalid.
Beginning log switch checkpoint up to RBA
ORA-29258: buffer too small
Current log# 937 seq# 3920 mem# 0
Undo initialization finished
Archived Log entry 592 added for thread 1 sequence 4960
Current log# 196 seq# 1918 mem# 0
PRVF-07709: File "{0}" cannot be copied to file "{1}" on node "{2}"
Archived Log entry 962 added for thread 1 sequence 5732
PRCT-01000: File path is null
Errors in file /u01/app/oracle/diag/rdbms/ttprod/ttprod1/trace/ttprod1_ora_35807.trc
Thread 1 advanced to log sequence 482
Beginning log switch checkpoint up to RBA
ORA-37185: length of 17 ( APP_USER42 ) exceeds maximum ( _SYSSMU7$ )
Thread 1 advanced to log sequence 947
Thread 1 advanced to log sequence 224
Starting background process VKTM
ORA-39910: Partitioned Global index large pool . reporting_schema in tablespace session_1123 points to partition CRM.CALL_DETAIL_RECORDS of table APP_USER42 . pk_orders in tablespace session_1123 outside of transportable set.
Thread 1 advanced to log sequence 466
Current log# 148 seq# 9978 mem# 0
LFI-01003: Unable to read CRM.CALL_DETAIL_RECORDS bytes from file.
Errors in file /u01/app/oracle/diag/rdbms/ttprod/ttprod1/trace/ttprod1_ora_45930.trc
Starting background process VKTM
Undo initialization finished
Thread 1 advanced to log sequence 504
ORA-31473: date bound out of range
Undo initialization finished
ORA-15084: ASM disk " app_db " is offline and cannot be dropped.
Starting background process VKTM
RDE-04001: no error
Completed checkpoint up to RBA
Archived Log entry 605 added for thread 1 sequence 1888
Starting background process VKTM
Undo initialization finished
Thread 1 advanced to log sequence 433
XOQ-01217: metadata problem with mapping for hierarchy " 42 "
Thread 1 advanced to log sequence 160
Archived Log entry 520 added for thread 1 sequence 1114
Current log# 303 seq# 4498 mem# 0
Thread 1 advanced to log sequence 220
PGA-21201: error selecting PGA_2PC_LUS row for local LU USERS
Thread 1 advanced to log sequence 266
ORA-23388: replication parallel push watermark error
Beginning log switch checkpoint up to RBA
ARC0: Archival started
RMAN-06460: control file copy large pool cannot be backed up by proxy.
Starting background process VKTM
ORA-24413: Invalid number of sessions specified
ARC0: Archival started
Archived Log entry 151 added for thread 1 sequence 6753
Archived Log entry 923 added for thread 1 sequence 2798
Thread 1 advanced to log sequence 391
Undo initialization finished
ORA-39909: Index CDR_STAGING . ttprod1 in tablespace SP2-0552 points to table/cluster pg_toast_12345 . session_1123 in tablespace UNDOTBS1 .
Completed checkpoint up to RBA
Archived Log entry 205 added for thread 1 sequence 8875
Thread 1 advanced to log sequence 391
Archived Log entry 701 added for thread 1 sequence 8469
ORA-00979: Not a GROUP BY expression
Undo initialization finished
Current log# 171 seq# 8877 mem# 0
Starting background process VKTM
Undo initialization finished
ORA-19274: XQST0054 - variable initialization failed due to circularity
Beginning log switch checkpoint up to RBA
PRCT-01403: Failed to parse output returned by srvctl -V when executing command at Oracle home {0}
Errors in file /u01/app/oracle/diag/rdbms/ttprod/ttprod1/trace/ttprod1_ora_71225.trc
Thread 1 advanced to log sequence 564
Starting background process VKTM
Thread 1 advanced to log sequence 656
ORA-39916: Subpartition _SYSSMU12$ of table session_1123 . fk_order_customer in tablespace SP2-0552 points to LOB segment pk_orders . 1024 in tablespace 5000 .
Errors in file /u01/app/oracle/diag/rdbms/ttprod/ttprod1/trace/ttprod1_ora_44751.trc
Current log# 61 seq# 2214 mem# 0
Starting background process VKTM
ORA-44801: NULL classifier list not permitted
ARC0: Archival started
Thread 1 advanced to log sequence 395
Beginning log switch checkpoint up to RBA
Beginning log switch checkpoint up to RBA
ORA-16247: DDL skipped on internal schema
Thread 1 advanced to log sequence 414
Current log# 676 seq# 4135 mem# 0
ORA-47408: Realm violation for the EXECUTE command
Thread 1 advanced to log sequence 467
DRG-10549: length of the object name UNDOTBS1 exceeded the limit
Undo initialization finished
Undo initialization finished
Current log# 383 seq# 2166 mem# 0
Beginning log switch checkpoint up to RBA
Undo initialization finished
RMAN-06215: List of objects that must perform same operation at other database
Completed checkpoint up to RBA
Current log# 699 seq# 6017 mem# 0
Undo initialization finished
Undo initialization finished
Thread 1 advanced to log sequence 594
RDE-00056: registration of service instance " idx_users_email " failed.
Beginning log switch checkpoint up to RBA
Completed checkpoint up to RBA
ORA-39761: stream reset required before loading this stream again
ARC0: Archival started
Beginning log switch checkpoint up to RBA
PRVF-04190: Verification of the hosts config file failed
ARC0: Archival started
Starting background process VKTM
Starting background process VKTM
ORA-35026: (QFCHECK05) The analytic workspace and EIF file definitions of workspace object have a mismatched ALIASOF dimension.
Undo initialization finished
Archived Log entry 29 added for thread 1 sequence 6583
Starting background process VKTM
Beginning log switch checkpoint up to RBA
Beginning log switch checkpoint up to RBA
ORA-15747: The previous Oracle Data Masking job is unfinished. " user_sessions " table is not empty.
Thread 1 advanced to log sequence 584
Archived Log entry 17 added for thread 1 sequence 4539
ORA-22913: must specify table name for nested table column or attribute
Completed checkpoint up to RBA
Completed checkpoint up to RBA
NID-00315: Operation already in progress, continuing
Errors in file /u01/app/oracle/diag/rdbms/ttprod/ttprod1/trace/ttprod1_ora_99639.trc
Beginning log switch checkpoint up to RBA
RMAN-08104: channel UNDOTBS1 : input backup set: count= APP_USER42 , stamp= SP2-0552 , piece= UNDOTBS1
Errors in file /u01/app/oracle/diag/rdbms/ttprod/ttprod1/trace/ttprod1_ora_70318.trc
Current log# 184 seq# 4909 mem# 0
ORA-16116: no work available
Current log# 340 seq# 3917 mem# 0
ARC0: Archival started
Completed checkpoint up to RBA
ORA-23321: Pipename may not be null
Errors in file /u01/app/oracle/diag/rdbms/ttprod/ttprod1/trace/ttprod1_ora_31746.trc
Thread 1 advanced to log sequence 367
Current log# 554 seq# 7030 mem# 0
Completed checkpoint up to RBA
Archived Log entry 772 added for thread 1 sequence 5196
Completed checkpoint up to RBA
ORA-19771: cannot rename change tracking file while database is open
Undo initialization finished
Archived Log entry 805 added for thread 1 sequence 2294
CRS-04983: Invalid type attribute keyword APP_USER42 specified
Undo initialization finished
ARC0: Archival started
Starting background process VKTM
Current log# 346 seq# 9329 mem# 0
Beginning log switch checkpoint up to RBA
ORA-42288: may not create a schema synonym for the specified schema
Completed checkpoint up to RBA
ARC0: Archival started
Beginning log switch checkpoint up to RBA
ORA-26822: Failure in creating capture servers (ksv error code 42 ).
Errors in file /u01/app/oracle/diag/rdbms/ttprod/ttprod1/trace/ttprod1_ora_28483.trc
ARC0: Archival started
Beginning log switch checkpoint up to RBA
Archived Log entry 320 added for thread 1 sequence 8660
Archived Log entry 405 added for thread 1 sequence 6537
Completed checkpoint up to RBA
ORA-12678: Authentication disabled but required
Errors in file /u01/app/oracle/diag/rdbms/ttprod/ttprod1/trace/ttprod1_ora_64898.trc
Completed checkpoint up to RBA
Completed checkpoint up to RBA
ARC0: Archival started
Archived Log entry 57 added for thread 1 sequence 5959
RMAN-06793: database with db_unique_name _SYSSMU7$ unregistered from the recovery catalog
Errors in file /u01/app/oracle/diag/rdbms/ttprod/ttprod1/trace/ttprod1_ora_40943.trc
Starting background process VKTM
Starting background process VKTM
Thread 1 advanced to log sequence 73
ORA-15286: could not set disk group attribute SYSAUX due to offline disks
Archived Log entry 515 added for thread 1 sequence 6747
Current log# 329 seq# 3659 mem# 0
Current log# 674 seq# 2351 mem# 0
Starting background process VKTM
Completed checkpoint up to RBA
ORA-01612: instance ttprod2 (thread shared pool ) is already enabled
Errors in file /u01/app/oracle/diag/rdbms/ttprod/ttprod1/trace/ttprod1_ora_40937.trc
ARC0: Archival started
ARC0: Archival started
Thread 1 advanced to log sequence 52
Completed checkpoint up to RBA
Completed checkpoint up to RBA
IMP-00025: for DBA export files, FROMUSER must be specified with TOUSER option
Thread 1 advanced to log sequence 701
Undo initialization finished
Starting background process VKTM
ARC0: Archival started
PGU-41041: invalid LOGMODE name specified
Starting background process VKTM
Archived Log entry 574 added for thread 1 sequence 2098
Beginning log switch checkpoint up to RBA
Archived Log entry 727 added for thread 1 sequence 9272
ORA-55345: invalid use of label generator with no OLS policy
Beginning log switch checkpoint up to RBA
Completed checkpoint up to RBA
ARC0: Archival started
Thread 1 advanced to log sequence 924
ORA-39961: message specified was not found
ARC0: Archival started
RMAN-05510: Duplicate finished
Errors in file /u01/app/oracle/diag/rdbms/ttprod/ttprod1/trace/ttprod1_ora_40679.trc
Completed checkpoint up to RBA
Completed checkpoint up to RBA
Starting background process VKTM
Undo initialization finished
KUP-01007: at line number column number
Thread 1 advanced to log sequence 802
Current log# 471 seq# 5003 mem# 0
ORA-14011: names assigned to resulting partitions must be distinct
Archived Log entry 949 added for thread 1 sequence 1628
Starting background process VKTM
Current log# 103 seq# 4382 mem# 0
Thread 1 advanced to log sequence 797
PCC-02206: Host variables are not permitted within a DDL statement
Thread 1 advanced to log sequence 750
Archived Log entry 986 added for thread 1 sequence 6038
ORA-13281: failure in execution of SQL statement to retrieve WKT
Errors in file /u01/app/oracle/diag/rdbms/ttprod/ttprod1/trace/ttprod1_ora_72011.trc
ARC0: Archival started
PCC-02154: Close file: 42
Completed checkpoint up to RBA
Undo initialization finished
Thread 1 advanced to log sequence 337
Archived Log entry 539 added for thread 1 sequence 1666
PCC-00109: Dynamic SQL and PL/SQL are Oracle extensions to ANSI SQL
Beginning log switch checkpoint up to RBA
Thread 1 advanced to log sequence 19
ARC0: Archival started
Undo initialization finished
Undo initialization finished
PCB-00204: Group items cannot be used except in INTO or VALUES clause
Current log# 916 seq# 9241 mem# 0
Completed checkpoint up to RBA
Undo initialization finished
CRS-05016: Process " app_db " spawned by agent " 3 " for action " 17 " failed: details at " ttprod2 " in " 5000 "
Beginning log switch checkpoint up to RBA
Completed checkpoint up to RBA
Beginning log switch checkpoint up to RBA
Undo initialization finished
Undo initialization finished
XOQ-01731: Atomic build is not supported in a branch.
Starting background process VKTM
Starting background process VKTM
Completed checkpoint up to RBA
ARC0: Archival started
Undo initialization finished
ORA-19131: XQST0071: A static error is raised if the namespace declaration attributes of a direct element constructor do not have distinct names
Starting background process VKTM
Completed checkpoint up to RBA
Undo initialization finished
RMAN-06175: deleted script: /u01/app/oracle/oradata/ttprod/users01.dbf
Thread 1 advanced to log sequence 755
OCI-30152: File does not exist
Errors in file /u01/app/oracle/diag/rdbms/ttprod/ttprod1/trace/ttprod1_ora_64713.trc
Beginning log switch checkpoint up to RBA
ARC0: Archival started
Current log# 95 seq# 5330 mem# 0
Undo initialization finished
Archived Log entry 247 added for thread 1 sequence 3711
ORA-12556: TNS:no caller
Archived Log entry 981 added for thread 1 sequence 2286
ORA-19678: RMAN configuration value exceeds maximum length of large pool
ARC0: Archival started
Starting background process VKTM
Archived Log entry 302 added for thread 1 sequence 4368
Current log# 437 seq# 3477 mem# 0
Beginning log switch checkpoint up to RBA
DRG-11125: invalid format of existing log file large pool
Undo initialization finished
Current log# 891 seq# 7893 mem# 0
Undo initialization finished
XOQ-01708: SOLVE command cannot run on a dimension.
ARC0: Archival started
ORA-12452: label tag 42 already exists
Starting background process VKTM
ORA-40225: model is currently in use by another process
Beginning log switch checkpoint up to RBA
Archived Log entry 881 added for thread 1 sequence 2434
LPX-01038: [XQST0038] Invalid collation
Thread 1 advanced to log sequence 853
Beginning log switch checkpoint up to RBA
Current log# 149 seq# 9554 mem# 0
ORA-55324: no rulebases specified
Completed checkpoint up to RBA
Undo initialization finished
ARC0: Archival started
Thread 1 advanced to log sequence 351
ORA-33016: (XSAGDNGL07) In AGGMAP workspace object , workspace object is not a valid operator or variable name.
Thread 1 advanced to log sequence 467
Archived Log entry 771 added for thread 1 sequence 4201
ARC0: Archival started
Thread 1 advanced to log sequence 927
Completed checkpoint up to RBA
RMAN-08144: channel ttprod2 : validation complete, elapsed time: /u01/app/oracle/oradata/ttprod/users01.dbf
Beginning log switch checkpoint up to RBA
Starting background process VKTM
Starting background process VKTM
Undo initialization finished
ORA-01554: transaction concurrency limit reached reason: UNDOTBS1 params: reporting_schema , user_sessions
Errors in file /u01/app/oracle/diag/rdbms/ttprod/ttprod1/trace/ttprod1_ora_80799.trc
Beginning log switch checkpoint up to RBA
ARC0: Archival started
Beginning log switch checkpoint up to RBA
ORA-31004: Length ttstandby01 of the BLOB in XDB$H_INDEX is below the minimum UNDOTBS1
Thread 1 advanced to log sequence 142
PROC-00003: Cannot perform cluster registry operation because context is invalid.
Archived Log entry 178 added for thread 1 sequence 1706
ARC0: Archival started
ARC0: Archival started
Current log# 14 seq# 1737 mem# 0
ARC0: Archival started
RMAN-08587: input is copy of datafile 17 : NETWORK_OPS.SIM_INVENTORY
Errors in file /u01/app/oracle/diag/rdbms/ttprod/ttprod1/trace/ttprod1_ora_99998.trc
Current log# 126 seq# 8132 mem# 0
Archived Log entry 525 added for thread 1 sequence 7020
Undo initialization finished
XOQ-00401: unexpected class type for object "( NETWORK_OPS.SIM_INVENTORY )": expected BILLING.CUST_ORDERS , found UNDOTBS1
Undo initialization finished
Current log# 816 seq# 7680 mem# 0
ORA-19732: incorrect number of datafiles for tablespace NETWORK_OPS.SIM_INVENTORY
Errors in file /u01/app/oracle/diag/rdbms/ttprod/ttprod1/trace/ttprod1_ora_45220.trc
Beginning log switch checkpoint up to RBA
Beginning log switch checkpoint up to RBA
Beginning log switch checkpoint up to RBA
Beginning log switch checkpoint up to RBA
Beginning log switch checkpoint up to RBA
ORA-16551: short 3 copied
Errors in file /u01/app/oracle/diag/rdbms/ttprod/ttprod1/trace/ttprod1_ora_28365.trc
Current log# 164 seq# 8067 mem# 0
Undo initialization finished
Undo initialization finished
Undo initialization finished
PLS-00586: a static method cannot declare a parameter named SELF
ARC0: Archival started
ARC0: Archival started
Starting background process VKTM
ORA-02824: Request free list is empty
