Sat Aug 22 23:00:00 2026
Archived Log entry 456 added for thread 1 sequence 8093
Undo initialization finished
Undo initialization finished
ORA-31609: error loading file " large pool " from file system directory " large pool "
Archived Log entry 293 added for thread 1 sequence 3211
PRVF-07539: Group "{0}" does not exist on node "{1}"
Undo initialization finished
ARC0: Archival started
Starting background process VKTM
Undo initialization finished
ORA-00601: cleanup lock conflict
Errors in file /u01/app/oracle/diag/rdbms/ttprod/ttprod1/trace/ttprod1_ora_21690.trc
Starting background process VKTM
Archived Log entry 337 added for thread 1 sequence 5632
Beginning log switch checkpoint up to RBA
ORA-32155: Anydata not specified
Beginning log switch checkpoint up to RBA
Thread 1 advanced to log sequence 138
Current log# 749 seq# 2496 mem# 0
ARC0: Archival started
ARC0: Archival started
RMAN-08042: channel large pool : copied standby control file
Thread 1 advanced to log sequence 121
ARC0: Archival started
Archived Log entry 851 added for thread 1 sequence 6916
Completed checkpoint up to RBA
TNS-01055: Successfully stopped the listener
Undo initialization finished
Beginning log switch checkpoint up to RBA
Beginning log switch checkpoint up to RBA
Current log# 123 seq# 5360 mem# 0
ARC0: Archival started
RMAN-06513: copy will never be obsolete
Thread 1 advanced to log sequence 853
Starting background process VKTM
Completed checkpoint up to RBA
Current log# 924 seq# 3045 mem# 0
Thread 1 advanced to log sequence 171
ORA-29352: event ' fk_order_customer ' is not an internal event
Completed checkpoint up to RBA
LPX-00723: no such element
Beginning log switch checkpoint up to RBA
ARC0: Archival started
Thread 1 advanced to log sequence 247
Beginning log switch checkpoint up to RBA
Undo initialization finished
ORA-30006: resource busy; acquire with WAIT timeout expired
Archived Log entry 619 added for thread 1 sequence 8796
Thread 1 advanced to log sequence 501
Thread 1 advanced to log sequence 968
Beginning log switch checkpoint up to RBA
Current log# 963 seq# 5641 mem# 0
ORA-53234: The destination BLOB locator is null.
Thread 1 advanced to log sequence 106
Current log# 565 seq# 2361 mem# 0
Starting background process VKTM
ORA-14453: attempt to use a LOB of a temporary table, whose data has alreadybeen purged
Beginning log switch checkpoint up to RBA
ORA-15077: could not locate ASM instance serving a required diskgroup
Archived Log entry 486 added for thread 1 sequence 9666
ORA-00439: feature not enabled: CRM.CALL_DETAIL_RECORDS
Errors in file /u01/app/oracle/diag/rdbms/ttprod/ttprod1/trace/ttprod1_ora_85226.trc
Completed checkpoint up to RBA
Starting background process VKTM
ORA-28651: Primary index on IOTs can not be marked unusable
Starting background process VKTM
Current log# 676 seq# 6306 mem# 0
Archived Log entry 335 added for thread 1 sequence 3944
Beginning log switch checkpoint up to RBA
Undo initialization finished
IMG-00554: extra value in rotate operation
Completed checkpoint up to RBA
Thread 1 advanced to log sequence 452
Completed checkpoint up to RBA
ORA-26502: error resignal
Errors in file /u01/app/oracle/diag/rdbms/ttprod/ttprod1/trace/ttprod1_ora_41542.trc
Starting background process VKTM
Completed checkpoint up to RBA
Completed checkpoint up to RBA
Completed checkpoint up to RBA
ORA-32633: MODEL subquery FOR cell index returns too many rows
Beginning log switch checkpoint up to RBA
Current log# 467 seq# 7319 mem# 0
Starting background process VKTM
Thread 1 advanced to log sequence 956
ORA-31094: incompatible SQL type " CRM.CALL_DETAIL_RECORDS " for attribute or element " INVOICE_LINES_IDX "
Completed checkpoint up to RBA
NID-00103: Missing password in connect TNS_ADMIN " shared pool "
Beginning log switch checkpoint up to RBA
Starting background process VKTM
Undo initialization finished
Completed checkpoint up to RBA
RMAN-08121: keep attributes for the backup are deleted
Undo initialization finished
Undo initialization finished
Beginning log switch checkpoint up to RBA
Undo initialization finished
Thread 1 advanced to log sequence 947
RMAN-05511: Datafile DATA_TS01 skipped by request
Completed checkpoint up to RBA
DIA-48428: Input command 5000 exceeds max length [ INVOICE_LINES_IDX ]
Thread 1 advanced to log sequence 172
Thread 1 advanced to log sequence 879
Archived Log entry 664 added for thread 1 sequence 6583
Current log# 870 seq# 1915 mem# 0
PRIF-00005: invalid syntax for the setif command option
Errors in file /u01/app/oracle/diag/rdbms/ttprod/ttprod1/trace/ttprod1_ora_65783.trc
Beginning log switch checkpoint up to RBA
ORA-00323: Current log of thread /u01/app/oracle/oradata/ttprod/users01.dbf not useable and all others need archiving
Undo initialization finished
ARC0: Archival started
Thread 1 advanced to log sequence 253
Current log# 464 seq# 2808 mem# 0
NID-00416: Change of database name failed.
Starting background process VKTM
ARC0: Archival started
Thread 1 advanced to log sequence 12
Beginning log switch checkpoint up to RBA
EXP-00027: failed to calculate ORACLE block size
Errors in file /u01/app/oracle/diag/rdbms/ttprod/ttprod1/trace/ttprod1_ora_87522.trc
Beginning log switch checkpoint up to RBA
Current log# 346 seq# 1406 mem# 0
ORA-44750: Cannot create secondary index on unstructured component of XMLIndex.
Completed checkpoint up to RBA
Undo initialization finished
Undo initialization finished
ARC0: Archival started
Archived Log entry 135 added for thread 1 sequence 5769
ORA-26804: Apply " BILLING.CUST_ORDERS " is disabled.
Undo initialization finished
Starting background process VKTM
ARC0: Archival started
Starting background process VKTM
Completed checkpoint up to RBA
ORA-34806: (OCI14) Statement number can only be executed within an ACROSS command.
Beginning log switch checkpoint up to RBA
Beginning log switch checkpoint up to RBA
ARC0: Archival started
ORA-29655: USING clause is incompatible with its supertype
Beginning log switch checkpoint up to RBA
RMAN-06205: Uncataloged fk_order_customer objects
Archived Log entry 957 added for thread 1 sequence 7917
PRVF-07584: Multiple versions of package "{0}" found on node {1}: {2}
Undo initialization finished
Undo initialization finished
Thread 1 advanced to log sequence 603
RMAN-05593: Could not drop tablespace session_1123 due to constraints, will reattempt removal after other tablespaces are removed
Archived Log entry 398 added for thread 1 sequence 8623
Thread 1 advanced to log sequence 784
Starting background process VKTM
Completed checkpoint up to RBA
PRKU-01029: The node "{0}" is currently not responding.
Completed checkpoint up to RBA
Archived Log entry 409 added for thread 1 sequence 5461
Current log# 212 seq# 8325 mem# 0
Current log# 191 seq# 8923 mem# 0
Beginning log switch checkpoint up to RBA
NID-00113: Error reading answer - aborting
Beginning log switch checkpoint up to RBA
Beginning log switch checkpoint up to RBA
ARC0: Archival started
ORA-16524: unsupported command, option, or argument
Starting background process VKTM
Undo initialization finished
Beginning log switch checkpoint up to RBA
Thread 1 advanced to log sequence 784
Starting background process VKTM
ORA-54011: expression column is not supported for a clustered table
Thread 1 advanced to log sequence 617
Archived Log entry 523 added for thread 1 sequence 4131
Current log# 100 seq# 7979 mem# 0
Beginning log switch checkpoint up to RBA
Undo initialization finished
ORA-07505: scggt: $enq parent lock unexpected return
Starting background process VKTM
Current log# 717 seq# 9477 mem# 0
ARC0: Archival started
Completed checkpoint up to RBA
RMAN-10004: unable to connect to recovery catalog
Beginning log switch checkpoint up to RBA
Starting background process VKTM
Beginning log switch checkpoint up to RBA
NID-00352: 42 ( number ), error: number
Undo initialization finished
ARC0: Archival started
NID-00301: Datafile DATA_TS01 - dbid changed, wrote new name
Thread 1 advanced to log sequence 215
Current log# 54 seq# 8645 mem# 0
Completed checkpoint up to RBA
Completed checkpoint up to RBA
EXP-00097: Object type " 5000 "." _SYSSMU12$ " is not in a valid state, type will not be exported
Undo initialization finished
Undo initialization finished
Beginning log switch checkpoint up to RBA
RMAN-06562: available space of number kb needed to avoid reading the backup set multiple times
Thread 1 advanced to log sequence 719
ARC0: Archival started
Thread 1 advanced to log sequence 814
Completed checkpoint up to RBA
Undo initialization finished
ORA-55504: Transaction conflicts in NOCASCADE mode
Current log# 70 seq# 4931 mem# 0
Completed checkpoint up to RBA
ARC0: Archival started
ORA-19564: error occurred writing 42 bytes at block number app_db
Errors in file /u01/app/oracle/diag/rdbms/ttprod/ttprod1/trace/ttprod1_ora_45939.trc
ARC0: Archival started
Starting background process VKTM
ORA-23531: site owner already exists in the template.
Completed checkpoint up to RBA
Undo initialization finished
Starting background process VKTM
ARC0: Archival started
Current log# 886 seq# 3866 mem# 0
ORA-02715: osnpgetbrkmsg: message from host had incorrect message type
Current log# 462 seq# 5055 mem# 0
Undo initialization finished
ARC0: Archival started
Archived Log entry 24 added for thread 1 sequence 8110
Archived Log entry 793 added for thread 1 sequence 4290
ORA-29832: cannot drop or replace an indextype with dependent indexes
Starting background process VKTM
Starting background process VKTM
Thread 1 advanced to log sequence 912
Current log# 236 seq# 2107 mem# 0
RMAN-06452: 5000 package upgraded to version pg_toast_12345
Completed checkpoint up to RBA
ORA-16818: fast-start failover suspended
Completed checkpoint up to RBA
ORA-23302: application raised communication failure during deferred RPC
Thread 1 advanced to log sequence 400
Current log# 236 seq# 2655 mem# 0
Current log# 911 seq# 6451 mem# 0
Current log# 504 seq# 1127 mem# 0
NID-00406: Reversion of database name failed.
Errors in file /u01/app/oracle/diag/rdbms/ttprod/ttprod1/trace/ttprod1_ora_42307.trc
Undo initialization finished
PRCD-01064: Invalid database role {0}
Undo initialization finished
Archived Log entry 786 added for thread 1 sequence 5157
Completed checkpoint up to RBA
Undo initialization finished
RDE-00027: port number not found.
Errors in file /u01/app/oracle/diag/rdbms/ttprod/ttprod1/trace/ttprod1_ora_37870.trc
Thread 1 advanced to log sequence 491
Archived Log entry 368 added for thread 1 sequence 5094
Archived Log entry 732 added for thread 1 sequence 2254
Archived Log entry 65 added for thread 1 sequence 9248
ORA-15455: FORCE option cannot be used when specifying ALL volumes
Current log# 103 seq# 3191 mem# 0
RMAN-08163: validation succeeded for backup piece
Errors in file /u01/app/oracle/diag/rdbms/ttprod/ttprod1/trace/ttprod1_ora_10467.trc
Beginning log switch checkpoint up to RBA
Beginning log switch checkpoint up to RBA
Undo initialization finished
Completed checkpoint up to RBA
NPL-00417: received ASN.1 length octet count greater than maximum of _SYSSMU12$
Starting background process VKTM
Current log# 579 seq# 4225 mem# 0
NNL-01030: Domain index number: number
ARC0: Archival started
RMAN-05557: Target instance not started with server parameter file
Current log# 732 seq# 6186 mem# 0
Beginning log switch checkpoint up to RBA
Undo initialization finished
Archived Log entry 143 added for thread 1 sequence 6678
PCC-02203: found end of file when not expected
ARC0: Archival started
RMAN-08612: channel ttstandby01 : failover to duplicate backup on device CRM.CALL_DETAIL_RECORDS
Thread 1 advanced to log sequence 95
ORA-34143: (MXCGPUT02) You cannot assign values to SURROGATE workspace object because it is type INTEGER.
Errors in file /u01/app/oracle/diag/rdbms/ttprod/ttprod1/trace/ttprod1_ora_54698.trc
Undo initialization finished
Thread 1 advanced to log sequence 990
Archived Log entry 998 added for thread 1 sequence 5942
ORA-17507: I/O request size user_sessions is not a multiple of logical block size
Starting background process VKTM
ARC0: Archival started
Thread 1 advanced to log sequence 378
Thread 1 advanced to log sequence 130
Starting background process VKTM
NNL-00215: Scheduled specified index number's next auto-refresh to occur in CRM.CALL_DETAIL_RECORDS
Completed checkpoint up to RBA
Thread 1 advanced to log sequence 567
Beginning log switch checkpoint up to RBA
ARC0: Archival started
Completed checkpoint up to RBA
ORA-54515: outer rings in a composite surface intersect
ARC0: Archival started
Completed checkpoint up to RBA
Beginning log switch checkpoint up to RBA
Archived Log entry 939 added for thread 1 sequence 3738
RMAN-07213: Mandatory Manual Actions
Starting background process VKTM
ARC0: Archival started
Undo initialization finished
Undo initialization finished
Thread 1 advanced to log sequence 802
ORA-47023: error deleting Factor 42 , idx_users_email
Undo initialization finished
Starting background process VKTM
Undo initialization finished
Undo initialization finished
RMAN-06212: Object Type Filename/Handle
ARC0: Archival started
Thread 1 advanced to log sequence 573
ARC0: Archival started
ARC0: Archival started
ORA-07637: smsdbp: buffer protect option not specified when sga created
Undo initialization finished
Completed checkpoint up to RBA
Completed checkpoint up to RBA
Thread 1 advanced to log sequence 355
Undo initialization finished
ORA-16099: internal error ORA-00600 occurred at standby database
Current log# 805 seq# 7007 mem# 0
Beginning log switch checkpoint up to RBA
Undo initialization finished
ARC0: Archival started
ARC0: Archival started
ORA-13436: GeoRaster metadata dimensionSize error
Completed checkpoint up to RBA
ARC0: Archival started
ARC0: Archival started
Completed checkpoint up to RBA
Current log# 32 seq# 1942 mem# 0
DRG-50951: Unable to resolve element name for attribute USERS
Archived Log entry 96 added for thread 1 sequence 7218
Starting background process VKTM
Archived Log entry 347 added for thread 1 sequence 8762
Completed checkpoint up to RBA
KUP-05009: Warning: Intra source concurrency disabled because the input data is in VARIABLE record format.
Archived Log entry 113 added for thread 1 sequence 7997
ARC0: Archival started
CLSW-00003: Error in the cluster registry (OCR) layer. [ number ] [ APP_USER42 ]
Completed checkpoint up to RBA
Current log# 775 seq# 6513 mem# 0
ARC0: Archival started
ARC0: Archival started
PGU-30002: >>> Initialization of app_db File Header <<<
Current log# 520 seq# 4549 mem# 0
Current log# 757 seq# 3886 mem# 0
Undo initialization finished
NZE-29032: The given identity is not complete.
Starting background process VKTM
Beginning log switch checkpoint up to RBA
Undo initialization finished
ORA-24240: invalid database access descriptor (DAD) name
Errors in file /u01/app/oracle/diag/rdbms/ttprod/ttprod1/trace/ttprod1_ora_64832.trc
ARC0: Archival started
Undo initialization finished
Undo initialization finished
PLS-00756: PL/SQL does not support feature " /u01/app/oracle/oradata/ttprod/users01.dbf " " session_1123 " in this environment
Thread 1 advanced to log sequence 207
Starting background process VKTM
Undo initialization finished
Completed checkpoint up to RBA
ORA-07622: smscre: $CREATE failure
Thread 1 advanced to log sequence 715
Undo initialization finished
Archived Log entry 882 added for thread 1 sequence 4531
ARC0: Archival started
Current log# 636 seq# 3664 mem# 0
RMAN-08043: channel USERS : copy standby control file failed
Beginning log switch checkpoint up to RBA
ARC0: Archival started
Starting background process VKTM
ORA-30731: scope constraint not allowed on nested table column when the nested table is being created
Thread 1 advanced to log sequence 518
ORA-24400: error occured while creating connections in the pool
Errors in file /u01/app/oracle/diag/rdbms/ttprod/ttprod1/trace/ttprod1_ora_40188.trc
Undo initialization finished
Thread 1 advanced to log sequence 644
Starting background process VKTM
Starting background process VKTM
LFI-01509: fopen() failed(OSD return value = 17 ).
Errors in file /u01/app/oracle/diag/rdbms/ttprod/ttprod1/trace/ttprod1_ora_64430.trc
ARC0: Archival started
INS-41505: TThe voting disk file locations contain one or more invalid characters.
ARC0: Archival started
OCI-22602: pickler TDS handle [ SP2-0552 ] is not well-formed
Errors in file /u01/app/oracle/diag/rdbms/ttprod/ttprod1/trace/ttprod1_ora_22167.trc
Current log# 772 seq# 1115 mem# 0
LPX-01096: [FORG0005] fn:exactly-one called with a sequence containing zero or more than one item
Current log# 480 seq# 8780 mem# 0
Archived Log entry 214 added for thread 1 sequence 9415
Undo initialization finished
ARC0: Archival started
Completed checkpoint up to RBA
CRS-01334: Encountered error while setting key value for key ' INVOICE_LINES_IDX ' in OLR. Details at SP2-0552 in CRM.CALL_DETAIL_RECORDS .
Starting background process VKTM
Archived Log entry 993 added for thread 1 sequence 4414
ORA-18120: XUDY0021 - The result XDM instance violates XDM constraints
ARC0: Archival started
ARC0: Archival started
ORA-19333: Invalid flags for the CREATE_DBURI operator
Completed checkpoint up to RBA
Starting background process VKTM
Archived Log entry 966 added for thread 1 sequence 6705
Archived Log entry 735 added for thread 1 sequence 6208
Beginning log switch checkpoint up to RBA
PCC-02323: found typedef name used in an expression (expecting a value)
Current log# 95 seq# 6586 mem# 0
Beginning log switch checkpoint up to RBA
ARC0: Archival started
Undo initialization finished
ORA-01103: database name ' UNDOTBS1 ' in control file is not ' USERS '
Errors in file /u01/app/oracle/diag/rdbms/ttprod/ttprod1/trace/ttprod1_ora_80974.trc
Undo initialization finished
Thread 1 advanced to log sequence 858
Undo initialization finished
Thread 1 advanced to log sequence 469
RMAN-08116: output file name is original SPFILE location
Errors in file /u01/app/oracle/diag/rdbms/ttprod/ttprod1/trace/ttprod1_ora_11473.trc
Thread 1 advanced to log sequence 701
ARC0: Archival started
Starting background process VKTM
Beginning log switch checkpoint up to RBA
Current log# 484 seq# 7964 mem# 0
ORA-27216: skgfgsmcs: sbtinfo2 returned a malformed response
Completed checkpoint up to RBA
Beginning log switch checkpoint up to RBA
RMAN-07262: no automatic repair options available
Thread 1 advanced to log sequence 78
Thread 1 advanced to log sequence 472
Thread 1 advanced to log sequence 880
Beginning log switch checkpoint up to RBA
Current log# 46 seq# 2284 mem# 0
PCB-00557: USING clause can only be used on a PREPAREd dynamic statement
Completed checkpoint up to RBA
DRG-11850: Transformation Applied
Beginning log switch checkpoint up to RBA
Starting background process VKTM
Thread 1 advanced to log sequence 787
Thread 1 advanced to log sequence 143
ARC0: Archival started
ORA-31528: could not find change set 17 for CDC subscription reporting_schema
Completed checkpoint up to RBA
ARC0: Archival started
Completed checkpoint up to RBA
Beginning log switch checkpoint up to RBA
NNO-00074: downloading region from server INVOICE_LINES_IDX
Starting background process VKTM
Starting background process VKTM
CRS-01327: Error during initialization of communication subsystem. Details at large pool in 1024 .
Thread 1 advanced to log sequence 268
Current log# 980 seq# 5645 mem# 0
Starting background process VKTM
Completed checkpoint up to RBA
RMAN-08302: Run RMAN script user_sessions on target platform to convert datafiles
Undo initialization finished
Thread 1 advanced to log sequence 895
ORA-36637: (XSDUNION05) The concat dimension cannot be defined as UNIQUE because it has a non-unique concat base dimension workspace object .
Completed checkpoint up to RBA
Archived Log entry 953 added for thread 1 sequence 5234
Archived Log entry 629 added for thread 1 sequence 8973
Current log# 128 seq# 7058 mem# 0
RMAN-08549: database name (or database unique name) used for search: PK_CUSTOMER_ACCOUNTS
Current log# 781 seq# 2779 mem# 0
Beginning log switch checkpoint up to RBA
Starting background process VKTM
ORA-24085: operation failed, queue CRM.CALL_DETAIL_RECORDS is invalid
Archived Log entry 95 added for thread 1 sequence 1225
Archived Log entry 635 added for thread 1 sequence 2709
Archived Log entry 620 added for thread 1 sequence 9009
ORA-26731: CDR_STAGING ' 17 ' does not exist
Completed checkpoint up to RBA
ORA-46005: Document not found. Fix schema location.
ARC0: Archival started
Completed checkpoint up to RBA
Thread 1 advanced to log sequence 54
Starting background process VKTM
ORA-28302: User does not exist in the LDAP directory service.
Archived Log entry 860 added for thread 1 sequence 3202
ORA-32041: UNION ALL operation in recursive WITH clause must have only two branches
ARC0: Archival started
Beginning log switch checkpoint up to RBA
ORA-29937: domain index cannot be system-managed
ARC0: Archival started
Starting background process VKTM
OCI-21560: argument ttprod2 is null, invalid, or out of range
Undo initialization finished
RMAN-06025: no backup of archived log for thread number with sequence number and starting SCN of 3 found to restore
Starting background process VKTM
Archived Log entry 408 added for thread 1 sequence 9063
ARC0: Archival started
Completed checkpoint up to RBA
RMAN-06607: RMAN configuration parameters for database with db_unique_name _SYSSMU7$ are:
ARC0: Archival started
Beginning log switch checkpoint up to RBA
Completed checkpoint up to RBA
CRS-02611: Server pool ' pg_toast_12345 ' is built-in and may not be deleted
Beginning log switch checkpoint up to RBA
ORA-37084: Output valueset 17 must match user_sessions 's dimensionality
Starting background process VKTM
Undo initialization finished
Starting background process VKTM
Completed checkpoint up to RBA
PRCD-01239: Failed to downgrade configuration of database {0} to version {1} because the database has dependency on ASM Cluster File System
ARC0: Archival started
Undo initialization finished
Archived Log entry 308 added for thread 1 sequence 1133
RMAN-05021: this configuration cannot be changed for a BACKUP or STANDBY control file
Errors in file /u01/app/oracle/diag/rdbms/ttprod/ttprod1/trace/ttprod1_ora_48815.trc
Archived Log entry 402 added for thread 1 sequence 8370
QSM-01533: query rewritten with equivalence, _SYSSMU12$
Current log# 355 seq# 7349 mem# 0
Completed checkpoint up to RBA
Current log# 846 seq# 2502 mem# 0
Completed checkpoint up to RBA
Completed checkpoint up to RBA
PRCN-02034: Could not find dependent resource {0} for resource {1}: {2}
Errors in file /u01/app/oracle/diag/rdbms/ttprod/ttprod1/trace/ttprod1_ora_79661.trc
Undo initialization finished
ARC0: Archival started
Beginning log switch checkpoint up to RBA
Beginning log switch checkpoint up to RBA
Beginning log switch checkpoint up to RBA
RMAN-06204: Changed 5000 objects to UNAVAILABLE status
Current log# 190 seq# 4668 mem# 0
Archived Log entry 867 added for thread 1 sequence 5714
Beginning log switch checkpoint up to RBA
Completed checkpoint up to RBA
RMAN-03090: Starting CDR_STAGING at CRM.CALL_DETAIL_RECORDS
Completed checkpoint up to RBA
Thread 1 advanced to log sequence 731
Starting background process VKTM
PRCT-01101: Failed to retrieve ACFS active version for node {0}. acfsutil execution failed at file location {1}. Detailed error: {2}
Starting background process VKTM
Current log# 243 seq# 1727 mem# 0
ARC0: Archival started
INS-40416: The installer has detected that the version of the configured instance of Grid Infrastructure is not compatible for upgrading to this release of Grid Infrastructure.
Completed checkpoint up to RBA
LPX-00201: unknown encoding "~s"
Completed checkpoint up to RBA
Current log# 44 seq# 2284 mem# 0
Undo initialization finished
Completed checkpoint up to RBA
Current log# 444 seq# 4880 mem# 0
ORA-30555: global index partitioning key is an expression
Beginning log switch checkpoint up to RBA
Completed checkpoint up to RBA
PCC-00073: Cursor is declared but never OPENed at line number in file PK_CUSTOMER_ACCOUNTS .
Undo initialization finished
Current log# 193 seq# 6001 mem# 0
Beginning log switch checkpoint up to RBA
Archived Log entry 61 added for thread 1 sequence 8376
ORA-41700: a conditions table already exists for the event structure
ARC0: Archival started
ORA-22983: not a user-defined REF
Thread 1 advanced to log sequence 542
Archived Log entry 216 added for thread 1 sequence 4973
RMAN-12018: channel pg_toast_12345 disabled, job failed on it will be run on another channel
Undo initialization finished
ARC0: Archival started
Starting background process VKTM
CRS-01630: A configuration change request failed because not all the new voting files were discovered; Details at idx_users_email in SYSAUX
Current log# 823 seq# 9798 mem# 0
Starting background process VKTM
QSM-01084: materialized view _SYSSMU7$ has an anchor table DATA_TS01 not found in query
Current log# 82 seq# 7248 mem# 0
Starting background process VKTM
RMAN-08617: validation failed for foreign archived log
Thread 1 advanced to log sequence 970
Completed checkpoint up to RBA
Current log# 201 seq# 2941 mem# 0
Archived Log entry 820 added for thread 1 sequence 7494
Completed checkpoint up to RBA
ORA-06749: TLI Driver: option not allowed across network
Errors in file /u01/app/oracle/diag/rdbms/ttprod/ttprod1/trace/ttprod1_ora_82469.trc
ARC0: Archival started
Undo initialization finished
Undo initialization finished
ORA-13480: the Source Type is not supported
Errors in file /u01/app/oracle/diag/rdbms/ttprod/ttprod1/trace/ttprod1_ora_29882.trc
Archived Log entry 200 added for thread 1 sequence 5092
Beginning log switch checkpoint up to RBA
Starting background process VKTM
Completed checkpoint up to RBA
Thread 1 advanced to log sequence 293
ORA-26677: APP_USER42 downstream capture process app_db cannot proceed
Errors in file /u01/app/oracle/diag/rdbms/ttprod/ttprod1/trace/ttprod1_ora_50481.trc
Undo initialization finished
Archived Log entry 988 added for thread 1 sequence 2901
ORA-29929: missing SCAN Keyword
ARC0: Archival started
Completed checkpoint up to RBA
ARC0: Archival started
Completed checkpoint up to RBA
UDI-00053: unrecognized client command ' session_1123 '
Undo initialization finished
RMAN-06435: recovery catalog owner is /u01/app/oracle/oradata/ttprod/users01.dbf
Beginning log switch checkpoint up to RBA
Completed checkpoint up to RBA
Undo initialization finished
ORA-16738: redo transport service for database " SP2-0552 " is not running
Current log# 714 seq# 4608 mem# 0
Undo initialization finished
Thread 1 advanced to log sequence 987
Completed checkpoint up to RBA
Archived Log entry 388 added for thread 1 sequence 6627
NID-00450: Succesfully changed database name and ID.
Errors in file /u01/app/oracle/diag/rdbms/ttprod/ttprod1/trace/ttprod1_ora_40594.trc
Current log# 951 seq# 8967 mem# 0
Starting background process VKTM
ORA-12225: TNS:destination host unreachable
Errors in file /u01/app/oracle/diag/rdbms/ttprod/ttprod1/trace/ttprod1_ora_79930.trc
ARC0: Archival started
Current log# 144 seq# 4423 mem# 0
ARC0: Archival started
Undo initialization finished
Beginning log switch checkpoint up to RBA
TNS-01442: No filtering rules currently in effect.
ARC0: Archival started
Thread 1 advanced to log sequence 984
Undo initialization finished
Undo initialization finished
EXP-00008: ORACLE error number encountered
Starting background process VKTM
Undo initialization finished
Starting background process VKTM
DIA-48499: The value of the keyword " 42 " exceeds the maximum length APP_USER42
Undo initialization finished
Completed checkpoint up to RBA
ORA-26563: renaming this table is not allowed
Completed checkpoint up to RBA
Current log# 161 seq# 6053 mem# 0
Current log# 687 seq# 3032 mem# 0
TNS-12656: Cryptographic checksum mismatch
Completed checkpoint up to RBA
Beginning log switch checkpoint up to RBA
ORA-39923: Default Composite Partition (Table) Tablespace ttstandby01 for UNDOTBS1 not contained in transportable set.
Current log# 476 seq# 1256 mem# 0
Beginning log switch checkpoint up to RBA
ORA-39255: Failed to fetch PLUGTS_BLKs.
Errors in file /u01/app/oracle/diag/rdbms/ttprod/ttprod1/trace/ttprod1_ora_55807.trc
Current log# 407 seq# 1931 mem# 0
Current log# 668 seq# 7409 mem# 0
Archived Log entry 666 added for thread 1 sequence 7976
Completed checkpoint up to RBA
Beginning log switch checkpoint up to RBA
CRS-08012: reboot advisory message from a higher Oracle Clusterware version detected
Errors in file /u01/app/oracle/diag/rdbms/ttprod/ttprod1/trace/ttprod1_ora_61088.trc
Current log# 116 seq# 5369 mem# 0
Current log# 613 seq# 1969 mem# 0
Archived Log entry 758 added for thread 1 sequence 2644
NZE-29020: The handshake record length is too long.
Completed checkpoint up to RBA
ORA-06106: NETTCP: socket creation failure
Thread 1 advanced to log sequence 754
Archived Log entry 94 added for thread 1 sequence 1477
PCB-00319: EXEC ORACLE statements are an Oracle extension
Completed checkpoint up to RBA
ARC0: Archival started
NNL-00571: set|show save_config_on_stop [<on|off>]
Undo initialization finished
Archived Log entry 292 added for thread 1 sequence 4179
Starting background process VKTM
ORA-27196: skgfpbk: sbtpcbackup returned error
Errors in file /u01/app/oracle/diag/rdbms/ttprod/ttprod1/trace/ttprod1_ora_16960.trc
Starting background process VKTM
ARC0: Archival started
ARC0: Archival started
ARC0: Archival started
ORA-35019: (QFCHECK07) The Analytic Workspace and EIF file definitions of workspace object have different partition dimensions.
Errors in file /u01/app/oracle/diag/rdbms/ttprod/ttprod1/trace/ttprod1_ora_42308.trc
Completed checkpoint up to RBA
Starting background process VKTM
Beginning log switch checkpoint up to RBA
ARC0: Archival started
Archived Log entry 404 added for thread 1 sequence 5208
PCB-00101: Could not find or open system configuration file
Completed checkpoint up to RBA
Beginning log switch checkpoint up to RBA
Completed checkpoint up to RBA
RMAN-08049: channel idx_users_email : starting compressed archived log backup set
Archived Log entry 559 added for thread 1 sequence 9206
ORA-12491: DBHIGH value does not dominate DBLOW
Beginning log switch checkpoint up to RBA
Archived Log entry 778 added for thread 1 sequence 6709
Beginning log switch checkpoint up to RBA
Completed checkpoint up to RBA
Beginning log switch checkpoint up to RBA
RMAN-04031: initialization parameters used for automatic instance: DATA_TS01
Starting background process VKTM
Completed checkpoint up to RBA
Completed checkpoint up to RBA
CRS-04217: Unexpected error saving IPMI credentials wallet: INVOICE_LINES_IDX
Starting background process VKTM
ORA-31627: API call succeeded but more information is available
Current log# 67 seq# 9328 mem# 0
Current log# 738 seq# 9401 mem# 0
Current log# 103 seq# 4166 mem# 0
RMAN-08155: printing stored global script: SYSAUX
Errors in file /u01/app/oracle/diag/rdbms/ttprod/ttprod1/trace/ttprod1_ora_68079.trc
ARC0: Archival started
Undo initialization finished
Undo initialization finished
Thread 1 advanced to log sequence 277
ORA-09714: Two Task interface: cannot obtain puname
Beginning log switch checkpoint up to RBA
Archived Log entry 296 added for thread 1 sequence 6503
Thread 1 advanced to log sequence 750
Starting background process VKTM
ORA-07647: sszfck: $OPEN failure
Errors in file /u01/app/oracle/diag/rdbms/ttprod/ttprod1/trace/ttprod1_ora_76189.trc
Beginning log switch checkpoint up to RBA
Thread 1 advanced to log sequence 721
Beginning log switch checkpoint up to RBA
RMAN-04024: starting Oracle instance without parameter file for retrieval of spfile
Starting background process VKTM
Completed checkpoint up to RBA
Starting background process VKTM
PRKO-02128: Specified cardinality {0} is not valid for policy-managed RAC One Node service {1}
ARC0: Archival started
Current log# 277 seq# 8760 mem# 0
Archived Log entry 337 added for thread 1 sequence 9980
Completed checkpoint up to RBA
ORA-31457: maximum length of description field exceeded
Errors in file /u01/app/oracle/diag/rdbms/ttprod/ttprod1/trace/ttprod1_ora_26753.trc
Undo initialization finished
Undo initialization finished
ARC0: Archival started
ORA-29861: domain index is marked LOADING/FAILED/UNUSABLE
Starting background process VKTM
DRG-11347: FILTER CACHE only supported for context index
Errors in file /u01/app/oracle/diag/rdbms/ttprod/ttprod1/trace/ttprod1_ora_31982.trc
Archived Log entry 766 added for thread 1 sequence 9009
Undo initialization finished
Completed checkpoint up to RBA
Undo initialization finished
Starting background process VKTM
TNS-12536: TNS:operation would block
Completed checkpoint up to RBA
RMAN-07252: ========================
Beginning log switch checkpoint up to RBA
PGU-20002: unable to login to Oracle
Thread 1 advanced to log sequence 445
Archived Log entry 885 added for thread 1 sequence 5276
Completed checkpoint up to RBA
PCC-00060: Both CURSOR and STATEMENT have AT clauses at line number of file TNS_ADMIN .
Thread 1 advanced to log sequence 687
Starting background process VKTM
Archived Log entry 549 added for thread 1 sequence 2899
Thread 1 advanced to log sequence 924
Undo initialization finished
PRCA-01006: Failed to update server parameter file {0} of ASM {1}
ARC0: Archival started
Archived Log entry 385 added for thread 1 sequence 3608
Thread 1 advanced to log sequence 285
Beginning log switch checkpoint up to RBA
RMAN-08094: channel INVOICE_LINES_IDX : specifying datafile(s) for proxy restore
Completed checkpoint up to RBA
ORA-15178: directory ' app_db ' is not empty; cannot drop this directory
ARC0: Archival started
Beginning log switch checkpoint up to RBA
Starting background process VKTM
Undo initialization finished
ARC0: Archival started
CRS-05009: The VIP address ttstandby01 does not belong to the subnet 17
Current log# 163 seq# 9180 mem# 0
ARC0: Archival started
Archived Log entry 147 added for thread 1 sequence 2072
ARC0: Archival started
NNF-02002: NIS value does not conform to adapter schema: app_db
Errors in file /u01/app/oracle/diag/rdbms/ttprod/ttprod1/trace/ttprod1_ora_34839.trc
Starting background process VKTM
Starting background process VKTM
NZE-29030: SSL handshake is requested.
Completed checkpoint up to RBA
ARC0: Archival started
CLSS-02001: local node number SP2-0552 , master node number UNDOTBS1
Undo initialization finished
DRG-10528: primary keys of type 42 are not allowed
Starting background process VKTM
Archived Log entry 322 added for thread 1 sequence 3216
ARC0: Archival started
Thread 1 advanced to log sequence 97
Completed checkpoint up to RBA
ORA-28392: invalid close wallet syntax
ARC0: Archival started
Starting background process VKTM
Archived Log entry 553 added for thread 1 sequence 7653
Thread 1 advanced to log sequence 320
Thread 1 advanced to log sequence 935
ORA-48439: The input path name exceeds the maximum length [ 3 ]
Starting background process VKTM
Thread 1 advanced to log sequence 489
Archived Log entry 165 added for thread 1 sequence 2300
ORA-09913: Malloc of dummy name failed.
Current log# 287 seq# 3225 mem# 0
Starting background process VKTM
Starting background process VKTM
Completed checkpoint up to RBA
ORA-30758: cannot specify local on a non-partitioned table
ARC0: Archival started
Thread 1 advanced to log sequence 714
TNS-00504: Operation not supported
ARC0: Archival started
Beginning log switch checkpoint up to RBA
Archived Log entry 380 added for thread 1 sequence 2932
Starting background process VKTM
Starting background process VKTM
INS-32034: Invalid characters specified for the inventory directory.
Completed checkpoint up to RBA
TNS-00539: Network or Protocol services are down
Current log# 449 seq# 9316 mem# 0
Undo initialization finished
ARC0: Archival started
ORA-00023: session references process private memory; cannot detach session
Completed checkpoint up to RBA
Current log# 447 seq# 1842 mem# 0
Completed checkpoint up to RBA
Thread 1 advanced to log sequence 207
Starting background process VKTM
ORA-12424: length exceeds binary label size
Errors in file /u01/app/oracle/diag/rdbms/ttprod/ttprod1/trace/ttprod1_ora_76272.trc
Beginning log switch checkpoint up to RBA
RMAN-06211: ==========================
Starting background process VKTM
ARC0: Archival started
Undo initialization finished
Thread 1 advanced to log sequence 773
ORA-39141: dump file " _SYSSMU12$ " is a duplicate of dump file " PK_CUSTOMER_ACCOUNTS "
Thread 1 advanced to log sequence 424
ORA-13343: a polygon geometry has fewer than four coordinates
Current log# 858 seq# 5973 mem# 0
ARC0: Archival started
Thread 1 advanced to log sequence 977
Archived Log entry 146 added for thread 1 sequence 5892
Starting background process VKTM
RMAN-06153: validation failed for datafile copy
Current log# 167 seq# 2441 mem# 0
ORA-32703: deadlock detected: shared pool
Completed checkpoint up to RBA
OCI-22600: encountered 8.0.2 (Beta) VARRAY data that cannot be processed
Thread 1 advanced to log sequence 117
Archived Log entry 901 added for thread 1 sequence 3242
Starting background process VKTM
PRKO-02006: Invalid node name: {0}
ARC0: Archival started
Current log# 240 seq# 8339 mem# 0
Current log# 550 seq# 8729 mem# 0
Current log# 167 seq# 5818 mem# 0
Current log# 613 seq# 3825 mem# 0
RMAN-05046: Export completed
Current log# 333 seq# 8157 mem# 0
Undo initialization finished
Archived Log entry 661 added for thread 1 sequence 5148
ORA-39051: parameter app_db specified multiple times
ARC0: Archival started
Current log# 286 seq# 8705 mem# 0
Starting background process VKTM
Archived Log entry 671 added for thread 1 sequence 7412
ORA-29656: Invalid option for USING
Archived Log entry 786 added for thread 1 sequence 7592
ORA-22974: missing WITH OBJECT OID clause
Archived Log entry 115 added for thread 1 sequence 3610
Archived Log entry 171 added for thread 1 sequence 8870
XOQ-01714: " _SYSSMU12$ " failed validation as a non-ragged hierarchy.
Errors in file /u01/app/oracle/diag/rdbms/ttprod/ttprod1/trace/ttprod1_ora_38945.trc
Beginning log switch checkpoint up to RBA
Current log# 718 seq# 4964 mem# 0
Archived Log entry 768 added for thread 1 sequence 5209
Starting background process VKTM
Undo initialization finished
RMAN-05032: datafile CDR_STAGING will be created automatically during restore operation
Starting background process VKTM
ORA-46067: Cookie not specified
Starting background process VKTM
Undo initialization finished
DRG-11718: multiple Preferred Terms for term TNS_ADMIN
Archived Log entry 512 added for thread 1 sequence 5013
Current log# 582 seq# 2295 mem# 0
Thread 1 advanced to log sequence 826
Starting background process VKTM
Current log# 593 seq# 1178 mem# 0
RMAN-06779: import validation complete
Errors in file /u01/app/oracle/diag/rdbms/ttprod/ttprod1/trace/ttprod1_ora_59885.trc
Archived Log entry 796 added for thread 1 sequence 8800
NID-00304: Datafile pk_orders - reverted
Starting background process VKTM
ARC0: Archival started
RMAN-06767: Tablespace _SYSSMU7$ will default to database encryption configuration
Archived Log entry 319 added for thread 1 sequence 7712
Beginning log switch checkpoint up to RBA
ARC0: Archival started
ARC0: Archival started
Archived Log entry 584 added for thread 1 sequence 5800
ORA-13048: recursive SQL fetch error
Errors in file /u01/app/oracle/diag/rdbms/ttprod/ttprod1/trace/ttprod1_ora_23218.trc
Archived Log entry 776 added for thread 1 sequence 3385
Archived Log entry 870 added for thread 1 sequence 8933
Undo initialization finished
Completed checkpoint up to RBA
Current log# 971 seq# 6199 mem# 0
EXP-00108: NULL lob fetched
Undo initialization finished
Completed checkpoint up to RBA
Starting background process VKTM
Starting background process VKTM
NNO-00256: using administrative region " /u01/app/oracle/oradata/ttprod/users01.dbf "
Thread 1 advanced to log sequence 287
Starting background process VKTM
Thread 1 advanced to log sequence 802
Completed checkpoint up to RBA
Starting background process VKTM
CRS-09618: Daemon stopped : pk_orders
Beginning log switch checkpoint up to RBA
ARC0: Archival started
ORA-35588: (XSRWLD15) Cannot change the parent of existing dimension member " number " from " number " to " number " in LOAD RETAIN mode.
Errors in file /u01/app/oracle/diag/rdbms/ttprod/ttprod1/trace/ttprod1_ora_70893.trc
Undo initialization finished
Archived Log entry 787 added for thread 1 sequence 1518
RMAN-07212: skipping failure pg_toast_12345 because it was CLOSED
Undo initialization finished
Undo initialization finished
Undo initialization finished
Current log# 162 seq# 6369 mem# 0
RMAN-08536: channel CDR_STAGING : AUTOBACKUP found: BILLING.CUST_ORDERS
Undo initialization finished
Thread 1 advanced to log sequence 369
ARC0: Archival started
ORA-39922: Default Partition (Index) Tablespace pk_orders for ttprod1 not contained in transportable set.
Starting background process VKTM
Completed checkpoint up to RBA
Archived Log entry 285 added for thread 1 sequence 6855
Archived Log entry 952 added for thread 1 sequence 5112
Beginning log switch checkpoint up to RBA
ORA-26843: Local propagation " 17 " found for capture queue " NETWORK_OPS.SIM_INVENTORY "." TNS_ADMIN ".
Completed checkpoint up to RBA
Archived Log entry 84 added for thread 1 sequence 3524
Undo initialization finished
ORA-16658: unobserved fast-start failover configuration
Errors in file /u01/app/oracle/diag/rdbms/ttprod/ttprod1/trace/ttprod1_ora_47320.trc
Completed checkpoint up to RBA
PRCD-01093: Failed to update the domain {0} of database {1}
Current log# 83 seq# 7322 mem# 0
Archived Log entry 60 added for thread 1 sequence 7786
Completed checkpoint up to RBA
ORA-30735: cannot create multiple subtables of the same type under a supertable
Completed checkpoint up to RBA
Completed checkpoint up to RBA
Starting background process VKTM
Beginning log switch checkpoint up to RBA
Archived Log entry 290 added for thread 1 sequence 6544
QSM-01129: query has NO_MULTIMV_REWRITE hint
Completed checkpoint up to RBA
Completed checkpoint up to RBA
PRCC-01020: Version {0} cannot be used to administer resource configuration of version {1} or later
Errors in file /u01/app/oracle/diag/rdbms/ttprod/ttprod1/trace/ttprod1_ora_40840.trc
Starting background process VKTM
Undo initialization finished
CRS-02515: Circular dependency found for resource ' large pool '
Errors in file /u01/app/oracle/diag/rdbms/ttprod/ttprod1/trace/ttprod1_ora_14432.trc
Completed checkpoint up to RBA
Undo initialization finished
Current log# 494 seq# 9727 mem# 0
Current log# 46 seq# 5233 mem# 0
Current log# 480 seq# 6997 mem# 0
RMAN-06913: validate cancelled because there are no files to validate
Starting background process VKTM
ORA-30153: An invalid File Object is passed to the OCIFile function
Completed checkpoint up to RBA
Archived Log entry 239 added for thread 1 sequence 8248
CLSS-02001: local node number 3 , master node number app_db
Errors in file /u01/app/oracle/diag/rdbms/ttprod/ttprod1/trace/ttprod1_ora_15252.trc
Undo initialization finished
ORA-07681: sou2os: An error occurred while initializing Oracle
Starting background process VKTM
Archived Log entry 328 added for thread 1 sequence 2835
Current log# 419 seq# 5422 mem# 0
Current log# 902 seq# 8410 mem# 0
OCI-21609: memory being resized without being allocated first
Errors in file /u01/app/oracle/diag/rdbms/ttprod/ttprod1/trace/ttprod1_ora_14939.trc
ARC0: Archival started
ORA-02042: too many distributed transactions
Undo initialization finished
JMS-00190: Queue {0} not found
Errors in file /u01/app/oracle/diag/rdbms/ttprod/ttprod1/trace/ttprod1_ora_15156.trc
ARC0: Archival started
Beginning log switch checkpoint up to RBA
Undo initialization finished
ORA-16240: Waiting for log file (thread# INVOICE_LINES_IDX , sequence# SYSAUX )
Current log# 740 seq# 8941 mem# 0
ORA-00211: control file does not match previous control files
Undo initialization finished
Current log# 582 seq# 1577 mem# 0
Current log# 999 seq# 2978 mem# 0
Completed checkpoint up to RBA
RMAN-05510: Duplicate finished
Errors in file /u01/app/oracle/diag/rdbms/ttprod/ttprod1/trace/ttprod1_ora_59608.trc
Current log# 742 seq# 1088 mem# 0
PGA-21105: startup for local LU DATA_TS01 is warm
Completed checkpoint up to RBA
ORA-13545: invalid baseline template name
Thread 1 advanced to log sequence 469
Undo initialization finished
ARC0: Archival started
ARC0: Archival started
ORA-02250: missing or invalid constraint name
Current log# 535 seq# 6694 mem# 0
Current log# 514 seq# 7094 mem# 0
Archived Log entry 776 added for thread 1 sequence 5120
Thread 1 advanced to log sequence 104
Completed checkpoint up to RBA
RMAN-07517: Reason: The file header is corrupted
Beginning log switch checkpoint up to RBA
Beginning log switch checkpoint up to RBA
XOQ-01966: Cannot drop PartitionLevel " fk_order_customer " of AWCubeOrganization.
Completed checkpoint up to RBA
Thread 1 advanced to log sequence 533
ORA-15048: ASM internal files cannot be deleted
Beginning log switch checkpoint up to RBA
Undo initialization finished
Archived Log entry 231 added for thread 1 sequence 2126
Archived Log entry 69 added for thread 1 sequence 6939
Current log# 17 seq# 6069 mem# 0
ORA-56606: DRCP: Client version does not support the feature
Starting background process VKTM
ORA-38708: not enough space for first flashback database log file
Archived Log entry 893 added for thread 1 sequence 1777
Beginning log switch checkpoint up to RBA
Beginning log switch checkpoint up to RBA
IMG-00003: exhausted memory while processing image
Undo initialization finished
Starting background process VKTM
Current log# 365 seq# 8380 mem# 0
ORA-46107: Privilege ttprod2 not found in the associated security classes
Beginning log switch checkpoint up to RBA
Archived Log entry 420 added for thread 1 sequence 7349
Undo initialization finished
Thread 1 advanced to log sequence 44
Beginning log switch checkpoint up to RBA
IMP-00083: dump file does not contain an incremental export
ARC0: Archival started
Current log# 161 seq# 5584 mem# 0
ORA-24795: Illegal NETWORK_OPS.SIM_INVENTORY attempt made
Starting background process VKTM
Current log# 453 seq# 2834 mem# 0
Current log# 791 seq# 2345 mem# 0
Archived Log entry 29 added for thread 1 sequence 5514
Undo initialization finished
ORA-09810: Unable to get process ID from connection
Completed checkpoint up to RBA
Thread 1 advanced to log sequence 797
CLST-02312: failed to completely delete node configuration
Thread 1 advanced to log sequence 852
Beginning log switch checkpoint up to RBA
ORA-07747: slemrd: $READ failure
Archived Log entry 105 added for thread 1 sequence 7381
Beginning log switch checkpoint up to RBA
Thread 1 advanced to log sequence 423
Completed checkpoint up to RBA
RMAN-06478: WARNING: datafile copy ' NETWORK_OPS.SIM_INVENTORY ' cannot be found on disk
Starting background process VKTM
Thread 1 advanced to log sequence 673
Undo initialization finished
Thread 1 advanced to log sequence 246
PRVF-05197: Failed to retrieve voting disk locations
Starting background process VKTM
ARC0: Archival started
Thread 1 advanced to log sequence 922
Archived Log entry 423 added for thread 1 sequence 4059
PRKO-03153: -i option and/or -n option is required for starting an instance on the policy-managed database {0}.
Archived Log entry 352 added for thread 1 sequence 7982
Beginning log switch checkpoint up to RBA
Thread 1 advanced to log sequence 609
RMAN-06176: no recovery required; all files are read only or offline
Errors in file /u01/app/oracle/diag/rdbms/ttprod/ttprod1/trace/ttprod1_ora_20841.trc
Beginning log switch checkpoint up to RBA
Completed checkpoint up to RBA
Beginning log switch checkpoint up to RBA
Undo initialization finished
Undo initialization finished
NID-00451: Succesfully changed database name.
Starting background process VKTM
ARC0: Archival started
ARC0: Archival started
ORA-22995: TABLESPACE DEFAULT option is invalid in this context
ARC0: Archival started
ORA-14085: partitioned table cannot have column with LONG datatype
Current log# 742 seq# 4538 mem# 0
Current log# 428 seq# 6017 mem# 0
Thread 1 advanced to log sequence 285
Current log# 270 seq# 2014 mem# 0
ORA-44313: instance name invalid
Completed checkpoint up to RBA
ARC0: Archival started
RMAN-08074: crosschecked backup piece: found to be ' fk_order_customer '
Current log# 922 seq# 3531 mem# 0
Completed checkpoint up to RBA
Thread 1 advanced to log sequence 608
Archived Log entry 777 added for thread 1 sequence 3463
Thread 1 advanced to log sequence 487
ORA-16193: Primary and standby network encryption mismatch
Current log# 407 seq# 7046 mem# 0
Beginning log switch checkpoint up to RBA
Completed checkpoint up to RBA
Archived Log entry 732 added for thread 1 sequence 9007
Starting background process VKTM
ORA-33332: (DSSEXIST01) Use the AW command to establish a current analytic workspace. Then start your current activity again.
Starting background process VKTM
Completed checkpoint up to RBA
Current log# 13 seq# 9792 mem# 0
ORA-16011: Remote File Server process is in Error state.
ARC0: Archival started
ORA-16241: Waiting for gap log file (thread# ttprod1 , sequence# _SYSSMU7$ )
Errors in file /u01/app/oracle/diag/rdbms/ttprod/ttprod1/trace/ttprod1_ora_23047.trc
Thread 1 advanced to log sequence 189
Undo initialization finished
PLS-00623: FLOAT precision constraint must be between 1 and 126
Undo initialization finished
Archived Log entry 53 added for thread 1 sequence 9112
Beginning log switch checkpoint up to RBA
Beginning log switch checkpoint up to RBA
ARC0: Archival started
ORA-07751: slemcr: malloc failure
ARC0: Archival started
RMAN-06958: Executing: BILLING.CUST_ORDERS
Current log# 280 seq# 9891 mem# 0
ORA-36766: (XSAGGCNTMOVE04) workspace object cannot be used as an AGGCOUNT because it has an AGGCOUNT.
Thread 1 advanced to log sequence 34
ARC0: Archival started
Starting background process VKTM
Current log# 418 seq# 6278 mem# 0
ARC0: Archival started
ORA-32153: Environment not specified
Thread 1 advanced to log sequence 311
Current log# 346 seq# 3468 mem# 0
Completed checkpoint up to RBA
Current log# 78 seq# 9931 mem# 0
PCB-00300: Datatype for host variable not supported by ANSI " /u01/app/oracle/oradata/ttprod/users01.dbf "
Starting background process VKTM
Beginning log switch checkpoint up to RBA
ORA-15518: parallel preprocessing encountered an unexpected error
Undo initialization finished
Thread 1 advanced to log sequence 355
Starting background process VKTM
ORA-32840: property name cannot be NULL
Errors in file /u01/app/oracle/diag/rdbms/ttprod/ttprod1/trace/ttprod1_ora_34395.trc
ARC0: Archival started
Starting background process VKTM
Current log# 596 seq# 7530 mem# 0
ARC0: Archival started
NID-00352: _SYSSMU7$ ( number ), error: number
Current log# 878 seq# 7072 mem# 0
Current log# 497 seq# 2695 mem# 0
ARC0: Archival started
CRS-00812: Cluster Ready Service aborted due to failure to initialize the network layer with error [ number ]. Details at TNS_ADMIN in 5000 .
Current log# 168 seq# 7186 mem# 0
Undo initialization finished
Undo initialization finished
ORA-16202: Skip procedure requested to replace statement
Current log# 605 seq# 4893 mem# 0
Archived Log entry 545 added for thread 1 sequence 3725
RMAN-06421: sent command to channel: user_sessions
Errors in file /u01/app/oracle/diag/rdbms/ttprod/ttprod1/trace/ttprod1_ora_24442.trc
Thread 1 advanced to log sequence 632
ARC0: Archival started
ARC0: Archival started
Thread 1 advanced to log sequence 917
PGU-42003: COPY reserved word found within a COPY clause
ARC0: Archival started
NNL-01056: Requests forwarded: number
Errors in file /u01/app/oracle/diag/rdbms/ttprod/ttprod1/trace/ttprod1_ora_47243.trc
Starting background process VKTM
Starting background process VKTM
RMAN-06211: ==========================
Starting background process VKTM
Archived Log entry 720 added for thread 1 sequence 6441
Archived Log entry 482 added for thread 1 sequence 7491
ARC0: Archival started
ORA-38883: Cannot shrink data file app_db on primary database due to guaranteed restore points.
Beginning log switch checkpoint up to RBA
TNS-00220: Pump Breakdown --------------
Errors in file /u01/app/oracle/diag/rdbms/ttprod/ttprod1/trace/ttprod1_ora_63123.trc
Thread 1 advanced to log sequence 859
Starting background process VKTM
Completed checkpoint up to RBA
Starting background process VKTM
Undo initialization finished
PRKO-02168: Node applications are still running on node:
Thread 1 advanced to log sequence 499
Archived Log entry 212 added for thread 1 sequence 8579
ARC0: Archival started
ARC0: Archival started
Starting background process VKTM
ORA-24774: cannot switch to specified transaction
Starting background process VKTM
Thread 1 advanced to log sequence 759
ORA-34342: (MXDSS01) IMPORTANT: Analytic workspace 1024 is read-only. Therefore, you will not be able to use the UPDATE command to save changes to it.
Current log# 158 seq# 2121 mem# 0
Current log# 718 seq# 4172 mem# 0
Thread 1 advanced to log sequence 296
Archived Log entry 130 added for thread 1 sequence 9996
Archived Log entry 816 added for thread 1 sequence 1679
CRS-05014: Agent " _SYSSMU7$ " timed out starting process " NETWORK_OPS.SIM_INVENTORY " for action " 3 ": details at " PK_CUSTOMER_ACCOUNTS " in " CRM.CALL_DETAIL_RECORDS "
Completed checkpoint up to RBA
Beginning log switch checkpoint up to RBA
Archived Log entry 919 added for thread 1 sequence 6058
Current log# 376 seq# 8960 mem# 0
RMAN-06193: connected to target database (not started)
Errors in file /u01/app/oracle/diag/rdbms/ttprod/ttprod1/trace/ttprod1_ora_22710.trc
Archived Log entry 845 added for thread 1 sequence 6099
ORA-47406: ALWAYS AUDIT option set for Factor SP2-0552
Errors in file /u01/app/oracle/diag/rdbms/ttprod/ttprod1/trace/ttprod1_ora_58668.trc
Archived Log entry 330 added for thread 1 sequence 3150
Beginning log switch checkpoint up to RBA
Current log# 54 seq# 6297 mem# 0
Completed checkpoint up to RBA
Archived Log entry 808 added for thread 1 sequence 7295
ORA-30765: cannot modify scope for an unscoped REF column
ARC0: Archival started
Thread 1 advanced to log sequence 978
TNS-00548: value specified for client authentication parameter is not boolean
Starting background process VKTM
RMAN-08581: channel TNS_ADMIN : datafile copy complete, elapsed time: reporting_schema
Errors in file /u01/app/oracle/diag/rdbms/ttprod/ttprod1/trace/ttprod1_ora_77880.trc
Beginning log switch checkpoint up to RBA
ARC0: Archival started
Completed checkpoint up to RBA
Beginning log switch checkpoint up to RBA
ORA-33332: (DSSEXIST01) Use the AW command to establish a current analytic workspace. Then start your current activity again.
Current log# 607 seq# 4640 mem# 0
Beginning log switch checkpoint up to RBA
Thread 1 advanced to log sequence 142
Beginning log switch checkpoint up to RBA
ORA-10564: tablespace /u01/app/oracle/oradata/ttprod/users01.dbf
Completed checkpoint up to RBA
ORA-16561: cannot remove an active instance
ARC0: Archival started
PRVF-04212: The specified Voting Disk location "{0}" is not a partition
ARC0: Archival started
ORA-37531: (XSCCLOAD02) When aggregating between compressed partitions the source partitions were aggregated with a different AGGMAP, or the RELATIONS have changed since the source partitions were aggregated.
Beginning log switch checkpoint up to RBA
Current log# 724 seq# 1336 mem# 0
Current log# 381 seq# 8480 mem# 0
ORA-32583: query passed to table function has wrong number of elements in select list
Errors in file /u01/app/oracle/diag/rdbms/ttprod/ttprod1/trace/ttprod1_ora_41902.trc
ARC0: Archival started
Starting background process VKTM
OCI-30951: Element or attribute at Xpath ttprod1 exceeds maximum length
ARC0: Archival started
Beginning log switch checkpoint up to RBA
Beginning log switch checkpoint up to RBA
Current log# 905 seq# 9314 mem# 0
Beginning log switch checkpoint up to RBA
PCC-01015: Cannot equivalence PIC N variable _SYSSMU7$
Errors in file /u01/app/oracle/diag/rdbms/ttprod/ttprod1/trace/ttprod1_ora_55415.trc
ARC0: Archival started
Completed checkpoint up to RBA
ORA-25035: cannot perform DML on remote object from a crossedition trigger
Starting background process VKTM
Thread 1 advanced to log sequence 80
Thread 1 advanced to log sequence 711
RMAN-08102: channel 17 : located backup piece: UNDOTBS1
Beginning log switch checkpoint up to RBA
Archived Log entry 703 added for thread 1 sequence 4649
ARC0: Archival started
ARC0: Archival started
Thread 1 advanced to log sequence 720
RMAN-06730: no channel to restore a backup of the SPFILE
Undo initialization finished
Starting background process VKTM
Archived Log entry 304 added for thread 1 sequence 4808
QSM-01002: no query rewrite when OPTIMIZER_MODE is rule based
Undo initialization finished
Completed checkpoint up to RBA
PLS-00410: duplicate fields in RECORD,TABLE or argument list are not permitted
Errors in file /u01/app/oracle/diag/rdbms/ttprod/ttprod1/trace/ttprod1_ora_88610.trc
Completed checkpoint up to RBA
PLS-00173: SPACE, TAB or RETURN are disallowed as alternative quote delimiters
Undo initialization finished
Archived Log entry 365 added for thread 1 sequence 1397
Undo initialization finished
Current log# 550 seq# 2487 mem# 0
Starting background process VKTM
ORA-32305: RepAPI materialized views with user-defined types are not supported
Undo initialization finished
ARC0: Archival started
Thread 1 advanced to log sequence 327
Beginning log switch checkpoint up to RBA
ORA-00027: cannot kill current session
Beginning log switch checkpoint up to RBA
Undo initialization finished
ORA-14668: Cannot drop a unique or primary key referenced by the partitioning constraint of a reference-partitioned table.
Beginning log switch checkpoint up to RBA
ORA-30461: ' SYSAUX . PK_CUSTOMER_ACCOUNTS ' cannot be refreshed because it is marked DISABLED
Undo initialization finished
Current log# 765 seq# 8164 mem# 0
Beginning log switch checkpoint up to RBA
Thread 1 advanced to log sequence 632
NID-00336: The following datafiles are offline clean:
Thread 1 advanced to log sequence 291
ORA-55327: rule APP_USER42 yields a triple with a literal subject or predicate
Beginning log switch checkpoint up to RBA
Completed checkpoint up to RBA
Undo initialization finished
Thread 1 advanced to log sequence 390
ORA-55557: Trigger 4144 corruption
Current log# 311 seq# 9464 mem# 0
Current log# 60 seq# 5548 mem# 0
Thread 1 advanced to log sequence 467
ORA-01096: program version ( pg_toast_12345 ) incompatible with instance ( ttprod2 )
Undo initialization finished
Thread 1 advanced to log sequence 501
Current log# 346 seq# 5499 mem# 0
ARC0: Archival started
PRCS-01009: Failed to create server pool {0}
Completed checkpoint up to RBA
ORA-39908: Index ttprod1 . _SYSSMU12$ in tablespace APP_USER42 enforces primary constraints pg_toast_12345 of table DATA_TS01 . 5000 in tablespace DATA_TS01 .
Errors in file /u01/app/oracle/diag/rdbms/ttprod/ttprod1/trace/ttprod1_ora_44007.trc
Archived Log entry 532 added for thread 1 sequence 8685
Completed checkpoint up to RBA
Starting background process VKTM
RMAN-08143: including current control file for validation
Starting background process VKTM
Current log# 194 seq# 3660 mem# 0
Thread 1 advanced to log sequence 79
LPX-00767: not a text media type
Thread 1 advanced to log sequence 252
CRS-00221: Resource ' CDR_STAGING ''s action script cannot be found.
Completed checkpoint up to RBA
ARC0: Archival started
Completed checkpoint up to RBA
Completed checkpoint up to RBA
Beginning log switch checkpoint up to RBA
RMAN-08138: WARNING: archived log not deleted - must create more backups
Beginning log switch checkpoint up to RBA
Thread 1 advanced to log sequence 410
NID-00508: HELP Displays these messages NO
Undo initialization finished
PGU-42014: RENAMES clause must be at level 66
Undo initialization finished
ORA-46261: Error during audit trail cleanup, internal error
Starting background process VKTM
Undo initialization finished
ARC0: Archival started
ORA-53500: Not a DICOM image.
Starting background process VKTM
ARC0: Archival started
NNL-00830: Delete requests received: number
Current log# 75 seq# 6019 mem# 0
RMAN-06485: changed archived log expired
Completed checkpoint up to RBA
ORA-29528: invalid Java call in trigger idx_users_email
Thread 1 advanced to log sequence 510
Starting background process VKTM
Undo initialization finished
ARC0: Archival started
Starting background process VKTM
ORA-31524: could not find change set idx_users_email for CDC change table DATA_TS01 . user_sessions
Current log# 412 seq# 5372 mem# 0
RMAN-08015: datafile 42 switched to datafile copy
Completed checkpoint up to RBA
Starting background process VKTM
Undo initialization finished
IMG-00712: unable to write to destination image
ARC0: Archival started
Current log# 882 seq# 4460 mem# 0
Beginning log switch checkpoint up to RBA
Current log# 607 seq# 6164 mem# 0
Starting background process VKTM
NPL-00313: requested form _SYSSMU12$ does not match actual form pg_toast_12345
Starting background process VKTM
Completed checkpoint up to RBA
Starting background process VKTM
Starting background process VKTM
ORA-01647: tablespace ' DATA_TS01 ' is read-only, cannot allocate space in it
Thread 1 advanced to log sequence 189
ARC0: Archival started
Thread 1 advanced to log sequence 358
Archived Log entry 75 added for thread 1 sequence 6448
XOQ-00600: internal error code, arguments: [ SP2-0552 ], [ pk_orders ], [ APP_USER42 ], [ ttstandby01 ], [ ttstandby01 ], [ BILLING.CUST_ORDERS ], [ 42 ], [ BILLING.CUST_ORDERS ]
Beginning log switch checkpoint up to RBA
ORA-41628: invalid usage of " APP_USER42 " attribute in " user_sessions " element
Current log# 602 seq# 7315 mem# 0
Undo initialization finished
Archived Log entry 389 added for thread 1 sequence 5655
Thread 1 advanced to log sequence 432
RMAN-01008: the bad identifier was: PK_CUSTOMER_ACCOUNTS
Beginning log switch checkpoint up to RBA
PLS-00435: DML statement without BULK In-BIND cannot be used inside FORALL
Beginning log switch checkpoint up to RBA
Completed checkpoint up to RBA
Thread 1 advanced to log sequence 350
Archived Log entry 800 added for thread 1 sequence 4978
ORA-16723: setting AlternateLocation property conflicts with the redo transport setting
Starting background process VKTM
Beginning log switch checkpoint up to RBA
Thread 1 advanced to log sequence 151
Starting background process VKTM
Completed checkpoint up to RBA
ORA-13482: GeoRaster object is not initialized for the image
ARC0: Archival started
ARC0: Archival started
ORA-14803: partition bound may not be specified for hash subpartitioned tables
Beginning log switch checkpoint up to RBA
Undo initialization finished
Undo initialization finished
Undo initialization finished
DIA-48436: File [ _SYSSMU12$ ] does not exist
ARC0: Archival started
INS-41306: Invalid Oracle Cluster Registry (OCR) Locations.
Archived Log entry 289 added for thread 1 sequence 9325
Starting background process VKTM
ORA-14646: Specified alter table operation involving compression cannot be performed in the presence of usable bitmap indexes
Starting background process VKTM
Beginning log switch checkpoint up to RBA
Undo initialization finished
Current log# 499 seq# 1532 mem# 0
Undo initialization finished
ORA-48133: file descriptor has already been opened [ reporting_schema ] [ pg_toast_12345 ]
Thread 1 advanced to log sequence 490
Completed checkpoint up to RBA
PCB-00205: Cannot use PIC N or PIC G variable in PL/SQL when NLS_LOCAL=YES
Current log# 49 seq# 6442 mem# 0
ARC0: Archival started
Current log# 448 seq# 7035 mem# 0
ARC0: Archival started
Starting background process VKTM
NNO-00807: End of Fetch: OCI_NO_DATA
Errors in file /u01/app/oracle/diag/rdbms/ttprod/ttprod1/trace/ttprod1_ora_97404.trc
Completed checkpoint up to RBA
Archived Log entry 810 added for thread 1 sequence 3766
Archived Log entry 93 added for thread 1 sequence 9869
Completed checkpoint up to RBA
PLS-01701: Illegal syntax in ROLLBACK WORK statement
Archived Log entry 544 added for thread 1 sequence 3263
Starting background process VKTM
ORA-01186: file pg_toast_12345 failed verification tests
Beginning log switch checkpoint up to RBA
Beginning log switch checkpoint up to RBA
ORA-44316: invalid argument
Starting background process VKTM
Starting background process VKTM
ARC0: Archival started
Starting background process VKTM
ORA-32158: Invalid type passed
Errors in file /u01/app/oracle/diag/rdbms/ttprod/ttprod1/trace/ttprod1_ora_41304.trc
Beginning log switch checkpoint up to RBA
Current log# 772 seq# 8702 mem# 0
RMAN-06909: WARNING: parallelism require Enterprise Edition
ARC0: Archival started
Undo initialization finished
RMAN-08500: channel ttprod2 : SID= _SYSSMU12$ device type= INVOICE_LINES_IDX
Current log# 5 seq# 5645 mem# 0
Completed checkpoint up to RBA
Thread 1 advanced to log sequence 858
KUP-05009: Warning: Intra source concurrency disabled because the input data is in VARIABLE record format.
Starting background process VKTM
Beginning log switch checkpoint up to RBA
Current log# 569 seq# 7223 mem# 0
Archived Log entry 772 added for thread 1 sequence 1669
Completed checkpoint up to RBA
ORA-38139: concurrent DDL Error in load plans operation
Errors in file /u01/app/oracle/diag/rdbms/ttprod/ttprod1/trace/ttprod1_ora_18161.trc
Undo initialization finished
Undo initialization finished
Thread 1 advanced to log sequence 399
Thread 1 advanced to log sequence 331
Completed checkpoint up to RBA
LPX-01026: [XQDY0026] Processing instruction content contains '?>'
Errors in file /u01/app/oracle/diag/rdbms/ttprod/ttprod1/trace/ttprod1_ora_18573.trc
Archived Log entry 323 added for thread 1 sequence 7144
NZE-29187: unsupported validation mechanism
Current log# 891 seq# 3907 mem# 0
DRG-12800: Attribute NESTED_TYPE must have owner name as prefix
Undo initialization finished
Current log# 859 seq# 6397 mem# 0
Completed checkpoint up to RBA
ORA-09943: Allocation of memory for password list component failed.
Errors in file /u01/app/oracle/diag/rdbms/ttprod/ttprod1/trace/ttprod1_ora_97543.trc
Undo initialization finished
Undo initialization finished
Beginning log switch checkpoint up to RBA
Beginning log switch checkpoint up to RBA
ORA-32500: Dirname ' 3 ' cannot exceed ' TNS_ADMIN ' characters
Thread 1 advanced to log sequence 271
Starting background process VKTM
CRS-02564: Failed to relocate resource ' _SYSSMU12$ '. Will attempt to restore it on ' _SYSSMU12$ ' now.
ARC0: Archival started
Thread 1 advanced to log sequence 168
Beginning log switch checkpoint up to RBA
Undo initialization finished
ORA-42027: cannot redefine an object online that is not a table
Thread 1 advanced to log sequence 589
Current log# 764 seq# 8021 mem# 0
Starting background process VKTM
XOQ-01961: Object BILLING.CUST_ORDERS " SP2-0552 " cannot be dropped while it is still a dependency of PK_CUSTOMER_ACCOUNTS " reporting_schema ".
Current log# 307 seq# 7341 mem# 0
ORA-06021: NETASY: connect failed
ARC0: Archival started
Undo initialization finished
Starting background process VKTM
ORA-09263: spini: error initializing process
Errors in file /u01/app/oracle/diag/rdbms/ttprod/ttprod1/trace/ttprod1_ora_28259.trc
ARC0: Archival started
ORA-22141: given size [ CRM.CALL_DETAIL_RECORDS ] must be even in UTF-16 environment
Undo initialization finished
ARC0: Archival started
Archived Log entry 309 added for thread 1 sequence 3977
ORA-40273: invalid model type INVOICE_LINES_IDX for Adaptive Bayes Network algorithm
Errors in file /u01/app/oracle/diag/rdbms/ttprod/ttprod1/trace/ttprod1_ora_90327.trc
ARC0: Archival started
Undo initialization finished
Starting background process VKTM
SQL-02113: Unable to open message file
Errors in file /u01/app/oracle/diag/rdbms/ttprod/ttprod1/trace/ttprod1_ora_30981.trc
Starting background process VKTM
LPX-00409: incorrect token encountered while parsing
Current log# 340 seq# 3760 mem# 0
Starting background process VKTM
Current log# 891 seq# 5950 mem# 0
ORA-01675: max_commit_propagation_delay inconsistent with other instances
Beginning log switch checkpoint up to RBA
Thread 1 advanced to log sequence 60
Completed checkpoint up to RBA
Starting background process VKTM
ORA-32336: cannot use USING NO INDEX to create materialized view " idx_users_email "." large pool "
Beginning log switch checkpoint up to RBA
Archived Log entry 146 added for thread 1 sequence 5435
Beginning log switch checkpoint up to RBA
INS-01008: Copy failed as the destination file session_1123 already exists.
Thread 1 advanced to log sequence 159
Beginning log switch checkpoint up to RBA
Undo initialization finished
Undo initialization finished
Starting background process VKTM
PCC-00137: Invalid use of SQL cursor host variable
Starting background process VKTM
Starting background process VKTM
RMAN-06107: WARNING: control file is not current for REPORT NEED BACKUP DAYS
Errors in file /u01/app/oracle/diag/rdbms/ttprod/ttprod1/trace/ttprod1_ora_89984.trc
Starting background process VKTM
Completed checkpoint up to RBA
Starting background process VKTM
ORA-12476: least upper bound resulted in an invalid OS label
Errors in file /u01/app/oracle/diag/rdbms/ttprod/ttprod1/trace/ttprod1_ora_23196.trc
Current log# 820 seq# 2141 mem# 0
Completed checkpoint up to RBA
Thread 1 advanced to log sequence 188
Undo initialization finished
RMAN-08115: channel large pool : restoring SPFILE
Current log# 353 seq# 1450 mem# 0
Archived Log entry 813 added for thread 1 sequence 9953
Current log# 72 seq# 9364 mem# 0
Archived Log entry 547 added for thread 1 sequence 7336
Undo initialization finished
RMAN-06120: uncataloged archived log
Completed checkpoint up to RBA
ARC0: Archival started
Thread 1 advanced to log sequence 244
Current log# 850 seq# 4606 mem# 0
ORA-46250: Invalid value for argument ' pg_toast_12345 '
Thread 1 advanced to log sequence 602
Starting background process VKTM
Beginning log switch checkpoint up to RBA
Completed checkpoint up to RBA
INS-41809: Possible invalid choice for OSDBA Group.
Starting background process VKTM
Beginning log switch checkpoint up to RBA
Undo initialization finished
Current log# 69 seq# 4319 mem# 0
Beginning log switch checkpoint up to RBA
ORA-26080: file " 5000 " is not part of table USERS . USERS partition BILLING.CUST_ORDERS
ARC0: Archival started
Thread 1 advanced to log sequence 547
Thread 1 advanced to log sequence 868
Current log# 612 seq# 1624 mem# 0
Archived Log entry 280 added for thread 1 sequence 5678
CRS-00008: opened new file " SYSAUX " after close failure
Undo initialization finished
Starting background process VKTM
Archived Log entry 831 added for thread 1 sequence 8116
Undo initialization finished
ORA-46073: Cookie already in use by another session
Undo initialization finished
ORA-38737: Expected sequence number idx_users_email doesn't match ttprod2
Starting background process VKTM
Undo initialization finished
PGA-21108: cold start complete for local LU CRM.CALL_DETAIL_RECORDS
Starting background process VKTM
DRG-11517: error when validating text objects
Errors in file /u01/app/oracle/diag/rdbms/ttprod/ttprod1/trace/ttprod1_ora_86422.trc
Completed checkpoint up to RBA
Archived Log entry 159 added for thread 1 sequence 8011
Thread 1 advanced to log sequence 375
Thread 1 advanced to log sequence 148
ORA-23292: The constraint does not exist
ARC0: Archival started
ORA-32161: Cannot perform piecewise fetch
Completed checkpoint up to RBA
Completed checkpoint up to RBA
Completed checkpoint up to RBA
Current log# 326 seq# 9492 mem# 0
ORA-16269: PL/SQL procedure skipped due to failure on primary database
Undo initialization finished
RMAN-08610: channel large pool : restoring datafile idx_users_email to _SYSSMU12$
Beginning log switch checkpoint up to RBA
Undo initialization finished
ARC0: Archival started
Completed checkpoint up to RBA
Archived Log entry 274 added for thread 1 sequence 5801
PCC-00103: AT clause is an Oracle extension
Thread 1 advanced to log sequence 36
ORA-38744: file SP2-0552 is not the same file seen at start of flashback
Thread 1 advanced to log sequence 999
XOQ-00701: error compiling OLAP DML expression
Undo initialization finished
Completed checkpoint up to RBA
ORA-00370: potential deadlock during kcbchange operation
Thread 1 advanced to log sequence 379
Undo initialization finished
Completed checkpoint up to RBA
DRG-11820: Unauthorized
Beginning log switch checkpoint up to RBA
Undo initialization finished
PCB-00203: Nested group item " INVOICE_LINES_IDX " not supported
ARC0: Archival started
Completed checkpoint up to RBA
Current log# 219 seq# 7354 mem# 0
PRKO-00375: No option was specified for the GNS "modify" command.
Beginning log switch checkpoint up to RBA
Archived Log entry 274 added for thread 1 sequence 6059
Undo initialization finished
DRG-10835: WITHIN operator not supported for theme index
Thread 1 advanced to log sequence 109
RMAN-06750: SPFILE cannot be backed up by proxy.
Errors in file /u01/app/oracle/diag/rdbms/ttprod/ttprod1/trace/ttprod1_ora_34850.trc
Thread 1 advanced to log sequence 855
Beginning log switch checkpoint up to RBA
Starting background process VKTM
Current log# 813 seq# 6974 mem# 0
Completed checkpoint up to RBA
ORA-09853: snyRemovePort: bad return code from request.
Undo initialization finished
Current log# 273 seq# 3736 mem# 0
Current log# 107 seq# 7270 mem# 0
IMG-00843: internal image structure allocation failed
Archived Log entry 976 added for thread 1 sequence 1804
RMAN-06800: found ineligible base catalog owned by reporting_schema
Errors in file /u01/app/oracle/diag/rdbms/ttprod/ttprod1/trace/ttprod1_ora_11313.trc
Current log# 132 seq# 8122 mem# 0
ARC0: Archival started
Starting background process VKTM
Archived Log entry 18 added for thread 1 sequence 9536
DGM-16979: Unable to log on to the primary or standby database as SYSDBA
Thread 1 advanced to log sequence 627
Thread 1 advanced to log sequence 471
ARC0: Archival started
Current log# 714 seq# 9026 mem# 0
RMAN-06463: Backup set key 17 cannot be backed up by proxy.
Errors in file /u01/app/oracle/diag/rdbms/ttprod/ttprod1/trace/ttprod1_ora_16271.trc
Thread 1 advanced to log sequence 236
Current log# 567 seq# 6904 mem# 0
UDE-00019: ' PK_CUSTOMER_ACCOUNTS ' parameter list is too long.
Current log# 647 seq# 9607 mem# 0
Beginning log switch checkpoint up to RBA
Thread 1 advanced to log sequence 249
Undo initialization finished
Beginning log switch checkpoint up to RBA
ORA-15271: failgroup INVOICE_LINES_IDX is a quorum failgroup
Archived Log entry 664 added for thread 1 sequence 6225
Starting background process VKTM
Starting background process VKTM
Beginning log switch checkpoint up to RBA
ARC0: Archival started
LFI-01003: Unable to read SP2-0552 bytes from file.
Thread 1 advanced to log sequence 471
Starting background process VKTM
Completed checkpoint up to RBA
Current log# 336 seq# 7574 mem# 0
ORA-21613: key does not exist
Completed checkpoint up to RBA
Completed checkpoint up to RBA
Thread 1 advanced to log sequence 719
ORA-40321: invalid bin number, is zero or negative value
Beginning log switch checkpoint up to RBA
Current log# 281 seq# 3952 mem# 0
Thread 1 advanced to log sequence 629
RMAN-07530: Reason: This file type is not requested for cataloging
Beginning log switch checkpoint up to RBA
Beginning log switch checkpoint up to RBA
Thread 1 advanced to log sequence 564
Starting background process VKTM
ORA-47956: Oracle Data Pump authorization for Oracle Database Vault to SP2-0552 on schema 1024 is not found
Thread 1 advanced to log sequence 865
Archived Log entry 352 added for thread 1 sequence 3555
ARC0: Archival started
RMAN-06601: new RMAN configuration parameters:
Undo initialization finished
Undo initialization finished
Beginning log switch checkpoint up to RBA
ORA-38451: index is in an inconsistent state
Errors in file /u01/app/oracle/diag/rdbms/ttprod/ttprod1/trace/ttprod1_ora_75900.trc
ARC0: Archival started
Starting background process VKTM
Current log# 871 seq# 1849 mem# 0
ORA-29746: Cluster Synchronization Service is being shut down.
Thread 1 advanced to log sequence 153
Beginning log switch checkpoint up to RBA
Undo initialization finished
Archived Log entry 996 added for thread 1 sequence 1156
Starting background process VKTM
ORA-15564: contents of the replay directory provided to the workload replay client do not match with the replay directory provided to the database server
Archived Log entry 117 added for thread 1 sequence 8596
Starting background process VKTM
Archived Log entry 943 added for thread 1 sequence 3510
Archived Log entry 957 added for thread 1 sequence 7911
Beginning log switch checkpoint up to RBA
ORA-29386: plan or consumer group APP_USER42 is mandatory and cannot be deleted or modified
Undo initialization finished
Archived Log entry 963 added for thread 1 sequence 7556
ARC0: Archival started
ORA-12449: Labels specified for user must be of type USER
Thread 1 advanced to log sequence 996
Undo initialization finished
Undo initialization finished
RMAN-08580: channel pg_toast_12345 : starting datafile copy
Current log# 553 seq# 3093 mem# 0
Starting background process VKTM
Undo initialization finished
Beginning log switch checkpoint up to RBA
ORA-40261: input data for model build contains negative values
Errors in file /u01/app/oracle/diag/rdbms/ttprod/ttprod1/trace/ttprod1_ora_75384.trc
Archived Log entry 566 added for thread 1 sequence 9366
Completed checkpoint up to RBA
ORA-26913: must connect to instance NETWORK_OPS.SIM_INVENTORY where APP_USER42 CRM.CALL_DETAIL_RECORDS server " _SYSSMU7$ " is running
Completed checkpoint up to RBA
Archived Log entry 481 added for thread 1 sequence 6284
Thread 1 advanced to log sequence 676
Starting background process VKTM
ORA-02092: out of transaction table slots for distributed transaction
ARC0: Archival started
RMAN-06510: RMAN retention policy is set to recovery window of number days
Undo initialization finished
Starting background process VKTM
Starting background process VKTM
Starting background process VKTM
Undo initialization finished
ORA-06515: PL/SQL: unhandled exception shared pool
Beginning log switch checkpoint up to RBA
Undo initialization finished
NNC-00400: memory exhausted
ARC0: Archival started
Archived Log entry 468 added for thread 1 sequence 9315
Current log# 410 seq# 7427 mem# 0
Undo initialization finished
DRG-11117: name is already used by an existing object
Archived Log entry 223 added for thread 1 sequence 6857
Completed checkpoint up to RBA
ARC0: Archival started
DIA-51303: illegal check mask value specified
Thread 1 advanced to log sequence 195
Starting background process VKTM
Archived Log entry 392 added for thread 1 sequence 7586
Undo initialization finished
PCC-02457: Unable to open Outline LOG file
ARC0: Archival started
Beginning log switch checkpoint up to RBA
Current log# 878 seq# 8574 mem# 0
Archived Log entry 467 added for thread 1 sequence 9207
Archived Log entry 679 added for thread 1 sequence 3544
ORA-27193: sbtinfo2 did not return volume label
Errors in file /u01/app/oracle/diag/rdbms/ttprod/ttprod1/trace/ttprod1_ora_44819.trc
Archived Log entry 458 added for thread 1 sequence 2500
Current log# 153 seq# 7148 mem# 0
Beginning log switch checkpoint up to RBA
Undo initialization finished
ARC0: Archival started
RMAN-08109: channel 42 : restored block(s) from backup piece pg_toast_12345
Completed checkpoint up to RBA
Completed checkpoint up to RBA
Undo initialization finished
Thread 1 advanced to log sequence 333
Thread 1 advanced to log sequence 796
ORA-30484: missing window specification for this function
ARC0: Archival started
Archived Log entry 787 added for thread 1 sequence 4532
Undo initialization finished
Beginning log switch checkpoint up to RBA
Undo initialization finished
ORA-26032: index SYSAUX . app_db loading aborted after INVOICE_LINES_IDX keys
Completed checkpoint up to RBA
Beginning log switch checkpoint up to RBA
Current log# 638 seq# 2552 mem# 0
TNS-04050: Invalid specification for gateway ID.
Completed checkpoint up to RBA
RDE-00017: provider error.
Completed checkpoint up to RBA
Archived Log entry 821 added for thread 1 sequence 5276
Beginning log switch checkpoint up to RBA
Beginning log switch checkpoint up to RBA
INS-00001: Unknown irrecoverable error
Beginning log switch checkpoint up to RBA
Thread 1 advanced to log sequence 986
Undo initialization finished
Current log# 166 seq# 4120 mem# 0
ORA-13026: unknown element type for element fk_order_customer . 5000 . 1024
Completed checkpoint up to RBA
Completed checkpoint up to RBA
Completed checkpoint up to RBA
ARC0: Archival started
PGU-41110: field name session_1123 appears multiple times in data definition INVOICE_LINES_IDX
Beginning log switch checkpoint up to RBA
Undo initialization finished
Undo initialization finished
RMAN-08143: including current control file for validation
Completed checkpoint up to RBA
Starting background process VKTM
QSM-00514: the size of must-retain summaries exceeds specified space limit
Beginning log switch checkpoint up to RBA
Thread 1 advanced to log sequence 481
ORA-30512: cannot modify fk_order_customer . INVOICE_LINES_IDX more than once in a transaction
Starting background process VKTM
Completed checkpoint up to RBA
ARC0: Archival started
Thread 1 advanced to log sequence 920
Beginning log switch checkpoint up to RBA
INS-35359: Only one node is selected for database creation.
Starting background process VKTM
Beginning log switch checkpoint up to RBA
Completed checkpoint up to RBA
Starting background process VKTM
Current log# 381 seq# 4367 mem# 0
RMAN-06903: backup of datafile session_1123 was cancelled
Current log# 783 seq# 5326 mem# 0
Completed checkpoint up to RBA
ARC0: Archival started
TNS-00142: Community mismatch in TNSNAV.ORA
Current log# 974 seq# 8779 mem# 0
RMAN-06215: List of objects that must perform same operation at other database
Completed checkpoint up to RBA
OCI-31114: XDB configuration has been deleted or is corrupted
ARC0: Archival started
ORA-22307: operation must be on a user-defined type
ARC0: Archival started
Thread 1 advanced to log sequence 303
Thread 1 advanced to log sequence 620
Starting background process VKTM
Archived Log entry 381 added for thread 1 sequence 7946
ORA-15496: volume size is greater than the maximum of 1024 T
Thread 1 advanced to log sequence 634
Starting background process VKTM
TNS-00112: Failed to find configuration file name
Undo initialization finished
ORA-01483: invalid length for DATE or NUMBER bind variable
Completed checkpoint up to RBA
Beginning log switch checkpoint up to RBA
Thread 1 advanced to log sequence 987
Archived Log entry 509 added for thread 1 sequence 4818
ARC0: Archival started
ORA-53210: unable to read empty DICOM object
Beginning log switch checkpoint up to RBA
ORA-29270: too many open HTTP requests
Undo initialization finished
Thread 1 advanced to log sequence 874
Current log# 442 seq# 4096 mem# 0
ORA-48510: Can not export an in memory relation
Beginning log switch checkpoint up to RBA
Undo initialization finished
ORA-53802: cannot perform conformance validation because recursion level exceeds MAX_RECURSION_DEPTH
Completed checkpoint up to RBA
Completed checkpoint up to RBA
ORA-39700: database must be opened with UPGRADE option
Archived Log entry 411 added for thread 1 sequence 6653
Archived Log entry 535 added for thread 1 sequence 5967
Archived Log entry 955 added for thread 1 sequence 8482
Current log# 715 seq# 8028 mem# 0
Thread 1 advanced to log sequence 39
ORA-14269: cannot exchange partition other than a Range,List,System, or Hash partition
Undo initialization finished
Beginning log switch checkpoint up to RBA
Completed checkpoint up to RBA
Starting background process VKTM
CRS-02754: Unable to change locks for a running operation ' pk_orders '. Details at UNDOTBS1 in reporting_schema .
Starting background process VKTM
Completed checkpoint up to RBA
Current log# 809 seq# 6779 mem# 0
Thread 1 advanced to log sequence 217
Archived Log entry 630 added for thread 1 sequence 9412
RMAN-06052: no parent backup or copy of datafile number found
Errors in file /u01/app/oracle/diag/rdbms/ttprod/ttprod1/trace/ttprod1_ora_52217.trc
Archived Log entry 372 added for thread 1 sequence 6678
Current log# 357 seq# 8752 mem# 0
Archived Log entry 218 added for thread 1 sequence 5603
RMAN-08131: channel CDR_STAGING : specifying datafile copies to recover
Archived Log entry 603 added for thread 1 sequence 8097
Undo initialization finished
Undo initialization finished
ARC0: Archival started
Undo initialization finished
RMAN-08023: channel session_1123 : restored backup piece fk_order_customer
Undo initialization finished
ARC0: Archival started
NNO-00070: administrative region has changed, reloading domain data
Starting background process VKTM
ARC0: Archival started
Thread 1 advanced to log sequence 249
Thread 1 advanced to log sequence 376
Starting background process VKTM
ORA-39790: Attribute " UNDOTBS1 " specified multiple times for column SYSAUX .
Errors in file /u01/app/oracle/diag/rdbms/ttprod/ttprod1/trace/ttprod1_ora_46125.trc
Starting background process VKTM
ARC0: Archival started
ARC0: Archival started
TNS-00124: Internal error - Unable to create empty address
Starting background process VKTM
Current log# 895 seq# 7756 mem# 0
Undo initialization finished
ORA-01401: inserted value too large for column
Beginning log switch checkpoint up to RBA
Thread 1 advanced to log sequence 914
Thread 1 advanced to log sequence 279
CRS-00273: This command is deprecated and has been replaced by ' pk_orders '
Current log# 950 seq# 3768 mem# 0
Archived Log entry 960 added for thread 1 sequence 7385
Completed checkpoint up to RBA
ARC0: Archival started
Starting background process VKTM
PRVF-07700: Path for fixup root directory is either null or is an empty ttstandby01
Starting background process VKTM
PRCR-01122: Resource type {0} is not registered with Oracle Clusterware
Archived Log entry 606 added for thread 1 sequence 5025
Thread 1 advanced to log sequence 983
CRS-02591: A server pool name may not be empty or contain spaces
Errors in file /u01/app/oracle/diag/rdbms/ttprod/ttprod1/trace/ttprod1_ora_54379.trc
Completed checkpoint up to RBA
Archived Log entry 81 added for thread 1 sequence 3546
Current log# 710 seq# 4540 mem# 0
ORA-09260: sigpidu: error obtaining process id
Archived Log entry 415 added for thread 1 sequence 4226
Starting background process VKTM
Archived Log entry 259 added for thread 1 sequence 4482
Beginning log switch checkpoint up to RBA
ARC0: Archival started
ORA-12658: ANO service required but TNS version is incompatible
Current log# 968 seq# 6616 mem# 0
ORA-27168: Translation from hostname to network address failed
Errors in file /u01/app/oracle/diag/rdbms/ttprod/ttprod1/trace/ttprod1_ora_75027.trc
ARC0: Archival started
Current log# 696 seq# 1977 mem# 0
Current log# 982 seq# 4308 mem# 0
PRKO-03132: -i option or -n option is required for checking the status of an instance of database {0}
Errors in file /u01/app/oracle/diag/rdbms/ttprod/ttprod1/trace/ttprod1_ora_13583.trc
Undo initialization finished
ORA-36635: (XSDUNION03) The base dimension workspace object has an invalid datatype for use in a UNIQUE concat definition.
Undo initialization finished
Completed checkpoint up to RBA
Archived Log entry 381 added for thread 1 sequence 3655
ORA-31423: change table PK_CUSTOMER_ACCOUNTS does not contain column 17
Errors in file /u01/app/oracle/diag/rdbms/ttprod/ttprod1/trace/ttprod1_ora_81005.trc
Undo initialization finished
Starting background process VKTM
RMAN-06176: no recovery required; all files are read only or offline
Completed checkpoint up to RBA
Beginning log switch checkpoint up to RBA
ORA-38823: Crossedition triggers are not allowed to exist when dropping the root edition
Undo initialization finished
Undo initialization finished
Completed checkpoint up to RBA
ARC0: Archival started
Completed checkpoint up to RBA
ORA-19638: file pk_orders is not current enough to apply this incremental backup
Errors in file /u01/app/oracle/diag/rdbms/ttprod/ttprod1/trace/ttprod1_ora_18261.trc
Starting background process VKTM
Undo initialization finished
Undo initialization finished
PRKO-00377: The "-{0}" option requires the specification of either the "-{1}" or the "-{2}" option.
Errors in file /u01/app/oracle/diag/rdbms/ttprod/ttprod1/trace/ttprod1_ora_78691.trc
Thread 1 advanced to log sequence 456
Undo initialization finished
Current log# 740 seq# 6326 mem# 0
Undo initialization finished
ORA-01683: unable to extend index 17 . DATA_TS01 partition reporting_schema by DATA_TS01 in tablespace UNDOTBS1
Errors in file /u01/app/oracle/diag/rdbms/ttprod/ttprod1/trace/ttprod1_ora_38465.trc
Starting background process VKTM
ARC0: Archival started
ARC0: Archival started
RMAN-06064: creating datafile file number= fk_order_customer name= INVOICE_LINES_IDX
Current log# 621 seq# 7067 mem# 0
Starting background process VKTM
Starting background process VKTM
PCC-02355: Invalid or obsolete option, ignored
Completed checkpoint up to RBA
Thread 1 advanced to log sequence 395
Starting background process VKTM
Archived Log entry 379 added for thread 1 sequence 1783
Starting background process VKTM
RMAN-05549: The following SYS objects were found in skipped tablespaces
Completed checkpoint up to RBA
Undo initialization finished
ARC0: Archival started
Undo initialization finished
PRVF-09806: Failed to get storage attributes to compare udev attributes against, udev attributes check aborted
Starting background process VKTM
RMAN-08019: channel 17 : restoring datafile reporting_schema
Current log# 207 seq# 2851 mem# 0
Starting background process VKTM
ORA-01490: invalid ANALYZE command
Starting background process VKTM
Undo initialization finished
Undo initialization finished
ARC0: Archival started
ORA-19657: cannot inspect current datafile DATA_TS01
Errors in file /u01/app/oracle/diag/rdbms/ttprod/ttprod1/trace/ttprod1_ora_12694.trc
Starting background process VKTM
Completed checkpoint up to RBA
Starting background process VKTM
Thread 1 advanced to log sequence 866
Thread 1 advanced to log sequence 346
NNO-00259: configuration tables have not been installed or are inaccessible
Undo initialization finished
PCC-02023: Found end of file while scanning a PL/SQL statement
Completed checkpoint up to RBA
Current log# 444 seq# 8389 mem# 0
Archived Log entry 847 added for thread 1 sequence 5422
Beginning log switch checkpoint up to RBA
Current log# 572 seq# 7911 mem# 0
PRKO-02148: Option '-n' must be supplied when running 'srvctl relocate database' for administrator managed RAC One Node database
Thread 1 advanced to log sequence 87
Undo initialization finished
IMG-00530: internal error while parsing command
Errors in file /u01/app/oracle/diag/rdbms/ttprod/ttprod1/trace/ttprod1_ora_68717.trc
ARC0: Archival started
ORA-30768: Cannot evaluate pipelined function
Errors in file /u01/app/oracle/diag/rdbms/ttprod/ttprod1/trace/ttprod1_ora_11757.trc
Thread 1 advanced to log sequence 561
ORA-08440: raw buffer is too short to hold converted data
Starting background process VKTM
ORA-39036: invalid metadata filter name fk_order_customer
Errors in file /u01/app/oracle/diag/rdbms/ttprod/ttprod1/trace/ttprod1_ora_73068.trc
Current log# 812 seq# 8849 mem# 0
Starting background process VKTM
ORA-55457: predicate not found in model
Errors in file /u01/app/oracle/diag/rdbms/ttprod/ttprod1/trace/ttprod1_ora_33307.trc
Current log# 898 seq# 5129 mem# 0
ORA-16246: User initiated abort apply successfully completed
Beginning log switch checkpoint up to RBA
Starting background process VKTM
ARC0: Archival started
Current log# 310 seq# 6469 mem# 0
RMAN-05510: Duplicate finished
Starting background process VKTM
Beginning log switch checkpoint up to RBA
Archived Log entry 877 added for thread 1 sequence 4078
Current log# 168 seq# 5226 mem# 0
Starting background process VKTM
RMAN-08605: channel UNDOTBS1 : SID= large pool instance= /u01/app/oracle/oradata/ttprod/users01.dbf device type= 5000
Beginning log switch checkpoint up to RBA
Archived Log entry 486 added for thread 1 sequence 9291
Current log# 93 seq# 4310 mem# 0
ORA-28407: Hardware Security Module error detected
Starting background process VKTM
Starting background process VKTM
Completed checkpoint up to RBA
PGU-35007: failure to fetch for cursor ttprod2 statement 42 : rc idx_users_email
Current log# 782 seq# 6863 mem# 0
ORA-16240: Waiting for log file (thread# USERS , sequence# UNDOTBS1 )
Errors in file /u01/app/oracle/diag/rdbms/ttprod/ttprod1/trace/ttprod1_ora_77670.trc
ARC0: Archival started
ARC0: Archival started
RMAN-06085: must use SET NEWNAME command to restore datafile session_1123
Undo initialization finished
ORA-31535: cannot support change source _SYSSMU12$ in this configuration
Archived Log entry 147 added for thread 1 sequence 9859
Starting background process VKTM
Beginning log switch checkpoint up to RBA
ORA-31625: Schema ttprod1 is needed to import this object, but is unaccessible
Archived Log entry 414 added for thread 1 sequence 8810
ARC0: Archival started
Thread 1 advanced to log sequence 343
Undo initialization finished
Beginning log switch checkpoint up to RBA
RMAN-08617: validation failed for foreign archived log
Errors in file /u01/app/oracle/diag/rdbms/ttprod/ttprod1/trace/ttprod1_ora_26720.trc
Archived Log entry 717 added for thread 1 sequence 7378
ORA-15040: diskgroup is incomplete
Beginning log switch checkpoint up to RBA
Completed checkpoint up to RBA
Completed checkpoint up to RBA
ARC0: Archival started
TNS-12625: TNS:missing argument
Errors in file /u01/app/oracle/diag/rdbms/ttprod/ttprod1/trace/ttprod1_ora_36499.trc
Thread 1 advanced to log sequence 580
Beginning log switch checkpoint up to RBA
ORA-40306: dm_nested types not supported by this algorithm
Starting background process VKTM
ARC0: Archival started
OCI-31001: Invalid resource handle or path name " UNDOTBS1 "
Current log# 373 seq# 3441 mem# 0
Archived Log entry 416 added for thread 1 sequence 9946
Starting background process VKTM
ORA-31422: owner schema /u01/app/oracle/oradata/ttprod/users01.dbf does not exist
Errors in file /u01/app/oracle/diag/rdbms/ttprod/ttprod1/trace/ttprod1_ora_61881.trc
Starting background process VKTM
Undo initialization finished
Starting background process VKTM
Completed checkpoint up to RBA
Archived Log entry 30 added for thread 1 sequence 4792
PRKN-01039: Failed to create directory "{0}" on node "{1}"
Beginning log switch checkpoint up to RBA
ARC0: Archival started
Archived Log entry 274 added for thread 1 sequence 7802
ARC0: Archival started
NNO-00604: disabling all request processing
Beginning log switch checkpoint up to RBA
Thread 1 advanced to log sequence 899
Beginning log switch checkpoint up to RBA
Thread 1 advanced to log sequence 678
ORA-30181: integer in argument index is not immediately followed by )
Undo initialization finished
ARC0: Archival started
ORA-14652: reference partitioning foreign key is not supported
Errors in file /u01/app/oracle/diag/rdbms/ttprod/ttprod1/trace/ttprod1_ora_82485.trc
Archived Log entry 585 added for thread 1 sequence 4127
Current log# 14 seq# 1859 mem# 0
ARC0: Archival started
Completed checkpoint up to RBA
TNS-01418: Proxy service " USERS " has number instance(s).
Archived Log entry 43 added for thread 1 sequence 6062
ARC0: Archival started
Starting background process VKTM
ARC0: Archival started
ARC0: Archival started
INS-32055: The Central Inventory is located in the Oracle base.
ARC0: Archival started
ORA-01092: ORACLE instance terminated. Disconnection forced
Undo initialization finished
Archived Log entry 609 added for thread 1 sequence 9581
Starting background process VKTM
NID-00436: Modify parameter file and generate a new password file before restarting.
Errors in file /u01/app/oracle/diag/rdbms/ttprod/ttprod1/trace/ttprod1_ora_60002.trc
ARC0: Archival started
Current log# 151 seq# 9631 mem# 0
ARC0: Archival started
ORA-01488: invalid nibble or byte in the input data
Thread 1 advanced to log sequence 430
Beginning log switch checkpoint up to RBA
Thread 1 advanced to log sequence 58
ARC0: Archival started
Starting background process VKTM
RMAN-07502: List of Files Unknown to the Database
ARC0: Archival started
EXP-00006: internal inconsistency error
Thread 1 advanced to log sequence 785
Starting background process VKTM
CRS-01604: CSSD voting file is offline: APP_USER42 ; details at ttprod1 in /u01/app/oracle/oradata/ttprod/users01.dbf .
Undo initialization finished
RMAN-06215: List of objects that must perform same operation at other database
Current log# 50 seq# 5858 mem# 0
ORA-38460: filtering based on datatype " _SYSSMU7$ " not supported for XML Tags
Thread 1 advanced to log sequence 847
Archived Log entry 358 added for thread 1 sequence 2165
Archived Log entry 19 added for thread 1 sequence 7358
RMAN-07526: Reason: File is not an Oracle Managed File
Completed checkpoint up to RBA
ARC0: Archival started
QSM-01051: no support for rollup when a window function is present on the column
Archived Log entry 532 added for thread 1 sequence 7779
Current log# 314 seq# 7064 mem# 0
ORA-19552: device type APP_USER42 is invalid
Completed checkpoint up to RBA
Completed checkpoint up to RBA
Current log# 767 seq# 4799 mem# 0
NNO-00150: warning: invalid hint list, no hints loaded
Starting background process VKTM
PLS-01402: Use of quoted identifier
Archived Log entry 38 added for thread 1 sequence 4818
Starting background process VKTM
Completed checkpoint up to RBA
DRG-13100: index is not partitioned
Errors in file /u01/app/oracle/diag/rdbms/ttprod/ttprod1/trace/ttprod1_ora_74603.trc
Archived Log entry 270 added for thread 1 sequence 8887
Completed checkpoint up to RBA
Current log# 115 seq# 9243 mem# 0
ORA-14009: partition bound may not be specified for a LOCAL index partition
Starting background process VKTM
ORA-27625: Exadata configuration failed.
Completed checkpoint up to RBA
XOQ-01720: Calculated members in hierarchy "%(1)" cannot be organized.
Archived Log entry 9 added for thread 1 sequence 5897
Undo initialization finished
RMAN-08537: channel 42 : skipped, AUTOBACKUP already found
Beginning log switch checkpoint up to RBA
Archived Log entry 556 added for thread 1 sequence 2122
Archived Log entry 521 added for thread 1 sequence 2304
Completed checkpoint up to RBA
Current log# 962 seq# 6712 mem# 0
QSM-02003: aggregate function nested within an expression
Archived Log entry 446 added for thread 1 sequence 4607
ORA-64118: XMLIndex Exchange Partition: incompatible unstructured components
Starting background process VKTM
ORA-34805: (OCI13) Statement number must have at least one host variable.
Beginning log switch checkpoint up to RBA
Starting background process VKTM
Thread 1 advanced to log sequence 808
ARC0: Archival started
Archived Log entry 115 added for thread 1 sequence 8295
ORA-47002: error creating Factor Type UNDOTBS1 , /u01/app/oracle/oradata/ttprod/users01.dbf
Errors in file /u01/app/oracle/diag/rdbms/ttprod/ttprod1/trace/ttprod1_ora_74261.trc
ARC0: Archival started
ARC0: Archival started
Thread 1 advanced to log sequence 5
Beginning log switch checkpoint up to RBA
ORA-26011: Cannot load type 42 into column pk_orders in table TNS_ADMIN
Beginning log switch checkpoint up to RBA
RMAN-08045: channel _SYSSMU12$ : finished piece 5000 at SP2-0552 with APP_USER42 copies
Errors in file /u01/app/oracle/diag/rdbms/ttprod/ttprod1/trace/ttprod1_ora_84541.trc
Beginning log switch checkpoint up to RBA
Thread 1 advanced to log sequence 266
Completed checkpoint up to RBA
CLST-02504: failure TNS_ADMIN writing configuration to disk
Thread 1 advanced to log sequence 350
DRG-50933: parser hash insert failure
ARC0: Archival started
Completed checkpoint up to RBA
Archived Log entry 199 added for thread 1 sequence 2297
ORA-01322: No such table
ARC0: Archival started
Beginning log switch checkpoint up to RBA
Archived Log entry 893 added for thread 1 sequence 4997
ORA-15482: failed to create/remove device file for volume 17 on diskgroup 3
Starting background process VKTM
ORA-01523: cannot rename data file to ' user_sessions ' - file already part of database
Current log# 630 seq# 9395 mem# 0
ARC0: Archival started
ORA-54036: cannot define referential constraint with ON DELETE SET NULL clause on virtual column
Archived Log entry 984 added for thread 1 sequence 5193
Completed checkpoint up to RBA
Undo initialization finished
Completed checkpoint up to RBA
ORA-28665: table and partition must have same compression attribute
Thread 1 advanced to log sequence 572
Beginning log switch checkpoint up to RBA
Starting background process VKTM
Completed checkpoint up to RBA
RMAN-20504: corruption list not found in recovery catalog
Errors in file /u01/app/oracle/diag/rdbms/ttprod/ttprod1/trace/ttprod1_ora_91979.trc
Beginning log switch checkpoint up to RBA
EXP-00041: INCTYPE parameter is obsolete
ARC0: Archival started
NID-00402: Must finish change or REVERT changes before attempting any database operation.
Errors in file /u01/app/oracle/diag/rdbms/ttprod/ttprod1/trace/ttprod1_ora_15061.trc
Current log# 257 seq# 9548 mem# 0
Current log# 956 seq# 9901 mem# 0
Current log# 193 seq# 5729 mem# 0
Undo initialization finished
Archived Log entry 130 added for thread 1 sequence 5932
ORA-30082: datetime/interval column to be modified must be empty to decrease fractional second or leading field precision
Starting background process VKTM
Undo initialization finished
Current log# 225 seq# 7281 mem# 0
ORA-46105: Unable to load security class TNS_ADMIN
Undo initialization finished
PRCD-01211: Cannot start RAC One Node database {0} because a failure has occurred while trying to clean up an earlier failed online relocation
Beginning log switch checkpoint up to RBA
Completed checkpoint up to RBA
Beginning log switch checkpoint up to RBA
ORA-30743: " UNDOTBS1 " is not an object view
Current log# 557 seq# 1310 mem# 0
QSM-03119: The WHERE/HAVING clause is too complex for general query rewrite
Starting background process VKTM
Undo initialization finished
Thread 1 advanced to log sequence 369
Beginning log switch checkpoint up to RBA
PCC-00112: Datatype not supported by ANSI
Undo initialization finished
Starting background process VKTM
Archived Log entry 484 added for thread 1 sequence 6479
NID-00505: REVERT Revert failed change NO
ARC0: Archival started
Archived Log entry 858 added for thread 1 sequence 3084
ARC0: Archival started
Thread 1 advanced to log sequence 561
Archived Log entry 189 added for thread 1 sequence 8246
PRVF-07723: Fixup cannot be generated for setting soft limit for resource "{0}" on node "{1}"
ARC0: Archival started
Beginning log switch checkpoint up to RBA
Starting background process VKTM
Undo initialization finished
ORA-48100: error encountered when attempting to open a file
Undo initialization finished
ORA-23456: flavor 3 does not contain " large pool "
Errors in file /u01/app/oracle/diag/rdbms/ttprod/ttprod1/trace/ttprod1_ora_10938.trc
Thread 1 advanced to log sequence 697
ARC0: Archival started
Starting background process VKTM
Starting background process VKTM
ORA-24352: invalid COBOL display type passed into OCI call
Beginning log switch checkpoint up to RBA
Thread 1 advanced to log sequence 839
Archived Log entry 858 added for thread 1 sequence 3490
Completed checkpoint up to RBA
ARC0: Archival started
RMAN-05034: Recovery must be done beyond SCN USERS to clear datafile fuzziness
Current log# 320 seq# 7216 mem# 0
Starting background process VKTM
DRG-11308: unsupported column expression session_1123
Starting background process VKTM
Thread 1 advanced to log sequence 392
ARC0: Archival started
Archived Log entry 877 added for thread 1 sequence 6639
Starting background process VKTM
PCB-00318: ARRAYLEN is an Oracle extension
Beginning log switch checkpoint up to RBA
NNL-00834: Slowest delete processing time: pg_toast_12345
Errors in file /u01/app/oracle/diag/rdbms/ttprod/ttprod1/trace/ttprod1_ora_66264.trc
Current log# 588 seq# 1755 mem# 0
Beginning log switch checkpoint up to RBA
PRVF-05232: The GNS subdomain qualified host name "{0}" was resolved into an IP address
Completed checkpoint up to RBA
Archived Log entry 475 added for thread 1 sequence 4303
ARC0: Archival started
ARC0: Archival started
ORA-13362: disjoint sub-element in a compound polygon
Starting background process VKTM
Beginning log switch checkpoint up to RBA
ARC0: Archival started
ORA-16625: cannot reach database " 3 "
Completed checkpoint up to RBA
Undo initialization finished
DRG-11350: FORWARD INDEX does not exist for this index
Errors in file /u01/app/oracle/diag/rdbms/ttprod/ttprod1/trace/ttprod1_ora_30815.trc
Thread 1 advanced to log sequence 589
Starting background process VKTM
Thread 1 advanced to log sequence 293
ORA-24043: destination CRM.CALL_DETAIL_RECORDS uses a reserved name, names with AQ$_ prefix are not valid
Starting background process VKTM
Starting background process VKTM
Beginning log switch checkpoint up to RBA
ORA-41701: conditions table with a rule class association cannot be truncated or dropped
Archived Log entry 888 added for thread 1 sequence 2917
RMAN-08614: channel session_1123 : errors found reading piece handle= _SYSSMU7$
Current log# 88 seq# 8242 mem# 0
Beginning log switch checkpoint up to RBA
Undo initialization finished
RMAN-06541: Tablespace fk_order_customer will be included in future whole database backups
Undo initialization finished
Beginning log switch checkpoint up to RBA
Completed checkpoint up to RBA
Current log# 979 seq# 6719 mem# 0
ORA-55457: predicate not found in model
Starting background process VKTM
ORA-25306: Cannot connect to buffered queue's owner instance
Beginning log switch checkpoint up to RBA
Current log# 66 seq# 9873 mem# 0
Current log# 734 seq# 6361 mem# 0
Archived Log entry 703 added for thread 1 sequence 2868
NNO-00252: invalid administrative region parameter fk_order_customer value " INVOICE_LINES_IDX "
Starting background process VKTM
Starting background process VKTM
Starting background process VKTM
Archived Log entry 439 added for thread 1 sequence 3952
PRVF-05217: An error occurred while trying to look up IP address for "{0}"
Thread 1 advanced to log sequence 676
Undo initialization finished
RMAN-06177: restore not done; all files read only, offline, or already restored
Thread 1 advanced to log sequence 184
RMAN-06767: Tablespace UNDOTBS1 will default to database encryption configuration
Errors in file /u01/app/oracle/diag/rdbms/ttprod/ttprod1/trace/ttprod1_ora_70917.trc
ARC0: Archival started
Completed checkpoint up to RBA
Current log# 907 seq# 1394 mem# 0
PCC-00056: FOR clause not allowed on SELECT statement at line number in file shared pool .
Completed checkpoint up to RBA
Archived Log entry 438 added for thread 1 sequence 4578
ORA-44322: invalid file name ' _SYSSMU12$ '
Errors in file /u01/app/oracle/diag/rdbms/ttprod/ttprod1/trace/ttprod1_ora_84543.trc
Beginning log switch checkpoint up to RBA
Current log# 987 seq# 8322 mem# 0
ORA-23648: Capture user_sessions is for Change Data Capture
ARC0: Archival started
Archived Log entry 544 added for thread 1 sequence 8610
DIA-48199: OS command to copy a file failed
Starting background process VKTM
Archived Log entry 945 added for thread 1 sequence 3165
Beginning log switch checkpoint up to RBA
ORA-48447: The input path [ pk_orders ] does not contain any ADR homes
ARC0: Archival started
Beginning log switch checkpoint up to RBA
Archived Log entry 452 added for thread 1 sequence 8248
Current log# 969 seq# 1224 mem# 0
ORA-22316: input type is not a collection type
Errors in file /u01/app/oracle/diag/rdbms/ttprod/ttprod1/trace/ttprod1_ora_31751.trc
Archived Log entry 992 added for thread 1 sequence 2200
Starting background process VKTM
Completed checkpoint up to RBA
Current log# 438 seq# 1896 mem# 0
ORA-06904: CMX: no transport address available for remote application
Beginning log switch checkpoint up to RBA
Thread 1 advanced to log sequence 915
Archived Log entry 736 added for thread 1 sequence 9128
Archived Log entry 57 added for thread 1 sequence 4159
Completed checkpoint up to RBA
NID-00311: Control File ttprod2 - modified
Beginning log switch checkpoint up to RBA
Archived Log entry 197 added for thread 1 sequence 1698
Starting background process VKTM
Archived Log entry 234 added for thread 1 sequence 4253
ORA-16124: transaction idx_users_email NETWORK_OPS.SIM_INVENTORY app_db is waiting on another transaction
Current log# 480 seq# 8511 mem# 0
ARC0: Archival started
Starting background process VKTM
Undo initialization finished
Starting background process VKTM
PRCR-01067: Failed to create a filter
ARC0: Archival started
Current log# 486 seq# 9043 mem# 0
Current log# 771 seq# 8253 mem# 0
RMAN-08143: including current control file for validation
ARC0: Archival started
ARC0: Archival started
ARC0: Archival started
RMAN-08097: channel 1024 : starting validation of archived log backup set
Errors in file /u01/app/oracle/diag/rdbms/ttprod/ttprod1/trace/ttprod1_ora_64002.trc
Starting background process VKTM
ARC0: Archival started
PLS-00218: a variable declared NOT NULL must have an initialization assignment
Beginning log switch checkpoint up to RBA
Beginning log switch checkpoint up to RBA
Starting background process VKTM
RDE-00045: port number required to register with a generic address.
Errors in file /u01/app/oracle/diag/rdbms/ttprod/ttprod1/trace/ttprod1_ora_26048.trc
Starting background process VKTM
Thread 1 advanced to log sequence 619
ORA-38498: invalid stored attribute for the index object : 1024
Errors in file /u01/app/oracle/diag/rdbms/ttprod/ttprod1/trace/ttprod1_ora_67400.trc
Archived Log entry 572 added for thread 1 sequence 8925
ARC0: Archival started
Thread 1 advanced to log sequence 292
Current log# 829 seq# 9263 mem# 0
ORA-31600: invalid input value SP2-0552 for parameter ttstandby01 in function _SYSSMU12$
Thread 1 advanced to log sequence 458
DRG-12509: length of the stop word TNS_ADMIN exceeded the limit of TNS_ADMIN bytes
Errors in file /u01/app/oracle/diag/rdbms/ttprod/ttprod1/trace/ttprod1_ora_75733.trc
ARC0: Archival started
Beginning log switch checkpoint up to RBA
ARC0: Archival started
PRCD-01162: Invalid online relocation status {0}
Errors in file /u01/app/oracle/diag/rdbms/ttprod/ttprod1/trace/ttprod1_ora_55751.trc
Thread 1 advanced to log sequence 299
ARC0: Archival started
Undo initialization finished
Thread 1 advanced to log sequence 609
ARC0: Archival started
RMAN-08556: channel DATA_TS01 : backup piece complete, elapsed time: TNS_ADMIN
Completed checkpoint up to RBA
ARC0: Archival started
Undo initialization finished
PLS-00748: compilation terminated due to other errors
Thread 1 advanced to log sequence 39
DIA-48260: Function fk_order_customer not found
Errors in file /u01/app/oracle/diag/rdbms/ttprod/ttprod1/trace/ttprod1_ora_49420.trc
Current log# 530 seq# 1540 mem# 0
PRCT-01149: Failed to retrieve cluster name
Undo initialization finished
ORA-29368: consumer group DATA_TS01 does not exist
ARC0: Archival started
Completed checkpoint up to RBA
Completed checkpoint up to RBA
ARC0: Archival started
ORA-01569: data file too small for system dictionary tables
Completed checkpoint up to RBA
ARC0: Archival started
Undo initialization finished
Beginning log switch checkpoint up to RBA
Current log# 731 seq# 5141 mem# 0
DRG-11217: INSO safe callout failed
Undo initialization finished
Undo initialization finished
Current log# 552 seq# 1335 mem# 0
Beginning log switch checkpoint up to RBA
Current log# 19 seq# 6154 mem# 0
ORA-08330: Printing not supported
ARC0: Archival started
Starting background process VKTM
Completed checkpoint up to RBA
RMAN-08151: replaced global script NETWORK_OPS.SIM_INVENTORY
Archived Log entry 504 added for thread 1 sequence 1919
Current log# 308 seq# 7688 mem# 0
Current log# 325 seq# 5598 mem# 0
Starting background process VKTM
LRM-00104: ' user_sessions ' is not a legal integer for ' SYSAUX '
ARC0: Archival started
Beginning log switch checkpoint up to RBA
PRVF-05195: No shared devices found
Thread 1 advanced to log sequence 408
ARC0: Archival started
Archived Log entry 174 added for thread 1 sequence 3007
Thread 1 advanced to log sequence 177
ORA-48408: The incident number exceeds the maximum number [ ttprod1 ]
Errors in file /u01/app/oracle/diag/rdbms/ttprod/ttprod1/trace/ttprod1_ora_36075.trc
Beginning log switch checkpoint up to RBA
ORA-32312: cannot refresh a secondary materialized view " USERS "." CRM.CALL_DETAIL_RECORDS "
Errors in file /u01/app/oracle/diag/rdbms/ttprod/ttprod1/trace/ttprod1_ora_90805.trc
Thread 1 advanced to log sequence 828
QSM-01837: recursive query rewrite on equivalence, PK_CUSTOMER_ACCOUNTS , not permitted
Archived Log entry 191 added for thread 1 sequence 3612
Beginning log switch checkpoint up to RBA
CLSR-01010: Unable to record PMON pid to idx_users_email
Current log# 221 seq# 5819 mem# 0
Completed checkpoint up to RBA
Archived Log entry 48 added for thread 1 sequence 1775
ORA-04004: MINVALUE must be less than MAXVALUE
Errors in file /u01/app/oracle/diag/rdbms/ttprod/ttprod1/trace/ttprod1_ora_96329.trc
Undo initialization finished
Thread 1 advanced to log sequence 84
Completed checkpoint up to RBA
NNO-00318: overriding next statistic counter reset, resetting in number seconds
Errors in file /u01/app/oracle/diag/rdbms/ttprod/ttprod1/trace/ttprod1_ora_99504.trc
Completed checkpoint up to RBA
Beginning log switch checkpoint up to RBA
Starting background process VKTM
Completed checkpoint up to RBA
ORA-40233: transactional input - case id should be provided with id 1024
Archived Log entry 542 added for thread 1 sequence 9557
Current log# 886 seq# 5427 mem# 0
Beginning log switch checkpoint up to RBA
ARC0: Archival started
PLS-00669: Type of expression should be a valid collection variable
Starting background process VKTM
ARC0: Archival started
Thread 1 advanced to log sequence 520
PCC-01200: You are not authorized to run Pro*C
Errors in file /u01/app/oracle/diag/rdbms/ttprod/ttprod1/trace/ttprod1_ora_15076.trc
Completed checkpoint up to RBA
Archived Log entry 70 added for thread 1 sequence 6790
Beginning log switch checkpoint up to RBA
Beginning log switch checkpoint up to RBA
Completed checkpoint up to RBA
ORA-13201: invalid parameters supplied in CREATE INDEX statement
Archived Log entry 231 added for thread 1 sequence 7434
ARC0: Archival started
ARC0: Archival started
Starting background process VKTM
ORA-41020: invalid value " SYSAUX " specified for parameter " large pool "
Errors in file /u01/app/oracle/diag/rdbms/ttprod/ttprod1/trace/ttprod1_ora_80792.trc
Current log# 32 seq# 1752 mem# 0
ARC0: Archival started
Completed checkpoint up to RBA
Current log# 706 seq# 8094 mem# 0
CRS-02601: Server ' CRM.CALL_DETAIL_RECORDS ' is not explicitly mentioned as a candidate by server pool ' NETWORK_OPS.SIM_INVENTORY '
Errors in file /u01/app/oracle/diag/rdbms/ttprod/ttprod1/trace/ttprod1_ora_22634.trc
Undo initialization finished
Completed checkpoint up to RBA
Current log# 479 seq# 8260 mem# 0
ORA-08275: Environment variable unset
Beginning log switch checkpoint up to RBA
Completed checkpoint up to RBA
Archived Log entry 314 added for thread 1 sequence 3771
Beginning log switch checkpoint up to RBA
ORA-22973: size of object identifier exceeds maximum size allowed
Thread 1 advanced to log sequence 756
Thread 1 advanced to log sequence 767
Undo initialization finished
Archived Log entry 913 added for thread 1 sequence 5639
Beginning log switch checkpoint up to RBA
DIA-51025: check name should be non NULL value
Undo initialization finished
Archived Log entry 352 added for thread 1 sequence 4578
Thread 1 advanced to log sequence 481
ORA-31476: a change table data column is missing from the source table
Undo initialization finished
Thread 1 advanced to log sequence 247
Current log# 677 seq# 1726 mem# 0
ORA-01315: Log file has been added or removed during select
Current log# 701 seq# 9948 mem# 0
Starting background process VKTM
Undo initialization finished
Beginning log switch checkpoint up to RBA
PRCT-01054: Fail to retrieve ASM active version for local node
Completed checkpoint up to RBA
Completed checkpoint up to RBA
Undo initialization finished
Archived Log entry 224 added for thread 1 sequence 3295
Starting background process VKTM
PGA-21106: warm start complete for local LU ttprod1
Errors in file /u01/app/oracle/diag/rdbms/ttprod/ttprod1/trace/ttprod1_ora_69367.trc
Beginning log switch checkpoint up to RBA
Thread 1 advanced to log sequence 305
ARC0: Archival started
Beginning log switch checkpoint up to RBA
ORA-01540: tablespace ' CRM.CALL_DETAIL_RECORDS ' is not offline
Starting background process VKTM
Current log# 315 seq# 8956 mem# 0
Starting background process VKTM
Undo initialization finished
Archived Log entry 414 added for thread 1 sequence 4305
ORA-19563: 17 header validation failed for file INVOICE_LINES_IDX
Archived Log entry 191 added for thread 1 sequence 7719
Archived Log entry 612 added for thread 1 sequence 8545
Completed checkpoint up to RBA
Current log# 18 seq# 5678 mem# 0
Beginning log switch checkpoint up to RBA
ORA-13225: specified index table name is too long for a spatial index
Archived Log entry 729 added for thread 1 sequence 2017
Starting background process VKTM
Completed checkpoint up to RBA
ORA-30572: AUTO segment space management not valid with DICTIONARY extent management
Current log# 410 seq# 8664 mem# 0
Undo initialization finished
Starting background process VKTM
Archived Log entry 283 added for thread 1 sequence 4992
ARC0: Archival started
ORA-24777: use of non-migratable database link not allowed
Undo initialization finished
ORA-55635: Flashback Data Archive enabled table " idx_users_email "." session_1123 " is disassociated
Undo initialization finished
Current log# 177 seq# 5725 mem# 0
Thread 1 advanced to log sequence 367
PGA-22010: userid APP_USER42 length of number is invalid; maximum length is number
Errors in file /u01/app/oracle/diag/rdbms/ttprod/ttprod1/trace/ttprod1_ora_93924.trc
Undo initialization finished
ARC0: Archival started
Thread 1 advanced to log sequence 611
ORA-39931: XML Schema 1024 Owner: 3 not fully contained in the transportable set.
Current log# 136 seq# 7785 mem# 0
Starting background process VKTM
Beginning log switch checkpoint up to RBA
Thread 1 advanced to log sequence 774
Completed checkpoint up to RBA
ORA-31634: job already exists
Thread 1 advanced to log sequence 528
Starting background process VKTM
RMAN-07501: searching for all files in the recovery area
Beginning log switch checkpoint up to RBA
ARC0: Archival started
ORA-54012: virtual column is referenced in a column expression
Errors in file /u01/app/oracle/diag/rdbms/ttprod/ttprod1/trace/ttprod1_ora_92177.trc
Beginning log switch checkpoint up to RBA
QSM-00808: parameter 42 only permits a single keyword. Choose one of the following: pk_orders
ARC0: Archival started
Current log# 846 seq# 7889 mem# 0
IMP-00062: Warning: The identifier on the dump file for object type " SYSAUX "." APP_USER42 " is invalid
Beginning log switch checkpoint up to RBA
Undo initialization finished
Beginning log switch checkpoint up to RBA
CRS-02769: Unable to failover resource ' 1024 '.
Archived Log entry 130 added for thread 1 sequence 5850
ORA-01089: immediate shutdown in progress - no operations are permitted
Beginning log switch checkpoint up to RBA
Starting background process VKTM
RMAN-06960: EXPDP> CDR_STAGING
Thread 1 advanced to log sequence 228
Archived Log entry 755 added for thread 1 sequence 2516
Current log# 883 seq# 6593 mem# 0
PCC-00056: FOR clause not allowed on SELECT statement at line number in file user_sessions .
Errors in file /u01/app/oracle/diag/rdbms/ttprod/ttprod1/trace/ttprod1_ora_55503.trc
Beginning log switch checkpoint up to RBA
Thread 1 advanced to log sequence 410
Thread 1 advanced to log sequence 402
Beginning log switch checkpoint up to RBA
Current log# 770 seq# 4476 mem# 0
RMAN-06213: --------------- ---------------------------------------------------
Current log# 450 seq# 3840 mem# 0
RMAN-08137: WARNING: archived log not deleted, needed for standby or upstream capture process
Errors in file /u01/app/oracle/diag/rdbms/ttprod/ttprod1/trace/ttprod1_ora_68769.trc
Undo initialization finished
ORA-55492: error creating VPD policy constraint: APP_USER42
Errors in file /u01/app/oracle/diag/rdbms/ttprod/ttprod1/trace/ttprod1_ora_32172.trc
Undo initialization finished
ORA-02751: osnfsmmap: cannot map shared memory file
Current log# 204 seq# 7043 mem# 0
Undo initialization finished
Completed checkpoint up to RBA
DRG-13306: 'len' attribute value must be in the range 5000 .. reporting_schema , at line ttprod2
Starting background process VKTM
Completed checkpoint up to RBA
Completed checkpoint up to RBA
ORA-30015: previously offlined undo tablespace ' /u01/app/oracle/oradata/ttprod/users01.dbf ' is still pending
ARC0: Archival started
ORA-15494: compatible.advm must be user_sessions or higher
Archived Log entry 22 added for thread 1 sequence 4286
Beginning log switch checkpoint up to RBA
Beginning log switch checkpoint up to RBA
Thread 1 advanced to log sequence 272
Undo initialization finished
PLS-00990: Index Tables of Cursor Variables are disallowed
Undo initialization finished
Completed checkpoint up to RBA
Current log# 531 seq# 2060 mem# 0
Current log# 416 seq# 9358 mem# 0
NNO-00321: statistic counter dump disabled
Archived Log entry 854 added for thread 1 sequence 2715
ORA-07287: sksagdi: unsupported device for log archiving.
Thread 1 advanced to log sequence 730
Archived Log entry 470 added for thread 1 sequence 5073
Archived Log entry 935 added for thread 1 sequence 4198
Undo initialization finished
ORA-01166: file number app_db is larger than CRM.CALL_DETAIL_RECORDS ( pg_toast_12345 )
ARC0: Archival started
Thread 1 advanced to log sequence 144
Beginning log switch checkpoint up to RBA
Beginning log switch checkpoint up to RBA
NNO-00122: invalid name, data ignored: entry: /u01/app/oracle/oradata/ttprod/users01.dbf
Errors in file /u01/app/oracle/diag/rdbms/ttprod/ttprod1/trace/ttprod1_ora_66605.trc
Archived Log entry 716 added for thread 1 sequence 9300
Archived Log entry 986 added for thread 1 sequence 8755
ORA-30747: cannot create substitutable tables or columns of non final type ttprod1 . idx_users_email
ARC0: Archival started
Starting background process VKTM
Undo initialization finished
NNO-00064: loading domain data from checkpoint file " ttstandby01 "
Archived Log entry 301 added for thread 1 sequence 5350
Archived Log entry 914 added for thread 1 sequence 7750
ARC0: Archival started
Undo initialization finished
Thread 1 advanced to log sequence 421
ORA-30970: option not supported for XML Index
Errors in file /u01/app/oracle/diag/rdbms/ttprod/ttprod1/trace/ttprod1_ora_92646.trc
Undo initialization finished
Archived Log entry 165 added for thread 1 sequence 1747
RMAN-06615: resyncing from database with DB_UNIQUE_NAME fk_order_customer
Current log# 143 seq# 1500 mem# 0
Completed checkpoint up to RBA
Beginning log switch checkpoint up to RBA
Beginning log switch checkpoint up to RBA
Archived Log entry 901 added for thread 1 sequence 1825
DRG-11000: invalid keyword app_db
Completed checkpoint up to RBA
Starting background process VKTM
Thread 1 advanced to log sequence 116
Starting background process VKTM
Archived Log entry 237 added for thread 1 sequence 8618
ORA-01347: Supplemental log data no longer found
Beginning log switch checkpoint up to RBA
ARC0: Archival started
CLSU-00221: ERROR printed by clsecho: CDR_STAGING
Current log# 432 seq# 7485 mem# 0
Completed checkpoint up to RBA
Current log# 299 seq# 8056 mem# 0
Current log# 915 seq# 7914 mem# 0
Current log# 577 seq# 1903 mem# 0
ORA-42005: invalid type of redefinition method
Archived Log entry 876 added for thread 1 sequence 3160
ORA-39906: Constraint ttprod1 between table /u01/app/oracle/oradata/ttprod/users01.dbf . pg_toast_12345 in tablespace SYSAUX and table USERS . user_sessions in tablespace session_1123 .
Thread 1 advanced to log sequence 814
Undo initialization finished
ORA-19196: XMLType table or view is not allowed with this form of fn:collection
Archived Log entry 23 added for thread 1 sequence 7059
Thread 1 advanced to log sequence 144
Starting background process VKTM
RMAN-06731: command PK_CUSTOMER_ACCOUNTS : ttprod1 % complete, time left number : number : number
Completed checkpoint up to RBA
Current log# 767 seq# 8083 mem# 0
PRKO-03116: '-g' or '-r' option should be provided
Completed checkpoint up to RBA
Starting background process VKTM
Beginning log switch checkpoint up to RBA
Undo initialization finished
ORA-00403: INVOICE_LINES_IDX ( TNS_ADMIN ) is not the same as other instances ( ttprod2 )
Undo initialization finished
Archived Log entry 421 added for thread 1 sequence 3960
Beginning log switch checkpoint up to RBA
XOQ-00506: cannot parse XML 3 from the client
Completed checkpoint up to RBA
Starting background process VKTM
Starting background process VKTM
Thread 1 advanced to log sequence 728
Undo initialization finished
ORA-06020: NETASY: initialisation failure
Starting background process VKTM
RDE-04005: invalid parameter
Undo initialization finished
RMAN-06492: control file AUTOBACKUP format " TNS_ADMIN " must specify a " 17 " format specifier
Completed checkpoint up to RBA
Thread 1 advanced to log sequence 748
ARC0: Archival started
Undo initialization finished
ARC0: Archival started
ORA-22295: cannot bind more than 4000 bytes data to LOB and LONG columns in 1 statement
Thread 1 advanced to log sequence 999
Archived Log entry 582 added for thread 1 sequence 5567
Archived Log entry 983 added for thread 1 sequence 5047
ARC0: Archival started
ARC0: Archival started
ORA-24387: Invalid attach driver
ARC0: Archival started
Archived Log entry 112 added for thread 1 sequence 6541
Starting background process VKTM
Beginning log switch checkpoint up to RBA
Completed checkpoint up to RBA
NZE-28759: failure to open file
Current log# 844 seq# 5452 mem# 0
Starting background process VKTM
Completed checkpoint up to RBA
PRCD-01067: Invalid stop option {0}
Beginning log switch checkpoint up to RBA
Starting background process VKTM
ARC0: Archival started
Completed checkpoint up to RBA
PLS-00384: type mismatch found at ' fk_order_customer ' in UPDATE's SET clause
Undo initialization finished
Thread 1 advanced to log sequence 658
ARC0: Archival started
ORA-27213: failed to unload Media Management Library
Errors in file /u01/app/oracle/diag/rdbms/ttprod/ttprod1/trace/ttprod1_ora_24415.trc
Undo initialization finished
ARC0: Archival started
ORA-32593: database supplemental logging attributes in flux
ARC0: Archival started
Beginning log switch checkpoint up to RBA
Completed checkpoint up to RBA
Thread 1 advanced to log sequence 274
ORA-00446: background process started when not expected
Thread 1 advanced to log sequence 127
ARC0: Archival started
ARC0: Archival started
NNO-00061: loading data for domain " 5000 "
Beginning log switch checkpoint up to RBA
ARC0: Archival started
Thread 1 advanced to log sequence 875
Thread 1 advanced to log sequence 57
ORA-12993: tablespace ' 1024 ' is offline, cannot drop column
Errors in file /u01/app/oracle/diag/rdbms/ttprod/ttprod1/trace/ttprod1_ora_83257.trc
Current log# 636 seq# 3668 mem# 0
ARC0: Archival started
Beginning log switch checkpoint up to RBA
Thread 1 advanced to log sequence 430
Beginning log switch checkpoint up to RBA
ORA-37040: (XSACQUIRE_DEP_LOCKED) Composite, concat, dimension map, or internal partition workspace object is locked by another user.
Errors in file /u01/app/oracle/diag/rdbms/ttprod/ttprod1/trace/ttprod1_ora_50558.trc
Starting background process VKTM
Undo initialization finished
ARC0: Archival started
ORA-55344: invalid label generator implementation or use
Starting background process VKTM
ARC0: Archival started
Undo initialization finished
ORA-06748: TLI Driver: cannot allocate t_discon
Errors in file /u01/app/oracle/diag/rdbms/ttprod/ttprod1/trace/ttprod1_ora_27917.trc
Thread 1 advanced to log sequence 473
DRG-12013: This method has already been performed - repeat operation?
Beginning log switch checkpoint up to RBA
Beginning log switch checkpoint up to RBA
Current log# 433 seq# 1075 mem# 0
Undo initialization finished
Thread 1 advanced to log sequence 425
DRG-11835: Requested Range Not Satisfiable
ARC0: Archival started
Thread 1 advanced to log sequence 130
Beginning log switch checkpoint up to RBA
Current log# 233 seq# 1878 mem# 0
Current log# 327 seq# 2820 mem# 0
ORA-16636: fast-start failover target standby in error state, cannot stop observer
ARC0: Archival started
Current log# 202 seq# 3079 mem# 0
RMAN-04013: must connect before startup
Current log# 481 seq# 8124 mem# 0
Current log# 960 seq# 3811 mem# 0
Completed checkpoint up to RBA
Beginning log switch checkpoint up to RBA
XOQ-01726: The partition dimension " ttstandby01 " in cube " pk_orders " is missing an ET view.
Errors in file /u01/app/oracle/diag/rdbms/ttprod/ttprod1/trace/ttprod1_ora_78419.trc
ARC0: Archival started
XOQ-02117: The new name " INVOICE_LINES_IDX " for object " TNS_ADMIN " is not valid.
Errors in file /u01/app/oracle/diag/rdbms/ttprod/ttprod1/trace/ttprod1_ora_18675.trc
Archived Log entry 198 added for thread 1 sequence 9416
ARC0: Archival started
Undo initialization finished
ARC0: Archival started
RMAN-06780: database unregistered from the source recovery catalog
Starting background process VKTM
Current log# 549 seq# 6890 mem# 0
Undo initialization finished
INS-30518: Invalid Disk Discovery Path specified.
Errors in file /u01/app/oracle/diag/rdbms/ttprod/ttprod1/trace/ttprod1_ora_53693.trc
Beginning log switch checkpoint up to RBA
Completed checkpoint up to RBA
Archived Log entry 937 added for thread 1 sequence 1107
Completed checkpoint up to RBA
ARC0: Archival started
ORA-16123: transaction user_sessions TNS_ADMIN BILLING.CUST_ORDERS is waiting for commit approval
ARC0: Archival started
Beginning log switch checkpoint up to RBA
Undo initialization finished
Archived Log entry 88 added for thread 1 sequence 7078
Starting background process VKTM
ORA-32308: object materialized views must use SELECT *
Completed checkpoint up to RBA
Beginning log switch checkpoint up to RBA
Starting background process VKTM
PRKP-01001: Error starting database instance {0} on node {1}
Beginning log switch checkpoint up to RBA
Undo initialization finished
Archived Log entry 951 added for thread 1 sequence 2817
Undo initialization finished
Archived Log entry 363 added for thread 1 sequence 1248
ORA-14621: cannot add subpartition when DEFAULT subpartition exists
Beginning log switch checkpoint up to RBA
ARC0: Archival started
PGU-41136: no 1024 PGAU object named pk_orders at version number satisfied the REPORT request
Undo initialization finished
Thread 1 advanced to log sequence 280
ORA-15221: ASM operation requires compatible.asm of ttprod1 or higher
Errors in file /u01/app/oracle/diag/rdbms/ttprod/ttprod1/trace/ttprod1_ora_57400.trc
Undo initialization finished
Current log# 350 seq# 7957 mem# 0
Thread 1 advanced to log sequence 709
Archived Log entry 799 added for thread 1 sequence 5687
Beginning log switch checkpoint up to RBA
ORA-40218: Both priors table and weights table are specified
Beginning log switch checkpoint up to RBA
Beginning log switch checkpoint up to RBA
RMAN-08043: channel 5000 : copy standby control file failed
ARC0: Archival started
RMAN-08015: datafile SYSAUX switched to datafile copy
ARC0: Archival started
Undo initialization finished
Starting background process VKTM
Current log# 605 seq# 4055 mem# 0
Current log# 674 seq# 6044 mem# 0
RMAN-08608: Initiated recall for the following list of remote backup files
Completed checkpoint up to RBA
ARC0: Archival started
Starting background process VKTM
Undo initialization finished
Thread 1 advanced to log sequence 887
ORA-30928: Connect by filtering phase runs out of temp tablespace
Starting background process VKTM
LPX-00324: "~S" is not a valid value for the lang attribute of xsl:sort
Starting background process VKTM
Completed checkpoint up to RBA
Undo initialization finished
ARC0: Archival started
Beginning log switch checkpoint up to RBA
DRG-51301: error releasing dml Queue lock
Errors in file /u01/app/oracle/diag/rdbms/ttprod/ttprod1/trace/ttprod1_ora_28314.trc
Beginning log switch checkpoint up to RBA
Thread 1 advanced to log sequence 405
Archived Log entry 403 added for thread 1 sequence 7932
Completed checkpoint up to RBA
ORA-12999: cannot DROP or SET UNUSED a column that has been set unused
ARC0: Archival started
Beginning log switch checkpoint up to RBA
ORA-32029: resetting with SCOPE=MEMORY or SCOPE=BOTH is currently not supported
Completed checkpoint up to RBA
Undo initialization finished
Starting background process VKTM
ARC0: Archival started
XOQ-02012: missing expression in object " ttprod1 "
ARC0: Archival started
Archived Log entry 685 added for thread 1 sequence 3889
Starting background process VKTM
Starting background process VKTM
RMAN-06590: Tablespace 1024 cannot be converted
Completed checkpoint up to RBA
Archived Log entry 783 added for thread 1 sequence 7295
Thread 1 advanced to log sequence 867
ORA-13127: failed to generate target partition
Thread 1 advanced to log sequence 87
Thread 1 advanced to log sequence 910
ORA-48186: OS check file exists system call failure
Current log# 853 seq# 2672 mem# 0
Thread 1 advanced to log sequence 156
Completed checkpoint up to RBA
ORA-00491: RMS0 process terminated with error
Errors in file /u01/app/oracle/diag/rdbms/ttprod/ttprod1/trace/ttprod1_ora_36576.trc
Current log# 635 seq# 9214 mem# 0
Beginning log switch checkpoint up to RBA
Undo initialization finished
ORA-48928: The predicate exceeds the max limit DATA_TS01
ARC0: Archival started
ORA-19633: control file record pk_orders is out of sync with recovery catalog
Starting background process VKTM
Thread 1 advanced to log sequence 471
KUP-11009: data for row: reporting_schema
Current log# 222 seq# 1052 mem# 0
ORA-19333: Invalid flags for the CREATE_DBURI operator
Beginning log switch checkpoint up to RBA
Undo initialization finished
Undo initialization finished
PRVF-05205: GNS VIP resource configuration check failed.
Current log# 587 seq# 5900 mem# 0
ARC0: Archival started
Current log# 641 seq# 9663 mem# 0
Beginning log switch checkpoint up to RBA
ORA-02349: invalid user-defined type - type is incomplete
Errors in file /u01/app/oracle/diag/rdbms/ttprod/ttprod1/trace/ttprod1_ora_31568.trc
ARC0: Archival started
Undo initialization finished
Completed checkpoint up to RBA
RMAN-08184: added tempfile fk_order_customer to tablespace 5000 in control file
Thread 1 advanced to log sequence 448
Beginning log switch checkpoint up to RBA
Completed checkpoint up to RBA
Current log# 407 seq# 8166 mem# 0
NNL-00352: Cancelled save config
Completed checkpoint up to RBA
RMAN-08108: channel SYSAUX : specifying block(s) to restore from backup set
Beginning log switch checkpoint up to RBA
Beginning log switch checkpoint up to RBA
Undo initialization finished
DRG-10853: Catsearch does not support this operator
Errors in file /u01/app/oracle/diag/rdbms/ttprod/ttprod1/trace/ttprod1_ora_22609.trc
Beginning log switch checkpoint up to RBA
ARC0: Archival started
NID-00415: Change of database name and database ID failed.
Thread 1 advanced to log sequence 788
Undo initialization finished
Beginning log switch checkpoint up to RBA
ORA-39210: A PCTSPACE adjustment of pg_toast_12345 is invalid.
Errors in file /u01/app/oracle/diag/rdbms/ttprod/ttprod1/trace/ttprod1_ora_28508.trc
Current log# 709 seq# 8673 mem# 0
Starting background process VKTM
Starting background process VKTM
Current log# 89 seq# 6129 mem# 0
Archived Log entry 197 added for thread 1 sequence 1464
CRS-00219: Could not update resource ' PK_CUSTOMER_ACCOUNTS '.
Undo initialization finished
Starting background process VKTM
ARC0: Archival started
PRCS-01018: Failed to add cluster configuration for Single Client Access Name listener {0}
Undo initialization finished
Completed checkpoint up to RBA
Archived Log entry 753 added for thread 1 sequence 4752
Completed checkpoint up to RBA
OCI-30177: invalid flag used in a format specification
Current log# 797 seq# 3929 mem# 0
Starting background process VKTM
Thread 1 advanced to log sequence 520
ORA-13666: Task ID 5000 does not exist.
Thread 1 advanced to log sequence 21
Completed checkpoint up to RBA
RMAN-06944: contents of repair script:
Current log# 911 seq# 8545 mem# 0
RMAN-06176: no recovery required; all files are read only or offline
Current log# 568 seq# 7826 mem# 0
Current log# 333 seq# 7781 mem# 0
Completed checkpoint up to RBA
ORA-23356: masterdef recognizes a master which does not recognize the masterdef
Archived Log entry 230 added for thread 1 sequence 9234
Thread 1 advanced to log sequence 183
Starting background process VKTM
ARC0: Archival started
Beginning log switch checkpoint up to RBA
ORA-28362: master key not found
Errors in file /u01/app/oracle/diag/rdbms/ttprod/ttprod1/trace/ttprod1_ora_54127.trc
Starting background process VKTM
Beginning log switch checkpoint up to RBA
RMAN-08583: channel large pool : archived log copy complete, elapsed time: ttprod1
ARC0: Archival started
ORA-02475: maximum cluster chain block count of USERS has been exceeded
ARC0: Archival started
ARC0: Archival started
Beginning log switch checkpoint up to RBA
Archived Log entry 994 added for thread 1 sequence 9331
ORA-13758: "SQL Tuning Set" " UNDOTBS1 " owned by user " SP2-0552 " is in use.
Thread 1 advanced to log sequence 418
Current log# 15 seq# 2832 mem# 0
Beginning log switch checkpoint up to RBA
Thread 1 advanced to log sequence 700
Undo initialization finished
NZE-28846: No private key
Current log# 654 seq# 6830 mem# 0
Beginning log switch checkpoint up to RBA
ORA-17618: Unable to update block 0 to version 10 format
ARC0: Archival started
Completed checkpoint up to RBA
Starting background process VKTM
ORA-22288: file or LOB operation pk_orders failed pg_toast_12345
ARC0: Archival started
Current log# 235 seq# 3689 mem# 0
Beginning log switch checkpoint up to RBA
ORA-16267: Cannot instantiate a Logical Standby during a switchover
Current log# 676 seq# 5650 mem# 0
Thread 1 advanced to log sequence 851
Undo initialization finished
Thread 1 advanced to log sequence 244
ORA-55311: invalid value type ttprod1 for long lexical value _SYSSMU7$
Archived Log entry 592 added for thread 1 sequence 4907
Beginning log switch checkpoint up to RBA
Current log# 436 seq# 4794 mem# 0
ORA-10281: maximum time to wait for process creation
Errors in file /u01/app/oracle/diag/rdbms/ttprod/ttprod1/trace/ttprod1_ora_48118.trc
Thread 1 advanced to log sequence 842
NNL-00220: Statistic counter logging is currently disabled
Beginning log switch checkpoint up to RBA
ORA-16307: TSE key 5000 successfully applied
Thread 1 advanced to log sequence 418
Archived Log entry 617 added for thread 1 sequence 5346
Thread 1 advanced to log sequence 121
Completed checkpoint up to RBA
Undo initialization finished
RMAN-05522: Skipping tablespace fk_order_customer
Beginning log switch checkpoint up to RBA
PCC-00023: Unable to log off from ORACLE
Beginning log switch checkpoint up to RBA
Thread 1 advanced to log sequence 649
Thread 1 advanced to log sequence 960
ORA-30493: The percentile value should be a number between 0 and 1.
Current log# 290 seq# 2823 mem# 0
Starting background process VKTM
Starting background process VKTM
Thread 1 advanced to log sequence 533
ORA-14760: ADD PARTITION is not permitted on Interval partitioned objects
Archived Log entry 712 added for thread 1 sequence 7036
Undo initialization finished
ORA-02336: column attribute cannot be accessed
Errors in file /u01/app/oracle/diag/rdbms/ttprod/ttprod1/trace/ttprod1_ora_25775.trc
Starting background process VKTM
Current log# 622 seq# 1387 mem# 0
Thread 1 advanced to log sequence 24
ARC0: Archival started
Current log# 390 seq# 3800 mem# 0
ORA-39809: Data saves are not allowed on tables with domain indexes.
Completed checkpoint up to RBA
Completed checkpoint up to RBA
Completed checkpoint up to RBA
Current log# 959 seq# 9792 mem# 0
RMAN-06178: datafile number not processed because file is offline
ARC0: Archival started
PLS-00623: FLOAT precision constraint must be between 1 and 126
Errors in file /u01/app/oracle/diag/rdbms/ttprod/ttprod1/trace/ttprod1_ora_66160.trc
Completed checkpoint up to RBA
Current log# 500 seq# 3794 mem# 0
Thread 1 advanced to log sequence 410
DIA-48212: Open Record Access Not Done
Starting background process VKTM
Undo initialization finished
Beginning log switch checkpoint up to RBA
Current log# 491 seq# 2650 mem# 0
Starting background process VKTM
ORA-29919: failed in the execution of the ODCIINDEXUPDPARTMETADATA routine
Beginning log switch checkpoint up to RBA
Undo initialization finished
Thread 1 advanced to log sequence 427
Thread 1 advanced to log sequence 44
OCI-21779: duration not active
Errors in file /u01/app/oracle/diag/rdbms/ttprod/ttprod1/trace/ttprod1_ora_92445.trc
Beginning log switch checkpoint up to RBA
PRCD-01193: Service {0} defined for RAC One Node database {1} cannot be started on more than one node
Beginning log switch checkpoint up to RBA
ARC0: Archival started
Starting background process VKTM
Beginning log switch checkpoint up to RBA
ARC0: Archival started
ORA-16223: DDL skipped, unsupported in current version
Errors in file /u01/app/oracle/diag/rdbms/ttprod/ttprod1/trace/ttprod1_ora_13097.trc
ARC0: Archival started
ARC0: Archival started
DRG-11709: too many terms in thesaurus
Beginning log switch checkpoint up to RBA
Archived Log entry 411 added for thread 1 sequence 1065
Starting background process VKTM
Undo initialization finished
Thread 1 advanced to log sequence 260
NNO-00329: server will save the config file in number seconds
Archived Log entry 435 added for thread 1 sequence 6722
ORA-14151: invalid table partitioning method
Starting background process VKTM
Undo initialization finished
Archived Log entry 968 added for thread 1 sequence 9327
Beginning log switch checkpoint up to RBA
ARC0: Archival started
ORA-29939: could not implicitly transform user-managed domain index to system-managed domain index
Errors in file /u01/app/oracle/diag/rdbms/ttprod/ttprod1/trace/ttprod1_ora_15009.trc
Archived Log entry 790 added for thread 1 sequence 5891
Beginning log switch checkpoint up to RBA
ORA-53063: invalid exportOption: DATA_TS01
Thread 1 advanced to log sequence 824
Archived Log entry 626 added for thread 1 sequence 3759
Completed checkpoint up to RBA
ORA-01799: a column may not be outer-joined to a subquery
Errors in file /u01/app/oracle/diag/rdbms/ttprod/ttprod1/trace/ttprod1_ora_69842.trc
Completed checkpoint up to RBA
Completed checkpoint up to RBA
ORA-16241: Waiting for gap log file (thread# 17 , sequence# SYSAUX )
Errors in file /u01/app/oracle/diag/rdbms/ttprod/ttprod1/trace/ttprod1_ora_14416.trc
Archived Log entry 227 added for thread 1 sequence 9232
Thread 1 advanced to log sequence 144
Completed checkpoint up to RBA
Thread 1 advanced to log sequence 428
Completed checkpoint up to RBA
ORA-02439: Unique index on a deferrable constraint is not allowed
Archived Log entry 139 added for thread 1 sequence 5492
NNO-00703: checkpoint interval changed to number seconds
Errors in file /u01/app/oracle/diag/rdbms/ttprod/ttprod1/trace/ttprod1_ora_25287.trc
ARC0: Archival started
Beginning log switch checkpoint up to RBA
JMS-00101: Invalid delivery mode {0}
Errors in file /u01/app/oracle/diag/rdbms/ttprod/ttprod1/trace/ttprod1_ora_28909.trc
Beginning log switch checkpoint up to RBA
Archived Log entry 879 added for thread 1 sequence 8885
Beginning log switch checkpoint up to RBA
PCB-00301: Use of non-ANSI function is an Oracle extension
Starting background process VKTM
ARC0: Archival started
Archived Log entry 529 added for thread 1 sequence 8011
Undo initialization finished
QSM-01203: query rewrite not possible on DDL queries
Thread 1 advanced to log sequence 286
ARC0: Archival started
Beginning log switch checkpoint up to RBA
ARC0: Archival started
Starting background process VKTM
ORA-25190: an index-organized table maintenance operation may not be combined with other operations
Thread 1 advanced to log sequence 227
ORA-19811: cannot have files in DB_RECOVERY_FILE_DEST with keep attributes
Errors in file /u01/app/oracle/diag/rdbms/ttprod/ttprod1/trace/ttprod1_ora_48340.trc
Starting background process VKTM
Beginning log switch checkpoint up to RBA
ARC0: Archival started
Starting background process VKTM
Undo initialization finished
ORA-25162: Must specify both RDBA MIN and RDBA MAX options
Starting background process VKTM
ORA-19130: XQST0070: A static error is raised if the predefined namespace prefix xml or xmlns is redeclared by a namespace declaration or namespace declaration attribute
Errors in file /u01/app/oracle/diag/rdbms/ttprod/ttprod1/trace/ttprod1_ora_79048.trc
Completed checkpoint up to RBA
Current log# 248 seq# 2003 mem# 0
Beginning log switch checkpoint up to RBA
QSM-01061: illegal query expression
Archived Log entry 733 added for thread 1 sequence 1200
Current log# 148 seq# 9570 mem# 0
Thread 1 advanced to log sequence 205
Current log# 1 seq# 2878 mem# 0
Completed checkpoint up to RBA
ORA-28335: referenced or referencing FK constraint column cannot be encrypted
Starting background process VKTM
Thread 1 advanced to log sequence 932
Current log# 569 seq# 4262 mem# 0
TNS-01029: Services Summary...
Current log# 265 seq# 8747 mem# 0
Completed checkpoint up to RBA
ORA-02219: invalid NEXT storage option value
ARC0: Archival started
XOQ-01462: Partitioned cube does not contain measure "( PK_CUSTOMER_ACCOUNTS )".
Errors in file /u01/app/oracle/diag/rdbms/ttprod/ttprod1/trace/ttprod1_ora_15740.trc
Beginning log switch checkpoint up to RBA
Undo initialization finished
ORA-31122: The INVOICE_LINES_IDX operator has incorrect RHS value
Thread 1 advanced to log sequence 679
Starting background process VKTM
Completed checkpoint up to RBA
Beginning log switch checkpoint up to RBA
Archived Log entry 915 added for thread 1 sequence 9532
PGA-21115: shutdown request received
Completed checkpoint up to RBA
ORA-15103: conflicting or duplicate REPAIR options
Thread 1 advanced to log sequence 117
Starting background process VKTM
Completed checkpoint up to RBA
UDI-00005: unexpected End-Of-File encountered while reading input.
Undo initialization finished
ORA-23421: job number ttprod2 is not a job in the job queue
ARC0: Archival started
Thread 1 advanced to log sequence 434
ORA-26790: Requesting a lock on SP2-0552 " CRM.CALL_DETAIL_RECORDS " timed out
Current log# 828 seq# 2177 mem# 0
DIA-48230: Expression arguments must match types
Errors in file /u01/app/oracle/diag/rdbms/ttprod/ttprod1/trace/ttprod1_ora_51162.trc
Completed checkpoint up to RBA
Current log# 228 seq# 9349 mem# 0
ORA-12941: DBVerify exception
Errors in file /u01/app/oracle/diag/rdbms/ttprod/ttprod1/trace/ttprod1_ora_73744.trc
Thread 1 advanced to log sequence 698
Completed checkpoint up to RBA
Completed checkpoint up to RBA
Completed checkpoint up to RBA
ARC0: Archival started
PLS-00135: Pragma 3 expects 3rd argument to be an identifier, APP_USER42 or numeric literal
Errors in file /u01/app/oracle/diag/rdbms/ttprod/ttprod1/trace/ttprod1_ora_67099.trc
Starting background process VKTM
ORA-29839: failed to validate implementation type
Errors in file /u01/app/oracle/diag/rdbms/ttprod/ttprod1/trace/ttprod1_ora_86441.trc
Beginning log switch checkpoint up to RBA
ORA-31008: LPX context creation failed while 17
Beginning log switch checkpoint up to RBA
Thread 1 advanced to log sequence 356
PRVF-05416: Query of NTP daemon failed on all nodes
Beginning log switch checkpoint up to RBA
CRS-00006: file rotation processing continues for file: " _SYSSMU12$ "
Thread 1 advanced to log sequence 737
Undo initialization finished
ORA-15554: cannot start workload replay client because the database server is not in PREPARE mode
Current log# 356 seq# 2996 mem# 0
Beginning log switch checkpoint up to RBA
Thread 1 advanced to log sequence 624
LPX-00278: invalid ~s proxy "~s"
Starting background process VKTM
RMAN-06944: contents of repair script:
ARC0: Archival started
Thread 1 advanced to log sequence 302
Starting background process VKTM
ORA-13269: internal error [ idx_users_email ] encountered when processing geometry table
Beginning log switch checkpoint up to RBA
Undo initialization finished
ARC0: Archival started
Undo initialization finished
Archived Log entry 693 added for thread 1 sequence 4340
RMAN-06484: changed control file copy expired
Archived Log entry 857 added for thread 1 sequence 7730
Undo initialization finished
RMAN-08123: keep attributes for the datafile/control file copy are deleted
Completed checkpoint up to RBA
ARC0: Archival started
ARC0: Archival started
ARC0: Archival started
Beginning log switch checkpoint up to RBA
ORA-55565: session_1123 is not a valid undo segment number
Starting background process VKTM
Starting background process VKTM
Starting background process VKTM
ORA-06561: given statement is not supported by package DBMS_SQL
Errors in file /u01/app/oracle/diag/rdbms/ttprod/ttprod1/trace/ttprod1_ora_44982.trc
Archived Log entry 101 added for thread 1 sequence 9938
Undo initialization finished
Archived Log entry 710 added for thread 1 sequence 9727
Thread 1 advanced to log sequence 85
CRS-02537: Resource type ' fk_order_customer ' cannot be extended directly; use its extensions instead
Starting background process VKTM
Archived Log entry 957 added for thread 1 sequence 3689
Starting background process VKTM
Archived Log entry 974 added for thread 1 sequence 3051
Completed checkpoint up to RBA
KUP-02004: quoted large pool too big
Errors in file /u01/app/oracle/diag/rdbms/ttprod/ttprod1/trace/ttprod1_ora_35945.trc
Starting background process VKTM
Archived Log entry 287 added for thread 1 sequence 5121
Archived Log entry 881 added for thread 1 sequence 8784
PRCH-01002: Failed to stop resources running from CRS home {0}
ARC0: Archival started
Starting background process VKTM
Thread 1 advanced to log sequence 795
ORA-48462: Fatal error encountered in [ app_db ]
Errors in file /u01/app/oracle/diag/rdbms/ttprod/ttprod1/trace/ttprod1_ora_31512.trc
Archived Log entry 659 added for thread 1 sequence 2648
NNO-00808: Error connecting to region database
Errors in file /u01/app/oracle/diag/rdbms/ttprod/ttprod1/trace/ttprod1_ora_87062.trc
Completed checkpoint up to RBA
Completed checkpoint up to RBA
Current log# 553 seq# 7283 mem# 0
ORA-30448: internal data of the advisor repository is inconsistent
Errors in file /u01/app/oracle/diag/rdbms/ttprod/ttprod1/trace/ttprod1_ora_12847.trc
ARC0: Archival started
Undo initialization finished
Undo initialization finished
Starting background process VKTM
Completed checkpoint up to RBA
ORA-16247: DDL skipped on internal schema
Thread 1 advanced to log sequence 69
Thread 1 advanced to log sequence 314
Thread 1 advanced to log sequence 111
Undo initialization finished
ORA-29539: Java system classes already installed
Beginning log switch checkpoint up to RBA
Archived Log entry 916 added for thread 1 sequence 3941
Completed checkpoint up to RBA
PGU-39102: EP number , number , number , 5000 , USERS , PK_CUSTOMER_ACCOUNTS , DATA_TS01 , INVOICE_LINES_IDX , idx_users_email , number , number
ARC0: Archival started
LSX-00105: duplicate attribute group "~S"
Errors in file /u01/app/oracle/diag/rdbms/ttprod/ttprod1/trace/ttprod1_ora_90734.trc
Completed checkpoint up to RBA
EXP-00066: Object table CRM.CALL_DETAIL_RECORDS is missing its object identifier index
Errors in file /u01/app/oracle/diag/rdbms/ttprod/ttprod1/trace/ttprod1_ora_63118.trc
Starting background process VKTM
Current log# 289 seq# 5145 mem# 0
Current log# 672 seq# 7516 mem# 0
ORA-24250: No supported authentication scheme found
Undo initialization finished
INS-10012: Setup driver initialization failed.
Current log# 831 seq# 3734 mem# 0
ARC0: Archival started
Completed checkpoint up to RBA
Undo initialization finished
NID-00410: Reversion of database changes failed during validation - database is intact.
Completed checkpoint up to RBA
Beginning log switch checkpoint up to RBA
Thread 1 advanced to log sequence 340
Starting background process VKTM
Undo initialization finished
RMAN-06483: changed datafile copy expired
Current log# 227 seq# 4574 mem# 0
Completed checkpoint up to RBA
ORA-37011: (XSACQUIRE_LOCKED) Object workspace object is locked by another user.
Completed checkpoint up to RBA
Archived Log entry 998 added for thread 1 sequence 7562
PGU-35009: no transaction rows for statement TNS_ADMIN , 42 PK_CUSTOMER_ACCOUNTS : rc pk_orders
Thread 1 advanced to log sequence 725
ORA-19335: Invalid format type object
Undo initialization finished
Archived Log entry 61 added for thread 1 sequence 6418
Archived Log entry 62 added for thread 1 sequence 9427
ORA-12732: invalid interval value in regular expression
Undo initialization finished
ORA-18102: XUST0003 - Repeated revalidation declaration
Errors in file /u01/app/oracle/diag/rdbms/ttprod/ttprod1/trace/ttprod1_ora_70072.trc
Undo initialization finished
Starting background process VKTM
Starting background process VKTM
Completed checkpoint up to RBA
KUP-05007: Warning: Intra source concurrency disabled because the preprocessor option is being used.
Completed checkpoint up to RBA
Thread 1 advanced to log sequence 712
ARC0: Archival started
ARC0: Archival started
ARC0: Archival started
ORA-22957: NULL is an invalid input to powermultiset and COLLECT functions
ARC0: Archival started
Thread 1 advanced to log sequence 691
Beginning log switch checkpoint up to RBA
Archived Log entry 662 added for thread 1 sequence 4202
ORA-16451: A remote archival request has timed out.
Starting background process VKTM
ORA-30741: WITH HIERARCHY OPTION can be specified only for SELECT privilege
Beginning log switch checkpoint up to RBA
ORA-09850: soacon: Archmon unable to lock named pipe.
Archived Log entry 806 added for thread 1 sequence 5168
Current log# 23 seq# 5072 mem# 0
Completed checkpoint up to RBA
ORA-13455: GeoRaster metadata TRS error
Thread 1 advanced to log sequence 972
ORA-28332: cannot have more than one password for the encryption key
Current log# 285 seq# 6866 mem# 0
Undo initialization finished
Undo initialization finished
Undo initialization finished
PCB-00300: Datatype for host variable not supported by ANSI " 1024 "
Thread 1 advanced to log sequence 276
Completed checkpoint up to RBA
Undo initialization finished
ARC0: Archival started
PRKH-03307: Internal error returned from Oracle Clusterware database support layer
ARC0: Archival started
Completed checkpoint up to RBA
Undo initialization finished
Completed checkpoint up to RBA
OCI-31021: Element definition not found
Current log# 295 seq# 4331 mem# 0
ORA-29825: invalid name for indextype
Starting background process VKTM
Completed checkpoint up to RBA
Undo initialization finished
TNS-00042: INTCTL: CMANAGER already running. Start operation cancelled
Undo initialization finished
Completed checkpoint up to RBA
Archived Log entry 542 added for thread 1 sequence 1694
Current log# 512 seq# 5203 mem# 0
PRCW-01013: Failed to initialize cluster wallet context due to error code {0}
ARC0: Archival started
Archived Log entry 247 added for thread 1 sequence 6231
Current log# 40 seq# 7758 mem# 0
Completed checkpoint up to RBA
Archived Log entry 633 added for thread 1 sequence 2451
ORA-19272: XQDY0052 - invalid atomic value in attribute or element constructor
Undo initialization finished
Completed checkpoint up to RBA
Archived Log entry 579 added for thread 1 sequence 9517
Thread 1 advanced to log sequence 212
Undo initialization finished
QSM-02115: mv references a remote object and is refreshed ON COMMIT
Undo initialization finished
Thread 1 advanced to log sequence 79
Beginning log switch checkpoint up to RBA
RMAN-20030: resync in progress
Completed checkpoint up to RBA
Thread 1 advanced to log sequence 859
DIA-48122: error with opening the ADR block file [ PK_CUSTOMER_ACCOUNTS ] [ DATA_TS01 ]
Errors in file /u01/app/oracle/diag/rdbms/ttprod/ttprod1/trace/ttprod1_ora_78995.trc
Thread 1 advanced to log sequence 993
DIA-48008: id is already used by an existing product type
Errors in file /u01/app/oracle/diag/rdbms/ttprod/ttprod1/trace/ttprod1_ora_18536.trc
Beginning log switch checkpoint up to RBA
ARC0: Archival started
PROC-00033: Oracle Cluster Registry is not configured
Completed checkpoint up to RBA
Current log# 873 seq# 9881 mem# 0
Completed checkpoint up to RBA
ARC0: Archival started
ORA-30687: session terminated by debugger
Undo initialization finished
Completed checkpoint up to RBA
ORA-47906: OLS policy label not specified for identity session_1123 . 17 under policy session_1123
Errors in file /u01/app/oracle/diag/rdbms/ttprod/ttprod1/trace/ttprod1_ora_28160.trc
Archived Log entry 83 added for thread 1 sequence 2722
ORA-30980: Invalid Input.
Errors in file /u01/app/oracle/diag/rdbms/ttprod/ttprod1/trace/ttprod1_ora_60852.trc
Beginning log switch checkpoint up to RBA
Completed checkpoint up to RBA
ORA-01579: write error occurred during recovery
Archived Log entry 661 added for thread 1 sequence 7654
Current log# 843 seq# 7452 mem# 0
Current log# 517 seq# 5502 mem# 0
Current log# 560 seq# 4498 mem# 0
Beginning log switch checkpoint up to RBA
PCB-00312: Keyword WORK required here by ANSI
Completed checkpoint up to RBA
CRS-01301: Oracle High Availability Service started on node 5000 .
Errors in file /u01/app/oracle/diag/rdbms/ttprod/ttprod1/trace/ttprod1_ora_41037.trc
Thread 1 advanced to log sequence 611
Beginning log switch checkpoint up to RBA
Archived Log entry 271 added for thread 1 sequence 5920
RMAN-08108: channel pg_toast_12345 : specifying block(s) to restore from backup set
Archived Log entry 911 added for thread 1 sequence 6776
Undo initialization finished
NID-00451: Succesfully changed database name.
Completed checkpoint up to RBA
Completed checkpoint up to RBA
ORA-16243: paging out DATA_TS01 bytes of memory to disk
Current log# 44 seq# 4278 mem# 0
Thread 1 advanced to log sequence 994
Thread 1 advanced to log sequence 244
PLS-00755: SYSAUX tablespace offline while saving identifier data
Archived Log entry 190 added for thread 1 sequence 4348
Starting background process VKTM
ORA-12326: database APP_USER42 is closing immediately; no operations are permitted
Completed checkpoint up to RBA
ORA-48906: Parser context is not valid
Starting background process VKTM
Undo initialization finished
Archived Log entry 156 added for thread 1 sequence 9958
RMAN-08521: offline range RECID= 5000 STAMP= /u01/app/oracle/oradata/ttprod/users01.dbf
Thread 1 advanced to log sequence 42
Archived Log entry 695 added for thread 1 sequence 2357
Current log# 573 seq# 1381 mem# 0
Beginning log switch checkpoint up to RBA
NZE-28846: No private key
Errors in file /u01/app/oracle/diag/rdbms/ttprod/ttprod1/trace/ttprod1_ora_31889.trc
Thread 1 advanced to log sequence 22
Undo initialization finished
Archived Log entry 464 added for thread 1 sequence 8664
ORA-41203: Invalid session state operation
Current log# 664 seq# 9646 mem# 0
Completed checkpoint up to RBA
Completed checkpoint up to RBA
RMAN-06485: changed archived log expired
Thread 1 advanced to log sequence 406
Completed checkpoint up to RBA
Undo initialization finished
ORA-14017: partition bound list contains too many elements
Archived Log entry 227 added for thread 1 sequence 9633
ARC0: Archival started
Current log# 594 seq# 4568 mem# 0
INS-40947: The specified node vip USERS could not be resolved using TCP/IP host name lookup. It is recommended that the node vip is resolvable using TCP/IP lookup. This may avoid configuration failures at a later stage.
Errors in file /u01/app/oracle/diag/rdbms/ttprod/ttprod1/trace/ttprod1_ora_72188.trc
Thread 1 advanced to log sequence 979
ARC0: Archival started
Beginning log switch checkpoint up to RBA
ORA-30565: Only one INVALIDATE or UPDATE GLOBAL INDEXES clause may be specified
Starting background process VKTM
Current log# 111 seq# 3884 mem# 0
ORA-28667: USING INDEX option not allowed for the primary key of an IOT
Starting background process VKTM
Thread 1 advanced to log sequence 779
Undo initialization finished
Thread 1 advanced to log sequence 920
Starting background process VKTM
ORA-14143: CREATE INDEX INVISIBLE may not be used with this type of index
Errors in file /u01/app/oracle/diag/rdbms/ttprod/ttprod1/trace/ttprod1_ora_62187.trc
Completed checkpoint up to RBA
Undo initialization finished
ORA-27195: proxy copy not supported
ARC0: Archival started
Current log# 983 seq# 3853 mem# 0
Completed checkpoint up to RBA
Archived Log entry 399 added for thread 1 sequence 9775
Thread 1 advanced to log sequence 311
NID-00338: Control Files in database:
Errors in file /u01/app/oracle/diag/rdbms/ttprod/ttprod1/trace/ttprod1_ora_20676.trc
Undo initialization finished
Archived Log entry 948 added for thread 1 sequence 8929
ORA-22912: specified column or attribute is not a nested table type
Completed checkpoint up to RBA
Archived Log entry 542 added for thread 1 sequence 3547
Starting background process VKTM
CRS-02722: The instance of resource ' TNS_ADMIN ' may only run on ' /u01/app/oracle/oradata/ttprod/users01.dbf '; check on ' SYSAUX ' is unnecessary
Thread 1 advanced to log sequence 241
Undo initialization finished
RMAN-06226: Automatic instance removed
Archived Log entry 414 added for thread 1 sequence 5326
Completed checkpoint up to RBA
Undo initialization finished
PCB-00551: The SQLCA has already been included
ARC0: Archival started
ARC0: Archival started
Undo initialization finished
ARC0: Archival started
Archived Log entry 895 added for thread 1 sequence 4751
CRS-02552: There are no available instances of resource ' CRM.CALL_DETAIL_RECORDS ' to start.
Undo initialization finished
RMAN-08031: released channel: 3
Thread 1 advanced to log sequence 655
Archived Log entry 450 added for thread 1 sequence 3529
Starting background process VKTM
Starting background process VKTM
ARC0: Archival started
ORA-19696: control file not found in backup set
Current log# 441 seq# 8686 mem# 0
Archived Log entry 966 added for thread 1 sequence 3782
Thread 1 advanced to log sequence 556
ORA-48317: ADR Relation [ /u01/app/oracle/oradata/ttprod/users01.dbf ] of version= app_db is obsolete
Starting background process VKTM
Beginning log switch checkpoint up to RBA
RMAN-08180: channel DATA_TS01 : restore complete, elapsed time: reporting_schema
Thread 1 advanced to log sequence 398
Starting background process VKTM
Current log# 777 seq# 8703 mem# 0
ARC0: Archival started
RMAN-08049: channel app_db : starting compressed archived log backup set
Current log# 700 seq# 4529 mem# 0
ORA-19271: XPST0051 - invalid atomic type definition
Completed checkpoint up to RBA
Beginning log switch checkpoint up to RBA
Completed checkpoint up to RBA
Undo initialization finished
ORA-16451: A remote archival request has timed out.
Errors in file /u01/app/oracle/diag/rdbms/ttprod/ttprod1/trace/ttprod1_ora_71851.trc
ARC0: Archival started
Completed checkpoint up to RBA
RMAN-08533: restoring blocks of datafile TNS_ADMIN
Errors in file /u01/app/oracle/diag/rdbms/ttprod/ttprod1/trace/ttprod1_ora_61598.trc
Thread 1 advanced to log sequence 319
RMAN-07210: new failures after most recent LIST FAILURE command
ARC0: Archival started
ORA-24028: cannot create a reciever non-repudiable single consumer queue
Undo initialization finished
Starting background process VKTM
TNS-12537: TNS:connection closed
Starting background process VKTM
ORA-02168: invalid value for FREELISTS
Completed checkpoint up to RBA
CRS-04602: Failed number to add voting file large pool .
Current log# 982 seq# 5870 mem# 0
Completed checkpoint up to RBA
RMAN-06223: starting up automatic instance 5000
Beginning log switch checkpoint up to RBA
Starting background process VKTM
RMAN-08022: channel session_1123 : restoring archived log
Errors in file /u01/app/oracle/diag/rdbms/ttprod/ttprod1/trace/ttprod1_ora_89040.trc
Beginning log switch checkpoint up to RBA
PCB-00300: Datatype for host variable not supported by ANSI " SP2-0552 "
Starting background process VKTM
Undo initialization finished
Starting background process VKTM
ARC0: Archival started
Thread 1 advanced to log sequence 167
ORA-38401: synonym app_db not allowed
Beginning log switch checkpoint up to RBA
Undo initialization finished
PGA-21033: error(s) found in init file
Errors in file /u01/app/oracle/diag/rdbms/ttprod/ttprod1/trace/ttprod1_ora_29586.trc
Beginning log switch checkpoint up to RBA
QSM-01303: query rewrite not possible because query references a remote table pk_orders
Undo initialization finished
CRS-09609: Encountered cssd failure. Reinitializing CSSD layer.
Archived Log entry 468 added for thread 1 sequence 2676
RMAN-08546: channel SP2-0552 : AUTOBACKUP _SYSSMU12$ found in the recovery area
ARC0: Archival started
Thread 1 advanced to log sequence 821
Completed checkpoint up to RBA
Thread 1 advanced to log sequence 221
ORA-32582: table function with left correlation to a table cannot also be left outer-joined to the table
ARC0: Archival started
Current log# 273 seq# 1318 mem# 0
Starting background process VKTM
ORA-38905: DML error logging is not supported for LONG column " SP2-0552 "
Thread 1 advanced to log sequence 152
Undo initialization finished
Archived Log entry 63 added for thread 1 sequence 5356
Current log# 443 seq# 8899 mem# 0
Archived Log entry 259 added for thread 1 sequence 7386
AUD-00806: first argument to SpeechContains must be a column
Thread 1 advanced to log sequence 69
Current log# 923 seq# 8835 mem# 0
ARC0: Archival started
Current log# 137 seq# 4869 mem# 0
Thread 1 advanced to log sequence 824
ORA-26803: Subscribers have changed for queue " ttprod1 "." CRM.CALL_DETAIL_RECORDS ".
Archived Log entry 742 added for thread 1 sequence 9211
Completed checkpoint up to RBA
Undo initialization finished
Thread 1 advanced to log sequence 258
Thread 1 advanced to log sequence 337
ORA-27235: unable to map file region into memory
Undo initialization finished
Undo initialization finished
Starting background process VKTM
Completed checkpoint up to RBA
ORA-30505: system triggers should not reference a column in a WHEN clause
Current log# 9 seq# 8470 mem# 0
NNO-00617: enabling AUTHORITY-REQUIRED on system queries
Undo initialization finished
Current log# 779 seq# 9463 mem# 0
PRKO-03126: Invalid GNS logging level: "{0}"
Undo initialization finished
ARC0: Archival started
DRG-51021: undefined error in fuzzy matcher
Completed checkpoint up to RBA
Beginning log switch checkpoint up to RBA
Beginning log switch checkpoint up to RBA
Undo initialization finished
NNO-00268: warning: configuration database is not used, using checkpoint data instead
Errors in file /u01/app/oracle/diag/rdbms/ttprod/ttprod1/trace/ttprod1_ora_89769.trc
Completed checkpoint up to RBA
ORA-27379: INSTANCE_ID attribute conflicts with job class settings
Starting background process VKTM
Beginning log switch checkpoint up to RBA
DRG-11839: Internal Server Error
Undo initialization finished
Archived Log entry 67 added for thread 1 sequence 8924
ORA-33009: (XSAGDNGLPREC) In AGGMAP workspace object , PRECOMPUTE may only be specified either for the entire AGGMAP or for individual RELATION statements.
Errors in file /u01/app/oracle/diag/rdbms/ttprod/ttprod1/trace/ttprod1_ora_92941.trc
Completed checkpoint up to RBA
Thread 1 advanced to log sequence 402
Thread 1 advanced to log sequence 648
Undo initialization finished
RMAN-05522: Skipping tablespace large pool
Archived Log entry 938 added for thread 1 sequence 8182
ARC0: Archival started
Starting background process VKTM
DRG-52109: error in reading thesaurus
Errors in file /u01/app/oracle/diag/rdbms/ttprod/ttprod1/trace/ttprod1_ora_45030.trc
Completed checkpoint up to RBA
Beginning log switch checkpoint up to RBA
Archived Log entry 714 added for thread 1 sequence 3029
ORA-28102: policy does not exist
Starting background process VKTM
Archived Log entry 932 added for thread 1 sequence 2035
Beginning log switch checkpoint up to RBA
Thread 1 advanced to log sequence 332
Archived Log entry 767 added for thread 1 sequence 2075
PRCT-01300: oifcfg execution failed. Detailed error: {0}
Beginning log switch checkpoint up to RBA
Undo initialization finished
ARC0: Archival started
Completed checkpoint up to RBA
Completed checkpoint up to RBA
ORA-08231: smscre: unable to attach to SGA
Starting background process VKTM
ARC0: Archival started
Current log# 662 seq# 4470 mem# 0
Completed checkpoint up to RBA
Starting background process VKTM
ORA-33452: (ESDREAD06) Discarding compiled code for workspace object because number is now dimensioned by workspace object . It was dimensioned by workspace object when the code was compiled.
Starting background process VKTM
Thread 1 advanced to log sequence 875
Starting background process VKTM
Thread 1 advanced to log sequence 847
CRS-04633: This could take several minutes.
Starting background process VKTM
ORA-12081: update operation not allowed on table " pg_toast_12345 "." TNS_ADMIN "
Undo initialization finished
Starting background process VKTM
Starting background process VKTM
Current log# 973 seq# 9003 mem# 0
Completed checkpoint up to RBA
DRG-12202: error while creating section group
Archived Log entry 386 added for thread 1 sequence 4863
ARC0: Archival started
Undo initialization finished
PCC-00107: The CONNECT statement is Oracle implementation dependent
Starting background process VKTM
Beginning log switch checkpoint up to RBA
Archived Log entry 14 added for thread 1 sequence 1581
Starting background process VKTM
RMAN-08304: To change the internal database identifier, use DBNEWID Utility
ARC0: Archival started
Archived Log entry 596 added for thread 1 sequence 8236
Current log# 134 seq# 7554 mem# 0
Starting background process VKTM
ORA-55318: column idx_users_email in table 17 already contains data
Errors in file /u01/app/oracle/diag/rdbms/ttprod/ttprod1/trace/ttprod1_ora_82685.trc
ARC0: Archival started
Beginning log switch checkpoint up to RBA
Thread 1 advanced to log sequence 499
Beginning log switch checkpoint up to RBA
INS-40942: Local node CRM.CALL_DETAIL_RECORDS did not resolve to an IP address. Provide alternative name that resolves to an IP address.
Thread 1 advanced to log sequence 541
Current log# 728 seq# 5270 mem# 0
Archived Log entry 673 added for thread 1 sequence 9085
Undo initialization finished
Beginning log switch checkpoint up to RBA
RMAN-06452: CDR_STAGING package upgraded to version 42
Starting background process VKTM
ARC0: Archival started
ORA-55459: invalid parameter USERS
ARC0: Archival started
Beginning log switch checkpoint up to RBA
Current log# 263 seq# 7205 mem# 0
Beginning log switch checkpoint up to RBA
PLS-00239: invalid external type specification for SQLCODE
Beginning log switch checkpoint up to RBA
Thread 1 advanced to log sequence 958
OCI-31045: Cannot store more than fk_order_customer extras outside the root XML node
Errors in file /u01/app/oracle/diag/rdbms/ttprod/ttprod1/trace/ttprod1_ora_32464.trc
Current log# 248 seq# 4046 mem# 0
ARC0: Archival started
PGU-39302: QM p- DATA_TS01 DATA_TS01 , c-f# 5000 , LD 1024
Thread 1 advanced to log sequence 232
Archived Log entry 847 added for thread 1 sequence 3212
Beginning log switch checkpoint up to RBA
RMAN-08070: deleted datafile copy
Archived Log entry 592 added for thread 1 sequence 6267
TNS-00275: Navigator: Tracing is now ON
Undo initialization finished
ARC0: Archival started
RMAN-08546: channel app_db : AUTOBACKUP TNS_ADMIN found in the recovery area
Completed checkpoint up to RBA
ARC0: Archival started
Thread 1 advanced to log sequence 43
Undo initialization finished
ORA-22602: pickler TDS handle [ SYSAUX ] is not well-formed
Starting background process VKTM
Beginning log switch checkpoint up to RBA
Undo initialization finished
ORA-31645: unable to read from dump file " 42 "
Completed checkpoint up to RBA
ARC0: Archival started
Starting background process VKTM
ORA-14163: subpartition number BILLING.CUST_ORDERS : INITRANS value must be less than MAXTRANS value
Archived Log entry 556 added for thread 1 sequence 3480
ARC0: Archival started
Completed checkpoint up to RBA
Undo initialization finished
PCB-00016: Semantic checking disabled by TimesTen.
Starting background process VKTM
Archived Log entry 527 added for thread 1 sequence 2581
Completed checkpoint up to RBA
ARC0: Archival started
ORA-34279: (MXDCL37) CONCAT can only be used when defining a DIMENSION.
Current log# 527 seq# 4683 mem# 0
ORA-31116: Tablespace not specified correctly
Errors in file /u01/app/oracle/diag/rdbms/ttprod/ttprod1/trace/ttprod1_ora_97055.trc
Undo initialization finished
RMAN-06520: archived logs will not be kept or backed up
Thread 1 advanced to log sequence 566
PCC-00077: Colon usage with numeric label in WHENEVER statement is not ANSI
Starting background process VKTM
Starting background process VKTM
Archived Log entry 204 added for thread 1 sequence 5123
IMP-00086: TOID " UNDOTBS1 " not found in export file
Errors in file /u01/app/oracle/diag/rdbms/ttprod/ttprod1/trace/ttprod1_ora_77367.trc
Undo initialization finished
ARC0: Archival started
Current log# 326 seq# 1785 mem# 0
Beginning log switch checkpoint up to RBA
Beginning log switch checkpoint up to RBA
ORA-31158: schema " USERS " currently being referenced
Completed checkpoint up to RBA
Beginning log switch checkpoint up to RBA
ORA-55361: duplicate specification for the namespace found
Errors in file /u01/app/oracle/diag/rdbms/ttprod/ttprod1/trace/ttprod1_ora_22014.trc
Completed checkpoint up to RBA
Beginning log switch checkpoint up to RBA
Undo initialization finished
Starting background process VKTM
TNS-12574: TNS:redirection denied
Starting background process VKTM
ARC0: Archival started
Current log# 867 seq# 1751 mem# 0
Thread 1 advanced to log sequence 857
PLS-00132: Pragma ttprod2 does not support 3
Current log# 762 seq# 3331 mem# 0
Beginning log switch checkpoint up to RBA
Thread 1 advanced to log sequence 281
Starting background process VKTM
RMAN-08028: channel session_1123 : copy current control file failed
Thread 1 advanced to log sequence 372
Current log# 287 seq# 2848 mem# 0
RMAN-06070: DBWR could not identify datafile shared pool
Completed checkpoint up to RBA
Archived Log entry 706 added for thread 1 sequence 2409
Undo initialization finished
DRG-50946: Invalid unary operator for theme index
Archived Log entry 695 added for thread 1 sequence 3020
Completed checkpoint up to RBA
Undo initialization finished
Archived Log entry 459 added for thread 1 sequence 6225
ORA-28559: FDS_CLASS_NAME is pk_orders , FDS_INST_NAME is shared pool
Thread 1 advanced to log sequence 291
Thread 1 advanced to log sequence 553
Starting background process VKTM
Archived Log entry 925 added for thread 1 sequence 4013
ORA-14210: cannot reuse lower-bound subpartition as resulting subpartition
Beginning log switch checkpoint up to RBA
Current log# 534 seq# 9294 mem# 0
ARC0: Archival started
OCI-21710: argument is expecting a valid memory address of an object
Errors in file /u01/app/oracle/diag/rdbms/ttprod/ttprod1/trace/ttprod1_ora_54510.trc
Current log# 14 seq# 4710 mem# 0
Completed checkpoint up to RBA
Completed checkpoint up to RBA
Beginning log switch checkpoint up to RBA
RMAN-03020: asynchronous RPC test will take 1 minute
Archived Log entry 598 added for thread 1 sequence 1653
Completed checkpoint up to RBA
Thread 1 advanced to log sequence 122
Starting background process VKTM
DIA-48150: error encountered with set current working directory
Errors in file /u01/app/oracle/diag/rdbms/ttprod/ttprod1/trace/ttprod1_ora_93792.trc
Current log# 847 seq# 4286 mem# 0
Archived Log entry 405 added for thread 1 sequence 5621
Beginning log switch checkpoint up to RBA
Thread 1 advanced to log sequence 700
ORA-01539: tablespace ' _SYSSMU7$ ' is not online
Thread 1 advanced to log sequence 47
ARC0: Archival started
Current log# 566 seq# 3324 mem# 0
Current log# 3 seq# 9228 mem# 0
Undo initialization finished
ORA-40231: transactional input incompatible with specified algorithm
ARC0: Archival started
TNS-12537: TNS:connection closed
Archived Log entry 926 added for thread 1 sequence 7253
Completed checkpoint up to RBA
Beginning log switch checkpoint up to RBA
Archived Log entry 653 added for thread 1 sequence 1407
ORA-39937: Unsupported operation, default token tables used for binary XML data.
Beginning log switch checkpoint up to RBA
Thread 1 advanced to log sequence 786
Starting background process VKTM
Starting background process VKTM
ORA-38500: USERS
Errors in file /u01/app/oracle/diag/rdbms/ttprod/ttprod1/trace/ttprod1_ora_69090.trc
Thread 1 advanced to log sequence 265
RMAN-08012: including control file copy in backup set
Current log# 244 seq# 4248 mem# 0
IMG-01005: unsupported DICOM transfer syntax
ARC0: Archival started
ARC0: Archival started
Starting background process VKTM
RMAN-08015: datafile NETWORK_OPS.SIM_INVENTORY switched to datafile copy
Errors in file /u01/app/oracle/diag/rdbms/ttprod/ttprod1/trace/ttprod1_ora_12710.trc
Undo initialization finished
Completed checkpoint up to RBA
ARC0: Archival started
Starting background process VKTM
ORA-27544: Failed to map memory region for export
Beginning log switch checkpoint up to RBA
ORA-36980: (XSRELGID02) Variable workspace object must have a numeric data type.
Thread 1 advanced to log sequence 161
ARC0: Archival started
Current log# 550 seq# 7844 mem# 0
Completed checkpoint up to RBA
ORA-53007: The document type STANDARD_DICTIONARY is not loaded.
Completed checkpoint up to RBA
Current log# 535 seq# 3462 mem# 0
Starting background process VKTM
ARC0: Archival started
PRCS-01015: Server {0} is not part of server pool {1}
ARC0: Archival started
ARC0: Archival started
RMAN-05034: Recovery must be done beyond SCN 42 to clear datafile fuzziness
Completed checkpoint up to RBA
Beginning log switch checkpoint up to RBA
Thread 1 advanced to log sequence 725
Starting background process VKTM
TNS-01099: INVOICE_LINES_IDX * pg_toast_12345 * SYSAUX * UNDOTBS1 * number
Errors in file /u01/app/oracle/diag/rdbms/ttprod/ttprod1/trace/ttprod1_ora_71145.trc
Starting background process VKTM
Completed checkpoint up to RBA
NZE-28864: SSL connection closed gracefully
Thread 1 advanced to log sequence 956
Completed checkpoint up to RBA
Beginning log switch checkpoint up to RBA
ARC0: Archival started
Thread 1 advanced to log sequence 23
RMAN-06510: RMAN retention policy is set to recovery window of number days
Beginning log switch checkpoint up to RBA
Thread 1 advanced to log sequence 617
Beginning log switch checkpoint up to RBA
Completed checkpoint up to RBA
Starting background process VKTM
ORA-22609: error shared pool during initialization of FDO
ARC0: Archival started
Thread 1 advanced to log sequence 565
ARC0: Archival started
ORA-40251: no support vectors were found
Undo initialization finished
Undo initialization finished
Completed checkpoint up to RBA
ARC0: Archival started
Archived Log entry 420 added for thread 1 sequence 1598
RMAN-08517: backup piece handle= ttprod1 RECID= ttprod2 STAMP= 5000
Undo initialization finished
Thread 1 advanced to log sequence 86
Thread 1 advanced to log sequence 623
Archived Log entry 672 added for thread 1 sequence 2942
Current log# 553 seq# 6062 mem# 0
RMAN-08552: backup and output file names are identical: reporting_schema
Completed checkpoint up to RBA
Beginning log switch checkpoint up to RBA
PROT-00309: Failed to access the Oracle Cluster Registry backup file.
Errors in file /u01/app/oracle/diag/rdbms/ttprod/ttprod1/trace/ttprod1_ora_96394.trc
Beginning log switch checkpoint up to RBA
NNL-00224: Scheduled statistic counters to be logged in ttprod2
Thread 1 advanced to log sequence 166
Completed checkpoint up to RBA
Current log# 646 seq# 8183 mem# 0
ARC0: Archival started
ARC0: Archival started
ORA-28545: error diagnosed by Net8 when connecting to an agent
Starting background process VKTM
Undo initialization finished
RMAN-06157: validation failed for archived log
Completed checkpoint up to RBA
Current log# 831 seq# 3472 mem# 0
PRKH-03350: Unexpected error returned from Oracle Clusterware database support layer
Starting background process VKTM
Beginning log switch checkpoint up to RBA
RMAN-08048: channel CRM.CALL_DETAIL_RECORDS : starting incremental level SYSAUX datafile backup set
Thread 1 advanced to log sequence 765
ARC0: Archival started
Undo initialization finished
Completed checkpoint up to RBA
Archived Log entry 137 added for thread 1 sequence 3704
ORA-22284: duplicate LONG binds are not supported
Archived Log entry 934 added for thread 1 sequence 4041
PCB-00320: VARYING host variable " ttprod1 " is an Oracle extension
Archived Log entry 836 added for thread 1 sequence 9344
Current log# 783 seq# 9232 mem# 0
Completed checkpoint up to RBA
Archived Log entry 625 added for thread 1 sequence 2434
ARC0: Archival started
CRS-02548: A cyclical dependency on ' TNS_ADMIN ' is detected from ' pk_orders '
Errors in file /u01/app/oracle/diag/rdbms/ttprod/ttprod1/trace/ttprod1_ora_70837.trc
Beginning log switch checkpoint up to RBA
Undo initialization finished
Archived Log entry 127 added for thread 1 sequence 4281
TNS-12198: TNS:could not find path to destination
Current log# 541 seq# 6646 mem# 0
Starting background process VKTM
ORA-00843: Parameter not taking MEMORY_MAX_TARGET into account
Errors in file /u01/app/oracle/diag/rdbms/ttprod/ttprod1/trace/ttprod1_ora_67635.trc
ARC0: Archival started
Completed checkpoint up to RBA
ORA-38750: FLASHBACK DATABASE may not be performed using a dispatcher.
Beginning log switch checkpoint up to RBA
Undo initialization finished
Archived Log entry 527 added for thread 1 sequence 4596
ORA-15505: cannot start workload capture because instance session_1123 encountered errors while accessing directory " SP2-0552 "
Archived Log entry 647 added for thread 1 sequence 8211
Thread 1 advanced to log sequence 380
Thread 1 advanced to log sequence 836
Undo initialization finished
ORA-12425: cannot apply policies or set authorizations for system schemas
Thread 1 advanced to log sequence 373
ORA-13986: Error \ 1024 received from XPath engine
Beginning log switch checkpoint up to RBA
Thread 1 advanced to log sequence 799
Undo initialization finished
Undo initialization finished
NID-00403: DBNEWID - Completed with validation errors.
Undo initialization finished
Current log# 529 seq# 6392 mem# 0
Starting background process VKTM
ARC0: Archival started
ORA-56600: DRCP: Illegal call [ app_db ]
Errors in file /u01/app/oracle/diag/rdbms/ttprod/ttprod1/trace/ttprod1_ora_26566.trc
Thread 1 advanced to log sequence 558
Current log# 533 seq# 4932 mem# 0
Completed checkpoint up to RBA
Thread 1 advanced to log sequence 735
ARC0: Archival started
ORA-49407: No unpacking history in this home
ARC0: Archival started
Current log# 285 seq# 7597 mem# 0
Archived Log entry 702 added for thread 1 sequence 1562
Thread 1 advanced to log sequence 821
RMAN-06510: RMAN retention policy is set to recovery window of number days
Current log# 411 seq# 5783 mem# 0
ARC0: Archival started
Completed checkpoint up to RBA
Current log# 578 seq# 3775 mem# 0
Current log# 303 seq# 1209 mem# 0
ORA-33100: (APABBR02) Value ' number ' is not valid for the workspace object option.
Current log# 150 seq# 4879 mem# 0
Thread 1 advanced to log sequence 951
Beginning log switch checkpoint up to RBA
ORA-19635: input and output file names are identical: /u01/app/oracle/oradata/ttprod/users01.dbf
Errors in file /u01/app/oracle/diag/rdbms/ttprod/ttprod1/trace/ttprod1_ora_15628.trc
Starting background process VKTM
Starting background process VKTM
Archived Log entry 889 added for thread 1 sequence 1427
PCC-01202: Identifier " UNDOTBS1 " truncated to 31 characters
ARC0: Archival started
JMS-00441: {0} cannot be null
ARC0: Archival started
Current log# 145 seq# 3309 mem# 0
ARC0: Archival started
PCC-02109: SQLCHECK=NONE is no longer supported.. using SYNTAX
ARC0: Archival started
Undo initialization finished
Current log# 579 seq# 6370 mem# 0
Archived Log entry 97 added for thread 1 sequence 9629
Thread 1 advanced to log sequence 861
RMAN-08521: offline range RECID= UNDOTBS1 STAMP= 3
ARC0: Archival started
Undo initialization finished
Completed checkpoint up to RBA
Beginning log switch checkpoint up to RBA
Thread 1 advanced to log sequence 109
ORA-12093: invalid interim table " app_db "." CDR_STAGING "
Undo initialization finished
Current log# 380 seq# 8625 mem# 0
Archived Log entry 421 added for thread 1 sequence 8424
Archived Log entry 419 added for thread 1 sequence 5592
IMG-00841: image data allocation failed
ARC0: Archival started
Completed checkpoint up to RBA
Archived Log entry 363 added for thread 1 sequence 5119
Archived Log entry 766 added for thread 1 sequence 7313
RMAN-06798: Revoke succeeded.
Thread 1 advanced to log sequence 707
ORA-15072: command requires at least 5000 regular failure groups, discovered only /u01/app/oracle/oradata/ttprod/users01.dbf
Errors in file /u01/app/oracle/diag/rdbms/ttprod/ttprod1/trace/ttprod1_ora_56902.trc
Beginning log switch checkpoint up to RBA
Current log# 72 seq# 9844 mem# 0
Beginning log switch checkpoint up to RBA
ARC0: Archival started
ORA-25246: listen failed, the address TNS_ADMIN is an 8.0 style exception queue
Errors in file /u01/app/oracle/diag/rdbms/ttprod/ttprod1/trace/ttprod1_ora_34231.trc
Archived Log entry 107 added for thread 1 sequence 9392
PRCI-01143: Error executing the script {0} on nodes {1}
Beginning log switch checkpoint up to RBA
ORA-28121: driving context does not exist
Thread 1 advanced to log sequence 701
Starting background process VKTM
ARC0: Archival started
Thread 1 advanced to log sequence 460
Completed checkpoint up to RBA
CRS-09048: Error APP_USER42 : No data received from the Cluster Logger Service after number attempts
Archived Log entry 298 added for thread 1 sequence 8636
Thread 1 advanced to log sequence 134
Completed checkpoint up to RBA
ORA-01411: cannot store the length of column in the indicator
Errors in file /u01/app/oracle/diag/rdbms/ttprod/ttprod1/trace/ttprod1_ora_43076.trc
ARC0: Archival started
Thread 1 advanced to log sequence 466
DIA-48413: The number of orderby fields exceeds maximum number [ UNDOTBS1 ]
Current log# 694 seq# 4652 mem# 0
Beginning log switch checkpoint up to RBA
Beginning log switch checkpoint up to RBA
Beginning log switch checkpoint up to RBA
PRKO-02418: eONS is already enabled on node(s): {0}
Completed checkpoint up to RBA
Undo initialization finished
ORA-16818: fast-start failover suspended
Beginning log switch checkpoint up to RBA
ARC0: Archival started
Current log# 69 seq# 6352 mem# 0
DIA-48135: uninitialized file descriptor
Completed checkpoint up to RBA
Starting background process VKTM
Starting background process VKTM
Beginning log switch checkpoint up to RBA
Archived Log entry 40 added for thread 1 sequence 4491
RMAN-06082: datafile copy tag DATA_TS01 is ambiguous
Current log# 41 seq# 2495 mem# 0
ARC0: Archival started
Beginning log switch checkpoint up to RBA
Current log# 311 seq# 2105 mem# 0
Current log# 651 seq# 3967 mem# 0
ORA-09211: sfwfb: error writing to file
Errors in file /u01/app/oracle/diag/rdbms/ttprod/ttprod1/trace/ttprod1_ora_62355.trc
Completed checkpoint up to RBA
ARC0: Archival started
RMAN-08500: channel _SYSSMU12$ : SID= user_sessions device type= fk_order_customer
Current log# 137 seq# 2638 mem# 0
RMAN-05592: Dropping offline and skipped tablespaces
Starting background process VKTM
Thread 1 advanced to log sequence 562
RMAN-03018: asynchronous RPCs are working correctly
Current log# 390 seq# 7468 mem# 0
PRKO-02006: Invalid node name: {0}
Archived Log entry 358 added for thread 1 sequence 4696
Completed checkpoint up to RBA
ORA-22054: underflow error
Undo initialization finished
Completed checkpoint up to RBA
ARC0: Archival started
ARC0: Archival started
Undo initialization finished
ORA-53002: document name " session_1123 " already inserted
Archived Log entry 618 added for thread 1 sequence 4875
Starting background process VKTM
ORA-14454: attempt to reference temporary table in a referential integrity constraint
Archived Log entry 688 added for thread 1 sequence 5508
Thread 1 advanced to log sequence 475
Starting background process VKTM
RMAN-07215: Automated Repair Options
Completed checkpoint up to RBA
ORA-53027: invalid invocation of a macro 5000 that is partially defined
Undo initialization finished
Starting background process VKTM
Starting background process VKTM
Current log# 956 seq# 3832 mem# 0
Undo initialization finished
PGU-39103: RP rc %4li, large pool exit
Beginning log switch checkpoint up to RBA
Undo initialization finished
DRG-10569: table or column does not exist: pk_orders
Current log# 558 seq# 3213 mem# 0
Thread 1 advanced to log sequence 570
Beginning log switch checkpoint up to RBA
Completed checkpoint up to RBA
Archived Log entry 951 added for thread 1 sequence 6258
PLS-00598: comparison of object with NULL using " INVOICE_LINES_IDX " is not allowed
Errors in file /u01/app/oracle/diag/rdbms/ttprod/ttprod1/trace/ttprod1_ora_72630.trc
ARC0: Archival started
Thread 1 advanced to log sequence 551
Thread 1 advanced to log sequence 683
Undo initialization finished
Completed checkpoint up to RBA
CRS-01805: Unable to connect to the CSS daemon, return code number
Archived Log entry 257 added for thread 1 sequence 2775
Current log# 72 seq# 4165 mem# 0
Beginning log switch checkpoint up to RBA
Starting background process VKTM
ORA-14006: invalid partition name
Starting background process VKTM
PCB-00012: Command line option DYNAMIC=ANSI required with option TYPE_CODE=ANSI
Errors in file /u01/app/oracle/diag/rdbms/ttprod/ttprod1/trace/ttprod1_ora_10495.trc
Completed checkpoint up to RBA
Undo initialization finished
ORA-32740: The requested operation cannot be proceeded
Current log# 505 seq# 7438 mem# 0
Starting background process VKTM
Starting background process VKTM
NNL-00531: flush_name <name> : removes a name from caches along a route to an authoritative server
Archived Log entry 6 added for thread 1 sequence 5217
Archived Log entry 212 added for thread 1 sequence 8008
Archived Log entry 108 added for thread 1 sequence 5900
PRVF-05454: Qualifier "{0}" is not supported for "{1}"
Archived Log entry 961 added for thread 1 sequence 1957
Undo initialization finished
Current log# 608 seq# 7674 mem# 0
Completed checkpoint up to RBA
PRIF-00012: failed to initialize cluster support services
Archived Log entry 773 added for thread 1 sequence 8185
RMAN-06446: changed proxy copy unavailable
Starting background process VKTM
Beginning log switch checkpoint up to RBA
RMAN-08044: channel pk_orders : finished piece SYSAUX at ttprod2
Completed checkpoint up to RBA
Archived Log entry 252 added for thread 1 sequence 6410
Thread 1 advanced to log sequence 405
ORA-16037: user requested cancel of managed recovery operation
ARC0: Archival started
Starting background process VKTM
Beginning log switch checkpoint up to RBA
Current log# 506 seq# 5503 mem# 0
IMG-00205: cannot add a TIFF directory entry
Beginning log switch checkpoint up to RBA
Beginning log switch checkpoint up to RBA
Current log# 613 seq# 1468 mem# 0
Beginning log switch checkpoint up to RBA
ARC0: Archival started
ORA-12910: cannot specify temporary tablespace as default tablespace
Errors in file /u01/app/oracle/diag/rdbms/ttprod/ttprod1/trace/ttprod1_ora_77641.trc
Undo initialization finished
Beginning log switch checkpoint up to RBA
Archived Log entry 529 added for thread 1 sequence 5878
Thread 1 advanced to log sequence 26
ORA-07685: sou2os: supervisor stack set error
ARC0: Archival started
Archived Log entry 682 added for thread 1 sequence 2262
Undo initialization finished
Completed checkpoint up to RBA
Current log# 929 seq# 4292 mem# 0
LSX-00285: referenced key "~S" is not defined
Errors in file /u01/app/oracle/diag/rdbms/ttprod/ttprod1/trace/ttprod1_ora_80539.trc
Archived Log entry 949 added for thread 1 sequence 9667
Beginning log switch checkpoint up to RBA
Thread 1 advanced to log sequence 330
Completed checkpoint up to RBA
Beginning log switch checkpoint up to RBA
ORA-35749: (VCHEX01) ' character ' is not a valid hexadecimal digit.
Current log# 133 seq# 7059 mem# 0
Archived Log entry 84 added for thread 1 sequence 6438
Completed checkpoint up to RBA
ARC0: Archival started
Thread 1 advanced to log sequence 408
ORA-06315: IPA: Invalid connect 1024
Errors in file /u01/app/oracle/diag/rdbms/ttprod/ttprod1/trace/ttprod1_ora_87900.trc
Beginning log switch checkpoint up to RBA
Starting background process VKTM
ARC0: Archival started
PCC-00107: The CONNECT statement is Oracle implementation dependent
Undo initialization finished
Beginning log switch checkpoint up to RBA
Thread 1 advanced to log sequence 122
NNO-00328: server has reset statistic counters to zero
Current log# 643 seq# 4704 mem# 0
Completed checkpoint up to RBA
Completed checkpoint up to RBA
Archived Log entry 476 added for thread 1 sequence 1753
NZE-29109: Cannot create private key object.
Beginning log switch checkpoint up to RBA
ARC0: Archival started
Thread 1 advanced to log sequence 609
Archived Log entry 774 added for thread 1 sequence 7358
Starting background process VKTM
ORA-36826: (XSTBLFUNC14) OLAP C Looper is disabled by event 37395
Current log# 790 seq# 7453 mem# 0
Completed checkpoint up to RBA
ORA-12171: TNS:could not resolve connect identifier: 5000
Completed checkpoint up to RBA
Starting background process VKTM
Beginning log switch checkpoint up to RBA
NNO-00613: disabling FORWARDING-DESIRED on system queries
Thread 1 advanced to log sequence 979
Thread 1 advanced to log sequence 237
Completed checkpoint up to RBA
Completed checkpoint up to RBA
ORA-03119: two-task detected inconsistent datatype specification
Archived Log entry 50 added for thread 1 sequence 8048
ORA-28500: connection from ORACLE to a non-Oracle system returned this message:
Errors in file /u01/app/oracle/diag/rdbms/ttprod/ttprod1/trace/ttprod1_ora_59465.trc
Starting background process VKTM
Archived Log entry 704 added for thread 1 sequence 7861
ARC0: Archival started
RMAN-08051: cataloged archived log
Beginning log switch checkpoint up to RBA
Beginning log switch checkpoint up to RBA
Completed checkpoint up to RBA
Beginning log switch checkpoint up to RBA
ORA-16506: out of memory
Errors in file /u01/app/oracle/diag/rdbms/ttprod/ttprod1/trace/ttprod1_ora_11874.trc
Current log# 404 seq# 3244 mem# 0
ARC0: Archival started
Archived Log entry 186 added for thread 1 sequence 2864
Archived Log entry 799 added for thread 1 sequence 3034
ORA-30376: prevent sharing of a parsed query of an explain rewrite session
Errors in file /u01/app/oracle/diag/rdbms/ttprod/ttprod1/trace/ttprod1_ora_38873.trc
Beginning log switch checkpoint up to RBA
Thread 1 advanced to log sequence 875
NNO-00305: trace level changed from number to number
Errors in file /u01/app/oracle/diag/rdbms/ttprod/ttprod1/trace/ttprod1_ora_41263.trc
Archived Log entry 261 added for thread 1 sequence 4730
PRCD-01210: The service name {0} cannot be same as the database default service name {1}
Current log# 503 seq# 7543 mem# 0
NZE-28856: Buffer overflow error
Errors in file /u01/app/oracle/diag/rdbms/ttprod/ttprod1/trace/ttprod1_ora_67106.trc
Starting background process VKTM
ORA-14803: partition bound may not be specified for hash subpartitioned tables
Errors in file /u01/app/oracle/diag/rdbms/ttprod/ttprod1/trace/ttprod1_ora_79751.trc
Completed checkpoint up to RBA
INS-41804: An instance of a prior release Oracle ASM is running.
Starting background process VKTM
ARC0: Archival started
Thread 1 advanced to log sequence 542
ORA-31424: change table has active subscriptions
Undo initialization finished
Beginning log switch checkpoint up to RBA
Current log# 11 seq# 2447 mem# 0
Beginning log switch checkpoint up to RBA
ARC0: Archival started
CLSS-02001: local node number TNS_ADMIN , master node number NETWORK_OPS.SIM_INVENTORY
Beginning log switch checkpoint up to RBA
Current log# 1 seq# 2833 mem# 0
Current log# 470 seq# 3740 mem# 0
Archived Log entry 10 added for thread 1 sequence 8007
Undo initialization finished
RMAN-05071: TRANSPORT_SET_CHECK completed successfully
Completed checkpoint up to RBA
Archived Log entry 354 added for thread 1 sequence 8174
ORA-39027: wrong version of master table
ARC0: Archival started
Thread 1 advanced to log sequence 196
Completed checkpoint up to RBA
Starting background process VKTM
Starting background process VKTM
RMAN-06799: found eligible base catalog owned by UNDOTBS1
Starting background process VKTM
Completed checkpoint up to RBA
Archived Log entry 471 added for thread 1 sequence 4828
ORA-22917: use VARRAY to define the storage clause for this column or attribute
ARC0: Archival started
Undo initialization finished
Thread 1 advanced to log sequence 208
PRCH-01050: Failed while checking status of ASM "{0}"
ARC0: Archival started
Thread 1 advanced to log sequence 280
ARC0: Archival started
ORA-31501: change source ttprod1 is not an AutoLog change source
Current log# 478 seq# 2095 mem# 0
PLS-00399: different types of columns in UNION, INTERSECT, or MINUS expression
Completed checkpoint up to RBA
Undo initialization finished
ORA-14119: specified partition bound is too long
Archived Log entry 72 added for thread 1 sequence 7086
CRS-00012: An error occurred while attempting to rename file " pg_toast_12345 " to " PK_CUSTOMER_ACCOUNTS " during log file rotation. Additional diagnostics: 1024
Errors in file /u01/app/oracle/diag/rdbms/ttprod/ttprod1/trace/ttprod1_ora_32853.trc
Undo initialization finished
ARC0: Archival started
Current log# 832 seq# 3526 mem# 0
Current log# 592 seq# 7909 mem# 0
ORA-55353: invalid column name for label column _SYSSMU12$
Beginning log switch checkpoint up to RBA
Completed checkpoint up to RBA
Completed checkpoint up to RBA
Beginning log switch checkpoint up to RBA
Undo initialization finished
RMAN-02002: unexpected end of input file reached
Undo initialization finished
Beginning log switch checkpoint up to RBA
Starting background process VKTM
Starting background process VKTM
EXP-00033: Could not find environment character set
ARC0: Archival started
Thread 1 advanced to log sequence 691
Beginning log switch checkpoint up to RBA
Beginning log switch checkpoint up to RBA
Completed checkpoint up to RBA
RMAN-00556: could not open CMDFILE " user_sessions "
Current log# 340 seq# 5102 mem# 0
Beginning log switch checkpoint up to RBA
CRS-05815: Agent ' SYSAUX ' could not find any base type entry points for type ' NETWORK_OPS.SIM_INVENTORY '. Details at NETWORK_OPS.SIM_INVENTORY in APP_USER42 .
Starting background process VKTM
Undo initialization finished
PLS-00407: '*' not allowed here; a list of columns is required
Undo initialization finished
Beginning log switch checkpoint up to RBA
ORA-23343: no match for specified conflict resolution information
Errors in file /u01/app/oracle/diag/rdbms/ttprod/ttprod1/trace/ttprod1_ora_31455.trc
Undo initialization finished
Beginning log switch checkpoint up to RBA
ARC0: Archival started
ORA-32834: Messaging Gateway agent user has not been set
Errors in file /u01/app/oracle/diag/rdbms/ttprod/ttprod1/trace/ttprod1_ora_80450.trc
Archived Log entry 665 added for thread 1 sequence 7749
Archived Log entry 315 added for thread 1 sequence 5203
Current log# 363 seq# 8044 mem# 0
ORA-16783: cannot resolve gap for database 42
Errors in file /u01/app/oracle/diag/rdbms/ttprod/ttprod1/trace/ttprod1_ora_55234.trc
Archived Log entry 476 added for thread 1 sequence 7445
Beginning log switch checkpoint up to RBA
Current log# 483 seq# 9773 mem# 0
Beginning log switch checkpoint up to RBA
Current log# 389 seq# 2458 mem# 0
ORA-12631: Username retrieval failed
Starting background process VKTM
Archived Log entry 415 added for thread 1 sequence 6676
ARC0: Archival started
ORA-38305: object not in RECYCLE BIN
Starting background process VKTM
Beginning log switch checkpoint up to RBA
Undo initialization finished
Archived Log entry 403 added for thread 1 sequence 5794
CRS-00006: file rotation processing continues for file: " NETWORK_OPS.SIM_INVENTORY "
Errors in file /u01/app/oracle/diag/rdbms/ttprod/ttprod1/trace/ttprod1_ora_32724.trc
Current log# 417 seq# 5603 mem# 0
ORA-12918: Invalid tablespace type for default permanent tablespace
Starting background process VKTM
Beginning log switch checkpoint up to RBA
OCI-04031: unable to allocate /u01/app/oracle/oradata/ttprod/users01.dbf bytes of shared memory (" ttstandby01 "," 1024 "," 1024 ")
ARC0: Archival started
Starting background process VKTM
Thread 1 advanced to log sequence 11
KUP-11018: file APP_USER42 not a valid dump file
Completed checkpoint up to RBA
RMAN-07200: no failures found that match specification
Starting background process VKTM
Thread 1 advanced to log sequence 420
ARC0: Archival started
ORA-10640: Operation not permitted during SYSTEM tablespace migration
Errors in file /u01/app/oracle/diag/rdbms/ttprod/ttprod1/trace/ttprod1_ora_55337.trc
Undo initialization finished
Beginning log switch checkpoint up to RBA
Current log# 488 seq# 3141 mem# 0
Archived Log entry 490 added for thread 1 sequence 4472
Archived Log entry 181 added for thread 1 sequence 3415
ORA-13354: incorrect offset in ELEM_INFO_ARRAY
Undo initialization finished
ARC0: Archival started
Completed checkpoint up to RBA
IMG-00204: input metadata too long
Completed checkpoint up to RBA
Thread 1 advanced to log sequence 525
Beginning log switch checkpoint up to RBA
EVM-00031: Event name has too few components
Archived Log entry 39 added for thread 1 sequence 1756
Completed checkpoint up to RBA
PRKU-01019: Run the following command as administrator.
Undo initialization finished
Beginning log switch checkpoint up to RBA
Starting background process VKTM
Undo initialization finished
LFI-01522: opendir() failed.
Archived Log entry 758 added for thread 1 sequence 2538
Undo initialization finished
RMAN-05071: TRANSPORT_SET_CHECK completed successfully
Current log# 537 seq# 9192 mem# 0
Archived Log entry 251 added for thread 1 sequence 3369
Current log# 550 seq# 7475 mem# 0
Thread 1 advanced to log sequence 43
RMAN-08021: channel SP2-0552 : restoring control file
Starting background process VKTM
Starting background process VKTM
Thread 1 advanced to log sequence 413
Undo initialization finished
PROC-00109: Network address and interface operations error
Thread 1 advanced to log sequence 984
Beginning log switch checkpoint up to RBA
Undo initialization finished
RMAN-06778: WARNING: 3 : sqlcode number was caught, automatic retry # PK_CUSTOMER_ACCOUNTS
Errors in file /u01/app/oracle/diag/rdbms/ttprod/ttprod1/trace/ttprod1_ora_51658.trc
ARC0: Archival started
Current log# 418 seq# 9338 mem# 0
Beginning log switch checkpoint up to RBA
PGU-42003: COPY reserved word found within a COPY clause
Beginning log switch checkpoint up to RBA
Current log# 63 seq# 9871 mem# 0
PLS-00714: supertypes's AUTHID is DEFINER but supertype and subtype are not in same schema
ARC0: Archival started
Undo initialization finished
Undo initialization finished
Archived Log entry 787 added for thread 1 sequence 5433
Current log# 960 seq# 8190 mem# 0
ORA-01048: Couldn't find the specified procedure in the given context
Undo initialization finished
Completed checkpoint up to RBA
ARC0: Archival started
Thread 1 advanced to log sequence 946
ORA-40221: maximum target cardinality exceeded
Completed checkpoint up to RBA
Starting background process VKTM
Beginning log switch checkpoint up to RBA
Thread 1 advanced to log sequence 988
Beginning log switch checkpoint up to RBA
ORA-29342: user SYSAUX does not exist in the database
Beginning log switch checkpoint up to RBA
Thread 1 advanced to log sequence 865
TNS-00090: * Interchange - will ask the Interchange
Completed checkpoint up to RBA
Starting background process VKTM
Starting background process VKTM
ORA-04031: Unable to allocate shared memory (shared pool)
Current log# 95 seq# 7690 mem# 0
Starting background process VKTM
ORA-16648: a new observer registered with identifier idx_users_email
Undo initialization finished
Completed checkpoint up to RBA
Thread 1 advanced to log sequence 601
Completed checkpoint up to RBA
ORA-33100: (APABBR02) Value ' number ' is not valid for the workspace object option.
Errors in file /u01/app/oracle/diag/rdbms/ttprod/ttprod1/trace/ttprod1_ora_36114.trc
Completed checkpoint up to RBA
Current log# 18 seq# 7719 mem# 0
ARC0: Archival started
Completed checkpoint up to RBA
ORA-54033: column to be modified is used in a virtual column expression
Archived Log entry 478 added for thread 1 sequence 5131
ARC0: Archival started
Undo initialization finished
ORA-32420: unsupported fast refreshable materialized view defined on detail tables which have commit SCN-based materialized view logs
Completed checkpoint up to RBA
Beginning log switch checkpoint up to RBA
Thread 1 advanced to log sequence 936
Undo initialization finished
ARC0: Archival started
ORA-14263: new subpartition name must differ from that of any other subpartition of the object
Starting background process VKTM
Thread 1 advanced to log sequence 775
Starting background process VKTM
KUP-00552: internal XAD package failed to load
Starting background process VKTM
Thread 1 advanced to log sequence 79
Beginning log switch checkpoint up to RBA
INS-32060: Insufficient permissions granted to create directory fk_order_customer on node shared pool .
ARC0: Archival started
Completed checkpoint up to RBA
Beginning log switch checkpoint up to RBA
Completed checkpoint up to RBA
ORA-13121: layer type type mismatch with topo_geometry layer type
Completed checkpoint up to RBA
Completed checkpoint up to RBA
ARC0: Archival started
Current log# 366 seq# 2141 mem# 0
ARC0: Archival started
ORA-24153: rule set DATA_TS01 . CRM.CALL_DETAIL_RECORDS already exists
Starting background process VKTM
PRVF-05450: Constraint type does not match
Current log# 446 seq# 3434 mem# 0
ORA-31142: Must specify the schema for each listener
Completed checkpoint up to RBA
Starting background process VKTM
Beginning log switch checkpoint up to RBA
Undo initialization finished
Starting background process VKTM
PLS-00215: String length constraints must be in range (1 .. 32767)
Current log# 171 seq# 6338 mem# 0
Starting background process VKTM
Undo initialization finished
ARC0: Archival started
Archived Log entry 13 added for thread 1 sequence 4486
CRS-02681: Clean of ' ttprod1 ' on ' app_db ' succeeded
Current log# 42 seq# 7249 mem# 0
ORA-22374: cannot reset the version of a type with table dependents
ARC0: Archival started
ORA-14057: partition " pk_orders ": sum of PCTUSED and PCTFREE may not exceed 100
Archived Log entry 486 added for thread 1 sequence 3739
Beginning log switch checkpoint up to RBA
Current log# 292 seq# 7071 mem# 0
ORA-01138: database must either be open in this instance or not at all
Undo initialization finished
Current log# 480 seq# 1458 mem# 0
ARC0: Archival started
Undo initialization finished
Completed checkpoint up to RBA
RMAN-11003: failure during parse/execution of SQL statement: INVOICE_LINES_IDX
Thread 1 advanced to log sequence 509
RMAN-06470: DEVICE TYPE is supported only when automatic channels are used
ARC0: Archival started
Beginning log switch checkpoint up to RBA
ORA-13267: error reading data from layer table app_db
Starting background process VKTM
Thread 1 advanced to log sequence 739
Thread 1 advanced to log sequence 382
Beginning log switch checkpoint up to RBA
ORA-13854: Tracing for service(module/action) UNDOTBS1 on instance large pool is not enabled
ARC0: Archival started
Undo initialization finished
CRS-02565: Attempt to relocate resource ' NETWORK_OPS.SIM_INVENTORY ' to ' BILLING.CUST_ORDERS ' has failed. Will re-retry on ' APP_USER42 ' now.
Errors in file /u01/app/oracle/diag/rdbms/ttprod/ttprod1/trace/ttprod1_ora_27971.trc
Undo initialization finished
Thread 1 advanced to log sequence 834
Current log# 150 seq# 5080 mem# 0
ORA-38724: Invalid option to the FLASHBACK DATABASE command.
Thread 1 advanced to log sequence 947
Beginning log switch checkpoint up to RBA
Current log# 43 seq# 6545 mem# 0
ORA-25218: enqueue failed, delay must be zero for queue reporting_schema . BILLING.CUST_ORDERS
Beginning log switch checkpoint up to RBA
Beginning log switch checkpoint up to RBA
Undo initialization finished
ARC0: Archival started
Starting background process VKTM
RMAN-06750: SPFILE cannot be backed up by proxy.
Current log# 916 seq# 7101 mem# 0
Completed checkpoint up to RBA
ARC0: Archival started
Archived Log entry 558 added for thread 1 sequence 2886
ORA-54512: a vertex of an inner solid is outside corresponding outer solid
Errors in file /u01/app/oracle/diag/rdbms/ttprod/ttprod1/trace/ttprod1_ora_20427.trc
ARC0: Archival started
OCI-31165: cannot load object-relational XML attribute using direct path
Errors in file /u01/app/oracle/diag/rdbms/ttprod/ttprod1/trace/ttprod1_ora_13983.trc
Starting background process VKTM
ORA-29315: tablespace ' session_1123 ' has been recreated
Completed checkpoint up to RBA
Current log# 494 seq# 4975 mem# 0
Archived Log entry 140 added for thread 1 sequence 4523
Starting background process VKTM
Archived Log entry 646 added for thread 1 sequence 6392
ORA-53500: Not a DICOM image.
Current log# 660 seq# 7289 mem# 0
Completed checkpoint up to RBA
ORA-47382: OLS Policy Label idx_users_email not found for policy ttprod2
Beginning log switch checkpoint up to RBA
Undo initialization finished
Starting background process VKTM
Current log# 406 seq# 2827 mem# 0
ORA-12018: following error encountered during code generation for " SYSAUX "." CRM.CALL_DETAIL_RECORDS "
Archived Log entry 934 added for thread 1 sequence 1470
Current log# 1 seq# 4501 mem# 0
Thread 1 advanced to log sequence 180
Beginning log switch checkpoint up to RBA
NID-00402: Must finish change or REVERT changes before attempting any database operation.
Archived Log entry 216 added for thread 1 sequence 2870
Starting background process VKTM
Archived Log entry 607 added for thread 1 sequence 4947
ORA-13429: invalid xCoefficients or yCoefficients parameter(s)
ARC0: Archival started
Archived Log entry 900 added for thread 1 sequence 8400
Current log# 958 seq# 2118 mem# 0
ARC0: Archival started
ORA-48323: Specified pathname [ session_1123 ] must be inside current ADR home
ARC0: Archival started
Beginning log switch checkpoint up to RBA
ORA-48144: error encounted while performing standard file I/O
Undo initialization finished
Archived Log entry 217 added for thread 1 sequence 9622
Starting background process VKTM
Archived Log entry 198 added for thread 1 sequence 8246
Current log# 607 seq# 9926 mem# 0
RMAN-08186: tempfile PK_CUSTOMER_ACCOUNTS size altered in control file
Errors in file /u01/app/oracle/diag/rdbms/ttprod/ttprod1/trace/ttprod1_ora_27823.trc
ARC0: Archival started
Current log# 44 seq# 9370 mem# 0
ORA-36862: (XSTFRC02) Column number for this SQL Cache must be between 1 and number . Specified column number number is invalid.
Completed checkpoint up to RBA
Undo initialization finished
Current log# 656 seq# 2770 mem# 0
ORA-02450: Invalid hash option - missing keyword IS
Archived Log entry 584 added for thread 1 sequence 1763
Current log# 809 seq# 6808 mem# 0
Completed checkpoint up to RBA
PRVF-09107: Could not retrieve the version of Linux RPM package on node:
Archived Log entry 411 added for thread 1 sequence 8620
Thread 1 advanced to log sequence 835
Beginning log switch checkpoint up to RBA
Starting background process VKTM
ORA-13651: The specified list of execution parameters is invalid.
Current log# 627 seq# 2265 mem# 0
Archived Log entry 979 added for thread 1 sequence 1842
Starting background process VKTM
Undo initialization finished
Starting background process VKTM
RMAN-06783: Update of datafile headers of locally managed datafiles finished.
Current log# 194 seq# 3186 mem# 0
ARC0: Archival started
Completed checkpoint up to RBA
LPX-01018: [XPTY0018] Path last step contains both nodes and atomic values
ARC0: Archival started
Completed checkpoint up to RBA
Archived Log entry 787 added for thread 1 sequence 1962
Current log# 821 seq# 2313 mem# 0
PCC-02154: Close file: session_1123
Completed checkpoint up to RBA
Completed checkpoint up to RBA
Archived Log entry 574 added for thread 1 sequence 1933
Completed checkpoint up to RBA
Completed checkpoint up to RBA
NNO-00064: loading domain data from checkpoint file " large pool "
Undo initialization finished
RMAN-08630: allocating the required resources on Oracle Availability Machine
Undo initialization finished
Completed checkpoint up to RBA
RMAN-06803: created virtual catalog against base catalog owned by USERS
Archived Log entry 364 added for thread 1 sequence 8823
ORA-01192: must have at least one enabled thread
ARC0: Archival started
ORA-39926: Join index between table app_db . ttprod2 in tablespace DATA_TS01 and table APP_USER42 . CRM.CALL_DETAIL_RECORDS in tablespace pg_toast_12345 .
ARC0: Archival started
Archived Log entry 561 added for thread 1 sequence 7194
Current log# 604 seq# 5039 mem# 0
Undo initialization finished
ORA-47261: Realm Authorization to ttprod1 for Realm 17 not found
Thread 1 advanced to log sequence 591
Starting background process VKTM
Starting background process VKTM
ORA-37101: (XSVPART01) Partitioning information can only be given for variables dimensioned by a PARTITION TEMPLATE.
Starting background process VKTM
NPL-00303: uninitialized ASN.1 class attribute
Thread 1 advanced to log sequence 2
Thread 1 advanced to log sequence 501
Beginning log switch checkpoint up to RBA
Undo initialization finished
INS-35207: The location BILLING.CUST_ORDERS you selected is on an Oracle ASM Cluster File System (ACFS).
Thread 1 advanced to log sequence 953
Undo initialization finished
Thread 1 advanced to log sequence 305
ORA-09797: Failed to get O/S MAC privileges.
Current log# 188 seq# 6195 mem# 0
ORA-27483: " 42 . ttprod1 " has an invalid END_DATE
Errors in file /u01/app/oracle/diag/rdbms/ttprod/ttprod1/trace/ttprod1_ora_41005.trc
ARC0: Archival started
Completed checkpoint up to RBA
Thread 1 advanced to log sequence 895
UDE-00019: ' CDR_STAGING ' parameter list is too long.
Beginning log switch checkpoint up to RBA
Starting background process VKTM
Current log# 518 seq# 5711 mem# 0
Archived Log entry 527 added for thread 1 sequence 5030
Archived Log entry 230 added for thread 1 sequence 3492
OCI-31040: Property UNDOTBS1 : XML type ( session_1123 ) not compatible with internal memory type ( reporting_schema )
Undo initialization finished
Starting background process VKTM
Current log# 161 seq# 4104 mem# 0
Starting background process VKTM
PRCD-01033: The server pool of service {0} is different from the server pool of database {1}
Archived Log entry 76 added for thread 1 sequence 6344
Undo initialization finished
Current log# 220 seq# 8451 mem# 0
QSM-02053: collection subquery in mv
ARC0: Archival started
Starting background process VKTM
Completed checkpoint up to RBA
TNS-00065: INTCTL: Command cannot be executed remotely
Errors in file /u01/app/oracle/diag/rdbms/ttprod/ttprod1/trace/ttprod1_ora_50129.trc
Thread 1 advanced to log sequence 730
Current log# 106 seq# 5674 mem# 0
ORA-19914: unable to encrypt backup
Thread 1 advanced to log sequence 245
ORA-24504: data length larger than expected
Errors in file /u01/app/oracle/diag/rdbms/ttprod/ttprod1/trace/ttprod1_ora_83555.trc
Thread 1 advanced to log sequence 40
Undo initialization finished
Current log# 807 seq# 4381 mem# 0
RMAN-06724: backup not done; all files already backed up
Errors in file /u01/app/oracle/diag/rdbms/ttprod/ttprod1/trace/ttprod1_ora_47719.trc
Current log# 609 seq# 3690 mem# 0
Archived Log entry 866 added for thread 1 sequence 3453
Starting background process VKTM
ORA-09879: sstascre/sstasat: shmat error, unable to attach tas read page
Archived Log entry 437 added for thread 1 sequence 2503
Completed checkpoint up to RBA
ARC0: Archival started
ARC0: Archival started
DIA-48316: relation [ _SYSSMU12$ ] unavailable or cannot be created
Thread 1 advanced to log sequence 953
Undo initialization finished
Completed checkpoint up to RBA
PRCR-01067: Failed to create a filter
Beginning log switch checkpoint up to RBA
OCI-22277: cannot use two different locators to modify the same LOB
Beginning log switch checkpoint up to RBA
Beginning log switch checkpoint up to RBA
RMAN-08514: archived log file name= shared pool RECID= /u01/app/oracle/oradata/ttprod/users01.dbf STAMP= 3
Starting background process VKTM
Current log# 71 seq# 3120 mem# 0
Thread 1 advanced to log sequence 554
Current log# 135 seq# 8351 mem# 0
Beginning log switch checkpoint up to RBA
ORA-09280: sllfcf: error closing file
Errors in file /u01/app/oracle/diag/rdbms/ttprod/ttprod1/trace/ttprod1_ora_90752.trc
Archived Log entry 890 added for thread 1 sequence 4588
PRVF-05642: Unable to create the directory "{0}"
Current log# 182 seq# 9768 mem# 0
Current log# 292 seq# 4010 mem# 0
Starting background process VKTM
Starting background process VKTM
NNL-00299: Scheduled server cache dump to occur in /u01/app/oracle/oradata/ttprod/users01.dbf
Beginning log switch checkpoint up to RBA
Archived Log entry 663 added for thread 1 sequence 9861
Thread 1 advanced to log sequence 283
ORA-39907: Index 3 . DATA_TS01 in tablespace session_1123 points to table fk_order_customer . DATA_TS01 in tablespace 1024 .
Errors in file /u01/app/oracle/diag/rdbms/ttprod/ttprod1/trace/ttprod1_ora_14258.trc
Thread 1 advanced to log sequence 967
Thread 1 advanced to log sequence 75
Current log# 257 seq# 3795 mem# 0
Undo initialization finished
Archived Log entry 560 added for thread 1 sequence 5856
ORA-16123: transaction NETWORK_OPS.SIM_INVENTORY reporting_schema SYSAUX is waiting for commit approval
Archived Log entry 196 added for thread 1 sequence 6718
Completed checkpoint up to RBA
ARC0: Archival started
ORA-16240: Waiting for log file (thread# 1024 , sequence# SYSAUX )
Errors in file /u01/app/oracle/diag/rdbms/ttprod/ttprod1/trace/ttprod1_ora_77452.trc
Completed checkpoint up to RBA
ORA-28558: HS_FDS_CONNECT_STRING undefined for non-Oracle system
Beginning log switch checkpoint up to RBA
Thread 1 advanced to log sequence 736
Thread 1 advanced to log sequence 454
NNL-00015: type " CRM.CALL_DETAIL_RECORDS " has " reporting_schema " syntax, which has no textual representation
Completed checkpoint up to RBA
Undo initialization finished
Current log# 365 seq# 6016 mem# 0
ARC0: Archival started
Starting background process VKTM
ORA-01028: internal two task error
Current log# 263 seq# 2587 mem# 0
ORA-46340: Command cannot have both BY <user-list> and IN SESSION <session-information> clauses together
Errors in file /u01/app/oracle/diag/rdbms/ttprod/ttprod1/trace/ttprod1_ora_43690.trc
Thread 1 advanced to log sequence 212
Archived Log entry 274 added for thread 1 sequence 4687
Starting background process VKTM
Current log# 726 seq# 3876 mem# 0
DIA-48265: Incorrect number of arguments ( PK_CUSTOMER_ACCOUNTS ) provided - expected ( large pool )
Undo initialization finished
Completed checkpoint up to RBA
NID-00337: The following datafiles are read-only:
Current log# 604 seq# 9661 mem# 0
Thread 1 advanced to log sequence 329
ORA-09949: Unable to get client operating system privileges
Undo initialization finished
Archived Log entry 265 added for thread 1 sequence 3645
Archived Log entry 838 added for thread 1 sequence 7951
Starting background process VKTM
ORA-07841: sllfop: SYS$OPEN failure
Thread 1 advanced to log sequence 572
RMAN-05033: Media recovery start SCN is BILLING.CUST_ORDERS
Errors in file /u01/app/oracle/diag/rdbms/ttprod/ttprod1/trace/ttprod1_ora_10474.trc
Beginning log switch checkpoint up to RBA
ARC0: Archival started
Archived Log entry 575 added for thread 1 sequence 1937
Current log# 611 seq# 8892 mem# 0
Starting background process VKTM
RMAN-06797: Grant succeeded.
Archived Log entry 198 added for thread 1 sequence 2624
Starting background process VKTM
Beginning log switch checkpoint up to RBA
Archived Log entry 21 added for thread 1 sequence 6724
Current log# 598 seq# 1840 mem# 0
KUP-01008: the bad identifier was: SP2-0552
Completed checkpoint up to RBA
Thread 1 advanced to log sequence 576
Undo initialization finished
Starting background process VKTM
Thread 1 advanced to log sequence 456
RMAN-08119: skipping backup piece handle reporting_schema ; already exists
Beginning log switch checkpoint up to RBA
Thread 1 advanced to log sequence 810
Thread 1 advanced to log sequence 292
PCC-00101: Lower case 'e' in floating point number is not ANSI
Beginning log switch checkpoint up to RBA
PCB-00222: Size for host variable _SYSSMU12$ exceeds maximum size
Errors in file /u01/app/oracle/diag/rdbms/ttprod/ttprod1/trace/ttprod1_ora_35048.trc
Undo initialization finished
Starting background process VKTM
ORA-36618: (XSAGMODDIM00) workspace object is not a valid dynamic model for AGGMAP.
Errors in file /u01/app/oracle/diag/rdbms/ttprod/ttprod1/trace/ttprod1_ora_44149.trc
Thread 1 advanced to log sequence 582
Starting background process VKTM
Undo initialization finished
Thread 1 advanced to log sequence 273
PLS-00717: method ' pg_toast_12345 ' does not have matching signature among existing methods
Beginning log switch checkpoint up to RBA
Undo initialization finished
Completed checkpoint up to RBA
Beginning log switch checkpoint up to RBA
ORA-01478: array bind may not include any LONG columns
Completed checkpoint up to RBA
Undo initialization finished
RMAN-07526: Reason: File is not an Oracle Managed File
Thread 1 advanced to log sequence 796
Archived Log entry 667 added for thread 1 sequence 8871
QSM-01351: query inline view has no matching objects with any materialized view inline views
Thread 1 advanced to log sequence 859
PCC-02081: CMD-LINE: Unterminated option value list or value list was truncated.
Errors in file /u01/app/oracle/diag/rdbms/ttprod/ttprod1/trace/ttprod1_ora_20686.trc
Current log# 294 seq# 1665 mem# 0
Thread 1 advanced to log sequence 86
ORA-25429: Break request cannot be propagated over shared database link.
ARC0: Archival started
Completed checkpoint up to RBA
Starting background process VKTM
Thread 1 advanced to log sequence 708
Completed checkpoint up to RBA
TNS-04016: Connecting to reporting_schema
Completed checkpoint up to RBA
Current log# 814 seq# 1002 mem# 0
ORA-13469: cannot perform updateRaster operation
Thread 1 advanced to log sequence 285
Completed checkpoint up to RBA
Starting background process VKTM
ORA-31208: DBMS_LDAP: PL/SQL - Invalid LDAP Message.
Errors in file /u01/app/oracle/diag/rdbms/ttprod/ttprod1/trace/ttprod1_ora_69300.trc
ARC0: Archival started
Thread 1 advanced to log sequence 405
ARC0: Archival started
OCI-01884: divisor is equal to zero
Errors in file /u01/app/oracle/diag/rdbms/ttprod/ttprod1/trace/ttprod1_ora_56054.trc
Thread 1 advanced to log sequence 40
Starting background process VKTM
Current log# 713 seq# 5269 mem# 0
ORA-64131: XMLIndex Metadata: failure during the looking up of the dictionary
Current log# 590 seq# 5374 mem# 0
Thread 1 advanced to log sequence 135
Starting background process VKTM
Current log# 29 seq# 6756 mem# 0
ORA-07636: smsdbp: $MGBLSC failure
Starting background process VKTM
Archived Log entry 186 added for thread 1 sequence 9637
CRS-01236: Error enumerating subkeys for key ' fk_order_customer ' in OCR. Details at /u01/app/oracle/oradata/ttprod/users01.dbf in SP2-0552 .
Current log# 490 seq# 3618 mem# 0
PCC-00028: Option " 42 " not legal as EXEC ORACLE OPTION
Current log# 459 seq# 2535 mem# 0
Starting background process VKTM
Starting background process VKTM
Thread 1 advanced to log sequence 932
ORA-16513: maximum requests exceeded
Completed checkpoint up to RBA
Undo initialization finished
Undo initialization finished
Completed checkpoint up to RBA
ORA-09935: Unlink of current password file failed.
Completed checkpoint up to RBA
NID-00371: Change database name of database NETWORK_OPS.SIM_INVENTORY to _SYSSMU7$ ? (Y/[N]) =>
Beginning log switch checkpoint up to RBA
Undo initialization finished
Archived Log entry 269 added for thread 1 sequence 5192
Completed checkpoint up to RBA
LSX-00149: duplicated ID specified in "~S"
Beginning log switch checkpoint up to RBA
Thread 1 advanced to log sequence 100
Beginning log switch checkpoint up to RBA
RMAN-08009: channel DATA_TS01 : starting archived log backup set
Current log# 467 seq# 8603 mem# 0
Undo initialization finished
Current log# 2 seq# 4107 mem# 0
Starting background process VKTM
ORA-30352: inconsistent numeric precision or PK_CUSTOMER_ACCOUNTS length
Completed checkpoint up to RBA
ARC0: Archival started
Undo initialization finished
Undo initialization finished
XOQ-01748: Dimension member " BILLING.CUST_ORDERS " is already a member of dimension " /u01/app/oracle/oradata/ttprod/users01.dbf ".
Completed checkpoint up to RBA
Thread 1 advanced to log sequence 207
Current log# 542 seq# 9913 mem# 0
Archived Log entry 622 added for thread 1 sequence 3540
Starting background process VKTM
RMAN-08154: deleted script: CRM.CALL_DETAIL_RECORDS
Errors in file /u01/app/oracle/diag/rdbms/ttprod/ttprod1/trace/ttprod1_ora_85192.trc
Beginning log switch checkpoint up to RBA
Completed checkpoint up to RBA
Beginning log switch checkpoint up to RBA
Completed checkpoint up to RBA
RMAN-06513: copy will never be obsolete
Completed checkpoint up to RBA
Thread 1 advanced to log sequence 258
Thread 1 advanced to log sequence 511
Undo initialization finished
Completed checkpoint up to RBA
ORA-14025: PARTITION may not be specified for a materialized view or a materialized view log
Errors in file /u01/app/oracle/diag/rdbms/ttprod/ttprod1/trace/ttprod1_ora_93002.trc
ARC0: Archival started
Thread 1 advanced to log sequence 350
Current log# 382 seq# 5404 mem# 0
ARC0: Archival started
NNL-01067: Trace level: number
Starting background process VKTM
Starting background process VKTM
ARC0: Archival started
Beginning log switch checkpoint up to RBA
Beginning log switch checkpoint up to RBA
ORA-16304: procedure must first be called on primary database
ARC0: Archival started
Completed checkpoint up to RBA
PGA-22014: Transaction code length of number exceeds the maximum of number
Current log# 30 seq# 9095 mem# 0
INS-41109: Configured network mask pk_orders for the interface CRM.CALL_DETAIL_RECORDS is not same across all cluster nodes.
Current log# 853 seq# 6848 mem# 0
Archived Log entry 879 added for thread 1 sequence 7084
NZE-43000: pkcs11 library not found
Completed checkpoint up to RBA
Thread 1 advanced to log sequence 344
RMAN-06534: archived logs required to recover from this backup will be backed up
ARC0: Archival started
Thread 1 advanced to log sequence 507
Completed checkpoint up to RBA
Starting background process VKTM
RMAN-06785: This operation might take some time.
Completed checkpoint up to RBA
Thread 1 advanced to log sequence 463
Completed checkpoint up to RBA
RMAN-20001: target database not found in recovery catalog
Starting background process VKTM
Beginning log switch checkpoint up to RBA
Thread 1 advanced to log sequence 828
Current log# 189 seq# 4625 mem# 0
CRS-05026: Failed to clean mount point " CRM.CALL_DETAIL_RECORDS "; details at " shared pool " in " ttprod1 "
ARC0: Archival started
Starting background process VKTM
Thread 1 advanced to log sequence 767
PGU-30000: transaction CRM.CALL_DETAIL_RECORDS , version NETWORK_OPS.SIM_INVENTORY specification generated to file APP_USER42
Errors in file /u01/app/oracle/diag/rdbms/ttprod/ttprod1/trace/ttprod1_ora_65436.trc
Current log# 649 seq# 1105 mem# 0
ARC0: Archival started
ARC0: Archival started
Completed checkpoint up to RBA
Archived Log entry 805 added for thread 1 sequence 3397
NID-00307: Control File shared pool - dbid changed, wrote new name
Archived Log entry 748 added for thread 1 sequence 5903
ARC0: Archival started
Thread 1 advanced to log sequence 209
Archived Log entry 753 added for thread 1 sequence 8361
Current log# 914 seq# 2920 mem# 0
PCC-00102: FOR UPDATE is an Oracle extension
Thread 1 advanced to log sequence 205
Archived Log entry 825 added for thread 1 sequence 5267
Undo initialization finished
Thread 1 advanced to log sequence 900
PCB-00302: This statement is not supported by ANSI
Beginning log switch checkpoint up to RBA
ORA-44753: Change to minOccurs attribute of element ' 42 ' is illegal
Current log# 36 seq# 2802 mem# 0
ORA-04033: Insufficient memory to grow pool
Errors in file /u01/app/oracle/diag/rdbms/ttprod/ttprod1/trace/ttprod1_ora_62130.trc
Completed checkpoint up to RBA
Completed checkpoint up to RBA
Beginning log switch checkpoint up to RBA
ORA-54534: incorrect box surface due to wrong specification
Errors in file /u01/app/oracle/diag/rdbms/ttprod/ttprod1/trace/ttprod1_ora_98785.trc
Starting background process VKTM
Undo initialization finished
Completed checkpoint up to RBA
Undo initialization finished
ORA-09952: scgcmn: lk_open_convert unexpected return: open failed
Beginning log switch checkpoint up to RBA
Undo initialization finished
Completed checkpoint up to RBA
Completed checkpoint up to RBA
Archived Log entry 337 added for thread 1 sequence 6412
ORA-01301: error writing to file during flat file build
Archived Log entry 676 added for thread 1 sequence 1636
ARC0: Archival started
PLS-00653: aggregate/table functions are not allowed in PL/SQL scope
Errors in file /u01/app/oracle/diag/rdbms/ttprod/ttprod1/trace/ttprod1_ora_97478.trc
ARC0: Archival started
Current log# 861 seq# 9251 mem# 0
Beginning log switch checkpoint up to RBA
ORA-39938: Operation not supported, tablespace USERS contains binary XML data.
Errors in file /u01/app/oracle/diag/rdbms/ttprod/ttprod1/trace/ttprod1_ora_23581.trc
ARC0: Archival started
PROT-00030: The Oracle Cluster Registry location to be added is not usable
Current log# 754 seq# 4409 mem# 0
LFI-01521: fsync() failed(OSD return value = pk_orders ) in session_1123 .
Starting background process VKTM
Beginning log switch checkpoint up to RBA
Current log# 956 seq# 1101 mem# 0
DRG-11531: start token not found on line ttprod1
Beginning log switch checkpoint up to RBA
Starting background process VKTM
Undo initialization finished
Thread 1 advanced to log sequence 265
ORA-23367: table TNS_ADMIN is missing the primary key
Completed checkpoint up to RBA
ORA-24097: Invalid value 17 , CRM.CALL_DETAIL_RECORDS should be non-negative
Undo initialization finished
Undo initialization finished
Beginning log switch checkpoint up to RBA
Completed checkpoint up to RBA
RMAN-06567: connected to auxiliary database: user_sessions (DBID= CDR_STAGING , not open)
Beginning log switch checkpoint up to RBA
Thread 1 advanced to log sequence 996
ORA-31642: the following SQL statement fails: 3
Completed checkpoint up to RBA
Starting background process VKTM
Starting background process VKTM
Completed checkpoint up to RBA
ORA-30946: XML Schema Evolution warning: temporary tables not cleaned up
Starting background process VKTM
Current log# 317 seq# 4365 mem# 0
ORA-25191: cannot reference overflow table of an index-organized table
Undo initialization finished
Archived Log entry 348 added for thread 1 sequence 2664
Archived Log entry 356 added for thread 1 sequence 7628
ORA-23476: cannot import from INVOICE_LINES_IDX to /u01/app/oracle/oradata/ttprod/users01.dbf
ARC0: Archival started
ARC0: Archival started
Completed checkpoint up to RBA
ARC0: Archival started
Beginning log switch checkpoint up to RBA
ORA-01955: DEFAULT ROLE ' ttprod2 ' not granted to user
ARC0: Archival started
Current log# 462 seq# 6471 mem# 0
ARC0: Archival started
DIA-48436: File [ PK_CUSTOMER_ACCOUNTS ] does not exist
Starting background process VKTM
Beginning log switch checkpoint up to RBA
Undo initialization finished
Starting background process VKTM
Archived Log entry 251 added for thread 1 sequence 6456
ORA-07468: spwat: mset error, unable to set semaphore.
Errors in file /u01/app/oracle/diag/rdbms/ttprod/ttprod1/trace/ttprod1_ora_23011.trc
ARC0: Archival started
ARC0: Archival started
Undo initialization finished
Current log# 758 seq# 4956 mem# 0
LSX-00162: _SYSSMU7$ "~S" is an invalid default for the complex type
Errors in file /u01/app/oracle/diag/rdbms/ttprod/ttprod1/trace/ttprod1_ora_45728.trc
Current log# 966 seq# 2269 mem# 0
Thread 1 advanced to log sequence 943
Thread 1 advanced to log sequence 921
Starting background process VKTM
PCC-00109: Dynamic SQL and PL/SQL are Oracle extensions to ANSI SQL
Errors in file /u01/app/oracle/diag/rdbms/ttprod/ttprod1/trace/ttprod1_ora_34080.trc
Beginning log switch checkpoint up to RBA
Thread 1 advanced to log sequence 266
Starting background process VKTM
Completed checkpoint up to RBA
ORA-30977: invalid Value Index option for XML Index
Current log# 987 seq# 1143 mem# 0
ORA-39306: Cannot alter attribute of trigger: 42
Errors in file /u01/app/oracle/diag/rdbms/ttprod/ttprod1/trace/ttprod1_ora_31552.trc
Archived Log entry 609 added for thread 1 sequence 5786
TNS-04206: Trace Assistant Internal ERROR: Packet Type
Errors in file /u01/app/oracle/diag/rdbms/ttprod/ttprod1/trace/ttprod1_ora_21556.trc
Starting background process VKTM
PCB-00217: OCCURS INDEXED clause not allowed for host variable " BILLING.CUST_ORDERS "
Errors in file /u01/app/oracle/diag/rdbms/ttprod/ttprod1/trace/ttprod1_ora_59946.trc
Thread 1 advanced to log sequence 147
Undo initialization finished
Thread 1 advanced to log sequence 324
EXP-00097: Object type " ttstandby01 "." reporting_schema " is not in a valid state, type will not be exported
ARC0: Archival started
Thread 1 advanced to log sequence 373
Archived Log entry 411 added for thread 1 sequence 3394
Current log# 642 seq# 9705 mem# 0
ORA-15149: another ASM instance found running on the host
Current log# 399 seq# 6371 mem# 0
Current log# 393 seq# 6162 mem# 0
ARC0: Archival started
Starting background process VKTM
Completed checkpoint up to RBA
IMG-00550: invalid scanlineOrder specified
Errors in file /u01/app/oracle/diag/rdbms/ttprod/ttprod1/trace/ttprod1_ora_67421.trc
Current log# 378 seq# 2430 mem# 0
ARC0: Archival started
Archived Log entry 265 added for thread 1 sequence 5491
Completed checkpoint up to RBA
Starting background process VKTM
ORA-03219: Tablespace ' ttprod2 ' is dictionary-managed, offline or temporary
Errors in file /u01/app/oracle/diag/rdbms/ttprod/ttprod1/trace/ttprod1_ora_71431.trc
Thread 1 advanced to log sequence 352
ORA-02214: duplicate BACKUP option specification
Beginning log switch checkpoint up to RBA
ARC0: Archival started
Beginning log switch checkpoint up to RBA
RMAN-12015: configuration for 3 channel number is ignored
Undo initialization finished
Current log# 470 seq# 5940 mem# 0
Undo initialization finished
Completed checkpoint up to RBA
Undo initialization finished
ORA-06744: TLI Driver: listener cannot bind
Completed checkpoint up to RBA
Current log# 880 seq# 6991 mem# 0
Completed checkpoint up to RBA
ORA-25256: consumer cannot be specified with a single-consumer queue or an exception queue
Errors in file /u01/app/oracle/diag/rdbms/ttprod/ttprod1/trace/ttprod1_ora_51458.trc
Current log# 486 seq# 5612 mem# 0
Beginning log switch checkpoint up to RBA
Completed checkpoint up to RBA
ORA-24336: invalid result set descriptor
Archived Log entry 355 added for thread 1 sequence 9832
Completed checkpoint up to RBA
Beginning log switch checkpoint up to RBA
Undo initialization finished
ORA-15201: disk 3 contains a valid RDBMS file
Errors in file /u01/app/oracle/diag/rdbms/ttprod/ttprod1/trace/ttprod1_ora_53151.trc
Beginning log switch checkpoint up to RBA
Thread 1 advanced to log sequence 981
ARC0: Archival started
Starting background process VKTM
Completed checkpoint up to RBA
PCC-02153: Open file: 17
Errors in file /u01/app/oracle/diag/rdbms/ttprod/ttprod1/trace/ttprod1_ora_63555.trc
ARC0: Archival started
Current log# 937 seq# 9935 mem# 0
Archived Log entry 67 added for thread 1 sequence 7574
ARC0: Archival started
Thread 1 advanced to log sequence 677
PRCT-01405: Failed to parse output returned by srvctl -V when executing command at node {0} and Oracle home {1}
Completed checkpoint up to RBA
Undo initialization finished
Undo initialization finished
RMAN-08162: executing Memory Script
Errors in file /u01/app/oracle/diag/rdbms/ttprod/ttprod1/trace/ttprod1_ora_42072.trc
Starting background process VKTM
Current log# 80 seq# 2220 mem# 0
Starting background process VKTM
Starting background process VKTM
Thread 1 advanced to log sequence 645
KUP-04026: field too long for datatype
ARC0: Archival started
Current log# 958 seq# 9370 mem# 0
ARC0: Archival started
Starting background process VKTM
CLST-02403: failure CDR_STAGING querying the maximum node name size
Thread 1 advanced to log sequence 39
Starting background process VKTM
Completed checkpoint up to RBA
RMAN-03015: error occurred in stored script 1024
Beginning log switch checkpoint up to RBA
ORA-39938: Operation not supported, tablespace idx_users_email contains binary XML data.
Beginning log switch checkpoint up to RBA
Starting background process VKTM
PCC-00110: Oracle extension to the WHENEVER statement
Current log# 557 seq# 3094 mem# 0
Current log# 855 seq# 5905 mem# 0
TNS-00222: -------------------------------------------------------------------
Undo initialization finished
Thread 1 advanced to log sequence 252
PLW-06018: an infinity or NaN value is computed or used
Undo initialization finished
Completed checkpoint up to RBA
Completed checkpoint up to RBA
ORA-00499: XDMG repeatedly failed to initialize terminating the instance.
Thread 1 advanced to log sequence 543
Thread 1 advanced to log sequence 57
Archived Log entry 656 added for thread 1 sequence 4806
CRS-05833: Cleaning resource ' 1024 ' failed as part of reboot-less node fencing
Starting background process VKTM
Completed checkpoint up to RBA
DRG-11510: encountered unrecoverable error on line NETWORK_OPS.SIM_INVENTORY
Errors in file /u01/app/oracle/diag/rdbms/ttprod/ttprod1/trace/ttprod1_ora_21383.trc
ARC0: Archival started
Beginning log switch checkpoint up to RBA
Thread 1 advanced to log sequence 910
ORA-00270: error creating archive log shared pool
Undo initialization finished
Archived Log entry 29 added for thread 1 sequence 1597
Beginning log switch checkpoint up to RBA
TNS-12556: TNS:no caller
Starting background process VKTM
Completed checkpoint up to RBA
ORA-13400: duplicate entry for 17 in USER_SDO_GEOR_SYSDATA view
Thread 1 advanced to log sequence 921
Beginning log switch checkpoint up to RBA
Completed checkpoint up to RBA
ORA-28140: Invalid column specified
Current log# 777 seq# 7493 mem# 0
Thread 1 advanced to log sequence 226
Thread 1 advanced to log sequence 553
Thread 1 advanced to log sequence 714
LPX-01088: [XQST0088] Target namespace CRM.CALL_DETAIL_RECORDS shouldn't be of zero length
Undo initialization finished
ARC0: Archival started
Completed checkpoint up to RBA
Completed checkpoint up to RBA
Beginning log switch checkpoint up to RBA
CRS-00804: Cluster Ready Service aborted due to Oracle Cluster Registry error [ 17 ]. Details at _SYSSMU12$ in pk_orders .
Beginning log switch checkpoint up to RBA
Current log# 535 seq# 6061 mem# 0
Archived Log entry 575 added for thread 1 sequence 2924
Thread 1 advanced to log sequence 90
RMAN-06957: finished standby search, restored TNS_ADMIN blocks
Starting background process VKTM
ORA-01655: unable to extend cluster USERS . 42 by SYSAUX in tablespace /u01/app/oracle/oradata/ttprod/users01.dbf
Beginning log switch checkpoint up to RBA
Beginning log switch checkpoint up to RBA
Current log# 741 seq# 5093 mem# 0
Thread 1 advanced to log sequence 531
NCR-04026: NCRR: Operation not supported
Archived Log entry 413 added for thread 1 sequence 8784
ARC0: Archival started
Starting background process VKTM
Current log# 309 seq# 8752 mem# 0
Archived Log entry 246 added for thread 1 sequence 8102
ORA-10862: resolve default queue owner to current user in enqueue/dequeue
Archived Log entry 50 added for thread 1 sequence 9240
Thread 1 advanced to log sequence 441
ARC0: Archival started
ARC0: Archival started
Undo initialization finished
CLST-03200: internal error: [ user_sessions ] [ pg_toast_12345 ] [ large pool ] [ SP2-0552 ] [ CRM.CALL_DETAIL_RECORDS ]
Thread 1 advanced to log sequence 755
ARC0: Archival started
Starting background process VKTM
Undo initialization finished
Completed checkpoint up to RBA
RMAN-07505: no files found to be unknown to the database
Completed checkpoint up to RBA
RMAN-08500: channel 3 : SID= PK_CUSTOMER_ACCOUNTS device type= pg_toast_12345
Completed checkpoint up to RBA
Starting background process VKTM
Current log# 156 seq# 9119 mem# 0
JMS-00420: Invalid value for cache_size
Beginning log switch checkpoint up to RBA
Beginning log switch checkpoint up to RBA
ARC0: Archival started
Thread 1 advanced to log sequence 850
ORA-54520: inner ring not on the same plane as its outer ring
Errors in file /u01/app/oracle/diag/rdbms/ttprod/ttprod1/trace/ttprod1_ora_34143.trc
Undo initialization finished
Archived Log entry 510 added for thread 1 sequence 1958
Archived Log entry 678 added for thread 1 sequence 2148
ARC0: Archival started
Archived Log entry 525 added for thread 1 sequence 1674
ORA-39935: Updatable materialized view log pg_toast_12345 . 5000 in tablespace USERS and materialized view user_sessions . PK_CUSTOMER_ACCOUNTS in tablespace INVOICE_LINES_IDX are not fully contained in the transportable set.
Archived Log entry 90 added for thread 1 sequence 4650
Beginning log switch checkpoint up to RBA
Starting background process VKTM
Starting background process VKTM
Current log# 470 seq# 1548 mem# 0
NNL-00856: Average rename processing time: SP2-0552
Errors in file /u01/app/oracle/diag/rdbms/ttprod/ttprod1/trace/ttprod1_ora_87396.trc
Current log# 854 seq# 3498 mem# 0
Completed checkpoint up to RBA
Completed checkpoint up to RBA
Thread 1 advanced to log sequence 844
Current log# 152 seq# 7557 mem# 0
KUP-04038: internal error: 17
Archived Log entry 613 added for thread 1 sequence 9019
Undo initialization finished
ARC0: Archival started
Current log# 470 seq# 4331 mem# 0
Current log# 966 seq# 6739 mem# 0
ORA-28376: cannot find PKCS11 library
Beginning log switch checkpoint up to RBA
ARC0: Archival started
Undo initialization finished
ORA-02291: Integrity constraint violated - parent key not found
Undo initialization finished
Starting background process VKTM
Beginning log switch checkpoint up to RBA
Completed checkpoint up to RBA
ORA-06933: CMX: error during attach
Current log# 400 seq# 8923 mem# 0
Beginning log switch checkpoint up to RBA
ORA-01553: MAXEXTENTS must be no smaller than the 1024 extents currently allocated
ARC0: Archival started
Archived Log entry 664 added for thread 1 sequence 4097
Archived Log entry 363 added for thread 1 sequence 7977
Current log# 107 seq# 3924 mem# 0
PRIF-00023: Error in getting network interface from GPnP profile
Current log# 251 seq# 3465 mem# 0
Undo initialization finished
INS-40710: Cluster name: ttstandby01 does not start with a letter.
Errors in file /u01/app/oracle/diag/rdbms/ttprod/ttprod1/trace/ttprod1_ora_54789.trc
Beginning log switch checkpoint up to RBA
Thread 1 advanced to log sequence 126
ARC0: Archival started
Starting background process VKTM
LPX-00658: Invalid XSLT object type.
Starting background process VKTM
Beginning log switch checkpoint up to RBA
Thread 1 advanced to log sequence 530
DRG-11227: Third-party filter does not support this document format.
Thread 1 advanced to log sequence 158
ORA-12669: Shared server: outbound protocol does not support proxies
Starting background process VKTM
Starting background process VKTM
Current log# 782 seq# 3197 mem# 0
Archived Log entry 937 added for thread 1 sequence 3698
NNC-00407: alias loop in name request
Starting background process VKTM
Starting background process VKTM
DRG-11617: URL store: URL 17 is too long
Archived Log entry 432 added for thread 1 sequence 5271
RMAN-08603: skipping DATA_TS01 ; file in use by another process
Beginning log switch checkpoint up to RBA
Beginning log switch checkpoint up to RBA
Archived Log entry 597 added for thread 1 sequence 2925
ORA-48499: The value of the keyword " 3 " exceeds the maximum length _SYSSMU12$
Archived Log entry 589 added for thread 1 sequence 4823
Current log# 377 seq# 9131 mem# 0
Thread 1 advanced to log sequence 690
Archived Log entry 228 added for thread 1 sequence 8608
DRG-50703: listener startup error
Undo initialization finished
Beginning log switch checkpoint up to RBA
ORA-53124: cannot find VR number for data type: PK_CUSTOMER_ACCOUNTS
Completed checkpoint up to RBA
Current log# 209 seq# 3002 mem# 0
ORA-41682: invalid rule class package
Current log# 334 seq# 7471 mem# 0
Undo initialization finished
Undo initialization finished
Archived Log entry 414 added for thread 1 sequence 7638
Starting background process VKTM
ORA-19904: test recovery not allowed for datafile 3
ARC0: Archival started
Undo initialization finished
ARC0: Archival started
Starting background process VKTM
Beginning log switch checkpoint up to RBA
ORA-01352: tablespace given for Logminer spill does not exist
Starting background process VKTM
Thread 1 advanced to log sequence 792
Current log# 322 seq# 8397 mem# 0
ORA-23653: LogMiner session does not exist
Archived Log entry 315 added for thread 1 sequence 8218
Completed checkpoint up to RBA
PROC-00037: Oracle Cluster Registry does not support the storage type configured
ARC0: Archival started
Starting background process VKTM
Current log# 791 seq# 9833 mem# 0
ARC0: Archival started
Completed checkpoint up to RBA
RMAN-06023: no backup or copy of datafile number found to restore
Undo initialization finished
Current log# 123 seq# 8912 mem# 0
Beginning log switch checkpoint up to RBA
ORA-01215: enabled thread 5000 is missing after CREATE CONTROLFILE
Errors in file /u01/app/oracle/diag/rdbms/ttprod/ttprod1/trace/ttprod1_ora_24239.trc
Beginning log switch checkpoint up to RBA
ORA-07496: sppst: lm_post failed.
Beginning log switch checkpoint up to RBA
Beginning log switch checkpoint up to RBA
ORA-36861: (XSTFRC01) SQL Cache ID parameter is invalid or missing.
Thread 1 advanced to log sequence 12
CRS-01326: Failed to create message to send to policy engine. Details at BILLING.CUST_ORDERS in pk_orders .
Starting background process VKTM
Beginning log switch checkpoint up to RBA
ORA-00253: character limit idx_users_email exceeded by archive destination fk_order_customer NETWORK_OPS.SIM_INVENTORY
Thread 1 advanced to log sequence 450
Thread 1 advanced to log sequence 711
Completed checkpoint up to RBA
ORA-28046: Password change for SYS disallowed
ARC0: Archival started
ORA-16052: DB_UNIQUE_NAME attribute is required.
Errors in file /u01/app/oracle/diag/rdbms/ttprod/ttprod1/trace/ttprod1_ora_85499.trc
Archived Log entry 211 added for thread 1 sequence 5287
Beginning log switch checkpoint up to RBA
Starting background process VKTM
ARC0: Archival started
Current log# 69 seq# 2252 mem# 0
ORA-25156: old style outer join (+) cannot be used with ANSI joins
Undo initialization finished
Undo initialization finished
ORA-07627: smsfre: $CRETVA failure
Starting background process VKTM
Thread 1 advanced to log sequence 728
ORA-48803: The keyword " shared pool " is not defined for this command
Completed checkpoint up to RBA
Archived Log entry 830 added for thread 1 sequence 7990
Thread 1 advanced to log sequence 920
Undo initialization finished
ORA-16773: cannot start Redo Apply
Errors in file /u01/app/oracle/diag/rdbms/ttprod/ttprod1/trace/ttprod1_ora_45790.trc
Completed checkpoint up to RBA
Thread 1 advanced to log sequence 842
Undo initialization finished
ORA-49406: Undefined configuration parameter specified [ pg_toast_12345 ]
Completed checkpoint up to RBA
Undo initialization finished
PRCD-01137: Failed to retrieve online relocation timeout for RAC One Node database {0}
Current log# 107 seq# 6590 mem# 0
Undo initialization finished
Thread 1 advanced to log sequence 119
Archived Log entry 755 added for thread 1 sequence 8490
Completed checkpoint up to RBA
DRG-11860: Connection Establishment Interrupted
Errors in file /u01/app/oracle/diag/rdbms/ttprod/ttprod1/trace/ttprod1_ora_52228.trc
Starting background process VKTM
Starting background process VKTM
Beginning log switch checkpoint up to RBA
Current log# 39 seq# 6239 mem# 0
Thread 1 advanced to log sequence 727
INS-40903: Host name contains invalid characters.
Archived Log entry 207 added for thread 1 sequence 4906
Undo initialization finished
Archived Log entry 961 added for thread 1 sequence 7886
Thread 1 advanced to log sequence 168
ORA-14053: illegal attempt to modify NETWORK_OPS.SIM_INVENTORY in DATA_TS01 statement
Starting background process VKTM
Archived Log entry 897 added for thread 1 sequence 6990
ARC0: Archival started
Beginning log switch checkpoint up to RBA
ORA-31094: incompatible SQL type " user_sessions " for attribute or element " DATA_TS01 "
Undo initialization finished
ORA-39146: schema " SYSAUX " does not exist
Errors in file /u01/app/oracle/diag/rdbms/ttprod/ttprod1/trace/ttprod1_ora_54676.trc
Beginning log switch checkpoint up to RBA
ARC0: Archival started
Current log# 769 seq# 2053 mem# 0
Archived Log entry 673 added for thread 1 sequence 6210
INS-20802: _SYSSMU12$ failed.
ARC0: Archival started
Starting background process VKTM
Starting background process VKTM
Beginning log switch checkpoint up to RBA
Beginning log switch checkpoint up to RBA
DIA-48178: error encountered while reading an ADR block file during ADR initialization [ reporting_schema ]
Thread 1 advanced to log sequence 387
ORA-25247: 42 is not a recipient of specified message
Thread 1 advanced to log sequence 531
Archived Log entry 622 added for thread 1 sequence 8901
Beginning log switch checkpoint up to RBA
Thread 1 advanced to log sequence 77
Starting background process VKTM
ORA-31414: error(s) occurred during change table advance
Starting background process VKTM
ARC0: Archival started
ARC0: Archival started
Undo initialization finished
Current log# 977 seq# 3853 mem# 0
PRVF-10111: ASMLib does not identify the disks "{0}" on the nodes:
Starting background process VKTM
Archived Log entry 82 added for thread 1 sequence 5964
Beginning log switch checkpoint up to RBA
Archived Log entry 998 added for thread 1 sequence 7507
Completed checkpoint up to RBA
ORA-37141: (XSSQLMDQ01) Invalid host variable syntax for MDQUERY procedure.
Thread 1 advanced to log sequence 182
Starting background process VKTM
Completed checkpoint up to RBA
Starting background process VKTM
PGA-21108: cold start complete for local LU 17
Errors in file /u01/app/oracle/diag/rdbms/ttprod/ttprod1/trace/ttprod1_ora_13524.trc
Undo initialization finished
Undo initialization finished
JMS-00407: Operation not allowed on {0}
Archived Log entry 551 added for thread 1 sequence 1078
Archived Log entry 935 added for thread 1 sequence 1360
Beginning log switch checkpoint up to RBA
Starting background process VKTM
ARC0: Archival started
RMAN-08158: executing script: CDR_STAGING
Starting background process VKTM
Beginning log switch checkpoint up to RBA
RMAN-08006: database registered in recovery catalog
Beginning log switch checkpoint up to RBA
Undo initialization finished
Undo initialization finished
Archived Log entry 871 added for thread 1 sequence 8605
ORA-16270: PL/SQL procedure skipped due to unmaintained standby objects
Errors in file /u01/app/oracle/diag/rdbms/ttprod/ttprod1/trace/ttprod1_ora_38531.trc
Beginning log switch checkpoint up to RBA
Current log# 220 seq# 3966 mem# 0
Beginning log switch checkpoint up to RBA
ORA-09204: sfotf: error opening temporary file
Completed checkpoint up to RBA
Beginning log switch checkpoint up to RBA
ARC0: Archival started
RMAN-08301: Edit init.ora file shared pool . This PFILE will be used to create the database on the target platform
Starting background process VKTM
Thread 1 advanced to log sequence 956
ORA-38884: Cannot shrink data file user_sessions on standby database due to guaranteed restore points.
Thread 1 advanced to log sequence 954
Completed checkpoint up to RBA
Thread 1 advanced to log sequence 248
RMAN-06748: more than one channel types were allocated
ARC0: Archival started
Beginning log switch checkpoint up to RBA
NID-00312: Connected to server version session_1123
Thread 1 advanced to log sequence 27
Current log# 141 seq# 2064 mem# 0
RMAN-03023: executing command: SP2-0552
Errors in file /u01/app/oracle/diag/rdbms/ttprod/ttprod1/trace/ttprod1_ora_86163.trc
ARC0: Archival started
Completed checkpoint up to RBA
Starting background process VKTM
Current log# 598 seq# 8700 mem# 0
Beginning log switch checkpoint up to RBA
ORA-03217: invalid option for alter of TEMPORARY TABLESPACE
Errors in file /u01/app/oracle/diag/rdbms/ttprod/ttprod1/trace/ttprod1_ora_87277.trc
Completed checkpoint up to RBA
KUP-03024: 42 for TERMINATED BY or ENCLOSED BY clause for column user_sessions is longer than maximum number
Completed checkpoint up to RBA
Thread 1 advanced to log sequence 511
Thread 1 advanced to log sequence 518
INS-41515: Insufficient space in shared file system for voting disk file.
Starting background process VKTM
Thread 1 advanced to log sequence 861
Beginning log switch checkpoint up to RBA
Completed checkpoint up to RBA
ORA-13412: invalid scale parameter 3
Starting background process VKTM
Thread 1 advanced to log sequence 705
RMAN-06114: changed control file copy available
ARC0: Archival started
ARC0: Archival started
Thread 1 advanced to log sequence 336
NNL-00559: Shows, sets, or cancels the time for the next cache dump to the trace file
ARC0: Archival started
PRCD-01232: Failed to upgrade configuration of database {0} because database version {1} is an unsupported version for upgrade
Undo initialization finished
ORA-19134: XQDY0074: It is a dynamic error if the value of the name expression in a computed element constructor cannot be converted to an expanded QName (for example, because it contains a namespace prefix not found in statically known namespaces.)
Thread 1 advanced to log sequence 689
Starting background process VKTM
Undo initialization finished
Completed checkpoint up to RBA
Completed checkpoint up to RBA
LPX-00235: invalid XML version, must be 1.0 or 2.0
ARC0: Archival started
Archived Log entry 685 added for thread 1 sequence 3336
RMAN-06763: specified encryption algorithm not supported
Completed checkpoint up to RBA
ORA-48311: Invalid field name [ ttstandby01 ]
Thread 1 advanced to log sequence 936
NZE-28863: SSL session not found
Archived Log entry 215 added for thread 1 sequence 6393
CRS-02630: Only cluster administrators are allowed to create local resources
Errors in file /u01/app/oracle/diag/rdbms/ttprod/ttprod1/trace/ttprod1_ora_87780.trc
Starting background process VKTM
Undo initialization finished
Current log# 899 seq# 1269 mem# 0
Thread 1 advanced to log sequence 440
Current log# 703 seq# 6899 mem# 0
QSM-00754: task 42 does not reference a valid workload and therefore cannot be executed
Thread 1 advanced to log sequence 184
Beginning log switch checkpoint up to RBA
Beginning log switch checkpoint up to RBA
Thread 1 advanced to log sequence 311
Beginning log switch checkpoint up to RBA
CRS-04630: Unable to apply correct permissions to new voting file BILLING.CUST_ORDERS .
Thread 1 advanced to log sequence 745
ORA-26037: must specify partition name(s) for system partitioned table DATA_TS01
Current log# 257 seq# 8866 mem# 0
Completed checkpoint up to RBA
ARC0: Archival started
CRS-02610: Server ' INVOICE_LINES_IDX ' is unavailable
ARC0: Archival started
Undo initialization finished
Archived Log entry 195 added for thread 1 sequence 5642
Undo initialization finished
Current log# 47 seq# 2356 mem# 0
CRS-02301: GPnP: SYSAUX
ARC0: Archival started
Undo initialization finished
ARC0: Archival started
Undo initialization finished
PROT-00124: * Use option '-local' to indicate that the operation is to be performed on the Oracle Local Registry.
Starting background process VKTM
ORA-02095: specified initialization parameter cannot be modified
Archived Log entry 493 added for thread 1 sequence 5377
Undo initialization finished
ORA-09795: szrbuild: malloc of role structure failed.
Undo initialization finished
Archived Log entry 973 added for thread 1 sequence 2095
Beginning log switch checkpoint up to RBA
RMAN-08092: channel 1024 : specifying datafile copy of datafile 17 for proxy backup
Errors in file /u01/app/oracle/diag/rdbms/ttprod/ttprod1/trace/ttprod1_ora_33321.trc
Completed checkpoint up to RBA
PLS-01450: This <value expression> contains a nonconforming data type
Errors in file /u01/app/oracle/diag/rdbms/ttprod/ttprod1/trace/ttprod1_ora_25900.trc
ARC0: Archival started
Current log# 192 seq# 5313 mem# 0
Starting background process VKTM
Completed checkpoint up to RBA
RMAN-05592: Dropping offline and skipped tablespaces
Errors in file /u01/app/oracle/diag/rdbms/ttprod/ttprod1/trace/ttprod1_ora_28869.trc
Thread 1 advanced to log sequence 981
ORA-16120: dependencies being computed for transaction at SCN _SYSSMU7$
Beginning log switch checkpoint up to RBA
Beginning log switch checkpoint up to RBA
Beginning log switch checkpoint up to RBA
PCC-02108: UNSAFE_NULL=YES allowed if MODE=ORACLE and DBMS=V7 or V8
Current log# 65 seq# 3199 mem# 0
Current log# 897 seq# 2936 mem# 0
Archived Log entry 992 added for thread 1 sequence 7263
Beginning log switch checkpoint up to RBA
Starting background process VKTM
KUP-04055: column ttprod1 is both a field in the data file and a column transform
Errors in file /u01/app/oracle/diag/rdbms/ttprod/ttprod1/trace/ttprod1_ora_16476.trc
Completed checkpoint up to RBA
Thread 1 advanced to log sequence 127
Undo initialization finished
Completed checkpoint up to RBA
Beginning log switch checkpoint up to RBA
ORA-40209: setting TNS_ADMIN is invalid for /u01/app/oracle/oradata/ttprod/users01.dbf function
Undo initialization finished
ORA-40262: NMF: number of features not between [1, ttprod2 ]
ARC0: Archival started
Completed checkpoint up to RBA
Completed checkpoint up to RBA
PRCD-01100: Invalid relocate option {0}
Errors in file /u01/app/oracle/diag/rdbms/ttprod/ttprod1/trace/ttprod1_ora_56358.trc
Completed checkpoint up to RBA
ARC0: Archival started
Beginning log switch checkpoint up to RBA
Beginning log switch checkpoint up to RBA
Beginning log switch checkpoint up to RBA
ORA-26895: Setting parameter " reporting_schema " of Streams process " 5000 " is only permitted for Oracle GoldenGate or XStream.
Current log# 689 seq# 3585 mem# 0
PRKO-03175: TAF policy 'PRECONNECT' cannot be used to add a service for single instance database {0}
Starting background process VKTM
Thread 1 advanced to log sequence 815
Current log# 463 seq# 9768 mem# 0
Beginning log switch checkpoint up to RBA
CRS-02761: Consistency problem in registry while processing resource ' TNS_ADMIN '. Details at ttprod2 in shared pool .
Undo initialization finished
Current log# 59 seq# 1101 mem# 0
ARC0: Archival started
NNL-00550: flush [<server_list>] : flush one or more servers' cache(s)
Thread 1 advanced to log sequence 493
Completed checkpoint up to RBA
Undo initialization finished
PGA-20960: missing large pool parameter, required when PGA_CAPABILITY= app_db
Beginning log switch checkpoint up to RBA
Undo initialization finished
ARC0: Archival started
Beginning log switch checkpoint up to RBA
RMAN-06205: Uncataloged PK_CUSTOMER_ACCOUNTS objects
ARC0: Archival started
ORA-54510: no outer geometry expected
Starting background process VKTM
CRS-05815: Agent ' pg_toast_12345 ' could not find any base type entry points for type ' 1024 '. Details at PK_CUSTOMER_ACCOUNTS in INVOICE_LINES_IDX .
Archived Log entry 759 added for thread 1 sequence 4477
Starting background process VKTM
CLST-01904: creating configuration with user ( reporting_schema ) and group ( _SYSSMU12$ )
ARC0: Archival started
Starting background process VKTM
Beginning log switch checkpoint up to RBA
ORA-13634: The task NETWORK_OPS.SIM_INVENTORY needs to be reset before being re-executed.
Beginning log switch checkpoint up to RBA
Undo initialization finished
PGU-20006: unable to logout from Oracle
Undo initialization finished
Completed checkpoint up to RBA
ARC0: Archival started
Archived Log entry 717 added for thread 1 sequence 8601
Thread 1 advanced to log sequence 721
RMAN-08125: keep attributes for the proxy copy are deleted
Archived Log entry 764 added for thread 1 sequence 5765
Current log# 121 seq# 3819 mem# 0
Starting background process VKTM
NNL-00022: error changing trace level from ttprod2 to TNS_ADMIN , level change ignored
Archived Log entry 676 added for thread 1 sequence 5118
ORA-01244: unnamed datafile(s) added to control file by media recovery
Archived Log entry 612 added for thread 1 sequence 1120
Undo initialization finished
Beginning log switch checkpoint up to RBA
ARC0: Archival started
RMAN-06929: Cannot specify TRANSPORT SCRIPT clause more than once
Archived Log entry 23 added for thread 1 sequence 5080
ORA-23414: materialized view log for " 5000 "." NETWORK_OPS.SIM_INVENTORY " does not record rowid values
ARC0: Archival started
Completed checkpoint up to RBA
ARC0: Archival started
Archived Log entry 600 added for thread 1 sequence 5798
Completed checkpoint up to RBA
ORA-28151: more than one user name specified for command
Errors in file /u01/app/oracle/diag/rdbms/ttprod/ttprod1/trace/ttprod1_ora_91499.trc
Completed checkpoint up to RBA
Starting background process VKTM
Beginning log switch checkpoint up to RBA
ORA-08464: input raw decimal data contains more than 42 digits
Errors in file /u01/app/oracle/diag/rdbms/ttprod/ttprod1/trace/ttprod1_ora_27269.trc
Thread 1 advanced to log sequence 158
Starting background process VKTM
Beginning log switch checkpoint up to RBA
ARC0: Archival started
Completed checkpoint up to RBA
RMAN-08166: validation succeeded for datafile copy and control file copy
Thread 1 advanced to log sequence 879
Completed checkpoint up to RBA
INS-40701: Invalid characters in Grid Naming Service (GNS) subdomain.
Starting background process VKTM
ARC0: Archival started
Archived Log entry 227 added for thread 1 sequence 2064
Undo initialization finished
Completed checkpoint up to RBA
NZE-28844: No wallet present
Undo initialization finished
Starting background process VKTM
Starting background process VKTM
PCC-02313: malformed VARCHAR declaration - missing length
Errors in file /u01/app/oracle/diag/rdbms/ttprod/ttprod1/trace/ttprod1_ora_66370.trc
Current log# 35 seq# 8641 mem# 0
ORA-36223: (XSLPDSC04) object workspace object in IGNORE or DENSE list has illegal type
Current log# 932 seq# 9352 mem# 0
Undo initialization finished
ORA-25283: either agent's name or address needed for non-repudiation
Archived Log entry 96 added for thread 1 sequence 6098
ARC0: Archival started
ORA-37176: argument app_db is not valid for the sparsity advisor
Beginning log switch checkpoint up to RBA
Starting background process VKTM
Current log# 848 seq# 4864 mem# 0
Undo initialization finished
PRCD-01016: Failure encountered while accessing server pool {0} for database {1}
Current log# 333 seq# 6718 mem# 0
Archived Log entry 537 added for thread 1 sequence 1053
RMAN-08099: specifying standby control file for proxy backup
ARC0: Archival started
NNL-00853: Renames refused, new name already exists: number
Current log# 245 seq# 3440 mem# 0
ARC0: Archival started
RMAN-08305: channel INVOICE_LINES_IDX : starting to check datafiles
Errors in file /u01/app/oracle/diag/rdbms/ttprod/ttprod1/trace/ttprod1_ora_19599.trc
ARC0: Archival started
Thread 1 advanced to log sequence 327
Starting background process VKTM
ARC0: Archival started
Current log# 325 seq# 5083 mem# 0
ORA-30350: specified dimension attribute does not exist
Errors in file /u01/app/oracle/diag/rdbms/ttprod/ttprod1/trace/ttprod1_ora_72606.trc
Undo initialization finished
Current log# 679 seq# 8923 mem# 0
Completed checkpoint up to RBA
Starting background process VKTM
Undo initialization finished
PCB-00304: Oracle extension to the WHENEVER statement
Errors in file /u01/app/oracle/diag/rdbms/ttprod/ttprod1/trace/ttprod1_ora_85975.trc
Current log# 802 seq# 4383 mem# 0
ORA-47999: internal Database Vault error: _SYSSMU7$ Error: 1024
Thread 1 advanced to log sequence 292
ARC0: Archival started
Completed checkpoint up to RBA
Starting background process VKTM
Thread 1 advanced to log sequence 645
ORA-28272: Domain policy restricts password based GLOBAL user authentication.
Starting background process VKTM
Undo initialization finished
RMAN-08609: channel user_sessions : starting incremental datafile backup set
Starting background process VKTM
Undo initialization finished
DRG-11861: CSO-server Replies
Archived Log entry 542 added for thread 1 sequence 2607
Current log# 153 seq# 2695 mem# 0
ORA-14752: Interval expression is not a constant of the correct type
Undo initialization finished
PRVF-07721: Fixup cannot be generated for creating user "{0}" on node "{1}"
Completed checkpoint up to RBA
Starting background process VKTM
Starting background process VKTM
Starting background process VKTM
LFI-00127: No Record Format was specified, default is variable.
Starting background process VKTM
Current log# 993 seq# 2124 mem# 0
Archived Log entry 580 added for thread 1 sequence 6266
RMAN-06208: to mismatched status. Use CROSSCHECK command to fix status
ARC0: Archival started
Undo initialization finished
Beginning log switch checkpoint up to RBA
NNL-00836: Total delete processing time: large pool
Archived Log entry 553 added for thread 1 sequence 1203
Completed checkpoint up to RBA
Starting background process VKTM
Completed checkpoint up to RBA
ARC0: Archival started
AUD-00614: I/O error during export
Beginning log switch checkpoint up to RBA
Completed checkpoint up to RBA
Completed checkpoint up to RBA
ORA-39905: Table ttprod2 . ttprod2 in tablespace ttprod1 points to LOB segment shared pool . UNDOTBS1 in tablespace UNDOTBS1 .
Completed checkpoint up to RBA
Completed checkpoint up to RBA
ARC0: Archival started
Starting background process VKTM
NNL-00217: Controller is sleeping for number seconds
Beginning log switch checkpoint up to RBA
Current log# 864 seq# 4554 mem# 0
PRCI-01116: Failed to check if a database named {0} exists
Errors in file /u01/app/oracle/diag/rdbms/ttprod/ttprod1/trace/ttprod1_ora_74992.trc
Completed checkpoint up to RBA
Starting background process VKTM
Starting background process VKTM
Archived Log entry 560 added for thread 1 sequence 2026
ORA-53035: The rows for the mapping document ( ttstandby01 ) do not exist.
Beginning log switch checkpoint up to RBA
Beginning log switch checkpoint up to RBA
ARC0: Archival started
ORA-29819: cannot associate default values with columns
Starting background process VKTM
TNS-00016: INTCTL: error while performing NS send command
Completed checkpoint up to RBA
ORA-37162: OLAP error
Thread 1 advanced to log sequence 284
Current log# 223 seq# 4754 mem# 0
PGA-21114: cold starting for partner LU UNDOTBS1
Archived Log entry 699 added for thread 1 sequence 4301
Current log# 102 seq# 4104 mem# 0
RMAN-05028: Tablespace session_1123
Errors in file /u01/app/oracle/diag/rdbms/ttprod/ttprod1/trace/ttprod1_ora_23360.trc
Beginning log switch checkpoint up to RBA
ORA-26929: altering an outbound server with a remote capture is not allowed
Errors in file /u01/app/oracle/diag/rdbms/ttprod/ttprod1/trace/ttprod1_ora_61934.trc
Thread 1 advanced to log sequence 184
ORA-02074: cannot user_sessions in a distributed transaction
ARC0: Archival started
Undo initialization finished
Archived Log entry 221 added for thread 1 sequence 3691
ORA-32819: AQ queue DATA_TS01 must be a normal queue
Beginning log switch checkpoint up to RBA
Completed checkpoint up to RBA
Undo initialization finished
Completed checkpoint up to RBA
Archived Log entry 187 added for thread 1 sequence 5637
ORA-14024: number of partitions of LOCAL index must equal that of the underlying table
ARC0: Archival started
Starting background process VKTM
NNO-00852: failed to get LDAP entry: error = number
Completed checkpoint up to RBA
Archived Log entry 615 added for thread 1 sequence 7487
Archived Log entry 956 added for thread 1 sequence 4268
Starting background process VKTM
Beginning log switch checkpoint up to RBA
PGU-00311: data exceeds internal buffer size
ARC0: Archival started
Completed checkpoint up to RBA
Undo initialization finished
Thread 1 advanced to log sequence 87
ARC0: Archival started
ORA-35572: (XSRWLD08) A column value is not a valid member of its related dimension.
ARC0: Archival started
Completed checkpoint up to RBA
Starting background process VKTM
Current log# 198 seq# 1813 mem# 0
PGA-21222: commit failed during warm start of local LU ttprod1
Starting background process VKTM
ORA-14750: Range partitioned table with INTERVAL clause has more than one column
Thread 1 advanced to log sequence 32
Undo initialization finished
Beginning log switch checkpoint up to RBA
Starting background process VKTM
Current log# 512 seq# 7969 mem# 0
PRKN-01037: Unexpected command output on node {0}: "{1}"
Errors in file /u01/app/oracle/diag/rdbms/ttprod/ttprod1/trace/ttprod1_ora_33057.trc
Thread 1 advanced to log sequence 334
CRS-02602: Server ' CDR_STAGING ' is in server pool ' INVOICE_LINES_IDX ' which is exclusive with server pool ' pg_toast_12345 '
Errors in file /u01/app/oracle/diag/rdbms/ttprod/ttprod1/trace/ttprod1_ora_60639.trc
Undo initialization finished
ARC0: Archival started
ARC0: Archival started
Archived Log entry 58 added for thread 1 sequence 3779
Archived Log entry 899 added for thread 1 sequence 1924
RMAN-08091: channel TNS_ADMIN : specifying datafile(s) for proxy backup
Starting background process VKTM
PCC-00105: Keyword WORK required here by ANSI
Archived Log entry 486 added for thread 1 sequence 1222
PCC-00109: Dynamic SQL and PL/SQL are Oracle extensions to ANSI SQL
Errors in file /u01/app/oracle/diag/rdbms/ttprod/ttprod1/trace/ttprod1_ora_21162.trc
Completed checkpoint up to RBA
Thread 1 advanced to log sequence 228
Archived Log entry 639 added for thread 1 sequence 5024
Starting background process VKTM
Undo initialization finished
CRS-02759: Failed to read repository key for NLS language ' /u01/app/oracle/oradata/ttprod/users01.dbf '. Details at ttstandby01 in NETWORK_OPS.SIM_INVENTORY .
Beginning log switch checkpoint up to RBA
Beginning log switch checkpoint up to RBA
ARC0: Archival started
Thread 1 advanced to log sequence 706
Thread 1 advanced to log sequence 280
RMAN-08608: Initiated recall for the following list of remote backup files
Errors in file /u01/app/oracle/diag/rdbms/ttprod/ttprod1/trace/ttprod1_ora_89796.trc
Starting background process VKTM
ARC0: Archival started
Starting background process VKTM
Current log# 573 seq# 8926 mem# 0
Completed checkpoint up to RBA
ORA-09969: unable to close or remove lock file
Errors in file /u01/app/oracle/diag/rdbms/ttprod/ttprod1/trace/ttprod1_ora_47296.trc
Completed checkpoint up to RBA
EVM-00033: Error in input file " pk_orders ", line number
Thread 1 advanced to log sequence 162
RMAN-08087: channel ttprod1 : started backup set validation
Undo initialization finished
LPX-00119: element "~1S" attribute "~2S" must be an unparsed entity
ARC0: Archival started
Undo initialization finished
ORA-37001: You have one or more attached but unupdated analytic workspaces.
Archived Log entry 413 added for thread 1 sequence 1076
Starting background process VKTM
Thread 1 advanced to log sequence 453
Current log# 835 seq# 9612 mem# 0
Thread 1 advanced to log sequence 588
ORA-26926: Unable to attach because capture " ttprod2 " is missing dictionary redo logs
Starting background process VKTM
Thread 1 advanced to log sequence 489
Beginning log switch checkpoint up to RBA
Beginning log switch checkpoint up to RBA
TNS-00144: PUMP_CONNECTIONS value in INTCHG.ORA is too large.
Undo initialization finished
Current log# 412 seq# 1157 mem# 0
Starting background process VKTM
Starting background process VKTM
Undo initialization finished
ORA-00262: current log USERS of closed thread pg_toast_12345 cannot switch
Starting background process VKTM
Current log# 57 seq# 9948 mem# 0
Completed checkpoint up to RBA
Undo initialization finished
XOQ-01207: metadata problem for hierarchy combination " pk_orders "
ARC0: Archival started
Beginning log switch checkpoint up to RBA
ARC0: Archival started
Starting background process VKTM
Beginning log switch checkpoint up to RBA
ORA-13478: the target SRID is the same as the source GeoRaster object's SRID
Completed checkpoint up to RBA
Archived Log entry 312 added for thread 1 sequence 4908
Starting background process VKTM
Current log# 754 seq# 1207 mem# 0
Thread 1 advanced to log sequence 200
RMAN-06175: deleted script: _SYSSMU12$
Beginning log switch checkpoint up to RBA
ORA-39932: Extensible Index pk_orders . SP2-0552 not fully contained in the transportable set.
Current log# 620 seq# 2851 mem# 0
Starting background process VKTM
ORA-00280: change large pool for thread 1024 is in sequence # CRM.CALL_DETAIL_RECORDS
Errors in file /u01/app/oracle/diag/rdbms/ttprod/ttprod1/trace/ttprod1_ora_63764.trc
Current log# 537 seq# 4352 mem# 0
Archived Log entry 489 added for thread 1 sequence 8870
Archived Log entry 918 added for thread 1 sequence 3067
ORA-31067: XML nodes must be updated with valid nodes and of the same type
Errors in file /u01/app/oracle/diag/rdbms/ttprod/ttprod1/trace/ttprod1_ora_80884.trc
Thread 1 advanced to log sequence 16
Completed checkpoint up to RBA
Undo initialization finished
Undo initialization finished
NZE-28766: failure to terminate use of data source
Completed checkpoint up to RBA
Starting background process VKTM
Current log# 840 seq# 8742 mem# 0
Starting background process VKTM
ORA-01665: control file is not a standby control file
Current log# 473 seq# 8641 mem# 0
Completed checkpoint up to RBA
Archived Log entry 633 added for thread 1 sequence 1753
Completed checkpoint up to RBA
Undo initialization finished
ORA-15457: first letter of the volume name is not alphabetic
ARC0: Archival started
ARC0: Archival started
Archived Log entry 906 added for thread 1 sequence 9755
ARC0: Archival started
ORA-00325: archived log for thread SP2-0552 , wrong thread # ttstandby01 in header
Current log# 918 seq# 4252 mem# 0
LPX-00051: NLS initialization failed
Archived Log entry 740 added for thread 1 sequence 6655
Undo initialization finished
ORA-01302: dictionary build options missing or incorrect
Errors in file /u01/app/oracle/diag/rdbms/ttprod/ttprod1/trace/ttprod1_ora_38721.trc
Undo initialization finished
ORA-19555: invalid LOG_ARCHIVE_MIN_SUCCEED_DEST parameter value
Thread 1 advanced to log sequence 174
Beginning log switch checkpoint up to RBA
DRG-11832: Request Entity Too Large
ARC0: Archival started
ARC0: Archival started
Starting background process VKTM
Current log# 492 seq# 9513 mem# 0
ARC0: Archival started
ORA-27102: out of memory
Thread 1 advanced to log sequence 550
Starting background process VKTM
Undo initialization finished
Undo initialization finished
ORA-54617: CLIP_PC: invalid Point Cloud; extent is empty
Beginning log switch checkpoint up to RBA
Completed checkpoint up to RBA
ORA-01653: unable to extend table session_1123 . large pool by 5000 in tablespace fk_order_customer
Beginning log switch checkpoint up to RBA
ORA-49405: Cannot change package name [ 42 ] [ 1024 ]
Undo initialization finished
ARC0: Archival started
Completed checkpoint up to RBA
ORA-07860: osnsoi: error setting up interrupt handler
Beginning log switch checkpoint up to RBA
Archived Log entry 249 added for thread 1 sequence 5309
Completed checkpoint up to RBA
NNL-00402: Authoritative server: SYSAUX
ARC0: Archival started
Archived Log entry 390 added for thread 1 sequence 6095
Thread 1 advanced to log sequence 660
Thread 1 advanced to log sequence 93
Archived Log entry 523 added for thread 1 sequence 1472
ORA-38029: object statistics are locked
Errors in file /u01/app/oracle/diag/rdbms/ttprod/ttprod1/trace/ttprod1_ora_72008.trc
ARC0: Archival started
DRG-12301: index does not exist in index set
Undo initialization finished
ARC0: Archival started
ARC0: Archival started
PGU-42004: COPY not allowed as operand-1 or operand-2 in COPY REPLACING
Archived Log entry 514 added for thread 1 sequence 3521
Archived Log entry 74 added for thread 1 sequence 8851
Archived Log entry 354 added for thread 1 sequence 1504
Completed checkpoint up to RBA
ARC0: Archival started
RMAN-06480: WARNING: archived log ' 3 ' cannot be found on disk
Beginning log switch checkpoint up to RBA
Completed checkpoint up to RBA
Thread 1 advanced to log sequence 169
Undo initialization finished
ORA-00398: abort thread recovery due to reconfiguration
Completed checkpoint up to RBA
Undo initialization finished
ARC0: Archival started
ORA-12835: No instances are active in the GLOBAL_VIEW_ADMIN_GROUP
Archived Log entry 531 added for thread 1 sequence 8823
Thread 1 advanced to log sequence 359
Current log# 131 seq# 2279 mem# 0
ORA-31471: invalid OBJECT_ID value
Current log# 273 seq# 4437 mem# 0
Beginning log switch checkpoint up to RBA
RMAN-08034: full resync skipped, target database not mounted
Archived Log entry 349 added for thread 1 sequence 2775
Completed checkpoint up to RBA
Undo initialization finished
Beginning log switch checkpoint up to RBA
ORA-39817: index session_1123 . /u01/app/oracle/oradata/ttprod/users01.dbf was ignored due to:
Undo initialization finished
ORA-38402: invalid name: empty user_sessions or spaces in the name
Archived Log entry 892 added for thread 1 sequence 7046
Undo initialization finished
Completed checkpoint up to RBA
Undo initialization finished
Beginning log switch checkpoint up to RBA
NNO-00606: disabling modification requests
Completed checkpoint up to RBA
Current log# 235 seq# 2812 mem# 0
Undo initialization finished
RMAN-08160: script commands will be loaded from file APP_USER42
Undo initialization finished
Archived Log entry 318 added for thread 1 sequence 4775
Archived Log entry 461 added for thread 1 sequence 9988
Archived Log entry 902 added for thread 1 sequence 2374
INS-41874: Oracle ASM Administrator (OSASM) Group specified is same as the inventory group.
Beginning log switch checkpoint up to RBA
Starting background process VKTM
ARC0: Archival started
Beginning log switch checkpoint up to RBA
ORA-39915: Partition INVOICE_LINES_IDX of table ttprod1 . SYSAUX in tablespace reporting_schema points to LOB segment APP_USER42 . app_db in tablespace SYSAUX .
Completed checkpoint up to RBA
Starting background process VKTM
Archived Log entry 982 added for thread 1 sequence 9512
ORA-28000: The account is locked
Undo initialization finished
Current log# 830 seq# 4803 mem# 0
Starting background process VKTM
Undo initialization finished
Thread 1 advanced to log sequence 847
ORA-12819: missing options in PARALLEL clause
Starting background process VKTM
Thread 1 advanced to log sequence 838
ORA-16252: Rebuild operation not permitted
Starting background process VKTM
JMS-00417: Invalid Navigation mode
Starting background process VKTM
Undo initialization finished
Undo initialization finished
Beginning log switch checkpoint up to RBA
Beginning log switch checkpoint up to RBA
ORA-27472: invalid metadata attribute 42
ARC0: Archival started
Starting background process VKTM
ORA-00201: control file version reporting_schema incompatible with ORACLE version ttprod1
Errors in file /u01/app/oracle/diag/rdbms/ttprod/ttprod1/trace/ttprod1_ora_58493.trc
Archived Log entry 861 added for thread 1 sequence 1410
Archived Log entry 568 added for thread 1 sequence 2273
Completed checkpoint up to RBA
ORA-09768: osnmgetmsg: could not read a message
Thread 1 advanced to log sequence 535
ORA-06762: TLI Driver: error reading orderly release
Undo initialization finished
Current log# 202 seq# 4911 mem# 0
Thread 1 advanced to log sequence 30
ARC0: Archival started
Thread 1 advanced to log sequence 946
PCC-02154: Close file: pg_toast_12345
Archived Log entry 327 added for thread 1 sequence 1229
ORA-22063: reading negative value [ _SYSSMU7$ ] as unsigned
Errors in file /u01/app/oracle/diag/rdbms/ttprod/ttprod1/trace/ttprod1_ora_31044.trc
Thread 1 advanced to log sequence 420
Undo initialization finished
RMAN-00211: Error occurred getting response - assuming NO response
Current log# 239 seq# 8364 mem# 0
ORA-19721: Cannot find datafile with absolute file number INVOICE_LINES_IDX in tablespace PK_CUSTOMER_ACCOUNTS
Undo initialization finished
JMS-00424: Invalid message header
Errors in file /u01/app/oracle/diag/rdbms/ttprod/ttprod1/trace/ttprod1_ora_91889.trc
Current log# 357 seq# 6457 mem# 0
Undo initialization finished
NNO-00711: cache dump countdown aborted
Archived Log entry 584 added for thread 1 sequence 8511
Beginning log switch checkpoint up to RBA
PRVF-09668: Command "{0}" executed to retrieve CTSS resource status failed on all of the nodes
Thread 1 advanced to log sequence 71
RMAN-06178: datafile number not processed because file is offline
Completed checkpoint up to RBA
Current log# 105 seq# 4388 mem# 0
Archived Log entry 608 added for thread 1 sequence 5084
QSM-02162: the detail table does not have a materialized view log
Current log# 917 seq# 8636 mem# 0
Thread 1 advanced to log sequence 424
TNS-03504: Service name too long
Errors in file /u01/app/oracle/diag/rdbms/ttprod/ttprod1/trace/ttprod1_ora_20602.trc
Current log# 102 seq# 7730 mem# 0
Completed checkpoint up to RBA
ORA-01284: file 42 cannot be opened
Starting background process VKTM
Current log# 642 seq# 2917 mem# 0
Thread 1 advanced to log sequence 621
ARC0: Archival started
Current log# 459 seq# 3513 mem# 0
INS-35082: Global database name did not begin with an alphabetic character.
Starting background process VKTM
Archived Log entry 59 added for thread 1 sequence 7932
Undo initialization finished
TNS-12690: Server Authentication failed, login cancelled
Thread 1 advanced to log sequence 206
Beginning log switch checkpoint up to RBA
ORA-63997: file size refresh failed
Completed checkpoint up to RBA
Completed checkpoint up to RBA
Beginning log switch checkpoint up to RBA
Current log# 448 seq# 9074 mem# 0
NZE-28823: Number of random bytes to generate is not specified.
Errors in file /u01/app/oracle/diag/rdbms/ttprod/ttprod1/trace/ttprod1_ora_68873.trc
Completed checkpoint up to RBA
ARC0: Archival started
Archived Log entry 495 added for thread 1 sequence 1603
Thread 1 advanced to log sequence 375
Undo initialization finished
RMAN-08503: piece handle= UNDOTBS1 comment= ttprod2
Thread 1 advanced to log sequence 640
XOQ-01442: Measure contains dimension "( session_1123 )", which does not exist on the cube.
Current log# 860 seq# 8958 mem# 0
Beginning log switch checkpoint up to RBA
Thread 1 advanced to log sequence 153
Beginning log switch checkpoint up to RBA
RMAN-08059: media recovery failed
Thread 1 advanced to log sequence 960
TNS-00077: the argument field
Errors in file /u01/app/oracle/diag/rdbms/ttprod/ttprod1/trace/ttprod1_ora_14785.trc
Undo initialization finished
Starting background process VKTM
Beginning log switch checkpoint up to RBA
ARC0: Archival started
Undo initialization finished
ORA-02308: invalid option 17 for object type column
Current log# 364 seq# 7046 mem# 0
Completed checkpoint up to RBA
ARC0: Archival started
Starting background process VKTM
Completed checkpoint up to RBA
ORA-06140: NETTCP: no such user
Undo initialization finished
Beginning log switch checkpoint up to RBA
ORA-36313: (PHYS03) The VALUE option of PHYSICAL cannot be applied to a variable.
Errors in file /u01/app/oracle/diag/rdbms/ttprod/ttprod1/trace/ttprod1_ora_78804.trc
Beginning log switch checkpoint up to RBA
ARC0: Archival started
Beginning log switch checkpoint up to RBA
Archived Log entry 182 added for thread 1 sequence 8647
RMAN-08029: snapshot control file name set to default value: large pool
Archived Log entry 205 added for thread 1 sequence 9102
ARC0: Archival started
Beginning log switch checkpoint up to RBA
ORA-00077: dump 42 is not valid
Completed checkpoint up to RBA
Starting background process VKTM
Current log# 240 seq# 9029 mem# 0
Undo initialization finished
RMAN-06947: searching flashback logs for block images until SCN session_1123
Starting background process VKTM
ARC0: Archival started
Beginning log switch checkpoint up to RBA
ORA-39501: failed to notify CRS of a Startup/Shutdown event [ 1024 ] (ignored)
ARC0: Archival started
Thread 1 advanced to log sequence 853
TNS-00229: Error in call: unable to deliver message : BILLING.CUST_ORDERS : session_1123 CDR_STAGING 3
Completed checkpoint up to RBA
Undo initialization finished
Completed checkpoint up to RBA
Completed checkpoint up to RBA
ARC0: Archival started
ORA-01763: update or delete involves outer joined table
Thread 1 advanced to log sequence 998
Current log# 644 seq# 5335 mem# 0
OCI-31194: Resource CDR_STAGING is already deleted
Thread 1 advanced to log sequence 435
Thread 1 advanced to log sequence 292
Starting background process VKTM
Beginning log switch checkpoint up to RBA
ARC0: Archival started
CRS-09024: Error ttprod2 : No node name given
Thread 1 advanced to log sequence 801
ARC0: Archival started
Current log# 678 seq# 3518 mem# 0
ARC0: Archival started
ARC0: Archival started
ORA-44704: XPath ' SP2-0552 ' does not uniquely identify a translated element
Archived Log entry 935 added for thread 1 sequence 2769
Archived Log entry 470 added for thread 1 sequence 2026
Completed checkpoint up to RBA
Undo initialization finished
Beginning log switch checkpoint up to RBA
RMAN-06026: some targets not found - aborting restore
Beginning log switch checkpoint up to RBA
DIA-48134: invalid file descriptor state for operation, UNDOTBS1 , 17 , APP_USER42
Completed checkpoint up to RBA
CRS-01310: Oracle High Availability Service failed to update group data. Details at TNS_ADMIN in user_sessions .
Errors in file /u01/app/oracle/diag/rdbms/ttprod/ttprod1/trace/ttprod1_ora_28773.trc
Archived Log entry 812 added for thread 1 sequence 3043
ORA-07646: sszfck: $CREATE failure
Archived Log entry 803 added for thread 1 sequence 5064
Starting background process VKTM
Undo initialization finished
Completed checkpoint up to RBA
NNC-00404: supplied buffer of size 3 is smaller than minimum size CRM.CALL_DETAIL_RECORDS
Starting background process VKTM
NNO-00308: server will restart in number seconds
Undo initialization finished
Archived Log entry 236 added for thread 1 sequence 7001
NID-00407: Reversion of database ID failed.
Current log# 283 seq# 8030 mem# 0
Beginning log switch checkpoint up to RBA
Beginning log switch checkpoint up to RBA
Current log# 633 seq# 7161 mem# 0
Starting background process VKTM
XOQ-00102: system failure
ARC0: Archival started
Starting background process VKTM
Archived Log entry 120 added for thread 1 sequence 8309
ORA-46252: Cannot complete the operation, overlapping job already exists
Current log# 565 seq# 9020 mem# 0
CRS-02533: Server ' PK_CUSTOMER_ACCOUNTS ' is down. Unable to perform the operation on ' idx_users_email '
Current log# 800 seq# 8760 mem# 0
Undo initialization finished
RMAN-08160: script commands will be loaded from file pk_orders
Current log# 735 seq# 4265 mem# 0
Archived Log entry 561 added for thread 1 sequence 8587
Current log# 222 seq# 3537 mem# 0
Current log# 605 seq# 7014 mem# 0
ORA-10979: trace flags for join index implementation
Current log# 268 seq# 9219 mem# 0
Archived Log entry 23 added for thread 1 sequence 9929
Beginning log switch checkpoint up to RBA
SQL-02107: Program too old for runtime library; please re-precompile it
Starting background process VKTM
Undo initialization finished
Archived Log entry 62 added for thread 1 sequence 5382
PRVF-10210: VIPs "{0}" are not active after Clusterware installation
Archived Log entry 941 added for thread 1 sequence 9772
Beginning log switch checkpoint up to RBA
Undo initialization finished
ARC0: Archival started
DRG-52105: no delete function found
Undo initialization finished
Completed checkpoint up to RBA
Thread 1 advanced to log sequence 956
Starting background process VKTM
Current log# 865 seq# 1801 mem# 0
ORA-22328: object " ttprod1 "." INVOICE_LINES_IDX " has errors. CRM.CALL_DETAIL_RECORDS
Thread 1 advanced to log sequence 81
RMAN-06529: CHANGE ... KEEP not supported for ARCHIVELOG
Archived Log entry 588 added for thread 1 sequence 3308
Completed checkpoint up to RBA
ORA-16551: short idx_users_email copied
Errors in file /u01/app/oracle/diag/rdbms/ttprod/ttprod1/trace/ttprod1_ora_39812.trc
ARC0: Archival started
Beginning log switch checkpoint up to RBA
PGA-21101: initialization parameters read from ttprod1
Completed checkpoint up to RBA
Undo initialization finished
Thread 1 advanced to log sequence 383
Starting background process VKTM
INS-41874: Oracle ASM Administrator (OSASM) Group specified is same as the inventory group.
ARC0: Archival started
QSM-01321: query rewrite not possible because materialized view reporting_schema has TRUSTED constraints in ENFORCED integrity mode
Archived Log entry 688 added for thread 1 sequence 7323
Undo initialization finished
DRG-11729: phrase does not have any narrower terms of this type
Beginning log switch checkpoint up to RBA
Beginning log switch checkpoint up to RBA
DIA-48168: the ADR sub-system is not initialized
ARC0: Archival started
Starting background process VKTM
PRKO-02137: Option '-n' should not be supplied to convert policy-managed RAC One Node database to RAC database
Current log# 803 seq# 6680 mem# 0
Completed checkpoint up to RBA
ARC0: Archival started
TNS-00287: Min Connect Time (secs) : number
Completed checkpoint up to RBA
Beginning log switch checkpoint up to RBA
Completed checkpoint up to RBA
ORA-06004: NETASY: dialogue file open failure
Undo initialization finished
Thread 1 advanced to log sequence 483
Current log# 920 seq# 9616 mem# 0
Beginning log switch checkpoint up to RBA
RDE-04019: client should free resources
Errors in file /u01/app/oracle/diag/rdbms/ttprod/ttprod1/trace/ttprod1_ora_97387.trc
Starting background process VKTM
ARC0: Archival started
TNS-00006: INTCTL: HOST variable is not defined
Undo initialization finished
Thread 1 advanced to log sequence 143
Archived Log entry 446 added for thread 1 sequence 9969
TNS-01102: TNS application contacted was not the listener
Errors in file /u01/app/oracle/diag/rdbms/ttprod/ttprod1/trace/ttprod1_ora_88336.trc
Current log# 2 seq# 6777 mem# 0
Current log# 311 seq# 8501 mem# 0
RMAN-05550: TARGET database not open, cannot verify that set of tablespaces being duplicated does not have SYS objects
Undo initialization finished
Current log# 301 seq# 4557 mem# 0
Current log# 498 seq# 7542 mem# 0
ORA-09977: skxfqhini: Error Connecting
Errors in file /u01/app/oracle/diag/rdbms/ttprod/ttprod1/trace/ttprod1_ora_17690.trc
Thread 1 advanced to log sequence 163
Beginning log switch checkpoint up to RBA
ARC0: Archival started
Beginning log switch checkpoint up to RBA
NNO-00706: overriding next cache checkpoint, checking in number seconds
Completed checkpoint up to RBA
Starting background process VKTM
ORA-00488: RBAL process terminated with error
Beginning log switch checkpoint up to RBA
Current log# 884 seq# 9022 mem# 0
Starting background process VKTM
ORA-27548: Unable to unprepare IPC buffer
Completed checkpoint up to RBA
Archived Log entry 183 added for thread 1 sequence 1997
Completed checkpoint up to RBA
Current log# 606 seq# 2274 mem# 0
Archived Log entry 677 added for thread 1 sequence 6627
ORA-03218: invalid option for CREATE/ALTER TABLESPACE
Errors in file /u01/app/oracle/diag/rdbms/ttprod/ttprod1/trace/ttprod1_ora_82505.trc
Undo initialization finished
Starting background process VKTM
Undo initialization finished
ARC0: Archival started
PCC-00010: Statement out of place at line number in file ttprod2
Errors in file /u01/app/oracle/diag/rdbms/ttprod/ttprod1/trace/ttprod1_ora_45531.trc
Current log# 642 seq# 6654 mem# 0
OCI-22288: file operation USERS failed TNS_ADMIN
Beginning log switch checkpoint up to RBA
Thread 1 advanced to log sequence 991
Starting background process VKTM
Beginning log switch checkpoint up to RBA
Starting background process VKTM
ORA-24789: start not allowed in recursive call
Errors in file /u01/app/oracle/diag/rdbms/ttprod/ttprod1/trace/ttprod1_ora_39843.trc
Beginning log switch checkpoint up to RBA
Current log# 32 seq# 7540 mem# 0
Beginning log switch checkpoint up to RBA
Thread 1 advanced to log sequence 646
ORA-48319: Update operation on ADR relation [ 17 ] not allowed
Errors in file /u01/app/oracle/diag/rdbms/ttprod/ttprod1/trace/ttprod1_ora_96037.trc
Completed checkpoint up to RBA
Current log# 20 seq# 8995 mem# 0
ARC0: Archival started
Starting background process VKTM
Completed checkpoint up to RBA
LRM-00110: syntax error at ' APP_USER42 '
Archived Log entry 545 added for thread 1 sequence 4614
Archived Log entry 541 added for thread 1 sequence 1791
Completed checkpoint up to RBA
Completed checkpoint up to RBA
Thread 1 advanced to log sequence 978
CRS-04228: Value of attribute ' PK_CUSTOMER_ACCOUNTS ' is missing
Archived Log entry 981 added for thread 1 sequence 9781
ARC0: Archival started
ORA-01381: Dropping log APP_USER42 would leave less than two log files with block size 5000 for instance large pool (thread SYSAUX )
Archived Log entry 81 added for thread 1 sequence 2411
Completed checkpoint up to RBA
Beginning log switch checkpoint up to RBA
ORA-39130: Object type BILLING.CUST_ORDERS not imported. Base object name conflicts with the master table
Errors in file /u01/app/oracle/diag/rdbms/ttprod/ttprod1/trace/ttprod1_ora_57819.trc
Thread 1 advanced to log sequence 563
ORA-34374: (MXDSS27) ttstandby01 is not a valid analytic workspace name. Analytic workspace names must be 26 characters or less, can contain only letters, digits, and underscores, and cannot begin with a digit.
Beginning log switch checkpoint up to RBA
Archived Log entry 128 added for thread 1 sequence 2312
Starting background process VKTM
Archived Log entry 638 added for thread 1 sequence 2168
OCI-30936: Maximum number ( pk_orders ) of ' pg_toast_12345 ' XML node elements exceeded
Undo initialization finished
RMAN-03014: implicit resync of recovery catalog failed
Errors in file /u01/app/oracle/diag/rdbms/ttprod/ttprod1/trace/ttprod1_ora_84268.trc
Archived Log entry 931 added for thread 1 sequence 8984
IMG-00579: extra quantize argument
Beginning log switch checkpoint up to RBA
NNO-00318: overriding next statistic counter reset, resetting in number seconds
Errors in file /u01/app/oracle/diag/rdbms/ttprod/ttprod1/trace/ttprod1_ora_86960.trc
Current log# 804 seq# 6945 mem# 0
Starting background process VKTM
Starting background process VKTM
Starting background process VKTM
Thread 1 advanced to log sequence 556
ORA-19380: invalid plan filter
Errors in file /u01/app/oracle/diag/rdbms/ttprod/ttprod1/trace/ttprod1_ora_75687.trc
Current log# 838 seq# 9578 mem# 0
Starting background process VKTM
ARC0: Archival started
Completed checkpoint up to RBA
ORA-64152: There are no pending rows to process.
Archived Log entry 844 added for thread 1 sequence 2916
Undo initialization finished
Current log# 178 seq# 2350 mem# 0
ORA-01469: PRIOR can only be followed by a column name
Undo initialization finished
Beginning log switch checkpoint up to RBA
Undo initialization finished
Thread 1 advanced to log sequence 878
DRG-50614: library loading error in BILLING.CUST_ORDERS
Thread 1 advanced to log sequence 815
Beginning log switch checkpoint up to RBA
ARC0: Archival started
Current log# 159 seq# 9479 mem# 0
Completed checkpoint up to RBA
NNO-00074: downloading region from server 1024
Errors in file /u01/app/oracle/diag/rdbms/ttprod/ttprod1/trace/ttprod1_ora_30155.trc
Completed checkpoint up to RBA
Starting background process VKTM
PLS-00399: different types of columns in UNION, INTERSECT, or MINUS expression
Undo initialization finished
Completed checkpoint up to RBA
ARC0: Archival started
Starting background process VKTM
ORA-02246: missing EVENTS text
Archived Log entry 283 added for thread 1 sequence 7054
PCC-02041: CMD-LINE: Option does not exist:
Thread 1 advanced to log sequence 588
Beginning log switch checkpoint up to RBA
TNS-02520: encryption/crypto-checksumming: no Diffie-Hellman seed
Completed checkpoint up to RBA
Archived Log entry 81 added for thread 1 sequence 3702
Current log# 421 seq# 1079 mem# 0
Starting background process VKTM
ORA-36722: (XSALLOC02) In AGGMAP workspace object , you specified an NA or ZERO sourceval but supplied formula workspace object as your source for ALLOCATE.
Errors in file /u01/app/oracle/diag/rdbms/ttprod/ttprod1/trace/ttprod1_ora_71165.trc
Archived Log entry 93 added for thread 1 sequence 7920
Completed checkpoint up to RBA
Starting background process VKTM
ORA-24023: Internal error in DBMS_AQ_EXP_INTERNAL. 3 [ TNS_ADMIN ] [ BILLING.CUST_ORDERS ]
Completed checkpoint up to RBA
ARC0: Archival started
CLSR-01007: Connection to database was not established
Errors in file /u01/app/oracle/diag/rdbms/ttprod/ttprod1/trace/ttprod1_ora_97982.trc
Thread 1 advanced to log sequence 17
Starting background process VKTM
Completed checkpoint up to RBA
ORA-25248: duplicate agent specified in the agent list
Undo initialization finished
Current log# 698 seq# 6619 mem# 0
Completed checkpoint up to RBA
Current log# 944 seq# 5798 mem# 0
Undo initialization finished
LPX-01006: [XPTY0006]
Thread 1 advanced to log sequence 586
Current log# 489 seq# 1466 mem# 0
Current log# 947 seq# 7226 mem# 0
NNL-00271: Default domain is now " _SYSSMU12$ "
Errors in file /u01/app/oracle/diag/rdbms/ttprod/ttprod1/trace/ttprod1_ora_82931.trc
Undo initialization finished
Thread 1 advanced to log sequence 548
Starting background process VKTM
Archived Log entry 795 added for thread 1 sequence 6330
Undo initialization finished
QSM-02198: PCT FAST REFRESH is not possible if HAVING clause includes a subquery
Beginning log switch checkpoint up to RBA
Undo initialization finished
Beginning log switch checkpoint up to RBA
Starting background process VKTM
Starting background process VKTM
RMAN-06226: Automatic instance removed
Completed checkpoint up to RBA
Current log# 545 seq# 6917 mem# 0
Thread 1 advanced to log sequence 529
Starting background process VKTM
Archived Log entry 405 added for thread 1 sequence 3681
CRS-02650: Resource ' ttstandby01 ' is configured to run only on ' 3 ' and cannot be started on ' 42 '
Errors in file /u01/app/oracle/diag/rdbms/ttprod/ttprod1/trace/ttprod1_ora_86714.trc
Beginning log switch checkpoint up to RBA
Completed checkpoint up to RBA
Starting background process VKTM
ARC0: Archival started
ORA-14196: Specified index cannot be used to enforce the constraint.
Current log# 379 seq# 6106 mem# 0
Starting background process VKTM
ORA-39902: Subpartitioned table session_1123 . _SYSSMU7$ is partially contained in the transportable set.
Thread 1 advanced to log sequence 894
Current log# 812 seq# 9131 mem# 0
Current log# 844 seq# 7765 mem# 0
NNO-00800: Error: cannot read version from config database
Current log# 741 seq# 5148 mem# 0
Beginning log switch checkpoint up to RBA
RMAN-08513: datafile copy file name= _SYSSMU7$ RECID= PK_CUSTOMER_ACCOUNTS STAMP= _SYSSMU7$
Thread 1 advanced to log sequence 331
Thread 1 advanced to log sequence 270
Completed checkpoint up to RBA
PCC-00115: Array required here
Thread 1 advanced to log sequence 478
Beginning log switch checkpoint up to RBA
ARC0: Archival started
Starting background process VKTM
ORA-02147: conflicting SHARED/EXCLUSIVE options
Errors in file /u01/app/oracle/diag/rdbms/ttprod/ttprod1/trace/ttprod1_ora_68801.trc
Thread 1 advanced to log sequence 513
ORA-39904: Partitioned object user_sessions . USERS is partially contained in the transportable set.
Undo initialization finished
Current log# 190 seq# 1539 mem# 0
QSM-01602: equivalence, 42 , requires join back to table, large pool , on column, idx_users_email
Current log# 615 seq# 4439 mem# 0
Thread 1 advanced to log sequence 112
Beginning log switch checkpoint up to RBA
ORA-24320: unable to initialize a mutex
Current log# 769 seq# 7516 mem# 0
Completed checkpoint up to RBA
Archived Log entry 11 added for thread 1 sequence 6753
DRG-11111: value of PK_CUSTOMER_ACCOUNTS must be between ttstandby01 and 3
Errors in file /u01/app/oracle/diag/rdbms/ttprod/ttprod1/trace/ttprod1_ora_31601.trc
Thread 1 advanced to log sequence 897
Archived Log entry 344 added for thread 1 sequence 6550
Current log# 370 seq# 3806 mem# 0
Completed checkpoint up to RBA
INS-35089: The specified domain of the Global database name exceeds shared pool characters.
Errors in file /u01/app/oracle/diag/rdbms/ttprod/ttprod1/trace/ttprod1_ora_58270.trc
Thread 1 advanced to log sequence 789
Beginning log switch checkpoint up to RBA
ORA-53057: invalid preference parameter value: idx_users_email
Undo initialization finished
Current log# 723 seq# 7180 mem# 0
ORA-24027: AQ HTTP propagation encountered error, status-code pk_orders , PK_CUSTOMER_ACCOUNTS
Archived Log entry 39 added for thread 1 sequence 2200
Completed checkpoint up to RBA
Archived Log entry 483 added for thread 1 sequence 3493
ORA-14300: partitioning key maps to a partition outside maximum permitted number of partitions
Archived Log entry 588 added for thread 1 sequence 6811
INS-06007: SSH connectivity check operation disabled
Undo initialization finished
Thread 1 advanced to log sequence 761
ORA-02405: invalid sql plan object provided
ARC0: Archival started
Starting background process VKTM
ARC0: Archival started
Current log# 84 seq# 4625 mem# 0
OCI-31078: error in SQL mapping information
ARC0: Archival started
ARC0: Archival started
CRS-01017: The Cluster Ready Service on this node terminated because it was unable to open the import file while upgrading the Oracle Cluster Registry format. Details at idx_users_email in /u01/app/oracle/oradata/ttprod/users01.dbf .
Beginning log switch checkpoint up to RBA
ORA-03125: client-server protocol violation
Starting background process VKTM
PLS-00618: type mismatch found at ' pg_toast_12345 ' between operands in a NULLIF expression
Completed checkpoint up to RBA
ARC0: Archival started
ORA-22628: OCIAnyData already constructed
Errors in file /u01/app/oracle/diag/rdbms/ttprod/ttprod1/trace/ttprod1_ora_49740.trc
Starting background process VKTM
ORA-24417: Session pool size has exceeded the maximum limit
Archived Log entry 857 added for thread 1 sequence 9343
Archived Log entry 727 added for thread 1 sequence 6704
NID-00416: Change of database name failed.
Starting background process VKTM
ARC0: Archival started
Starting background process VKTM
RMAN-08104: channel 3 : input backup set: count= NETWORK_OPS.SIM_INVENTORY , stamp= idx_users_email , piece= 1024
Archived Log entry 24 added for thread 1 sequence 2394
Current log# 124 seq# 1162 mem# 0
ARC0: Archival started
Thread 1 advanced to log sequence 896
ORA-55462: internal error
Current log# 130 seq# 2352 mem# 0
Current log# 832 seq# 5218 mem# 0
Thread 1 advanced to log sequence 320
Completed checkpoint up to RBA
Archived Log entry 61 added for thread 1 sequence 6334
OCI-22311: type for attribute " NETWORK_OPS.SIM_INVENTORY " does not exist
Completed checkpoint up to RBA
ORA-31199: Warning in processing file CRM.CALL_DETAIL_RECORDS
Current log# 884 seq# 7495 mem# 0
Beginning log switch checkpoint up to RBA
Thread 1 advanced to log sequence 389
ORA-16117: processing
Completed checkpoint up to RBA
Beginning log switch checkpoint up to RBA
Undo initialization finished
KUP-04102: record number discarded from file /u01/app/oracle/oradata/ttprod/users01.dbf
Errors in file /u01/app/oracle/diag/rdbms/ttprod/ttprod1/trace/ttprod1_ora_36366.trc
Completed checkpoint up to RBA
Beginning log switch checkpoint up to RBA
ARC0: Archival started
Thread 1 advanced to log sequence 920
Undo initialization finished
ORA-25340: must use commit-time queue for sync_capture
Beginning log switch checkpoint up to RBA
Thread 1 advanced to log sequence 724
Thread 1 advanced to log sequence 472
Starting background process VKTM
Current log# 268 seq# 1980 mem# 0
EXP-00046: Tablespace named large pool does not exist
Archived Log entry 126 added for thread 1 sequence 1629
RMAN-08618: validation succeeded for foreign archived log
Archived Log entry 246 added for thread 1 sequence 4737
Archived Log entry 564 added for thread 1 sequence 1457
DRG-10828: token ttstandby01 is longer than maximum length for column TNS_ADMIN
ARC0: Archival started
Completed checkpoint up to RBA
RMAN-11002: could not open a cursor to the target database
Beginning log switch checkpoint up to RBA
RDE-00020: no host name or IP address.
Beginning log switch checkpoint up to RBA
Undo initialization finished
Starting background process VKTM
Completed checkpoint up to RBA
Starting background process VKTM
ORA-04068: existing state of packages reporting_schema APP_USER42 BILLING.CUST_ORDERS has been discarded
Errors in file /u01/app/oracle/diag/rdbms/ttprod/ttprod1/trace/ttprod1_ora_99147.trc
Completed checkpoint up to RBA
ORA-09919: Unable to set label of dedicated server
Starting background process VKTM
Undo initialization finished
Completed checkpoint up to RBA
LPX-00272: FTP server unavailable: ~s
Starting background process VKTM
Beginning log switch checkpoint up to RBA
Beginning log switch checkpoint up to RBA
Archived Log entry 468 added for thread 1 sequence 4970
Archived Log entry 324 added for thread 1 sequence 3284
PGA-21040: error creating path object for log file
Undo initialization finished
Beginning log switch checkpoint up to RBA
Starting background process VKTM
Current log# 236 seq# 7122 mem# 0
ARC0: Archival started
ORA-48168: the ADR sub-system is not initialized
Undo initialization finished
ORA-36223: (XSLPDSC04) object workspace object in IGNORE or DENSE list has illegal type
Starting background process VKTM
Undo initialization finished
ARC0: Archival started
KUP-05006: Warning: Intra source concurrency disabled because a complex terminator app_db is being used.
Thread 1 advanced to log sequence 799
Beginning log switch checkpoint up to RBA
Archived Log entry 502 added for thread 1 sequence 7624
RMAN-06947: searching flashback logs for block images until SCN _SYSSMU7$
ARC0: Archival started
ORA-24146: rule ttprod2 . APP_USER42 already exists
Completed checkpoint up to RBA
Archived Log entry 519 added for thread 1 sequence 5187
Beginning log switch checkpoint up to RBA
Archived Log entry 559 added for thread 1 sequence 2511
LRM-00103: ' CRM.CALL_DETAIL_RECORDS ' contains an illegal integer radix for ' large pool '
Starting background process VKTM
Completed checkpoint up to RBA
PCB-00321: Implicit varchar host variables are an Oracle extension
Undo initialization finished
Completed checkpoint up to RBA
Beginning log switch checkpoint up to RBA
RMAN-06432: recovery catalog dropped
Current log# 651 seq# 4024 mem# 0
Undo initialization finished
Current log# 813 seq# 7632 mem# 0
Beginning log switch checkpoint up to RBA
Archived Log entry 657 added for thread 1 sequence 2865
PRKC-01010: Failed to stop the service on all nodes
Errors in file /u01/app/oracle/diag/rdbms/ttprod/ttprod1/trace/ttprod1_ora_29545.trc
Starting background process VKTM
Completed checkpoint up to RBA
ORA-41668: invalid operation for the rule class
Current log# 518 seq# 7618 mem# 0
ARC0: Archival started
ORA-38872: Cannot perform backup control file recovery if Flashback Database is enabled.
Archived Log entry 457 added for thread 1 sequence 7122
Starting background process VKTM
ORA-27164: tried to join detached thread
Completed checkpoint up to RBA
Thread 1 advanced to log sequence 448
NNL-01060: Cache next checkpointed in: TNS_ADMIN
Beginning log switch checkpoint up to RBA
Undo initialization finished
ORA-55330: rulebase or rules index pk_orders is busy
Current log# 863 seq# 1812 mem# 0
Starting background process VKTM
Starting background process VKTM
Undo initialization finished
Beginning log switch checkpoint up to RBA
OCI-30162: The OCIFile context is not initialzed
Current log# 195 seq# 1428 mem# 0
Thread 1 advanced to log sequence 485
Current log# 283 seq# 9066 mem# 0
Starting background process VKTM
ORA-24281: invalid access past the maximum size of LOB parameter shared pool
Archived Log entry 620 added for thread 1 sequence 2160
Current log# 337 seq# 4676 mem# 0
Beginning log switch checkpoint up to RBA
Undo initialization finished
Undo initialization finished
ORA-32611: incorrect use of MODEL CV operator
Starting background process VKTM
ORA-14763: Unable to resolve FOR VALUES clause to a partition number
Current log# 422 seq# 9357 mem# 0
Current log# 937 seq# 5604 mem# 0
Undo initialization finished
PGU-30003: transaction 42 , version _SYSSMU12$ body generated to file user_sessions
Current log# 885 seq# 5726 mem# 0
Archived Log entry 229 added for thread 1 sequence 6474
Beginning log switch checkpoint up to RBA
Beginning log switch checkpoint up to RBA
RMAN-04005: error from target database: PK_CUSTOMER_ACCOUNTS
Completed checkpoint up to RBA
Completed checkpoint up to RBA
Thread 1 advanced to log sequence 952
NID-00398: Changing database ID from number to number
Errors in file /u01/app/oracle/diag/rdbms/ttprod/ttprod1/trace/ttprod1_ora_69507.trc
Archived Log entry 538 added for thread 1 sequence 3605
Thread 1 advanced to log sequence 814
ORA-39284: Cannot alter the list values of a list subpartition: 3
Undo initialization finished
ORA-07274: spdcr: access error, access to oracle denied.
Completed checkpoint up to RBA
Beginning log switch checkpoint up to RBA
Undo initialization finished
Thread 1 advanced to log sequence 59
ARC0: Archival started
NID-00430: Database is ready to be open or shut down.
Current log# 42 seq# 2093 mem# 0
Archived Log entry 551 added for thread 1 sequence 3024
Thread 1 advanced to log sequence 798
ARC0: Archival started
ORA-23432: master site ttprod2 already exists
Beginning log switch checkpoint up to RBA
PGU-30309: TIP generation: call SYSAUX parm 3 exceeds PGAXFER SYSAUX limit ( SYSAUX )
Starting background process VKTM
Archived Log entry 2 added for thread 1 sequence 5565
RMAN-06803: created virtual catalog against base catalog owned by /u01/app/oracle/oradata/ttprod/users01.dbf
Errors in file /u01/app/oracle/diag/rdbms/ttprod/ttprod1/trace/ttprod1_ora_58309.trc
Beginning log switch checkpoint up to RBA
ARC0: Archival started
Completed checkpoint up to RBA
Undo initialization finished
Starting background process VKTM
RMAN-06238: List of Databases
Errors in file /u01/app/oracle/diag/rdbms/ttprod/ttprod1/trace/ttprod1_ora_69549.trc
Thread 1 advanced to log sequence 521
Beginning log switch checkpoint up to RBA
RMAN-08121: keep attributes for the backup are deleted
Current log# 388 seq# 9457 mem# 0
Archived Log entry 210 added for thread 1 sequence 1132
Completed checkpoint up to RBA
Completed checkpoint up to RBA
Starting background process VKTM
ORA-23346: primary key or object ID is undefined for table or materialized view SP2-0552
Archived Log entry 697 added for thread 1 sequence 1275
Thread 1 advanced to log sequence 789
Undo initialization finished
Current log# 202 seq# 3426 mem# 0
CRS-02667: Resource ' fk_order_customer ' with PK_CUSTOMER_ACCOUNTS = fk_order_customer may only run on servers assigned to SYSAUX and 3 , both of which are empty
Archived Log entry 750 added for thread 1 sequence 5988
ARC0: Archival started
INS-42015: File missing from Grid home: BILLING.CUST_ORDERS
ARC0: Archival started
ORA-39933: Parent table APP_USER42 . pk_orders and its nested table columns are not fully contained in the transportable set.
ARC0: Archival started
Starting background process VKTM
Completed checkpoint up to RBA
CRS-00004: logging terminated for the process. log file: " session_1123 "
Undo initialization finished
Current log# 69 seq# 6862 mem# 0
PRCS-01073: The specified GNS logging level {0} was outside the expected range of {1} to {2}
Errors in file /u01/app/oracle/diag/rdbms/ttprod/ttprod1/trace/ttprod1_ora_88605.trc
Current log# 438 seq# 1384 mem# 0
Undo initialization finished
Beginning log switch checkpoint up to RBA
Beginning log switch checkpoint up to RBA
ORA-48134: invalid file descriptor state for operation, SP2-0552 , ttstandby01 , 17
Errors in file /u01/app/oracle/diag/rdbms/ttprod/ttprod1/trace/ttprod1_ora_61565.trc
Starting background process VKTM
Completed checkpoint up to RBA
ORA-01920: user name ' PK_CUSTOMER_ACCOUNTS ' conflicts with another user or role name
Thread 1 advanced to log sequence 706
Completed checkpoint up to RBA
RMAN-08115: channel ttprod2 : restoring SPFILE
Beginning log switch checkpoint up to RBA
TNS-03510: Failed due to I/O error
Errors in file /u01/app/oracle/diag/rdbms/ttprod/ttprod1/trace/ttprod1_ora_79936.trc
Archived Log entry 345 added for thread 1 sequence 5514
Beginning log switch checkpoint up to RBA
Beginning log switch checkpoint up to RBA
Thread 1 advanced to log sequence 881
Undo initialization finished
ORA-01150: cannot prevent writes - file 42 has online backup set
Beginning log switch checkpoint up to RBA
Thread 1 advanced to log sequence 104
Completed checkpoint up to RBA
Archived Log entry 950 added for thread 1 sequence 9832
ORA-16050: destination exceeded specified quota size
Errors in file /u01/app/oracle/diag/rdbms/ttprod/ttprod1/trace/ttprod1_ora_13619.trc
Beginning log switch checkpoint up to RBA
Beginning log switch checkpoint up to RBA
Archived Log entry 48 added for thread 1 sequence 4772
Starting background process VKTM
Thread 1 advanced to log sequence 795
LPX-00311: unsupported feature: ~s
Errors in file /u01/app/oracle/diag/rdbms/ttprod/ttprod1/trace/ttprod1_ora_18709.trc
Current log# 588 seq# 7691 mem# 0
Starting background process VKTM
ARC0: Archival started
Thread 1 advanced to log sequence 36
Current log# 933 seq# 4744 mem# 0
PGU-00366: name 5000 is malformed, it must be of form [[a.]b.]c@dblink
Thread 1 advanced to log sequence 182
Archived Log entry 155 added for thread 1 sequence 9592
Starting background process VKTM
Current log# 399 seq# 6762 mem# 0
ARC0: Archival started
ORA-02788: Unable to find kernel process pointer in async process array
Thread 1 advanced to log sequence 570
Thread 1 advanced to log sequence 188
ORA-40219: apply result table pg_toast_12345 is incompatible with current operation
Undo initialization finished
Archived Log entry 86 added for thread 1 sequence 3819
ARC0: Archival started
Undo initialization finished
Beginning log switch checkpoint up to RBA
ORA-01260: warning: END BACKUP succeeded but some files found not to be in backup mode
Current log# 971 seq# 6952 mem# 0
Beginning log switch checkpoint up to RBA
Archived Log entry 142 added for thread 1 sequence 5829
Starting background process VKTM
Thread 1 advanced to log sequence 789
DRG-11404: no primary key value specified
Completed checkpoint up to RBA
ARC0: Archival started
ARC0: Archival started
ORA-39600: Queue keys needs to be a suffix of cluster key.
Current log# 315 seq# 1228 mem# 0
TNS-00146: Internal-- Retry data request withing pump.
Starting background process VKTM
Archived Log entry 131 added for thread 1 sequence 9567
Thread 1 advanced to log sequence 937
ORA-23359: error on creating a ddl record for a repcatlog record
Errors in file /u01/app/oracle/diag/rdbms/ttprod/ttprod1/trace/ttprod1_ora_28423.trc
Thread 1 advanced to log sequence 325
Archived Log entry 472 added for thread 1 sequence 4936
Undo initialization finished
Beginning log switch checkpoint up to RBA
ORA-23310: object group " UNDOTBS1 "." pg_toast_12345 " is not quiesced
Completed checkpoint up to RBA
ARC0: Archival started
ORA-56938: no secondary time zone data file being loaded by on-demand or a datapump job
Archived Log entry 337 added for thread 1 sequence 8204
Current log# 445 seq# 2768 mem# 0
ARC0: Archival started
ORA-06909: CMX: error during acknowledge of ORACLE_SID
ARC0: Archival started
Completed checkpoint up to RBA
Undo initialization finished
Beginning log switch checkpoint up to RBA
RMAN-06905: backup of backup set key number was cancelled
Errors in file /u01/app/oracle/diag/rdbms/ttprod/ttprod1/trace/ttprod1_ora_21157.trc
Starting background process VKTM
Beginning log switch checkpoint up to RBA
RMAN-08155: printing stored global script: fk_order_customer
Undo initialization finished
ORA-01988: remote os logon is not allowed
Completed checkpoint up to RBA
Current log# 794 seq# 7831 mem# 0
DRG-12410: could not process CTX EXEC tag
Beginning log switch checkpoint up to RBA
RMAN-06608: RMAN configuration has no stored or default parameters
Current log# 979 seq# 1031 mem# 0
Current log# 466 seq# 1847 mem# 0
PCB-00317: Group item host variables are Oracle extensions
Errors in file /u01/app/oracle/diag/rdbms/ttprod/ttprod1/trace/ttprod1_ora_94281.trc
Current log# 217 seq# 8146 mem# 0
Archived Log entry 851 added for thread 1 sequence 4013
PROT-00004: Failed to retrieve data from the cluster registry
Completed checkpoint up to RBA
PLS-00534: A Table type may not contain a nested table type or VARRAY.
Thread 1 advanced to log sequence 833
ARC0: Archival started
Completed checkpoint up to RBA
Archived Log entry 81 added for thread 1 sequence 3137
Beginning log switch checkpoint up to RBA
PRCT-01114: Execution of acfsutil command failed on node {0} for location {1}
Current log# 151 seq# 1835 mem# 0
Starting background process VKTM
Completed checkpoint up to RBA
Thread 1 advanced to log sequence 986
PRCN-02069: Unable to retrieve the list of nodes
Current log# 773 seq# 2301 mem# 0
Current log# 582 seq# 1631 mem# 0
Current log# 917 seq# 9584 mem# 0
Starting background process VKTM
RMAN-08543: channel 3 : specifying archived log(s) for proxy backup
Errors in file /u01/app/oracle/diag/rdbms/ttprod/ttprod1/trace/ttprod1_ora_83870.trc
Beginning log switch checkpoint up to RBA
Undo initialization finished
RMAN-06226: Automatic instance removed
Errors in file /u01/app/oracle/diag/rdbms/ttprod/ttprod1/trace/ttprod1_ora_96762.trc
Starting background process VKTM
Beginning log switch checkpoint up to RBA
Current log# 390 seq# 2166 mem# 0
Starting background process VKTM
Archived Log entry 954 added for thread 1 sequence 6546
ORA-26709: Streams RFS restart
Archived Log entry 843 added for thread 1 sequence 3601
Beginning log switch checkpoint up to RBA
Undo initialization finished
Beginning log switch checkpoint up to RBA
PGU-39210: Termination rc %4li
ARC0: Archival started
Undo initialization finished
OCI-31051: Requested access privileges not supported
Thread 1 advanced to log sequence 289
Beginning log switch checkpoint up to RBA
RMAN-06008: connected to recovery catalog database
Errors in file /u01/app/oracle/diag/rdbms/ttprod/ttprod1/trace/ttprod1_ora_30301.trc
Undo initialization finished
ARC0: Archival started
Undo initialization finished
ARC0: Archival started
ORA-30990: insufficient privileges to change owner of resource ttprod2
Errors in file /u01/app/oracle/diag/rdbms/ttprod/ttprod1/trace/ttprod1_ora_61854.trc
Beginning log switch checkpoint up to RBA
ORA-31483: cannot have spaces in the parameter pk_orders
Errors in file /u01/app/oracle/diag/rdbms/ttprod/ttprod1/trace/ttprod1_ora_75145.trc
Beginning log switch checkpoint up to RBA
Undo initialization finished
Beginning log switch checkpoint up to RBA
Beginning log switch checkpoint up to RBA
PRKP-01010: Failed to stop all the listeners associated with instance {0} on node {1}
ARC0: Archival started
ORA-01916: keyword ONLINE, OFFLINE, RESIZE, AUTOEXTEND or END/DROP expected
Undo initialization finished
Current log# 988 seq# 5030 mem# 0
Archived Log entry 243 added for thread 1 sequence 9203
Thread 1 advanced to log sequence 305
Archived Log entry 42 added for thread 1 sequence 8343
RMAN-08512: waiting for snapshot control file enqueue
Undo initialization finished
LPX-01075: [XQST0075] Validate expression not supported
ARC0: Archival started
Undo initialization finished
ARC0: Archival started
Archived Log entry 501 added for thread 1 sequence 3039
Completed checkpoint up to RBA
ORA-40101: Data Mining System Error reporting_schema - 42 - UNDOTBS1
Archived Log entry 834 added for thread 1 sequence 7623
Current log# 783 seq# 9830 mem# 0
Undo initialization finished
INS-08102: Unexpected error occurred while transitioning from state ' CDR_STAGING '
Current log# 756 seq# 8021 mem# 0
RMAN-06957: finished standby search, restored fk_order_customer blocks
Errors in file /u01/app/oracle/diag/rdbms/ttprod/ttprod1/trace/ttprod1_ora_69614.trc
Thread 1 advanced to log sequence 991
Beginning log switch checkpoint up to RBA
Archived Log entry 974 added for thread 1 sequence 9079
Current log# 235 seq# 9429 mem# 0
Beginning log switch checkpoint up to RBA
PCC-00077: Colon usage with numeric label in WHENEVER statement is not ANSI
Archived Log entry 479 added for thread 1 sequence 9636
Beginning log switch checkpoint up to RBA
RMAN-06452: 1024 package upgraded to version reporting_schema
Completed checkpoint up to RBA
Completed checkpoint up to RBA
ARC0: Archival started
LSX-00118: fixed facet value cannot be changed
ARC0: Archival started
Current log# 361 seq# 6939 mem# 0
Completed checkpoint up to RBA
ORA-29491: invalid table for chunking
Completed checkpoint up to RBA
Archived Log entry 376 added for thread 1 sequence 8181
Starting background process VKTM
ARC0: Archival started
ORA-12025: materialized view log on " _SYSSMU7$ "." idx_users_email " already has primary keys
Errors in file /u01/app/oracle/diag/rdbms/ttprod/ttprod1/trace/ttprod1_ora_13011.trc
Starting background process VKTM
Completed checkpoint up to RBA
Thread 1 advanced to log sequence 809
Thread 1 advanced to log sequence 197
CRS-02806: Failed to create stop operation for resource ' shared pool '
Completed checkpoint up to RBA
NZE-29011: Finished message is incorrect.
Errors in file /u01/app/oracle/diag/rdbms/ttprod/ttprod1/trace/ttprod1_ora_89217.trc
Starting background process VKTM
IMG-00729: output format does not support the specified frame parameters
Errors in file /u01/app/oracle/diag/rdbms/ttprod/ttprod1/trace/ttprod1_ora_16203.trc
ARC0: Archival started
Starting background process VKTM
Thread 1 advanced to log sequence 21
Starting background process VKTM
Starting background process VKTM
ORA-32842: value for property APP_USER42 cannot be altered
Completed checkpoint up to RBA
Beginning log switch checkpoint up to RBA
ARC0: Archival started
QSM-01016: Query rewrite does not support, aggregate, SP2-0552
Completed checkpoint up to RBA
Current log# 636 seq# 8860 mem# 0
Thread 1 advanced to log sequence 12
ORA-28669: bitmap index can not be created on an IOT with no mapping table
Errors in file /u01/app/oracle/diag/rdbms/ttprod/ttprod1/trace/ttprod1_ora_99390.trc
ARC0: Archival started
ORA-48220: Too Many Keys Defined [ shared pool ] [ 3 ]
Thread 1 advanced to log sequence 365
Starting background process VKTM
ARC0: Archival started
Beginning log switch checkpoint up to RBA
ORA-26740: cannot downgrade because there are file groups
