Thu Aug 13 04:00:00 2026
ARC0: Archival started
Undo initialization finished
ARC0: Archival started
ORA-28010: cannot expire external or global accounts
Errors in file /u01/app/oracle/diag/rdbms/ttprod/ttprod1/trace/ttprod1_ora_27193.trc
Starting background process VKTM
Archived Log entry 160 added for thread 1 sequence 2433
Thread 1 advanced to log sequence 489
Current log# 106 seq# 9244 mem# 0
Undo initialization finished
ORA-15057: specified size of 1024 MB is larger than actual size of 3 MB
Completed checkpoint up to RBA
ORA-37097: (XSOBJORG_BAD_DIM_LEVEL) invalid property " PK_CUSTOMER_ACCOUNTS " specified for dimension level " ttstandby01 . TNS_ADMIN . ttprod2 "
Beginning log switch checkpoint up to RBA
Thread 1 advanced to log sequence 446
ORA-06770: TLI Driver: error sending version
Undo initialization finished
Current log# 779 seq# 5202 mem# 0
Archived Log entry 493 added for thread 1 sequence 9714
ARC0: Archival started
ORA-22863: synonym for datatype _SYSSMU12$ . shared pool not allowed
Starting background process VKTM
Thread 1 advanced to log sequence 774
Starting background process VKTM
Completed checkpoint up to RBA
RMAN-06071: could not open datafile ttprod1
Completed checkpoint up to RBA
ORA-15034: disk ' app_db ' does not require the FORCE option
Errors in file /u01/app/oracle/diag/rdbms/ttprod/ttprod1/trace/ttprod1_ora_92691.trc
Thread 1 advanced to log sequence 880
Current log# 117 seq# 2336 mem# 0
ORA-13040: failed to subdivide tile
Thread 1 advanced to log sequence 413
Completed checkpoint up to RBA
ORA-30118: syntax error at ' USERS ' at the end of input
Beginning log switch checkpoint up to RBA
Archived Log entry 942 added for thread 1 sequence 4513
ORA-08308: sllfop: Cannot open file
Errors in file /u01/app/oracle/diag/rdbms/ttprod/ttprod1/trace/ttprod1_ora_33965.trc
ARC0: Archival started
Completed checkpoint up to RBA
Archived Log entry 743 added for thread 1 sequence 2084
PRKH-03002: Vendor cluster software error occured in Cluster Synchronization Services
ARC0: Archival started
Starting background process VKTM
Starting background process VKTM
Completed checkpoint up to RBA
Completed checkpoint up to RBA
CRS-00019: file rotation terminated. log file: " SYSAUX "
Starting background process VKTM
Starting background process VKTM
ARC0: Archival started
PRCR-01015: Failed to relocate resource {0}
Thread 1 advanced to log sequence 874
Undo initialization finished
Completed checkpoint up to RBA
Current log# 691 seq# 4102 mem# 0
Thread 1 advanced to log sequence 771
ORA-16119: building transaction at SCN _SYSSMU7$
ARC0: Archival started
Beginning log switch checkpoint up to RBA
ARC0: Archival started
ARC0: Archival started
Starting background process VKTM
ORA-54653: CREATE_TIN: specified total dimensionality cannot exceed 8
Archived Log entry 926 added for thread 1 sequence 6205
Undo initialization finished
Current log# 814 seq# 9578 mem# 0
Thread 1 advanced to log sequence 944
Archived Log entry 396 added for thread 1 sequence 6441
CRS-05817: Caught exception from user code for command ' idx_users_email '. Details at TNS_ADMIN in BILLING.CUST_ORDERS .
Errors in file /u01/app/oracle/diag/rdbms/ttprod/ttprod1/trace/ttprod1_ora_25184.trc
Starting background process VKTM
Current log# 538 seq# 2667 mem# 0
Undo initialization finished
Archived Log entry 36 added for thread 1 sequence 5691
PGU-41101: INFILE parameter given on DEFINE DATA with inline data
Starting background process VKTM
Current log# 86 seq# 2081 mem# 0
ARC0: Archival started
Archived Log entry 766 added for thread 1 sequence 6569
ARC0: Archival started
ORA-34363: (MXDSS13) number other user writing
Completed checkpoint up to RBA
Thread 1 advanced to log sequence 830
Current log# 264 seq# 2653 mem# 0
Undo initialization finished
Thread 1 advanced to log sequence 358
ORA-08175: discrete transaction restriction violated ( CRM.CALL_DETAIL_RECORDS )
Undo initialization finished
ORA-27354: attribute pg_toast_12345 cannot be set for lightweight jobs
Archived Log entry 157 added for thread 1 sequence 3318
TNS-12668: Dedicated server: outbound protocol does not support proxies
Undo initialization finished
Current log# 591 seq# 5390 mem# 0
Current log# 387 seq# 5682 mem# 0
ORA-00700: soft internal error, arguments: [ 3 ], [ 3 ], [ USERS ], [ pg_toast_12345 ], [ DATA_TS01 ], [ app_db ], [ SYSAUX ], [ DATA_TS01 ], [ NETWORK_OPS.SIM_INVENTORY ], [ ttprod2 ], [ INVOICE_LINES_IDX ], [ ttprod1 ]
Starting background process VKTM
ORA-13410: invalid layerNumbers or bandNumbers parameter
Undo initialization finished
ORA-27485: argument APP_USER42 already exists at a different position
Starting background process VKTM
Archived Log entry 281 added for thread 1 sequence 4038
Completed checkpoint up to RBA
ARC0: Archival started
LSX-00200: element "~S" not empty
Beginning log switch checkpoint up to RBA
Starting background process VKTM
Thread 1 advanced to log sequence 569
Thread 1 advanced to log sequence 926
ARC0: Archival started
DIA-48228: Missing Define Call [ _SYSSMU12$ ]
Errors in file /u01/app/oracle/diag/rdbms/ttprod/ttprod1/trace/ttprod1_ora_64457.trc
Thread 1 advanced to log sequence 385
Beginning log switch checkpoint up to RBA
Thread 1 advanced to log sequence 920
ARC0: Archival started
ORA-64108: Cannot truncate a table that has an XMLIndex whose internal table has been indexed using Oracle Text.
Archived Log entry 640 added for thread 1 sequence 7295
Starting background process VKTM
EXP-00091: Exporting questionable statistics.
Undo initialization finished
Thread 1 advanced to log sequence 990
Starting background process VKTM
Beginning log switch checkpoint up to RBA
Starting background process VKTM
ORA-15239: allocation unit size higher than UNDOTBS1 requires RDBMS compatibility 1024
Errors in file /u01/app/oracle/diag/rdbms/ttprod/ttprod1/trace/ttprod1_ora_37844.trc
Starting background process VKTM
ARC0: Archival started
ARC0: Archival started
RMAN-04031: initialization parameters used for automatic instance: user_sessions
Archived Log entry 933 added for thread 1 sequence 3672
Undo initialization finished
Starting background process VKTM
Thread 1 advanced to log sequence 950
ARC0: Archival started
CRS-09114: Cluster Health Monitor repository location change failed on one or more nodes. Aborting location change.
Thread 1 advanced to log sequence 270
Undo initialization finished
Thread 1 advanced to log sequence 537
Undo initialization finished
ORA-41674: dmlevents policy allowed only for event structures with table aliases
Completed checkpoint up to RBA
Current log# 391 seq# 4050 mem# 0
Completed checkpoint up to RBA
ARC0: Archival started
RMAN-04032: using contents of file PK_CUSTOMER_ACCOUNTS
ARC0: Archival started
ORA-39926: Join index between table shared pool . idx_users_email in tablespace APP_USER42 and table TNS_ADMIN . CRM.CALL_DETAIL_RECORDS in tablespace shared pool .
Undo initialization finished
Thread 1 advanced to log sequence 366
Starting background process VKTM
ORA-06816: TLI Driver: could not set the SPX SAP address
Starting background process VKTM
Beginning log switch checkpoint up to RBA
ARC0: Archival started
Thread 1 advanced to log sequence 295
ORA-06251: NETNTT: cannot translate address file name
Errors in file /u01/app/oracle/diag/rdbms/ttprod/ttprod1/trace/ttprod1_ora_97481.trc
Archived Log entry 547 added for thread 1 sequence 1601
Current log# 493 seq# 4212 mem# 0
Thread 1 advanced to log sequence 991
Archived Log entry 862 added for thread 1 sequence 6065
Archived Log entry 850 added for thread 1 sequence 7235
PRCH-01054: Failed while checking status of ONS "{0}"
Current log# 460 seq# 7354 mem# 0
Starting background process VKTM
Thread 1 advanced to log sequence 348
RMAN-08013: channel ttprod1 : backup piece INVOICE_LINES_IDX
Current log# 857 seq# 2019 mem# 0
RMAN-08599: channel idx_users_email : throttle time: SP2-0552
Archived Log entry 132 added for thread 1 sequence 4831
Starting background process VKTM
Beginning log switch checkpoint up to RBA
ORA-30377: table NETWORK_OPS.SIM_INVENTORY .MV_CAPABILITIES_TABLE not found
Errors in file /u01/app/oracle/diag/rdbms/ttprod/ttprod1/trace/ttprod1_ora_92767.trc
Undo initialization finished
Completed checkpoint up to RBA
Starting background process VKTM
RMAN-08044: channel 1024 : finished piece CDR_STAGING at BILLING.CUST_ORDERS
Archived Log entry 987 added for thread 1 sequence 5503
ARC0: Archival started
RMAN-06774: must specify a TNS service name for source recovery catalog database
Archived Log entry 428 added for thread 1 sequence 7896
Beginning log switch checkpoint up to RBA
Starting background process VKTM
INS-40906: Duplicate host names found in the node information table for Oracle Clusterware install.
Current log# 602 seq# 9835 mem# 0
SQL-02125: Connect error, can't get error text
Errors in file /u01/app/oracle/diag/rdbms/ttprod/ttprod1/trace/ttprod1_ora_97199.trc
Beginning log switch checkpoint up to RBA
Undo initialization finished
Completed checkpoint up to RBA
Thread 1 advanced to log sequence 993
ARC0: Archival started
RMAN-06036: datafile number is already restored to file CDR_STAGING
Beginning log switch checkpoint up to RBA
Starting background process VKTM
Beginning log switch checkpoint up to RBA
ORA-07280: slsget: unable to get process information.
Errors in file /u01/app/oracle/diag/rdbms/ttprod/ttprod1/trace/ttprod1_ora_99528.trc
Completed checkpoint up to RBA
ARC0: Archival started
NNL-00232: Auto-refresh failure-retry interval is currently TNS_ADMIN
Current log# 432 seq# 9593 mem# 0
Thread 1 advanced to log sequence 398
Undo initialization finished
PGU-30012: invalid language environment ( pg_toast_12345 ), default used
Beginning log switch checkpoint up to RBA
Thread 1 advanced to log sequence 862
Starting background process VKTM
Beginning log switch checkpoint up to RBA
Archived Log entry 171 added for thread 1 sequence 5175
RMAN-08042: channel ttprod1 : copied standby control file
Errors in file /u01/app/oracle/diag/rdbms/ttprod/ttprod1/trace/ttprod1_ora_53230.trc
Current log# 173 seq# 5714 mem# 0
Beginning log switch checkpoint up to RBA
ORA-16761: cannot stop SQL Apply
Errors in file /u01/app/oracle/diag/rdbms/ttprod/ttprod1/trace/ttprod1_ora_28555.trc
Starting background process VKTM
Thread 1 advanced to log sequence 665
ORA-46015: The value of the "paramDatatype" element is too long.
Current log# 829 seq# 6457 mem# 0
RMAN-06903: backup of datafile pk_orders was cancelled
Completed checkpoint up to RBA
Starting background process VKTM
Beginning log switch checkpoint up to RBA
Undo initialization finished
RMAN-05547: Checking that duplicated tablespaces are self-contained
Beginning log switch checkpoint up to RBA
Archived Log entry 126 added for thread 1 sequence 9599
Undo initialization finished
ORA-00382: 17 not a valid block size, valid range [ BILLING.CUST_ORDERS .. 1024 ]
Errors in file /u01/app/oracle/diag/rdbms/ttprod/ttprod1/trace/ttprod1_ora_19789.trc
Completed checkpoint up to RBA
ARC0: Archival started
ORA-13197: element UNDOTBS1 . idx_users_email . INVOICE_LINES_IDX is out of range
Archived Log entry 952 added for thread 1 sequence 2807
NCR-03014: NCRO: Bad transport address
Beginning log switch checkpoint up to RBA
Thread 1 advanced to log sequence 199
Archived Log entry 471 added for thread 1 sequence 3732
Starting background process VKTM
ORA-23355: object session_1123 . reporting_schema does not exist or is invalid at master site
Errors in file /u01/app/oracle/diag/rdbms/ttprod/ttprod1/trace/ttprod1_ora_51480.trc
Archived Log entry 892 added for thread 1 sequence 3969
ORA-25311: pg_toast_12345 not supported for non-persistent queue
Starting background process VKTM
Undo initialization finished
Completed checkpoint up to RBA
Archived Log entry 731 added for thread 1 sequence 8083
QSM-02010: join predicate with operator other than equals (=)
ARC0: Archival started
Archived Log entry 91 added for thread 1 sequence 5517
Starting background process VKTM
Beginning log switch checkpoint up to RBA
Completed checkpoint up to RBA
ORA-37074: (XSMCSESS02) Variable workspace object has no default aggmap.
Completed checkpoint up to RBA
Thread 1 advanced to log sequence 522
Undo initialization finished
Current log# 231 seq# 4386 mem# 0
ORA-08189: cannot flashback the table because row movement is not enabled
Archived Log entry 300 added for thread 1 sequence 4808
GIPC-00017: waiting call has been posted.
Current log# 552 seq# 6283 mem# 0
ORA-01782: UNRECOVERABLE cannot be specified for a cluster or clustered table
Thread 1 advanced to log sequence 15
Completed checkpoint up to RBA
Undo initialization finished
Thread 1 advanced to log sequence 645
Thread 1 advanced to log sequence 391
ORA-02730: osnrnf: cannot find user logon directory
Completed checkpoint up to RBA
Archived Log entry 267 added for thread 1 sequence 7591
Current log# 864 seq# 3263 mem# 0
Completed checkpoint up to RBA
Beginning log switch checkpoint up to RBA
CRS-05012: Check of service resource " shared pool " failed: details at " APP_USER42 " in " reporting_schema "
Completed checkpoint up to RBA
Archived Log entry 931 added for thread 1 sequence 1647
Archived Log entry 826 added for thread 1 sequence 4506
RMAN-08510: archived log thread= _SYSSMU7$ sequence= INVOICE_LINES_IDX
Starting background process VKTM
ARC0: Archival started
Beginning log switch checkpoint up to RBA
Starting background process VKTM
Thread 1 advanced to log sequence 528
ORA-28174: Kerberos ticket not provided by proxy
Archived Log entry 92 added for thread 1 sequence 9203
PRCT-01152: Received empty result while getting cluster nodes Status Map
Starting background process VKTM
Current log# 870 seq# 9726 mem# 0
ARC0: Archival started
PRKO-03150: The server pool(s) {0} specified with the '-g' cannot be used to add an administrator-managed database
Beginning log switch checkpoint up to RBA
LPX-00261: invalid URL ~s
Starting background process VKTM
Undo initialization finished
Archived Log entry 305 added for thread 1 sequence 9044
Archived Log entry 859 added for thread 1 sequence 1064
PCC-00050: Unable to generate descriptor in program unit ending line number in file NETWORK_OPS.SIM_INVENTORY
Current log# 415 seq# 6572 mem# 0
Archived Log entry 80 added for thread 1 sequence 6164
ORA-02703: osnpopipe: pipe creation failed
Undo initialization finished
Archived Log entry 748 added for thread 1 sequence 3216
ARC0: Archival started
ARC0: Archival started
ARC0: Archival started
RMAN-07253: ========================
Thread 1 advanced to log sequence 337
INS-08101: Unexpected error while executing the action at state: ' app_db '
Beginning log switch checkpoint up to RBA
Current log# 541 seq# 6630 mem# 0
Undo initialization finished
Starting background process VKTM
Undo initialization finished
PRCD-01081: Failed to set attributes for service {0}
Current log# 190 seq# 6651 mem# 0
Current log# 350 seq# 7967 mem# 0
DIA-51036: check [ 3 ] can only be executed in database instance
Errors in file /u01/app/oracle/diag/rdbms/ttprod/ttprod1/trace/ttprod1_ora_28896.trc
Archived Log entry 955 added for thread 1 sequence 7688
Beginning log switch checkpoint up to RBA
PGA-21102: log messages written to /u01/app/oracle/oradata/ttprod/users01.dbf
ARC0: Archival started
Beginning log switch checkpoint up to RBA
Beginning log switch checkpoint up to RBA
Thread 1 advanced to log sequence 77
NNO-00304: listen address _SYSSMU12$ length user_sessions exceeds maximum of pk_orders
Errors in file /u01/app/oracle/diag/rdbms/ttprod/ttprod1/trace/ttprod1_ora_18825.trc
ARC0: Archival started
Completed checkpoint up to RBA
ARC0: Archival started
Current log# 723 seq# 9061 mem# 0
KUP-04000: error initializing IO state for file 17 in PK_CUSTOMER_ACCOUNTS
Starting background process VKTM
Thread 1 advanced to log sequence 315
Beginning log switch checkpoint up to RBA
NID-00321: Proceeding with operation
Undo initialization finished
ARC0: Archival started
ORA-08206: ora_addr: cannot translate address file name
Undo initialization finished
Thread 1 advanced to log sequence 760
Current log# 346 seq# 9933 mem# 0
ORA-55633: Cannot do DDL on Flashback Data Archive enabled table
Undo initialization finished
Current log# 180 seq# 4549 mem# 0
Current log# 104 seq# 2602 mem# 0
Archived Log entry 290 added for thread 1 sequence 2020
Thread 1 advanced to log sequence 387
PRCS-01032: No server pool was found that matches the query {0}
Thread 1 advanced to log sequence 741
ARC0: Archival started
Current log# 679 seq# 1408 mem# 0
Completed checkpoint up to RBA
ORA-13539: invalid input for modify baseline window size ( APP_USER42 , pk_orders )
Thread 1 advanced to log sequence 773
NID-00417: Change of database ID failed.
Undo initialization finished
Beginning log switch checkpoint up to RBA
Completed checkpoint up to RBA
RMAN-08035: partial resync skipped, target database not mounted
Starting background process VKTM
ORA-08111: a partitioned index may not be coalesced as a whole
Current log# 107 seq# 8987 mem# 0
Completed checkpoint up to RBA
Undo initialization finished
Archived Log entry 603 added for thread 1 sequence 6091
ORA-47320: Rule DATA_TS01 already defined
Current log# 341 seq# 2417 mem# 0
ORA-03287: invalid FREELIST GROUP specified
ARC0: Archival started
Beginning log switch checkpoint up to RBA
Beginning log switch checkpoint up to RBA
Archived Log entry 731 added for thread 1 sequence 6521
Thread 1 advanced to log sequence 604
PLS-00532: Target of REF must be a complete or incomplete object type.
Errors in file /u01/app/oracle/diag/rdbms/ttprod/ttprod1/trace/ttprod1_ora_55743.trc
Undo initialization finished
ORA-16795: the standby database needs to be re-created
Archived Log entry 618 added for thread 1 sequence 6183
OCI-04020: deadlock detected while trying to lock object 1024 fk_order_customer 5000 SP2-0552 idx_users_email
Errors in file /u01/app/oracle/diag/rdbms/ttprod/ttprod1/trace/ttprod1_ora_33184.trc
ARC0: Archival started
Thread 1 advanced to log sequence 947
Undo initialization finished
NNL-00936: Requests refused, DATA-EXISTS violation: number
Completed checkpoint up to RBA
Starting background process VKTM
Archived Log entry 915 added for thread 1 sequence 2817
Thread 1 advanced to log sequence 940
NID-00335: The following datafiles are not consistent:
Completed checkpoint up to RBA
Archived Log entry 95 added for thread 1 sequence 8444
Thread 1 advanced to log sequence 120
Starting background process VKTM
ORA-03246: Invalid block number specified
Current log# 328 seq# 1538 mem# 0
Starting background process VKTM
Archived Log entry 660 added for thread 1 sequence 7781
Archived Log entry 175 added for thread 1 sequence 4130
Starting background process VKTM
ORA-25271: queue table not found for the given queue
Starting background process VKTM
ORA-29800: invalid name for operator
Undo initialization finished
Archived Log entry 303 added for thread 1 sequence 5737
Current log# 220 seq# 6399 mem# 0
ARC0: Archival started
PGA-20961: synclevel 1 conversations not allowed when PGA_CAPABILITY=2_PHASE
Starting background process VKTM
ARC0: Archival started
Completed checkpoint up to RBA
Current log# 461 seq# 8376 mem# 0
ORA-25106: only one of PARALLEL or NOPARALLEL clause may be specified
Current log# 263 seq# 5374 mem# 0
Archived Log entry 784 added for thread 1 sequence 2868
Thread 1 advanced to log sequence 880
RDE-06009: refresh rejected
ARC0: Archival started
Beginning log switch checkpoint up to RBA
RMAN-08533: restoring blocks of datafile idx_users_email
Beginning log switch checkpoint up to RBA
Beginning log switch checkpoint up to RBA
Thread 1 advanced to log sequence 722
OCI-21602: operation does not support the specified typecode
Errors in file /u01/app/oracle/diag/rdbms/ttprod/ttprod1/trace/ttprod1_ora_47567.trc
Thread 1 advanced to log sequence 653
Starting background process VKTM
RMAN-03090: Starting app_db at SP2-0552
Completed checkpoint up to RBA
Completed checkpoint up to RBA
ORA-33098: (APABBR01) A value of '%V' is not valid for the workspace object option.
Errors in file /u01/app/oracle/diag/rdbms/ttprod/ttprod1/trace/ttprod1_ora_95527.trc
Starting background process VKTM
Current log# 117 seq# 7853 mem# 0
Completed checkpoint up to RBA
ORA-17627: app_db
Thread 1 advanced to log sequence 335
Thread 1 advanced to log sequence 89
Starting background process VKTM
RMAN-08047: channel 17 : starting compressed incremental level pg_toast_12345 datafile backup set
Thread 1 advanced to log sequence 224
RMAN-06778: WARNING: SP2-0552 : sqlcode number was caught, automatic retry # PK_CUSTOMER_ACCOUNTS
Starting background process VKTM
Current log# 177 seq# 9759 mem# 0
Current log# 785 seq# 1418 mem# 0
Archived Log entry 37 added for thread 1 sequence 3468
ORA-39310: Cannot alter tablespace type.
Beginning log switch checkpoint up to RBA
Undo initialization finished
Starting background process VKTM
Beginning log switch checkpoint up to RBA
Current log# 119 seq# 5423 mem# 0
ORA-26849: Split a nonsplittable shared pool Capture process " 1024 " in job " SYSAUX "
Beginning log switch checkpoint up to RBA
Current log# 609 seq# 2633 mem# 0
Thread 1 advanced to log sequence 242
Thread 1 advanced to log sequence 586
Beginning log switch checkpoint up to RBA
RDJ-00054: deletion of error log file failed:
Starting background process VKTM
Current log# 377 seq# 2371 mem# 0
Archived Log entry 585 added for thread 1 sequence 1306
ORA-16057: server not in Data Guard configuration
Beginning log switch checkpoint up to RBA
ARC0: Archival started
ORA-09274: szrfc: insufficient role name buffer space
Completed checkpoint up to RBA
Starting background process VKTM
Archived Log entry 309 added for thread 1 sequence 5276
Starting background process VKTM
Starting background process VKTM
RMAN-06407: auxiliary instance file pg_toast_12345 deleted
Thread 1 advanced to log sequence 289
ORA-29305: cannot point-in-time recover tablespace ' CRM.CALL_DETAIL_RECORDS '
Thread 1 advanced to log sequence 899
Current log# 482 seq# 4798 mem# 0
Thread 1 advanced to log sequence 25
ARC0: Archival started
ORA-01262: Stat failed on a file destination directory
Current log# 351 seq# 8941 mem# 0
Thread 1 advanced to log sequence 53
RMAN-08035: partial resync skipped, target database not mounted
Errors in file /u01/app/oracle/diag/rdbms/ttprod/ttprod1/trace/ttprod1_ora_80520.trc
Starting background process VKTM
Starting background process VKTM
Completed checkpoint up to RBA
Thread 1 advanced to log sequence 649
DRG-11720: too many synonyms per synonym ring
Completed checkpoint up to RBA
Starting background process VKTM
Starting background process VKTM
Starting background process VKTM
OCI-30184: argument type not compatible with a format code
Completed checkpoint up to RBA
Completed checkpoint up to RBA
PGA-21208: error updating PGA_2PC_LUS row for partner LU large pool
Thread 1 advanced to log sequence 579
CRS-02728: A resource type with the name ' reporting_schema ' is already registered
Archived Log entry 913 added for thread 1 sequence 7497
Thread 1 advanced to log sequence 667
Archived Log entry 120 added for thread 1 sequence 8309
Starting background process VKTM
ORA-01043: user side memory corruption [ UNDOTBS1 ], [ pk_orders ], [ INVOICE_LINES_IDX ], [ pk_orders ]
Current log# 235 seq# 3159 mem# 0
ARC0: Archival started
Beginning log switch checkpoint up to RBA
Beginning log switch checkpoint up to RBA
Completed checkpoint up to RBA
PCC-02035: CMD-LINE: CONFIG= option is invalid in a config file
Undo initialization finished
Archived Log entry 608 added for thread 1 sequence 4018
CLSS-00099: logfile open failed for 1024 , err ttstandby01
ARC0: Archival started
ORA-13800: concurrent DDL failure on SQL repository objects
Current log# 673 seq# 7324 mem# 0
Current log# 82 seq# 7838 mem# 0
Thread 1 advanced to log sequence 951
Completed checkpoint up to RBA
Thread 1 advanced to log sequence 207
RMAN-06100: no channel to restore a backup or copy of datafile number
Completed checkpoint up to RBA
Current log# 953 seq# 4643 mem# 0
Thread 1 advanced to log sequence 212
RMAN-06404: database dismounted
Archived Log entry 670 added for thread 1 sequence 5236
ARC0: Archival started
Starting background process VKTM
NID-00308: Control File session_1123 - dbid changed
Errors in file /u01/app/oracle/diag/rdbms/ttprod/ttprod1/trace/ttprod1_ora_46120.trc
Archived Log entry 359 added for thread 1 sequence 8539
Completed checkpoint up to RBA
ORA-26084: direct path context already finished
Completed checkpoint up to RBA
Starting background process VKTM
JMS-00431: Sequence Number must be specified
Errors in file /u01/app/oracle/diag/rdbms/ttprod/ttprod1/trace/ttprod1_ora_23126.trc
Starting background process VKTM
Starting background process VKTM
CRS-02785: Failed to register resource ' /u01/app/oracle/oradata/ttprod/users01.dbf '. Details at ttstandby01 in 42 .
Errors in file /u01/app/oracle/diag/rdbms/ttprod/ttprod1/trace/ttprod1_ora_19588.trc
Starting background process VKTM
Starting background process VKTM
Beginning log switch checkpoint up to RBA
PCC-00109: Dynamic SQL and PL/SQL are Oracle extensions to ANSI SQL
Undo initialization finished
Archived Log entry 117 added for thread 1 sequence 9852
ORA-02304: invalid object identifier literal
Completed checkpoint up to RBA
Beginning log switch checkpoint up to RBA
Completed checkpoint up to RBA
Beginning log switch checkpoint up to RBA
NNL-00932: Requests refused, type syntax mismatch: number
Errors in file /u01/app/oracle/diag/rdbms/ttprod/ttprod1/trace/ttprod1_ora_41111.trc
Undo initialization finished
Archived Log entry 273 added for thread 1 sequence 5986
ARC0: Archival started
Archived Log entry 392 added for thread 1 sequence 6888
Starting background process VKTM
PCB-00316: SQL FORMS statements are Oracle extensions
ARC0: Archival started
Current log# 680 seq# 2530 mem# 0
ARC0: Archival started
Current log# 909 seq# 8018 mem# 0
Current log# 5 seq# 7051 mem# 0
XOQ-01914: The primary dimension has no organization.
Errors in file /u01/app/oracle/diag/rdbms/ttprod/ttprod1/trace/ttprod1_ora_71499.trc
Starting background process VKTM
ORA-13466: format not appropriate for specified compression method: APP_USER42
Completed checkpoint up to RBA
Archived Log entry 719 added for thread 1 sequence 7280
Archived Log entry 71 added for thread 1 sequence 9814
Current log# 190 seq# 3759 mem# 0
ORA-48004: unable to allocate USERS bytes of shared memory (" session_1123 "," INVOICE_LINES_IDX "," ttprod1 "," user_sessions ")
Archived Log entry 983 added for thread 1 sequence 9807
Undo initialization finished
Archived Log entry 182 added for thread 1 sequence 3019
Archived Log entry 698 added for thread 1 sequence 4308
Current log# 313 seq# 6944 mem# 0
RMAN-06540: Tablespace ttprod1 will be excluded from future whole database backups
ARC0: Archival started
Current log# 967 seq# 7201 mem# 0
CRS-06007: Could not communicate with Event Manager.
Beginning log switch checkpoint up to RBA
Starting background process VKTM
Current log# 535 seq# 4105 mem# 0
Undo initialization finished
Completed checkpoint up to RBA
RMAN-08520: channel BILLING.CUST_ORDERS : scanning archived log TNS_ADMIN
Undo initialization finished
Archived Log entry 52 added for thread 1 sequence 7165
Beginning log switch checkpoint up to RBA
Completed checkpoint up to RBA
Archived Log entry 282 added for thread 1 sequence 5706
PRVF-04555: Node application "{0}" does not exist on node "{1}"
Completed checkpoint up to RBA
Thread 1 advanced to log sequence 394
TNS-12543: TNS:destination host unreachable
ARC0: Archival started
Current log# 296 seq# 1058 mem# 0
Undo initialization finished
ORA-16808: primary database is not open
Completed checkpoint up to RBA
Current log# 988 seq# 9520 mem# 0
Starting background process VKTM
Starting background process VKTM
Starting background process VKTM
ORA-39905: Table ttprod1 . reporting_schema in tablespace DATA_TS01 points to LOB segment 42 . session_1123 in tablespace _SYSSMU12$ .
ARC0: Archival started
ORA-00484: LMS* process terminated with error
Beginning log switch checkpoint up to RBA
NZE-29230: the header length is not sufficient for message header
Starting background process VKTM
Undo initialization finished
Current log# 765 seq# 1430 mem# 0
Undo initialization finished
ORA-17629: Cannot connect to the remote database server
Current log# 321 seq# 6592 mem# 0
Completed checkpoint up to RBA
Thread 1 advanced to log sequence 789
ORA-09708: soacon: failed to bind socket to port.
Beginning log switch checkpoint up to RBA
Completed checkpoint up to RBA
RMAN-05586: The following materialized objects were found in skipped tablespaces
Thread 1 advanced to log sequence 753
Current log# 995 seq# 8991 mem# 0
Current log# 125 seq# 6314 mem# 0
Undo initialization finished
Undo initialization finished
NNC-00053: ASN.1 error encountered while sending or receiving message
Thread 1 advanced to log sequence 132
Undo initialization finished
ARC0: Archival started
ORA-25966: join index cannot be based on an index organized table
Archived Log entry 468 added for thread 1 sequence 3870
ARC0: Archival started
ORA-12060: shape of prebuilt table does not match definition query
Thread 1 advanced to log sequence 11
Beginning log switch checkpoint up to RBA
ARC0: Archival started
TNS-00581: Send failed due to timeout
Errors in file /u01/app/oracle/diag/rdbms/ttprod/ttprod1/trace/ttprod1_ora_35513.trc
Archived Log entry 246 added for thread 1 sequence 9822
Archived Log entry 870 added for thread 1 sequence 4676
CRS-09065: Disk ID not found
Thread 1 advanced to log sequence 674
Completed checkpoint up to RBA
ORA-18109: XUTY0010 - Invalid replacement sequence for REPLACE
Beginning log switch checkpoint up to RBA
Thread 1 advanced to log sequence 448
Current log# 742 seq# 2225 mem# 0
Starting background process VKTM
Archived Log entry 923 added for thread 1 sequence 3979
TNS-00000: Not An Error
Archived Log entry 83 added for thread 1 sequence 4631
ARC0: Archival started
Archived Log entry 199 added for thread 1 sequence 5883
RMAN-06213: --------------- ---------------------------------------------------
Undo initialization finished
Current log# 711 seq# 3278 mem# 0
Beginning log switch checkpoint up to RBA
Completed checkpoint up to RBA
ORA-01926: cannot GRANT to a role WITH GRANT OPTION
Archived Log entry 652 added for thread 1 sequence 3169
ARC0: Archival started
ORA-19242: XQST0022 - namespace declaration attribute must be a literal
Errors in file /u01/app/oracle/diag/rdbms/ttprod/ttprod1/trace/ttprod1_ora_79036.trc
Completed checkpoint up to RBA
Beginning log switch checkpoint up to RBA
Starting background process VKTM
Undo initialization finished
ORA-12470: NULL or invalid user label: 17
Starting background process VKTM
Current log# 957 seq# 9766 mem# 0
Archived Log entry 636 added for thread 1 sequence 2908
Beginning log switch checkpoint up to RBA
ORA-01693: max # extents ( 5000 ) reached in lob segment 5000 . CDR_STAGING
Undo initialization finished
ORA-31621: error creating master process
Archived Log entry 441 added for thread 1 sequence 1119
ARC0: Archival started
IMG-00851: image data free failed
Completed checkpoint up to RBA
ORA-55201: Tag data translation category not found
ARC0: Archival started
ORA-38454: attribute set not defined for the column being indexed
Completed checkpoint up to RBA
Current log# 790 seq# 4800 mem# 0
Starting background process VKTM
Current log# 159 seq# 1996 mem# 0
ARC0: Archival started
PLS-00367: a RAISE statement with no exception name must be inside an exception handler
Beginning log switch checkpoint up to RBA
Current log# 382 seq# 8691 mem# 0
Starting background process VKTM
ARC0: Archival started
NCR-04020: NCRR: Interface or instance name does not exist
Errors in file /u01/app/oracle/diag/rdbms/ttprod/ttprod1/trace/ttprod1_ora_36830.trc
Current log# 423 seq# 5638 mem# 0
ARC0: Archival started
Thread 1 advanced to log sequence 420
Thread 1 advanced to log sequence 661
Current log# 149 seq# 9478 mem# 0
ORA-07282: sksaprd: shared pool overflow.
Errors in file /u01/app/oracle/diag/rdbms/ttprod/ttprod1/trace/ttprod1_ora_53719.trc
Thread 1 advanced to log sequence 259
ORA-09793: szguns: length of user name is greater than buffer.
Errors in file /u01/app/oracle/diag/rdbms/ttprod/ttprod1/trace/ttprod1_ora_26431.trc
Starting background process VKTM
Undo initialization finished
Current log# 328 seq# 2409 mem# 0
Undo initialization finished
Thread 1 advanced to log sequence 899
RMAN-06803: created virtual catalog against base catalog owned by pk_orders
Archived Log entry 838 added for thread 1 sequence 7282
Thread 1 advanced to log sequence 728
ORA-25270: sender info does not match with the actual sender of the message
Completed checkpoint up to RBA
Beginning log switch checkpoint up to RBA
DRG-12218: section group name missing
Errors in file /u01/app/oracle/diag/rdbms/ttprod/ttprod1/trace/ttprod1_ora_23035.trc
Current log# 238 seq# 7358 mem# 0
Archived Log entry 960 added for thread 1 sequence 9205
QSM-01099: non-tolerated reference to stale portion of mv for table 1024
Thread 1 advanced to log sequence 304
ARC0: Archival started
Archived Log entry 500 added for thread 1 sequence 2940
LPX-01136: [XUTY0008] Invalid target expression for 'replace'
Errors in file /u01/app/oracle/diag/rdbms/ttprod/ttprod1/trace/ttprod1_ora_47124.trc
Archived Log entry 403 added for thread 1 sequence 1335
Current log# 169 seq# 4920 mem# 0
PRVF-10112: ASMLib does not identify the disks "{0}" on the node "{1}"
Current log# 178 seq# 3685 mem# 0
Archived Log entry 348 added for thread 1 sequence 8247
Archived Log entry 391 added for thread 1 sequence 9516
Archived Log entry 205 added for thread 1 sequence 5414
Archived Log entry 615 added for thread 1 sequence 4056
LPX-00215: processing instruction did not end in "?>"
ARC0: Archival started
Archived Log entry 698 added for thread 1 sequence 4067
QSM-00513: one or more of the workload tables is missing
Thread 1 advanced to log sequence 582
CRS-02742: The update of resource ' INVOICE_LINES_IDX ' would lose track of one or more running instances
Starting background process VKTM
CRS-04743: File pk_orders was updated from OCR(Size: number (New), number (Old) bytes)
Thread 1 advanced to log sequence 408
ORA-48310: Incident pk_orders staging file not found
Completed checkpoint up to RBA
ORA-10270: Debug shared cursors
Archived Log entry 32 added for thread 1 sequence 1533
Beginning log switch checkpoint up to RBA
Completed checkpoint up to RBA
ORA-39082: Object type idx_users_email created with compilation warnings
Errors in file /u01/app/oracle/diag/rdbms/ttprod/ttprod1/trace/ttprod1_ora_23225.trc
Archived Log entry 77 added for thread 1 sequence 3731
Undo initialization finished
ORA-28559: FDS_CLASS_NAME is CRM.CALL_DETAIL_RECORDS , FDS_INST_NAME is large pool
ARC0: Archival started
Current log# 890 seq# 8124 mem# 0
Thread 1 advanced to log sequence 290
ARC0: Archival started
ORA-49601: syntax error: found " SYSAUX ": expecting one of: " large pool " etc..
Starting background process VKTM
Archived Log entry 129 added for thread 1 sequence 6660
Undo initialization finished
ORA-40115: weights table schema is incorrect
Errors in file /u01/app/oracle/diag/rdbms/ttprod/ttprod1/trace/ttprod1_ora_99140.trc
Current log# 967 seq# 4261 mem# 0
Completed checkpoint up to RBA
Starting background process VKTM
PGA-21116: RRM termination complete for local LU pk_orders
Starting background process VKTM
Undo initialization finished
ARC0: Archival started
Beginning log switch checkpoint up to RBA
RMAN-06224: Automatic instance created
Thread 1 advanced to log sequence 630
CRS-00008: opened new file " TNS_ADMIN " after close failure
Completed checkpoint up to RBA
ORA-06559: wrong datatype requested, USERS , actual datatype is pg_toast_12345
Thread 1 advanced to log sequence 941
ARC0: Archival started
ORA-13373: invalid line segment in geodetic data
Errors in file /u01/app/oracle/diag/rdbms/ttprod/ttprod1/trace/ttprod1_ora_12059.trc
Thread 1 advanced to log sequence 682
Thread 1 advanced to log sequence 447
Completed checkpoint up to RBA
Completed checkpoint up to RBA
Current log# 852 seq# 7854 mem# 0
ORA-12566: TNS:protocol error
Archived Log entry 408 added for thread 1 sequence 3724
DIA-48408: The incident number exceeds the maximum number [ ttstandby01 ]
Starting background process VKTM
Undo initialization finished
ORA-31056: The document being inserted does not conform to DATA_TS01
Errors in file /u01/app/oracle/diag/rdbms/ttprod/ttprod1/trace/ttprod1_ora_87374.trc
Undo initialization finished
Thread 1 advanced to log sequence 821
ARC0: Archival started
Undo initialization finished
RMAN-08034: full resync skipped, target database not mounted
Undo initialization finished
Completed checkpoint up to RBA
Undo initialization finished
Undo initialization finished
XOQ-02523: unsupported data type " _SYSSMU12$ "
ARC0: Archival started
RMAN-05049: datafile UNDOTBS1 is an Oracle Managed File, DB_CREATE_FILE_DEST not set at target
Current log# 624 seq# 1592 mem# 0
ARC0: Archival started
Thread 1 advanced to log sequence 214
Undo initialization finished
Current log# 282 seq# 3543 mem# 0
TNS-01156: Missing or inappropriate PROTOCOL, TIMEOUT or POOL_SIZE parameter from PRESPAWN_DESC
Errors in file /u01/app/oracle/diag/rdbms/ttprod/ttprod1/trace/ttprod1_ora_31821.trc
Completed checkpoint up to RBA
ORA-16307: TSE key SP2-0552 successfully applied
ARC0: Archival started
ARC0: Archival started
ARC0: Archival started
Current log# 561 seq# 3129 mem# 0
Undo initialization finished
ORA-37170: (XSOBJORG_NA) The top-level object name argument to the OBJORG function cannot be NA.
Errors in file /u01/app/oracle/diag/rdbms/ttprod/ttprod1/trace/ttprod1_ora_96708.trc
Current log# 100 seq# 5791 mem# 0
ARC0: Archival started
NID-00442: Database has been shutdown, open database with RESETLOGS option.
ARC0: Archival started
Archived Log entry 506 added for thread 1 sequence 3674
Undo initialization finished
Thread 1 advanced to log sequence 390
NNO-00613: disabling FORWARDING-DESIRED on system queries
Current log# 845 seq# 2857 mem# 0
Archived Log entry 788 added for thread 1 sequence 6675
ARC0: Archival started
ARC0: Archival started
RMAN-08090: channel ttstandby01 : starting proxy restore
Thread 1 advanced to log sequence 520
Undo initialization finished
Current log# 868 seq# 6004 mem# 0
Completed checkpoint up to RBA
ARC0: Archival started
ORA-16557: database is already in use
Completed checkpoint up to RBA
ORA-54535: incorrect box surface because it is on arbitrary plane
Thread 1 advanced to log sequence 567
Completed checkpoint up to RBA
CRS-01639: Rejecting configuration change number : number because another configuration change is already in progress; details at INVOICE_LINES_IDX in ttstandby01
Thread 1 advanced to log sequence 137
ORA-19957: database should have no datafiles in unknown state
Archived Log entry 905 added for thread 1 sequence 3965
ARC0: Archival started
Thread 1 advanced to log sequence 753
OCI-22321: method does not return any result
Completed checkpoint up to RBA
Completed checkpoint up to RBA
ORA-23402: refresh was aborted because of conflicts caused by deferred txns
Archived Log entry 134 added for thread 1 sequence 4331
Starting background process VKTM
Archived Log entry 997 added for thread 1 sequence 2290
ORA-40110: Duplicate model tables found for table type fk_order_customer
Errors in file /u01/app/oracle/diag/rdbms/ttprod/ttprod1/trace/ttprod1_ora_10539.trc
Archived Log entry 438 added for thread 1 sequence 3310
Beginning log switch checkpoint up to RBA
RMAN-05016: failover to previous backup
Starting background process VKTM
Current log# 81 seq# 4322 mem# 0
Starting background process VKTM
ARC0: Archival started
ORA-17630: Mismatch in the remote file protocol version client pg_toast_12345 server user_sessions
Errors in file /u01/app/oracle/diag/rdbms/ttprod/ttprod1/trace/ttprod1_ora_43491.trc
Archived Log entry 480 added for thread 1 sequence 1243
Archived Log entry 488 added for thread 1 sequence 7330
Completed checkpoint up to RBA
ARC0: Archival started
RMAN-06204: Changed 42 objects to UNAVAILABLE status
Archived Log entry 848 added for thread 1 sequence 4011
ORA-40255: specified priors or weights table has an incorrect schema
Thread 1 advanced to log sequence 724
Undo initialization finished
Starting background process VKTM
Completed checkpoint up to RBA
PRCD-01231: Failed to upgrade configuration of database {0} to version {1} in new Oracle home {2}
Errors in file /u01/app/oracle/diag/rdbms/ttprod/ttprod1/trace/ttprod1_ora_86272.trc
Completed checkpoint up to RBA
ORA-26025: SKIP_INDEX_MAINTENANCE option requested
Starting background process VKTM
Thread 1 advanced to log sequence 796
Undo initialization finished
Starting background process VKTM
Archived Log entry 409 added for thread 1 sequence 7129
NZE-28782: data source is not allocated
Beginning log switch checkpoint up to RBA
Completed checkpoint up to RBA
ORA-19295: XQST0060: It is a static error if the name of a function in a function declaration is not in a namespace (expanded QName has a null namespace URI)
Undo initialization finished
ORA-39824: The OCI_ATTR_DIRPATH_USE_ACTIVE_TRANS attribute was set when no transaction was active.
Thread 1 advanced to log sequence 772
ORA-22321: method does not return any result
Undo initialization finished
Thread 1 advanced to log sequence 126
ARC0: Archival started
ORA-55313: SDO_RDF_TRIPLE_S constructor failed to process triple containing bNode
Beginning log switch checkpoint up to RBA
Archived Log entry 62 added for thread 1 sequence 5675
Current log# 835 seq# 8060 mem# 0
RMAN-08017: channel pk_orders : starting archived log restore to default destination
ARC0: Archival started
Thread 1 advanced to log sequence 332
Thread 1 advanced to log sequence 704
INS-30003: The 3 password length is too long.
Starting background process VKTM
Starting background process VKTM
Starting background process VKTM
Current log# 916 seq# 7551 mem# 0
Completed checkpoint up to RBA
ORA-56726: Category ttstandby01 is referred to by a consumer group and cannot be deleted
ARC0: Archival started
Archived Log entry 718 added for thread 1 sequence 9155
Thread 1 advanced to log sequence 79
Beginning log switch checkpoint up to RBA
ORA-15201: disk CRM.CALL_DETAIL_RECORDS contains a valid RDBMS file
Thread 1 advanced to log sequence 972
Thread 1 advanced to log sequence 937
Beginning log switch checkpoint up to RBA
ARC0: Archival started
Archived Log entry 280 added for thread 1 sequence 8748
NNO-00330: server saved the config file " pk_orders ".
Undo initialization finished
Undo initialization finished
ORA-32417: must use DROP MATERIALIZED VIEW LOG to drop " ttstandby01 "." SYSAUX "
Archived Log entry 393 added for thread 1 sequence 2601
Undo initialization finished
Archived Log entry 901 added for thread 1 sequence 9605
EVM-00001: Cannot write raw events to a terminal
Current log# 530 seq# 4616 mem# 0
Undo initialization finished
Starting background process VKTM
ORA-30117: syntax error at ' session_1123 ' at the start of input
Completed checkpoint up to RBA
Beginning log switch checkpoint up to RBA
Current log# 411 seq# 1731 mem# 0
Beginning log switch checkpoint up to RBA
ARC0: Archival started
RMAN-08519: channel ttprod1 : scanning datafile copy _SYSSMU7$
Undo initialization finished
Archived Log entry 731 added for thread 1 sequence 8662
Undo initialization finished
Archived Log entry 273 added for thread 1 sequence 4392
Current log# 129 seq# 9520 mem# 0
PCC-00091: TYPE statement requires format specification for this Oracle datatype
Current log# 793 seq# 8229 mem# 0
NNL-00304: Server flushing its cache
Errors in file /u01/app/oracle/diag/rdbms/ttprod/ttprod1/trace/ttprod1_ora_53693.trc
Undo initialization finished
Beginning log switch checkpoint up to RBA
Current log# 934 seq# 5717 mem# 0
Current log# 870 seq# 3398 mem# 0
ARC0: Archival started
ORA-42008: error occurred while instantiating the redefinition
Current log# 419 seq# 1966 mem# 0
ARC0: Archival started
DRG-11214: execution of procedure filter stored procedure has failed
ARC0: Archival started
Thread 1 advanced to log sequence 50
ARC0: Archival started
NID-00390: These files must be writable by this utility.
Completed checkpoint up to RBA
Beginning log switch checkpoint up to RBA
Thread 1 advanced to log sequence 888
ARC0: Archival started
Completed checkpoint up to RBA
ORA-21608: duration is invalid for this function
Beginning log switch checkpoint up to RBA
Completed checkpoint up to RBA
Thread 1 advanced to log sequence 482
Current log# 73 seq# 5102 mem# 0
ORA-13023: interior element interacts with exterior element
Starting background process VKTM
ORA-55458: object not found in model
Starting background process VKTM
Thread 1 advanced to log sequence 84
DRG-50901: text query parser syntax error on line fk_order_customer , column UNDOTBS1
Errors in file /u01/app/oracle/diag/rdbms/ttprod/ttprod1/trace/ttprod1_ora_86734.trc
Current log# 114 seq# 8415 mem# 0
ARC0: Archival started
Completed checkpoint up to RBA
Thread 1 advanced to log sequence 6
TNS-00251: Failure in nstest:
Errors in file /u01/app/oracle/diag/rdbms/ttprod/ttprod1/trace/ttprod1_ora_86115.trc
Archived Log entry 812 added for thread 1 sequence 4176
Undo initialization finished
PRCI-01141: Failed to get volume device for path {0}
Current log# 727 seq# 1316 mem# 0
Current log# 699 seq# 5669 mem# 0
Thread 1 advanced to log sequence 212
Beginning log switch checkpoint up to RBA
Starting background process VKTM
RMAN-08581: channel large pool : datafile copy complete, elapsed time: APP_USER42
Archived Log entry 688 added for thread 1 sequence 4162
Undo initialization finished
Undo initialization finished
PRCD-01198: Failed to add service {0} to database {1} because database is already at maximum services limit of {2}
Archived Log entry 872 added for thread 1 sequence 1008
Archived Log entry 81 added for thread 1 sequence 7883
Thread 1 advanced to log sequence 967
Beginning log switch checkpoint up to RBA
Thread 1 advanced to log sequence 49
ORA-24382: statement handled already executed or described
Archived Log entry 100 added for thread 1 sequence 3597
Thread 1 advanced to log sequence 4
Thread 1 advanced to log sequence 117
PCC-00100: Non integer label is not ANSI
Errors in file /u01/app/oracle/diag/rdbms/ttprod/ttprod1/trace/ttprod1_ora_24541.trc
Undo initialization finished
Starting background process VKTM
ORA-12201: TNS:encountered too small a connection buffer
Beginning log switch checkpoint up to RBA
Archived Log entry 565 added for thread 1 sequence 6674
PCB-00632: Cannot open an External LOB in READ WRITE mode
Current log# 182 seq# 5546 mem# 0
Archived Log entry 816 added for thread 1 sequence 5775
Completed checkpoint up to RBA
NID-00406: Reversion of database name failed.
ARC0: Archival started
Completed checkpoint up to RBA
Thread 1 advanced to log sequence 112
ARC0: Archival started
RMAN-03020: asynchronous RPC test will take 1 minute
Archived Log entry 296 added for thread 1 sequence 5940
Current log# 414 seq# 4265 mem# 0
Archived Log entry 662 added for thread 1 sequence 1734
Beginning log switch checkpoint up to RBA
Undo initialization finished
ORA-01081: cannot start already-running ORACLE - shut it down first
Errors in file /u01/app/oracle/diag/rdbms/ttprod/ttprod1/trace/ttprod1_ora_62377.trc
Completed checkpoint up to RBA
ORA-19018: Invalid character in XML tag ' BILLING.CUST_ORDERS '
Errors in file /u01/app/oracle/diag/rdbms/ttprod/ttprod1/trace/ttprod1_ora_61004.trc
Starting background process VKTM
Thread 1 advanced to log sequence 838
Completed checkpoint up to RBA
ORA-26885: OCIXStreamInCommit called before OCIXStreamInFlush
Beginning log switch checkpoint up to RBA
ORA-00261: log _SYSSMU7$ of thread large pool is being archived or modified
ARC0: Archival started
ORA-10587: Invalid count for ALLOW n CORRUPTION option
Errors in file /u01/app/oracle/diag/rdbms/ttprod/ttprod1/trace/ttprod1_ora_92723.trc
Current log# 952 seq# 4871 mem# 0
Completed checkpoint up to RBA
Completed checkpoint up to RBA
ARC0: Archival started
Completed checkpoint up to RBA
ORA-09877: sstascre: shmget error, unable to get a shared memory segment.
ARC0: Archival started
Current log# 7 seq# 2546 mem# 0
ARC0: Archival started
Beginning log switch checkpoint up to RBA
ORA-01626: rollback segment number ' NETWORK_OPS.SIM_INVENTORY ' cannot handle more transactions
Completed checkpoint up to RBA
Current log# 129 seq# 3120 mem# 0
Completed checkpoint up to RBA
Beginning log switch checkpoint up to RBA
Thread 1 advanced to log sequence 832
NID-00506: SETNAME Set a new database name only NO
Completed checkpoint up to RBA
PGU-41007: parameter ' DATA_TS01 ' was previously specified
Beginning log switch checkpoint up to RBA
Current log# 526 seq# 6999 mem# 0
Beginning log switch checkpoint up to RBA
ORA-39918: PLSQL Functional Index INVOICE_LINES_IDX . ttstandby01 in tablespace DATA_TS01 not allowed in transportable set.
Errors in file /u01/app/oracle/diag/rdbms/ttprod/ttprod1/trace/ttprod1_ora_75832.trc
Undo initialization finished
Archived Log entry 583 added for thread 1 sequence 3970
PLS-01900: character to number conversion error
ARC0: Archival started
Beginning log switch checkpoint up to RBA
ARC0: Archival started
ARC0: Archival started
ORA-19730: can not convert offline plugged-in datafile INVOICE_LINES_IDX
ARC0: Archival started
Beginning log switch checkpoint up to RBA
Thread 1 advanced to log sequence 177
Completed checkpoint up to RBA
CLSS-02001: local node number UNDOTBS1 , master node number DATA_TS01
Completed checkpoint up to RBA
Thread 1 advanced to log sequence 607
Undo initialization finished
Current log# 859 seq# 9806 mem# 0
INS-08802: Unable to instantiate the View class referred by View ID ' TNS_ADMIN '.
Starting background process VKTM
Archived Log entry 63 added for thread 1 sequence 4905
Starting background process VKTM
Completed checkpoint up to RBA
RMAN-05590: Reenabling controlfile options for auxiliary database
ARC0: Archival started
Thread 1 advanced to log sequence 469
Undo initialization finished
Archived Log entry 239 added for thread 1 sequence 4058
DRG-10100: invalid argument found: /u01/app/oracle/oradata/ttprod/users01.dbf
Current log# 830 seq# 2384 mem# 0
ORA-13029: Invalid SRID in the SDO_GEOMETRY object
Beginning log switch checkpoint up to RBA
Current log# 766 seq# 7861 mem# 0
Archived Log entry 634 added for thread 1 sequence 1615
Completed checkpoint up to RBA
Thread 1 advanced to log sequence 320
ORA-23423: job number ttprod2 is not positive
Errors in file /u01/app/oracle/diag/rdbms/ttprod/ttprod1/trace/ttprod1_ora_89735.trc
Completed checkpoint up to RBA
Current log# 544 seq# 5985 mem# 0
Current log# 974 seq# 3468 mem# 0
Undo initialization finished
Beginning log switch checkpoint up to RBA
PRVF-05431: Oracle Cluster Voting Disk configuration check failed
Starting background process VKTM
Beginning log switch checkpoint up to RBA
Archived Log entry 128 added for thread 1 sequence 5162
Current log# 565 seq# 5046 mem# 0
Completed checkpoint up to RBA
ORA-19764: database id INVOICE_LINES_IDX does not match database id BILLING.CUST_ORDERS in control file
Beginning log switch checkpoint up to RBA
Beginning log switch checkpoint up to RBA
Archived Log entry 374 added for thread 1 sequence 3716
Undo initialization finished
Completed checkpoint up to RBA
ORA-41608: rule class does not exist
Undo initialization finished
Beginning log switch checkpoint up to RBA
ORA-30009: Not enough memory for app_db operation
Starting background process VKTM
Thread 1 advanced to log sequence 555
Thread 1 advanced to log sequence 103
Beginning log switch checkpoint up to RBA
Thread 1 advanced to log sequence 435
TNS-00265: Navigator: Reloaded network configuration data
Errors in file /u01/app/oracle/diag/rdbms/ttprod/ttprod1/trace/ttprod1_ora_25921.trc
Thread 1 advanced to log sequence 66
PLS-00249: Invalid WITH CONTEXT Syntax
Thread 1 advanced to log sequence 711
Current log# 386 seq# 4457 mem# 0
EXP-00085: The previous problem occurred when calling TNS_ADMIN . APP_USER42 . _SYSSMU12$ for object number
Undo initialization finished
Starting background process VKTM
Beginning log switch checkpoint up to RBA
ARC0: Archival started
PRIF-00015: invalid format for subnet
Beginning log switch checkpoint up to RBA
ARC0: Archival started
Archived Log entry 107 added for thread 1 sequence 5581
Completed checkpoint up to RBA
Starting background process VKTM
ORA-55307: invalid value type for lexical value: _SYSSMU7$
Beginning log switch checkpoint up to RBA
Current log# 246 seq# 3004 mem# 0
QSM-00771: the specified SQL statement cannot be stored in the workload because it has no valid table references
Current log# 47 seq# 9365 mem# 0
ORA-53062: invalid model name: CDR_STAGING
Current log# 888 seq# 9018 mem# 0
ORA-31477: could not detach LogMiner session during cleanup
Starting background process VKTM
NNC-00411: invalid default domain name " USERS "
Current log# 288 seq# 6832 mem# 0
Beginning log switch checkpoint up to RBA
ORA-39782: Direct path prepare is not allowed after another context loading the same table has ended
Archived Log entry 111 added for thread 1 sequence 7556
Current log# 380 seq# 1081 mem# 0
PLS-00727: MODIFY LIMIT is supported only on schema-level varray types
Errors in file /u01/app/oracle/diag/rdbms/ttprod/ttprod1/trace/ttprod1_ora_42703.trc
Beginning log switch checkpoint up to RBA
RMAN-07516: Reason: Error reading
Errors in file /u01/app/oracle/diag/rdbms/ttprod/ttprod1/trace/ttprod1_ora_25979.trc
Current log# 212 seq# 2162 mem# 0
QSM-00999: Advisor feature is not currently implemented
Starting background process VKTM
Archived Log entry 153 added for thread 1 sequence 8408
ARC0: Archival started
Undo initialization finished
Current log# 205 seq# 8622 mem# 0
ORA-06813: TLI Driver: the configured ethernet address is incorrect
ARC0: Archival started
Beginning log switch checkpoint up to RBA
ARC0: Archival started
Undo initialization finished
RMAN-06970: NEWNAME ' idx_users_email ' for database must include %f or %U format
Starting background process VKTM
Current log# 863 seq# 4123 mem# 0
Completed checkpoint up to RBA
Thread 1 advanced to log sequence 384
ORA-33292: (DBERR18) Insufficient permissions to access analytic workspace _SYSSMU12$ using the specified access mode.
ARC0: Archival started
ORA-36226: (XSLPDSC07) The syntax of the $LOOP property on formula workspace object is incorrect.
Undo initialization finished
Archived Log entry 532 added for thread 1 sequence 4620
Beginning log switch checkpoint up to RBA
PGA-20926: userid DATA_TS01 length of number is invalid; maximum length is number
Undo initialization finished
Starting background process VKTM
ORA-33295: (DBERR20) An attached analytic workspace is blocking this command.
Current log# 812 seq# 9901 mem# 0
Starting background process VKTM
Undo initialization finished
Current log# 505 seq# 5291 mem# 0
Beginning log switch checkpoint up to RBA
NNL-00982: Not forwarded, no servers found: number
Errors in file /u01/app/oracle/diag/rdbms/ttprod/ttprod1/trace/ttprod1_ora_23263.trc
Completed checkpoint up to RBA
Completed checkpoint up to RBA
Starting background process VKTM
ORA-02797: No requests available
Errors in file /u01/app/oracle/diag/rdbms/ttprod/ttprod1/trace/ttprod1_ora_67627.trc
Completed checkpoint up to RBA
Archived Log entry 693 added for thread 1 sequence 6059
Starting background process VKTM
Beginning log switch checkpoint up to RBA
ARC0: Archival started
PGA-20922: no data available to receive: number bytes were requested
Thread 1 advanced to log sequence 635
Starting background process VKTM
Beginning log switch checkpoint up to RBA
Undo initialization finished
ORA-48314: Invalid ADR Control parameter [ CDR_STAGING ]
Thread 1 advanced to log sequence 720
Starting background process VKTM
ORA-39141: dump file " PK_CUSTOMER_ACCOUNTS " is a duplicate of dump file " SP2-0552 "
Archived Log entry 366 added for thread 1 sequence 1573
RMAN-07209: closed USERS failures
Undo initialization finished
ORA-27626: Exadata error: reporting_schema ( fk_order_customer )
Undo initialization finished
Starting background process VKTM
Thread 1 advanced to log sequence 579
ORA-26762: Cannot autogenerate name for parameter app_db because of the following reason: 42
Starting background process VKTM
Thread 1 advanced to log sequence 145
ARC0: Archival started
Starting background process VKTM
ARC0: Archival started
ORA-02210: no options specified for ALTER TABLE
Current log# 319 seq# 3465 mem# 0
DIA-48469: Keyword " idx_users_email " cannot be duplicated
Errors in file /u01/app/oracle/diag/rdbms/ttprod/ttprod1/trace/ttprod1_ora_35093.trc
ARC0: Archival started
Completed checkpoint up to RBA
Current log# 196 seq# 2979 mem# 0
Undo initialization finished
Archived Log entry 578 added for thread 1 sequence 7411
NCR-04012: NCRR: Invalid address descriptor
Starting background process VKTM
Archived Log entry 508 added for thread 1 sequence 1502
PCC-02386: Use of the AT clause is not permitted here
Errors in file /u01/app/oracle/diag/rdbms/ttprod/ttprod1/trace/ttprod1_ora_70375.trc
Starting background process VKTM
ARC0: Archival started
Beginning log switch checkpoint up to RBA
Thread 1 advanced to log sequence 307
ORA-16115: INVOICE_LINES_IDX \% of LogMiner dictionary loading is done
Errors in file /u01/app/oracle/diag/rdbms/ttprod/ttprod1/trace/ttprod1_ora_77139.trc
Beginning log switch checkpoint up to RBA
ORA-39123: Data Pump transportable tablespace job aborted /u01/app/oracle/oradata/ttprod/users01.dbf
Errors in file /u01/app/oracle/diag/rdbms/ttprod/ttprod1/trace/ttprod1_ora_62136.trc
Undo initialization finished
Undo initialization finished
Archived Log entry 797 added for thread 1 sequence 6577
ORA-00251: LOG_ARCHIVE_DUPLEX_DEST cannot be the same destination as reporting_schema CDR_STAGING
Undo initialization finished
Completed checkpoint up to RBA
ORA-06547: RETURNING clause must be used with INSERT, UPDATE, or DELETE statements
Starting background process VKTM
Current log# 728 seq# 1407 mem# 0
Thread 1 advanced to log sequence 699
Undo initialization finished
Starting background process VKTM
ORA-47302: error creating Role UNDOTBS1 , 5000
Completed checkpoint up to RBA
Archived Log entry 877 added for thread 1 sequence 1307
Archived Log entry 360 added for thread 1 sequence 7652
ARC0: Archival started
LPX-00239: invalid attribute type "~s"
Thread 1 advanced to log sequence 411
RMAN-06447: changed proxy copy available
Current log# 563 seq# 1511 mem# 0
Thread 1 advanced to log sequence 137
ORA-31617: unable to open dump file " _SYSSMU12$ " for write
Archived Log entry 875 added for thread 1 sequence 3629
Thread 1 advanced to log sequence 272
Thread 1 advanced to log sequence 507
ORA-23381: generated object for base object ttstandby01 . 42 @ fk_order_customer does not exist
Starting background process VKTM
Archived Log entry 94 added for thread 1 sequence 7244
ARC0: Archival started
RMAN-06198: SP2-0552 reporting_schema bytes
ARC0: Archival started
Undo initialization finished
ARC0: Archival started
Current log# 286 seq# 7500 mem# 0
ORA-35106: (REGRESS00) The regression was not calculated because of a linear relationship between your independent variables.
Undo initialization finished
ORA-00313: open failed for members of log group INVOICE_LINES_IDX of thread reporting_schema
ARC0: Archival started
Archived Log entry 833 added for thread 1 sequence 4804
Current log# 157 seq# 1576 mem# 0
Thread 1 advanced to log sequence 213
Current log# 268 seq# 3592 mem# 0
ORA-26566: Couldn't open connect to 3
Archived Log entry 859 added for thread 1 sequence 4589
Beginning log switch checkpoint up to RBA
Archived Log entry 977 added for thread 1 sequence 8417
PRCN-02072: Failed to get multicast port for events from EONS
Archived Log entry 854 added for thread 1 sequence 3155
Completed checkpoint up to RBA
RMAN-05519: WARNING: tablespace ttprod1 is always included when duplicating
Archived Log entry 123 added for thread 1 sequence 7561
Starting background process VKTM
PRCR-01098: Could not set rolling upgrade mode {0}
Completed checkpoint up to RBA
Undo initialization finished
Completed checkpoint up to RBA
Thread 1 advanced to log sequence 226
Starting background process VKTM
RMAN-08515: archived log file name= shared pool thread= 3 sequence= SP2-0552
Thread 1 advanced to log sequence 570
Archived Log entry 16 added for thread 1 sequence 2415
ORA-10631: SHRINK clause should not be specified for this object
Thread 1 advanced to log sequence 477
Current log# 940 seq# 4593 mem# 0
ARC0: Archival started
Starting background process VKTM
CRS-02311: Fatal error: failed to initialize Resource Discovery. RD error: user_sessions ( number ). Make sure RD providers installed properly.
Errors in file /u01/app/oracle/diag/rdbms/ttprod/ttprod1/trace/ttprod1_ora_63337.trc
Completed checkpoint up to RBA
NID-00410: Reversion of database changes failed during validation - database is intact.
Completed checkpoint up to RBA
Beginning log switch checkpoint up to RBA
Completed checkpoint up to RBA
ORA-53048: definer name DICOM is not allowed in a private dictionary
Errors in file /u01/app/oracle/diag/rdbms/ttprod/ttprod1/trace/ttprod1_ora_93745.trc
ARC0: Archival started
ARC0: Archival started
ORA-23669: Duplicate conflict handler name
Errors in file /u01/app/oracle/diag/rdbms/ttprod/ttprod1/trace/ttprod1_ora_83711.trc
Archived Log entry 420 added for thread 1 sequence 3887
Archived Log entry 479 added for thread 1 sequence 9928
Undo initialization finished
Beginning log switch checkpoint up to RBA
Completed checkpoint up to RBA
ORA-36316: (PHYS02) Relation workspace object must be a single-dimensional relation that relates one INTEGER dimension to another.
Archived Log entry 745 added for thread 1 sequence 6580
ORA-26034: Column CDR_STAGING does not exist in stream
ARC0: Archival started
Archived Log entry 783 added for thread 1 sequence 7383
Completed checkpoint up to RBA
Current log# 694 seq# 8774 mem# 0
Thread 1 advanced to log sequence 376
ORA-54511: edges of inner and outer solids intersect
Errors in file /u01/app/oracle/diag/rdbms/ttprod/ttprod1/trace/ttprod1_ora_46764.trc
Thread 1 advanced to log sequence 528
Undo initialization finished
Current log# 691 seq# 1242 mem# 0
Completed checkpoint up to RBA
ORA-24304: datatype not allowed for this call
ARC0: Archival started
Beginning log switch checkpoint up to RBA
Thread 1 advanced to log sequence 262
Archived Log entry 841 added for thread 1 sequence 5935
Undo initialization finished
ORA-12200: TNS:could not allocate memory
Undo initialization finished
Beginning log switch checkpoint up to RBA
Archived Log entry 625 added for thread 1 sequence 5040
ORA-22991: insufficient space allocated for argument CRM.CALL_DETAIL_RECORDS
Thread 1 advanced to log sequence 925
Thread 1 advanced to log sequence 781
Completed checkpoint up to RBA
Starting background process VKTM
DIA-48219: Key Name Doesn't Match Any Existing Key
Beginning log switch checkpoint up to RBA
Beginning log switch checkpoint up to RBA
Undo initialization finished
Undo initialization finished
RMAN-07210: new failures after most recent LIST FAILURE command
Archived Log entry 483 added for thread 1 sequence 1391
Undo initialization finished
Current log# 843 seq# 8623 mem# 0
Archived Log entry 729 added for thread 1 sequence 3570
ARC0: Archival started
PLS-00420: can't call builtin routines remotely
Errors in file /u01/app/oracle/diag/rdbms/ttprod/ttprod1/trace/ttprod1_ora_37591.trc
Archived Log entry 326 added for thread 1 sequence 6931
Starting background process VKTM
JMS-00424: Invalid message header
Completed checkpoint up to RBA
ARC0: Archival started
NNO-00331: error saving new value reporting_schema of shared pool to the save config table.
Errors in file /u01/app/oracle/diag/rdbms/ttprod/ttprod1/trace/ttprod1_ora_41147.trc
Undo initialization finished
ARC0: Archival started
Starting background process VKTM
Completed checkpoint up to RBA
Thread 1 advanced to log sequence 366
CRS-06015: Oracle Clusterware has experienced an internal error. Details at APP_USER42 in BILLING.CUST_ORDERS .
Completed checkpoint up to RBA
Undo initialization finished
RMAN-08621: deleted foreign archived log
Thread 1 advanced to log sequence 741
RMAN-06951: repair failure complete
Starting background process VKTM
RMAN-08121: keep attributes for the backup are deleted
ARC0: Archival started
INS-41313: Duplicate entries found in one or more Oracle Cluster Registry (OCR) locations.
Errors in file /u01/app/oracle/diag/rdbms/ttprod/ttprod1/trace/ttprod1_ora_42216.trc
Beginning log switch checkpoint up to RBA
Archived Log entry 863 added for thread 1 sequence 2601
ARC0: Archival started
Undo initialization finished
Archived Log entry 666 added for thread 1 sequence 9758
INS-30073: There is software running from the currently selected Oracle Home.
Beginning log switch checkpoint up to RBA
ORA-19556: required destination LOG_ARCHIVE_DUPLEX_DEST currently is deferred
Errors in file /u01/app/oracle/diag/rdbms/ttprod/ttprod1/trace/ttprod1_ora_60187.trc
Current log# 386 seq# 7027 mem# 0
ORA-00243: failed to expand control file filename section by ttprod2 records
Errors in file /u01/app/oracle/diag/rdbms/ttprod/ttprod1/trace/ttprod1_ora_16208.trc
Archived Log entry 980 added for thread 1 sequence 1586
Completed checkpoint up to RBA
ORA-38765: Flashed back database cannot be opened read-only.
Starting background process VKTM
Starting background process VKTM
Thread 1 advanced to log sequence 176
ARC0: Archival started
NID-00416: Change of database name failed.
Current log# 301 seq# 7620 mem# 0
NNO-00327: server statistic counter dump ends
ARC0: Archival started
Current log# 37 seq# 9883 mem# 0
Beginning log switch checkpoint up to RBA
NNL-00851: Renames refused, name is not a leaf name: number
Thread 1 advanced to log sequence 191
Current log# 952 seq# 4470 mem# 0
Archived Log entry 221 added for thread 1 sequence 9339
ARC0: Archival started
Undo initialization finished
RMAN-08123: keep attributes for the datafile/control file copy are deleted
Errors in file /u01/app/oracle/diag/rdbms/ttprod/ttprod1/trace/ttprod1_ora_48154.trc
Completed checkpoint up to RBA
ORA-32423: commit SCN-based materialized view log cannot be dropped on table " 42 "." TNS_ADMIN " when there exist direct load/PMOP log entries for the table
Errors in file /u01/app/oracle/diag/rdbms/ttprod/ttprod1/trace/ttprod1_ora_26490.trc
Current log# 721 seq# 9077 mem# 0
ORA-01565: error in identifying file ' TNS_ADMIN '
ARC0: Archival started
Undo initialization finished
Current log# 584 seq# 2497 mem# 0
OCI-30179: invalid argument index used in a format code
Errors in file /u01/app/oracle/diag/rdbms/ttprod/ttprod1/trace/ttprod1_ora_69921.trc
Starting background process VKTM
Undo initialization finished
ARC0: Archival started
XOQ-02212: The expression for this MdmMeasure cannot be read. Analytic workspace " pk_orders " was not attached when the connection was opened.
Undo initialization finished
PCB-00319: EXEC ORACLE statements are an Oracle extension
Beginning log switch checkpoint up to RBA
Thread 1 advanced to log sequence 133
RMAN-08009: channel large pool : starting archived log backup set
Beginning log switch checkpoint up to RBA
Thread 1 advanced to log sequence 265
Undo initialization finished
ARC0: Archival started
ARC0: Archival started
ORA-14663: reference partitioning parent key is not supported
Undo initialization finished
Archived Log entry 109 added for thread 1 sequence 5343
Starting background process VKTM
Undo initialization finished
Completed checkpoint up to RBA
ORA-55303: SDO_RDF_TRIPLE_S constructor failed: 1024
Errors in file /u01/app/oracle/diag/rdbms/ttprod/ttprod1/trace/ttprod1_ora_71258.trc
Starting background process VKTM
ARC0: Archival started
Thread 1 advanced to log sequence 135
ORA-16578: failed to read Data Guard configuration file
Errors in file /u01/app/oracle/diag/rdbms/ttprod/ttprod1/trace/ttprod1_ora_23767.trc
Current log# 130 seq# 3488 mem# 0
Starting background process VKTM
ARC0: Archival started
ORA-09364: Windows 3.1 Two-Task driver unable to create hidden window
Archived Log entry 779 added for thread 1 sequence 2764
Starting background process VKTM
Current log# 241 seq# 4444 mem# 0
ORA-01251: Unknown File Header Version read for file number _SYSSMU12$
Completed checkpoint up to RBA
Current log# 650 seq# 6189 mem# 0
DRG-11508: bad or missing user_sessions token on line TNS_ADMIN
Undo initialization finished
Beginning log switch checkpoint up to RBA
Current log# 97 seq# 7996 mem# 0
Thread 1 advanced to log sequence 778
ARC0: Archival started
TNS-01189: The listener could not authenticate the user
Errors in file /u01/app/oracle/diag/rdbms/ttprod/ttprod1/trace/ttprod1_ora_67811.trc
Undo initialization finished
ARC0: Archival started
Undo initialization finished
Current log# 331 seq# 2786 mem# 0
Beginning log switch checkpoint up to RBA
ORA-23669: Duplicate conflict handler name
Undo initialization finished
Current log# 856 seq# 7186 mem# 0
ORA-12677: Authentication service not supported by database link
Undo initialization finished
ORA-47043: error deleting Identity /u01/app/oracle/oradata/ttprod/users01.dbf for Factor shared pool , INVOICE_LINES_IDX
Errors in file /u01/app/oracle/diag/rdbms/ttprod/ttprod1/trace/ttprod1_ora_10499.trc
Archived Log entry 613 added for thread 1 sequence 2381
Thread 1 advanced to log sequence 937
Beginning log switch checkpoint up to RBA
Archived Log entry 866 added for thread 1 sequence 4575
Starting background process VKTM
PCC-02390: No EXEC SQL CONTEXT USE statement encountered
Beginning log switch checkpoint up to RBA
ORA-13019: coordinates out of bounds
Archived Log entry 81 added for thread 1 sequence 1688
Thread 1 advanced to log sequence 300
RMAN-08605: channel PK_CUSTOMER_ACCOUNTS : SID= ttstandby01 instance= APP_USER42 device type= BILLING.CUST_ORDERS
Undo initialization finished
CRS-04405: The following nodes are unknown to Oracle High Availability Services: CDR_STAGING
Completed checkpoint up to RBA
Archived Log entry 105 added for thread 1 sequence 2136
Thread 1 advanced to log sequence 231
ARC0: Archival started
Completed checkpoint up to RBA
ORA-08437: invalid picture type in picture mask
Errors in file /u01/app/oracle/diag/rdbms/ttprod/ttprod1/trace/ttprod1_ora_17934.trc
ARC0: Archival started
Beginning log switch checkpoint up to RBA
ARC0: Archival started
ORA-24199: message store is overflow
Archived Log entry 183 added for thread 1 sequence 6773
Beginning log switch checkpoint up to RBA
Beginning log switch checkpoint up to RBA
Beginning log switch checkpoint up to RBA
Archived Log entry 173 added for thread 1 sequence 7562
NNO-00625: overriding auto-refresh of name " user_sessions ", type " SYSAUX ", refresh in number seconds
ARC0: Archival started
Current log# 82 seq# 8152 mem# 0
Current log# 403 seq# 2881 mem# 0
RMAN-08543: channel user_sessions : specifying archived log(s) for proxy backup
Thread 1 advanced to log sequence 723
Undo initialization finished
KUP-01007: at line number column number
Completed checkpoint up to RBA
Beginning log switch checkpoint up to RBA
Archived Log entry 773 added for thread 1 sequence 1852
Archived Log entry 819 added for thread 1 sequence 8438
CRS-09102: No data for the node at the given time
Completed checkpoint up to RBA
Beginning log switch checkpoint up to RBA
NID-00301: Datafile ttprod2 - dbid changed, wrote new name
Archived Log entry 496 added for thread 1 sequence 8740
ARC0: Archival started
DIA-48930: Cannot allocate memory for processing traces
Completed checkpoint up to RBA
ARC0: Archival started
NZE-29152: SHA-1 self-test failure
Beginning log switch checkpoint up to RBA
Undo initialization finished
ARC0: Archival started
Undo initialization finished
Thread 1 advanced to log sequence 688
ORA-38452: Expression Filter index name may not be longer than 25 characters
Beginning log switch checkpoint up to RBA
ORA-23432: master site SYSAUX already exists
Current log# 50 seq# 5882 mem# 0
Thread 1 advanced to log sequence 533
Beginning log switch checkpoint up to RBA
Thread 1 advanced to log sequence 393
RMAN-08507: input datafile copy RECID= shared pool STAMP= _SYSSMU7$ file name= /u01/app/oracle/oradata/ttprod/users01.dbf
Errors in file /u01/app/oracle/diag/rdbms/ttprod/ttprod1/trace/ttprod1_ora_34589.trc
Starting background process VKTM
Current log# 505 seq# 2633 mem# 0
Starting background process VKTM
Undo initialization finished
NID-00440: Database ID for database CDR_STAGING changed to number .
Undo initialization finished
Completed checkpoint up to RBA
Archived Log entry 635 added for thread 1 sequence 1709
ORA-16116: no work available
Starting background process VKTM
Starting background process VKTM
ARC0: Archival started
ORA-48444: The single "." and "*" cannot appear in the middle of the path
Beginning log switch checkpoint up to RBA
Archived Log entry 55 added for thread 1 sequence 8530
Archived Log entry 233 added for thread 1 sequence 4945
Undo initialization finished
Starting background process VKTM
IMG-02004: 2FF04 - incorrect feature list specification
Thread 1 advanced to log sequence 790
RMAN-08186: tempfile ttprod1 size altered in control file
Errors in file /u01/app/oracle/diag/rdbms/ttprod/ttprod1/trace/ttprod1_ora_77250.trc
Undo initialization finished
Archived Log entry 585 added for thread 1 sequence 9280
OCI-31185: DOM Nodes do not belong to the same DOM Document
ARC0: Archival started
Starting background process VKTM
PRKN-01040: Failed to remove directory "{0}" on node "{1}"
Beginning log switch checkpoint up to RBA
Beginning log switch checkpoint up to RBA
Beginning log switch checkpoint up to RBA
ORA-14450: attempt to access a transactional temp table already in use
Completed checkpoint up to RBA
DRG-11600: URL store: app_db has permanently moved
Thread 1 advanced to log sequence 319
Completed checkpoint up to RBA
Thread 1 advanced to log sequence 4
ORA-26812: An active session currently attached to XStream server " ttprod1 ".
Current log# 910 seq# 7128 mem# 0
Undo initialization finished
Beginning log switch checkpoint up to RBA
Starting background process VKTM
Starting background process VKTM
PROC-00017: Unimplemented feature
Thread 1 advanced to log sequence 434
Current log# 610 seq# 4580 mem# 0
Beginning log switch checkpoint up to RBA
Current log# 311 seq# 6003 mem# 0
RMAN-06432: recovery catalog dropped
Thread 1 advanced to log sequence 974
NNO-00105: line PK_CUSTOMER_ACCOUNTS : invalid name " APP_USER42 ", data ignored
ARC0: Archival started
Completed checkpoint up to RBA
Archived Log entry 660 added for thread 1 sequence 2720
Archived Log entry 974 added for thread 1 sequence 7720
Beginning log switch checkpoint up to RBA
EVM-00307: Filter idx_users_email invalid for " INVOICE_LINES_IDX "
Errors in file /u01/app/oracle/diag/rdbms/ttprod/ttprod1/trace/ttprod1_ora_34289.trc
ARC0: Archival started
Starting background process VKTM
ARC0: Archival started
TNS-00292: Log File Name : CDR_STAGING
Archived Log entry 302 added for thread 1 sequence 3649
Archived Log entry 297 added for thread 1 sequence 4776
Current log# 914 seq# 8453 mem# 0
RMAN-00577: PIPE requires that TARGET be specified on the command line
Beginning log switch checkpoint up to RBA
Completed checkpoint up to RBA
Completed checkpoint up to RBA
Current log# 377 seq# 3155 mem# 0
ORA-30362: dimension column cannot be a sequence
Beginning log switch checkpoint up to RBA
Starting background process VKTM
Current log# 253 seq# 8063 mem# 0
Beginning log switch checkpoint up to RBA
NID-00410: Reversion of database changes failed during validation - database is intact.
ARC0: Archival started
RMAN-08161: contents of Memory Script:
Beginning log switch checkpoint up to RBA
Archived Log entry 30 added for thread 1 sequence 3145
Undo initialization finished
ORA-01755: Must specify an extent number or block number
ARC0: Archival started
Beginning log switch checkpoint up to RBA
INS-01009: APP_USER42 is not valid archive.
Completed checkpoint up to RBA
Thread 1 advanced to log sequence 141
Archived Log entry 453 added for thread 1 sequence 4441
ORA-41625: event structure 17 does not exist
Beginning log switch checkpoint up to RBA
Thread 1 advanced to log sequence 313
ARC0: Archival started
RMAN-08588: converted datafile= SYSAUX
Starting background process VKTM
Undo initialization finished
Starting background process VKTM
Beginning log switch checkpoint up to RBA
ARC0: Archival started
ORA-22317: typecode idx_users_email is not legal as a number type
Beginning log switch checkpoint up to RBA
PCC-02407: Object and REF types do not match
ARC0: Archival started
Archived Log entry 662 added for thread 1 sequence 1613
ARC0: Archival started
Current log# 953 seq# 9436 mem# 0
NID-00330: The following datafiles are offline immediate:
Current log# 138 seq# 1384 mem# 0
Beginning log switch checkpoint up to RBA
Current log# 326 seq# 4506 mem# 0
Beginning log switch checkpoint up to RBA
ORA-25254: time-out in LISTEN while waiting for a message
Errors in file /u01/app/oracle/diag/rdbms/ttprod/ttprod1/trace/ttprod1_ora_66378.trc
Beginning log switch checkpoint up to RBA
ORA-07590: spdde: $DELPRC failure
Completed checkpoint up to RBA
Completed checkpoint up to RBA
Completed checkpoint up to RBA
Current log# 246 seq# 8988 mem# 0
Archived Log entry 113 added for thread 1 sequence 9726
DRG-11511: specified table does not contain a LONG RAW column
Thread 1 advanced to log sequence 54
ARC0: Archival started
Current log# 866 seq# 5424 mem# 0
INS-40720: Single Client Access Name (SCAN): DATA_TS01 is not associated with any IP address.
Thread 1 advanced to log sequence 657
Archived Log entry 787 added for thread 1 sequence 8050
Thread 1 advanced to log sequence 995
ORA-06512: at line -- PL/SQL error position indicator
Archived Log entry 549 added for thread 1 sequence 8143
Undo initialization finished
Thread 1 advanced to log sequence 627
RMAN-08093: specifying current control file for proxy backup
Errors in file /u01/app/oracle/diag/rdbms/ttprod/ttprod1/trace/ttprod1_ora_22491.trc
Beginning log switch checkpoint up to RBA
Starting background process VKTM
Beginning log switch checkpoint up to RBA
Beginning log switch checkpoint up to RBA
ORA-13540: operation not allowed on system moving window baseline ( ttstandby01 )
Errors in file /u01/app/oracle/diag/rdbms/ttprod/ttprod1/trace/ttprod1_ora_86760.trc
ARC0: Archival started
Thread 1 advanced to log sequence 600
RMAN-07252: ========================
Completed checkpoint up to RBA
Beginning log switch checkpoint up to RBA
Archived Log entry 214 added for thread 1 sequence 7072
Archived Log entry 104 added for thread 1 sequence 5170
Archived Log entry 825 added for thread 1 sequence 9440
PCC-02422: Invalid value specified for the given context option
Errors in file /u01/app/oracle/diag/rdbms/ttprod/ttprod1/trace/ttprod1_ora_77702.trc
Beginning log switch checkpoint up to RBA
Completed checkpoint up to RBA
Archived Log entry 667 added for thread 1 sequence 9147
Thread 1 advanced to log sequence 6
Beginning log switch checkpoint up to RBA
DRG-10837: section 3 does not exist
ARC0: Archival started
Current log# 293 seq# 3701 mem# 0
Beginning log switch checkpoint up to RBA
ARC0: Archival started
Current log# 41 seq# 3922 mem# 0
ORA-39901: Partitioned table NETWORK_OPS.SIM_INVENTORY . 17 is partially contained in the transportable set.
Beginning log switch checkpoint up to RBA
Thread 1 advanced to log sequence 81
Current log# 308 seq# 2667 mem# 0
Starting background process VKTM
ARC0: Archival started
ORA-44807: Peformance Class name is too large
Starting background process VKTM
Current log# 618 seq# 7916 mem# 0
Thread 1 advanced to log sequence 118
Current log# 132 seq# 7494 mem# 0
Beginning log switch checkpoint up to RBA
PGU-00376: mandatory field has to be filled in before navigation is possible
Errors in file /u01/app/oracle/diag/rdbms/ttprod/ttprod1/trace/ttprod1_ora_88832.trc
Current log# 883 seq# 7997 mem# 0
ARC0: Archival started
Undo initialization finished
ORA-39907: Index pk_orders . user_sessions in tablespace 1024 points to table _SYSSMU7$ . INVOICE_LINES_IDX in tablespace session_1123 .
Errors in file /u01/app/oracle/diag/rdbms/ttprod/ttprod1/trace/ttprod1_ora_23005.trc
Starting background process VKTM
Thread 1 advanced to log sequence 170
ORA-35917: (XSHIDE05) You cannot HIDE model workspace object because the analytic workspace in which it is defined has not been upgraded to version UNDOTBS1 .
ARC0: Archival started
Undo initialization finished
Starting background process VKTM
Undo initialization finished
Archived Log entry 38 added for thread 1 sequence 4191
ORA-02174: Missing required thread number
Errors in file /u01/app/oracle/diag/rdbms/ttprod/ttprod1/trace/ttprod1_ora_38436.trc
Starting background process VKTM
Thread 1 advanced to log sequence 549
Archived Log entry 711 added for thread 1 sequence 2289
Archived Log entry 501 added for thread 1 sequence 1346
Undo initialization finished
IMP-00063: Warning: Skipping table " INVOICE_LINES_IDX "." pk_orders " because object type " 3 "." pg_toast_12345 " cannot be created or has different identifier
Undo initialization finished
Completed checkpoint up to RBA
Beginning log switch checkpoint up to RBA
PGU-41080: call definition 17 version number inserted into PG DD
Starting background process VKTM
RMAN-08043: channel UNDOTBS1 : copy standby control file failed
Thread 1 advanced to log sequence 7
ORA-19031: XML element or attribute DATA_TS01 does not match any in type session_1123 . pg_toast_12345
Current log# 757 seq# 4264 mem# 0
Starting background process VKTM
Thread 1 advanced to log sequence 769
ORA-28179: client user name not provided by proxy
Thread 1 advanced to log sequence 859
Archived Log entry 72 added for thread 1 sequence 9681
Beginning log switch checkpoint up to RBA
ARC0: Archival started
NZE-28785: parameter does not exist
Beginning log switch checkpoint up to RBA
Archived Log entry 601 added for thread 1 sequence 8685
Starting background process VKTM
Starting background process VKTM
ORA-39908: Index 3 . INVOICE_LINES_IDX in tablespace ttprod1 enforces primary constraints UNDOTBS1 of table INVOICE_LINES_IDX . USERS in tablespace app_db .
Starting background process VKTM
Beginning log switch checkpoint up to RBA
Undo initialization finished
Undo initialization finished
ORA-04008: START WITH cannot be more than MAXVALUE
Undo initialization finished
Thread 1 advanced to log sequence 242
Undo initialization finished
Beginning log switch checkpoint up to RBA
ORA-23450: flavor already contains object " reporting_schema "." idx_users_email "
Archived Log entry 715 added for thread 1 sequence 3345
Thread 1 advanced to log sequence 560
Current log# 748 seq# 7998 mem# 0
RMAN-08513: datafile copy file name= large pool RECID= large pool STAMP= idx_users_email
ARC0: Archival started
Current log# 4 seq# 1036 mem# 0
Starting background process VKTM
Completed checkpoint up to RBA
Completed checkpoint up to RBA
ORA-08209: scngrs: SCN not yet initialized
Undo initialization finished
TNS-01066: Presentation: idx_users_email
Completed checkpoint up to RBA
Undo initialization finished
Undo initialization finished
JMS-00131: Session is closed
Undo initialization finished
Starting background process VKTM
Archived Log entry 658 added for thread 1 sequence 8070
Undo initialization finished
RMAN-06448: uncataloged proxy copy
Archived Log entry 896 added for thread 1 sequence 7828
ARC0: Archival started
Beginning log switch checkpoint up to RBA
Archived Log entry 236 added for thread 1 sequence 7165
ORA-30572: AUTO segment space management not valid with DICTIONARY extent management
Thread 1 advanced to log sequence 55
Starting background process VKTM
Thread 1 advanced to log sequence 27
KUP-04083: no directory object specified in LOBFILE clause for column /u01/app/oracle/oradata/ttprod/users01.dbf
Beginning log switch checkpoint up to RBA
ORA-32043: recursive WITH clause needs an initialization branch
Errors in file /u01/app/oracle/diag/rdbms/ttprod/ttprod1/trace/ttprod1_ora_30754.trc
Beginning log switch checkpoint up to RBA
INS-40925: One or more nodes have interfaces not configured with a subnet that is common across all cluster nodes.
Completed checkpoint up to RBA
ORA-13710: Parameter " user_sessions " must have a higher value than parameter " CDR_STAGING ". The values supplied were " app_db " and " reporting_schema " respectively.
Current log# 155 seq# 9335 mem# 0
Thread 1 advanced to log sequence 798
ORA-25003: cannot change NEW values for this column type in trigger
Archived Log entry 293 added for thread 1 sequence 7024
PGU-41108: data definition TNS_ADMIN does not exist
Undo initialization finished
Archived Log entry 891 added for thread 1 sequence 8307
ARC0: Archival started
Starting background process VKTM
ARC0: Archival started
NID-00404: DBNEWID - Completed succesfully.
Current log# 983 seq# 5589 mem# 0
Undo initialization finished
Undo initialization finished
TNS-12600: TNS: APP_USER42 open failed
Thread 1 advanced to log sequence 622
Thread 1 advanced to log sequence 283
Undo initialization finished
Undo initialization finished
CLSS-02204: voting device not configured. [ /u01/app/oracle/oradata/ttprod/users01.dbf ] [ fk_order_customer ]
ARC0: Archival started
Completed checkpoint up to RBA
ARC0: Archival started
Current log# 151 seq# 7003 mem# 0
Thread 1 advanced to log sequence 830
ORA-48461: "describe" failed due to the following errors
Starting background process VKTM
ARC0: Archival started
Beginning log switch checkpoint up to RBA
ORA-03284: datafile or tempfile ttprod2 is not a member of tablespace reporting_schema
Starting background process VKTM
Completed checkpoint up to RBA
Starting background process VKTM
ARC0: Archival started
Current log# 206 seq# 2783 mem# 0
ORA-36206: (XSAGOP04R) In AGGMAP workspace object , REMOPERATOR app_db must be MIN, MAX, FIRST, LAST, HFIRST or HLAST.
Errors in file /u01/app/oracle/diag/rdbms/ttprod/ttprod1/trace/ttprod1_ora_71945.trc
Current log# 538 seq# 7470 mem# 0
Starting background process VKTM
ORA-02048: attempt to begin distributed transaction without logging on
Starting background process VKTM
PLS-00614: creating a FINAL NOT INSTANTIABLE type
Completed checkpoint up to RBA
ORA-16248: RFS connections not permitted during Terminal Apply
Thread 1 advanced to log sequence 451
Current log# 665 seq# 7336 mem# 0
Archived Log entry 489 added for thread 1 sequence 6184
ARC0: Archival started
Beginning log switch checkpoint up to RBA
ORA-26852: Invalid NULL value for column_value parameter.
Errors in file /u01/app/oracle/diag/rdbms/ttprod/ttprod1/trace/ttprod1_ora_64478.trc
ARC0: Archival started
ARC0: Archival started
Undo initialization finished
Beginning log switch checkpoint up to RBA
ARC0: Archival started
NCR-01020: NCRS: Operation would block.
Current log# 546 seq# 4519 mem# 0
Thread 1 advanced to log sequence 781
Thread 1 advanced to log sequence 677
Undo initialization finished
Completed checkpoint up to RBA
RMAN-08518: channel CDR_STAGING : scanning control file copy SYSAUX
Undo initialization finished
ORA-24150: evaluation context CRM.CALL_DETAIL_RECORDS . user_sessions does not exist
Errors in file /u01/app/oracle/diag/rdbms/ttprod/ttprod1/trace/ttprod1_ora_50540.trc
Thread 1 advanced to log sequence 899
Starting background process VKTM
Beginning log switch checkpoint up to RBA
Starting background process VKTM
ORA-55204: Tag data translation option not found
Errors in file /u01/app/oracle/diag/rdbms/ttprod/ttprod1/trace/ttprod1_ora_14484.trc
Current log# 231 seq# 2687 mem# 0
Undo initialization finished
ORA-31114: XDB configuration has been deleted or is corrupted
Archived Log entry 564 added for thread 1 sequence 7756
Undo initialization finished
PRVF-09809: Proper OS Patch is not found on node "{0}" [Expected = "{1}" ; Found = "{2}"]
Completed checkpoint up to RBA
ORA-27607: Smart I/O failed because there were no online disks. tablespace number: " session_1123 ", file number: " SP2-0552 "
Archived Log entry 465 added for thread 1 sequence 2832
Archived Log entry 449 added for thread 1 sequence 6646
Completed checkpoint up to RBA
Undo initialization finished
Current log# 674 seq# 9670 mem# 0
TNS-01015: set|show parm_name [<value>]: sets|shows current listener parm values
Errors in file /u01/app/oracle/diag/rdbms/ttprod/ttprod1/trace/ttprod1_ora_36528.trc
Current log# 654 seq# 5966 mem# 0
Undo initialization finished
Thread 1 advanced to log sequence 437
Current log# 5 seq# 5456 mem# 0
LPX-00321: None of the output method (DOM, SAX, Stream) is selected
Beginning log switch checkpoint up to RBA
Current log# 921 seq# 5212 mem# 0
Beginning log switch checkpoint up to RBA
Starting background process VKTM
RMAN-06486: changed backup piece expired
Completed checkpoint up to RBA
RMAN-08022: channel idx_users_email : restoring archived log
Completed checkpoint up to RBA
Completed checkpoint up to RBA
Beginning log switch checkpoint up to RBA
RMAN-06946: executing repair script
Completed checkpoint up to RBA
Thread 1 advanced to log sequence 308
ORA-25461: rule set not specified
ARC0: Archival started
Beginning log switch checkpoint up to RBA
Current log# 451 seq# 5960 mem# 0
ARC0: Archival started
IMG-00001: unable to initialize Oracle Multimedia environment
Undo initialization finished
Beginning log switch checkpoint up to RBA
Thread 1 advanced to log sequence 923
LSX-00151: invalid combination of attributes "ref" and "name"
Completed checkpoint up to RBA
ORA-39133: object type " reporting_schema "." _SYSSMU7$ " already exists with different typeid
Undo initialization finished
Archived Log entry 77 added for thread 1 sequence 6604
Thread 1 advanced to log sequence 887
RMAN-08033: channel 42 : including datafile copy of datafile _SYSSMU12$ in backup set
Completed checkpoint up to RBA
Thread 1 advanced to log sequence 306
Archived Log entry 989 added for thread 1 sequence 2014
Undo initialization finished
ORA-15025: could not open disk " 5000 "
ARC0: Archival started
Completed checkpoint up to RBA
Starting background process VKTM
Undo initialization finished
QSM-01565: equivalence, SP2-0552 , cannot compute measure, large pool , in the query
Undo initialization finished
Starting background process VKTM
Starting background process VKTM
ORA-38705: Expected block size /u01/app/oracle/oradata/ttprod/users01.dbf does not match DATA_TS01 in log header.
Starting background process VKTM
Completed checkpoint up to RBA
Current log# 796 seq# 7020 mem# 0
Beginning log switch checkpoint up to RBA
NNL-01060: Cache next checkpointed in: pg_toast_12345
Errors in file /u01/app/oracle/diag/rdbms/ttprod/ttprod1/trace/ttprod1_ora_62464.trc
Current log# 615 seq# 5356 mem# 0
Archived Log entry 246 added for thread 1 sequence 1926
INS-30004: The CDR_STAGING password entered is invalid.
Errors in file /u01/app/oracle/diag/rdbms/ttprod/ttprod1/trace/ttprod1_ora_68209.trc
Archived Log entry 408 added for thread 1 sequence 5845
Undo initialization finished
Current log# 115 seq# 2264 mem# 0
Undo initialization finished
ORA-22982: cannot create sub-view under this view
Completed checkpoint up to RBA
Starting background process VKTM
ORA-25471: attribute name not specified for variable: shared pool
Starting background process VKTM
Archived Log entry 556 added for thread 1 sequence 9791
ORA-14330: Cannot drop a partition of a global hash-partitioned index
Errors in file /u01/app/oracle/diag/rdbms/ttprod/ttprod1/trace/ttprod1_ora_10904.trc
Archived Log entry 381 added for thread 1 sequence 4742
ORA-16223: DDL skipped, unsupported in current version
Thread 1 advanced to log sequence 472
QSM-01215: query rewrite not possible when query GROUP BY clause has non-columns
Errors in file /u01/app/oracle/diag/rdbms/ttprod/ttprod1/trace/ttprod1_ora_93020.trc
Undo initialization finished
Archived Log entry 270 added for thread 1 sequence 6265
Beginning log switch checkpoint up to RBA
Undo initialization finished
Archived Log entry 447 added for thread 1 sequence 7764
DRG-50958: Missing quote in transform clause pg_toast_12345
Undo initialization finished
ARC0: Archival started
Undo initialization finished
Completed checkpoint up to RBA
ARC0: Archival started
ORA-26020: index app_db . 17 loaded successfully with 1024 keys
Errors in file /u01/app/oracle/diag/rdbms/ttprod/ttprod1/trace/ttprod1_ora_99878.trc
Archived Log entry 817 added for thread 1 sequence 4246
Current log# 8 seq# 3112 mem# 0
Undo initialization finished
Thread 1 advanced to log sequence 819
Beginning log switch checkpoint up to RBA
TNS-01305: nt main err code: number
Thread 1 advanced to log sequence 318
Undo initialization finished
Archived Log entry 597 added for thread 1 sequence 6435
ARC0: Archival started
ORA-15217: missing or invalid timeout value after DROP AFTER
Thread 1 advanced to log sequence 894
ARC0: Archival started
Thread 1 advanced to log sequence 931
Archived Log entry 562 added for thread 1 sequence 4653
Starting background process VKTM
LPX-01094: [FORG0003] fn:zero-or-one called with a sequence containing more than one item
Thread 1 advanced to log sequence 93
Current log# 443 seq# 1947 mem# 0
ARC0: Archival started
Thread 1 advanced to log sequence 617
Undo initialization finished
ORA-31506: duplicate subscription name idx_users_email
Errors in file /u01/app/oracle/diag/rdbms/ttprod/ttprod1/trace/ttprod1_ora_68859.trc
Undo initialization finished
ARC0: Archival started
ARC0: Archival started
Starting background process VKTM
NZE-29119: Cannot import certificate.
Archived Log entry 450 added for thread 1 sequence 4890
Current log# 98 seq# 3256 mem# 0
TNS-04080: Failed to reload
Errors in file /u01/app/oracle/diag/rdbms/ttprod/ttprod1/trace/ttprod1_ora_80366.trc
ARC0: Archival started
Thread 1 advanced to log sequence 173
ORA-55362: RDF VPD policy may not be created in the SYS schema
Starting background process VKTM
Starting background process VKTM
Completed checkpoint up to RBA
Current log# 193 seq# 7543 mem# 0
Completed checkpoint up to RBA
CRS-01236: Error enumerating subkeys for key ' ttprod1 ' in OCR. Details at app_db in fk_order_customer .
Current log# 118 seq# 6437 mem# 0
Starting background process VKTM
Thread 1 advanced to log sequence 326
ORA-24912: Listener thread failed. 3
Current log# 858 seq# 6239 mem# 0
Archived Log entry 483 added for thread 1 sequence 6816
Current log# 911 seq# 2497 mem# 0
Current log# 636 seq# 2113 mem# 0
Completed checkpoint up to RBA
ORA-13497: CDR_STAGING
Completed checkpoint up to RBA
ARC0: Archival started
Current log# 942 seq# 3029 mem# 0
Current log# 465 seq# 1653 mem# 0
DRG-11733: more than one translation for the term in the specified language
Errors in file /u01/app/oracle/diag/rdbms/ttprod/ttprod1/trace/ttprod1_ora_85902.trc
Beginning log switch checkpoint up to RBA
Archived Log entry 966 added for thread 1 sequence 4155
Completed checkpoint up to RBA
Archived Log entry 978 added for thread 1 sequence 8704
PRVF-04041: CSS is probably working with a non-clustered, local-only configuration on all the nodes
ARC0: Archival started
Beginning log switch checkpoint up to RBA
Current log# 550 seq# 2075 mem# 0
Undo initialization finished
CLST-01103: existing configuration version ( INVOICE_LINES_IDX ) detected
Thread 1 advanced to log sequence 616
ORA-02827: Invalid file number
Archived Log entry 184 added for thread 1 sequence 1581
ORA-07391: sftopn: fopen error, unable to open text file.
Completed checkpoint up to RBA
Current log# 580 seq# 8076 mem# 0
Starting background process VKTM
Archived Log entry 902 added for thread 1 sequence 4111
ORA-12165: TNS:Trying to write trace file into swap space.
ARC0: Archival started
Beginning log switch checkpoint up to RBA
ORA-13221: unknown geometry type in the geometry object
Starting background process VKTM
Thread 1 advanced to log sequence 165
Archived Log entry 136 added for thread 1 sequence 9340
Completed checkpoint up to RBA
Undo initialization finished
NCR-03022: NCRO: Cannot send the break
Thread 1 advanced to log sequence 262
Thread 1 advanced to log sequence 945
Archived Log entry 171 added for thread 1 sequence 9900
OCI-22609: error user_sessions during initialization of FDO
ARC0: Archival started
Current log# 679 seq# 1095 mem# 0
Starting background process VKTM
Undo initialization finished
Beginning log switch checkpoint up to RBA
PLW-05001: previous use of ' pk_orders ' (at line 3 ) conflicts with this use
Thread 1 advanced to log sequence 514
Undo initialization finished
Thread 1 advanced to log sequence 247
ORA-00272: error writing archive log USERS
Starting background process VKTM
ORA-22917: use VARRAY to define the storage clause for this column or attribute
Archived Log entry 330 added for thread 1 sequence 7624
Thread 1 advanced to log sequence 673
Undo initialization finished
ORA-01210: data file header is media corrupt
Errors in file /u01/app/oracle/diag/rdbms/ttprod/ttprod1/trace/ttprod1_ora_62435.trc
Undo initialization finished
Undo initialization finished
ARC0: Archival started
ORA-16062: standby database not in Data Guard configuration
Starting background process VKTM
Starting background process VKTM
Current log# 333 seq# 6230 mem# 0
Current log# 48 seq# 2982 mem# 0
Beginning log switch checkpoint up to RBA
SQL-02150: Encountered zero length in ANSI dynamic SET statement
Archived Log entry 23 added for thread 1 sequence 3088
Starting background process VKTM
ARC0: Archival started
ARC0: Archival started
Starting background process VKTM
CLSW-00002: Out of heap memory.
Thread 1 advanced to log sequence 894
RMAN-06709: No scripts in recovery catalog
Archived Log entry 728 added for thread 1 sequence 3563
Undo initialization finished
NNL-00909: META VIOLATION responses sent: number
Starting background process VKTM
Starting background process VKTM
Undo initialization finished
Starting background process VKTM
ORA-41694: invalid equal specification around: PK_CUSTOMER_ACCOUNTS
Thread 1 advanced to log sequence 627
Completed checkpoint up to RBA
Thread 1 advanced to log sequence 594
Thread 1 advanced to log sequence 393
RMAN-06755: WARNING: datafile app_db : incremental-start SCN is too recent; using checkpoint SCN CDR_STAGING instead
Undo initialization finished
Current log# 379 seq# 1412 mem# 0
Archived Log entry 70 added for thread 1 sequence 6837
Undo initialization finished
LPX-00607: Invalid reference: '~S'.
Current log# 376 seq# 3053 mem# 0
ARC0: Archival started
IMG-00519: illegal combination of parameters
Completed checkpoint up to RBA
Archived Log entry 745 added for thread 1 sequence 2207
Undo initialization finished
RMAN-08180: channel _SYSSMU12$ : restore complete, elapsed time: idx_users_email
Thread 1 advanced to log sequence 712
Archived Log entry 197 added for thread 1 sequence 4312
ORA-14061: data type or length of an index partitioning column may not be changed
Starting background process VKTM
RMAN-07253: ========================
Errors in file /u01/app/oracle/diag/rdbms/ttprod/ttprod1/trace/ttprod1_ora_45873.trc
Thread 1 advanced to log sequence 16
Beginning log switch checkpoint up to RBA
RMAN-00202: Do you want to open the database (enter YES or NO)?
Completed checkpoint up to RBA
ARC0: Archival started
Thread 1 advanced to log sequence 593
ORA-42297: cannot drop a schema synonym for a schema of a user who is currently connected
ARC0: Archival started
PGU-41084: call definition DATA_TS01 version number deleted from PG DD
Thread 1 advanced to log sequence 409
ORA-01225: thread number 17 is greater than MAXINSTANCES pg_toast_12345
Thread 1 advanced to log sequence 210
Beginning log switch checkpoint up to RBA
Archived Log entry 591 added for thread 1 sequence 8531
Archived Log entry 568 added for thread 1 sequence 3956
Starting background process VKTM
KUP-11012: file DATA_TS01 in TNS_ADMIN already exists
Completed checkpoint up to RBA
RMAN-06068: recovery aborted because of missing datafiles
Errors in file /u01/app/oracle/diag/rdbms/ttprod/ttprod1/trace/ttprod1_ora_98856.trc
Starting background process VKTM
ORA-40208: duplicate or multiple algorithm settings for function UNDOTBS1
Errors in file /u01/app/oracle/diag/rdbms/ttprod/ttprod1/trace/ttprod1_ora_98936.trc
Archived Log entry 991 added for thread 1 sequence 8908
Starting background process VKTM
Current log# 922 seq# 2192 mem# 0
Completed checkpoint up to RBA
Completed checkpoint up to RBA
LPX-01071: [XQST0071] Repeated namespace attribute
Errors in file /u01/app/oracle/diag/rdbms/ttprod/ttprod1/trace/ttprod1_ora_84137.trc
Thread 1 advanced to log sequence 964
Beginning log switch checkpoint up to RBA
RMAN-12018: channel CDR_STAGING disabled, job failed on it will be run on another channel
Errors in file /u01/app/oracle/diag/rdbms/ttprod/ttprod1/trace/ttprod1_ora_80500.trc
Undo initialization finished
Archived Log entry 428 added for thread 1 sequence 6102
ORA-16257: Switchover initiated stop apply successfully completed
Errors in file /u01/app/oracle/diag/rdbms/ttprod/ttprod1/trace/ttprod1_ora_15406.trc
ARC0: Archival started
Undo initialization finished
ORA-46271: Error during DBMS_AUDIT_MGMT operation; database I/O suspended
Errors in file /u01/app/oracle/diag/rdbms/ttprod/ttprod1/trace/ttprod1_ora_68001.trc
Starting background process VKTM
PCB-00307: DROP TABLE statement is an Oracle extension
Undo initialization finished
PRCD-01097: Failed to retrieve the active servers of server pool {0} for database {1}
ARC0: Archival started
Thread 1 advanced to log sequence 214
DRG-11224: Third-party filter is unable to create or write to temporary file.
Errors in file /u01/app/oracle/diag/rdbms/ttprod/ttprod1/trace/ttprod1_ora_51632.trc
Current log# 938 seq# 2668 mem# 0
Thread 1 advanced to log sequence 813
PRKO-02387: -n <node_name> option has been deprecated.
Beginning log switch checkpoint up to RBA
Undo initialization finished
Archived Log entry 197 added for thread 1 sequence 3243
DRG-51803: failed to open file: %(1)
Beginning log switch checkpoint up to RBA
Starting background process VKTM
Beginning log switch checkpoint up to RBA
Beginning log switch checkpoint up to RBA
PLS-00123: program too large ( 3 )
Archived Log entry 363 added for thread 1 sequence 6553
ORA-29380: resource plan APP_USER42 is currently active and cannot be deleted
Errors in file /u01/app/oracle/diag/rdbms/ttprod/ttprod1/trace/ttprod1_ora_60599.trc
Current log# 823 seq# 2978 mem# 0
Thread 1 advanced to log sequence 927
Archived Log entry 375 added for thread 1 sequence 5068
ORA-08429: raw data has invalid digit in display type data
Undo initialization finished
Beginning log switch checkpoint up to RBA
Thread 1 advanced to log sequence 748
EXP-00042: Missing NLS_CHARACTERSET/NLS_NCHAR_CHARACTERSET in props$
ARC0: Archival started
ORA-38311: cannot purge objects owned by other users
Errors in file /u01/app/oracle/diag/rdbms/ttprod/ttprod1/trace/ttprod1_ora_75778.trc
Completed checkpoint up to RBA
Current log# 451 seq# 6882 mem# 0
Current log# 309 seq# 8100 mem# 0
Completed checkpoint up to RBA
PGA-21103: trace information written to CRM.CALL_DETAIL_RECORDS
Beginning log switch checkpoint up to RBA
ORA-29508: query derived from USING clause did not select a value of type _SYSSMU12$
Current log# 264 seq# 8359 mem# 0
Thread 1 advanced to log sequence 186
PCC-02406: Expecting the form 'RETURN[ING] REF INTO :<ref>' only
Thread 1 advanced to log sequence 419
Thread 1 advanced to log sequence 307
Thread 1 advanced to log sequence 664
Current log# 268 seq# 1980 mem# 0
Undo initialization finished
OCI-01870: the intervals or datetimes were not mutually comparable
Completed checkpoint up to RBA
Starting background process VKTM
Current log# 940 seq# 1359 mem# 0
Completed checkpoint up to RBA
ORA-19695: fixed table X$KRBMSFT has not been populated
Undo initialization finished
Beginning log switch checkpoint up to RBA
ARC0: Archival started
Thread 1 advanced to log sequence 922
Completed checkpoint up to RBA
ORA-13793: invalid comparison metric
Current log# 622 seq# 5302 mem# 0
ORA-13202: failed to create or insert into the SDO_INDEX_METADATA table
Undo initialization finished
Thread 1 advanced to log sequence 171
Current log# 262 seq# 9287 mem# 0
ORA-16436: ALTER DATABASE ... RECOVER FINISH could not start
Undo initialization finished
Undo initialization finished
Archived Log entry 908 added for thread 1 sequence 8216
ORA-32775: cannot change size attributes of read only tablespace idx_users_email
Completed checkpoint up to RBA
ORA-06107: NETTCP: ORACLE network server not found
ARC0: Archival started
Undo initialization finished
Current log# 268 seq# 7936 mem# 0
ARC0: Archival started
ORA-23459: flavor 1024 must contain " large pool "
ARC0: Archival started
Beginning log switch checkpoint up to RBA
ARC0: Archival started
ORA-30013: undo tablespace ' DATA_TS01 ' is currently in use
Completed checkpoint up to RBA
ARC0: Archival started
ARC0: Archival started
Thread 1 advanced to log sequence 356
ORA-37563: invalid log verbosity
Current log# 766 seq# 6192 mem# 0
ARC0: Archival started
Archived Log entry 867 added for thread 1 sequence 1249
RMAN-08303: To recompile all PL/SQL modules, run utlirp.sql and utlrp.sql on the target platform
Undo initialization finished
NNO-00326: server statistic counter dump follows
Completed checkpoint up to RBA
Archived Log entry 598 added for thread 1 sequence 1937
Undo initialization finished
Starting background process VKTM
Current log# 117 seq# 9641 mem# 0
NNO-00305: trace level changed from number to number
Current log# 742 seq# 5783 mem# 0
Beginning log switch checkpoint up to RBA
Completed checkpoint up to RBA
Undo initialization finished
Thread 1 advanced to log sequence 923
ORA-16772: switchover to a standby database failed
Current log# 400 seq# 1896 mem# 0
PCC-00135: Result Set Cursor usage is not standard SQL
Starting background process VKTM
ARC0: Archival started
ORA-27376: event condition cannot be NULL
Completed checkpoint up to RBA
ARC0: Archival started
Beginning log switch checkpoint up to RBA
Current log# 574 seq# 7029 mem# 0
Undo initialization finished
RMAN-06206: Crosschecked _SYSSMU7$ objects
Undo initialization finished
Starting background process VKTM
Archived Log entry 733 added for thread 1 sequence 7950
Thread 1 advanced to log sequence 510
Archived Log entry 439 added for thread 1 sequence 3155
LSX-00290: invalid enumeration choice "~S"
Starting background process VKTM
Starting background process VKTM
Thread 1 advanced to log sequence 642
ARC0: Archival started
RMAN-03018: asynchronous RPCs are working correctly
Current log# 657 seq# 1120 mem# 0
RMAN-08185: renamed tempfile large pool to CRM.CALL_DETAIL_RECORDS in control file
Thread 1 advanced to log sequence 864
ORA-07280: slsget: unable to get process information.
Errors in file /u01/app/oracle/diag/rdbms/ttprod/ttprod1/trace/ttprod1_ora_73483.trc
Completed checkpoint up to RBA
Starting background process VKTM
ORA-06312: IPA: Incorrect outgoing service name supplied
Completed checkpoint up to RBA
Undo initialization finished
Thread 1 advanced to log sequence 443
Beginning log switch checkpoint up to RBA
DRG-11862: This Is Probaly A HTTP Server 0.9 Or Less
Completed checkpoint up to RBA
Completed checkpoint up to RBA
DRG-12303: cannot add more than 99 indexes to an index set
Starting background process VKTM
CRS-02763: Error while reading resources. Details at TNS_ADMIN in 5000 .
Current log# 212 seq# 1499 mem# 0
Current log# 883 seq# 1415 mem# 0
DRG-11837: Reauthorization Required
Thread 1 advanced to log sequence 103
RMAN-08101: channel _SYSSMU12$ : proxy validation complete
ARC0: Archival started
Thread 1 advanced to log sequence 975
ORA-63002: a data file copy that is not current
Errors in file /u01/app/oracle/diag/rdbms/ttprod/ttprod1/trace/ttprod1_ora_68919.trc
Archived Log entry 311 added for thread 1 sequence 9316
Completed checkpoint up to RBA
Thread 1 advanced to log sequence 789
Starting background process VKTM
ORA-02033: a cluster index for this cluster already exists
Beginning log switch checkpoint up to RBA
Archived Log entry 155 added for thread 1 sequence 6979
ORA-28650: Primary index on an IOT cannot be rebuilt
Errors in file /u01/app/oracle/diag/rdbms/ttprod/ttprod1/trace/ttprod1_ora_42076.trc
Thread 1 advanced to log sequence 29
ORA-31031: cannot create context to parse an XPath PK_CUSTOMER_ACCOUNTS
Completed checkpoint up to RBA
PGU-41068: unable to open the input definition file
Archived Log entry 843 added for thread 1 sequence 3862
Undo initialization finished
Completed checkpoint up to RBA
Undo initialization finished
INS-30021: Unable to get Oracle RAC databases info.
Current log# 700 seq# 2593 mem# 0
ARC0: Archival started
Undo initialization finished
Beginning log switch checkpoint up to RBA
RMAN-03090: Starting app_db at 42
Completed checkpoint up to RBA
ARC0: Archival started
Beginning log switch checkpoint up to RBA
ARC0: Archival started
Undo initialization finished
ORA-29970: Specified registration id does not exist
Starting background process VKTM
Beginning log switch checkpoint up to RBA
Undo initialization finished
TNS-12236: TNS:protocol support not loaded
ARC0: Archival started
Undo initialization finished
NNO-00060: loading server topology from checkpoint file " 3 "
Errors in file /u01/app/oracle/diag/rdbms/ttprod/ttprod1/trace/ttprod1_ora_76523.trc
Completed checkpoint up to RBA
Starting background process VKTM
RMAN-06803: created virtual catalog against base catalog owned by SYSAUX
Undo initialization finished
ORA-13004: the specified buffer size is invalid
Archived Log entry 214 added for thread 1 sequence 6807
Undo initialization finished
Undo initialization finished
Completed checkpoint up to RBA
XOQ-01481: Dimension "( app_db )" appears in multiple aggregation steps.
Archived Log entry 299 added for thread 1 sequence 6202
Archived Log entry 705 added for thread 1 sequence 4989
RMAN-08555: channel 42 : restoring section NETWORK_OPS.SIM_INVENTORY of TNS_ADMIN
Undo initialization finished
ORA-48139: invalid input to ADR initialization routine
Beginning log switch checkpoint up to RBA
Archived Log entry 825 added for thread 1 sequence 5981
DRG-11312: source and new policy must have same owner
Archived Log entry 378 added for thread 1 sequence 2064
ORA-37172: illegal dimension type
Beginning log switch checkpoint up to RBA
Undo initialization finished
ORA-23488: propagation mode " CDR_STAGING " for " session_1123 " is not allowed for this operation
ARC0: Archival started
Beginning log switch checkpoint up to RBA
ORA-12814: only one CACHE or NOCACHE clause may be specified
ARC0: Archival started
Beginning log switch checkpoint up to RBA
ARC0: Archival started
Thread 1 advanced to log sequence 656
EXP-00044: must be connected 'AS SYSDBA' to do Point-in-time Recovery or Transportable Tablespace import
ARC0: Archival started
Beginning log switch checkpoint up to RBA
ORA-56931: inconsistent DST patching state found
Undo initialization finished
Thread 1 advanced to log sequence 239
ARC0: Archival started
Completed checkpoint up to RBA
ORA-07391: sftopn: fopen error, unable to open text file.
Archived Log entry 350 added for thread 1 sequence 3005
ORA-12687: Credentials expired.
Completed checkpoint up to RBA
Thread 1 advanced to log sequence 53
ARC0: Archival started
RMAN-08086: replaced script CRM.CALL_DETAIL_RECORDS
Errors in file /u01/app/oracle/diag/rdbms/ttprod/ttprod1/trace/ttprod1_ora_76806.trc
Completed checkpoint up to RBA
Current log# 333 seq# 4921 mem# 0
Current log# 136 seq# 5711 mem# 0
NNO-00611: disabling request forwarding
Current log# 905 seq# 2995 mem# 0
ORA-16125: large transaction PK_CUSTOMER_ACCOUNTS SYSAUX SP2-0552 is waiting for more data
Starting background process VKTM
Thread 1 advanced to log sequence 273
Completed checkpoint up to RBA
PLS-00561: character set mismatch on value for parameter ' _SYSSMU12$ '
Undo initialization finished
Completed checkpoint up to RBA
Thread 1 advanced to log sequence 828
Completed checkpoint up to RBA
ORA-10644: SYSTEM tablespace cannot be default temporary tablespace
Beginning log switch checkpoint up to RBA
Undo initialization finished
Archived Log entry 351 added for thread 1 sequence 5279
Thread 1 advanced to log sequence 948
ORA-39781: Direct path stream loads are not allowed after another context loading the same table has ended
Errors in file /u01/app/oracle/diag/rdbms/ttprod/ttprod1/trace/ttprod1_ora_69824.trc
Thread 1 advanced to log sequence 87
Archived Log entry 427 added for thread 1 sequence 3339
Current log# 466 seq# 9996 mem# 0
Undo initialization finished
Thread 1 advanced to log sequence 393
ORA-12426: invalid audit option
Thread 1 advanced to log sequence 339
NID-00505: REVERT Revert failed change NO
Current log# 641 seq# 4950 mem# 0
Completed checkpoint up to RBA
ORA-41690: maximum number of grouping expressions for a rule class exceeded
Starting background process VKTM
Starting background process VKTM
ARC0: Archival started
ORA-01507: database not mounted
Beginning log switch checkpoint up to RBA
Completed checkpoint up to RBA
Undo initialization finished
Current log# 720 seq# 1569 mem# 0
Completed checkpoint up to RBA
PLS-00710: Pragma _SYSSMU7$ cannot be specified here
Undo initialization finished
ARC0: Archival started
ORA-08235: smsget: listener not on this node
Starting background process VKTM
RMAN-01007: at line number column number file: _SYSSMU12$
Archived Log entry 26 added for thread 1 sequence 1953
Beginning log switch checkpoint up to RBA
Current log# 833 seq# 1152 mem# 0
OCI-21779: duration not active
Starting background process VKTM
Undo initialization finished
Undo initialization finished
Beginning log switch checkpoint up to RBA
ORA-12717: Cannot issue ALTER DATABASE NATIONAL CHARACTER SET when NCLOB, NCHAR or NVARCHAR2 data exists
Undo initialization finished
Undo initialization finished
CLSR-01008: Error number encountered during querying for PMON status
Starting background process VKTM
ARC0: Archival started
RMAN-06791: changed the DB_UNIQUE_NAME value from CRM.CALL_DETAIL_RECORDS to _SYSSMU7$
ARC0: Archival started
Thread 1 advanced to log sequence 129
DRG-12514: languages must be specified for stopwords in a MULTI_STOPLIST
Beginning log switch checkpoint up to RBA
OCI-01862: wrong number of digits for this format item
Archived Log entry 428 added for thread 1 sequence 8101
Starting background process VKTM
Current log# 280 seq# 9931 mem# 0
ORA-38105: Delete not yet supported when Update row-migration is possible
Beginning log switch checkpoint up to RBA
DRG-50908: invalid maximum number of documents _SYSSMU12$
ARC0: Archival started
Thread 1 advanced to log sequence 29
Completed checkpoint up to RBA
QSM-00780: the task session_1123 could not be executed because the workload _SYSSMU7$ is being modified
Undo initialization finished
ARC0: Archival started
Thread 1 advanced to log sequence 487
Completed checkpoint up to RBA
TNS-12663: Services required by client not available on the server
Beginning log switch checkpoint up to RBA
Current log# 488 seq# 3669 mem# 0
Archived Log entry 160 added for thread 1 sequence 4851
Starting background process VKTM
ORA-26753: Mismatched columns found in ' 3 . NETWORK_OPS.SIM_INVENTORY '
Undo initialization finished
ARC0: Archival started
Current log# 307 seq# 2033 mem# 0
Completed checkpoint up to RBA
LPX-01007: [XPTY0007]
Thread 1 advanced to log sequence 796
Undo initialization finished
NNL-00988: Non-authoritative NACKs received: number
Current log# 715 seq# 9240 mem# 0
Starting background process VKTM
Archived Log entry 464 added for thread 1 sequence 1791
Archived Log entry 339 added for thread 1 sequence 4212
Completed checkpoint up to RBA
QSM-02198: PCT FAST REFRESH is not possible if HAVING clause includes a subquery
Errors in file /u01/app/oracle/diag/rdbms/ttprod/ttprod1/trace/ttprod1_ora_77684.trc
Undo initialization finished
Completed checkpoint up to RBA
Current log# 29 seq# 7203 mem# 0
Beginning log switch checkpoint up to RBA
Starting background process VKTM
ORA-09282: sllfrb: error reading records
ARC0: Archival started
Beginning log switch checkpoint up to RBA
NNL-00007: server responded with an error
Starting background process VKTM
Current log# 797 seq# 6291 mem# 0
Thread 1 advanced to log sequence 976
ARC0: Archival started
RMAN-08615: channel app_db
Undo initialization finished
Undo initialization finished
ORA-27484: Argument names are not supported for jobs without a program.
Thread 1 advanced to log sequence 325
Completed checkpoint up to RBA
ORA-28137: Invalid FGA audit Handler
Thread 1 advanced to log sequence 48
ARC0: Archival started
ARC0: Archival started
Undo initialization finished
ORA-02728: osnfop: access error on oracle executable
Errors in file /u01/app/oracle/diag/rdbms/ttprod/ttprod1/trace/ttprod1_ora_52997.trc
ARC0: Archival started
Archived Log entry 780 added for thread 1 sequence 6814
ARC0: Archival started
Current log# 451 seq# 4924 mem# 0
PROT-00001: Failed to initialize ocrconfig
ARC0: Archival started
Completed checkpoint up to RBA
ORA-15260: permission denied on ASM disk group
Errors in file /u01/app/oracle/diag/rdbms/ttprod/ttprod1/trace/ttprod1_ora_96112.trc
ARC0: Archival started
Thread 1 advanced to log sequence 363
Completed checkpoint up to RBA
Beginning log switch checkpoint up to RBA
Current log# 620 seq# 9575 mem# 0
ORA-13226: interface not supported without a spatial index
Errors in file /u01/app/oracle/diag/rdbms/ttprod/ttprod1/trace/ttprod1_ora_56756.trc
Archived Log entry 213 added for thread 1 sequence 7848
Archived Log entry 633 added for thread 1 sequence 9089
Beginning log switch checkpoint up to RBA
ORA-19664: file type: PK_CUSTOMER_ACCOUNTS , file name: _SYSSMU7$
Errors in file /u01/app/oracle/diag/rdbms/ttprod/ttprod1/trace/ttprod1_ora_23411.trc
Archived Log entry 972 added for thread 1 sequence 7429
Archived Log entry 145 added for thread 1 sequence 1527
Completed checkpoint up to RBA
TNS-12666: Dedicated server: outbound transport protocol different from inbound
Thread 1 advanced to log sequence 798
Thread 1 advanced to log sequence 864
PRKH-03013: An improper buffer argument was supplied to Cluster Synchronization Services
Completed checkpoint up to RBA
Thread 1 advanced to log sequence 626
NID-00400: DBNEWID - Completed with errors.
Thread 1 advanced to log sequence 958
Starting background process VKTM
Beginning log switch checkpoint up to RBA
ARC0: Archival started
RMAN-06774: must specify a TNS service name for source recovery catalog database
Errors in file /u01/app/oracle/diag/rdbms/ttprod/ttprod1/trace/ttprod1_ora_94194.trc
Starting background process VKTM
Undo initialization finished
Beginning log switch checkpoint up to RBA
Thread 1 advanced to log sequence 247
ORA-07404: sfareq: Timeout occurred waiting for request to complete.
Beginning log switch checkpoint up to RBA
Starting background process VKTM
Undo initialization finished
Archived Log entry 656 added for thread 1 sequence 2673
Beginning log switch checkpoint up to RBA
ORA-32623: incorrect use of MODEL PRESENT* functions
Undo initialization finished
Completed checkpoint up to RBA
Undo initialization finished
ARC0: Archival started
ORA-30955: The XML Index does not exist or is not asynchronous
Starting background process VKTM
Undo initialization finished
ORA-16739: redo transport service for standby database " CDR_STAGING " is running
Errors in file /u01/app/oracle/diag/rdbms/ttprod/ttprod1/trace/ttprod1_ora_40389.trc
Starting background process VKTM
ORA-29389: too many errors during validation
Completed checkpoint up to RBA
ARC0: Archival started
PGU-41041: invalid LOGMODE name specified
Current log# 767 seq# 2193 mem# 0
Beginning log switch checkpoint up to RBA
Current log# 59 seq# 8144 mem# 0
ORA-36393: (XSMXCLEA03) When using the AGGREGATES, CHANGES or CACHE options, you must specify the ALL keyword.
Starting background process VKTM
Undo initialization finished
Thread 1 advanced to log sequence 714
Thread 1 advanced to log sequence 146
Completed checkpoint up to RBA
ORA-15220: invalid file attribute specification
Starting background process VKTM
SCLC-01025: Failed to retrieve count of representatives for tier {0}
Errors in file /u01/app/oracle/diag/rdbms/ttprod/ttprod1/trace/ttprod1_ora_17605.trc
Undo initialization finished
ARC0: Archival started
RMAN-08182: channel TNS_ADMIN : validation complete, elapsed time: shared pool
Errors in file /u01/app/oracle/diag/rdbms/ttprod/ttprod1/trace/ttprod1_ora_79295.trc
Undo initialization finished
Current log# 425 seq# 4517 mem# 0
Current log# 807 seq# 2129 mem# 0
INS-30005: The pk_orders password entered is missing recommended characters.
Thread 1 advanced to log sequence 588
Completed checkpoint up to RBA
Beginning log switch checkpoint up to RBA
Thread 1 advanced to log sequence 893
ORA-09301: osncon: local kernel only supported in standard mode
Archived Log entry 739 added for thread 1 sequence 2673
Completed checkpoint up to RBA
Archived Log entry 809 added for thread 1 sequence 1801
ARC0: Archival started
Thread 1 advanced to log sequence 447
QSM-01133: query has an ADT column
Completed checkpoint up to RBA
Thread 1 advanced to log sequence 225
Completed checkpoint up to RBA
Current log# 76 seq# 4969 mem# 0
Beginning log switch checkpoint up to RBA
PRVF-09661: Time offset is greater than acceptable limit on node "{0}" [actual = "{1}", acceptable = "{2}" ]
Current log# 729 seq# 1280 mem# 0
RMAN-08512: waiting for snapshot control file enqueue
Undo initialization finished
Beginning log switch checkpoint up to RBA
Starting background process VKTM
Beginning log switch checkpoint up to RBA
Completed checkpoint up to RBA
ORA-22990: LOB locators cannot span transactions
Beginning log switch checkpoint up to RBA
Completed checkpoint up to RBA
Current log# 291 seq# 1168 mem# 0
ORA-01552: cannot use system rollback segment for non-system tablespace ' reporting_schema '
Starting background process VKTM
Beginning log switch checkpoint up to RBA
Undo initialization finished
PCB-00501: Runtime context variable " 1024 " not of correct type
Errors in file /u01/app/oracle/diag/rdbms/ttprod/ttprod1/trace/ttprod1_ora_36835.trc
ARC0: Archival started
Thread 1 advanced to log sequence 172
Current log# 268 seq# 6993 mem# 0
Current log# 366 seq# 3281 mem# 0
ORA-08121: Number of indexes need to be maintained offline exceeds limit for DML
Errors in file /u01/app/oracle/diag/rdbms/ttprod/ttprod1/trace/ttprod1_ora_86509.trc
Starting background process VKTM
Undo initialization finished
NNL-00528: [set] password <password> : set the password for subsequent calls
Thread 1 advanced to log sequence 203
Undo initialization finished
Starting background process VKTM
Beginning log switch checkpoint up to RBA
Beginning log switch checkpoint up to RBA
PCB-00628: Buffer type is incompatible with LOB type
Undo initialization finished
IMP-00087: Problem with internal hash table of schema/table names
Errors in file /u01/app/oracle/diag/rdbms/ttprod/ttprod1/trace/ttprod1_ora_89245.trc
Archived Log entry 576 added for thread 1 sequence 2963
DRG-11704: phrase ' PK_CUSTOMER_ACCOUNTS ' does not exist
Errors in file /u01/app/oracle/diag/rdbms/ttprod/ttprod1/trace/ttprod1_ora_90920.trc
Starting background process VKTM
Current log# 405 seq# 2195 mem# 0
Current log# 184 seq# 1324 mem# 0
ORA-00270: error creating archive log fk_order_customer
Current log# 688 seq# 4426 mem# 0
PLS-00321: expression ' SYSAUX ' is inappropriate as the left hand side of an assignment statement
Undo initialization finished
Beginning log switch checkpoint up to RBA
TNS-12508: TNS:listener could not resolve the COMMAND given
Current log# 812 seq# 7196 mem# 0
Thread 1 advanced to log sequence 13
ARC0: Archival started
PLS-00302: component ' 42 ' must be declared
Thread 1 advanced to log sequence 31
XOQ-01755: Dimension member " CDR_STAGING " requires a prefix to be created in dimension " ttprod1 ".
Beginning log switch checkpoint up to RBA
Undo initialization finished
Beginning log switch checkpoint up to RBA
ARC0: Archival started
ARC0: Archival started
RMAN-06727: could not locate datafile copy TNS_ADMIN
Thread 1 advanced to log sequence 462
ORA-16444: ALTER SYSTEM FLUSH REDO TO STANDBY failed due to a corrupted control file or online log file.
Errors in file /u01/app/oracle/diag/rdbms/ttprod/ttprod1/trace/ttprod1_ora_45919.trc
Starting background process VKTM
PLS-00703: multiple instances of named argument in list
Completed checkpoint up to RBA
ORA-37129: (XSCCOMP04) Cannot aggregate over COMPRESSED COMPOSITE workspace object using AGGMAP workspace object . All static MODEL statements must precede all RELATION statements over the bases of the COMPRESSED COMPOSITE.
Starting background process VKTM
Beginning log switch checkpoint up to RBA
Completed checkpoint up to RBA
Beginning log switch checkpoint up to RBA
TNS-12196: TNS:received an error from TNS
Archived Log entry 922 added for thread 1 sequence 4658
Current log# 247 seq# 9336 mem# 0
Beginning log switch checkpoint up to RBA
Thread 1 advanced to log sequence 928
PRCO-00002: Unable to communicate with the clusterware
Errors in file /u01/app/oracle/diag/rdbms/ttprod/ttprod1/trace/ttprod1_ora_17897.trc
Completed checkpoint up to RBA
ARC0: Archival started
Starting background process VKTM
RMAN-06615: resyncing from database with DB_UNIQUE_NAME app_db
Errors in file /u01/app/oracle/diag/rdbms/ttprod/ttprod1/trace/ttprod1_ora_77169.trc
Thread 1 advanced to log sequence 781
ARC0: Archival started
ORA-08457: syntax error in SEPARATE CHARACTER option of SIGN clause
ARC0: Archival started
ARC0: Archival started
PGA-21113: warm starting for partner LU _SYSSMU7$
Completed checkpoint up to RBA
ORA-53802: cannot perform conformance validation because recursion level exceeds MAX_RECURSION_DEPTH
Thread 1 advanced to log sequence 17
Beginning log switch checkpoint up to RBA
Current log# 569 seq# 9051 mem# 0
ORA-53069: doc version: /u01/app/oracle/oradata/ttprod/users01.dbf in USERS is not <= repos version: NETWORK_OPS.SIM_INVENTORY
Beginning log switch checkpoint up to RBA
Current log# 333 seq# 7501 mem# 0
Starting background process VKTM
PLS-00319: subquery in an IN or NOT IN clause must contain exactly one column
Beginning log switch checkpoint up to RBA
Undo initialization finished
ORA-16544: modifying DG_BROKER_START requires SID='*' qualifier
Undo initialization finished
Archived Log entry 678 added for thread 1 sequence 1000
Starting background process VKTM
ARC0: Archival started
Thread 1 advanced to log sequence 729
ORA-27077: too many files open
Beginning log switch checkpoint up to RBA
Current log# 38 seq# 7744 mem# 0
EXP-00041: INCTYPE parameter is obsolete
Errors in file /u01/app/oracle/diag/rdbms/ttprod/ttprod1/trace/ttprod1_ora_70482.trc
Starting background process VKTM
Completed checkpoint up to RBA
ORA-23470: invalid status
Starting background process VKTM
Archived Log entry 912 added for thread 1 sequence 2924
Completed checkpoint up to RBA
Beginning log switch checkpoint up to RBA
ORA-13458: GeoRaster metadata SRS error
Completed checkpoint up to RBA
ARC0: Archival started
Completed checkpoint up to RBA
Thread 1 advanced to log sequence 21
RMAN-06440: virtual catalog dropped
Errors in file /u01/app/oracle/diag/rdbms/ttprod/ttprod1/trace/ttprod1_ora_99137.trc
ARC0: Archival started
Undo initialization finished
Starting background process VKTM
Undo initialization finished
LPX-01140: [XUTY0012] Invalid target expression for 'rename'
Errors in file /u01/app/oracle/diag/rdbms/ttprod/ttprod1/trace/ttprod1_ora_74243.trc
Beginning log switch checkpoint up to RBA
Thread 1 advanced to log sequence 625
LPX-00260: invalid xml:space attribute declaration
Current log# 193 seq# 7185 mem# 0
Beginning log switch checkpoint up to RBA
Completed checkpoint up to RBA
Undo initialization finished
Current log# 740 seq# 8446 mem# 0
RMAN-08592: output file name= shared pool tag= _SYSSMU7$
Beginning log switch checkpoint up to RBA
ARC0: Archival started
ARC0: Archival started
Completed checkpoint up to RBA
ORA-02372: data for row: shared pool
Completed checkpoint up to RBA
Thread 1 advanced to log sequence 83
Completed checkpoint up to RBA
Current log# 151 seq# 2495 mem# 0
UDE-00001: user requested cancel of current operation
Errors in file /u01/app/oracle/diag/rdbms/ttprod/ttprod1/trace/ttprod1_ora_37081.trc
Undo initialization finished
Archived Log entry 352 added for thread 1 sequence 3871
Current log# 88 seq# 7692 mem# 0
Current log# 38 seq# 8916 mem# 0
Undo initialization finished
ORA-19881: Corrupted space bitmap for datafile fk_order_customer , block BILLING.CUST_ORDERS
Undo initialization finished
Undo initialization finished
ORA-07339: spcre: maximum number of semaphore sets exceeded.
Archived Log entry 569 added for thread 1 sequence 5709
Thread 1 advanced to log sequence 219
Current log# 551 seq# 4234 mem# 0
Thread 1 advanced to log sequence 431
ORA-36162: (XSMXAGGR05) COUNTVAR variable workspace object must be of type INTEGER, not ttstandby01 .
Errors in file /u01/app/oracle/diag/rdbms/ttprod/ttprod1/trace/ttprod1_ora_30231.trc
Archived Log entry 819 added for thread 1 sequence 8651
Starting background process VKTM
ORA-12664: Services required by server not available on the client
Beginning log switch checkpoint up to RBA
Current log# 254 seq# 6498 mem# 0
LPX-00222: error received from SAX callback function
Current log# 466 seq# 7798 mem# 0
ORA-13156: table to be registered 17 . shared pool is not empty
Errors in file /u01/app/oracle/diag/rdbms/ttprod/ttprod1/trace/ttprod1_ora_22002.trc
Beginning log switch checkpoint up to RBA
RMAN-06161: error when inspecting auxiliary file name: _SYSSMU12$
Thread 1 advanced to log sequence 198
Beginning log switch checkpoint up to RBA
ARC0: Archival started
Starting background process VKTM
PLS-00718: type of attribute ' CRM.CALL_DETAIL_RECORDS ' does not allow modifications to the attribute
Completed checkpoint up to RBA
Undo initialization finished
NNO-00607: server will forward to default forwarders only
Current log# 652 seq# 5499 mem# 0
Beginning log switch checkpoint up to RBA
Completed checkpoint up to RBA
Archived Log entry 14 added for thread 1 sequence 2452
Undo initialization finished
ORA-00498: XDWK process terminated with error
Archived Log entry 519 added for thread 1 sequence 8511
Archived Log entry 222 added for thread 1 sequence 8976
KUP-03021: clause references unknown field fk_order_customer
Current log# 457 seq# 7929 mem# 0
Starting background process VKTM
RMAN-06147: no obsolete backups found
Errors in file /u01/app/oracle/diag/rdbms/ttprod/ttprod1/trace/ttprod1_ora_85130.trc
Archived Log entry 157 added for thread 1 sequence 6991
Completed checkpoint up to RBA
Thread 1 advanced to log sequence 598
Current log# 45 seq# 9014 mem# 0
ORA-09936: Open of ORACLE password file for write failed.
Current log# 11 seq# 2633 mem# 0
ARC0: Archival started
ORA-55519: Supplemental logging not available for mining SCN range
Beginning log switch checkpoint up to RBA
Starting background process VKTM
PLS-00507: a PLSQL Table may not contain a table or a record with composite fields
Errors in file /u01/app/oracle/diag/rdbms/ttprod/ttprod1/trace/ttprod1_ora_99049.trc
Completed checkpoint up to RBA
Undo initialization finished
ARC0: Archival started
Current log# 264 seq# 3544 mem# 0
Completed checkpoint up to RBA
ORA-28559: FDS_CLASS_NAME is pk_orders , FDS_INST_NAME is APP_USER42
Starting background process VKTM
Current log# 629 seq# 2995 mem# 0
Current log# 31 seq# 6890 mem# 0
ORA-13214: failed to compute supercell for window object
Starting background process VKTM
ORA-23620: bind value size too large for PL/SQL CALL operation
Archived Log entry 654 added for thread 1 sequence 2346
Thread 1 advanced to log sequence 833
RMAN-04034: source recovery catalog database Password:
Archived Log entry 128 added for thread 1 sequence 9479
Thread 1 advanced to log sequence 427
Current log# 985 seq# 4389 mem# 0
CRS-02583: Value ' number ' must be in the ' number ' - ' number ' range
Undo initialization finished
Current log# 5 seq# 6226 mem# 0
Undo initialization finished
Beginning log switch checkpoint up to RBA
ARC0: Archival started
TNS-00269: OFF
Archived Log entry 822 added for thread 1 sequence 9653
Archived Log entry 94 added for thread 1 sequence 5436
RMAN-06600: old RMAN configuration parameters:
Completed checkpoint up to RBA
Undo initialization finished
Undo initialization finished
ORA-03136: inbound connection timed out
Errors in file /u01/app/oracle/diag/rdbms/ttprod/ttprod1/trace/ttprod1_ora_60522.trc
ARC0: Archival started
Thread 1 advanced to log sequence 441
Starting background process VKTM
RMAN-08146: channel ttprod2 : specifying archived log(s) for validation
Current log# 902 seq# 1521 mem# 0
Thread 1 advanced to log sequence 788
Beginning log switch checkpoint up to RBA
Archived Log entry 493 added for thread 1 sequence 8136
RMAN-06762: ignoring encryption for proxy or image copies
Errors in file /u01/app/oracle/diag/rdbms/ttprod/ttprod1/trace/ttprod1_ora_48013.trc
Current log# 542 seq# 8271 mem# 0
Current log# 591 seq# 7063 mem# 0
Archived Log entry 110 added for thread 1 sequence 5943
PGU-30003: transaction _SYSSMU7$ , version pg_toast_12345 body generated to file app_db
Errors in file /u01/app/oracle/diag/rdbms/ttprod/ttprod1/trace/ttprod1_ora_69099.trc
ARC0: Archival started
Completed checkpoint up to RBA
ARC0: Archival started
Archived Log entry 760 added for thread 1 sequence 1082
Undo initialization finished
NZE-29232: the cryptographic engine key initialization failed
Errors in file /u01/app/oracle/diag/rdbms/ttprod/ttprod1/trace/ttprod1_ora_96239.trc
Completed checkpoint up to RBA
Completed checkpoint up to RBA
Undo initialization finished
RMAN-06474: maintenance channels are not allocated
ARC0: Archival started
Beginning log switch checkpoint up to RBA
Starting background process VKTM
ORA-12155: TNS:received bad datatype in NSWMARKER packet
Undo initialization finished
ARC0: Archival started
Beginning log switch checkpoint up to RBA
Beginning log switch checkpoint up to RBA
ORA-39805: Parallel loads are not allowed when loading child and parent.
Undo initialization finished
Archived Log entry 27 added for thread 1 sequence 7491
Starting background process VKTM
Completed checkpoint up to RBA
ARC0: Archival started
ORA-02798: Invalid number of requests
Completed checkpoint up to RBA
Current log# 221 seq# 2153 mem# 0
Thread 1 advanced to log sequence 904
RDE-00057: unregistration of service instance " app_db " failed.
Errors in file /u01/app/oracle/diag/rdbms/ttprod/ttprod1/trace/ttprod1_ora_79825.trc
Completed checkpoint up to RBA
Thread 1 advanced to log sequence 82
Starting background process VKTM
Beginning log switch checkpoint up to RBA
Completed checkpoint up to RBA
LPX-01115: [FODC0002] Error retrieving resource
ARC0: Archival started
Undo initialization finished
Starting background process VKTM
Beginning log switch checkpoint up to RBA
ORA-38467: user cannot GRANT/REVOKE privileges to/from himself
Errors in file /u01/app/oracle/diag/rdbms/ttprod/ttprod1/trace/ttprod1_ora_49391.trc
Current log# 104 seq# 9213 mem# 0
Archived Log entry 501 added for thread 1 sequence 9587
Archived Log entry 365 added for thread 1 sequence 7403
Beginning log switch checkpoint up to RBA
Thread 1 advanced to log sequence 108
RMAN-06006: connected to target database: TNS_ADMIN (not mounted)
Thread 1 advanced to log sequence 566
Thread 1 advanced to log sequence 336
Starting background process VKTM
Undo initialization finished
ORA-01246: recovering files through TSPITR of tablespace app_db
Errors in file /u01/app/oracle/diag/rdbms/ttprod/ttprod1/trace/ttprod1_ora_28444.trc
Completed checkpoint up to RBA
NID-00352: 42 ( number ), error: number
Completed checkpoint up to RBA
Undo initialization finished
Completed checkpoint up to RBA
Undo initialization finished
Archived Log entry 64 added for thread 1 sequence 1509
RDE-02000: invalid service type: " app_db "
ARC0: Archival started
TNS-12168: TNS:Unable to contact LDAP Directory Server
Starting background process VKTM
Starting background process VKTM
Undo initialization finished
ORA-22877: invalid option specified for a HASH partition or subpartition of a LOB column
Current log# 309 seq# 6401 mem# 0
Thread 1 advanced to log sequence 610
Current log# 974 seq# 2778 mem# 0
Thread 1 advanced to log sequence 815
CRS-05810: Attempt to add a duplicate resource ' /u01/app/oracle/oradata/ttprod/users01.dbf '. Details at PK_CUSTOMER_ACCOUNTS in DATA_TS01 .
Current log# 233 seq# 5198 mem# 0
Undo initialization finished
ARC0: Archival started
Completed checkpoint up to RBA
RMAN-06153: validation failed for datafile copy
Undo initialization finished
Current log# 82 seq# 3895 mem# 0
Completed checkpoint up to RBA
ORA-32330: invalid operation on online redefinition interim table " idx_users_email "." TNS_ADMIN "
ARC0: Archival started
Archived Log entry 677 added for thread 1 sequence 5881
Thread 1 advanced to log sequence 433
ARC0: Archival started
RMAN-06905: backup of backup set key number was cancelled
Undo initialization finished
ARC0: Archival started
Thread 1 advanced to log sequence 500
Completed checkpoint up to RBA
ORA-16271: PL/SQL successfully applied
Archived Log entry 574 added for thread 1 sequence 8199
Current log# 95 seq# 1259 mem# 0
Beginning log switch checkpoint up to RBA
PRVF-03913: Environment variable name "{0}" is set on nodes:
Beginning log switch checkpoint up to RBA
PGA-20926: userid USERS length of number is invalid; maximum length is number
Starting background process VKTM
Undo initialization finished
Completed checkpoint up to RBA
ORA-10660: Segment is a shared lob segment
Errors in file /u01/app/oracle/diag/rdbms/ttprod/ttprod1/trace/ttprod1_ora_12230.trc
ARC0: Archival started
Completed checkpoint up to RBA
Thread 1 advanced to log sequence 831
Thread 1 advanced to log sequence 628
ORA-24338: statement handle not executed
Archived Log entry 393 added for thread 1 sequence 9546
Beginning log switch checkpoint up to RBA
Archived Log entry 846 added for thread 1 sequence 8089
RMAN-06458: AS COPY option cannot be used with RECOVERY FILES, RECOVERY AREA or DB_RECOVERY_FILE_DEST
Current log# 254 seq# 8409 mem# 0
Archived Log entry 837 added for thread 1 sequence 2322
Thread 1 advanced to log sequence 940
Thread 1 advanced to log sequence 298
PRCD-01135: There is no listener defined for network {0} to be used by service {1}
Current log# 984 seq# 3759 mem# 0
ARC0: Archival started
Archived Log entry 85 added for thread 1 sequence 1231
Undo initialization finished
RMAN-06089: archived log /u01/app/oracle/oradata/ttprod/users01.dbf not found or out of sync with catalog
ARC0: Archival started
Current log# 726 seq# 1233 mem# 0
Completed checkpoint up to RBA
Thread 1 advanced to log sequence 780
ARC0: Archival started
OCI-21500: internal error code, arguments: [ SP2-0552 ], [ pg_toast_12345 ], [ app_db ], [ 17 ], [ TNS_ADMIN ], [ fk_order_customer ], [ SP2-0552 ], [ ttstandby01 ]
Errors in file /u01/app/oracle/diag/rdbms/ttprod/ttprod1/trace/ttprod1_ora_13558.trc
Current log# 307 seq# 2525 mem# 0
RMAN-08588: converted datafile= ttprod1
ARC0: Archival started
Thread 1 advanced to log sequence 39
ARC0: Archival started
Thread 1 advanced to log sequence 541
Archived Log entry 990 added for thread 1 sequence 3400
ORA-00955: Name is already used by an existing object
Thread 1 advanced to log sequence 31
ARC0: Archival started
ORA-15270: disk SP2-0552 is not a quorum disk
Undo initialization finished
NNL-00217: Controller is sleeping for number seconds
Thread 1 advanced to log sequence 505
Completed checkpoint up to RBA
ORA-36206: (XSAGOP04R) In AGGMAP workspace object , REMOPERATOR large pool must be MIN, MAX, FIRST, LAST, HFIRST or HLAST.
Errors in file /u01/app/oracle/diag/rdbms/ttprod/ttprod1/trace/ttprod1_ora_97673.trc
Starting background process VKTM
Current log# 928 seq# 1111 mem# 0
Archived Log entry 158 added for thread 1 sequence 2451
Completed checkpoint up to RBA
Beginning log switch checkpoint up to RBA
ORA-47321: Rule NETWORK_OPS.SIM_INVENTORY not found
Starting background process VKTM
Archived Log entry 740 added for thread 1 sequence 1319
Completed checkpoint up to RBA
Completed checkpoint up to RBA
Current log# 984 seq# 6806 mem# 0
PCC-02202: No typedef name was given
Thread 1 advanced to log sequence 617
Completed checkpoint up to RBA
Archived Log entry 559 added for thread 1 sequence 2290
Undo initialization finished
ORA-15186: ASMLIB error function = [ fk_order_customer ], error = [ ttprod1 ], mesg = [ UNDOTBS1 ]
Completed checkpoint up to RBA
Beginning log switch checkpoint up to RBA
Completed checkpoint up to RBA
ORA-34346: (MXDSS04) The ttstandby01 analytic workspace cannot be detached.
Beginning log switch checkpoint up to RBA
Current log# 551 seq# 6836 mem# 0
Archived Log entry 873 added for thread 1 sequence 3671
Undo initialization finished
Archived Log entry 572 added for thread 1 sequence 7677
ORA-36181: A VARIABLE cannot have both the $AGGREGATE_FROM and $AGGREGATE_FROMVAR properties applied to it.
Errors in file /u01/app/oracle/diag/rdbms/ttprod/ttprod1/trace/ttprod1_ora_64650.trc
Current log# 740 seq# 8319 mem# 0
Completed checkpoint up to RBA
ORA-37410: cannot delete or modify AW object referenced by CUBE ORGANIZED table
Completed checkpoint up to RBA
Current log# 346 seq# 2992 mem# 0
Undo initialization finished
Current log# 841 seq# 7473 mem# 0
DRG-11327: big_io only supported for context index
Starting background process VKTM
Completed checkpoint up to RBA
Thread 1 advanced to log sequence 241
Starting background process VKTM
PGU-39103: RP rc %4li, UNDOTBS1 exit
Starting background process VKTM
Undo initialization finished
Archived Log entry 368 added for thread 1 sequence 2329
ORA-16240: Waiting for log file (thread# ttprod1 , sequence# pk_orders )
Thread 1 advanced to log sequence 908
LPX-00664: VM Node-Stack overflow.
Archived Log entry 38 added for thread 1 sequence 4520
Current log# 823 seq# 7117 mem# 0
QSM-02101: mv references a synonym in the FROM list
Archived Log entry 400 added for thread 1 sequence 9878
Undo initialization finished
Completed checkpoint up to RBA
TNS-00082: NOTE: the user MUST specify a trace level
Thread 1 advanced to log sequence 269
ORA-31176: API not supported in this release
Beginning log switch checkpoint up to RBA
Archived Log entry 527 added for thread 1 sequence 3285
Archived Log entry 650 added for thread 1 sequence 9800
ARC0: Archival started
ORA-02760: Client close of file failed.
Archived Log entry 436 added for thread 1 sequence 8699
ORA-53045: invalid tag: SP2-0552
Starting background process VKTM
Completed checkpoint up to RBA
Current log# 240 seq# 4531 mem# 0
TNS-00288: Navigator: Failed to Disable Interchange
ARC0: Archival started
Undo initialization finished
ARC0: Archival started
Beginning log switch checkpoint up to RBA
Current log# 396 seq# 1283 mem# 0
PRCR-01109: Failed to remove attributes "{1}" from resource {0}
Archived Log entry 342 added for thread 1 sequence 5113
Beginning log switch checkpoint up to RBA
Thread 1 advanced to log sequence 823
NID-00390: These files must be writable by this utility.
Thread 1 advanced to log sequence 776
Beginning log switch checkpoint up to RBA
Thread 1 advanced to log sequence 939
ORA-02717: osnpfs: incorrect number of bytes written
Thread 1 advanced to log sequence 856
Completed checkpoint up to RBA
ORA-27246: unable to open file
Current log# 777 seq# 6915 mem# 0
Current log# 687 seq# 8060 mem# 0
ARC0: Archival started
Completed checkpoint up to RBA
RMAN-06402: Oracle instance shut down
Completed checkpoint up to RBA
Starting background process VKTM
Starting background process VKTM
Thread 1 advanced to log sequence 183
RMAN-08089: channel large pool : specifying datafile(s) to restore from backup set
Thread 1 advanced to log sequence 449
Completed checkpoint up to RBA
Completed checkpoint up to RBA
RMAN-08526: channel pk_orders : APP_USER42
Thread 1 advanced to log sequence 607
RDE-00012: no list name specified.
Undo initialization finished
ARC0: Archival started
DRG-11126: context index is empty
Archived Log entry 68 added for thread 1 sequence 3859
Current log# 649 seq# 8123 mem# 0
ORA-39276: Cannot alter MINEXTENTS storage option.
Undo initialization finished
Undo initialization finished
NNC-00408: name " idx_users_email " exists but desired data does not
Archived Log entry 685 added for thread 1 sequence 5974
ORA-12699: Native service internal error
Current log# 374 seq# 7951 mem# 0
Current log# 138 seq# 8185 mem# 0
Starting background process VKTM
Beginning log switch checkpoint up to RBA
Current log# 164 seq# 4191 mem# 0
OCI-01890: NLS error detected
Archived Log entry 431 added for thread 1 sequence 2794
Current log# 793 seq# 8031 mem# 0
Starting background process VKTM
LFI-00143: Unable to delete non-existent file /u01/app/oracle/oradata/ttprod/users01.dbf .
ARC0: Archival started
Thread 1 advanced to log sequence 662
Archived Log entry 868 added for thread 1 sequence 2735
OCI-22278: must update the LOB only through the LOB buffers
ARC0: Archival started
Current log# 189 seq# 2161 mem# 0
Completed checkpoint up to RBA
Beginning log switch checkpoint up to RBA
Beginning log switch checkpoint up to RBA
ORA-54539: cannot process the geometry(s) for this operation
Errors in file /u01/app/oracle/diag/rdbms/ttprod/ttprod1/trace/ttprod1_ora_61478.trc
Completed checkpoint up to RBA
Current log# 269 seq# 1409 mem# 0
Starting background process VKTM
Completed checkpoint up to RBA
ORA-06265: NETNTT: break protocol error
Undo initialization finished
Current log# 102 seq# 4805 mem# 0
QSM-00765: cannot validate user-defined workload because table SP2-0552 . INVOICE_LINES_IDX is invalid.
Beginning log switch checkpoint up to RBA
Starting background process VKTM
ORA-16665: timeout waiting for the result from a database
Completed checkpoint up to RBA
NZE-28844: No wallet present
Errors in file /u01/app/oracle/diag/rdbms/ttprod/ttprod1/trace/ttprod1_ora_14904.trc
Undo initialization finished
Starting background process VKTM
Current log# 503 seq# 7314 mem# 0
ARC0: Archival started
RMAN-08599: channel 42 : throttle time: TNS_ADMIN
Errors in file /u01/app/oracle/diag/rdbms/ttprod/ttprod1/trace/ttprod1_ora_98630.trc
ARC0: Archival started
Completed checkpoint up to RBA
Thread 1 advanced to log sequence 695
Current log# 562 seq# 4825 mem# 0
RMAN-06076: datafile user_sessions contains wrong datafile
Current log# 880 seq# 7395 mem# 0
Beginning log switch checkpoint up to RBA
Starting background process VKTM
Completed checkpoint up to RBA
Starting background process VKTM
CRS-00217: Could not relocate resource ' 42 '.
Starting background process VKTM
ORA-13460: GeoRaster metadata SRS error
Starting background process VKTM
ARC0: Archival started
ORA-38907: DML error logging is not supported for FILE column " 17 "
Beginning log switch checkpoint up to RBA
Current log# 281 seq# 4976 mem# 0
Undo initialization finished
ARC0: Archival started
Undo initialization finished
PRCA-01002: Failed to remove CRS resource {0} for ASM Disk Group {1}
Undo initialization finished
ARC0: Archival started
Beginning log switch checkpoint up to RBA
ORA-06706: TLI Driver: service not found
Completed checkpoint up to RBA
Thread 1 advanced to log sequence 305
Current log# 379 seq# 3621 mem# 0
XOQ-01306: cannot generate cursor manager for MdmValueHierarchy
Errors in file /u01/app/oracle/diag/rdbms/ttprod/ttprod1/trace/ttprod1_ora_26706.trc
Thread 1 advanced to log sequence 937
Archived Log entry 230 added for thread 1 sequence 6227
Beginning log switch checkpoint up to RBA
ORA-02188: Cannot enable instance publicly
Undo initialization finished
Archived Log entry 482 added for thread 1 sequence 8314
Thread 1 advanced to log sequence 450
NID-00505: REVERT Revert failed change NO
Starting background process VKTM
Current log# 140 seq# 7278 mem# 0
DRG-50920: part of phrase not itself a phrase or equivalence
ARC0: Archival started
Current log# 191 seq# 7824 mem# 0
Current log# 127 seq# 3812 mem# 0
Starting background process VKTM
Completed checkpoint up to RBA
ORA-02785: Invalid shared memory buffer size
Beginning log switch checkpoint up to RBA
Beginning log switch checkpoint up to RBA
Beginning log switch checkpoint up to RBA
Starting background process VKTM
Completed checkpoint up to RBA
ORA-56507: DRCP: Pool alter configuration failed
Errors in file /u01/app/oracle/diag/rdbms/ttprod/ttprod1/trace/ttprod1_ora_63784.trc
Thread 1 advanced to log sequence 500
Completed checkpoint up to RBA
Thread 1 advanced to log sequence 732
Thread 1 advanced to log sequence 114
Archived Log entry 197 added for thread 1 sequence 7239
ORA-15552: workload replay client cannot login to database server
Errors in file /u01/app/oracle/diag/rdbms/ttprod/ttprod1/trace/ttprod1_ora_44405.trc
Starting background process VKTM
Starting background process VKTM
ORA-30477: The input select_clause is incorrectly specified
Archived Log entry 4 added for thread 1 sequence 6151
Thread 1 advanced to log sequence 235
ORA-25197: an overflow segment already exists for the indexed-organized table
Undo initialization finished
Thread 1 advanced to log sequence 312
Thread 1 advanced to log sequence 517
NID-00321: Proceeding with operation
Completed checkpoint up to RBA
Current log# 576 seq# 7138 mem# 0
Archived Log entry 624 added for thread 1 sequence 9856
Archived Log entry 862 added for thread 1 sequence 3013
TNS-00010: Error while flushing NS context
Archived Log entry 388 added for thread 1 sequence 9576
Undo initialization finished
Current log# 278 seq# 3546 mem# 0
NNL-00907: NOT ALLOWED responses sent: number
Archived Log entry 933 added for thread 1 sequence 2315
Starting background process VKTM
Beginning log switch checkpoint up to RBA
Thread 1 advanced to log sequence 292
Completed checkpoint up to RBA
NID-00441: All previous backups and archived redo logs for this database are unusable.
Errors in file /u01/app/oracle/diag/rdbms/ttprod/ttprod1/trace/ttprod1_ora_52924.trc
Current log# 805 seq# 7744 mem# 0
Starting background process VKTM
Starting background process VKTM
Completed checkpoint up to RBA
ORA-06135: NETTCP: connection rejected; server is stopping
Starting background process VKTM
Undo initialization finished
Completed checkpoint up to RBA
Completed checkpoint up to RBA
PGU-41135: no PGAU ttprod2 objects named app_db satisfied the REPORT request
Current log# 276 seq# 2950 mem# 0
Thread 1 advanced to log sequence 502
Current log# 843 seq# 3489 mem# 0
ORA-53075: null ROOT_ELEM_TAG tag value
ARC0: Archival started
Starting background process VKTM
Starting background process VKTM
Completed checkpoint up to RBA
Archived Log entry 494 added for thread 1 sequence 6467
ORA-44812: Module name is too large
Starting background process VKTM
Completed checkpoint up to RBA
Undo initialization finished
ORA-06566: invalid number of rows specified
Errors in file /u01/app/oracle/diag/rdbms/ttprod/ttprod1/trace/ttprod1_ora_28685.trc
Beginning log switch checkpoint up to RBA
PGU-41075: TRACE parameter was previously specified
Beginning log switch checkpoint up to RBA
ARC0: Archival started
Completed checkpoint up to RBA
Thread 1 advanced to log sequence 582
QSM-02059: join may produce duplicate rows in mv
Current log# 870 seq# 3693 mem# 0
Thread 1 advanced to log sequence 283
Thread 1 advanced to log sequence 20
Undo initialization finished
NID-00503: DBNAME New database name (NONE)
Archived Log entry 723 added for thread 1 sequence 3533
PRCN-03013: Failed to update log file attribute of {0} resource
Undo initialization finished
Undo initialization finished
ORA-06731: TLI Driver: cannot alloc t_call
Current log# 774 seq# 2159 mem# 0
Thread 1 advanced to log sequence 415
ARC0: Archival started
ORA-46078: Invalid event type specified
Archived Log entry 345 added for thread 1 sequence 8198
Completed checkpoint up to RBA
INS-32036: User home directory is not recommended as inventory location
ARC0: Archival started
Starting background process VKTM
ARC0: Archival started
Current log# 939 seq# 7547 mem# 0
Current log# 960 seq# 6940 mem# 0
QSM-01026: query rewrite is disabled for, _SYSSMU12$
ARC0: Archival started
Current log# 533 seq# 5974 mem# 0
Archived Log entry 74 added for thread 1 sequence 3595
PRKO-02700: The CVU resource is not configured
Completed checkpoint up to RBA
Undo initialization finished
ORA-23312: not the masterdef according to large pool
Thread 1 advanced to log sequence 19
Starting background process VKTM
Thread 1 advanced to log sequence 215
Completed checkpoint up to RBA
TNS-01057: Program name: /u01/app/oracle/oradata/ttprod/users01.dbf
Completed checkpoint up to RBA
Completed checkpoint up to RBA
Starting background process VKTM
Completed checkpoint up to RBA
Thread 1 advanced to log sequence 18
ORA-30010: Not enough I/O buffers for the sort operation
Completed checkpoint up to RBA
ARC0: Archival started
RMAN-06154: validation succeeded for datafile copy
Undo initialization finished
Undo initialization finished
Completed checkpoint up to RBA
Completed checkpoint up to RBA
ORA-13437: GeoRaster metadata blocking error
Thread 1 advanced to log sequence 563
Beginning log switch checkpoint up to RBA
Starting background process VKTM
TNS-00581: Send failed due to timeout
Errors in file /u01/app/oracle/diag/rdbms/ttprod/ttprod1/trace/ttprod1_ora_55381.trc
Starting background process VKTM
Starting background process VKTM
Thread 1 advanced to log sequence 467
ORA-29917: cannot lock a table which gets its rows from a collection operand
Archived Log entry 203 added for thread 1 sequence 2690
Thread 1 advanced to log sequence 52
Starting background process VKTM
Beginning log switch checkpoint up to RBA
Current log# 170 seq# 7598 mem# 0
SCLC-01007: Failed to get discovery information for tier {0}, {1}
Current log# 568 seq# 2702 mem# 0
Thread 1 advanced to log sequence 788
ORA-39220: file name is too long
Errors in file /u01/app/oracle/diag/rdbms/ttprod/ttprod1/trace/ttprod1_ora_45522.trc
Completed checkpoint up to RBA
ARC0: Archival started
Completed checkpoint up to RBA
RMAN-20017: illegal script update operation
Errors in file /u01/app/oracle/diag/rdbms/ttprod/ttprod1/trace/ttprod1_ora_59390.trc
Archived Log entry 798 added for thread 1 sequence 9096
ARC0: Archival started
ARC0: Archival started
INS-30043: The Grid Infrastructure home INVOICE_LINES_IDX does not exist or is empty.
Undo initialization finished
JMS-00419: invalid ConnectionPoolDataSource
Thread 1 advanced to log sequence 379
Beginning log switch checkpoint up to RBA
Beginning log switch checkpoint up to RBA
TNS-00288: Navigator: Failed to Disable Interchange
Current log# 574 seq# 9743 mem# 0
ORA-30973: invalid Path Table option for XML Index
Errors in file /u01/app/oracle/diag/rdbms/ttprod/ttprod1/trace/ttprod1_ora_59889.trc
Thread 1 advanced to log sequence 617
Current log# 829 seq# 2613 mem# 0
Thread 1 advanced to log sequence 715
IMG-00716: source image format does not support process options
Thread 1 advanced to log sequence 693
Undo initialization finished
ARC0: Archival started
ORA-16532: Data Guard broker configuration does not exist
Archived Log entry 648 added for thread 1 sequence 2110
OCI-00602: internal programming exception
Errors in file /u01/app/oracle/diag/rdbms/ttprod/ttprod1/trace/ttprod1_ora_34602.trc
Archived Log entry 469 added for thread 1 sequence 4956
Thread 1 advanced to log sequence 32
Archived Log entry 221 added for thread 1 sequence 8847
Starting background process VKTM
Current log# 966 seq# 6951 mem# 0
PRVF-00047: Unable to execute the Secure Shell "{0}" requested by the client
Errors in file /u01/app/oracle/diag/rdbms/ttprod/ttprod1/trace/ttprod1_ora_63077.trc
Current log# 272 seq# 2114 mem# 0
Current log# 635 seq# 4497 mem# 0
ARC0: Archival started
Undo initialization finished
Beginning log switch checkpoint up to RBA
CRS-04922: INVOICE_LINES_IDX module: NETWORK_OPS.SIM_INVENTORY ignored; module level out of bounds (range 0 - 65535)
ARC0: Archival started
Beginning log switch checkpoint up to RBA
ORA-39232: invalid remap function: UNDOTBS1
ARC0: Archival started
Starting background process VKTM
Completed checkpoint up to RBA
Completed checkpoint up to RBA
Completed checkpoint up to RBA
RMAN-06025: no backup of archived log for thread number with sequence number and starting SCN of CRM.CALL_DETAIL_RECORDS found to restore
Current log# 264 seq# 1055 mem# 0
ARC0: Archival started
ARC0: Archival started
QSM-02063: aggregate function in mv
Undo initialization finished
Undo initialization finished
Current log# 77 seq# 9687 mem# 0
Current log# 225 seq# 2595 mem# 0
Archived Log entry 867 added for thread 1 sequence 6379
RMAN-05537: DUPLICATE without TARGET connection when auxiliary instance is started with spfile cannot use SPFILE clause
Thread 1 advanced to log sequence 106
Starting background process VKTM
Undo initialization finished
Starting background process VKTM
RMAN-08011: including current control file in backup set
Errors in file /u01/app/oracle/diag/rdbms/ttprod/ttprod1/trace/ttprod1_ora_76664.trc
Archived Log entry 189 added for thread 1 sequence 8445
Beginning log switch checkpoint up to RBA
Starting background process VKTM
Thread 1 advanced to log sequence 143
Undo initialization finished
NNO-00707: server's cache will be flushed in number seconds
Current log# 12 seq# 4142 mem# 0
DIA-49436: Date conversion error [ pg_toast_12345 ]
Beginning log switch checkpoint up to RBA
PCC-02107: You may not specify PARSE = FULL when CODE = CPP
Current log# 665 seq# 8161 mem# 0
Undo initialization finished
Current log# 236 seq# 1631 mem# 0
Starting background process VKTM
PGU-00380: procedural option required for this statement
Completed checkpoint up to RBA
ARC0: Archival started
Current log# 731 seq# 5065 mem# 0
ORA-19277: XPST0005 - XPath step specifies an item type matching no node: ( reporting_schema )
Current log# 729 seq# 7771 mem# 0
Undo initialization finished
Current log# 691 seq# 9644 mem# 0
Beginning log switch checkpoint up to RBA
ORA-39321: Cannot alter functional index or virtual expression column: reporting_schema
ARC0: Archival started
ARC0: Archival started
Thread 1 advanced to log sequence 86
LFI-00148: NETWORK_OPS.SIM_INVENTORY can be called only on files opened in byte mode
Starting background process VKTM
ARC0: Archival started
Current log# 498 seq# 5165 mem# 0
Completed checkpoint up to RBA
ORA-27011: skgfrd: cannot read from file opened for write
Undo initialization finished
Starting background process VKTM
ORA-16272: PL/SQL procedure skipped due to skip setting
Current log# 337 seq# 3014 mem# 0
Completed checkpoint up to RBA
Thread 1 advanced to log sequence 986
RMAN-06440: virtual catalog dropped
Beginning log switch checkpoint up to RBA
Archived Log entry 897 added for thread 1 sequence 9312
Completed checkpoint up to RBA
Undo initialization finished
Starting background process VKTM
OCI-21300: objects option not installed
Errors in file /u01/app/oracle/diag/rdbms/ttprod/ttprod1/trace/ttprod1_ora_55551.trc
Current log# 67 seq# 1432 mem# 0
Thread 1 advanced to log sequence 705
Beginning log switch checkpoint up to RBA
Undo initialization finished
Current log# 129 seq# 7076 mem# 0
DIA-48151: error getting operating system time for a file
ARC0: Archival started
Beginning log switch checkpoint up to RBA
Current log# 14 seq# 4879 mem# 0
Thread 1 advanced to log sequence 18
ORA-10639: Dump library cache during reparse loops
Errors in file /u01/app/oracle/diag/rdbms/ttprod/ttprod1/trace/ttprod1_ora_61605.trc
Undo initialization finished
Current log# 377 seq# 4020 mem# 0
RMAN-08058: replicating control file
Beginning log switch checkpoint up to RBA
ORA-47345: Rule set PK_CUSTOMER_ACCOUNTS is used by one or more realm authorizations.
Starting background process VKTM
NID-00370: Change database ID of database SYSAUX ? (Y/[N]) =>
Current log# 376 seq# 1114 mem# 0
TNS-00584: Valid node checking configuration error
Archived Log entry 335 added for thread 1 sequence 5620
ARC0: Archival started
Beginning log switch checkpoint up to RBA
Thread 1 advanced to log sequence 516
Undo initialization finished
ORA-29256: Cursor contains both regular and array defines which is illegal
Beginning log switch checkpoint up to RBA
Beginning log switch checkpoint up to RBA
RMAN-08116: output file name is original SPFILE location
Beginning log switch checkpoint up to RBA
Thread 1 advanced to log sequence 916
Thread 1 advanced to log sequence 207
NZE-28863: SSL session not found
Beginning log switch checkpoint up to RBA
Undo initialization finished
ORA-24332: invalid object type
Completed checkpoint up to RBA
CRS-02799: Failed to shut down resource ' _SYSSMU7$ ' on ' NETWORK_OPS.SIM_INVENTORY '
Errors in file /u01/app/oracle/diag/rdbms/ttprod/ttprod1/trace/ttprod1_ora_34354.trc
Current log# 200 seq# 9049 mem# 0
ARC0: Archival started
Thread 1 advanced to log sequence 484
RMAN-07514: =======================================
Thread 1 advanced to log sequence 615
ARC0: Archival started
Archived Log entry 2 added for thread 1 sequence 9933
XOQ-02527: The unique key attributes " INVOICE_LINES_IDX " and " APP_USER42 " are on different levels of a primary dimension but are mapped to the same expression.
Errors in file /u01/app/oracle/diag/rdbms/ttprod/ttprod1/trace/ttprod1_ora_71346.trc
Completed checkpoint up to RBA
Completed checkpoint up to RBA
Archived Log entry 566 added for thread 1 sequence 6327
Beginning log switch checkpoint up to RBA
RMAN-06524: RMAN retention policy will be applied to the command
Archived Log entry 87 added for thread 1 sequence 8554
Archived Log entry 808 added for thread 1 sequence 3593
Completed checkpoint up to RBA
Archived Log entry 44 added for thread 1 sequence 8899
Thread 1 advanced to log sequence 529
ORA-48224: DDL has occurred since parse - reparse [ pg_toast_12345 ] [ session_1123 ] [ pg_toast_12345 ]
ARC0: Archival started
ARC0: Archival started
Current log# 508 seq# 3446 mem# 0
Starting background process VKTM
Archived Log entry 173 added for thread 1 sequence 2620
RMAN-08140: channel CRM.CALL_DETAIL_RECORDS : starting validation of datafile
Thread 1 advanced to log sequence 583
Beginning log switch checkpoint up to RBA
ORA-27064: cannot perform async I/O to file
Errors in file /u01/app/oracle/diag/rdbms/ttprod/ttprod1/trace/ttprod1_ora_68300.trc
Completed checkpoint up to RBA
Undo initialization finished
Beginning log switch checkpoint up to RBA
Thread 1 advanced to log sequence 82
Starting background process VKTM
RMAN-06036: datafile number is already restored to file /u01/app/oracle/oradata/ttprod/users01.dbf
Current log# 414 seq# 2807 mem# 0
Beginning log switch checkpoint up to RBA
Beginning log switch checkpoint up to RBA
Beginning log switch checkpoint up to RBA
Current log# 43 seq# 6620 mem# 0
ORA-17633: Operation not supported as one of the servers involved is not capable of performing the requested operation
Thread 1 advanced to log sequence 580
NID-00304: Datafile pk_orders - reverted
Current log# 701 seq# 6915 mem# 0
Completed checkpoint up to RBA
Beginning log switch checkpoint up to RBA
Current log# 274 seq# 4125 mem# 0
Archived Log entry 888 added for thread 1 sequence 5642
ORA-09982: skxfqddrg: Error Removing a page from the SDI buffer pool
Errors in file /u01/app/oracle/diag/rdbms/ttprod/ttprod1/trace/ttprod1_ora_62218.trc
Starting background process VKTM
Thread 1 advanced to log sequence 562
Starting background process VKTM
ORA-30504: system triggers cannot have a FOR EACH ROW clause
Errors in file /u01/app/oracle/diag/rdbms/ttprod/ttprod1/trace/ttprod1_ora_55429.trc
ARC0: Archival started
Beginning log switch checkpoint up to RBA
Beginning log switch checkpoint up to RBA
ORA-29513: referenced class name too long
Current log# 1 seq# 3476 mem# 0
ARC0: Archival started
Current log# 630 seq# 4931 mem# 0
Starting background process VKTM
ORA-16179: incremental changes to " large pool " not allowed with SPFILE
Errors in file /u01/app/oracle/diag/rdbms/ttprod/ttprod1/trace/ttprod1_ora_71461.trc
ARC0: Archival started
Completed checkpoint up to RBA
ORA-25310: Subscriber is Notification only; dequeue not supported
Completed checkpoint up to RBA
NID-00331: The following datafiles are disabled:
Thread 1 advanced to log sequence 39
ARC0: Archival started
RMAN-08524: input control file copy name= app_db
Starting background process VKTM
Thread 1 advanced to log sequence 657
Undo initialization finished
Completed checkpoint up to RBA
ORA-36873: (XSTFDSC03) Column type must be specified explicitly.
Errors in file /u01/app/oracle/diag/rdbms/ttprod/ttprod1/trace/ttprod1_ora_67402.trc
Archived Log entry 908 added for thread 1 sequence 6918
ORA-12001: cannot create log: table ' idx_users_email ' already has a trigger
Thread 1 advanced to log sequence 664
Thread 1 advanced to log sequence 856
Starting background process VKTM
Archived Log entry 357 added for thread 1 sequence 4506
Archived Log entry 526 added for thread 1 sequence 9959
ORA-18170: FTST0011 FTWindow and FTDistance restriction
Beginning log switch checkpoint up to RBA
Undo initialization finished
ARC0: Archival started
Archived Log entry 888 added for thread 1 sequence 4943
NNO-00068: warning: administrative region check failed, next check in number seconds
Undo initialization finished
Thread 1 advanced to log sequence 736
ARC0: Archival started
CRS-01327: Error during initialization of communication subsystem. Details at ttprod1 in idx_users_email .
Beginning log switch checkpoint up to RBA
Completed checkpoint up to RBA
LFI-00103: Seek operation failed.
Undo initialization finished
ARC0: Archival started
Archived Log entry 745 added for thread 1 sequence 7836
Archived Log entry 852 added for thread 1 sequence 6420
ORA-13108: spatial table NETWORK_OPS.SIM_INVENTORY not found
Current log# 704 seq# 8461 mem# 0
Beginning log switch checkpoint up to RBA
Thread 1 advanced to log sequence 94
Current log# 337 seq# 8619 mem# 0
PRKC-01165: Failed to set up Windows service OracleRemoteExecService on node '{0}'
Starting background process VKTM
Undo initialization finished
Archived Log entry 172 added for thread 1 sequence 4404
ARC0: Archival started
NNC-00400: memory exhausted
ARC0: Archival started
Thread 1 advanced to log sequence 622
Thread 1 advanced to log sequence 767
ORA-00028: your session has been killed
Completed checkpoint up to RBA
Archived Log entry 679 added for thread 1 sequence 2616
Completed checkpoint up to RBA
RMAN-08144: channel 17 : validation complete, elapsed time: reporting_schema
Archived Log entry 950 added for thread 1 sequence 4638
Completed checkpoint up to RBA
Starting background process VKTM
Starting background process VKTM
Undo initialization finished
TNS-12520: TNS:listener could not find available handler for requested type of server
Current log# 352 seq# 9969 mem# 0
Completed checkpoint up to RBA
ARC0: Archival started
ARC0: Archival started
ORA-02372: data for row: SYSAUX
Beginning log switch checkpoint up to RBA
ARC0: Archival started
Undo initialization finished
Current log# 619 seq# 4946 mem# 0
NNO-00700: warning: cannot checkpoint the cache, trying again in number seconds
Errors in file /u01/app/oracle/diag/rdbms/ttprod/ttprod1/trace/ttprod1_ora_86720.trc
Starting background process VKTM
ORA-13187: subdivision failed
Archived Log entry 5 added for thread 1 sequence 2427
Starting background process VKTM
Current log# 217 seq# 5324 mem# 0
Archived Log entry 748 added for thread 1 sequence 8981
Thread 1 advanced to log sequence 640
KUP-05007: Warning: Intra source concurrency disabled because the preprocessor option is being used.
Current log# 834 seq# 9750 mem# 0
Thread 1 advanced to log sequence 565
Current log# 548 seq# 2744 mem# 0
Beginning log switch checkpoint up to RBA
Completed checkpoint up to RBA
PLS-00408: duplicate column ' APP_USER42 ' not permitted in INSERT or UPDATE
Beginning log switch checkpoint up to RBA
Beginning log switch checkpoint up to RBA
ARC0: Archival started
RMAN-06115: changed backup piece available
Errors in file /u01/app/oracle/diag/rdbms/ttprod/ttprod1/trace/ttprod1_ora_88400.trc
ARC0: Archival started
QSM-01013: nested aggregates or CONNECT BY/START WITH clause present
Archived Log entry 785 added for thread 1 sequence 5505
Archived Log entry 148 added for thread 1 sequence 7211
Beginning log switch checkpoint up to RBA
Current log# 776 seq# 3572 mem# 0
Completed checkpoint up to RBA
ORA-30458: ' CRM.CALL_DETAIL_RECORDS . BILLING.CUST_ORDERS ' cannot be refreshed because the refresh mask is 17
ARC0: Archival started
Beginning log switch checkpoint up to RBA
NZE-28832: invalid data unit format
Current log# 390 seq# 4589 mem# 0
Archived Log entry 581 added for thread 1 sequence 7903
Current log# 302 seq# 5596 mem# 0
ORA-30042: Cannot offline the undo tablespace
Completed checkpoint up to RBA
Starting background process VKTM
Current log# 338 seq# 6156 mem# 0
Beginning log switch checkpoint up to RBA
NID-00354: Instance shut down
Errors in file /u01/app/oracle/diag/rdbms/ttprod/ttprod1/trace/ttprod1_ora_58971.trc
Completed checkpoint up to RBA
ORA-24158: invalid table alias
Errors in file /u01/app/oracle/diag/rdbms/ttprod/ttprod1/trace/ttprod1_ora_96533.trc
Beginning log switch checkpoint up to RBA
RMAN-05510: Duplicate finished
Current log# 155 seq# 8353 mem# 0
Thread 1 advanced to log sequence 158
ORA-15551: workload replay client cannot connect to database server
Beginning log switch checkpoint up to RBA
Completed checkpoint up to RBA
Beginning log switch checkpoint up to RBA
ARC0: Archival started
ORA-53060: PK_CUSTOMER_ACCOUNTS is not a standard attribute tag
Thread 1 advanced to log sequence 567
Undo initialization finished
Starting background process VKTM
ORA-38447: Type required for the embedded ADT attribute " TNS_ADMIN " is missing
ARC0: Archival started
Starting background process VKTM
Beginning log switch checkpoint up to RBA
Completed checkpoint up to RBA
PCB-00303: Dynamic SQL and PL/SQL are Oracle extensions to ANSI SQL
Beginning log switch checkpoint up to RBA
Starting background process VKTM
CRS-02647: Attribute ' USERS ' may not be a negative value
ARC0: Archival started
TNS-12656: Cryptographic checksum mismatch
Undo initialization finished
Current log# 272 seq# 7617 mem# 0
Current log# 399 seq# 7356 mem# 0
Undo initialization finished
Beginning log switch checkpoint up to RBA
RMAN-08546: channel session_1123 : AUTOBACKUP session_1123 found in the recovery area
Current log# 398 seq# 9336 mem# 0
Completed checkpoint up to RBA
ARC0: Archival started
Archived Log entry 665 added for thread 1 sequence 1418
RMAN-08608: Initiated recall for the following list of remote backup files
ARC0: Archival started
Beginning log switch checkpoint up to RBA
Current log# 44 seq# 8943 mem# 0
Archived Log entry 414 added for thread 1 sequence 5687
Current log# 33 seq# 1931 mem# 0
ORA-47348: Rule set app_db is used by one or more factors.
Undo initialization finished
Completed checkpoint up to RBA
Beginning log switch checkpoint up to RBA
Undo initialization finished
Completed checkpoint up to RBA
RMAN-08508: archived log destination= INVOICE_LINES_IDX
Starting background process VKTM
Beginning log switch checkpoint up to RBA
Beginning log switch checkpoint up to RBA
Thread 1 advanced to log sequence 360
ORA-32420: unsupported fast refreshable materialized view defined on detail tables which have commit SCN-based materialized view logs
Current log# 694 seq# 9392 mem# 0
Starting background process VKTM
Beginning log switch checkpoint up to RBA
Starting background process VKTM
Current log# 975 seq# 2779 mem# 0
ORA-16962: SQL statement attempted to begin an autonomous transaction
Starting background process VKTM
ARC0: Archival started
Beginning log switch checkpoint up to RBA
Archived Log entry 497 added for thread 1 sequence 9229
CRS-04046: Invalid Oracle Clusterware configuration.
Archived Log entry 823 added for thread 1 sequence 2481
Archived Log entry 80 added for thread 1 sequence 9054
Thread 1 advanced to log sequence 444
ARC0: Archival started
ARC0: Archival started
ORA-02370: internal metadata in file 1024 is not valid
Archived Log entry 767 added for thread 1 sequence 3857
ARC0: Archival started
Completed checkpoint up to RBA
Current log# 203 seq# 8853 mem# 0
Thread 1 advanced to log sequence 327
ORA-38873: missing incarnation information
Completed checkpoint up to RBA
Current log# 949 seq# 2442 mem# 0
Completed checkpoint up to RBA
ORA-46106: Missing parent security class for security class NETWORK_OPS.SIM_INVENTORY
ARC0: Archival started
Starting background process VKTM
Current log# 709 seq# 4342 mem# 0
Completed checkpoint up to RBA
ORA-32318: cannot rename a materialized view
Beginning log switch checkpoint up to RBA
Completed checkpoint up to RBA
Current log# 918 seq# 3463 mem# 0
Beginning log switch checkpoint up to RBA
ORA-16600: not connected to target standby database for failover
Thread 1 advanced to log sequence 278
ORA-27354: attribute ttprod2 cannot be set for lightweight jobs
Errors in file /u01/app/oracle/diag/rdbms/ttprod/ttprod1/trace/ttprod1_ora_39089.trc
ARC0: Archival started
ARC0: Archival started
ORA-36993: (XSRELGID10) OBJECT workspace object must be a VARIABLE, RELATION, or a numeric SURROGATE DIMENSION based on the level dimension workspace object .
ARC0: Archival started
RMAN-05599: PASSWORD clause is not needed when duplicating for standby database from active database
Errors in file /u01/app/oracle/diag/rdbms/ttprod/ttprod1/trace/ttprod1_ora_58561.trc
Completed checkpoint up to RBA
Starting background process VKTM
Archived Log entry 775 added for thread 1 sequence 9862
CRS-09013: Error TNS_ADMIN : Invalid data received from the Cluster Logger Service
Errors in file /u01/app/oracle/diag/rdbms/ttprod/ttprod1/trace/ttprod1_ora_60966.trc
Beginning log switch checkpoint up to RBA
ARC0: Archival started
ORA-00076: dump 42 not found
Archived Log entry 453 added for thread 1 sequence 6347
Beginning log switch checkpoint up to RBA
ORA-44732: Path shared pool cannot be removed from the repository XML Index
Beginning log switch checkpoint up to RBA
Completed checkpoint up to RBA
ORA-37530: (XSCCLOAD01) When aggregating between compressed partitions the base dimensions of workspace object did not match the base dimensions of workspace object .
Completed checkpoint up to RBA
LPX-00652: SAX callback returns with error.
Errors in file /u01/app/oracle/diag/rdbms/ttprod/ttprod1/trace/ttprod1_ora_19130.trc
Thread 1 advanced to log sequence 275
ARC0: Archival started
Beginning log switch checkpoint up to RBA
Current log# 788 seq# 3207 mem# 0
Starting background process VKTM
NID-00331: The following datafiles are disabled:
Thread 1 advanced to log sequence 511
Archived Log entry 579 added for thread 1 sequence 9676
Archived Log entry 746 added for thread 1 sequence 8261
Archived Log entry 526 added for thread 1 sequence 1039
Archived Log entry 36 added for thread 1 sequence 8351
RMAN-06408: recovery catalog upgraded to version INVOICE_LINES_IDX
Starting background process VKTM
Completed checkpoint up to RBA
RMAN-08093: specifying current control file for proxy backup
Thread 1 advanced to log sequence 112
PGA-21111: partner log name is x' CRM.CALL_DETAIL_RECORDS '
Undo initialization finished
PGU-39119: EP pk_orders , c# DATA_TS01 , d# _SYSSMU12$ , f# _SYSSMU12$ , 1024
Errors in file /u01/app/oracle/diag/rdbms/ttprod/ttprod1/trace/ttprod1_ora_84101.trc
Undo initialization finished
ORA-03201: the group number specification is invalid
Errors in file /u01/app/oracle/diag/rdbms/ttprod/ttprod1/trace/ttprod1_ora_78989.trc
ARC0: Archival started
Current log# 676 seq# 3403 mem# 0
Current log# 269 seq# 8687 mem# 0
DIA-48907: The end of file is reached
Errors in file /u01/app/oracle/diag/rdbms/ttprod/ttprod1/trace/ttprod1_ora_47130.trc
Thread 1 advanced to log sequence 625
Beginning log switch checkpoint up to RBA
NID-00405: Reversion of database name and database ID failed.
Beginning log switch checkpoint up to RBA
RMAN-08506: input file name= ttprod2
Current log# 513 seq# 7939 mem# 0
ARC0: Archival started
ORA-48227: Invalid Relation File - [ USERS ] [ SP2-0552 ] [ CRM.CALL_DETAIL_RECORDS ] [ APP_USER42 ]
Errors in file /u01/app/oracle/diag/rdbms/ttprod/ttprod1/trace/ttprod1_ora_75999.trc
Completed checkpoint up to RBA
TNS-01153: Failed to process BILLING.CUST_ORDERS: user_sessions
Errors in file /u01/app/oracle/diag/rdbms/ttprod/ttprod1/trace/ttprod1_ora_33073.trc
Current log# 856 seq# 5095 mem# 0
Current log# 416 seq# 6425 mem# 0
Starting background process VKTM
ARC0: Archival started
PRKO-02209: {0} command is not supported for configuration using server pool.
Undo initialization finished
Starting background process VKTM
Starting background process VKTM
Current log# 272 seq# 2895 mem# 0
Current log# 984 seq# 2627 mem# 0
PGA-21103: trace information written to SP2-0552
Starting background process VKTM
RMAN-05602: restarting auxiliary database without server parameter file
ARC0: Archival started
Archived Log entry 797 added for thread 1 sequence 3253
Beginning log switch checkpoint up to RBA
RMAN-06025: no backup of archived log for thread number with sequence number and starting SCN of reporting_schema found to restore
ARC0: Archival started
Archived Log entry 960 added for thread 1 sequence 4036
ARC0: Archival started
NNO-00057: loading and verifying topology data
Current log# 999 seq# 9086 mem# 0
Completed checkpoint up to RBA
Completed checkpoint up to RBA
ARC0: Archival started
PCC-00104: FOR clause is an Oracle extension
Archived Log entry 179 added for thread 1 sequence 6014
Undo initialization finished
Thread 1 advanced to log sequence 920
Undo initialization finished
ORA-26715: time limit reached
Archived Log entry 250 added for thread 1 sequence 8864
Archived Log entry 826 added for thread 1 sequence 3123
Thread 1 advanced to log sequence 170
ARC0: Archival started
DRG-11805: Accepted
Errors in file /u01/app/oracle/diag/rdbms/ttprod/ttprod1/trace/ttprod1_ora_19738.trc
Beginning log switch checkpoint up to RBA
ORA-40202: column APP_USER42 does not exist in the input table SYSAUX
Beginning log switch checkpoint up to RBA
Completed checkpoint up to RBA
Completed checkpoint up to RBA
Beginning log switch checkpoint up to RBA
ORA-26892: XStream feature not supported
Starting background process VKTM
Beginning log switch checkpoint up to RBA
Completed checkpoint up to RBA
Beginning log switch checkpoint up to RBA
ARC0: Archival started
RMAN-07530: Reason: This file type is not requested for cataloging
Errors in file /u01/app/oracle/diag/rdbms/ttprod/ttprod1/trace/ttprod1_ora_53415.trc
Starting background process VKTM
ARC0: Archival started
Starting background process VKTM
Undo initialization finished
PLS-01917: illegal reference to package STANDARD item ' TNS_ADMIN '
Errors in file /u01/app/oracle/diag/rdbms/ttprod/ttprod1/trace/ttprod1_ora_78700.trc
Thread 1 advanced to log sequence 851
Archived Log entry 738 added for thread 1 sequence 9510
RMAN-06460: control file copy ttstandby01 cannot be backed up by proxy.
Errors in file /u01/app/oracle/diag/rdbms/ttprod/ttprod1/trace/ttprod1_ora_52858.trc
Undo initialization finished
Completed checkpoint up to RBA
ARC0: Archival started
Undo initialization finished
ORA-48293: Outer join syntax not allowed without a join
Errors in file /u01/app/oracle/diag/rdbms/ttprod/ttprod1/trace/ttprod1_ora_33368.trc
ARC0: Archival started
Completed checkpoint up to RBA
Current log# 185 seq# 5603 mem# 0
Thread 1 advanced to log sequence 307
ARC0: Archival started
ORA-06118: NETTCP: unable to complete handshake with ORASRV
Errors in file /u01/app/oracle/diag/rdbms/ttprod/ttprod1/trace/ttprod1_ora_93327.trc
Thread 1 advanced to log sequence 435
Current log# 288 seq# 7239 mem# 0
ORA-31024: Parser initialization failed with LPX- 1024 error while INVOICE_LINES_IDX
Starting background process VKTM
Beginning log switch checkpoint up to RBA
Thread 1 advanced to log sequence 755
Undo initialization finished
Undo initialization finished
PCC-00078: FIPS warning: Invalid ANSI SQL Identifier
Beginning log switch checkpoint up to RBA
Beginning log switch checkpoint up to RBA
Completed checkpoint up to RBA
ORA-06706: TLI Driver: service not found
Beginning log switch checkpoint up to RBA
ARC0: Archival started
Thread 1 advanced to log sequence 415
Starting background process VKTM
CRS-04670: Failed to unset parameter USERS due to conflicting parameter 3 currently set to number .
ARC0: Archival started
Completed checkpoint up to RBA
Thread 1 advanced to log sequence 422
Starting background process VKTM
Undo initialization finished
PGU-41058: invalid transaction name specified
Starting background process VKTM
Beginning log switch checkpoint up to RBA
ORA-31217: DBMS_LDAP: PL/SQL - Invalid LDAP newparent.
Archived Log entry 187 added for thread 1 sequence 6085
Current log# 698 seq# 1085 mem# 0
Thread 1 advanced to log sequence 136
Completed checkpoint up to RBA
Completed checkpoint up to RBA
ORA-39119: worker process interrupt for delete worker processes call by master process
Beginning log switch checkpoint up to RBA
Starting background process VKTM
Thread 1 advanced to log sequence 658
ORA-21779: duration not active
ARC0: Archival started
Completed checkpoint up to RBA
Thread 1 advanced to log sequence 669
ORA-07616: $CHANGE_CLASS failed in retrieving the specified device label
Errors in file /u01/app/oracle/diag/rdbms/ttprod/ttprod1/trace/ttprod1_ora_21922.trc
Thread 1 advanced to log sequence 78
Thread 1 advanced to log sequence 753
Thread 1 advanced to log sequence 269
PRCH-01008: Failed to start service
Errors in file /u01/app/oracle/diag/rdbms/ttprod/ttprod1/trace/ttprod1_ora_58516.trc
Archived Log entry 587 added for thread 1 sequence 6570
Starting background process VKTM
Starting background process VKTM
Undo initialization finished
PRVF-05210: GNS resource is running on multiple nodes "{0}"
ARC0: Archival started
Thread 1 advanced to log sequence 639
ARC0: Archival started
Thread 1 advanced to log sequence 886
Archived Log entry 248 added for thread 1 sequence 6300
NNL-00351: Scheduled configuration save to occur in SP2-0552
Current log# 818 seq# 7127 mem# 0
Thread 1 advanced to log sequence 351
Thread 1 advanced to log sequence 524
Beginning log switch checkpoint up to RBA
ORA-14139: table ttprod2 . BILLING.CUST_ORDERS is already in read-only mode
Errors in file /u01/app/oracle/diag/rdbms/ttprod/ttprod1/trace/ttprod1_ora_41864.trc
Archived Log entry 274 added for thread 1 sequence 1084
ORA-47903: OLS policy label ttstandby01 not found for policy 5000
Beginning log switch checkpoint up to RBA
Current log# 210 seq# 2061 mem# 0
ORA-14330: Cannot drop a partition of a global hash-partitioned index
Beginning log switch checkpoint up to RBA
ORA-22055: unknown sign flag value [ /u01/app/oracle/oradata/ttprod/users01.dbf ]
Beginning log switch checkpoint up to RBA
Thread 1 advanced to log sequence 413
Starting background process VKTM
Undo initialization finished
ORA-37133: (XSCCOMP08) You cannot write into an aggregated VARIABLE dimensioned by a COMPRESSED COMPOSITE. Use the CLEAR AGGREGATES command to reenable write access.
Errors in file /u01/app/oracle/diag/rdbms/ttprod/ttprod1/trace/ttprod1_ora_16038.trc
ARC0: Archival started
Completed checkpoint up to RBA
Thread 1 advanced to log sequence 587
ARC0: Archival started
ORA-53047: internal error: UNDOTBS1
Current log# 448 seq# 5644 mem# 0
Completed checkpoint up to RBA
Undo initialization finished
Starting background process VKTM
Undo initialization finished
ORA-16112: log mining and apply stopping
Errors in file /u01/app/oracle/diag/rdbms/ttprod/ttprod1/trace/ttprod1_ora_17753.trc
Archived Log entry 212 added for thread 1 sequence 4527
Thread 1 advanced to log sequence 944
ARC0: Archival started
ARC0: Archival started
ARC0: Archival started
PLS-00432: implementation restriction: cannot use FORALL and BULK COLLECT INTO together in SELECT statements
Archived Log entry 634 added for thread 1 sequence 2516
Thread 1 advanced to log sequence 570
Starting background process VKTM
Completed checkpoint up to RBA
ORA-26797: XStream Out feature unsupported below compatible 10.2.0
Beginning log switch checkpoint up to RBA
ARC0: Archival started
Undo initialization finished
CRS-02798: State change received for resource ' 42 ' from unexpected server ' CDR_STAGING '. Details at ' DATA_TS01 ' in ' ttprod2 '.
Starting background process VKTM
ORA-29267: illegal call
Undo initialization finished
ARC0: Archival started
Undo initialization finished
Undo initialization finished
PRVF-05302: Failed to execute the exectask command on node "{0}"
Current log# 39 seq# 8531 mem# 0
Current log# 862 seq# 3563 mem# 0
ARC0: Archival started
Current log# 233 seq# 5708 mem# 0
Completed checkpoint up to RBA
TNS-00313: Navigator: Failed to get version information
Archived Log entry 603 added for thread 1 sequence 7750
Undo initialization finished
Beginning log switch checkpoint up to RBA
Thread 1 advanced to log sequence 444
RMAN-06604: new RMAN configuration parameters are successfully stored
Starting background process VKTM
Starting background process VKTM
Thread 1 advanced to log sequence 682
Archived Log entry 773 added for thread 1 sequence 6412
Beginning log switch checkpoint up to RBA
XOQ-01702: Objects from multiple analytic workspaces cannot be built in a single process.
Thread 1 advanced to log sequence 395
ARC0: Archival started
Beginning log switch checkpoint up to RBA
Starting background process VKTM
ORA-32620: illegal subquery within MODEL rules
Archived Log entry 196 added for thread 1 sequence 8295
Undo initialization finished
Completed checkpoint up to RBA
ARC0: Archival started
Completed checkpoint up to RBA
ORA-16304: procedure must first be called on primary database
Current log# 349 seq# 8570 mem# 0
ARC0: Archival started
Completed checkpoint up to RBA
Undo initialization finished
Completed checkpoint up to RBA
ORA-10628: Turn on sanity check for kdiss index skip scan state
Thread 1 advanced to log sequence 916
XOQ-01952: The CubeMap for cube " reporting_schema " must contain either a query or a From clause.
Starting background process VKTM
Undo initialization finished
Completed checkpoint up to RBA
ORA-29818: column name not properly specified
Archived Log entry 746 added for thread 1 sequence 7670
Starting background process VKTM
Current log# 201 seq# 7360 mem# 0
Beginning log switch checkpoint up to RBA
Beginning log switch checkpoint up to RBA
ORA-31203: DBMS_LDAP: PL/SQL - Init Failed.
Errors in file /u01/app/oracle/diag/rdbms/ttprod/ttprod1/trace/ttprod1_ora_32238.trc
ARC0: Archival started
Undo initialization finished
ARC0: Archival started
ARC0: Archival started
Beginning log switch checkpoint up to RBA
PGA-22003: communication error: TCP/IP DATA_TS01 failed, rc = number , for, 5000
Undo initialization finished
NID-00331: The following datafiles are disabled:
Undo initialization finished
ARC0: Archival started
RMAN-06404: database dismounted
Completed checkpoint up to RBA
Archived Log entry 415 added for thread 1 sequence 5498
LPX-00300: no name in attribute set
Beginning log switch checkpoint up to RBA
Completed checkpoint up to RBA
ARC0: Archival started
Starting background process VKTM
Beginning log switch checkpoint up to RBA
ORA-36391: (XSMXCLEA01) When CLEAR is used with the STATUS keyword or an AGGMAP, workspace object must be dimensioned identically to workspace object .
Thread 1 advanced to log sequence 253
Undo initialization finished
ORA-07820: sspscn: SYS$CRELNM failure
Starting background process VKTM
QSM-01050: roll-up check failed for materialized view, DATA_TS01
Errors in file /u01/app/oracle/diag/rdbms/ttprod/ttprod1/trace/ttprod1_ora_25201.trc
Beginning log switch checkpoint up to RBA
Thread 1 advanced to log sequence 79
Archived Log entry 92 added for thread 1 sequence 6084
ARC0: Archival started
OCI-31025: Invalid document element
Starting background process VKTM
Completed checkpoint up to RBA
Completed checkpoint up to RBA
CRS-02405: The Cluster Time Synchronization Service on host 1024 is shutdown by user
Errors in file /u01/app/oracle/diag/rdbms/ttprod/ttprod1/trace/ttprod1_ora_39423.trc
Undo initialization finished
Current log# 101 seq# 5373 mem# 0
Starting background process VKTM
Completed checkpoint up to RBA
RMAN-06024: no backup or copy of the control file found to restore
Current log# 119 seq# 2897 mem# 0
Starting background process VKTM
Beginning log switch checkpoint up to RBA
ORA-19243: XQTY0023 - invalid document node content in element constructor
Errors in file /u01/app/oracle/diag/rdbms/ttprod/ttprod1/trace/ttprod1_ora_90224.trc
Thread 1 advanced to log sequence 171
Beginning log switch checkpoint up to RBA
DRG-13010: alt_value is already used by another sub lexer
Undo initialization finished
NNO-00628: setting maximum reforwards per query to number
Errors in file /u01/app/oracle/diag/rdbms/ttprod/ttprod1/trace/ttprod1_ora_84110.trc
Current log# 216 seq# 4505 mem# 0
Undo initialization finished
Current log# 601 seq# 5885 mem# 0
Archived Log entry 533 added for thread 1 sequence 7337
Undo initialization finished
PCB-00631: Host variable is not an External LOB
Starting background process VKTM
Completed checkpoint up to RBA
Undo initialization finished
Completed checkpoint up to RBA
XOQ-01718: A calculated member " shared pool " and its parent have inconsistent level definitions.
Current log# 858 seq# 7005 mem# 0
Beginning log switch checkpoint up to RBA
Thread 1 advanced to log sequence 323
Thread 1 advanced to log sequence 651
IMG-00921: threshold out of range
Starting background process VKTM
Archived Log entry 27 added for thread 1 sequence 9665
NZE-29036: This feature is not supported
Errors in file /u01/app/oracle/diag/rdbms/ttprod/ttprod1/trace/ttprod1_ora_36433.trc
Starting background process VKTM
Undo initialization finished
Completed checkpoint up to RBA
Starting background process VKTM
Beginning log switch checkpoint up to RBA
RMAN-06818: WARNING: last archived log from primary database not recieved at standby database
Completed checkpoint up to RBA
ORA-00751: could not obtain resilvering status for file
Completed checkpoint up to RBA
Beginning log switch checkpoint up to RBA
Current log# 669 seq# 5903 mem# 0
ORA-07273: sppst: invalid semaphore id.
Undo initialization finished
Current log# 64 seq# 9402 mem# 0
Undo initialization finished
ARC0: Archival started
Starting background process VKTM
ORA-13206: internal error [ NETWORK_OPS.SIM_INVENTORY ] while creating the spatial index
Errors in file /u01/app/oracle/diag/rdbms/ttprod/ttprod1/trace/ttprod1_ora_62749.trc
Starting background process VKTM
Archived Log entry 629 added for thread 1 sequence 7446
RMAN-07262: no automatic repair options available
ARC0: Archival started
Starting background process VKTM
Thread 1 advanced to log sequence 973
Current log# 794 seq# 4913 mem# 0
ORA-12489: default label not within clearance range
Current log# 151 seq# 9247 mem# 0
Undo initialization finished
Undo initialization finished
ORA-39098: Worker process received data objects while loading metadata. Invalid process order range is USERS .. app_db
Current log# 301 seq# 5075 mem# 0
Archived Log entry 807 added for thread 1 sequence 1231
Archived Log entry 918 added for thread 1 sequence 5303
Completed checkpoint up to RBA
EXP-00018: datatype ( number ) for column BILLING.CUST_ORDERS , table DATA_TS01 . pk_orders is not supported
Errors in file /u01/app/oracle/diag/rdbms/ttprod/ttprod1/trace/ttprod1_ora_10419.trc
Starting background process VKTM
Undo initialization finished
Beginning log switch checkpoint up to RBA
ORA-46095: Invalid error code supplied
Archived Log entry 477 added for thread 1 sequence 9182
Completed checkpoint up to RBA
Archived Log entry 60 added for thread 1 sequence 6994
PGU-39604: TG edit var USERS PLS TNS_ADMIN
Starting background process VKTM
Thread 1 advanced to log sequence 245
Archived Log entry 488 added for thread 1 sequence 5065
TNS-00316: Ran out of data buffers in the pump
Current log# 850 seq# 8384 mem# 0
NZE-28764: failure to retrieve a configuration parameter
Errors in file /u01/app/oracle/diag/rdbms/ttprod/ttprod1/trace/ttprod1_ora_18417.trc
Beginning log switch checkpoint up to RBA
Starting background process VKTM
ARC0: Archival started
Thread 1 advanced to log sequence 881
RMAN-07207: changed ttprod1 failures to HIGH priority
Beginning log switch checkpoint up to RBA
Current log# 936 seq# 9212 mem# 0
Beginning log switch checkpoint up to RBA
Current log# 119 seq# 4463 mem# 0
ORA-31602: parameter 3 value " TNS_ADMIN " in function _SYSSMU7$ inconsistent with reporting_schema
Undo initialization finished
Current log# 500 seq# 6969 mem# 0
RMAN-06408: recovery catalog upgraded to version SYSAUX
Thread 1 advanced to log sequence 656
Starting background process VKTM
Beginning log switch checkpoint up to RBA
ORA-37410: cannot delete or modify AW object referenced by CUBE ORGANIZED table
ARC0: Archival started
Completed checkpoint up to RBA
ARC0: Archival started
NNL-00890: Messages received: number
Starting background process VKTM
Archived Log entry 890 added for thread 1 sequence 1188
Undo initialization finished
ORA-39277: Cannot alter FREELIST GROUPS storage option.
Undo initialization finished
Beginning log switch checkpoint up to RBA
Undo initialization finished
CRS-00214: Could not unregister resource ' 3 '.
Errors in file /u01/app/oracle/diag/rdbms/ttprod/ttprod1/trace/ttprod1_ora_87273.trc
Thread 1 advanced to log sequence 66
NNF-01007: DCE long strings are not supported
Errors in file /u01/app/oracle/diag/rdbms/ttprod/ttprod1/trace/ttprod1_ora_50584.trc
Undo initialization finished
Current log# 405 seq# 7630 mem# 0
Thread 1 advanced to log sequence 993
Current log# 758 seq# 9741 mem# 0
Beginning log switch checkpoint up to RBA
NNL-01076: Operational Status number
ARC0: Archival started
Undo initialization finished
ORA-26873: cannot call INVOICE_LINES_IDX while OCIXStreamOutLCRCallbackReceive call is still executing.
Errors in file /u01/app/oracle/diag/rdbms/ttprod/ttprod1/trace/ttprod1_ora_50919.trc
Current log# 986 seq# 4973 mem# 0
Archived Log entry 529 added for thread 1 sequence 2519
Thread 1 advanced to log sequence 104
Beginning log switch checkpoint up to RBA
XOQ-01307: Cannot generate MdmCubeMap " 5000 " on MdmCube " NETWORK_OPS.SIM_INVENTORY ". The MdmCubeMap contains no MdmCubeDimensionalityMap for dimension " PK_CUSTOMER_ACCOUNTS ".
Current log# 514 seq# 1873 mem# 0
RMAN-06512: copy will be obsolete on date CDR_STAGING
Beginning log switch checkpoint up to RBA
ARC0: Archival started
Current log# 576 seq# 3543 mem# 0
ARC0: Archival started
RMAN-03033: current log archived
Current log# 739 seq# 3221 mem# 0
Current log# 785 seq# 1696 mem# 0
ARC0: Archival started
JMS-00436: AQ Exception
ARC0: Archival started
DIA-48196: OS command to release advisory lock failed
Undo initialization finished
ARC0: Archival started
PLS-01710: In a positioned DELETE or UPDATE statement, the cursor name must be of length 1
Undo initialization finished
RMAN-08101: channel shared pool : proxy validation complete
ARC0: Archival started
Thread 1 advanced to log sequence 157
Undo initialization finished
Archived Log entry 484 added for thread 1 sequence 8349
Beginning log switch checkpoint up to RBA
PGA-21104: trace level currently set to number
Archived Log entry 771 added for thread 1 sequence 3344
Archived Log entry 505 added for thread 1 sequence 5190
Thread 1 advanced to log sequence 634
Current log# 769 seq# 4966 mem# 0
Current log# 272 seq# 8412 mem# 0
ORA-30746: error occured while trying to drop column " ttprod1 " in table " NETWORK_OPS.SIM_INVENTORY "
Archived Log entry 249 added for thread 1 sequence 5025
CRS-01705: Found number configured voting files but number voting files are required, terminating to ensure data integrity; details at ttstandby01 in INVOICE_LINES_IDX
Current log# 909 seq# 2251 mem# 0
PGU-30033: write trace failure: rc %4li, message no was APP_USER42
Current log# 42 seq# 3828 mem# 0
Completed checkpoint up to RBA
ORA-27364: remote database APP_USER42 already registered as UNDOTBS1
Starting background process VKTM
Completed checkpoint up to RBA
Undo initialization finished
Starting background process VKTM
Completed checkpoint up to RBA
RMAN-04025: unable to generate a temporary file
Undo initialization finished
Undo initialization finished
Beginning log switch checkpoint up to RBA
ARC0: Archival started
RMAN-08553: channel 17 : restoring control file from AUTOBACKUP pg_toast_12345
Thread 1 advanced to log sequence 921
ORA-12901: default temporary tablespace must be of TEMPORARY type
Errors in file /u01/app/oracle/diag/rdbms/ttprod/ttprod1/trace/ttprod1_ora_46064.trc
Archived Log entry 897 added for thread 1 sequence 7310
Beginning log switch checkpoint up to RBA
PRCT-01124: Received empty result while getting volume device for mountpoint {0} on the local node
Completed checkpoint up to RBA
ARC0: Archival started
Current log# 949 seq# 7118 mem# 0
RMAN-05061: analyzing automatic repair options complete
Archived Log entry 743 added for thread 1 sequence 2976
Beginning log switch checkpoint up to RBA
XOQ-01943: An AttributeMap refers to a nonexistent attribute.
Archived Log entry 240 added for thread 1 sequence 8837
Starting background process VKTM
Archived Log entry 905 added for thread 1 sequence 9403
Undo initialization finished
ORA-12449: Labels specified for user must be of type USER
Errors in file /u01/app/oracle/diag/rdbms/ttprod/ttprod1/trace/ttprod1_ora_97383.trc
Starting background process VKTM
Undo initialization finished
QSM-02026: non-AND conjunction in WHERE clause
Undo initialization finished
Thread 1 advanced to log sequence 939
Current log# 849 seq# 5803 mem# 0
ORA-16722: unable to set LOG_ARCHIVE_DEST_STATE_n initialization parameters
Errors in file /u01/app/oracle/diag/rdbms/ttprod/ttprod1/trace/ttprod1_ora_93051.trc
Beginning log switch checkpoint up to RBA
Starting background process VKTM
Beginning log switch checkpoint up to RBA
PRCH-01026: Failed to stop ASM
Thread 1 advanced to log sequence 877
Beginning log switch checkpoint up to RBA
ARC0: Archival started
OCI-30157: An invalid argument was given to operating system call
Archived Log entry 871 added for thread 1 sequence 2945
Current log# 574 seq# 5827 mem# 0
Starting background process VKTM
ARC0: Archival started
INS-35421: This option installs a single-instance database only.
Current log# 416 seq# 8980 mem# 0
Completed checkpoint up to RBA
Starting background process VKTM
Archived Log entry 488 added for thread 1 sequence 6139
PRKO-02390: -n <node_name> option has been deprecated and is ignored.
Starting background process VKTM
RMAN-08521: offline range RECID= pk_orders STAMP= TNS_ADMIN
Beginning log switch checkpoint up to RBA
ORA-19198: Column not found or invalid column specified in the predicate with this form of fn:collection
Errors in file /u01/app/oracle/diag/rdbms/ttprod/ttprod1/trace/ttprod1_ora_61701.trc
Beginning log switch checkpoint up to RBA
ARC0: Archival started
Undo initialization finished
RMAN-06560: WARNING: backup set with key number will be read number times
Thread 1 advanced to log sequence 958
Undo initialization finished
Beginning log switch checkpoint up to RBA
ORA-44747: An XMLIndex with a structured component cannot be specified with ASYNC.
Current log# 472 seq# 7913 mem# 0
Thread 1 advanced to log sequence 359
Thread 1 advanced to log sequence 159
Thread 1 advanced to log sequence 790
Thread 1 advanced to log sequence 223
ORA-28663: Logging/Nologging attribute can not be specified in the statement ALTER TABLE ADD OVERFLOW
Starting background process VKTM
ORA-32305: RepAPI materialized views with user-defined types are not supported
Current log# 918 seq# 3605 mem# 0
Beginning log switch checkpoint up to RBA
Completed checkpoint up to RBA
ARC0: Archival started
ORA-27151: buffer not large enough to hold process ID PK_CUSTOMER_ACCOUNTS
Completed checkpoint up to RBA
Thread 1 advanced to log sequence 719
Undo initialization finished
ARC0: Archival started
ARC0: Archival started
RMAN-06176: no recovery required; all files are read only or offline
Errors in file /u01/app/oracle/diag/rdbms/ttprod/ttprod1/trace/ttprod1_ora_67975.trc
Starting background process VKTM
Beginning log switch checkpoint up to RBA
Undo initialization finished
Current log# 607 seq# 4980 mem# 0
ORA-01017: Invalid username/password; logon denied
Starting background process VKTM
Undo initialization finished
Starting background process VKTM
Archived Log entry 350 added for thread 1 sequence 7009
ORA-28383: cannot do a PKI certificate-based Master Key migration
Completed checkpoint up to RBA
Archived Log entry 215 added for thread 1 sequence 9297
ARC0: Archival started
Undo initialization finished
CRS-09045: No key given for -get
ARC0: Archival started
Starting background process VKTM
LPX-00236: invalid character ~1u ('~2c') found in public identifier
Undo initialization finished
Undo initialization finished
Completed checkpoint up to RBA
Starting background process VKTM
Beginning log switch checkpoint up to RBA
ORA-48147: invalid home location specification for ADR, [ TNS_ADMIN ], [ PK_CUSTOMER_ACCOUNTS ], [ SP2-0552 ]
Errors in file /u01/app/oracle/diag/rdbms/ttprod/ttprod1/trace/ttprod1_ora_34133.trc
Undo initialization finished
Archived Log entry 293 added for thread 1 sequence 4484
Starting background process VKTM
ORA-25132: UNIQUE constraint ( UNDOTBS1 . 1024 ) disabled and validated in ALTER TABLE EXCHANGE PARTITION
Archived Log entry 824 added for thread 1 sequence 3962
Current log# 254 seq# 2669 mem# 0
ARC0: Archival started
ARC0: Archival started
PLW-05005: subprogram /u01/app/oracle/oradata/ttprod/users01.dbf returns without value at line pg_toast_12345
Thread 1 advanced to log sequence 142
Undo initialization finished
Beginning log switch checkpoint up to RBA
ORA-15558: replay thread encountered unexpected error
Errors in file /u01/app/oracle/diag/rdbms/ttprod/ttprod1/trace/ttprod1_ora_73649.trc
Starting background process VKTM
Completed checkpoint up to RBA
ORA-16059: empty log file or invalid next available block
Beginning log switch checkpoint up to RBA
Thread 1 advanced to log sequence 819
Archived Log entry 314 added for thread 1 sequence 9499
Completed checkpoint up to RBA
RDE-00040: invalid search domain: " SP2-0552 "
Archived Log entry 990 added for thread 1 sequence 3152
ORA-12822: duplicate option in PARALLEL clause
Archived Log entry 132 added for thread 1 sequence 1896
Current log# 130 seq# 8020 mem# 0
Current log# 665 seq# 2241 mem# 0
RMAN-06205: Uncataloged large pool objects
Completed checkpoint up to RBA
Starting background process VKTM
Starting background process VKTM
Current log# 763 seq# 4578 mem# 0
Undo initialization finished
ORA-02756: osnfsmnam: name translation failure
Thread 1 advanced to log sequence 245
Archived Log entry 349 added for thread 1 sequence 8992
DRG-50951: Unable to resolve element name for attribute BILLING.CUST_ORDERS
Beginning log switch checkpoint up to RBA
Thread 1 advanced to log sequence 214
Starting background process VKTM
Archived Log entry 64 added for thread 1 sequence 9719
ORA-19656: cannot backup, copy, or delete online log _SYSSMU12$
Undo initialization finished
ARC0: Archival started
Thread 1 advanced to log sequence 162
Archived Log entry 522 added for thread 1 sequence 1417
ORA-36648: (XSDUNION09) Concat dimension workspace object is already defined as UNIQUE.
Thread 1 advanced to log sequence 183
ORA-19237: XPST0017 - unable to resolve call to function - 42 : fk_order_customer
ARC0: Archival started
Beginning log switch checkpoint up to RBA
Undo initialization finished
ORA-19195: Invalid policy in ora:contains
Completed checkpoint up to RBA
Completed checkpoint up to RBA
Thread 1 advanced to log sequence 715
INS-20808: Action already referenced.
Undo initialization finished
Thread 1 advanced to log sequence 438
Current log# 276 seq# 8852 mem# 0
ARC0: Archival started
Undo initialization finished
ORA-02272: constrained column cannot be of LONG datatype
Current log# 470 seq# 7696 mem# 0
OCI-30154: The memory address given as buffer for OCIFileRead/Write is invalid
Current log# 931 seq# 3869 mem# 0
ARC0: Archival started
Undo initialization finished
Starting background process VKTM
Completed checkpoint up to RBA
RMAN-08618: validation succeeded for foreign archived log
ARC0: Archival started
Thread 1 advanced to log sequence 579
ORA-16202: Skip procedure requested to replace statement
Current log# 74 seq# 2737 mem# 0
RMAN-06963: Error received during import of metadata
Errors in file /u01/app/oracle/diag/rdbms/ttprod/ttprod1/trace/ttprod1_ora_44950.trc
Current log# 205 seq# 7879 mem# 0
RMAN-06810: specification does not match any datafile copy in the repository
Current log# 525 seq# 2085 mem# 0
RMAN-06518: backup will be obsolete on date 1024
Archived Log entry 282 added for thread 1 sequence 8902
Completed checkpoint up to RBA
Archived Log entry 697 added for thread 1 sequence 5197
Completed checkpoint up to RBA
ORA-24432: The statement that was returned is not tagged.
Undo initialization finished
Undo initialization finished
Current log# 835 seq# 4163 mem# 0
Beginning log switch checkpoint up to RBA
Undo initialization finished
NNO-00066: server will perform reload check of administrative region in number seconds
Archived Log entry 280 added for thread 1 sequence 7621
Thread 1 advanced to log sequence 903
Completed checkpoint up to RBA
Current log# 229 seq# 1206 mem# 0
ORA-06401: NETCMN: invalid driver designator
Undo initialization finished
TNS-04003: Syntax Error.
ARC0: Archival started
Starting background process VKTM
Current log# 101 seq# 8412 mem# 0
Archived Log entry 596 added for thread 1 sequence 3041
Completed checkpoint up to RBA
RMAN-06961: IMPDP> DATA_TS01
Errors in file /u01/app/oracle/diag/rdbms/ttprod/ttprod1/trace/ttprod1_ora_53654.trc
Beginning log switch checkpoint up to RBA
Thread 1 advanced to log sequence 585
ARC0: Archival started
Current log# 338 seq# 4896 mem# 0
ORA-24786: separated transaction has been completed
Current log# 487 seq# 6641 mem# 0
Thread 1 advanced to log sequence 102
NNL-00530: quit|exit : exit the names control program
Errors in file /u01/app/oracle/diag/rdbms/ttprod/ttprod1/trace/ttprod1_ora_42988.trc
Starting background process VKTM
Archived Log entry 118 added for thread 1 sequence 6688
Thread 1 advanced to log sequence 179
Starting background process VKTM
Archived Log entry 747 added for thread 1 sequence 6284
ORA-16243: paging out large pool bytes of memory to disk
Thread 1 advanced to log sequence 28
RMAN-06701: could not construct path for file: " pk_orders "
Completed checkpoint up to RBA
ORA-02823: Buffer is not aligned.
Undo initialization finished
Completed checkpoint up to RBA
Thread 1 advanced to log sequence 21
INS-32030: Invalid location for Central Inventory.
Completed checkpoint up to RBA
Thread 1 advanced to log sequence 520
Thread 1 advanced to log sequence 717
Completed checkpoint up to RBA
ORA-53033: The default UID Definition document cannot be found.
Current log# 755 seq# 9281 mem# 0
Starting background process VKTM
Starting background process VKTM
Completed checkpoint up to RBA
PGU-00309: cannot close spool file USERS
Beginning log switch checkpoint up to RBA
Undo initialization finished
Starting background process VKTM
ORA-00068: invalid value TNS_ADMIN for parameter 3 , must be between TNS_ADMIN and BILLING.CUST_ORDERS
Beginning log switch checkpoint up to RBA
ARC0: Archival started
Completed checkpoint up to RBA
Thread 1 advanced to log sequence 504
ORA-31528: could not find change set USERS for CDC subscription shared pool
Archived Log entry 172 added for thread 1 sequence 1594
Starting background process VKTM
Thread 1 advanced to log sequence 69
Undo initialization finished
ORA-31144: Implementation language for user_sessions is not specified
Beginning log switch checkpoint up to RBA
Beginning log switch checkpoint up to RBA
Completed checkpoint up to RBA
ORA-38759: Database must be mounted by only one instance and not open.
Errors in file /u01/app/oracle/diag/rdbms/ttprod/ttprod1/trace/ttprod1_ora_58870.trc
Thread 1 advanced to log sequence 122
Thread 1 advanced to log sequence 188
PLS-00541: size or length specified is too large.
Thread 1 advanced to log sequence 85
Current log# 859 seq# 8114 mem# 0
QSM-02064: subquery in mv
Starting background process VKTM
Completed checkpoint up to RBA
EXP-00090: cannot pin type " shared pool "." ttprod1 "
Starting background process VKTM
ARC0: Archival started
Beginning log switch checkpoint up to RBA
Completed checkpoint up to RBA
RMAN-03020: asynchronous RPC test will take 1 minute
Beginning log switch checkpoint up to RBA
ORA-10281: maximum time to wait for process creation
Beginning log switch checkpoint up to RBA
Completed checkpoint up to RBA
Undo initialization finished
Starting background process VKTM
Archived Log entry 709 added for thread 1 sequence 5563
PRVF-05600: On node "{0}" The following lines in file "{1}" could not be parsed as they are not in proper format: {2}
Undo initialization finished
Undo initialization finished
ARC0: Archival started
KUP-02005: token too big
Undo initialization finished
Starting background process VKTM
Beginning log switch checkpoint up to RBA
Beginning log switch checkpoint up to RBA
Beginning log switch checkpoint up to RBA
PRKO-03154: Both -i and -n options are specified for starting an instance on the administrator-managed database {0}.
Archived Log entry 33 added for thread 1 sequence 5889
ORA-56901: non-constant expression is not allowed for pivot|unpivot values
Errors in file /u01/app/oracle/diag/rdbms/ttprod/ttprod1/trace/ttprod1_ora_23902.trc
Current log# 140 seq# 1272 mem# 0
Undo initialization finished
TNS-12582: TNS:invalid operation
Current log# 414 seq# 3194 mem# 0
Beginning log switch checkpoint up to RBA
Archived Log entry 184 added for thread 1 sequence 2596
Undo initialization finished
OCI-19202: Error occurred in XML processing NETWORK_OPS.SIM_INVENTORY
Beginning log switch checkpoint up to RBA
ORA-09931: Unable to open ORACLE password file for reading
Current log# 762 seq# 7941 mem# 0
DIA-48181: OS write system call failure
Beginning log switch checkpoint up to RBA
Thread 1 advanced to log sequence 949
Completed checkpoint up to RBA
Completed checkpoint up to RBA
Thread 1 advanced to log sequence 48
ORA-48004: unable to allocate _SYSSMU7$ bytes of shared memory (" _SYSSMU12$ "," reporting_schema "," 1024 "," NETWORK_OPS.SIM_INVENTORY ")
ARC0: Archival started
Thread 1 advanced to log sequence 151
ORA-09742: sppst: error during a post.
Archived Log entry 905 added for thread 1 sequence 2423
ORA-25277: cannot grant or revoke object privilege on release 8.0 compatible queues
Errors in file /u01/app/oracle/diag/rdbms/ttprod/ttprod1/trace/ttprod1_ora_82593.trc
Thread 1 advanced to log sequence 562
Undo initialization finished
Beginning log switch checkpoint up to RBA
Current log# 999 seq# 2683 mem# 0
Starting background process VKTM
PLW-05004: identifier user_sessions is also declared in STANDARD or is a SQL builtin
ARC0: Archival started
Completed checkpoint up to RBA
Archived Log entry 877 added for thread 1 sequence 2075
NNL-00295: Controller's local trace level is currently number
Completed checkpoint up to RBA
ORA-55615: Event to test archiver scheduled internal tasks
Completed checkpoint up to RBA
ORA-44305: service USERS is running
Current log# 738 seq# 6400 mem# 0
RMAN-06095: a backup control file must be restored to recover datafile reporting_schema
Beginning log switch checkpoint up to RBA
Archived Log entry 690 added for thread 1 sequence 6442
Undo initialization finished
Thread 1 advanced to log sequence 479
ARC0: Archival started
ORA-13228: spatial index create failed due to invalid type
Beginning log switch checkpoint up to RBA
Thread 1 advanced to log sequence 722
Thread 1 advanced to log sequence 852
Undo initialization finished
Thread 1 advanced to log sequence 195
NID-00420: Change of database name and ID failed during validation - database is intact.
Errors in file /u01/app/oracle/diag/rdbms/ttprod/ttprod1/trace/ttprod1_ora_38911.trc
Completed checkpoint up to RBA
PCB-00222: Size for host variable TNS_ADMIN exceeds maximum size
Beginning log switch checkpoint up to RBA
Undo initialization finished
Completed checkpoint up to RBA
ORA-13230: failed to create temporary table [ /u01/app/oracle/oradata/ttprod/users01.dbf ] during R-tree creation
Beginning log switch checkpoint up to RBA
ORA-29309: export dump file was generated by different version of DBMS_PITR package
Current log# 263 seq# 7655 mem# 0
ORA-55608: Default Flashback Archive does not exist
Thread 1 advanced to log sequence 865
Archived Log entry 611 added for thread 1 sequence 1713
Archived Log entry 234 added for thread 1 sequence 1106
ORA-19506: failed to create sequential file, name=" TNS_ADMIN ", parms=" NETWORK_OPS.SIM_INVENTORY "
Beginning log switch checkpoint up to RBA
Current log# 15 seq# 5997 mem# 0
Beginning log switch checkpoint up to RBA
Undo initialization finished
ORA-31214: DBMS_LDAP: PL/SQL - Invalid LDAP mod type.
Thread 1 advanced to log sequence 291
Archived Log entry 349 added for thread 1 sequence 8473
Completed checkpoint up to RBA
Archived Log entry 825 added for thread 1 sequence 6736
PGA-21114: cold starting for partner LU 5000
Errors in file /u01/app/oracle/diag/rdbms/ttprod/ttprod1/trace/ttprod1_ora_98629.trc
Beginning log switch checkpoint up to RBA
Archived Log entry 634 added for thread 1 sequence 1927
Completed checkpoint up to RBA
Undo initialization finished
RMAN-08106: channel CRM.CALL_DETAIL_RECORDS : restoring block(s)
Undo initialization finished
Beginning log switch checkpoint up to RBA
Completed checkpoint up to RBA
ARC0: Archival started
KUP-05005: Warning: Intra source concurrency disabled because a field of type RECNUM exists.
ARC0: Archival started
ARC0: Archival started
Beginning log switch checkpoint up to RBA
ORA-28584: heterogeneous apply internal error
Starting background process VKTM
Undo initialization finished
Completed checkpoint up to RBA
Archived Log entry 848 added for thread 1 sequence 7353
RMAN-06145: control file is not current - obsolete file list may be incomplete
Beginning log switch checkpoint up to RBA
Completed checkpoint up to RBA
Starting background process VKTM
ARC0: Archival started
Current log# 641 seq# 2421 mem# 0
RMAN-06514: archived logs required to recover from this copy will not be kept
Errors in file /u01/app/oracle/diag/rdbms/ttprod/ttprod1/trace/ttprod1_ora_50608.trc
Beginning log switch checkpoint up to RBA
Archived Log entry 548 added for thread 1 sequence 4737
Completed checkpoint up to RBA
ORA-26912: not allowed to invoke ' 3 ' while in committed data-only mode
ARC0: Archival started
ARC0: Archival started
ORA-10585: Test recovery can not apply redo that may modify control file
Archived Log entry 856 added for thread 1 sequence 1982
Archived Log entry 481 added for thread 1 sequence 7919
PRVF-05816: Unable to query the test DNS server started on address "{0}", listening on port {1}
Archived Log entry 699 added for thread 1 sequence 8408
Undo initialization finished
PRCD-01101: Failed to remove running instance {0} for database {1}
Errors in file /u01/app/oracle/diag/rdbms/ttprod/ttprod1/trace/ttprod1_ora_28018.trc
Beginning log switch checkpoint up to RBA
Beginning log switch checkpoint up to RBA
Current log# 856 seq# 3754 mem# 0
Beginning log switch checkpoint up to RBA
QSM-01110: query rewrite not possible with materialized view PK_CUSTOMER_ACCOUNTS because it contains a join between tables ( reporting_schema ) that is not present in the query and that potentially eliminates rows needed by the query
Errors in file /u01/app/oracle/diag/rdbms/ttprod/ttprod1/trace/ttprod1_ora_79689.trc
Undo initialization finished
Beginning log switch checkpoint up to RBA
Beginning log switch checkpoint up to RBA
ORA-40207: duplicate or multiple function settings
Undo initialization finished
ORA-18127: XUST0028 - Updating function should not have a return type
Beginning log switch checkpoint up to RBA
Current log# 60 seq# 5741 mem# 0
Current log# 406 seq# 7588 mem# 0
Starting background process VKTM
PRVF-09105: Linux RPM package version found to be lower than minimum required version of <"{0}"> on nodes:
Current log# 37 seq# 5375 mem# 0
ARC0: Archival started
ORA-02853: Invalid server list latch time out value
Starting background process VKTM
Current log# 431 seq# 1065 mem# 0
QSM-00518: Java is not enabled. Please execute INITJVM.SQL and INITQSMA.SQL
Errors in file /u01/app/oracle/diag/rdbms/ttprod/ttprod1/trace/ttprod1_ora_69591.trc
Undo initialization finished
Beginning log switch checkpoint up to RBA
Thread 1 advanced to log sequence 971
PRIF-00034: IPv6 subnets are not supported for cluster interconnect or Oracle ASM network
Archived Log entry 881 added for thread 1 sequence 8725
Current log# 225 seq# 5968 mem# 0
ORA-40216: feature not supported
Undo initialization finished
Undo initialization finished
Undo initialization finished
Starting background process VKTM
Archived Log entry 277 added for thread 1 sequence 1491
RMAN-08528: channel _SYSSMU12$ : proxy copy complete, elapsed time: TNS_ADMIN
Archived Log entry 421 added for thread 1 sequence 4232
Archived Log entry 282 added for thread 1 sequence 3108
ORA-55305: reification constructor functions not supported
Errors in file /u01/app/oracle/diag/rdbms/ttprod/ttprod1/trace/ttprod1_ora_25103.trc
Beginning log switch checkpoint up to RBA
ORA-33086: (XSAGINIT01) AGGMAP workspace object cannot be dimensioned by a conjoint dimension.
Current log# 333 seq# 2659 mem# 0
Thread 1 advanced to log sequence 660
Current log# 46 seq# 1579 mem# 0
Current log# 550 seq# 1085 mem# 0
Completed checkpoint up to RBA
RMAN-08542: channel ttstandby01 : starting proxy archived log backup at SYSAUX
Undo initialization finished
Undo initialization finished
Completed checkpoint up to RBA
Archived Log entry 593 added for thread 1 sequence 3645
Undo initialization finished
ORA-24068: cannot start queue ttstandby01 , queue table 1024 is being migrated
Thread 1 advanced to log sequence 165
Current log# 375 seq# 4176 mem# 0
Current log# 49 seq# 2548 mem# 0
Starting background process VKTM
RDE-00027: port number not found.
ARC0: Archival started
Current log# 980 seq# 9807 mem# 0
Undo initialization finished
Current log# 454 seq# 4666 mem# 0
ORA-31169: Number of children ( session_1123 ) defined in ' 5000 ' exceeds maximum ( BILLING.CUST_ORDERS )
Undo initialization finished
Undo initialization finished
Starting background process VKTM
Archived Log entry 723 added for thread 1 sequence 8638
Completed checkpoint up to RBA
PRCS-01017: Failed to configure Single Client Access Name {0}
Completed checkpoint up to RBA
Current log# 226 seq# 1845 mem# 0
Thread 1 advanced to log sequence 553
Archived Log entry 698 added for thread 1 sequence 8525
Archived Log entry 445 added for thread 1 sequence 8040
ORA-13333: invalid LRS measure
Archived Log entry 63 added for thread 1 sequence 7556
Undo initialization finished
ARC0: Archival started
Thread 1 advanced to log sequence 775
ORA-01201: file large pool header failed to write correctly
Archived Log entry 558 added for thread 1 sequence 8448
ARC0: Archival started
ARC0: Archival started
RMAN-08066: database reset to incarnation /u01/app/oracle/oradata/ttprod/users01.dbf
Completed checkpoint up to RBA
Thread 1 advanced to log sequence 6
Thread 1 advanced to log sequence 667
ORA-19330: Type ' NETWORK_OPS.SIM_INVENTORY '.' UNDOTBS1 ' not installed. Please install the type before using the CREATE_DBURI operator
Starting background process VKTM
PRCR-01011: Failed to enable resource {0}
Current log# 703 seq# 2195 mem# 0
Undo initialization finished
ARC0: Archival started
RMAN-08109: channel INVOICE_LINES_IDX : restored block(s) from backup piece reporting_schema
ARC0: Archival started
Current log# 258 seq# 6946 mem# 0
Current log# 941 seq# 2868 mem# 0
Thread 1 advanced to log sequence 149
ARC0: Archival started
ORA-16550: truncated result
Errors in file /u01/app/oracle/diag/rdbms/ttprod/ttprod1/trace/ttprod1_ora_34090.trc
Current log# 419 seq# 4688 mem# 0
Beginning log switch checkpoint up to RBA
Starting background process VKTM
ORA-15739: invalid name " CRM.CALL_DETAIL_RECORDS " for SQL Performance Analyzer task
Starting background process VKTM
Current log# 637 seq# 6923 mem# 0
ARC0: Archival started
TNS-04141: Unable to find CMAN.ORA file.
ARC0: Archival started
Starting background process VKTM
Current log# 851 seq# 9824 mem# 0
DRG-12600: user datastore procedure name contains a semicolon
Current log# 916 seq# 8810 mem# 0
Thread 1 advanced to log sequence 56
Beginning log switch checkpoint up to RBA
Thread 1 advanced to log sequence 110
ORA-06533: Subscript beyond count
ARC0: Archival started
ORA-15507: cannot start workload replay on instance ttstandby01
Thread 1 advanced to log sequence 373
PRCD-01027: Failed to retrieve database {0}
ARC0: Archival started
Archived Log entry 536 added for thread 1 sequence 2701
Current log# 885 seq# 8769 mem# 0
Beginning log switch checkpoint up to RBA
Thread 1 advanced to log sequence 958
ORA-24384: Application context size is not initialized
Errors in file /u01/app/oracle/diag/rdbms/ttprod/ttprod1/trace/ttprod1_ora_40510.trc
Archived Log entry 459 added for thread 1 sequence 1303
Current log# 529 seq# 8924 mem# 0
Undo initialization finished
Beginning log switch checkpoint up to RBA
CRS-05005: IP Address: CDR_STAGING is already in use in the network
Starting background process VKTM
Archived Log entry 638 added for thread 1 sequence 6171
ARC0: Archival started
Starting background process VKTM
Undo initialization finished
DIA-48344: Invalid Name [ reporting_schema ] specified
Errors in file /u01/app/oracle/diag/rdbms/ttprod/ttprod1/trace/ttprod1_ora_11157.trc
Beginning log switch checkpoint up to RBA
Undo initialization finished
Archived Log entry 141 added for thread 1 sequence 4235
ORA-15746: Missing EXECUTE privilege on DBMS_AUTO_SQLTUNE.
Starting background process VKTM
Thread 1 advanced to log sequence 450
Current log# 980 seq# 7004 mem# 0
Undo initialization finished
ORA-39083: Object type fk_order_customer failed to create with error: 42 Failing sql is: pk_orders
Starting background process VKTM
ARC0: Archival started
Current log# 87 seq# 3240 mem# 0
Beginning log switch checkpoint up to RBA
Beginning log switch checkpoint up to RBA
NID-00305: Datafile SYSAUX - already changed
Starting background process VKTM
NID-00420: Change of database name and ID failed during validation - database is intact.
Completed checkpoint up to RBA
ORA-30475: feature not enabled: INVOICE_LINES_IDX
Current log# 647 seq# 9723 mem# 0
ARC0: Archival started
Completed checkpoint up to RBA
RMAN-08018: channel APP_USER42 : starting archived log restore to user-specified destination
Undo initialization finished
Current log# 388 seq# 2699 mem# 0
Starting background process VKTM
Thread 1 advanced to log sequence 409
Current log# 893 seq# 2835 mem# 0
ORA-12439: invalid combination of policy options
Thread 1 advanced to log sequence 275
Undo initialization finished
ORA-26690: datatype not supported at non-Oracle system
Errors in file /u01/app/oracle/diag/rdbms/ttprod/ttprod1/trace/ttprod1_ora_56366.trc
Starting background process VKTM
Undo initialization finished
Starting background process VKTM
ARC0: Archival started
Archived Log entry 413 added for thread 1 sequence 7391
INS-35175: No value given for the allocated memory of the database.
Current log# 612 seq# 2227 mem# 0
Thread 1 advanced to log sequence 382
ARC0: Archival started
Completed checkpoint up to RBA
Starting background process VKTM
ORA-48479: No HM runs are created
Completed checkpoint up to RBA
Completed checkpoint up to RBA
Current log# 77 seq# 2612 mem# 0
ORA-36845: (XSLMGEN15) Owner is greater than 30 bytes
Errors in file /u01/app/oracle/diag/rdbms/ttprod/ttprod1/trace/ttprod1_ora_49536.trc
Completed checkpoint up to RBA
Starting background process VKTM
Current log# 301 seq# 2707 mem# 0
RMAN-06731: command 17 : reporting_schema % complete, time left number : number : number
ARC0: Archival started
Current log# 935 seq# 3328 mem# 0
Archived Log entry 557 added for thread 1 sequence 9631
Completed checkpoint up to RBA
Thread 1 advanced to log sequence 126
RMAN-08109: channel app_db : restored block(s) from backup piece PK_CUSTOMER_ACCOUNTS
Completed checkpoint up to RBA
Completed checkpoint up to RBA
Starting background process VKTM
ORA-19701: device name exceeds maximum length of 3
Current log# 51 seq# 9031 mem# 0
Undo initialization finished
PGU-41085: transaction definition app_db version number deleted from PG DD
Thread 1 advanced to log sequence 956
NNL-00999: ALIAS LOOP responses received: number
Completed checkpoint up to RBA
Undo initialization finished
Undo initialization finished
PRKO-02389: Invalid command line options. Neither -A nor -n can be specified with -S.
Errors in file /u01/app/oracle/diag/rdbms/ttprod/ttprod1/trace/ttprod1_ora_46459.trc
Starting background process VKTM
Starting background process VKTM
CRS-01618: The requested node kill information change could not be validated by node user_sessions ; details at 3 in /u01/app/oracle/oradata/ttprod/users01.dbf
Archived Log entry 864 added for thread 1 sequence 5709
Completed checkpoint up to RBA
Completed checkpoint up to RBA
Completed checkpoint up to RBA
ORA-32804: invalid value large pool , pg_toast_12345 should have form idx_users_email
Beginning log switch checkpoint up to RBA
Archived Log entry 29 added for thread 1 sequence 4256
Current log# 286 seq# 8513 mem# 0
Current log# 61 seq# 5774 mem# 0
Current log# 486 seq# 1881 mem# 0
NNL-00917: Artificial request processing delay: ttprod2
Beginning log switch checkpoint up to RBA
Thread 1 advanced to log sequence 949
INS-30071: An error occured while trying to determine the running processes or services.
Current log# 244 seq# 8086 mem# 0
Completed checkpoint up to RBA
ORA-07645: sszfsl: $CHANGE_CLASS failure
Errors in file /u01/app/oracle/diag/rdbms/ttprod/ttprod1/trace/ttprod1_ora_76206.trc
Beginning log switch checkpoint up to RBA
ARC0: Archival started
Current log# 310 seq# 3775 mem# 0
Completed checkpoint up to RBA
Thread 1 advanced to log sequence 99
NNO-00625: overriding auto-refresh of name " 1024 ", type " large pool ", refresh in number seconds
Errors in file /u01/app/oracle/diag/rdbms/ttprod/ttprod1/trace/ttprod1_ora_45609.trc
Thread 1 advanced to log sequence 179
Starting background process VKTM
Undo initialization finished
Completed checkpoint up to RBA
Undo initialization finished
NCR-04025: NCRR: Operation timed out
Undo initialization finished
Archived Log entry 555 added for thread 1 sequence 2307
Starting background process VKTM
Current log# 94 seq# 6593 mem# 0
Archived Log entry 984 added for thread 1 sequence 1606
TNS-00504: Operation not supported
Errors in file /u01/app/oracle/diag/rdbms/ttprod/ttprod1/trace/ttprod1_ora_17414.trc
Thread 1 advanced to log sequence 160
Undo initialization finished
ARC0: Archival started
Completed checkpoint up to RBA
Thread 1 advanced to log sequence 374
ORA-09828: SCLFR: atomic latch return error.
Errors in file /u01/app/oracle/diag/rdbms/ttprod/ttprod1/trace/ttprod1_ora_72397.trc
Completed checkpoint up to RBA
Completed checkpoint up to RBA
TNS-00104: Data stream open/access error
Errors in file /u01/app/oracle/diag/rdbms/ttprod/ttprod1/trace/ttprod1_ora_17954.trc
ARC0: Archival started
Beginning log switch checkpoint up to RBA
RMAN-06518: backup will be obsolete on date /u01/app/oracle/oradata/ttprod/users01.dbf
Errors in file /u01/app/oracle/diag/rdbms/ttprod/ttprod1/trace/ttprod1_ora_85187.trc
Starting background process VKTM
Current log# 557 seq# 2765 mem# 0
Archived Log entry 713 added for thread 1 sequence 7041
Beginning log switch checkpoint up to RBA
ORA-06952: Remote end of the communication issued a forward-reset packet.
Current log# 16 seq# 5599 mem# 0
PRCH-01031: One or more resources failed to start: {0}
Undo initialization finished
Thread 1 advanced to log sequence 300
ORA-01609: log ttprod2 is the current log for thread /u01/app/oracle/oradata/ttprod/users01.dbf - cannot drop members
Completed checkpoint up to RBA
Undo initialization finished
Completed checkpoint up to RBA
Starting background process VKTM
EXP-00113: Feature APP_USER42 is unsupported. large pool _SYSSMU7$ . SP2-0552 could not be exported
ARC0: Archival started
ARC0: Archival started
Archived Log entry 252 added for thread 1 sequence 6953
Archived Log entry 665 added for thread 1 sequence 4225
ORA-06931: CMX: error during read_properties for server
Completed checkpoint up to RBA
Beginning log switch checkpoint up to RBA
Thread 1 advanced to log sequence 576
ORA-47243: error deleting Realm idx_users_email , TNS_ADMIN
Current log# 864 seq# 7857 mem# 0
Archived Log entry 70 added for thread 1 sequence 7596
Undo initialization finished
ORA-06743: TLI Driver: cannot alloc t_bind
Completed checkpoint up to RBA
Starting background process VKTM
ARC0: Archival started
Starting background process VKTM
ORA-29497: duplicate task name
ARC0: Archival started
Archived Log entry 910 added for thread 1 sequence 3551
Archived Log entry 331 added for thread 1 sequence 7249
Undo initialization finished
ORA-00037: cannot switch to a session belonging to a different server group
Starting background process VKTM
Archived Log entry 154 added for thread 1 sequence 8638
Undo initialization finished
Starting background process VKTM
Archived Log entry 478 added for thread 1 sequence 2104
RMAN-05591: Ignoring error, reattempt command after duplicate finishes
Archived Log entry 299 added for thread 1 sequence 9145
Completed checkpoint up to RBA
Thread 1 advanced to log sequence 92
Undo initialization finished
PCC-02447: Cannot specify destination offset in a LOB WRITE APPEND
Archived Log entry 115 added for thread 1 sequence 7552
NID-00500: Keyword Description (Default)
Archived Log entry 196 added for thread 1 sequence 4068
Current log# 310 seq# 7186 mem# 0
Archived Log entry 148 added for thread 1 sequence 4143
Thread 1 advanced to log sequence 611
PRKO-03126: Invalid GNS logging level: "{0}"
ARC0: Archival started
ARC0: Archival started
Archived Log entry 17 added for thread 1 sequence 5034
ORA-09986: wrong number of bytes read from SGA definition file
ARC0: Archival started
Thread 1 advanced to log sequence 176
Current log# 134 seq# 8062 mem# 0
Completed checkpoint up to RBA
ORA-16784: database name specified by Dependency property is incorrect
Beginning log switch checkpoint up to RBA
Thread 1 advanced to log sequence 890
ORA-39267: Cannot remove default from table column.
Errors in file /u01/app/oracle/diag/rdbms/ttprod/ttprod1/trace/ttprod1_ora_99516.trc
Archived Log entry 330 added for thread 1 sequence 4722
ORA-12444: policy already applied to table
Starting background process VKTM
Archived Log entry 560 added for thread 1 sequence 9210
Undo initialization finished
ORA-28071: The action is not valid.
Archived Log entry 140 added for thread 1 sequence 4398
Current log# 585 seq# 4712 mem# 0
ARC0: Archival started
PRCC-01018: A request to retrieve private network addresses for node {0} found no addresses
Errors in file /u01/app/oracle/diag/rdbms/ttprod/ttprod1/trace/ttprod1_ora_43256.trc
Completed checkpoint up to RBA
Archived Log entry 887 added for thread 1 sequence 9455
Starting background process VKTM
Current log# 341 seq# 4099 mem# 0
ORA-15021: parameter " TNS_ADMIN " is not valid in 42 instance
Thread 1 advanced to log sequence 373
ORA-19699: cannot make copies with compression enabled
Beginning log switch checkpoint up to RBA
Undo initialization finished
Undo initialization finished
Current log# 982 seq# 1542 mem# 0
Completed checkpoint up to RBA
ORA-30691: failed to allocate system resources while registering a TCP/IP connection for data traffic detection
Thread 1 advanced to log sequence 706
Archived Log entry 614 added for thread 1 sequence 7653
Beginning log switch checkpoint up to RBA
Archived Log entry 344 added for thread 1 sequence 7994
RMAN-06197: Total System Global Area ttprod2 bytes
Thread 1 advanced to log sequence 512
INS-40918: Virtual IP name: ttprod1 cannot be in IP Address format.
Errors in file /u01/app/oracle/diag/rdbms/ttprod/ttprod1/trace/ttprod1_ora_99833.trc
Beginning log switch checkpoint up to RBA
Beginning log switch checkpoint up to RBA
Undo initialization finished
ARC0: Archival started
Completed checkpoint up to RBA
ORA-08233: smsdes: cannot unmap SGA
Completed checkpoint up to RBA
Current log# 329 seq# 7452 mem# 0
Starting background process VKTM
Starting background process VKTM
Undo initialization finished
ORA-38874: cannot flashback data file shared pool - missing incarnation information
Beginning log switch checkpoint up to RBA
Completed checkpoint up to RBA
ARC0: Archival started
Starting background process VKTM
Starting background process VKTM
QSM-00767: a SQL cache is not available to user /u01/app/oracle/oradata/ttprod/users01.dbf
Thread 1 advanced to log sequence 417
ARC0: Archival started
Starting background process VKTM
ORA-53052: lock release returned error: CRM.CALL_DETAIL_RECORDS
Current log# 864 seq# 2955 mem# 0
Beginning log switch checkpoint up to RBA
Beginning log switch checkpoint up to RBA
Undo initialization finished
Current log# 596 seq# 4562 mem# 0
ORA-39800: Database version number does not support the load of multiple subtypes.
Undo initialization finished
ORA-12916: cannot shrink permanent or dictionary managed tablespace
Beginning log switch checkpoint up to RBA
Undo initialization finished
ARC0: Archival started
Thread 1 advanced to log sequence 971
Completed checkpoint up to RBA
ORA-48134: invalid file descriptor state for operation, CDR_STAGING , 5000 , user_sessions
Completed checkpoint up to RBA
Current log# 900 seq# 7170 mem# 0
RMAN-06779: import validation complete
Undo initialization finished
Current log# 251 seq# 2388 mem# 0
ARC0: Archival started
ORA-15559: workload replay client cannot open workload capture file
ARC0: Archival started
Completed checkpoint up to RBA
Completed checkpoint up to RBA
Current log# 161 seq# 8256 mem# 0
ORA-53020: invalid external reference in the constraint document: CRM.CALL_DETAIL_RECORDS
Errors in file /u01/app/oracle/diag/rdbms/ttprod/ttprod1/trace/ttprod1_ora_48737.trc
Archived Log entry 758 added for thread 1 sequence 3929
Beginning log switch checkpoint up to RBA
Thread 1 advanced to log sequence 543
Archived Log entry 978 added for thread 1 sequence 3131
Thread 1 advanced to log sequence 692
ORA-29533: attempt to overwrite class or resource ttprod2 while defining or compiling 42 . UNDOTBS1
Current log# 6 seq# 7084 mem# 0
ARC0: Archival started
Starting background process VKTM
Completed checkpoint up to RBA
PRVF-05319: Oracle Cluster Synchronization Services do not appear to be online.
Beginning log switch checkpoint up to RBA
Beginning log switch checkpoint up to RBA
Undo initialization finished
Undo initialization finished
NNL-00930: Requests refused, unknown data type: number
Archived Log entry 894 added for thread 1 sequence 2340
Starting background process VKTM
Completed checkpoint up to RBA
Completed checkpoint up to RBA
RMAN-08091: channel 42 : specifying datafile(s) for proxy backup
Errors in file /u01/app/oracle/diag/rdbms/ttprod/ttprod1/trace/ttprod1_ora_10233.trc
Beginning log switch checkpoint up to RBA
Current log# 173 seq# 3970 mem# 0
Archived Log entry 683 added for thread 1 sequence 4296
Current log# 709 seq# 6841 mem# 0
Thread 1 advanced to log sequence 179
CRS-02606: Server ' NETWORK_OPS.SIM_INVENTORY ' may not be relocated from server pool ' 42 ' because it is not above its minimum size
Undo initialization finished
Thread 1 advanced to log sequence 633
Beginning log switch checkpoint up to RBA
Undo initialization finished
Current log# 900 seq# 1633 mem# 0
INS-41314: File USERS already exists. The installer will make an attempt to replace this file.
Thread 1 advanced to log sequence 997
PCC-01511: Identifier on line number in file NETWORK_OPS.SIM_INVENTORY too long for code generated in file idx_users_email
Errors in file /u01/app/oracle/diag/rdbms/ttprod/ttprod1/trace/ttprod1_ora_90968.trc
Current log# 605 seq# 4035 mem# 0
Current log# 337 seq# 3903 mem# 0
Completed checkpoint up to RBA
ORA-23610: internal dbms_streams_tablespaces error: [ /u01/app/oracle/oradata/ttprod/users01.dbf ] [ _SYSSMU7$ ] [ PK_CUSTOMER_ACCOUNTS ] [ session_1123 ]
Completed checkpoint up to RBA
Completed checkpoint up to RBA
ORA-16731: error executing DBMS_LOGSTDBY.UNSKIP_TXN procedure
Archived Log entry 901 added for thread 1 sequence 3527
PLS-00209: table ' shared pool ' is not in FROM clause
ARC0: Archival started
Current log# 218 seq# 1389 mem# 0
Thread 1 advanced to log sequence 73
Starting background process VKTM
ORA-37573: no limits logged
Errors in file /u01/app/oracle/diag/rdbms/ttprod/ttprod1/trace/ttprod1_ora_56190.trc
Thread 1 advanced to log sequence 39
Archived Log entry 616 added for thread 1 sequence 7814
Starting background process VKTM
Thread 1 advanced to log sequence 427
ORA-53253: The metadata for the new DICOM object is invalid.
Errors in file /u01/app/oracle/diag/rdbms/ttprod/ttprod1/trace/ttprod1_ora_13827.trc
Starting background process VKTM
Completed checkpoint up to RBA
ORA-01945: DEFAULT ROLE[S] already specified
Errors in file /u01/app/oracle/diag/rdbms/ttprod/ttprod1/trace/ttprod1_ora_68080.trc
Undo initialization finished
Thread 1 advanced to log sequence 276
ARC0: Archival started
Completed checkpoint up to RBA
Current log# 807 seq# 9654 mem# 0
ORA-07700: sksarch: interrupt received
ARC0: Archival started
Starting background process VKTM
Archived Log entry 64 added for thread 1 sequence 4118
ARC0: Archival started
Thread 1 advanced to log sequence 419
RMAN-06162: sql statement: session_1123
ARC0: Archival started
ORA-25266: didnt try to dequeue by message id. with the signature
Errors in file /u01/app/oracle/diag/rdbms/ttprod/ttprod1/trace/ttprod1_ora_18701.trc
Thread 1 advanced to log sequence 422
Undo initialization finished
PCB-00001: pg_toast_12345
Starting background process VKTM
Completed checkpoint up to RBA
RMAN-05032: datafile 3 will be created automatically during restore operation
Beginning log switch checkpoint up to RBA
Archived Log entry 222 added for thread 1 sequence 2093
Archived Log entry 508 added for thread 1 sequence 3419
Beginning log switch checkpoint up to RBA
JMS-00426: Property does not exist
Errors in file /u01/app/oracle/diag/rdbms/ttprod/ttprod1/trace/ttprod1_ora_87472.trc
Undo initialization finished
Thread 1 advanced to log sequence 888
RMAN-00701: SCRIPT requires that CATALOG be specified on the command line
Errors in file /u01/app/oracle/diag/rdbms/ttprod/ttprod1/trace/ttprod1_ora_88692.trc
Current log# 43 seq# 3965 mem# 0
ARC0: Archival started
Archived Log entry 281 added for thread 1 sequence 5168
Beginning log switch checkpoint up to RBA
NZE-28858: SSL protocol error
Current log# 97 seq# 4716 mem# 0
Starting background process VKTM
ARC0: Archival started
LPX-00705: elem has no role
Errors in file /u01/app/oracle/diag/rdbms/ttprod/ttprod1/trace/ttprod1_ora_63742.trc
Thread 1 advanced to log sequence 839
Archived Log entry 748 added for thread 1 sequence 9742
RMAN-05526: datafile number not processed because file is OFFLINE IMMEDIATE
Errors in file /u01/app/oracle/diag/rdbms/ttprod/ttprod1/trace/ttprod1_ora_72159.trc
Undo initialization finished
Beginning log switch checkpoint up to RBA
Beginning log switch checkpoint up to RBA
CRS-00006: file rotation processing continues for file: " SP2-0552 "
ARC0: Archival started
Completed checkpoint up to RBA
RMAN-05047: Import completed
Errors in file /u01/app/oracle/diag/rdbms/ttprod/ttprod1/trace/ttprod1_ora_21315.trc
Starting background process VKTM
ARC0: Archival started
Current log# 950 seq# 2378 mem# 0
ORA-29785: GPnP attribute GET failed with error [ ttprod2 ]
Errors in file /u01/app/oracle/diag/rdbms/ttprod/ttprod1/trace/ttprod1_ora_98850.trc
Starting background process VKTM
Current log# 670 seq# 1677 mem# 0
Undo initialization finished
Completed checkpoint up to RBA
PRVF-05805: Unable to start the test DNS server
Completed checkpoint up to RBA
Current log# 620 seq# 5142 mem# 0
RMAN-08620: uncataloged foreign archived log
Errors in file /u01/app/oracle/diag/rdbms/ttprod/ttprod1/trace/ttprod1_ora_75353.trc
Current log# 319 seq# 4182 mem# 0
Starting background process VKTM
Completed checkpoint up to RBA
Archived Log entry 561 added for thread 1 sequence 4032
ARC0: Archival started
DIA-48463: The value buffer reached the maximum length [ CDR_STAGING ]
ARC0: Archival started
Starting background process VKTM
Undo initialization finished
Starting background process VKTM
ORA-10947: trace name context forever
Beginning log switch checkpoint up to RBA
LPX-00214: CDATA section did not end in "]]>"
Errors in file /u01/app/oracle/diag/rdbms/ttprod/ttprod1/trace/ttprod1_ora_67498.trc
Archived Log entry 380 added for thread 1 sequence 9603
Current log# 270 seq# 4506 mem# 0
Completed checkpoint up to RBA
ARC0: Archival started
CRS-09027: Error idx_users_email : Parameter PK_CUSTOMER_ACCOUNTS is not supported with this verb
Starting background process VKTM
DRG-12204: error while dropping section group ttprod2
Completed checkpoint up to RBA
LSX-00156: type is final and no derivations are allowed
Current log# 118 seq# 7644 mem# 0
Archived Log entry 438 added for thread 1 sequence 6182
Thread 1 advanced to log sequence 188
Beginning log switch checkpoint up to RBA
Thread 1 advanced to log sequence 88
ORA-03207: subpartitioned type must be specified for composite object
Completed checkpoint up to RBA
Current log# 414 seq# 9124 mem# 0
Current log# 285 seq# 7643 mem# 0
Thread 1 advanced to log sequence 37
Starting background process VKTM
ORA-19780: Active Data Guard option not enabled
Thread 1 advanced to log sequence 288
ARC0: Archival started
Current log# 963 seq# 7801 mem# 0
Starting background process VKTM
ORA-07502: scgcmn: $enq unexpected return
Errors in file /u01/app/oracle/diag/rdbms/ttprod/ttprod1/trace/ttprod1_ora_35144.trc
Current log# 30 seq# 3214 mem# 0
Current log# 401 seq# 3194 mem# 0
RMAN-08074: crosschecked backup piece: found to be ' 5000 '
Beginning log switch checkpoint up to RBA
ORA-44706: Must have xsd:maxOccurs='unbounded' for translated elements
Completed checkpoint up to RBA
Completed checkpoint up to RBA
Starting background process VKTM
Beginning log switch checkpoint up to RBA
NNL-00992: Auto-refresh failure retry interval: APP_USER42
Errors in file /u01/app/oracle/diag/rdbms/ttprod/ttprod1/trace/ttprod1_ora_19235.trc
Thread 1 advanced to log sequence 992
Beginning log switch checkpoint up to RBA
RMAN-05518: Automatically adding tablespace CRM.CALL_DETAIL_RECORDS
Current log# 885 seq# 5198 mem# 0
Archived Log entry 407 added for thread 1 sequence 6895
ORA-32601: value for retention cannot be provided
Undo initialization finished
Archived Log entry 688 added for thread 1 sequence 3950
PRVF-09800: An exception occurred while attempting to determine storage type for location "{0}"
Errors in file /u01/app/oracle/diag/rdbms/ttprod/ttprod1/trace/ttprod1_ora_37340.trc
Completed checkpoint up to RBA
Starting background process VKTM
Beginning log switch checkpoint up to RBA
PLS-00563: illegal use of CAST expression
Errors in file /u01/app/oracle/diag/rdbms/ttprod/ttprod1/trace/ttprod1_ora_91728.trc
ARC0: Archival started
Thread 1 advanced to log sequence 477
CRS-04226: Unexpected authorization error while saving the IPMI credentials wallet: 5000
ARC0: Archival started
Beginning log switch checkpoint up to RBA
Completed checkpoint up to RBA
Completed checkpoint up to RBA
Archived Log entry 590 added for thread 1 sequence 4449
ORA-12592: TNS:bad packet
Starting background process VKTM
Undo initialization finished
DIA-48448: This command does not support multiple ADR homes
Errors in file /u01/app/oracle/diag/rdbms/ttprod/ttprod1/trace/ttprod1_ora_12071.trc
Starting background process VKTM
Undo initialization finished
RMAN-07525: Reason: File is not a supported file type in Recovery Area
Archived Log entry 304 added for thread 1 sequence 2404
CLSU-00220: clsem FATAL exception: 1024
Errors in file /u01/app/oracle/diag/rdbms/ttprod/ttprod1/trace/ttprod1_ora_86504.trc
Starting background process VKTM
Archived Log entry 765 added for thread 1 sequence 8753
ORA-30100: internal error [ number ]
Errors in file /u01/app/oracle/diag/rdbms/ttprod/ttprod1/trace/ttprod1_ora_93713.trc
Archived Log entry 165 added for thread 1 sequence 1960
Completed checkpoint up to RBA
Starting background process VKTM
ORA-02067: transaction or savepoint rollback required
Current log# 972 seq# 9085 mem# 0
Beginning log switch checkpoint up to RBA
ARC0: Archival started
NPL-00413: incoming ASN.1 encoding has length 42 , maximum allowed is reporting_schema
Current log# 577 seq# 2784 mem# 0
Archived Log entry 326 added for thread 1 sequence 5219
Beginning log switch checkpoint up to RBA
Thread 1 advanced to log sequence 752
Starting background process VKTM
ORA-13703: The snapshot pair [ fk_order_customer , INVOICE_LINES_IDX ] for database_id /u01/app/oracle/oradata/ttprod/users01.dbf and instance_id NETWORK_OPS.SIM_INVENTORY are not found in the current repository.
Thread 1 advanced to log sequence 74
PRCD-01004: Service {0} is dependent upon server pool {1}
Thread 1 advanced to log sequence 951
TNS-00210: Total Pumps Available : number
Undo initialization finished
Current log# 378 seq# 2533 mem# 0
PRVF-04314: There is no primary group on this Operating System
Errors in file /u01/app/oracle/diag/rdbms/ttprod/ttprod1/trace/ttprod1_ora_66087.trc
ARC0: Archival started
ORA-09916: Required password was not specified.
Current log# 351 seq# 6139 mem# 0
ARC0: Archival started
Beginning log switch checkpoint up to RBA
Archived Log entry 648 added for thread 1 sequence 5018
ORA-26922: user TNS_ADMIN does not have SELECT ANY TRANSACTION privilege
Completed checkpoint up to RBA
Beginning log switch checkpoint up to RBA
Beginning log switch checkpoint up to RBA
NNL-01002: NOT AUTHORITY responses received: number
Completed checkpoint up to RBA
Archived Log entry 239 added for thread 1 sequence 8998
Completed checkpoint up to RBA
Archived Log entry 57 added for thread 1 sequence 2141
TNS-12170: TNS: connect timeout occurred
Beginning log switch checkpoint up to RBA
Undo initialization finished
Undo initialization finished
PRVF-03928: Adding the Oracle binary location to the PATH environment variable will exceed the OS length limit of [ "{0}" ], The maximum allowed length for PATH environment variable is ["{1}"] on the nodes:
Current log# 605 seq# 4884 mem# 0
Beginning log switch checkpoint up to RBA
Archived Log entry 960 added for thread 1 sequence 9203
CLST-02103: Unable to parse TCP port options specified.
Errors in file /u01/app/oracle/diag/rdbms/ttprod/ttprod1/trace/ttprod1_ora_15377.trc
Current log# 482 seq# 9902 mem# 0
Thread 1 advanced to log sequence 950
Current log# 615 seq# 2967 mem# 0
Beginning log switch checkpoint up to RBA
OCI-22609: error app_db during initialization of FDO
Starting background process VKTM
Starting background process VKTM
Archived Log entry 177 added for thread 1 sequence 6770
Undo initialization finished
NNL-00267: Address is BILLING.CUST_ORDERS
Current log# 405 seq# 8814 mem# 0
Thread 1 advanced to log sequence 651
Archived Log entry 113 added for thread 1 sequence 6995
ARC0: Archival started
RMAN-07210: new failures after most recent LIST FAILURE command
ARC0: Archival started
Completed checkpoint up to RBA
ARC0: Archival started
Archived Log entry 792 added for thread 1 sequence 7590
Completed checkpoint up to RBA
ORA-28057: name of the password file could not be constructed
Errors in file /u01/app/oracle/diag/rdbms/ttprod/ttprod1/trace/ttprod1_ora_42378.trc
Current log# 855 seq# 2815 mem# 0
Archived Log entry 413 added for thread 1 sequence 2661
Thread 1 advanced to log sequence 360
Current log# 769 seq# 1818 mem# 0
Thread 1 advanced to log sequence 416
NNL-00340: Trace file name is currently BILLING.CUST_ORDERS
Errors in file /u01/app/oracle/diag/rdbms/ttprod/ttprod1/trace/ttprod1_ora_82415.trc
Current log# 702 seq# 7505 mem# 0
Undo initialization finished
Starting background process VKTM
Undo initialization finished
QSM-02091: mv references a non-repeatable or session-sensitive expression
Archived Log entry 152 added for thread 1 sequence 9680
ORA-01299: dictionary SYSAUX corresponds to a different database incarnation
Completed checkpoint up to RBA
Beginning log switch checkpoint up to RBA
Current log# 961 seq# 4614 mem# 0
Completed checkpoint up to RBA
Starting background process VKTM
PRKO-02188: All the node applications already exist. They were not recreated.
Current log# 19 seq# 4743 mem# 0
Archived Log entry 152 added for thread 1 sequence 1563
Current log# 258 seq# 1153 mem# 0
ORA-39318: Cannot alter user name.
Archived Log entry 364 added for thread 1 sequence 7278
CRS-09027: Error 17 : Parameter pk_orders is not supported with this verb
Completed checkpoint up to RBA
Archived Log entry 78 added for thread 1 sequence 9976
INS-00007: Help not available for this application
Undo initialization finished
ARC0: Archival started
Undo initialization finished
RDE-00034: address not registered: " 1024 "
Undo initialization finished
Beginning log switch checkpoint up to RBA
PROC-00050: The Oracle Cluster Registry location to be added is inaccessible on nodes SYSAUX .
Beginning log switch checkpoint up to RBA
Undo initialization finished
ORA-13972: ttprod2 " 17 " unknown for SP2-0552 " ttprod2 "
Errors in file /u01/app/oracle/diag/rdbms/ttprod/ttprod1/trace/ttprod1_ora_29115.trc
Current log# 427 seq# 5123 mem# 0
ARC0: Archival started
Beginning log switch checkpoint up to RBA
ARC0: Archival started
CRS-02612: Server pools do not have attribute named ' /u01/app/oracle/oradata/ttprod/users01.dbf '
Undo initialization finished
ORA-39305: Cannot alter attribute of sequence: fk_order_customer
Beginning log switch checkpoint up to RBA
ARC0: Archival started
ARC0: Archival started
EXP-00110: Tablespace 17 is encrypted and will not be exported
Starting background process VKTM
Beginning log switch checkpoint up to RBA
Starting background process VKTM
RMAN-05599: PASSWORD clause is not needed when duplicating for standby database from active database
Beginning log switch checkpoint up to RBA
ORA-27378: cannot stop jobs of type EXECUTABLE on this platform
Archived Log entry 601 added for thread 1 sequence 2324
Beginning log switch checkpoint up to RBA
RMAN-06153: validation failed for datafile copy
Errors in file /u01/app/oracle/diag/rdbms/ttprod/ttprod1/trace/ttprod1_ora_12828.trc
Undo initialization finished
Current log# 480 seq# 2972 mem# 0
RMAN-06193: connected to target database (not started)
Completed checkpoint up to RBA
Completed checkpoint up to RBA
RMAN-06405: database closed
Beginning log switch checkpoint up to RBA
PCB-00322: EXEC SQL LOB statements an Oracle extension
ARC0: Archival started
ORA-15262: user ' TNS_ADMIN ' does not exist in disk group ' 1024 '
ARC0: Archival started
ORA-13351: two or more rings of a complex polygon overlap
Current log# 229 seq# 4707 mem# 0
Thread 1 advanced to log sequence 934
Thread 1 advanced to log sequence 428
Starting background process VKTM
Archived Log entry 215 added for thread 1 sequence 7844
RMAN-08025: channel _SYSSMU12$ : copied control file copy
Thread 1 advanced to log sequence 819
Beginning log switch checkpoint up to RBA
Thread 1 advanced to log sequence 61
Undo initialization finished
Current log# 60 seq# 8549 mem# 0
KUP-05008: Warning: Intra source concurrency disabled because the input data is in DELIMITED record format and the characterset is neither fixed width nor UTF8.
Errors in file /u01/app/oracle/diag/rdbms/ttprod/ttprod1/trace/ttprod1_ora_79292.trc
Beginning log switch checkpoint up to RBA
Beginning log switch checkpoint up to RBA
NZE-29034: Correct cipher suite or client authentication is needed.
Errors in file /u01/app/oracle/diag/rdbms/ttprod/ttprod1/trace/ttprod1_ora_25316.trc
ARC0: Archival started
Thread 1 advanced to log sequence 421
RMAN-06456: command is obsolete
Errors in file /u01/app/oracle/diag/rdbms/ttprod/ttprod1/trace/ttprod1_ora_43680.trc
Completed checkpoint up to RBA
Undo initialization finished
ARC0: Archival started
Undo initialization finished
ARC0: Archival started
PGU-00385: could not locate pgau resource file, SYSAUX
ARC0: Archival started
Undo initialization finished
Completed checkpoint up to RBA
ORA-19759: block change tracking is not enabled
Beginning log switch checkpoint up to RBA
ARC0: Archival started
Undo initialization finished
Archived Log entry 20 added for thread 1 sequence 4311
RMAN-05051: analyzing automatic repair options; this may take some time
Errors in file /u01/app/oracle/diag/rdbms/ttprod/ttprod1/trace/ttprod1_ora_25015.trc
Current log# 911 seq# 3544 mem# 0
Current log# 552 seq# 9548 mem# 0
Beginning log switch checkpoint up to RBA
Current log# 725 seq# 6116 mem# 0
Current log# 93 seq# 7105 mem# 0
NCR-02011: NCRF: Exceeded maximum number of rfids.
Beginning log switch checkpoint up to RBA
Beginning log switch checkpoint up to RBA
PRCO-00001: Failed to initialize olsnodes
Thread 1 advanced to log sequence 387
Archived Log entry 204 added for thread 1 sequence 6638
Completed checkpoint up to RBA
ARC0: Archival started
JMS-00131: Session is closed
Thread 1 advanced to log sequence 843
Undo initialization finished
Beginning log switch checkpoint up to RBA
Completed checkpoint up to RBA
ORA-15067: command or option incompatible with diskgroup redundancy
Archived Log entry 560 added for thread 1 sequence 4334
Thread 1 advanced to log sequence 619
ARC0: Archival started
EXP-00017: feature " reporting_schema " is needed, but not present in database
Errors in file /u01/app/oracle/diag/rdbms/ttprod/ttprod1/trace/ttprod1_ora_38872.trc
Completed checkpoint up to RBA
Starting background process VKTM
ARC0: Archival started
Beginning log switch checkpoint up to RBA
Thread 1 advanced to log sequence 421
ORA-24174: The number of 42 per evaluation context is more than _SYSSMU7$
Errors in file /u01/app/oracle/diag/rdbms/ttprod/ttprod1/trace/ttprod1_ora_37722.trc
Archived Log entry 805 added for thread 1 sequence 7727
NNO-00309: server restarting
Undo initialization finished
Starting background process VKTM
Completed checkpoint up to RBA
Beginning log switch checkpoint up to RBA
Completed checkpoint up to RBA
ORA-00955: Name is already used by an existing object
Thread 1 advanced to log sequence 535
Starting background process VKTM
Undo initialization finished
RMAN-06115: changed backup piece available
Thread 1 advanced to log sequence 652
Current log# 718 seq# 2131 mem# 0
Archived Log entry 299 added for thread 1 sequence 7866
RMAN-06540: Tablespace DATA_TS01 will be excluded from future whole database backups
Errors in file /u01/app/oracle/diag/rdbms/ttprod/ttprod1/trace/ttprod1_ora_19823.trc
Completed checkpoint up to RBA
Starting background process VKTM
Thread 1 advanced to log sequence 311
RMAN-06101: no channel to restore a backup or copy of the control file
Beginning log switch checkpoint up to RBA
Beginning log switch checkpoint up to RBA
ARC0: Archival started
Starting background process VKTM
ARC0: Archival started
ORA-24309: already connected to a server
Starting background process VKTM
ARC0: Archival started
Undo initialization finished
ARC0: Archival started
ORA-19610: directory block pk_orders is corrupt
Archived Log entry 18 added for thread 1 sequence 4283
Completed checkpoint up to RBA
Starting background process VKTM
Thread 1 advanced to log sequence 165
Beginning log switch checkpoint up to RBA
TNS-00243: Connection Manager: Tracing is now OFF
Undo initialization finished
NNF-04005: Cannot open inputfile
Archived Log entry 688 added for thread 1 sequence 1027
Starting background process VKTM
Thread 1 advanced to log sequence 397
ORA-41622: invalid primitive event object in rule class properties : 17
Undo initialization finished
Archived Log entry 616 added for thread 1 sequence 1667
ORA-16286: operation not permitted due to lack of synchronized destination
ARC0: Archival started
Thread 1 advanced to log sequence 587
Current log# 919 seq# 7472 mem# 0
Archived Log entry 622 added for thread 1 sequence 7968
Current log# 386 seq# 5496 mem# 0
INS-41310: More than one Oracle Cluster Registry is in the same partition.
Completed checkpoint up to RBA
Thread 1 advanced to log sequence 225
Completed checkpoint up to RBA
Thread 1 advanced to log sequence 343
TNS-01043: Password changed for DATA_TS01
Starting background process VKTM
Completed checkpoint up to RBA
Completed checkpoint up to RBA
Starting background process VKTM
ORA-30388: name of the rewrite equivalence is not specified
Thread 1 advanced to log sequence 986
Archived Log entry 541 added for thread 1 sequence 2962
Current log# 182 seq# 4286 mem# 0
Beginning log switch checkpoint up to RBA
ORA-28583: remote references are not permitted during agent callbacks
Starting background process VKTM
Archived Log entry 609 added for thread 1 sequence 8906
ARC0: Archival started
Starting background process VKTM
ORA-28540: internal result set error
Errors in file /u01/app/oracle/diag/rdbms/ttprod/ttprod1/trace/ttprod1_ora_14526.trc
Undo initialization finished
Archived Log entry 205 added for thread 1 sequence 4560
Current log# 687 seq# 5638 mem# 0
ARC0: Archival started
PRVF-07704: The fixup root directory "{0}" cannot be created
Errors in file /u01/app/oracle/diag/rdbms/ttprod/ttprod1/trace/ttprod1_ora_66603.trc
Current log# 297 seq# 4471 mem# 0
RMAN-08144: channel UNDOTBS1 : validation complete, elapsed time: pk_orders
Errors in file /u01/app/oracle/diag/rdbms/ttprod/ttprod1/trace/ttprod1_ora_79464.trc
Starting background process VKTM
Thread 1 advanced to log sequence 715
Completed checkpoint up to RBA
Current log# 704 seq# 2597 mem# 0
ORA-24265: Insufficient privileges for SQL profile operation
Undo initialization finished
PGU-35017: missing environment DATA_TS01 app_db for t# pg_toast_12345 d# 17
Errors in file /u01/app/oracle/diag/rdbms/ttprod/ttprod1/trace/ttprod1_ora_29829.trc
Beginning log switch checkpoint up to RBA
Thread 1 advanced to log sequence 495
ORA-29830: operator does not exist
Errors in file /u01/app/oracle/diag/rdbms/ttprod/ttprod1/trace/ttprod1_ora_59842.trc
Completed checkpoint up to RBA
PCC-02046: CMD-LINE: Unable to open config file:
Beginning log switch checkpoint up to RBA
Current log# 56 seq# 3861 mem# 0
ARC0: Archival started
Beginning log switch checkpoint up to RBA
CRS-02620: Attribute ' _SYSSMU7$ ' of server pool ' user_sessions ' may not be edited
Completed checkpoint up to RBA
Completed checkpoint up to RBA
PRCR-01078: Failed to retrieve attributes of resource {0}
Errors in file /u01/app/oracle/diag/rdbms/ttprod/ttprod1/trace/ttprod1_ora_68021.trc
Completed checkpoint up to RBA
Completed checkpoint up to RBA
ARC0: Archival started
ARC0: Archival started
Undo initialization finished
ORA-19711: cannot use RENORMALIZEALLFILENAMES while database is open
Archived Log entry 190 added for thread 1 sequence 6331
ORA-02426: privilege grant failed
Thread 1 advanced to log sequence 725
Starting background process VKTM
Starting background process VKTM
DIA-48174: error encountered with get current working directory
Undo initialization finished
Starting background process VKTM
ORA-04077: WHEN clause cannot be used with table level triggers
Current log# 604 seq# 9338 mem# 0
Thread 1 advanced to log sequence 554
ARC0: Archival started
ARC0: Archival started
Starting background process VKTM
ORA-28007: the password cannot be reused
Starting background process VKTM
Current log# 749 seq# 2564 mem# 0
RMAN-06155: validation failed for control file copy
Undo initialization finished
Beginning log switch checkpoint up to RBA
Archived Log entry 556 added for thread 1 sequence 5116
EVM-00107: Value " reporting_schema " is not valid
Current log# 527 seq# 1467 mem# 0
Current log# 629 seq# 8111 mem# 0
CRS-01313: Oracle High Availability Service failed to retrieve user information. Details at _SYSSMU12$ in shared pool .
Undo initialization finished
Beginning log switch checkpoint up to RBA
Starting background process VKTM
Undo initialization finished
PCB-00305: Oracle extension to the COMMIT and ROLLBACK statements
Errors in file /u01/app/oracle/diag/rdbms/ttprod/ttprod1/trace/ttprod1_ora_53638.trc
Starting background process VKTM
Beginning log switch checkpoint up to RBA
Archived Log entry 810 added for thread 1 sequence 1338
Beginning log switch checkpoint up to RBA
ARC0: Archival started
ORA-39933: Parent table 42 . SYSAUX and its nested table columns are not fully contained in the transportable set.
Current log# 607 seq# 6635 mem# 0
Beginning log switch checkpoint up to RBA
ORA-39916: Subpartition fk_order_customer of table USERS . USERS in tablespace INVOICE_LINES_IDX points to LOB segment ttprod2 . 3 in tablespace NETWORK_OPS.SIM_INVENTORY .
Errors in file /u01/app/oracle/diag/rdbms/ttprod/ttprod1/trace/ttprod1_ora_37382.trc
Starting background process VKTM
ARC0: Archival started
Current log# 756 seq# 2021 mem# 0
RMAN-08130: failover to copy on device type INVOICE_LINES_IDX
Errors in file /u01/app/oracle/diag/rdbms/ttprod/ttprod1/trace/ttprod1_ora_61514.trc
Completed checkpoint up to RBA
Archived Log entry 10 added for thread 1 sequence 2508
Undo initialization finished
Current log# 57 seq# 4953 mem# 0
Starting background process VKTM
EXP-00035: QUERY parameter valid only for table mode exports
Errors in file /u01/app/oracle/diag/rdbms/ttprod/ttprod1/trace/ttprod1_ora_36127.trc
Starting background process VKTM
Thread 1 advanced to log sequence 477
Beginning log switch checkpoint up to RBA
Archived Log entry 930 added for thread 1 sequence 5158
Archived Log entry 429 added for thread 1 sequence 2272
INS-42006: Selected drive letter ( 17 ) is invalid or not available for usage.
Thread 1 advanced to log sequence 448
ARC0: Archival started
Beginning log switch checkpoint up to RBA
Completed checkpoint up to RBA
PGU-30220: allocate failure: 1024 storage of SP2-0552 bytes
Completed checkpoint up to RBA
ORA-16120: dependencies being computed for transaction at SCN reporting_schema
Errors in file /u01/app/oracle/diag/rdbms/ttprod/ttprod1/trace/ttprod1_ora_78017.trc
Current log# 172 seq# 9648 mem# 0
ORA-02271: table does not have such constraint
Thread 1 advanced to log sequence 57
Current log# 598 seq# 2299 mem# 0
Thread 1 advanced to log sequence 128
Starting background process VKTM
Completed checkpoint up to RBA
RMAN-08111: some blocks not recovered: See trace file for details
Starting background process VKTM
Starting background process VKTM
TNS-12606: TNS: Application timeout occurred
Archived Log entry 522 added for thread 1 sequence 3017
Starting background process VKTM
ARC0: Archival started
Thread 1 advanced to log sequence 213
CRS-00808: Cluster Ready Service aborted due to failure to retrieve ORA_CRS_HOME environment variable. Details at SP2-0552 in TNS_ADMIN .
Errors in file /u01/app/oracle/diag/rdbms/ttprod/ttprod1/trace/ttprod1_ora_95441.trc
Undo initialization finished
PCC-02044: CMD-LINE: Illegal or out of range value for option:
Thread 1 advanced to log sequence 597
Archived Log entry 858 added for thread 1 sequence 8738
ORA-22889: REF value does not point to scoped table
Errors in file /u01/app/oracle/diag/rdbms/ttprod/ttprod1/trace/ttprod1_ora_60716.trc
Completed checkpoint up to RBA
Thread 1 advanced to log sequence 742
Starting background process VKTM
ARC0: Archival started
TNS-02401: gbname fk_order_customer too long, allowed number characters
Undo initialization finished
Beginning log switch checkpoint up to RBA
CRS-02788: Server reconfiguration failed to stop resources ' PK_CUSTOMER_ACCOUNTS '. The server ' 1024 ' has been restored into the original pool(s).
ARC0: Archival started
Thread 1 advanced to log sequence 455
Thread 1 advanced to log sequence 327
ORA-25109: standby lock name space has illegal character ' app_db '
Completed checkpoint up to RBA
Thread 1 advanced to log sequence 723
ARC0: Archival started
ORA-30557: function based index could not be properly maintained
Beginning log switch checkpoint up to RBA
Undo initialization finished
Current log# 843 seq# 6733 mem# 0
ARC0: Archival started
IMG-00517: height or width not present in parameter PK_CUSTOMER_ACCOUNTS
Current log# 392 seq# 3806 mem# 0
Beginning log switch checkpoint up to RBA
Archived Log entry 962 added for thread 1 sequence 1151
Thread 1 advanced to log sequence 298
Beginning log switch checkpoint up to RBA
ORA-01412: zero length not allowed for this datatype
Errors in file /u01/app/oracle/diag/rdbms/ttprod/ttprod1/trace/ttprod1_ora_13287.trc
Undo initialization finished
Current log# 73 seq# 6419 mem# 0
Archived Log entry 674 added for thread 1 sequence 4606
Thread 1 advanced to log sequence 144
ORA-31004: Length 42 of the BLOB in XDB$H_INDEX is below the minimum pg_toast_12345
Starting background process VKTM
NNL-00899: OK responses sent: number
Completed checkpoint up to RBA
DRG-13104: indexes do not have equivalent settings for pg_toast_12345
Completed checkpoint up to RBA
ORA-39217: object type " TNS_ADMIN "." app_db " typeid mismatch
ARC0: Archival started
Completed checkpoint up to RBA
PRCC-01017: {0} was already stopped on {1}
Undo initialization finished
ORA-32828: Messaging Gateway agent must be running
Starting background process VKTM
Beginning log switch checkpoint up to RBA
Archived Log entry 870 added for thread 1 sequence 2213
Undo initialization finished
ORA-03241: Invalid unit size
Starting background process VKTM
Archived Log entry 181 added for thread 1 sequence 2618
Undo initialization finished
KUP-11007: conversion error loading table CDR_STAGING . /u01/app/oracle/oradata/ttprod/users01.dbf
Beginning log switch checkpoint up to RBA
Beginning log switch checkpoint up to RBA
Beginning log switch checkpoint up to RBA
Starting background process VKTM
PLS-00989: Cursor Variable in record, object, or collection is not supported by this release
Errors in file /u01/app/oracle/diag/rdbms/ttprod/ttprod1/trace/ttprod1_ora_55139.trc
Thread 1 advanced to log sequence 801
Thread 1 advanced to log sequence 90
Current log# 783 seq# 9419 mem# 0
XOQ-01725: unknown named build specification " /u01/app/oracle/oradata/ttprod/users01.dbf "
Archived Log entry 383 added for thread 1 sequence 7851
ORA-16114: applying DDL transaction with commit SCN DATA_TS01
Undo initialization finished
ORA-09710: soarcv: buffer overflow.
Archived Log entry 984 added for thread 1 sequence 4543
ARC0: Archival started
Starting background process VKTM
Thread 1 advanced to log sequence 312
ARC0: Archival started
TNS-01021: ------------------------
Thread 1 advanced to log sequence 237
Beginning log switch checkpoint up to RBA
Thread 1 advanced to log sequence 453
Current log# 998 seq# 3508 mem# 0
ORA-16115: 42 \% of LogMiner dictionary loading is done
Archived Log entry 30 added for thread 1 sequence 9493
ORA-10863: Control behavior of buffered background operations
Starting background process VKTM
ARC0: Archival started
DRG-11122: unsupported section group
Starting background process VKTM
Undo initialization finished
ORA-41679: dmlevents specification only allowed with table alias attributes
Thread 1 advanced to log sequence 322
Starting background process VKTM
Archived Log entry 605 added for thread 1 sequence 3684
RMAN-06946: executing repair script
Thread 1 advanced to log sequence 1
Beginning log switch checkpoint up to RBA
Undo initialization finished
ARC0: Archival started
ORA-00983: cannot audit or noaudit SYS user actions
Thread 1 advanced to log sequence 182
ARC0: Archival started
ORA-24408: could not generate unique server group name
Beginning log switch checkpoint up to RBA
Completed checkpoint up to RBA
Current log# 37 seq# 6307 mem# 0
KUP-04053: record number number
Undo initialization finished
DIA-48211: Illegal Access Mode [ SYSAUX ] [ USERS ]
Errors in file /u01/app/oracle/diag/rdbms/ttprod/ttprod1/trace/ttprod1_ora_94242.trc
Current log# 100 seq# 9717 mem# 0
Current log# 761 seq# 1923 mem# 0
Starting background process VKTM
Current log# 201 seq# 8775 mem# 0
ORA-25120: MINIMUM EXTENT option already specified
Completed checkpoint up to RBA
Current log# 831 seq# 5233 mem# 0
Beginning log switch checkpoint up to RBA
Thread 1 advanced to log sequence 152
ORA-16209: Logical standby dictionary build failed to complete.
Errors in file /u01/app/oracle/diag/rdbms/ttprod/ttprod1/trace/ttprod1_ora_76060.trc
ARC0: Archival started
Undo initialization finished
Beginning log switch checkpoint up to RBA
Undo initialization finished
DIA-51192: File not open
Errors in file /u01/app/oracle/diag/rdbms/ttprod/ttprod1/trace/ttprod1_ora_42129.trc
Thread 1 advanced to log sequence 708
Completed checkpoint up to RBA
Undo initialization finished
Starting background process VKTM
PGU-00307: cannot open spool file reporting_schema
Undo initialization finished
ORA-15112: no diskgroups currently mounted
ARC0: Archival started
Starting background process VKTM
NNL-00404: TTL: fk_order_customer
Starting background process VKTM
Archived Log entry 716 added for thread 1 sequence 2297
Thread 1 advanced to log sequence 442
Thread 1 advanced to log sequence 163
ORA-36018: (XSHIERCK02) The format of the HIERCHECK command is: HIERCHECK relation [STATUS|NOSTATUS|valueset] [MULTIPATH] [CONSISTENT] [{BALANCED|STAR_CONSISTENT} levelrelation] Or HIERCHECK aggmap [MULTIPATH] [CONSISTENT]
Current log# 531 seq# 6835 mem# 0
Completed checkpoint up to RBA
Starting background process VKTM
ARC0: Archival started
Starting background process VKTM
ORA-08434: raw data has invalid trailing sign
Beginning log switch checkpoint up to RBA
Archived Log entry 653 added for thread 1 sequence 3995
Undo initialization finished
ORA-33008: (XSAGDNGL03) The relation workspace object is not a relation over a base dimension of AGGMAP workspace object .
Current log# 52 seq# 8425 mem# 0
Undo initialization finished
ARC0: Archival started
RMAN-08040: full resync skipped, control file is not current or backup
Undo initialization finished
Starting background process VKTM
Starting background process VKTM
Archived Log entry 700 added for thread 1 sequence 3935
Starting background process VKTM
ORA-13717: Tuning Package License is needed for using this feature.
Current log# 889 seq# 1048 mem# 0
NPL-00414: incoming ASN.1 type tag is greater than maximum of 16383
Current log# 938 seq# 3744 mem# 0
Undo initialization finished
Completed checkpoint up to RBA
ORA-17613: Failed to initialize Oracle Disk Manager library: user_sessions
Errors in file /u01/app/oracle/diag/rdbms/ttprod/ttprod1/trace/ttprod1_ora_44920.trc
Starting background process VKTM
Archived Log entry 512 added for thread 1 sequence 6774
Archived Log entry 411 added for thread 1 sequence 6048
Undo initialization finished
Undo initialization finished
EVM-00042: Use " ttprod1 -A" to format events, or pipe output to evmshow
Undo initialization finished
Undo initialization finished
RMAN-06565: WARNING: 5000 : sqlcode number was caught, automatic retry # number
Current log# 687 seq# 2599 mem# 0
Thread 1 advanced to log sequence 647
Completed checkpoint up to RBA
Starting background process VKTM
Undo initialization finished
DRG-11318: error processing dr$sdata_update
Completed checkpoint up to RBA
RDE-04012: service already registered
Undo initialization finished
Starting background process VKTM
Beginning log switch checkpoint up to RBA
RMAN-08087: channel pg_toast_12345 : started backup set validation
Thread 1 advanced to log sequence 984
Current log# 942 seq# 9144 mem# 0
ORA-02140: invalid tablespace name
Undo initialization finished
Undo initialization finished
Archived Log entry 837 added for thread 1 sequence 1363
ORA-14404: partitioned table contains partitions in a different tablespace
Completed checkpoint up to RBA
Undo initialization finished
Starting background process VKTM
Completed checkpoint up to RBA
ORA-36678: (XSDPART16) workspace object is missing from one or more partition dimension lists.
Errors in file /u01/app/oracle/diag/rdbms/ttprod/ttprod1/trace/ttprod1_ora_87593.trc
Current log# 386 seq# 5564 mem# 0
Current log# 473 seq# 4490 mem# 0
Completed checkpoint up to RBA
Completed checkpoint up to RBA
NNL-00023: SET command is missing an argument
Starting background process VKTM
Archived Log entry 967 added for thread 1 sequence 4389
PRCD-01104: A source server must be specified to relocate cluster database {0}
ARC0: Archival started
Current log# 165 seq# 7029 mem# 0
Completed checkpoint up to RBA
Undo initialization finished
ORA-26834: Unable to alter parameter ' pg_toast_12345 ' because TNS_ADMIN capture process is not configured to run locally
ARC0: Archival started
Completed checkpoint up to RBA
Starting background process VKTM
Starting background process VKTM
PCB-00012: Command line option DYNAMIC=ANSI required with option TYPE_CODE=ANSI
Errors in file /u01/app/oracle/diag/rdbms/ttprod/ttprod1/trace/ttprod1_ora_65496.trc
Completed checkpoint up to RBA
RMAN-05047: Import completed
Errors in file /u01/app/oracle/diag/rdbms/ttprod/ttprod1/trace/ttprod1_ora_14873.trc
Current log# 477 seq# 2329 mem# 0
Current log# 591 seq# 1967 mem# 0
Beginning log switch checkpoint up to RBA
NID-00306: Datafile reporting_schema - no revert needed
ARC0: Archival started
Undo initialization finished
Completed checkpoint up to RBA
ARC0: Archival started
Current log# 275 seq# 8551 mem# 0
ORA-06515: PL/SQL: unhandled exception SP2-0552
Completed checkpoint up to RBA
Archived Log entry 976 added for thread 1 sequence 7896
Starting background process VKTM
Undo initialization finished
PRVF-05498: Timezone file "{0}" missing on node "{1}".
Current log# 583 seq# 2039 mem# 0
Undo initialization finished
Completed checkpoint up to RBA
Beginning log switch checkpoint up to RBA
Current log# 25 seq# 3517 mem# 0
RMAN-06425: <datafile pathname not available>
Thread 1 advanced to log sequence 723
Current log# 854 seq# 8045 mem# 0
Undo initialization finished
Starting background process VKTM
ORA-15513: cannot access the input directory
ARC0: Archival started
Undo initialization finished
ORA-09706: slsget: get_process_stats error.
Undo initialization finished
DRG-13001: sub lexer and multi lexer must have the same owner
Starting background process VKTM
Beginning log switch checkpoint up to RBA
Starting background process VKTM
ORA-32805: identifier for CDR_STAGING too long, maximum length is ttstandby01 characters
Errors in file /u01/app/oracle/diag/rdbms/ttprod/ttprod1/trace/ttprod1_ora_55087.trc
Archived Log entry 970 added for thread 1 sequence 5804
Thread 1 advanced to log sequence 352
Undo initialization finished
XOQ-00502: cannot create more than one CursorManager for a source
Undo initialization finished
Thread 1 advanced to log sequence 92
ARC0: Archival started
ORA-07250: spcre: semget error, unable to get first semaphore set.
Archived Log entry 98 added for thread 1 sequence 8224
Current log# 638 seq# 3998 mem# 0
Starting background process VKTM
PRKO-02009: Invalid name/value CRM.CALL_DETAIL_RECORDS: {0}
Errors in file /u01/app/oracle/diag/rdbms/ttprod/ttprod1/trace/ttprod1_ora_71602.trc
Thread 1 advanced to log sequence 869
Current log# 15 seq# 6014 mem# 0
ARC0: Archival started
ORA-16257: Switchover initiated stop apply successfully completed
Errors in file /u01/app/oracle/diag/rdbms/ttprod/ttprod1/trace/ttprod1_ora_65430.trc
Archived Log entry 114 added for thread 1 sequence 9677
Thread 1 advanced to log sequence 462
Undo initialization finished
Completed checkpoint up to RBA
Archived Log entry 262 added for thread 1 sequence 5654
XOQ-01707: Oracle job " ttstandby01 " failed while executing slave build " BILLING.CUST_ORDERS " with error " shared pool ".
Errors in file /u01/app/oracle/diag/rdbms/ttprod/ttprod1/trace/ttprod1_ora_32375.trc
Undo initialization finished
Completed checkpoint up to RBA
PGU-50002: no data found.
Archived Log entry 905 added for thread 1 sequence 3278
Thread 1 advanced to log sequence 784
Current log# 179 seq# 5280 mem# 0
PRKO-03125: Invalid value {0} for command line option {1}
Errors in file /u01/app/oracle/diag/rdbms/ttprod/ttprod1/trace/ttprod1_ora_75964.trc
Completed checkpoint up to RBA
Undo initialization finished
Completed checkpoint up to RBA
Archived Log entry 462 added for thread 1 sequence 2112
ORA-13141: invalid RANGE window definition
Thread 1 advanced to log sequence 46
ORA-39753: unsupported use of subquery in PARTITIONED OUTER JOIN condition
Thread 1 advanced to log sequence 291
Current log# 355 seq# 7826 mem# 0
ORA-00320: cannot read file header from log CRM.CALL_DETAIL_RECORDS of thread idx_users_email
Current log# 509 seq# 4165 mem# 0
Starting background process VKTM
Completed checkpoint up to RBA
Completed checkpoint up to RBA
RMAN-08182: channel INVOICE_LINES_IDX : validation complete, elapsed time: 42
Current log# 73 seq# 7223 mem# 0
ORA-15028: ASM file ' USERS ' not dropped; currently being accessed
Errors in file /u01/app/oracle/diag/rdbms/ttprod/ttprod1/trace/ttprod1_ora_90104.trc
Thread 1 advanced to log sequence 248
Current log# 75 seq# 7264 mem# 0
Beginning log switch checkpoint up to RBA
ORA-15024: discovered duplicately numbered ASM disk PK_CUSTOMER_ACCOUNTS
ARC0: Archival started
Thread 1 advanced to log sequence 459
Beginning log switch checkpoint up to RBA
Completed checkpoint up to RBA
Current log# 721 seq# 3314 mem# 0
ORA-23437: template authorization already exists for user
Undo initialization finished
RMAN-06215: List of objects that must perform same operation at other database
Errors in file /u01/app/oracle/diag/rdbms/ttprod/ttprod1/trace/ttprod1_ora_56458.trc
ARC0: Archival started
Completed checkpoint up to RBA
Archived Log entry 578 added for thread 1 sequence 8130
Beginning log switch checkpoint up to RBA
Starting background process VKTM
ORA-31229: DBMS_LDAP: invalid input parameter
Starting background process VKTM
Beginning log switch checkpoint up to RBA
ORA-38443: An attribute set should be assigned to the expression set for statistics collection.
ARC0: Archival started
Current log# 375 seq# 4228 mem# 0
PLS-00206: %TYPE must be applied to a variable, column, field or attribute, not to " fk_order_customer "
Errors in file /u01/app/oracle/diag/rdbms/ttprod/ttprod1/trace/ttprod1_ora_72252.trc
Thread 1 advanced to log sequence 349
Archived Log entry 632 added for thread 1 sequence 5663
ORA-09908: slkmnm: gethostname returned error code.
Undo initialization finished
Completed checkpoint up to RBA
Starting background process VKTM
XOQ-01423: Hierarchy does not match hierarchy map: hierarchy does not contain level "( CDR_STAGING )".
Starting background process VKTM
ARC0: Archival started
Beginning log switch checkpoint up to RBA
ORA-22833: Must cast a transient type to a persistent type
Errors in file /u01/app/oracle/diag/rdbms/ttprod/ttprod1/trace/ttprod1_ora_56695.trc
Starting background process VKTM
ORA-13826: empty SQL profile not allowed for create or update SQL profile
Completed checkpoint up to RBA
Thread 1 advanced to log sequence 29
ORA-02095: specified initialization parameter cannot be modified
Undo initialization finished
Thread 1 advanced to log sequence 567
ORA-64109: XMLIndex: problems encountered during the dropping of statistics
Starting background process VKTM
Undo initialization finished
Current log# 389 seq# 4956 mem# 0
Beginning log switch checkpoint up to RBA
Starting background process VKTM
RMAN-06440: virtual catalog dropped
Errors in file /u01/app/oracle/diag/rdbms/ttprod/ttprod1/trace/ttprod1_ora_55129.trc
Thread 1 advanced to log sequence 987
Undo initialization finished
Current log# 471 seq# 6084 mem# 0
ORA-22322: error table " BILLING.CUST_ORDERS "." _SYSSMU7$ " has incorrect structure
Undo initialization finished
LSX-00210: value "~1S" out of range for type "~2S"
Completed checkpoint up to RBA
Beginning log switch checkpoint up to RBA
Beginning log switch checkpoint up to RBA
Starting background process VKTM
CRS-08007: an error occurred closing reboot advisory log file location: _SYSSMU12$
Undo initialization finished
Starting background process VKTM
Completed checkpoint up to RBA
RMAN-08529: proxy file handle= NETWORK_OPS.SIM_INVENTORY
ARC0: Archival started
Current log# 671 seq# 5416 mem# 0
Beginning log switch checkpoint up to RBA
QSM-01113: HAVING clause of mv, _SYSSMU12$ , is more restrictive than query
Archived Log entry 846 added for thread 1 sequence 3158
Beginning log switch checkpoint up to RBA
ARC0: Archival started
Current log# 558 seq# 4942 mem# 0
Starting background process VKTM
PCC-02363: Indicator variable must be a structure
Starting background process VKTM
Undo initialization finished
RMAN-08110: failover to next copy of backup piece
Errors in file /u01/app/oracle/diag/rdbms/ttprod/ttprod1/trace/ttprod1_ora_75683.trc
Undo initialization finished
Current log# 597 seq# 8875 mem# 0
Starting background process VKTM
Beginning log switch checkpoint up to RBA
Archived Log entry 831 added for thread 1 sequence 6915
LPX-00604: Invalid attribute value '~1S', for attribute '~2s'.
Current log# 584 seq# 9819 mem# 0
Current log# 717 seq# 5870 mem# 0
RDE-06015: invalid parameter
Errors in file /u01/app/oracle/diag/rdbms/ttprod/ttprod1/trace/ttprod1_ora_98064.trc
Completed checkpoint up to RBA
XOQ-01741: unsupported assignment qualification for dimension " USERS "
Errors in file /u01/app/oracle/diag/rdbms/ttprod/ttprod1/trace/ttprod1_ora_43437.trc
Undo initialization finished
ARC0: Archival started
Starting background process VKTM
Current log# 677 seq# 9196 mem# 0
Beginning log switch checkpoint up to RBA
ORA-28341: cannot encrypt constraint column(s) with salt
Thread 1 advanced to log sequence 790
Starting background process VKTM
Beginning log switch checkpoint up to RBA
ARC0: Archival started
ORA-19020: invalid dereference of XMLType columns
Beginning log switch checkpoint up to RBA
Completed checkpoint up to RBA
Starting background process VKTM
Starting background process VKTM
ORA-16037: user requested cancel of managed recovery operation
ARC0: Archival started
Archived Log entry 645 added for thread 1 sequence 8150
Starting background process VKTM
Undo initialization finished
DIA-48174: error encountered with get current working directory
Archived Log entry 233 added for thread 1 sequence 7730
PGA-20921: buffer overflow on receive: requested number bytes, received number bytes
ARC0: Archival started
ORA-12413: labels do not belong to the same policy
Undo initialization finished
Starting background process VKTM
RMAN-08583: channel 1024 : archived log copy complete, elapsed time: /u01/app/oracle/oradata/ttprod/users01.dbf
Starting background process VKTM
Starting background process VKTM
Beginning log switch checkpoint up to RBA
RMAN-06402: Oracle instance shut down
Errors in file /u01/app/oracle/diag/rdbms/ttprod/ttprod1/trace/ttprod1_ora_23528.trc
Archived Log entry 210 added for thread 1 sequence 4637
ARC0: Archival started
Completed checkpoint up to RBA
Starting background process VKTM
Current log# 694 seq# 1998 mem# 0
ORA-19121: duplicate attribute definition - BILLING.CUST_ORDERS
Current log# 35 seq# 1938 mem# 0
Archived Log entry 925 added for thread 1 sequence 6685
ORA-10546: Cannot perform block media recovery; standby database does not have requisite redo.
Current log# 695 seq# 2160 mem# 0
Archived Log entry 594 added for thread 1 sequence 7557
Undo initialization finished
ORA-55315: batch load attempt failed: NETWORK_OPS.SIM_INVENTORY
Beginning log switch checkpoint up to RBA
Starting background process VKTM
Completed checkpoint up to RBA
Current log# 481 seq# 5921 mem# 0
Beginning log switch checkpoint up to RBA
PRVF-05642: Unable to create the directory "{0}"
ARC0: Archival started
Undo initialization finished
Undo initialization finished
RMAN-20006: target database name is missing
Errors in file /u01/app/oracle/diag/rdbms/ttprod/ttprod1/trace/ttprod1_ora_80150.trc
ARC0: Archival started
Starting background process VKTM
Starting background process VKTM
Thread 1 advanced to log sequence 24
PRKO-02108: Command line options '-i' and '-n' cannot be used at the same time
Errors in file /u01/app/oracle/diag/rdbms/ttprod/ttprod1/trace/ttprod1_ora_30149.trc
Thread 1 advanced to log sequence 792
ARC0: Archival started
Archived Log entry 712 added for thread 1 sequence 5519
Undo initialization finished
ORA-07219: slspool: unable to allocate spooler argument buffer.
Completed checkpoint up to RBA
PRVF-05810: Unable to stop the test DNS server on address: "{0}", listening on port: {1}
ARC0: Archival started
Beginning log switch checkpoint up to RBA
NNO-00268: warning: configuration database is not used, using checkpoint data instead
Beginning log switch checkpoint up to RBA
Thread 1 advanced to log sequence 522
Archived Log entry 302 added for thread 1 sequence 6417
ORA-06604: LU6.2 Driver: Unable to allocate session with remote LU
Errors in file /u01/app/oracle/diag/rdbms/ttprod/ttprod1/trace/ttprod1_ora_57137.trc
Current log# 177 seq# 2595 mem# 0
SCLC-01027: Failed to start {0}, {1}
ARC0: Archival started
Archived Log entry 325 added for thread 1 sequence 2934
Current log# 757 seq# 8459 mem# 0
Current log# 73 seq# 1482 mem# 0
Undo initialization finished
ORA-32117: Source LOB is null
Completed checkpoint up to RBA
Current log# 329 seq# 1636 mem# 0
Archived Log entry 760 added for thread 1 sequence 5654
ARC0: Archival started
NNL-00962: Cache checkpoint failures: number
Beginning log switch checkpoint up to RBA
Starting background process VKTM
ORA-04070: invalid trigger name
Starting background process VKTM
Current log# 836 seq# 7766 mem# 0
ARC0: Archival started
Archived Log entry 372 added for thread 1 sequence 7581
Current log# 300 seq# 2087 mem# 0
ORA-24508: Buffer is not aligned correctly.
Completed checkpoint up to RBA
Undo initialization finished
Archived Log entry 246 added for thread 1 sequence 3669
Completed checkpoint up to RBA
Undo initialization finished
NID-00321: Proceeding with operation
Current log# 547 seq# 4293 mem# 0
Completed checkpoint up to RBA
Completed checkpoint up to RBA
Current log# 814 seq# 3359 mem# 0
ORA-26536: refresh was aborted because of conflicts caused by deferred transactions
Starting background process VKTM
Completed checkpoint up to RBA
Beginning log switch checkpoint up to RBA
Current log# 620 seq# 6670 mem# 0
Starting background process VKTM
ORA-30092: function not allowed at this stage of DST upgrade process
Errors in file /u01/app/oracle/diag/rdbms/ttprod/ttprod1/trace/ttprod1_ora_64819.trc
Beginning log switch checkpoint up to RBA
Starting background process VKTM
ARC0: Archival started
Current log# 845 seq# 3098 mem# 0
Thread 1 advanced to log sequence 72
DGM-16952: Configuration details cannot be determined by DGMGRL
Errors in file /u01/app/oracle/diag/rdbms/ttprod/ttprod1/trace/ttprod1_ora_85106.trc
Beginning log switch checkpoint up to RBA
ORA-38711: Corrupt flashback log block header: block SYSAUX
Thread 1 advanced to log sequence 537
Thread 1 advanced to log sequence 281
ORA-25118: invalid DUMP DATAFILE/TEMPFILE option
Beginning log switch checkpoint up to RBA
Starting background process VKTM
Thread 1 advanced to log sequence 137
Thread 1 advanced to log sequence 66
Current log# 924 seq# 8393 mem# 0
TNS-00258: Number of Failed Requests : number
ARC0: Archival started
RMAN-07524: ==========================================================
Errors in file /u01/app/oracle/diag/rdbms/ttprod/ttprod1/trace/ttprod1_ora_84802.trc
Undo initialization finished
Thread 1 advanced to log sequence 91
Starting background process VKTM
ORA-13616: The current user reporting_schema has not been granted the ADVISOR privilege.
Beginning log switch checkpoint up to RBA
Archived Log entry 661 added for thread 1 sequence 7729
Starting background process VKTM
Completed checkpoint up to RBA
ORA-37146: (XSCCOMP18) The variable workspace object is already dimensioned by the COMPRESSED COMPOSITE workspace object .
Thread 1 advanced to log sequence 54
Starting background process VKTM
IMG-00804: Syntax error in attribute _SYSSMU7$
Errors in file /u01/app/oracle/diag/rdbms/ttprod/ttprod1/trace/ttprod1_ora_60267.trc
Current log# 447 seq# 9303 mem# 0
Beginning log switch checkpoint up to RBA
ORA-27137: unable to allocate large pages to create a shared memory segment
Errors in file /u01/app/oracle/diag/rdbms/ttprod/ttprod1/trace/ttprod1_ora_77821.trc
Thread 1 advanced to log sequence 557
Current log# 608 seq# 5740 mem# 0
Completed checkpoint up to RBA
Undo initialization finished
Starting background process VKTM
ORA-01297: redo version mismatch between dictionary USERS and logfiles
Completed checkpoint up to RBA
Starting background process VKTM
Completed checkpoint up to RBA
ORA-29500: NAMED keyword is invalid in CREATE JAVA CLASS
Starting background process VKTM
Archived Log entry 120 added for thread 1 sequence 5257
OCI-30101: unknown parameter name ' APP_USER42 '
Errors in file /u01/app/oracle/diag/rdbms/ttprod/ttprod1/trace/ttprod1_ora_59285.trc
Beginning log switch checkpoint up to RBA
Beginning log switch checkpoint up to RBA
ORA-29812: incorrect object name specified
Starting background process VKTM
ORA-12063: unable to apply transaction from site 17
Undo initialization finished
Starting background process VKTM
Beginning log switch checkpoint up to RBA
Thread 1 advanced to log sequence 6
CRS-09040: Error CRM.CALL_DETAIL_RECORDS : Band value not given or incorrect
Errors in file /u01/app/oracle/diag/rdbms/ttprod/ttprod1/trace/ttprod1_ora_82693.trc
Completed checkpoint up to RBA
Archived Log entry 67 added for thread 1 sequence 2861
Archived Log entry 998 added for thread 1 sequence 8364
Undo initialization finished
ORA-48117: error encountered when attempting to remove a directory [ /u01/app/oracle/oradata/ttprod/users01.dbf ]
Current log# 128 seq# 9019 mem# 0
Current log# 207 seq# 8039 mem# 0
Undo initialization finished
Starting background process VKTM
Beginning log switch checkpoint up to RBA
TNS-12570: TNS:packet reader failure
Errors in file /u01/app/oracle/diag/rdbms/ttprod/ttprod1/trace/ttprod1_ora_91857.trc
Completed checkpoint up to RBA
Undo initialization finished
INS-20807: large pool is not valid.
Errors in file /u01/app/oracle/diag/rdbms/ttprod/ttprod1/trace/ttprod1_ora_42329.trc
Starting background process VKTM
Completed checkpoint up to RBA
Beginning log switch checkpoint up to RBA
Thread 1 advanced to log sequence 581
Archived Log entry 563 added for thread 1 sequence 2079
PROT-00035: The configured OCR locations are not accessible.
Beginning log switch checkpoint up to RBA
Thread 1 advanced to log sequence 366
Current log# 268 seq# 7585 mem# 0
CRS-05826: Agent ' fk_order_customer ' could not read environment variable ' app_db '. Details at 1024 in ttprod1 .
Starting background process VKTM
Archived Log entry 531 added for thread 1 sequence 3298
Archived Log entry 149 added for thread 1 sequence 7600
ORA-09206: sfrfb: error reading from file
Errors in file /u01/app/oracle/diag/rdbms/ttprod/ttprod1/trace/ttprod1_ora_49994.trc
Starting background process VKTM
ORA-08437: invalid picture type in picture mask
Errors in file /u01/app/oracle/diag/rdbms/ttprod/ttprod1/trace/ttprod1_ora_81274.trc
ARC0: Archival started
Thread 1 advanced to log sequence 77
NNO-00251: missing administrative region parameter fk_order_customer
Undo initialization finished
Completed checkpoint up to RBA
Thread 1 advanced to log sequence 20
Current log# 516 seq# 2978 mem# 0
RMAN-07526: Reason: File is not an Oracle Managed File
Starting background process VKTM
Completed checkpoint up to RBA
Completed checkpoint up to RBA
Current log# 83 seq# 1657 mem# 0
Starting background process VKTM
ORA-53802: cannot perform conformance validation because recursion level exceeds MAX_RECURSION_DEPTH
Undo initialization finished
Starting background process VKTM
RMAN-06421: sent command to channel: SP2-0552
Errors in file /u01/app/oracle/diag/rdbms/ttprod/ttprod1/trace/ttprod1_ora_26630.trc
Beginning log switch checkpoint up to RBA
Undo initialization finished
Archived Log entry 971 added for thread 1 sequence 5654
ORA-27157: OS post/wait facility removed
Current log# 716 seq# 6898 mem# 0
Undo initialization finished
Undo initialization finished
RMAN-08612: channel UNDOTBS1 : failover to duplicate backup on device large pool
ARC0: Archival started
Completed checkpoint up to RBA
Beginning log switch checkpoint up to RBA
Starting background process VKTM
ORA-16223: DDL skipped, unsupported in current version
Beginning log switch checkpoint up to RBA
Starting background process VKTM
RMAN-06767: Tablespace 1024 will default to database encryption configuration
ARC0: Archival started
Completed checkpoint up to RBA
ORA-30453: summary contains AVG without corresponding COUNT
Beginning log switch checkpoint up to RBA
Completed checkpoint up to RBA
Thread 1 advanced to log sequence 219
Current log# 311 seq# 6565 mem# 0
ORA-19135: XQST0075: An implementation that does not support the Validation Feature must raise a static error if it encounters a validate expression
ARC0: Archival started
SCLC-01007: Failed to get discovery information for tier {0}, {1}
Errors in file /u01/app/oracle/diag/rdbms/ttprod/ttprod1/trace/ttprod1_ora_25382.trc
Archived Log entry 633 added for thread 1 sequence 5253
Starting background process VKTM
Current log# 200 seq# 3120 mem# 0
OCI-01865: not a valid era
Starting background process VKTM
Current log# 383 seq# 8554 mem# 0
Current log# 464 seq# 5105 mem# 0
Beginning log switch checkpoint up to RBA
INS-30504: Missing ASM disk group name.
Current log# 491 seq# 3374 mem# 0
Beginning log switch checkpoint up to RBA
Completed checkpoint up to RBA
Undo initialization finished
CLSS-03001: local node number 1024 , master node number UNDOTBS1
Errors in file /u01/app/oracle/diag/rdbms/ttprod/ttprod1/trace/ttprod1_ora_80443.trc
ARC0: Archival started
Beginning log switch checkpoint up to RBA
ORA-39925: LOB segment pk_orders . reporting_schema in tablespace DATA_TS01 points to table pk_orders . ttprod2 in tablespace APP_USER42 .
Archived Log entry 854 added for thread 1 sequence 9961
ORA-38810: Implementation restriction: cannot drop edition that has a parent and a child
Errors in file /u01/app/oracle/diag/rdbms/ttprod/ttprod1/trace/ttprod1_ora_61527.trc
Completed checkpoint up to RBA
Archived Log entry 185 added for thread 1 sequence 2891
Beginning log switch checkpoint up to RBA
Thread 1 advanced to log sequence 655
ARC0: Archival started
ORA-27075: SSTMOFRC constant too large
Starting background process VKTM
Thread 1 advanced to log sequence 353
Undo initialization finished
ORA-12824: INSTANCES DEFAULT may not be specified here
Completed checkpoint up to RBA
Starting background process VKTM
Beginning log switch checkpoint up to RBA
Current log# 380 seq# 8682 mem# 0
ORA-42287: cannot rename user on whose type a table depends
Starting background process VKTM
Starting background process VKTM
ORA-13632: The user cancelled the current operation.
Current log# 492 seq# 6281 mem# 0
Completed checkpoint up to RBA
Current log# 852 seq# 6323 mem# 0
ARC0: Archival started
Undo initialization finished
DGM-16951: Unable to failover
Errors in file /u01/app/oracle/diag/rdbms/ttprod/ttprod1/trace/ttprod1_ora_63449.trc
ARC0: Archival started
Thread 1 advanced to log sequence 730
Beginning log switch checkpoint up to RBA
Undo initialization finished
ORA-26828: XStream outbound server " 5000 " requires combined capture and apply mode.
Beginning log switch checkpoint up to RBA
Completed checkpoint up to RBA
ORA-22297: warning: Open LOBs exist at transaction commit time
Errors in file /u01/app/oracle/diag/rdbms/ttprod/ttprod1/trace/ttprod1_ora_19379.trc
Beginning log switch checkpoint up to RBA
Completed checkpoint up to RBA
Archived Log entry 590 added for thread 1 sequence 6899
Thread 1 advanced to log sequence 834
CRS-01312: Oracle High Availability Service received invalid update for group private data. Details at 3 in SP2-0552 .
ARC0: Archival started
Undo initialization finished
CRS-10033: could not stop the DNS listening daemon running on port number at address _SYSSMU7$
Completed checkpoint up to RBA
Current log# 288 seq# 6535 mem# 0
Undo initialization finished
ORA-14604: During CREATE TABLE time it is illegal to specify SUBPARTITIONS or STORE IN once a SUBPARTITION TEMPLATE has been specified
Completed checkpoint up to RBA
Undo initialization finished
Beginning log switch checkpoint up to RBA
ORA-02336: column attribute cannot be accessed
Thread 1 advanced to log sequence 637
QSM-02205: PCT FAST REFRESH is not possible if there is a subquery inside select-list
Beginning log switch checkpoint up to RBA
Completed checkpoint up to RBA
Beginning log switch checkpoint up to RBA
Current log# 187 seq# 7479 mem# 0
Beginning log switch checkpoint up to RBA
RMAN-08552: backup and output file names are identical: /u01/app/oracle/oradata/ttprod/users01.dbf
Starting background process VKTM
Completed checkpoint up to RBA
Beginning log switch checkpoint up to RBA
ARC0: Archival started
RMAN-08167: WARNING: shared pool encountered a piece that was in use
Archived Log entry 858 added for thread 1 sequence 1769
Undo initialization finished
Current log# 100 seq# 9598 mem# 0
Beginning log switch checkpoint up to RBA
ARC0: Archival started
PCC-02153: Open file: ttstandby01
Completed checkpoint up to RBA
ORA-07601: spguno: $GETJPIW failure
Current log# 959 seq# 3162 mem# 0
RMAN-07519: Reason: Error while cataloging. See alert.log.
Errors in file /u01/app/oracle/diag/rdbms/ttprod/ttprod1/trace/ttprod1_ora_26245.trc
Completed checkpoint up to RBA
Beginning log switch checkpoint up to RBA
Beginning log switch checkpoint up to RBA
PCC-00047: Unterminated comment/INVOICE_LINES_IDX constant beginning near line number in file TNS_ADMIN
ARC0: Archival started
Beginning log switch checkpoint up to RBA
INS-13014: Target environment do not meet some optional requirements.
Starting background process VKTM
ORA-16288: DDL skipped due to missing edition " reporting_schema "
Starting background process VKTM
Thread 1 advanced to log sequence 662
Thread 1 advanced to log sequence 663
Completed checkpoint up to RBA
ORA-00253: character limit user_sessions exceeded by archive destination INVOICE_LINES_IDX /u01/app/oracle/oradata/ttprod/users01.dbf
Beginning log switch checkpoint up to RBA
Beginning log switch checkpoint up to RBA
Beginning log switch checkpoint up to RBA
Archived Log entry 932 added for thread 1 sequence 2365
Completed checkpoint up to RBA
ORA-12023: missing index on materialized view " UNDOTBS1 "." CDR_STAGING "
Thread 1 advanced to log sequence 472
Archived Log entry 54 added for thread 1 sequence 4705
Current log# 584 seq# 4018 mem# 0
Current log# 476 seq# 1039 mem# 0
CRS-10036: value for command line parameter ' 3 ' is not an integer
Current log# 274 seq# 4336 mem# 0
Undo initialization finished
Undo initialization finished
Starting background process VKTM
PLS-00515: The type of the REF INTO variable ' TNS_ADMIN ' must be REF to the table's type
Current log# 282 seq# 6407 mem# 0
Archived Log entry 487 added for thread 1 sequence 2892
Beginning log switch checkpoint up to RBA
Archived Log entry 814 added for thread 1 sequence 7568
ORA-39065: unexpected master process exception in pk_orders
Undo initialization finished
Undo initialization finished
Undo initialization finished
Completed checkpoint up to RBA
DIA-48481: Report is not available
ARC0: Archival started
Current log# 33 seq# 2664 mem# 0
Archived Log entry 92 added for thread 1 sequence 4388
PLS-00378: invalid compilation unit for this release of PL/SQL
Archived Log entry 211 added for thread 1 sequence 8628
NID-00440: Database ID for database NETWORK_OPS.SIM_INVENTORY changed to number .
Starting background process VKTM
Archived Log entry 201 added for thread 1 sequence 7513
ARC0: Archival started
Completed checkpoint up to RBA
Archived Log entry 517 added for thread 1 sequence 5971
ORA-02218: invalid INITIAL storage option value
Starting background process VKTM
ORA-54014: Resulting table from a CTAS operation contains virtual column(s)
Archived Log entry 47 added for thread 1 sequence 7124
Current log# 190 seq# 3841 mem# 0
Archived Log entry 473 added for thread 1 sequence 4327
OCI-01867: the interval was invalid
Undo initialization finished
Beginning log switch checkpoint up to RBA
Thread 1 advanced to log sequence 508
Beginning log switch checkpoint up to RBA
ORA-29548: Java system class reported: USERS
Current log# 170 seq# 9659 mem# 0
Starting background process VKTM
Current log# 720 seq# 9264 mem# 0
Starting background process VKTM
Archived Log entry 438 added for thread 1 sequence 6045
PRCS-01067: Failed to find online database instances hosted by server pool {0}
Current log# 358 seq# 3396 mem# 0
ARC0: Archival started
RMAN-08101: channel USERS : proxy validation complete
Starting background process VKTM
Current log# 211 seq# 3352 mem# 0
Current log# 43 seq# 3186 mem# 0
Current log# 107 seq# 5507 mem# 0
DIA-48464: The predicate buffer reached the maximum length [ CRM.CALL_DETAIL_RECORDS ]
ARC0: Archival started
PRVF-09654: CTSS status check command "{0}" executed successfully on node "{1}", but there was a failure in retrieving the output of this command
Completed checkpoint up to RBA
Completed checkpoint up to RBA
ORA-36024: (XSHIERCK05) Valueset workspace object must contain values of one of the extra dimensions of relation workspace object .
Undo initialization finished
Starting background process VKTM
Thread 1 advanced to log sequence 418
ARC0: Archival started
ARC0: Archival started
ORA-29264: unknown or unsupported URL scheme
Starting background process VKTM
ARC0: Archival started
Starting background process VKTM
CRS-05027: Agent failed to initialize ARP devices required for starting the HAIP resource
Undo initialization finished
Undo initialization finished
ORA-12682: Login failed: the SecurID card is in next PRN mode
ARC0: Archival started
ORA-48313: Updates not allowed on ADR relation [ 17 ] of Version= 42
Current log# 641 seq# 7161 mem# 0
ORA-19256: XQST0036 - missing type definitions in imported module
Beginning log switch checkpoint up to RBA
Starting background process VKTM
Archived Log entry 933 added for thread 1 sequence 7017
ORA-39238: XML node attribute differences are not supported.
Errors in file /u01/app/oracle/diag/rdbms/ttprod/ttprod1/trace/ttprod1_ora_46893.trc
Current log# 453 seq# 9570 mem# 0
NNL-00528: [set] password <password> : set the password for subsequent calls
Starting background process VKTM
PRCA-01048: The user "{0}" could not be found on the cluster
Beginning log switch checkpoint up to RBA
Starting background process VKTM
Completed checkpoint up to RBA
Thread 1 advanced to log sequence 407
Completed checkpoint up to RBA
KUP-04003: error while closing file BILLING.CUST_ORDERS
Archived Log entry 239 added for thread 1 sequence 7319
RMAN-06949: finished flashback log search, restored SYSAUX blocks
Starting background process VKTM
Undo initialization finished
TNS-00129: Internal error - Failed to create new community
Errors in file /u01/app/oracle/diag/rdbms/ttprod/ttprod1/trace/ttprod1_ora_52657.trc
Starting background process VKTM
Archived Log entry 736 added for thread 1 sequence 5286
OCI-30163: The thread safety initialization failed
Archived Log entry 347 added for thread 1 sequence 5054
Completed checkpoint up to RBA
PGA-21102: log messages written to 17
Errors in file /u01/app/oracle/diag/rdbms/ttprod/ttprod1/trace/ttprod1_ora_73941.trc
Completed checkpoint up to RBA
Beginning log switch checkpoint up to RBA
ARC0: Archival started
Beginning log switch checkpoint up to RBA
Completed checkpoint up to RBA
ORA-34296: (MXDCL36) A NUMBER dimension must be defined with a fixed precision and scale, using the form NUMBER(precision) or NUMBER(precision, scale).
Thread 1 advanced to log sequence 134
ORA-06977: X.25 Driver: X.25 Level 2 failure
Errors in file /u01/app/oracle/diag/rdbms/ttprod/ttprod1/trace/ttprod1_ora_43081.trc
Thread 1 advanced to log sequence 173
Thread 1 advanced to log sequence 950
Beginning log switch checkpoint up to RBA
CLSR-00004: Error encountered at pg_toast_12345 , category= number , operation= user_sessions , OS error= number
Errors in file /u01/app/oracle/diag/rdbms/ttprod/ttprod1/trace/ttprod1_ora_71829.trc
Completed checkpoint up to RBA
ORA-12409: policy startup failure for 5000 policy
Errors in file /u01/app/oracle/diag/rdbms/ttprod/ttprod1/trace/ttprod1_ora_73183.trc
ARC0: Archival started
Archived Log entry 589 added for thread 1 sequence 3067
Archived Log entry 670 added for thread 1 sequence 2783
Thread 1 advanced to log sequence 735
ORA-64111: XMLIndex: problems encountered during EXPORT
Archived Log entry 691 added for thread 1 sequence 3899
ORA-21525: attribute number or (collection element at index) SP2-0552 violated its constraints
Errors in file /u01/app/oracle/diag/rdbms/ttprod/ttprod1/trace/ttprod1_ora_22461.trc
Archived Log entry 962 added for thread 1 sequence 2681
Current log# 301 seq# 5385 mem# 0
ARC0: Archival started
ORA-10941: trace name context forever
Starting background process VKTM
ARC0: Archival started
ARC0: Archival started
Beginning log switch checkpoint up to RBA
Archived Log entry 117 added for thread 1 sequence 2255
ORA-19685: SPFILE could not be verified
Completed checkpoint up to RBA
ORA-13367: wrong orientation for interior/exterior rings
Current log# 934 seq# 1652 mem# 0
Thread 1 advanced to log sequence 662
Current log# 719 seq# 4145 mem# 0
RMAN-06899: updating recovery catalog with new database incarnation
Archived Log entry 91 added for thread 1 sequence 3042
ORA-25176: storage specification not permitted for primary key
Starting background process VKTM
Thread 1 advanced to log sequence 711
Thread 1 advanced to log sequence 157
Current log# 828 seq# 9127 mem# 0
Completed checkpoint up to RBA
ORA-09946: File name too long for buffer
Starting background process VKTM
Archived Log entry 309 added for thread 1 sequence 7610
ORA-25471: attribute name not specified for variable: pg_toast_12345
ARC0: Archival started
Current log# 356 seq# 1160 mem# 0
Current log# 854 seq# 8637 mem# 0
Undo initialization finished
ORA-13439: GeoRaster metadata pyramid maxLevel error
Errors in file /u01/app/oracle/diag/rdbms/ttprod/ttprod1/trace/ttprod1_ora_66782.trc
Archived Log entry 73 added for thread 1 sequence 4319
ARC0: Archival started
Starting background process VKTM
Undo initialization finished
ORA-19111: error during evaluation of the XQuery expression
Errors in file /u01/app/oracle/diag/rdbms/ttprod/ttprod1/trace/ttprod1_ora_28436.trc
Beginning log switch checkpoint up to RBA
Completed checkpoint up to RBA
Thread 1 advanced to log sequence 815
ORA-26101: tablespace # in file header is 5000 rather than UNDOTBS1 for file ttstandby01
Completed checkpoint up to RBA
Beginning log switch checkpoint up to RBA
ORA-25472: maximum open iterators exceeded
Undo initialization finished
Completed checkpoint up to RBA
Undo initialization finished
ORA-54643: PARTITION_TABLE utility: invalid WORKTABLESPACE parameter
Thread 1 advanced to log sequence 614
Current log# 495 seq# 2850 mem# 0
Current log# 756 seq# 8587 mem# 0
DIA-48508: Export File Version [ ttprod1 ] Can Not be Used by Import [ _SYSSMU7$ ]
Errors in file /u01/app/oracle/diag/rdbms/ttprod/ttprod1/trace/ttprod1_ora_74397.trc
Starting background process VKTM
Undo initialization finished
Completed checkpoint up to RBA
Thread 1 advanced to log sequence 315
Completed checkpoint up to RBA
XOQ-01902: No analytic workspace is specified in the analytic workspace primary dimension organization.
Undo initialization finished
Completed checkpoint up to RBA
Archived Log entry 125 added for thread 1 sequence 6270
ORA-12523: TNS:listener could not find instance appropriate for the client connection
ARC0: Archival started
Starting background process VKTM
ORA-27021: sequential file handle must be specified
Errors in file /u01/app/oracle/diag/rdbms/ttprod/ttprod1/trace/ttprod1_ora_57621.trc
Archived Log entry 92 added for thread 1 sequence 2722
ARC0: Archival started
NID-00390: These files must be writable by this utility.
Undo initialization finished
ARC0: Archival started
Beginning log switch checkpoint up to RBA
Completed checkpoint up to RBA
ORA-13788: invalid recommendation type
Current log# 812 seq# 8930 mem# 0
ORA-12547: TNS:lost contact
Completed checkpoint up to RBA
PCC-02341: host variable has illegal type
Beginning log switch checkpoint up to RBA
Undo initialization finished
Starting background process VKTM
Completed checkpoint up to RBA
RMAN-08534: channel 5000 : control file restore from AUTOBACKUP complete
Current log# 390 seq# 5157 mem# 0
ORA-26065: check constraint cannot reference column, BILLING.CUST_ORDERS , in direct path load
Errors in file /u01/app/oracle/diag/rdbms/ttprod/ttprod1/trace/ttprod1_ora_47034.trc
Beginning log switch checkpoint up to RBA
ARC0: Archival started
Starting background process VKTM
ARC0: Archival started
ARC0: Archival started
ORA-24960: the attribute /u01/app/oracle/oradata/ttprod/users01.dbf is greater than the maximum allowable length of number
Thread 1 advanced to log sequence 414
Beginning log switch checkpoint up to RBA
Starting background process VKTM
ARC0: Archival started
ARC0: Archival started
RMAN-08022: channel app_db : restoring archived log
Completed checkpoint up to RBA
Undo initialization finished
Undo initialization finished
Starting background process VKTM
Current log# 800 seq# 8784 mem# 0
PLS-00671: this expression is allowed only with instance methods
Archived Log entry 912 added for thread 1 sequence 2691
Thread 1 advanced to log sequence 853
Completed checkpoint up to RBA
RMAN-08093: specifying current control file for proxy backup
Archived Log entry 866 added for thread 1 sequence 6325
RMAN-08104: channel _SYSSMU7$ : input backup set: count= DATA_TS01 , stamp= CDR_STAGING , piece= BILLING.CUST_ORDERS
Thread 1 advanced to log sequence 509
Starting background process VKTM
PCC-02419: Host variable arrays not allowed in an OBJECT SET or GET
Errors in file /u01/app/oracle/diag/rdbms/ttprod/ttprod1/trace/ttprod1_ora_23267.trc
ARC0: Archival started
ORA-01364: waiting for branch at SCN large pool
Undo initialization finished
RMAN-08534: channel DATA_TS01 : control file restore from AUTOBACKUP complete
Undo initialization finished
Undo initialization finished
Beginning log switch checkpoint up to RBA
ARC0: Archival started
Current log# 309 seq# 9033 mem# 0
DRG-11511: specified table does not contain a LONG RAW column
Completed checkpoint up to RBA
ORA-14636: only 2 resulting subpartition can be specified for SPLIT SUBPARTITION
Errors in file /u01/app/oracle/diag/rdbms/ttprod/ttprod1/trace/ttprod1_ora_44062.trc
ARC0: Archival started
Archived Log entry 422 added for thread 1 sequence 6030
Beginning log switch checkpoint up to RBA
Beginning log switch checkpoint up to RBA
Archived Log entry 428 added for thread 1 sequence 8368
XOQ-01997: A partition level of the cube is invalid.
Archived Log entry 84 added for thread 1 sequence 6851
ARC0: Archival started
Beginning log switch checkpoint up to RBA
ORA-15112: no diskgroups currently mounted
Completed checkpoint up to RBA
Beginning log switch checkpoint up to RBA
CLSR-00506: Unmatched resource name prefix SP2-0552 is specified
Current log# 920 seq# 8266 mem# 0
ARC0: Archival started
ORA-22808: REF dereferencing not allowed
Archived Log entry 352 added for thread 1 sequence 4956
Starting background process VKTM
ORA-41109: Updating system alert with reason_id 1024 failed; previous alert not found
Current log# 95 seq# 9390 mem# 0
Completed checkpoint up to RBA
Thread 1 advanced to log sequence 110
TNS-00072: * start - start up process_name
Completed checkpoint up to RBA
Beginning log switch checkpoint up to RBA
Current log# 374 seq# 6279 mem# 0
Completed checkpoint up to RBA
RMAN-08620: uncataloged foreign archived log
Archived Log entry 759 added for thread 1 sequence 6287
Current log# 104 seq# 4851 mem# 0
Current log# 324 seq# 6379 mem# 0
ORA-51006: unexpected delimter ';' in the run params text
Undo initialization finished
Archived Log entry 128 added for thread 1 sequence 6589
NID-00335: The following datafiles are not consistent:
Archived Log entry 736 added for thread 1 sequence 5080
Current log# 100 seq# 1508 mem# 0
ARC0: Archival started
ARC0: Archival started
PRKO-02056: Error occured while checking dependent resources on network {0}. Network was not removed.
Current log# 672 seq# 1705 mem# 0
ARC0: Archival started
Current log# 175 seq# 4272 mem# 0
Undo initialization finished
ORA-22334: cannot reset type " ttstandby01 "." NETWORK_OPS.SIM_INVENTORY ". Dependent tables must be upgraded to latest version
Beginning log switch checkpoint up to RBA
ORA-29324: SET COMPATIBILITY release ttprod2 format is wrong
Beginning log switch checkpoint up to RBA
Archived Log entry 642 added for thread 1 sequence 1330
Archived Log entry 440 added for thread 1 sequence 7250
Beginning log switch checkpoint up to RBA
Thread 1 advanced to log sequence 485
ORA-19638: file /u01/app/oracle/oradata/ttprod/users01.dbf is not current enough to apply this incremental backup
Errors in file /u01/app/oracle/diag/rdbms/ttprod/ttprod1/trace/ttprod1_ora_28960.trc
Beginning log switch checkpoint up to RBA
Starting background process VKTM
ORA-53231: unable to write to a nonlocal destination ORDDicom object
Errors in file /u01/app/oracle/diag/rdbms/ttprod/ttprod1/trace/ttprod1_ora_70708.trc
Undo initialization finished
ARC0: Archival started
QSM-01215: query rewrite not possible when query GROUP BY clause has non-columns
Beginning log switch checkpoint up to RBA
Current log# 979 seq# 5265 mem# 0
ORA-01140: cannot end online backup - all files are offline or readonly
Completed checkpoint up to RBA
ARC0: Archival started
Undo initialization finished
Starting background process VKTM
Starting background process VKTM
ORA-00600: Internal error code
Errors in file /u01/app/oracle/diag/rdbms/ttprod/ttprod1/trace/ttprod1_ora_41148.trc
Undo initialization finished
Current log# 430 seq# 3546 mem# 0
ORA-16098: Primary database has been shut down to prevent data loss.
Current log# 331 seq# 4987 mem# 0
Completed checkpoint up to RBA
ORA-15497: diskgroup uses a sector size that is incompatible with volumes
ARC0: Archival started
Starting background process VKTM
Beginning log switch checkpoint up to RBA
Starting background process VKTM
RMAN-06211: ==========================
Undo initialization finished
Archived Log entry 791 added for thread 1 sequence 6126
Archived Log entry 8 added for thread 1 sequence 1028
XOQ-01468: Base cube solved status does not match dimensionality "( idx_users_email )" solved status.
Undo initialization finished
Starting background process VKTM
Beginning log switch checkpoint up to RBA
Current log# 490 seq# 8666 mem# 0
Starting background process VKTM
ORA-13282: failure on initialization of coordinate transformation
Current log# 865 seq# 7354 mem# 0
Completed checkpoint up to RBA
INS-40912: Virtual host name: USERS is assigned to another system on the network.
Thread 1 advanced to log sequence 408
Completed checkpoint up to RBA
Starting background process VKTM
Current log# 491 seq# 7088 mem# 0
ORA-16230: committing transaction 3 PK_CUSTOMER_ACCOUNTS DATA_TS01
Beginning log switch checkpoint up to RBA
Thread 1 advanced to log sequence 22
NID-00124: Mismatched dbid for datafile APP_USER42 , expected number , found number
Archived Log entry 760 added for thread 1 sequence 8347
Starting background process VKTM
Thread 1 advanced to log sequence 629
Thread 1 advanced to log sequence 812
RMAN-08103: channel 42 : could not locate backup piece: UNDOTBS1
Undo initialization finished
Starting background process VKTM
ORA-19375: no CREATE TABLE privilege on schema " shared pool "
Errors in file /u01/app/oracle/diag/rdbms/ttprod/ttprod1/trace/ttprod1_ora_48391.trc
Completed checkpoint up to RBA
Completed checkpoint up to RBA
Current log# 117 seq# 2689 mem# 0
Completed checkpoint up to RBA
Current log# 251 seq# 9644 mem# 0
ORA-02089: COMMIT is not allowed in a subordinate session
Archived Log entry 92 added for thread 1 sequence 4365
Undo initialization finished
PLS-00419: reference to remote attribute not permitted
Starting background process VKTM
Archived Log entry 31 added for thread 1 sequence 2652
RMAN-00702: The command has no syntax errors
Starting background process VKTM
Beginning log switch checkpoint up to RBA
Archived Log entry 873 added for thread 1 sequence 6554
NID-00312: Connected to server version session_1123
Archived Log entry 768 added for thread 1 sequence 7981
Thread 1 advanced to log sequence 710
Current log# 524 seq# 1146 mem# 0
Current log# 684 seq# 4772 mem# 0
Thread 1 advanced to log sequence 503
ORA-29803: missing ANCILLARY keyword
Starting background process VKTM
ORA-27513: parameter /u01/app/oracle/oradata/ttprod/users01.dbf contains invalid value PK_CUSTOMER_ACCOUNTS
Thread 1 advanced to log sequence 319
ORA-30353: expression not supported for query rewrite
Thread 1 advanced to log sequence 93
Archived Log entry 144 added for thread 1 sequence 4464
ORA-19019: Invalid context passed to DBMS_XMLGEN.GETXML
Starting background process VKTM
ARC0: Archival started
Current log# 891 seq# 4973 mem# 0
Beginning log switch checkpoint up to RBA
Archived Log entry 863 added for thread 1 sequence 8201
PCC-02023: Found end of file while scanning a PL/SQL statement
Beginning log switch checkpoint up to RBA
Undo initialization finished
Thread 1 advanced to log sequence 735
CRS-05707: Failed after successful dependency consideration
Thread 1 advanced to log sequence 612
RMAN-07220: no manual actions available
Starting background process VKTM
NNO-00328: server has reset statistic counters to zero
Beginning log switch checkpoint up to RBA
Completed checkpoint up to RBA
Thread 1 advanced to log sequence 918
ORA-32403: cannot use new values from mv log on " ttstandby01 "." PK_CUSTOMER_ACCOUNTS "
Current log# 407 seq# 2863 mem# 0
Completed checkpoint up to RBA
Completed checkpoint up to RBA
Starting background process VKTM
Current log# 2 seq# 6697 mem# 0
ORA-24760: invalid isolation level flags
Undo initialization finished
RMAN-04014: startup failed: NETWORK_OPS.SIM_INVENTORY
Beginning log switch checkpoint up to RBA
Beginning log switch checkpoint up to RBA
Starting background process VKTM
Completed checkpoint up to RBA
Undo initialization finished
PGU-39620: TG rc %4li, large pool
Thread 1 advanced to log sequence 125
ORA-09940: ORACLE password file header is corrupt
Archived Log entry 378 added for thread 1 sequence 1402
Completed checkpoint up to RBA
Starting background process VKTM
Completed checkpoint up to RBA
Archived Log entry 515 added for thread 1 sequence 9776
QSM-02185: no partition key or PMARKER in select list
Thread 1 advanced to log sequence 501
Current log# 544 seq# 6590 mem# 0
PRCR-01003: Resource {0} is already disabled
Completed checkpoint up to RBA
RMAN-06960: EXPDP> app_db
Archived Log entry 47 added for thread 1 sequence 8242
Thread 1 advanced to log sequence 365
Completed checkpoint up to RBA
PLS-00157: AUTHID only allowed on schema-level programs
Beginning log switch checkpoint up to RBA
Archived Log entry 513 added for thread 1 sequence 3030
Completed checkpoint up to RBA
ARC0: Archival started
CLSS-02001: local node number 17 , master node number fk_order_customer
Errors in file /u01/app/oracle/diag/rdbms/ttprod/ttprod1/trace/ttprod1_ora_65701.trc
Undo initialization finished
Starting background process VKTM
Current log# 863 seq# 8744 mem# 0
ORA-39913: large pool PK_CUSTOMER_ACCOUNTS . 3 in tablespace SYSAUX not allowed in transportable set.
Thread 1 advanced to log sequence 525
Starting background process VKTM
Current log# 14 seq# 6999 mem# 0
ORA-40264: number of mining attributes ( app_db ) exceeds maximum ( large pool )
Errors in file /u01/app/oracle/diag/rdbms/ttprod/ttprod1/trace/ttprod1_ora_20561.trc
Archived Log entry 346 added for thread 1 sequence 9284
Undo initialization finished
Archived Log entry 431 added for thread 1 sequence 7350
Archived Log entry 54 added for thread 1 sequence 8446
Beginning log switch checkpoint up to RBA
JMS-00243: Topic {0} not found
Starting background process VKTM
Archived Log entry 962 added for thread 1 sequence 9942
ARC0: Archival started
TNS-00508: No such protocol adapter
Starting background process VKTM
Current log# 488 seq# 7220 mem# 0
Beginning log switch checkpoint up to RBA
Current log# 678 seq# 4949 mem# 0
Undo initialization finished
PCB-00228: Invalid group item variable " shared pool "
Archived Log entry 241 added for thread 1 sequence 9329
RMAN-08533: restoring blocks of datafile 42
ARC0: Archival started
ORA-34342: (MXDSS01) IMPORTANT: Analytic workspace _SYSSMU7$ is read-only. Therefore, you will not be able to use the UPDATE command to save changes to it.
Completed checkpoint up to RBA
Beginning log switch checkpoint up to RBA
TNS-00035: INTCTL: error while constructing full file name
Errors in file /u01/app/oracle/diag/rdbms/ttprod/ttprod1/trace/ttprod1_ora_48764.trc
Completed checkpoint up to RBA
Beginning log switch checkpoint up to RBA
PRCD-01224: The {0} management policy is not valid for RAC One Node database service {1}
Beginning log switch checkpoint up to RBA
LRM-00106: out of memory
Completed checkpoint up to RBA
Archived Log entry 165 added for thread 1 sequence 6125
Beginning log switch checkpoint up to RBA
Current log# 42 seq# 7958 mem# 0
Archived Log entry 740 added for thread 1 sequence 6949
NNL-00522: Removes a data item from a name by value or by type
Beginning log switch checkpoint up to RBA
NNL-01062: Cache checkpoint file name: 17
Starting background process VKTM
Beginning log switch checkpoint up to RBA
RMAN-07209: closed USERS failures
Current log# 330 seq# 7070 mem# 0
ORA-13602: The specified parameter NETWORK_OPS.SIM_INVENTORY is not valid for task or object 3 .
Thread 1 advanced to log sequence 260
Beginning log switch checkpoint up to RBA
Starting background process VKTM
Current log# 988 seq# 5369 mem# 0
TNS-04087: Unable to shutdown atleast one of the gateways.
Errors in file /u01/app/oracle/diag/rdbms/ttprod/ttprod1/trace/ttprod1_ora_55854.trc
Completed checkpoint up to RBA
Beginning log switch checkpoint up to RBA
Thread 1 advanced to log sequence 853
ORA-14277: tables in EXCHANGE SUBPARTITION must have the same number of columns
ARC0: Archival started
Thread 1 advanced to log sequence 964
Thread 1 advanced to log sequence 792
Archived Log entry 371 added for thread 1 sequence 5912
Beginning log switch checkpoint up to RBA
DRG-50802: failed to bind input
Errors in file /u01/app/oracle/diag/rdbms/ttprod/ttprod1/trace/ttprod1_ora_70828.trc
Archived Log entry 585 added for thread 1 sequence 1142
Beginning log switch checkpoint up to RBA
Archived Log entry 207 added for thread 1 sequence 1546
Archived Log entry 284 added for thread 1 sequence 4067
Current log# 627 seq# 6722 mem# 0
ORA-28137: Invalid FGA audit Handler
Current log# 841 seq# 7777 mem# 0
Completed checkpoint up to RBA
Archived Log entry 279 added for thread 1 sequence 3024
Starting background process VKTM
Completed checkpoint up to RBA
NID-00397: Changing database name from pk_orders to idx_users_email
Starting background process VKTM
Starting background process VKTM
Undo initialization finished
ARC0: Archival started
ORA-01950: No privileges on tablespace
Errors in file /u01/app/oracle/diag/rdbms/ttprod/ttprod1/trace/ttprod1_ora_43409.trc
Undo initialization finished
RMAN-10039: error encountered while polling for RPC completion on channel 1024
Undo initialization finished
Starting background process VKTM
Starting background process VKTM
Completed checkpoint up to RBA
ORA-03233: unable to extend table 42 . user_sessions subpartition SP2-0552 by reporting_schema in tablespace PK_CUSTOMER_ACCOUNTS
Errors in file /u01/app/oracle/diag/rdbms/ttprod/ttprod1/trace/ttprod1_ora_96079.trc
Starting background process VKTM
Archived Log entry 779 added for thread 1 sequence 2751
Thread 1 advanced to log sequence 790
ORA-00160: global transaction length 42 is greater than maximum ( _SYSSMU7$ )
Thread 1 advanced to log sequence 602
Completed checkpoint up to RBA
Archived Log entry 61 added for thread 1 sequence 1430
ARC0: Archival started
LFI-00121: Only one of REPLACE, or PROT allowed for opty.
ARC0: Archival started
Archived Log entry 279 added for thread 1 sequence 7361
Undo initialization finished
Beginning log switch checkpoint up to RBA
Thread 1 advanced to log sequence 313
ORA-15415: could not retrieve appliance properties for disk group INVOICE_LINES_IDX
