Sat Aug 15 01:00:00 2026
Undo initialization finished
PLS-00454: with a returning into clause, the table expression cannot be remote or a subquery
Completed checkpoint up to RBA
Starting background process VKTM
Current log# 517 seq# 6779 mem# 0
ORA-30959: The indexed column is not stored in CLOB.
Starting background process VKTM
Archived Log entry 232 added for thread 1 sequence 8147
Thread 1 advanced to log sequence 850
Starting background process VKTM
Beginning log switch checkpoint up to RBA
RMAN-08514: archived log file name= user_sessions RECID= 17 STAMP= reporting_schema
Undo initialization finished
Starting background process VKTM
ORA-30951: Element or attribute at Xpath session_1123 exceeds maximum length
ARC0: Archival started
PRCD-01100: Invalid relocate option {0}
Undo initialization finished
Starting background process VKTM
ORA-12591: TNS:event signal failure
Current log# 223 seq# 8501 mem# 0
Thread 1 advanced to log sequence 335
Completed checkpoint up to RBA
Archived Log entry 359 added for thread 1 sequence 1975
Thread 1 advanced to log sequence 404
IMP-00069: Could not convert to environment national character set's handle
Errors in file /u01/app/oracle/diag/rdbms/ttprod/ttprod1/trace/ttprod1_ora_92212.trc
Archived Log entry 780 added for thread 1 sequence 5958
Beginning log switch checkpoint up to RBA
Beginning log switch checkpoint up to RBA
ORA-14279: index mismatch for tables in ALTER TABLE EXCHANGE SUBPARTITION
Starting background process VKTM
ORA-38900: missing mandatory column " reporting_schema " of error log table " CDR_STAGING "
Completed checkpoint up to RBA
Undo initialization finished
ARC0: Archival started
Completed checkpoint up to RBA
ARC0: Archival started
PCC-00108: This statement is not supported by ANSI
Thread 1 advanced to log sequence 933
Completed checkpoint up to RBA
ORA-13752: User " /u01/app/oracle/oradata/ttprod/users01.dbf " must be SYS or must have the "ADMINISTER ANY SQL TUNING SET" privilege.
Errors in file /u01/app/oracle/diag/rdbms/ttprod/ttprod1/trace/ttprod1_ora_87775.trc
Undo initialization finished
ARC0: Archival started
Completed checkpoint up to RBA
Starting background process VKTM
IMG-00554: extra value in rotate operation
Thread 1 advanced to log sequence 952
ORA-13528: name ( app_db ) is already used by an existing baseline
Beginning log switch checkpoint up to RBA
Archived Log entry 448 added for thread 1 sequence 8231
ARC0: Archival started
Completed checkpoint up to RBA
Completed checkpoint up to RBA
ORA-49424: Directory outside ADR not allowed
Starting background process VKTM
Starting background process VKTM
Current log# 199 seq# 9740 mem# 0
Undo initialization finished
ORA-46061: Session ID not specified
Thread 1 advanced to log sequence 517
Completed checkpoint up to RBA
Thread 1 advanced to log sequence 379
Undo initialization finished
Starting background process VKTM
CRS-05024: Unmounting file system " SP2-0552 "
Archived Log entry 806 added for thread 1 sequence 4513
Undo initialization finished
Current log# 978 seq# 1770 mem# 0
RMAN-08035: partial resync skipped, target database not mounted
Starting background process VKTM
Undo initialization finished
Current log# 883 seq# 6192 mem# 0
Beginning log switch checkpoint up to RBA
RMAN-08140: channel TNS_ADMIN : starting validation of datafile
Current log# 840 seq# 8114 mem# 0
Archived Log entry 556 added for thread 1 sequence 2633
Beginning log switch checkpoint up to RBA
Completed checkpoint up to RBA
Thread 1 advanced to log sequence 868
ORA-37119: Incompatible OLAP API library load address
Beginning log switch checkpoint up to RBA
Undo initialization finished
Completed checkpoint up to RBA
NID-00330: The following datafiles are offline immediate:
Completed checkpoint up to RBA
Completed checkpoint up to RBA
Completed checkpoint up to RBA
NNL-00014: unknown data type " USERS "
ARC0: Archival started
Thread 1 advanced to log sequence 80
Thread 1 advanced to log sequence 635
Undo initialization finished
RMAN-08143: including current control file for validation
Archived Log entry 262 added for thread 1 sequence 5779
ORA-48214: Sequence Overflow [ reporting_schema ] [ fk_order_customer ] [ DATA_TS01 ]
Errors in file /u01/app/oracle/diag/rdbms/ttprod/ttprod1/trace/ttprod1_ora_50845.trc
Current log# 932 seq# 2309 mem# 0
Beginning log switch checkpoint up to RBA
KUP-11017: file SP2-0552 not found
Starting background process VKTM
Thread 1 advanced to log sequence 648
ORA-39110: error deleting worker processes
Current log# 991 seq# 4294 mem# 0
Beginning log switch checkpoint up to RBA
PRCA-01016: Failed to remove ASM resource {0} for ASM instance {1}
Thread 1 advanced to log sequence 806
Current log# 36 seq# 1807 mem# 0
Undo initialization finished
Current log# 772 seq# 5320 mem# 0
RMAN-07212: skipping failure NETWORK_OPS.SIM_INVENTORY because it was CLOSED
ARC0: Archival started
PLS-00746: ASSEMBLY AGENT user_sessions is null
Starting background process VKTM
Undo initialization finished
ORA-22056: value [ TNS_ADMIN ] is divided by zero
ARC0: Archival started
Thread 1 advanced to log sequence 85
Archived Log entry 243 added for thread 1 sequence 7263
ARC0: Archival started
Archived Log entry 789 added for thread 1 sequence 1083
ORA-40121: force option not allowed for drop model in different schema
Archived Log entry 523 added for thread 1 sequence 2384
Starting background process VKTM
Completed checkpoint up to RBA
Archived Log entry 65 added for thread 1 sequence 1718
Beginning log switch checkpoint up to RBA
NID-00405: Reversion of database name and database ID failed.
ARC0: Archival started
Completed checkpoint up to RBA
Thread 1 advanced to log sequence 440
Archived Log entry 931 added for thread 1 sequence 8746
Beginning log switch checkpoint up to RBA
ORA-12666: Dedicated server: outbound transport protocol different from inbound
Errors in file /u01/app/oracle/diag/rdbms/ttprod/ttprod1/trace/ttprod1_ora_40405.trc
Starting background process VKTM
NNO-00306: server shutdown countdown aborted
Starting background process VKTM
Thread 1 advanced to log sequence 18
Current log# 102 seq# 6372 mem# 0
PGA-20915: receive buffer length of number exceeds the maximum of number
Completed checkpoint up to RBA
Undo initialization finished
Thread 1 advanced to log sequence 80
ARC0: Archival started
Current log# 804 seq# 1487 mem# 0
RMAN-06797: Grant succeeded.
Thread 1 advanced to log sequence 82
DBV-00200: Block, DBA number , already marked corrupt
Errors in file /u01/app/oracle/diag/rdbms/ttprod/ttprod1/trace/ttprod1_ora_39603.trc
Beginning log switch checkpoint up to RBA
Beginning log switch checkpoint up to RBA
Archived Log entry 634 added for thread 1 sequence 8504
ORA-01256: error in locking database file 1024
Errors in file /u01/app/oracle/diag/rdbms/ttprod/ttprod1/trace/ttprod1_ora_25130.trc
Starting background process VKTM
ORA-13621: The task_or object pk_orders is marked as a template and cannot perform the requested operation.
ARC0: Archival started
Undo initialization finished
Starting background process VKTM
Archived Log entry 418 added for thread 1 sequence 3715
QSM-00768: the search condition is invalid for the requested operation
Errors in file /u01/app/oracle/diag/rdbms/ttprod/ttprod1/trace/ttprod1_ora_67462.trc
Thread 1 advanced to log sequence 966
Archived Log entry 608 added for thread 1 sequence 1743
ORA-27014: skgfqpini: translation error while expanding SS_UDMPDIR
Completed checkpoint up to RBA
QSM-01011: when heuristic rewrite not set, rewrite hint required
Undo initialization finished
Current log# 388 seq# 9200 mem# 0
ARC0: Archival started
Current log# 645 seq# 2853 mem# 0
Completed checkpoint up to RBA
PCB-00306: CREATE FUNCTION/PROCEDURE/PACKAGE/TRIGGER are Oracle extensions
Current log# 576 seq# 1152 mem# 0
Archived Log entry 139 added for thread 1 sequence 3963
ARC0: Archival started
RMAN-08046: channel 3 : starting compressed full datafile backup set
Completed checkpoint up to RBA
Archived Log entry 810 added for thread 1 sequence 4187
Archived Log entry 175 added for thread 1 sequence 9188
Undo initialization finished
Starting background process VKTM
PRCD-01008: Server parameter file does not exist for database {0}
Errors in file /u01/app/oracle/diag/rdbms/ttprod/ttprod1/trace/ttprod1_ora_70873.trc
ARC0: Archival started
Undo initialization finished
PLW-05000: mismatch in NOCOPY qualification between specification and body
Current log# 31 seq# 1602 mem# 0
Archived Log entry 457 added for thread 1 sequence 1934
Current log# 369 seq# 1438 mem# 0
Starting background process VKTM
Current log# 851 seq# 1142 mem# 0
PRIF-00012: failed to initialize cluster support services
Current log# 930 seq# 3668 mem# 0
Completed checkpoint up to RBA
DIA-48132: requested file lock is busy, [ SYSAUX ] [ _SYSSMU12$ ]
Errors in file /u01/app/oracle/diag/rdbms/ttprod/ttprod1/trace/ttprod1_ora_80105.trc
Thread 1 advanced to log sequence 225
Beginning log switch checkpoint up to RBA
NNL-01050: Version banner is " pg_toast_12345 "
Starting background process VKTM
ORA-23418: cannot unregister the propagator who is currently in use
ARC0: Archival started
Completed checkpoint up to RBA
Undo initialization finished
Starting background process VKTM
Undo initialization finished
DIA-48205: Record Length too Big [ INVOICE_LINES_IDX ] [ BILLING.CUST_ORDERS ] [ idx_users_email ]
Errors in file /u01/app/oracle/diag/rdbms/ttprod/ttprod1/trace/ttprod1_ora_95807.trc
Completed checkpoint up to RBA
PGA-21113: warm starting for partner LU 3
Completed checkpoint up to RBA
Starting background process VKTM
ORA-13784: cannot accept SQL profiles for all statements in the " idx_users_email "
Completed checkpoint up to RBA
OCI-22605: FDO handle [ app_db ] is not initialized
Errors in file /u01/app/oracle/diag/rdbms/ttprod/ttprod1/trace/ttprod1_ora_51152.trc
Archived Log entry 374 added for thread 1 sequence 1574
Thread 1 advanced to log sequence 495
Archived Log entry 846 added for thread 1 sequence 9280
Archived Log entry 858 added for thread 1 sequence 6285
Current log# 161 seq# 5827 mem# 0
RMAN-06154: validation succeeded for datafile copy
Errors in file /u01/app/oracle/diag/rdbms/ttprod/ttprod1/trace/ttprod1_ora_71183.trc
Archived Log entry 210 added for thread 1 sequence 9681
ORA-19884: datafile SYSAUX is unable to use Unused Block Optimization because tablespace has been dropped
Errors in file /u01/app/oracle/diag/rdbms/ttprod/ttprod1/trace/ttprod1_ora_20714.trc
Thread 1 advanced to log sequence 637
Beginning log switch checkpoint up to RBA
Beginning log switch checkpoint up to RBA
ORA-15151: missing or invalid version number for rolling migration
Errors in file /u01/app/oracle/diag/rdbms/ttprod/ttprod1/trace/ttprod1_ora_48787.trc
ARC0: Archival started
SCLC-01025: Failed to retrieve count of representatives for tier {0}
Thread 1 advanced to log sequence 282
Thread 1 advanced to log sequence 431
ORA-08499: Warning: picture mask options ' app_db ' ignored by UTL_PG
ARC0: Archival started
Archived Log entry 314 added for thread 1 sequence 2215
Beginning log switch checkpoint up to RBA
Current log# 6 seq# 4687 mem# 0
LPX-00251: conditional sections are valid only in external DTDs
Undo initialization finished
Current log# 98 seq# 6987 mem# 0
Beginning log switch checkpoint up to RBA
Archived Log entry 893 added for thread 1 sequence 3813
Completed checkpoint up to RBA
ORA-07595: sppid: $GETJPIW failure
Completed checkpoint up to RBA
ORA-25250: Cannot specify a remote recipient for the message
Archived Log entry 402 added for thread 1 sequence 3458
Undo initialization finished
RMAN-06461: current control file cannot be backed up by proxy.
Completed checkpoint up to RBA
ARC0: Archival started
Thread 1 advanced to log sequence 997
ORA-28112: failed to execute policy function
Archived Log entry 610 added for thread 1 sequence 5738
Archived Log entry 387 added for thread 1 sequence 9561
PRVF-05059: An error was encountered while verifying the SCAN configuration
Archived Log entry 310 added for thread 1 sequence 9825
Archived Log entry 243 added for thread 1 sequence 3294
Current log# 488 seq# 2370 mem# 0
INS-35256: The password for account USERS is not allowed to be pk_orders .
Thread 1 advanced to log sequence 798
Archived Log entry 687 added for thread 1 sequence 7077
Beginning log switch checkpoint up to RBA
ORA-24043: destination _SYSSMU12$ uses a reserved name, names with AQ$_ prefix are not valid
ARC0: Archival started
ARC0: Archival started
ORA-37097: (XSOBJORG_BAD_DIM_LEVEL) invalid property " ttprod1 " specified for dimension level " BILLING.CUST_ORDERS . user_sessions . UNDOTBS1 "
Completed checkpoint up to RBA
Starting background process VKTM
PRCN-02071: Failed to update attribute USE_EVM to {0}
Beginning log switch checkpoint up to RBA
Current log# 677 seq# 9939 mem# 0
QSM-01341: joins between materialized view large pool and query inline views are different
Undo initialization finished
ARC0: Archival started
ORA-06751: TLI Driver: bound addresses unequal
Errors in file /u01/app/oracle/diag/rdbms/ttprod/ttprod1/trace/ttprod1_ora_16666.trc
ARC0: Archival started
Current log# 665 seq# 9101 mem# 0
Current log# 307 seq# 9091 mem# 0
Beginning log switch checkpoint up to RBA
Completed checkpoint up to RBA
ORA-25408: can not safely replay call
Errors in file /u01/app/oracle/diag/rdbms/ttprod/ttprod1/trace/ttprod1_ora_65749.trc
ARC0: Archival started
Current log# 573 seq# 9973 mem# 0
Completed checkpoint up to RBA
PRCD-01244: Failed to start service {0} of RAC One Node database {1} on the given node {2} because the database was running on node {3}
Thread 1 advanced to log sequence 415
Undo initialization finished
ARC0: Archival started
Thread 1 advanced to log sequence 151
Current log# 813 seq# 9308 mem# 0
ORA-22321: method does not return any result
Thread 1 advanced to log sequence 495
ORA-23612: unable to find tablespace " TNS_ADMIN "
Beginning log switch checkpoint up to RBA
TNS-12196: TNS:received an error from TNS
Completed checkpoint up to RBA
PRCR-01125: Failed to check resource {0} on node {1}
Starting background process VKTM
Beginning log switch checkpoint up to RBA
Completed checkpoint up to RBA
ARC0: Archival started
DRG-50403: Invalid MVDATA entries exist in the index
Thread 1 advanced to log sequence 385
Current log# 403 seq# 3679 mem# 0
KUP-04060: field 3 referenced by lobfile column TNS_ADMIN not found
ARC0: Archival started
ORA-44004: invalid qualified SQL name
Thread 1 advanced to log sequence 385
ARC0: Archival started
Undo initialization finished
NZE-29031: SSL handshake is required.
Beginning log switch checkpoint up to RBA
ORA-15475: usage user_sessions is greater than fk_order_customer characters
Starting background process VKTM
ARC0: Archival started
ARC0: Archival started
ORA-16112: log mining and apply stopping
Errors in file /u01/app/oracle/diag/rdbms/ttprod/ttprod1/trace/ttprod1_ora_85544.trc
Undo initialization finished
ORA-39061: import mode BILLING.CUST_ORDERS conflicts with export mode ttprod2
Errors in file /u01/app/oracle/diag/rdbms/ttprod/ttprod1/trace/ttprod1_ora_77144.trc
Current log# 61 seq# 8477 mem# 0
Undo initialization finished
PRKR-01019: writing of directory failed, {0}, {1}
Archived Log entry 571 added for thread 1 sequence 5295
CRS-02596: Modifications to the ' BILLING.CUST_ORDERS ' attribute of server pools are not supported
Errors in file /u01/app/oracle/diag/rdbms/ttprod/ttprod1/trace/ttprod1_ora_20197.trc
Undo initialization finished
KUP-01008: the bad identifier was: reporting_schema
Completed checkpoint up to RBA
ARC0: Archival started
ORA-26528: local store callback proc phase failed for ' 17 . 17 '
Undo initialization finished
Current log# 980 seq# 6179 mem# 0
Beginning log switch checkpoint up to RBA
Undo initialization finished
Completed checkpoint up to RBA
ORA-01120: cannot remove online database file user_sessions
Errors in file /u01/app/oracle/diag/rdbms/ttprod/ttprod1/trace/ttprod1_ora_66103.trc
Thread 1 advanced to log sequence 968
Beginning log switch checkpoint up to RBA
PGA-21115: shutdown request received
Errors in file /u01/app/oracle/diag/rdbms/ttprod/ttprod1/trace/ttprod1_ora_85386.trc
Current log# 159 seq# 4412 mem# 0
Undo initialization finished
Archived Log entry 105 added for thread 1 sequence 6879
ARC0: Archival started
QSM-02077: mv log is newer than last full refresh
Errors in file /u01/app/oracle/diag/rdbms/ttprod/ttprod1/trace/ttprod1_ora_98207.trc
Undo initialization finished
Completed checkpoint up to RBA
ARC0: Archival started
ORA-22304: input type is not an object type
Starting background process VKTM
Starting background process VKTM
Archived Log entry 102 added for thread 1 sequence 1358
NNO-00261: cannot construct configuration checkpoint file name
Completed checkpoint up to RBA
Starting background process VKTM
OCI-22607: image handle already generated
Archived Log entry 349 added for thread 1 sequence 5932
Completed checkpoint up to RBA
Archived Log entry 280 added for thread 1 sequence 5011
ORA-06436: ssaio: asynchronous I/O failed due to incorrect parameters.
Undo initialization finished
DRG-50501: classifier preference not specified
Completed checkpoint up to RBA
ARC0: Archival started
NID-00350: PK_CUSTOMER_ACCOUNTS ( number ) idx_users_email
ARC0: Archival started
Archived Log entry 573 added for thread 1 sequence 7871
Archived Log entry 152 added for thread 1 sequence 4669
Undo initialization finished
ORA-19562: file _SYSSMU12$ is empty
ARC0: Archival started
Beginning log switch checkpoint up to RBA
ARC0: Archival started
Thread 1 advanced to log sequence 42
ORA-01868: the leading precision of the interval is too small
Current log# 471 seq# 5637 mem# 0
Starting background process VKTM
Archived Log entry 613 added for thread 1 sequence 5005
NID-00309: Control File TNS_ADMIN - wrote new name
Errors in file /u01/app/oracle/diag/rdbms/ttprod/ttprod1/trace/ttprod1_ora_53922.trc
Undo initialization finished
ORA-14463: OPERATIONS keyword not specified
Current log# 710 seq# 6182 mem# 0
ARC0: Archival started
Beginning log switch checkpoint up to RBA
Starting background process VKTM
ORA-24507: invalid combination of character set ids
Thread 1 advanced to log sequence 340
Thread 1 advanced to log sequence 54
Current log# 660 seq# 1854 mem# 0
PCC-02347: PL/SQL found syntax errors
Errors in file /u01/app/oracle/diag/rdbms/ttprod/ttprod1/trace/ttprod1_ora_66547.trc
Beginning log switch checkpoint up to RBA
ARC0: Archival started
Starting background process VKTM
NID-00397: Changing database name from _SYSSMU12$ to /u01/app/oracle/oradata/ttprod/users01.dbf
Current log# 431 seq# 1681 mem# 0
Beginning log switch checkpoint up to RBA
RMAN-06052: no parent backup or copy of datafile number found
Starting background process VKTM
Beginning log switch checkpoint up to RBA
Starting background process VKTM
Archived Log entry 789 added for thread 1 sequence 7863
Undo initialization finished
ORA-14115: partition bound of partition number TNS_ADMIN is too long
Undo initialization finished
Archived Log entry 841 added for thread 1 sequence 8034
ARC0: Archival started
ORA-09756: osnpns: no port in the name server.
Errors in file /u01/app/oracle/diag/rdbms/ttprod/ttprod1/trace/ttprod1_ora_69406.trc
Completed checkpoint up to RBA
Archived Log entry 236 added for thread 1 sequence 1741
PCC-02013: unknown escape sequence
Errors in file /u01/app/oracle/diag/rdbms/ttprod/ttprod1/trace/ttprod1_ora_34142.trc
Current log# 600 seq# 6374 mem# 0
Starting background process VKTM
Current log# 400 seq# 1721 mem# 0
Archived Log entry 37 added for thread 1 sequence 1365
Archived Log entry 270 added for thread 1 sequence 9815
RMAN-00703: The cmdfile has no syntax errors
Errors in file /u01/app/oracle/diag/rdbms/ttprod/ttprod1/trace/ttprod1_ora_42995.trc
Thread 1 advanced to log sequence 293
Starting background process VKTM
ORA-54504: multiple outer geometries
Archived Log entry 687 added for thread 1 sequence 4884
ORA-44314: network name already exists
Errors in file /u01/app/oracle/diag/rdbms/ttprod/ttprod1/trace/ttprod1_ora_87687.trc
Completed checkpoint up to RBA
ARC0: Archival started
Archived Log entry 35 added for thread 1 sequence 2266
RMAN-05571: DORECOVER specified for non standby duplication
Thread 1 advanced to log sequence 639
Beginning log switch checkpoint up to RBA
Undo initialization finished
Thread 1 advanced to log sequence 471
Current log# 122 seq# 5878 mem# 0
TNS-01200: The listener must be suid root
Archived Log entry 985 added for thread 1 sequence 2653
Beginning log switch checkpoint up to RBA
Archived Log entry 134 added for thread 1 sequence 7904
Archived Log entry 189 added for thread 1 sequence 4609
SQL-02135: Unable to initialize date format using supplied mask
Thread 1 advanced to log sequence 519
Thread 1 advanced to log sequence 755
Thread 1 advanced to log sequence 9
ORA-47905: OLS policy label ttprod1 is not allowed for policy _SYSSMU7$
Errors in file /u01/app/oracle/diag/rdbms/ttprod/ttprod1/trace/ttprod1_ora_24881.trc
Undo initialization finished
Thread 1 advanced to log sequence 399
Current log# 654 seq# 8154 mem# 0
INS-32013: The DATA_TS01 location is empty.
Starting background process VKTM
Current log# 310 seq# 9104 mem# 0
RMAN-12000: execution layer initialization failed
Errors in file /u01/app/oracle/diag/rdbms/ttprod/ttprod1/trace/ttprod1_ora_62433.trc
Starting background process VKTM
ARC0: Archival started
ARC0: Archival started
Thread 1 advanced to log sequence 362
TNS-12510: TNS:database temporarily lacks resources to handle the request
Current log# 75 seq# 5705 mem# 0
Thread 1 advanced to log sequence 422
ORA-01337: log file has a different compatibility version
Beginning log switch checkpoint up to RBA
Current log# 700 seq# 8776 mem# 0
Thread 1 advanced to log sequence 625
Beginning log switch checkpoint up to RBA
Undo initialization finished
NNL-00023: SET command is missing an argument
Current log# 691 seq# 7189 mem# 0
Beginning log switch checkpoint up to RBA
Undo initialization finished
Completed checkpoint up to RBA
Starting background process VKTM
ORA-41668: invalid operation for the rule class
ARC0: Archival started
Starting background process VKTM
Current log# 159 seq# 9624 mem# 0
DIA-48300: Incident Record Already Exists
ARC0: Archival started
Starting background process VKTM
ORA-01783: only one RECOVERABLE or UNRECOVERABLE clause may be specified
Starting background process VKTM
Completed checkpoint up to RBA
Completed checkpoint up to RBA
Beginning log switch checkpoint up to RBA
Beginning log switch checkpoint up to RBA
ORA-13144: target table ttprod1 not found
Undo initialization finished
ARC0: Archival started
Completed checkpoint up to RBA
ARC0: Archival started
ORA-10915: TABLESPACE GROUP cannot be specified for this type of tablespace
Thread 1 advanced to log sequence 379
Thread 1 advanced to log sequence 177
ARC0: Archival started
Undo initialization finished
Archived Log entry 165 added for thread 1 sequence 1679
NZE-29237: the cryptographic engine could not finish the algorithm
Thread 1 advanced to log sequence 414
Thread 1 advanced to log sequence 699
ORA-29359: invalid method name SYSAUX specified for resource plan UNDOTBS1
Thread 1 advanced to log sequence 29
Undo initialization finished
Current log# 67 seq# 8244 mem# 0
ORA-27048: skgfifi: file header information is invalid
Errors in file /u01/app/oracle/diag/rdbms/ttprod/ttprod1/trace/ttprod1_ora_40850.trc
Current log# 888 seq# 7876 mem# 0
Thread 1 advanced to log sequence 936
Undo initialization finished
PGU-00145: invalid object name for DESCRIBE
Errors in file /u01/app/oracle/diag/rdbms/ttprod/ttprod1/trace/ttprod1_ora_31074.trc
Current log# 234 seq# 9697 mem# 0
Completed checkpoint up to RBA
Archived Log entry 764 added for thread 1 sequence 2842
DRG-13612: Missing path element in the result set interface
Starting background process VKTM
Current log# 874 seq# 6584 mem# 0
Completed checkpoint up to RBA
Archived Log entry 26 added for thread 1 sequence 6138
Current log# 189 seq# 3496 mem# 0
PLS-00420: can't call builtin routines remotely
Completed checkpoint up to RBA
Completed checkpoint up to RBA
Archived Log entry 628 added for thread 1 sequence 7455
Completed checkpoint up to RBA
Starting background process VKTM
OCI-21600: path expression too long
Beginning log switch checkpoint up to RBA
ORA-35016: (QFCHECK00) The analytic workspace and EIF file definitions of workspace object have a mismatched type.
Completed checkpoint up to RBA
ORA-10879: error signaled in parallel recovery slave _SYSSMU12$
Errors in file /u01/app/oracle/diag/rdbms/ttprod/ttprod1/trace/ttprod1_ora_30505.trc
Current log# 737 seq# 4200 mem# 0
Undo initialization finished
Undo initialization finished
PRCR-01106: Failed to relocate resource {0} from node {1} to node {2}
Current log# 204 seq# 1980 mem# 0
Thread 1 advanced to log sequence 580
Archived Log entry 264 added for thread 1 sequence 5391
Archived Log entry 196 added for thread 1 sequence 2617
Undo initialization finished
RMAN-06203: Changed KEEP options for 5000 objects
Starting background process VKTM
Archived Log entry 848 added for thread 1 sequence 6769
Starting background process VKTM
Thread 1 advanced to log sequence 422
PCB-00322: EXEC SQL LOB statements an Oracle extension
Starting background process VKTM
Archived Log entry 544 added for thread 1 sequence 8820
RDE-00068: length of universe component " fk_order_customer " ( number ) is longer than the maximum: number .
Completed checkpoint up to RBA
Thread 1 advanced to log sequence 399
ORA-29705: ACTIVE_INSTANCE_COUNT is BILLING.CUST_ORDERS which is incompatible with the value in other instances
ARC0: Archival started
ARC0: Archival started
ARC0: Archival started
Beginning log switch checkpoint up to RBA
DRG-11314: changing TRANSACTIONAL property on index with rows on pending queue not allowed
Current log# 964 seq# 4071 mem# 0
Thread 1 advanced to log sequence 531
PCC-00107: The CONNECT statement is Oracle implementation dependent
Errors in file /u01/app/oracle/diag/rdbms/ttprod/ttprod1/trace/ttprod1_ora_38750.trc
Thread 1 advanced to log sequence 267
ORA-30987: XML Index on XML DB repository does not exist
ARC0: Archival started
Archived Log entry 456 added for thread 1 sequence 7885
Archived Log entry 964 added for thread 1 sequence 5130
Archived Log entry 406 added for thread 1 sequence 1401
Undo initialization finished
PGA-21105: startup for local LU 5000 is warm
Errors in file /u01/app/oracle/diag/rdbms/ttprod/ttprod1/trace/ttprod1_ora_66858.trc
Undo initialization finished
Starting background process VKTM
TNS-01080: Listener failed to start. See the error message(s) above...
Thread 1 advanced to log sequence 771
Thread 1 advanced to log sequence 950
Thread 1 advanced to log sequence 682
QSM-01295: no suitable grouping_id found in materialized view with grouping sets
Beginning log switch checkpoint up to RBA
ARC0: Archival started
Thread 1 advanced to log sequence 612
Archived Log entry 540 added for thread 1 sequence 5312
TNS-00102: Keyword-Value binding operation error
Thread 1 advanced to log sequence 174
Current log# 841 seq# 9770 mem# 0
Undo initialization finished
Undo initialization finished
ORA-40286: remote operations not permitted on mining models
Completed checkpoint up to RBA
Thread 1 advanced to log sequence 158
ARC0: Archival started
Thread 1 advanced to log sequence 685
RMAN-08617: validation failed for foreign archived log
Current log# 668 seq# 1075 mem# 0
Beginning log switch checkpoint up to RBA
OCI-31033: Requested number of XML children session_1123 exceeds maximum idx_users_email
Archived Log entry 672 added for thread 1 sequence 1622
ARC0: Archival started
Undo initialization finished
Starting background process VKTM
ARC0: Archival started
PRCS-01073: The specified GNS logging level {0} was outside the expected range of {1} to {2}
Current log# 114 seq# 5719 mem# 0
Archived Log entry 758 added for thread 1 sequence 5199
Current log# 677 seq# 3189 mem# 0
Thread 1 advanced to log sequence 779
PCC-00094: Array length for char[n] datatype must be >= 2
Undo initialization finished
Archived Log entry 32 added for thread 1 sequence 2173
Thread 1 advanced to log sequence 585
Completed checkpoint up to RBA
Beginning log switch checkpoint up to RBA
LFI-01500: Error condition on call to OSD function CRM.CALL_DETAIL_RECORDS .
Errors in file /u01/app/oracle/diag/rdbms/ttprod/ttprod1/trace/ttprod1_ora_50733.trc
ARC0: Archival started
Current log# 218 seq# 9014 mem# 0
Thread 1 advanced to log sequence 485
ARC0: Archival started
Thread 1 advanced to log sequence 136
TNS-01008: version [<listener_name>] : get the version information of the listener
Starting background process VKTM
Starting background process VKTM
Undo initialization finished
Archived Log entry 37 added for thread 1 sequence 9741
PGU-00314: invalid parameter given on PGAU command line
Current log# 984 seq# 7138 mem# 0
Starting background process VKTM
Archived Log entry 546 added for thread 1 sequence 7065
RMAN-06451: proxy copy handle= _SYSSMU7$ RECID= ttprod2 STAMP= pk_orders
Errors in file /u01/app/oracle/diag/rdbms/ttprod/ttprod1/trace/ttprod1_ora_34978.trc
Completed checkpoint up to RBA
ARC0: Archival started
ARC0: Archival started
ORA-36726: (XSALERR00) The character ' character ' is not a valid format specifier for the ALLOCATE error log.
Errors in file /u01/app/oracle/diag/rdbms/ttprod/ttprod1/trace/ttprod1_ora_18759.trc
ARC0: Archival started
CRS-01805: Unable to connect to the CSS daemon, return code number
Errors in file /u01/app/oracle/diag/rdbms/ttprod/ttprod1/trace/ttprod1_ora_35936.trc
Completed checkpoint up to RBA
KUP-04071: record discarded from file ttprod1
Undo initialization finished
Completed checkpoint up to RBA
Beginning log switch checkpoint up to RBA
Undo initialization finished
Current log# 667 seq# 6017 mem# 0
ORA-14456: cannot rebuild index on a temporary table
Current log# 345 seq# 2028 mem# 0
Undo initialization finished
Archived Log entry 997 added for thread 1 sequence 5802
ORA-02807: Allocation of memory for I/O vectors failed.
Completed checkpoint up to RBA
ORA-08278: Cannot get CPU statistics
Archived Log entry 902 added for thread 1 sequence 8358
ORA-14626: values being added already exist in DEFAULT subpartition
Undo initialization finished
Completed checkpoint up to RBA
Completed checkpoint up to RBA
Undo initialization finished
Completed checkpoint up to RBA
RMAN-08155: printing stored global script: UNDOTBS1
Current log# 635 seq# 2521 mem# 0
RMAN-06112: changed datafile copy available
Errors in file /u01/app/oracle/diag/rdbms/ttprod/ttprod1/trace/ttprod1_ora_72287.trc
Beginning log switch checkpoint up to RBA
Archived Log entry 603 added for thread 1 sequence 3622
Current log# 403 seq# 8560 mem# 0
ARC0: Archival started
ORA-26029: index TNS_ADMIN . USERS partition SYSAUX initially in unusable state
Undo initialization finished
Undo initialization finished
Starting background process VKTM
Thread 1 advanced to log sequence 827
Current log# 367 seq# 3173 mem# 0
IMG-00715: unable to open image stored in a BFILE
Completed checkpoint up to RBA
Completed checkpoint up to RBA
ARC0: Archival started
NID-00395: Reverting database name from reporting_schema to CRM.CALL_DETAIL_RECORDS
Starting background process VKTM
Current log# 887 seq# 6865 mem# 0
Completed checkpoint up to RBA
ARC0: Archival started
Starting background process VKTM
LPX-00270: FTP error: ~s
Thread 1 advanced to log sequence 133
Archived Log entry 555 added for thread 1 sequence 7909
Undo initialization finished
Completed checkpoint up to RBA
Archived Log entry 896 added for thread 1 sequence 6093
ORA-19181: FOTY0014: type exception
ARC0: Archival started
Starting background process VKTM
XOQ-01902: No analytic workspace is specified in the analytic workspace primary dimension organization.
Errors in file /u01/app/oracle/diag/rdbms/ttprod/ttprod1/trace/ttprod1_ora_87931.trc
Beginning log switch checkpoint up to RBA
ORA-29872: parameters clause cannot be combined with the specified options
Thread 1 advanced to log sequence 207
Current log# 252 seq# 9296 mem# 0
ORA-29345: cannot plug a tablespace into a database using an incompatible character set
Completed checkpoint up to RBA
Thread 1 advanced to log sequence 851
Starting background process VKTM
Completed checkpoint up to RBA
Completed checkpoint up to RBA
ORA-54010: expression column is not supported for a temporary table
Beginning log switch checkpoint up to RBA
Archived Log entry 875 added for thread 1 sequence 1096
Completed checkpoint up to RBA
Beginning log switch checkpoint up to RBA
Current log# 609 seq# 3632 mem# 0
NNO-00332: warning: region store serial number reduced from number to number
Errors in file /u01/app/oracle/diag/rdbms/ttprod/ttprod1/trace/ttprod1_ora_75006.trc
ARC0: Archival started
Thread 1 advanced to log sequence 332
Beginning log switch checkpoint up to RBA
Thread 1 advanced to log sequence 197
CLST-02311: failure rolling back node deletion. configuration irrecoverable
Current log# 575 seq# 4178 mem# 0
Completed checkpoint up to RBA
Completed checkpoint up to RBA
ARC0: Archival started
Starting background process VKTM
RMAN-06223: starting up automatic instance app_db
Completed checkpoint up to RBA
Thread 1 advanced to log sequence 956
PRVF-10208: Following error occurred during the VIP subnet configuration check
Errors in file /u01/app/oracle/diag/rdbms/ttprod/ttprod1/trace/ttprod1_ora_97630.trc
Beginning log switch checkpoint up to RBA
Completed checkpoint up to RBA
CRS-04224: Unable to communicate with the Cluster Synchronization Services daemon to update IPMI values.
Starting background process VKTM
Archived Log entry 93 added for thread 1 sequence 9672
Thread 1 advanced to log sequence 117
LRM-00117: syntax error at ' SP2-0552 ' at the start of input
ARC0: Archival started
NID-00337: The following datafiles are read-only:
Completed checkpoint up to RBA
IMG-02005: 2FF05 - incorrect color specification
Completed checkpoint up to RBA
Beginning log switch checkpoint up to RBA
Completed checkpoint up to RBA
Current log# 69 seq# 2883 mem# 0
Thread 1 advanced to log sequence 854
ORA-02473: Error while evaluating the cluster's hash expression.
Errors in file /u01/app/oracle/diag/rdbms/ttprod/ttprod1/trace/ttprod1_ora_90724.trc
Archived Log entry 118 added for thread 1 sequence 8531
Undo initialization finished
Undo initialization finished
Thread 1 advanced to log sequence 199
ORA-39901: Partitioned table fk_order_customer . pg_toast_12345 is partially contained in the transportable set.
Errors in file /u01/app/oracle/diag/rdbms/ttprod/ttprod1/trace/ttprod1_ora_80020.trc
Undo initialization finished
Undo initialization finished
Beginning log switch checkpoint up to RBA
QSM-02193: unsupported MV on commit SCN based MV logs
Archived Log entry 209 added for thread 1 sequence 3484
ORA-39191: internal error ocurred during decryption phase BILLING.CUST_ORDERS
Archived Log entry 910 added for thread 1 sequence 8164
Thread 1 advanced to log sequence 976
ARC0: Archival started
Beginning log switch checkpoint up to RBA
Starting background process VKTM
RMAN-08191: See trace file UNDOTBS1 for details
Completed checkpoint up to RBA
Undo initialization finished
ARC0: Archival started
ORA-15505: cannot start workload capture because instance _SYSSMU7$ encountered errors while accessing directory " session_1123 "
ARC0: Archival started
RDE-04000: client waiting
Starting background process VKTM
Starting background process VKTM
Undo initialization finished
Completed checkpoint up to RBA
ORA-31108: Action failed as resource ttprod1 is locked
Thread 1 advanced to log sequence 3
Current log# 50 seq# 6858 mem# 0
Completed checkpoint up to RBA
KUP-11012: file reporting_schema in /u01/app/oracle/oradata/ttprod/users01.dbf already exists
Thread 1 advanced to log sequence 556
Starting background process VKTM
ORA-37571: invalid SQL ID
Completed checkpoint up to RBA
ORA-02309: atomic NULL violation
Beginning log switch checkpoint up to RBA
RMAN-06616: RMAN output not resynced for database with DB_UNIQUE_NAME large pool
Errors in file /u01/app/oracle/diag/rdbms/ttprod/ttprod1/trace/ttprod1_ora_19050.trc
Archived Log entry 162 added for thread 1 sequence 1992
ARC0: Archival started
DIA-48238: Invalid Surrogate Length Specified [ _SYSSMU12$ ] [ BILLING.CUST_ORDERS ]
ARC0: Archival started
Thread 1 advanced to log sequence 311
INS-42011: The operating system group specified for oraInventory group is invalid.
Starting background process VKTM
ORA-24388: Unsupported functionality in fast path mode
ARC0: Archival started
Starting background process VKTM
Completed checkpoint up to RBA
ORA-32136: Cannot perform operation on an invalid stream
Thread 1 advanced to log sequence 608
ORA-32045: maximum level of recursion reached while executing recursive WITH query
Beginning log switch checkpoint up to RBA
ORA-55494: input model set may only have a unique VPD policy
Undo initialization finished
Beginning log switch checkpoint up to RBA
Current log# 994 seq# 7958 mem# 0
Beginning log switch checkpoint up to RBA
Starting background process VKTM
PLS-00439: A LIMIT clause must be used within a BULK FETCH
Completed checkpoint up to RBA
Starting background process VKTM
ORA-47996: The RECYCLEBIN is turned on
Archived Log entry 856 added for thread 1 sequence 1634
Thread 1 advanced to log sequence 343
Archived Log entry 766 added for thread 1 sequence 2970
ORA-13061: topology with the name PK_CUSTOMER_ACCOUNTS does not exist
Starting background process VKTM
Archived Log entry 548 added for thread 1 sequence 9075
Undo initialization finished
ORA-14628: specification of bounds is inconsistent with LIST method
Errors in file /u01/app/oracle/diag/rdbms/ttprod/ttprod1/trace/ttprod1_ora_70440.trc
Starting background process VKTM
ARC0: Archival started
Starting background process VKTM
Starting background process VKTM
RMAN-05564: SPFILE backup not found for database USERS created before reporting_schema in SYSAUX
Archived Log entry 945 added for thread 1 sequence 6298
Current log# 82 seq# 1965 mem# 0
Completed checkpoint up to RBA
Completed checkpoint up to RBA
Thread 1 advanced to log sequence 779
PLS-00677: Compound Triggers cannot be autonomous transactions
Errors in file /u01/app/oracle/diag/rdbms/ttprod/ttprod1/trace/ttprod1_ora_93749.trc
Current log# 653 seq# 7524 mem# 0
ARC0: Archival started
Undo initialization finished
ARC0: Archival started
Starting background process VKTM
ORA-13474: invalid rasterDataTable name: 5000
Beginning log switch checkpoint up to RBA
Beginning log switch checkpoint up to RBA
Starting background process VKTM
Beginning log switch checkpoint up to RBA
PCC-00042: Must EXEC SQL INCLUDE SQLCA when mode=ANSI and WHENEVER SQLWARNING used
Errors in file /u01/app/oracle/diag/rdbms/ttprod/ttprod1/trace/ttprod1_ora_74229.trc
ARC0: Archival started
Thread 1 advanced to log sequence 398
PRCD-01053: Failed to retrieve the database instances providing service {0}
Completed checkpoint up to RBA
Completed checkpoint up to RBA
Thread 1 advanced to log sequence 71
Current log# 744 seq# 7681 mem# 0
Undo initialization finished
PRCR-01098: Could not set rolling upgrade mode {0}
Thread 1 advanced to log sequence 255
Thread 1 advanced to log sequence 705
Current log# 92 seq# 5596 mem# 0
ARC0: Archival started
Current log# 305 seq# 1251 mem# 0
ORA-14303: partitions or subpartitions are not in the right order
Errors in file /u01/app/oracle/diag/rdbms/ttprod/ttprod1/trace/ttprod1_ora_68380.trc
Starting background process VKTM
Current log# 434 seq# 8722 mem# 0
ORA-13607: The specified task or object reporting_schema already exists
Undo initialization finished
ARC0: Archival started
Beginning log switch checkpoint up to RBA
Beginning log switch checkpoint up to RBA
Beginning log switch checkpoint up to RBA
PCB-00312: Keyword WORK required here by ANSI
Archived Log entry 114 added for thread 1 sequence 4580
NNL-00406: Canonical name: UNDOTBS1
Thread 1 advanced to log sequence 798
Thread 1 advanced to log sequence 248
Current log# 296 seq# 1266 mem# 0
RMAN-08540: channel USERS : backup set complete, elapsed time: NETWORK_OPS.SIM_INVENTORY
Beginning log switch checkpoint up to RBA
Completed checkpoint up to RBA
Beginning log switch checkpoint up to RBA
ARC0: Archival started
NZE-29242: the asymmetric key is too short to be used with the data.
Thread 1 advanced to log sequence 665
Current log# 547 seq# 2417 mem# 0
ORA-01077: background process initialization failure
ARC0: Archival started
ARC0: Archival started
Thread 1 advanced to log sequence 703
ORA-32413: allow concurrent refresh of materialized view and truncate
Undo initialization finished
Beginning log switch checkpoint up to RBA
Undo initialization finished
Current log# 103 seq# 1259 mem# 0
Thread 1 advanced to log sequence 925
ORA-01282: date range specified is invalid
Current log# 471 seq# 3368 mem# 0
Starting background process VKTM
Beginning log switch checkpoint up to RBA
DIA-48429: Variable name [ CDR_STAGING ] is an invalid identifier
Thread 1 advanced to log sequence 236
Starting background process VKTM
ARC0: Archival started
ORA-08106: cannot create journal table NETWORK_OPS.SIM_INVENTORY . large pool
Current log# 938 seq# 3701 mem# 0
Starting background process VKTM
RMAN-20218: datafile not found in repository
Errors in file /u01/app/oracle/diag/rdbms/ttprod/ttprod1/trace/ttprod1_ora_17052.trc
Completed checkpoint up to RBA
Current log# 88 seq# 1189 mem# 0
Current log# 983 seq# 5786 mem# 0
ARC0: Archival started
Beginning log switch checkpoint up to RBA
ORA-02396: exceeded maximum idle time, please connect again
Beginning log switch checkpoint up to RBA
ARC0: Archival started
Current log# 164 seq# 9069 mem# 0
ARC0: Archival started
NID-00396: Reverting database ID from number to number
Beginning log switch checkpoint up to RBA
ORA-19870: error while restoring backup piece NETWORK_OPS.SIM_INVENTORY
Thread 1 advanced to log sequence 705
Current log# 903 seq# 3017 mem# 0
Completed checkpoint up to RBA
Thread 1 advanced to log sequence 647
ORA-01010: invalid OCI operation
Errors in file /u01/app/oracle/diag/rdbms/ttprod/ttprod1/trace/ttprod1_ora_27416.trc
Completed checkpoint up to RBA
Archived Log entry 484 added for thread 1 sequence 8908
Beginning log switch checkpoint up to RBA
Current log# 997 seq# 8085 mem# 0
Current log# 461 seq# 4952 mem# 0
PCB-00229: Indicator variable " TNS_ADMIN " has wrong type or length
Starting background process VKTM
ORA-16307: TSE key TNS_ADMIN successfully applied
Beginning log switch checkpoint up to RBA
RMAN-06522: KEEP FOREVER option is not supported without the recovery catalog
Errors in file /u01/app/oracle/diag/rdbms/ttprod/ttprod1/trace/ttprod1_ora_14231.trc
Undo initialization finished
Completed checkpoint up to RBA
ARC0: Archival started
Undo initialization finished
ORA-14322: DEFAULT partition already exists
Errors in file /u01/app/oracle/diag/rdbms/ttprod/ttprod1/trace/ttprod1_ora_41070.trc
ARC0: Archival started
Starting background process VKTM
RMAN-06452: ttprod1 package upgraded to version USERS
Completed checkpoint up to RBA
ARC0: Archival started
Current log# 744 seq# 4048 mem# 0
PCB-00308: FOR clause is an Oracle extension
Archived Log entry 276 added for thread 1 sequence 3746
Beginning log switch checkpoint up to RBA
Archived Log entry 475 added for thread 1 sequence 4364
ARC0: Archival started
Thread 1 advanced to log sequence 991
PGA-21108: cold start complete for local LU shared pool
Undo initialization finished
Thread 1 advanced to log sequence 119
Archived Log entry 557 added for thread 1 sequence 1501
RMAN-08085: created script pg_toast_12345
Thread 1 advanced to log sequence 468
Undo initialization finished
ORA-16741: the destination parameter of standby database " pk_orders " has incorrect syntax
Beginning log switch checkpoint up to RBA
Completed checkpoint up to RBA
Undo initialization finished
Thread 1 advanced to log sequence 556
Completed checkpoint up to RBA
RMAN-07207: changed USERS failures to HIGH priority
Beginning log switch checkpoint up to RBA
Beginning log switch checkpoint up to RBA
Undo initialization finished
INS-35423: The installer has detected that Oracle Clusterware is not running on local node.
ARC0: Archival started
PRCH-01053: Failed while checking status of Network "{0}"
Thread 1 advanced to log sequence 536
Undo initialization finished
ARC0: Archival started
Beginning log switch checkpoint up to RBA
ORA-13359: extent does not have an area
Current log# 383 seq# 1457 mem# 0
Thread 1 advanced to log sequence 418
Current log# 975 seq# 4779 mem# 0
Thread 1 advanced to log sequence 258
Completed checkpoint up to RBA
ORA-09799: File label retrieval failed.
Current log# 331 seq# 5595 mem# 0
Starting background process VKTM
Current log# 17 seq# 2428 mem# 0
Completed checkpoint up to RBA
ARC0: Archival started
PRKO-02002: Invalid command line option:
Starting background process VKTM
CRS-00813: Cluster Ready Service aborted due to failure to initialize the network layer with error [ DATA_TS01 ]. Details at APP_USER42 in app_db .
Thread 1 advanced to log sequence 671
Starting background process VKTM
ARC0: Archival started
Undo initialization finished
Completed checkpoint up to RBA
CRS-05709: Resource ' 17 ' is already running on member ' 42 '
Beginning log switch checkpoint up to RBA
Completed checkpoint up to RBA
Undo initialization finished
ORA-13850: Tracing for client identifier 42 is not enabled
Undo initialization finished
ORA-16221: history table synchronization error
Completed checkpoint up to RBA
PRVF-07037: Reserve_policy setting prevents sharing of {0} on nodes:
Current log# 125 seq# 6482 mem# 0
Thread 1 advanced to log sequence 596
Undo initialization finished
Archived Log entry 412 added for thread 1 sequence 9928
Current log# 189 seq# 9076 mem# 0
PGU-00106: invalid ECHO switch
Errors in file /u01/app/oracle/diag/rdbms/ttprod/ttprod1/trace/ttprod1_ora_18730.trc
Undo initialization finished
Completed checkpoint up to RBA
Completed checkpoint up to RBA
Archived Log entry 117 added for thread 1 sequence 5727
Beginning log switch checkpoint up to RBA
ORA-14019: partition bound element must be one of: APP_USER42, datetime or interval literal, number, or MAXVALUE
Errors in file /u01/app/oracle/diag/rdbms/ttprod/ttprod1/trace/ttprod1_ora_30323.trc
Undo initialization finished
Undo initialization finished
Current log# 511 seq# 6605 mem# 0
Current log# 842 seq# 5169 mem# 0
ARC0: Archival started
ORA-29863: warning in the execution of ODCIINDEXCREATE routine
Undo initialization finished
Archived Log entry 232 added for thread 1 sequence 6219
Beginning log switch checkpoint up to RBA
Undo initialization finished
Beginning log switch checkpoint up to RBA
DGM-16944: Failover succeeded, new primary is " PK_CUSTOMER_ACCOUNTS "
Archived Log entry 940 added for thread 1 sequence 9548
Archived Log entry 999 added for thread 1 sequence 6792
Archived Log entry 376 added for thread 1 sequence 3284
Undo initialization finished
Undo initialization finished
ORA-48123: error encountered when attempting to flush a file
Undo initialization finished
Starting background process VKTM
ARC0: Archival started
Thread 1 advanced to log sequence 133
Current log# 865 seq# 4112 mem# 0
TNS-12165: TNS:Trying to write trace file into swap space.
Thread 1 advanced to log sequence 135
Archived Log entry 874 added for thread 1 sequence 7506
ORA-32040: recursive WITH clause must use a UNION ALL operation
Errors in file /u01/app/oracle/diag/rdbms/ttprod/ttprod1/trace/ttprod1_ora_96612.trc
Thread 1 advanced to log sequence 944
Thread 1 advanced to log sequence 382
Beginning log switch checkpoint up to RBA
RMAN-06511: RMAN retention policy is set to redundancy number
Archived Log entry 313 added for thread 1 sequence 3909
Starting background process VKTM
ORA-15453: invalid STRIPE_COLUMNS specifier
Errors in file /u01/app/oracle/diag/rdbms/ttprod/ttprod1/trace/ttprod1_ora_15476.trc
Starting background process VKTM
Starting background process VKTM
Archived Log entry 807 added for thread 1 sequence 5898
Archived Log entry 54 added for thread 1 sequence 6240
Undo initialization finished
ORA-53404: Missing the mandatory DICOM attribute CRM.CALL_DETAIL_RECORDS .
Current log# 677 seq# 2871 mem# 0
Undo initialization finished
ARC0: Archival started
RMAN-08049: channel USERS : starting compressed archived log backup set
Current log# 987 seq# 2851 mem# 0
ARC0: Archival started
Completed checkpoint up to RBA
ORA-13217: invalid parameters supplied in ALTER INDEX statement
Archived Log entry 413 added for thread 1 sequence 8777
Current log# 265 seq# 1154 mem# 0
Starting background process VKTM
Archived Log entry 318 added for thread 1 sequence 8705
ORA-28172: distinguished name not provided by proxy
Thread 1 advanced to log sequence 772
Beginning log switch checkpoint up to RBA
RMAN-08103: channel 42 : could not locate backup piece: _SYSSMU7$
Errors in file /u01/app/oracle/diag/rdbms/ttprod/ttprod1/trace/ttprod1_ora_55339.trc
Undo initialization finished
Completed checkpoint up to RBA
PCC-00081: Scale specification not allowed for given datatype
Beginning log switch checkpoint up to RBA
Beginning log switch checkpoint up to RBA
Beginning log switch checkpoint up to RBA
Undo initialization finished
ORA-12722: regular expression internal error
Thread 1 advanced to log sequence 800
RMAN-05046: Export completed
Archived Log entry 92 added for thread 1 sequence 3753
Beginning log switch checkpoint up to RBA
Beginning log switch checkpoint up to RBA
Completed checkpoint up to RBA
RMAN-08537: channel CDR_STAGING : skipped, AUTOBACKUP already found
Thread 1 advanced to log sequence 231
Current log# 501 seq# 1700 mem# 0
Beginning log switch checkpoint up to RBA
Archived Log entry 75 added for thread 1 sequence 3194
XOQ-00700: error compiling OLAP DML command
Undo initialization finished
Undo initialization finished
RMAN-08144: channel TNS_ADMIN : validation complete, elapsed time: fk_order_customer
Archived Log entry 359 added for thread 1 sequence 8323
Undo initialization finished
ARC0: Archival started
Current log# 543 seq# 4503 mem# 0
Beginning log switch checkpoint up to RBA
TNS-00084: * trace_off - ask process name to turn tracing off
Completed checkpoint up to RBA
Current log# 816 seq# 1016 mem# 0
Starting background process VKTM
Beginning log switch checkpoint up to RBA
Current log# 495 seq# 2528 mem# 0
LPX-01055: [XQST0055] Repeated copy-namespaces declaration
Errors in file /u01/app/oracle/diag/rdbms/ttprod/ttprod1/trace/ttprod1_ora_36766.trc
Archived Log entry 529 added for thread 1 sequence 4342
ARC0: Archival started
PRVF-05473: NTP daemon''s boot time configuration check could not be performed on node "{0}"
Current log# 772 seq# 7352 mem# 0
Starting background process VKTM
ORA-01236: Error shared pool occurred during initialization of file header access
Starting background process VKTM
Thread 1 advanced to log sequence 236
Archived Log entry 644 added for thread 1 sequence 4189
PLS-00755: SYSAUX tablespace offline while saving identifier data
ARC0: Archival started
Beginning log switch checkpoint up to RBA
Beginning log switch checkpoint up to RBA
Thread 1 advanced to log sequence 192
Starting background process VKTM
RMAN-03004: fatal error during execution of command
Errors in file /u01/app/oracle/diag/rdbms/ttprod/ttprod1/trace/ttprod1_ora_11998.trc
Undo initialization finished
Thread 1 advanced to log sequence 322
Starting background process VKTM
Undo initialization finished
Starting background process VKTM
ORA-53054: An editDataModel session already exists.
Starting background process VKTM
Beginning log switch checkpoint up to RBA
Current log# 948 seq# 9675 mem# 0
Undo initialization finished
PRCR-01035: Failed to look up CRS resource {0} for {1}
Completed checkpoint up to RBA
ARC0: Archival started
Current log# 992 seq# 9391 mem# 0
NZE-28820: Signature or decryption/encryption state is not provided.
Undo initialization finished
ARC0: Archival started
Archived Log entry 14 added for thread 1 sequence 9277
Undo initialization finished
Archived Log entry 876 added for thread 1 sequence 4266
PRKO-02104: Option '-a' or '-r' should be supplied with '-u'
Errors in file /u01/app/oracle/diag/rdbms/ttprod/ttprod1/trace/ttprod1_ora_23811.trc
Current log# 567 seq# 9028 mem# 0
Undo initialization finished
Starting background process VKTM
PGU-41106: missing left parenthesis in a GROUP
Undo initialization finished
Undo initialization finished
ARC0: Archival started
ORA-32053: operation not supported
Completed checkpoint up to RBA
Completed checkpoint up to RBA
Thread 1 advanced to log sequence 837
Archived Log entry 551 added for thread 1 sequence 9036
Archived Log entry 378 added for thread 1 sequence 5890
ORA-00701: object necessary for warmstarting database cannot be altered
ARC0: Archival started
Beginning log switch checkpoint up to RBA
Beginning log switch checkpoint up to RBA
PRCD-01036: Failed to set Oracle home {0} for database {1}
Beginning log switch checkpoint up to RBA
Completed checkpoint up to RBA
Undo initialization finished
Thread 1 advanced to log sequence 136
ORA-13354: incorrect offset in ELEM_INFO_ARRAY
ARC0: Archival started
Undo initialization finished
Undo initialization finished
Archived Log entry 841 added for thread 1 sequence 8217
Archived Log entry 799 added for thread 1 sequence 7580
NZE-28872: Invalid peer certificate format
Completed checkpoint up to RBA
Current log# 50 seq# 1912 mem# 0
Starting background process VKTM
Starting background process VKTM
ARC0: Archival started
TNS-01403: Load: app_db
ARC0: Archival started
Beginning log switch checkpoint up to RBA
ORA-26916: Must call OCIPOGGRedoLogOpen function before OCIPOGGRedoLogRead
Completed checkpoint up to RBA
Thread 1 advanced to log sequence 574
Undo initialization finished
ORA-14261: partition bound may not be specified when adding this Hash partition
Errors in file /u01/app/oracle/diag/rdbms/ttprod/ttprod1/trace/ttprod1_ora_12477.trc
Starting background process VKTM
KUP-04066: error initializing access to external table source
Starting background process VKTM
ORA-09350: Windows 32-bit Two-Task driver unable to allocate context area
Starting background process VKTM
ARC0: Archival started
Beginning log switch checkpoint up to RBA
Current log# 939 seq# 7869 mem# 0
Undo initialization finished
ORA-36815: (XSTBLFUNC08) The OLAP_TABLE has attempted to use an AW single row function with the aw_attach parameter set to DURATION QUERY.
Starting background process VKTM
ARC0: Archival started
Archived Log entry 829 added for thread 1 sequence 5302
PRKH-03307: Internal error returned from Oracle Clusterware database support layer
Beginning log switch checkpoint up to RBA
Completed checkpoint up to RBA
Current log# 393 seq# 9282 mem# 0
Current log# 275 seq# 3097 mem# 0
QSM-00501: unable to initialize Summary Advisor environment
Thread 1 advanced to log sequence 968
Beginning log switch checkpoint up to RBA
RMAN-20222: datafile name not found in recovery catalog or is ambiguous
Thread 1 advanced to log sequence 311
Undo initialization finished
Undo initialization finished
Current log# 89 seq# 3525 mem# 0
Undo initialization finished
RMAN-08552: backup and output file names are identical: UNDOTBS1
Beginning log switch checkpoint up to RBA
ORA-42006: dependent object registration not supported during a partition redefinition
Starting background process VKTM
RMAN-08136: channel large pool : deleting incremental backup(s)
Archived Log entry 730 added for thread 1 sequence 5766
ARC0: Archival started
Beginning log switch checkpoint up to RBA
Starting background process VKTM
Archived Log entry 722 added for thread 1 sequence 1372
ORA-00479: RVWR process terminated with error pg_toast_12345
Errors in file /u01/app/oracle/diag/rdbms/ttprod/ttprod1/trace/ttprod1_ora_79193.trc
Beginning log switch checkpoint up to RBA
PLS-00250: Incorrect Usage of user_sessions in parameters clause.
Beginning log switch checkpoint up to RBA
Current log# 694 seq# 2292 mem# 0
Undo initialization finished
Thread 1 advanced to log sequence 631
CRS-02550: Resource ' app_db ' cannot be failed-over because it has other non-OFFLINE instances on the server ' CDR_STAGING '
Beginning log switch checkpoint up to RBA
Archived Log entry 195 added for thread 1 sequence 4889
Undo initialization finished
PRCD-01176: Invalid online relocation state {0}
Completed checkpoint up to RBA
PRVF-09910: Patch information is not consistent across nodes
Errors in file /u01/app/oracle/diag/rdbms/ttprod/ttprod1/trace/ttprod1_ora_62029.trc
Current log# 789 seq# 2422 mem# 0
ORA-01644: tablespace ' pg_toast_12345 ' is already read-only
Current log# 856 seq# 7816 mem# 0
ARC0: Archival started
RMAN-08507: input datafile copy RECID= fk_order_customer STAMP= INVOICE_LINES_IDX file name= DATA_TS01
Undo initialization finished
Archived Log entry 296 added for thread 1 sequence 8382
CLSR-06501: Exceeds maximum number of arguments
Errors in file /u01/app/oracle/diag/rdbms/ttprod/ttprod1/trace/ttprod1_ora_67642.trc
ARC0: Archival started
ARC0: Archival started
ORA-01174: DB_FILES is USERS buts needs to be idx_users_email to be compatible
Archived Log entry 881 added for thread 1 sequence 5669
Archived Log entry 388 added for thread 1 sequence 9212
ORA-36861: (XSTFRC01) SQL Cache ID parameter is invalid or missing.
Archived Log entry 548 added for thread 1 sequence 3289
Beginning log switch checkpoint up to RBA
ARC0: Archival started
Thread 1 advanced to log sequence 678
PGA-21102: log messages written to SP2-0552
Errors in file /u01/app/oracle/diag/rdbms/ttprod/ttprod1/trace/ttprod1_ora_97771.trc
Starting background process VKTM
Completed checkpoint up to RBA
LSX-00133: attribute "use" has invalid value "~S"
Archived Log entry 353 added for thread 1 sequence 5364
Thread 1 advanced to log sequence 252
ORA-06105: NETTCP: remote host is unknown
ARC0: Archival started
Archived Log entry 567 added for thread 1 sequence 8221
Undo initialization finished
RMAN-08160: script commands will be loaded from file idx_users_email
Errors in file /u01/app/oracle/diag/rdbms/ttprod/ttprod1/trace/ttprod1_ora_13071.trc
Current log# 906 seq# 4730 mem# 0
Beginning log switch checkpoint up to RBA
Current log# 605 seq# 7495 mem# 0
ORA-37177: column APP_USER42 does not have any leaf values
Current log# 436 seq# 5966 mem# 0
ARC0: Archival started
ORA-48108: invalid value given for the diagnostic_dest init.ora parameter
Current log# 579 seq# 3450 mem# 0
Thread 1 advanced to log sequence 241
Current log# 701 seq# 5318 mem# 0
Undo initialization finished
ARC0: Archival started
PLS-00679: trigger binds not allowed in before/after statement section
Thread 1 advanced to log sequence 124
ARC0: Archival started
PCC-01202: Identifier " large pool " truncated to 31 characters
Current log# 442 seq# 8733 mem# 0
PCB-00633: Invalid host variable and attribute pairing
Beginning log switch checkpoint up to RBA
Beginning log switch checkpoint up to RBA
Thread 1 advanced to log sequence 951
EXP-00048: Cannot export SYSAUX Tablespace for Point-in-time Recovery or Transportable Tablespace
ARC0: Archival started
ARC0: Archival started
ARC0: Archival started
TNS-01106: Listener using listener name CDR_STAGING has already been started
Errors in file /u01/app/oracle/diag/rdbms/ttprod/ttprod1/trace/ttprod1_ora_37076.trc
ARC0: Archival started
Starting background process VKTM
Archived Log entry 203 added for thread 1 sequence 4524
Completed checkpoint up to RBA
Starting background process VKTM
PGU-41071: missing LANGUAGE parameter
Errors in file /u01/app/oracle/diag/rdbms/ttprod/ttprod1/trace/ttprod1_ora_23523.trc
Starting background process VKTM
Starting background process VKTM
Archived Log entry 745 added for thread 1 sequence 7907
Undo initialization finished
ORA-19230: XPST0010 - unsupported axis user_sessions
Errors in file /u01/app/oracle/diag/rdbms/ttprod/ttprod1/trace/ttprod1_ora_70169.trc
Starting background process VKTM
ORA-13206: internal error [ SP2-0552 ] while creating the spatial index
Archived Log entry 857 added for thread 1 sequence 5554
Starting background process VKTM
Undo initialization finished
Current log# 107 seq# 8969 mem# 0
Completed checkpoint up to RBA
ORA-01613: instance fk_order_customer (thread 5000 ) only has TNS_ADMIN logs - at least 2 logs required to enable.
ARC0: Archival started
Completed checkpoint up to RBA
Thread 1 advanced to log sequence 683
ARC0: Archival started
ORA-26082: load of overlapping segments on table BILLING.CUST_ORDERS . reporting_schema is not allowed
Archived Log entry 643 added for thread 1 sequence 8820
Current log# 849 seq# 9378 mem# 0
Beginning log switch checkpoint up to RBA
Current log# 833 seq# 1622 mem# 0
Completed checkpoint up to RBA
QSM-02083: mv references PL/SQL function that maintains state
Beginning log switch checkpoint up to RBA
Beginning log switch checkpoint up to RBA
RMAN-06785: This operation might take some time.
Archived Log entry 755 added for thread 1 sequence 4181
Archived Log entry 448 added for thread 1 sequence 9902
Beginning log switch checkpoint up to RBA
RMAN-06096: SWITCH required for newname of datafile shared pool to take effect
ARC0: Archival started
ARC0: Archival started
RMAN-07210: new failures after most recent LIST FAILURE command
Beginning log switch checkpoint up to RBA
ARC0: Archival started
Beginning log switch checkpoint up to RBA
ORA-42002: partition " app_db " of table " BILLING.CUST_ORDERS "." reporting_schema " not being redefined
Starting background process VKTM
Starting background process VKTM
Starting background process VKTM
ORA-01313: LogMiner dictionary column type different from specified type
Completed checkpoint up to RBA
Undo initialization finished
Archived Log entry 350 added for thread 1 sequence 7656
Thread 1 advanced to log sequence 428
ORA-35756: (VCTODT02) ' number ' is not a valid date because number is out of range for a year.
Starting background process VKTM
Undo initialization finished
ARC0: Archival started
Starting background process VKTM
CRS-09030: Error pg_toast_12345 : No region given
Thread 1 advanced to log sequence 756
Starting background process VKTM
ORA-28591: agent control utility: unable to access parameter file
ARC0: Archival started
Beginning log switch checkpoint up to RBA
NZE-28803: I/O operation failure
Archived Log entry 723 added for thread 1 sequence 3487
Completed checkpoint up to RBA
ARC0: Archival started
Undo initialization finished
Current log# 950 seq# 4989 mem# 0
DRG-10502: index ttprod1 does not exist
Archived Log entry 140 added for thread 1 sequence 6538
Archived Log entry 890 added for thread 1 sequence 1161
Undo initialization finished
Beginning log switch checkpoint up to RBA
RMAN-06485: changed archived log expired
ARC0: Archival started
Current log# 452 seq# 1243 mem# 0
Thread 1 advanced to log sequence 457
Current log# 883 seq# 1272 mem# 0
ORA-14510: can specify VALIDATE INTO clause only for partitioned tables
Errors in file /u01/app/oracle/diag/rdbms/ttprod/ttprod1/trace/ttprod1_ora_66442.trc
ARC0: Archival started
Archived Log entry 389 added for thread 1 sequence 9971
ORA-06438: ssaio: the asynchronous read was unable to read from the database file.
Completed checkpoint up to RBA
Archived Log entry 833 added for thread 1 sequence 6199
ORA-30336: no child for specified JOIN KEY
Errors in file /u01/app/oracle/diag/rdbms/ttprod/ttprod1/trace/ttprod1_ora_15105.trc
Thread 1 advanced to log sequence 481
ARC0: Archival started
ARC0: Archival started
Starting background process VKTM
Completed checkpoint up to RBA
ORA-06746: TLI Driver: cannot alloc t_call
Beginning log switch checkpoint up to RBA
Thread 1 advanced to log sequence 852
ARC0: Archival started
Completed checkpoint up to RBA
CLSR-00525: prsr initialization failed
Completed checkpoint up to RBA
NNC-00403: program interface has not been initialised
Beginning log switch checkpoint up to RBA
Beginning log switch checkpoint up to RBA
Current log# 7 seq# 2013 mem# 0
Starting background process VKTM
ORA-55354: Policy shared pool does not exist or is inaccessible
Completed checkpoint up to RBA
ARC0: Archival started
ORA-03235: max # extents ( SP2-0552 ) reached in table 42 . user_sessions subpartition idx_users_email
ARC0: Archival started
Current log# 889 seq# 4824 mem# 0
CLST-01901: configuring TCP ports /u01/app/oracle/oradata/ttprod/users01.dbf , 42 , 42 , and 5000
Starting background process VKTM
Undo initialization finished
Thread 1 advanced to log sequence 835
Completed checkpoint up to RBA
Archived Log entry 713 added for thread 1 sequence 7805
RMAN-06119: uncataloged datafile copy
ARC0: Archival started
ARC0: Archival started
ORA-16228: Insufficient recovery for logical standby
Archived Log entry 422 added for thread 1 sequence 4423
Thread 1 advanced to log sequence 958
Undo initialization finished
ARC0: Archival started
Beginning log switch checkpoint up to RBA
ORA-13625: CDR_STAGING is an invalid advisor object type.
Undo initialization finished
Current log# 995 seq# 5688 mem# 0
Archived Log entry 536 added for thread 1 sequence 9146
Starting background process VKTM
ORA-39909: Index SP2-0552 . SP2-0552 in tablespace _SYSSMU7$ points to table/cluster NETWORK_OPS.SIM_INVENTORY . app_db in tablespace SP2-0552 .
Starting background process VKTM
Current log# 767 seq# 5197 mem# 0
TNS-00523: Previous operation was busy
Completed checkpoint up to RBA
Beginning log switch checkpoint up to RBA
Archived Log entry 909 added for thread 1 sequence 6084
Beginning log switch checkpoint up to RBA
ORA-14617: cannot add/drop values to DEFAULT subpartition
Thread 1 advanced to log sequence 477
Starting background process VKTM
Archived Log entry 338 added for thread 1 sequence 8993
Archived Log entry 189 added for thread 1 sequence 8439
ORA-19719: length for operation name longer than ttstandby01
ARC0: Archival started
Thread 1 advanced to log sequence 951
QSM-01040: match between the materialized view ( app_db ) and query join graphs failed
ARC0: Archival started
Current log# 96 seq# 1361 mem# 0
PLS-00361: IN cursor ' pg_toast_12345 ' cannot be OPEN'ed
Archived Log entry 39 added for thread 1 sequence 5624
RMAN-06901: WARNING: disabling update of the V$RMAN_STATUS and V$RMAN_OUTPUT rows
Completed checkpoint up to RBA
Undo initialization finished
Undo initialization finished
Current log# 95 seq# 8291 mem# 0
ARC0: Archival started
RMAN-08052: cataloged control file copy
Errors in file /u01/app/oracle/diag/rdbms/ttprod/ttprod1/trace/ttprod1_ora_47909.trc
Undo initialization finished
Completed checkpoint up to RBA
QSM-02145: GROUP BY clause is present but no aggregate functions are used
Starting background process VKTM
Thread 1 advanced to log sequence 843
Current log# 408 seq# 8402 mem# 0
Beginning log switch checkpoint up to RBA
ARC0: Archival started
ORA-37020: (XSMULTI01) Analytic workspace ttstandby01 is not in MULTI mode.
Archived Log entry 918 added for thread 1 sequence 3919
ORA-31650: timeout waiting for master process response
Undo initialization finished
Beginning log switch checkpoint up to RBA
ORA-01364: waiting for branch at SCN pk_orders
Errors in file /u01/app/oracle/diag/rdbms/ttprod/ttprod1/trace/ttprod1_ora_64655.trc
Archived Log entry 638 added for thread 1 sequence 3632
Completed checkpoint up to RBA
ORA-02714: osnpwr: message send failure
Thread 1 advanced to log sequence 702
Current log# 644 seq# 1213 mem# 0
Beginning log switch checkpoint up to RBA
Beginning log switch checkpoint up to RBA
ORA-12166: TNS:Client can not connect to HO agent.
Current log# 346 seq# 1344 mem# 0
ORA-46064: Attribute name not specified
Errors in file /u01/app/oracle/diag/rdbms/ttprod/ttprod1/trace/ttprod1_ora_40508.trc
Completed checkpoint up to RBA
Archived Log entry 412 added for thread 1 sequence 8511
Undo initialization finished
RMAN-08183: channel ttprod2 : block restore complete, elapsed time: _SYSSMU12$
Starting background process VKTM
Current log# 831 seq# 3882 mem# 0
Thread 1 advanced to log sequence 33
Completed checkpoint up to RBA
Beginning log switch checkpoint up to RBA
ORA-28049: the password has expired
Errors in file /u01/app/oracle/diag/rdbms/ttprod/ttprod1/trace/ttprod1_ora_72472.trc
Completed checkpoint up to RBA
Current log# 636 seq# 2921 mem# 0
Completed checkpoint up to RBA
Thread 1 advanced to log sequence 626
INS-40710: Cluster name: UNDOTBS1 does not start with a letter.
Current log# 80 seq# 4862 mem# 0
ARC0: Archival started
XOQ-01468: Base cube solved status does not match dimensionality "( ttprod1 )" solved status.
Undo initialization finished
Thread 1 advanced to log sequence 979
Starting background process VKTM
Thread 1 advanced to log sequence 249
ORA-14183: TABLESPACE DEFAULT can be specified only for Composite LOCAL index
Undo initialization finished
Starting background process VKTM
Archived Log entry 454 added for thread 1 sequence 3209
RMAN-06442: enter UPGRADE CATALOG command again to confirm catalog upgrade
Completed checkpoint up to RBA
Thread 1 advanced to log sequence 674
Thread 1 advanced to log sequence 323
RMAN-06415: file fk_order_customer cannot be proxy backed up
ARC0: Archival started
ORA-48215: Sequence Invalid Operation [ reporting_schema ] [ pg_toast_12345 ]
Starting background process VKTM
ARC0: Archival started
ARC0: Archival started
PRKR-01023: file {0} does not exist
Starting background process VKTM
Completed checkpoint up to RBA
IMG-00531: empty or null image processing command
Completed checkpoint up to RBA
Completed checkpoint up to RBA
Starting background process VKTM
Thread 1 advanced to log sequence 939
Undo initialization finished
QSM-03120: Cannot create materialized view log on encrypted columns
ARC0: Archival started
Starting background process VKTM
Beginning log switch checkpoint up to RBA
NNO-00303: server " _SYSSMU12$ " started with process ID number
Beginning log switch checkpoint up to RBA
Beginning log switch checkpoint up to RBA
PLS-00674: references to fields of BULK In-BIND table of records or objects must have the form A(I).F
Errors in file /u01/app/oracle/diag/rdbms/ttprod/ttprod1/trace/ttprod1_ora_50867.trc
ARC0: Archival started
ORA-15740: parameter " 17 " not set for SQL Performance Analyzer task " idx_users_email "
Completed checkpoint up to RBA
Archived Log entry 95 added for thread 1 sequence 5009
Archived Log entry 179 added for thread 1 sequence 2088
Beginning log switch checkpoint up to RBA
NID-00420: Change of database name and ID failed during validation - database is intact.
Archived Log entry 852 added for thread 1 sequence 3533
Archived Log entry 552 added for thread 1 sequence 8793
ARC0: Archival started
Completed checkpoint up to RBA
ARC0: Archival started
ORA-39906: Constraint large pool between table SP2-0552 . ttprod1 in tablespace USERS and table PK_CUSTOMER_ACCOUNTS . large pool in tablespace APP_USER42 .
Starting background process VKTM
Starting background process VKTM
ORA-24435: Invalid Service Context specified.
Completed checkpoint up to RBA
Beginning log switch checkpoint up to RBA
Archived Log entry 361 added for thread 1 sequence 9526
ORA-22297: warning: Open LOBs exist at transaction commit time
Starting background process VKTM
Current log# 375 seq# 9175 mem# 0
XOQ-01467: Base cube does not contain dimensionality for dimension "( idx_users_email )".
Current log# 650 seq# 9692 mem# 0
Thread 1 advanced to log sequence 103
Archived Log entry 395 added for thread 1 sequence 8086
Beginning log switch checkpoint up to RBA
Thread 1 advanced to log sequence 172
LPX-00007: unexpected end-of-file encountered
Completed checkpoint up to RBA
Thread 1 advanced to log sequence 947
ARC0: Archival started
Completed checkpoint up to RBA
Undo initialization finished
RMAN-08599: channel UNDOTBS1 : throttle time: SP2-0552
Completed checkpoint up to RBA
Thread 1 advanced to log sequence 156
ORA-23616: Failure in executing block 3 for script 17 with CRM.CALL_DETAIL_RECORDS
Archived Log entry 95 added for thread 1 sequence 5111
ARC0: Archival started
Beginning log switch checkpoint up to RBA
Completed checkpoint up to RBA
Starting background process VKTM
ORA-27492: unable to run job " _SYSSMU12$ . /u01/app/oracle/oradata/ttprod/users01.dbf ": scheduler unavailable
Completed checkpoint up to RBA
LPX-01114: [FODC0001] No context document
Completed checkpoint up to RBA
Thread 1 advanced to log sequence 534
Starting background process VKTM
ORA-10656: Table is in unusable state due to incomplete operation
Archived Log entry 713 added for thread 1 sequence 2361
ARC0: Archival started
Undo initialization finished
Archived Log entry 350 added for thread 1 sequence 5730
Thread 1 advanced to log sequence 59
PGA-22004: length of the total message value ( number ) not within valid range ( number : number )
Starting background process VKTM
Thread 1 advanced to log sequence 701
RDE-04008: invalid flags
ARC0: Archival started
ORA-46104: Security class INVOICE_LINES_IDX cannot inherit from base security classes
Errors in file /u01/app/oracle/diag/rdbms/ttprod/ttprod1/trace/ttprod1_ora_18931.trc
Archived Log entry 227 added for thread 1 sequence 8975
Undo initialization finished
ARC0: Archival started
ARC0: Archival started
ORA-06514: PL/SQL: The remote call cannot be handled by the server
Archived Log entry 289 added for thread 1 sequence 2557
CRS-01320: Oracle High Availability Service could not retrieve local node number. Details at TNS_ADMIN in _SYSSMU7$ .
Archived Log entry 502 added for thread 1 sequence 4051
PROC-00028: Oracle Cluster Registry already in current version
Thread 1 advanced to log sequence 731
Starting background process VKTM
ORA-30351: query rewrite does not currently support this expression
Current log# 116 seq# 9102 mem# 0
Undo initialization finished
Archived Log entry 908 added for thread 1 sequence 5599
Thread 1 advanced to log sequence 609
Undo initialization finished
RMAN-08543: channel CDR_STAGING : specifying archived log(s) for proxy backup
Completed checkpoint up to RBA
Archived Log entry 890 added for thread 1 sequence 4692
Starting background process VKTM
PRVF-02412: The file "{0}" is not a device file on node "{1}"
ARC0: Archival started
Starting background process VKTM
Completed checkpoint up to RBA
ORA-29340: export file appears to be corrupted: [ NETWORK_OPS.SIM_INVENTORY ] [ app_db ] [ 42 ]
Archived Log entry 147 added for thread 1 sequence 8933
ARC0: Archival started
Undo initialization finished
Archived Log entry 278 added for thread 1 sequence 2675
ORA-18002: the specified outline does not exist
Beginning log switch checkpoint up to RBA
Current log# 997 seq# 4374 mem# 0
Starting background process VKTM
Current log# 745 seq# 2078 mem# 0
Current log# 596 seq# 8701 mem# 0
PCC-00118: Use of host variable initialization not supported by ANSI SQL
Completed checkpoint up to RBA
Beginning log switch checkpoint up to RBA
Completed checkpoint up to RBA
Archived Log entry 607 added for thread 1 sequence 8379
ORA-23406: insufficient privileges on user " 5000 "
Current log# 650 seq# 2810 mem# 0
Archived Log entry 39 added for thread 1 sequence 6508
Current log# 208 seq# 9446 mem# 0
RDE-04009: unsupported operation
Completed checkpoint up to RBA
Completed checkpoint up to RBA
Starting background process VKTM
Thread 1 advanced to log sequence 520
ARC0: Archival started
PGU-41014: invalid USAGE parameter
Thread 1 advanced to log sequence 557
NID-00482: Database is not aware of previous backups and archived logs in Recovery Area.
Thread 1 advanced to log sequence 571
Completed checkpoint up to RBA
Beginning log switch checkpoint up to RBA
Completed checkpoint up to RBA
OCI-30151: File already exists
ARC0: Archival started
Completed checkpoint up to RBA
Archived Log entry 251 added for thread 1 sequence 5130
Undo initialization finished
RMAN-06912: backup of spfile was cancelled
ARC0: Archival started
ORA-36276: (XSCGMDLAGG06) The current operator does not need a weight variable.
Archived Log entry 203 added for thread 1 sequence 5603
Thread 1 advanced to log sequence 927
ORA-25100: TABLESPACE option can only be used with ALTER INDEX REBUILD
Current log# 957 seq# 4285 mem# 0
Thread 1 advanced to log sequence 302
Archived Log entry 925 added for thread 1 sequence 1010
Undo initialization finished
RMAN-06431: recovery catalog created
Completed checkpoint up to RBA
Beginning log switch checkpoint up to RBA
ORA-44415: Invalid ACL: Undefined privileges
Thread 1 advanced to log sequence 612
Thread 1 advanced to log sequence 785
Completed checkpoint up to RBA
ORA-26020: index /u01/app/oracle/oradata/ttprod/users01.dbf . pk_orders loaded successfully with large pool keys
Beginning log switch checkpoint up to RBA
Current log# 125 seq# 1890 mem# 0
Completed checkpoint up to RBA
ORA-08450: invalid specification of CR in picture mask
Starting background process VKTM
Completed checkpoint up to RBA
INS-30073: There is software running from the currently selected Oracle Home.
Beginning log switch checkpoint up to RBA
NNO-00712: warning: group PK_CUSTOMER_ACCOUNTS cache checkpoint failed
Errors in file /u01/app/oracle/diag/rdbms/ttprod/ttprod1/trace/ttprod1_ora_54102.trc
Starting background process VKTM
Completed checkpoint up to RBA
ARC0: Archival started
XOQ-01952: The CubeMap for cube " 1024 " must contain either a query or a From clause.
Beginning log switch checkpoint up to RBA
Starting background process VKTM
Completed checkpoint up to RBA
ORA-09208: sftcls: error closing file
Thread 1 advanced to log sequence 137
Archived Log entry 200 added for thread 1 sequence 4416
ORA-22164: delete element operation is not allowed for variable-length array
Current log# 465 seq# 3802 mem# 0
Completed checkpoint up to RBA
ORA-29877: failed in the execution of the ODCIINDEXUPDATE routine
Starting background process VKTM
Completed checkpoint up to RBA
Undo initialization finished
PGU-41113: invalid WITH operand
Completed checkpoint up to RBA
Completed checkpoint up to RBA
Beginning log switch checkpoint up to RBA
Completed checkpoint up to RBA
Undo initialization finished
ORA-21614: constraint violation for attribute number [ ttprod1 ]
Undo initialization finished
ORA-19245: XQDY0025 - duplicate attribute name /u01/app/oracle/oradata/ttprod/users01.dbf
Starting background process VKTM
Starting background process VKTM
Undo initialization finished
CRS-01310: Oracle High Availability Service failed to update group data. Details at fk_order_customer in ttprod1 .
Undo initialization finished
ARC0: Archival started
Starting background process VKTM
ARC0: Archival started
Undo initialization finished
ORA-16638: could not obtain instance status
ARC0: Archival started
Completed checkpoint up to RBA
ARC0: Archival started
NNO-00067: server reload check countdown aborted
Completed checkpoint up to RBA
ORA-30094: failed to find the time zone data file for version user_sessions in $ORACLE_HOME/oracore/zoneinfo
Errors in file /u01/app/oracle/diag/rdbms/ttprod/ttprod1/trace/ttprod1_ora_71724.trc
Current log# 818 seq# 5603 mem# 0
Completed checkpoint up to RBA
Undo initialization finished
RMAN-06570: datafile number switched to datafile copy " SP2-0552 "
Undo initialization finished
Undo initialization finished
Completed checkpoint up to RBA
Undo initialization finished
RMAN-04027: unable to write to a temporary file: " USERS "
Beginning log switch checkpoint up to RBA
Beginning log switch checkpoint up to RBA
ORA-36648: (XSDUNION09) Concat dimension workspace object is already defined as UNIQUE.
Completed checkpoint up to RBA
Archived Log entry 37 added for thread 1 sequence 2786
Completed checkpoint up to RBA
Starting background process VKTM
Archived Log entry 433 added for thread 1 sequence 9822
RMAN-06951: repair failure complete
Errors in file /u01/app/oracle/diag/rdbms/ttprod/ttprod1/trace/ttprod1_ora_54043.trc
Undo initialization finished
Beginning log switch checkpoint up to RBA
Thread 1 advanced to log sequence 506
PRVF-04758: 'lsnodes' could not be executed on the node
Thread 1 advanced to log sequence 824
NID-00134: Datafile " fk_order_customer " is not consistent
Errors in file /u01/app/oracle/diag/rdbms/ttprod/ttprod1/trace/ttprod1_ora_42168.trc
Starting background process VKTM
Archived Log entry 917 added for thread 1 sequence 7563
Starting background process VKTM
RMAN-06483: changed datafile copy expired
Archived Log entry 539 added for thread 1 sequence 6406
Undo initialization finished
Current log# 389 seq# 7326 mem# 0
ARC0: Archival started
RMAN-08590: channel 1024 : datafile conversion complete, elapsed time: _SYSSMU12$
Undo initialization finished
Current log# 461 seq# 2029 mem# 0
Starting background process VKTM
ARC0: Archival started
Completed checkpoint up to RBA
IMG-00510: PK_CUSTOMER_ACCOUNTS
Archived Log entry 516 added for thread 1 sequence 1609
Beginning log switch checkpoint up to RBA
ORA-22618: attribute is a BAD NULL in the image handle
Current log# 118 seq# 6883 mem# 0
ORA-39923: Default Composite Partition (Table) Tablespace app_db for 42 not contained in transportable set.
Current log# 807 seq# 7823 mem# 0
ARC0: Archival started
ORA-37142: (XSSQLMDQ02) Invalid host variable data type for MDQUERY procedure: CRM.CALL_DETAIL_RECORDS expected.
Errors in file /u01/app/oracle/diag/rdbms/ttprod/ttprod1/trace/ttprod1_ora_14416.trc
Archived Log entry 612 added for thread 1 sequence 5664
Current log# 251 seq# 5230 mem# 0
Starting background process VKTM
ORA-39204: No subsetting of tablespaces is allowed for transportable import.
Completed checkpoint up to RBA
Current log# 414 seq# 2475 mem# 0
Starting background process VKTM
ARC0: Archival started
Completed checkpoint up to RBA
OCI-22288: file operation reporting_schema failed APP_USER42
Errors in file /u01/app/oracle/diag/rdbms/ttprod/ttprod1/trace/ttprod1_ora_12498.trc
Archived Log entry 244 added for thread 1 sequence 8864
PGU-41082: data definition BILLING.CUST_ORDERS version number updated in PG DD
Completed checkpoint up to RBA
Undo initialization finished
DRG-11118: object DATA_TS01 does not exist
Starting background process VKTM
ARC0: Archival started
Beginning log switch checkpoint up to RBA
Starting background process VKTM
Completed checkpoint up to RBA
ORA-19874: cannot finish multi-section restore to file /u01/app/oracle/oradata/ttprod/users01.dbf
Archived Log entry 636 added for thread 1 sequence 9340
Current log# 536 seq# 3566 mem# 0
Completed checkpoint up to RBA
Archived Log entry 684 added for thread 1 sequence 2912
ORA-16268: user procedure processing of logical standby apply PL/SQL
Completed checkpoint up to RBA
PLS-01471: The keyword DISTINCT must be present in a COUNT(DISTINCT sim_expr)
ARC0: Archival started
Thread 1 advanced to log sequence 694
RMAN-04024: starting Oracle instance without parameter file for retrieval of spfile
Errors in file /u01/app/oracle/diag/rdbms/ttprod/ttprod1/trace/ttprod1_ora_74323.trc
Archived Log entry 326 added for thread 1 sequence 8331
ORA-39190: internal error occurred during encryption phase ttstandby01
Completed checkpoint up to RBA
Starting background process VKTM
Beginning log switch checkpoint up to RBA
Undo initialization finished
XOQ-01916: The AWCubeOrganization has no analytic workspace.
Archived Log entry 375 added for thread 1 sequence 4862
Starting background process VKTM
Beginning log switch checkpoint up to RBA
Archived Log entry 352 added for thread 1 sequence 6836
ARC0: Archival started
ORA-36691: (NTEXTCNV02) Invalid escape sequence in argument to UNISTR function: UNDOTBS1 .
Starting background process VKTM
Current log# 107 seq# 5302 mem# 0
Beginning log switch checkpoint up to RBA
Current log# 942 seq# 2176 mem# 0
PRVF-09802: Attempt to get udev info from node "{0}" failed
Errors in file /u01/app/oracle/diag/rdbms/ttprod/ttprod1/trace/ttprod1_ora_23994.trc
Beginning log switch checkpoint up to RBA
PGU-30001: PGAU internal error - pg_toast_12345
Completed checkpoint up to RBA
ORA-08318: sllfsk: Error reading file
Current log# 379 seq# 3853 mem# 0
ARC0: Archival started
Beginning log switch checkpoint up to RBA
Beginning log switch checkpoint up to RBA
Completed checkpoint up to RBA
RDE-00054: invalid operation: number .
Starting background process VKTM
Beginning log switch checkpoint up to RBA
ORA-12488: maximum label does not dominate minimum label
Thread 1 advanced to log sequence 341
Starting background process VKTM
ORA-07598: spwat: $SETIMR failure
ARC0: Archival started
Undo initialization finished
Archived Log entry 751 added for thread 1 sequence 3187
ORA-39820: Zero length LONG piece detected for column shared pool row ttprod2 .
Undo initialization finished
Completed checkpoint up to RBA
Current log# 269 seq# 1482 mem# 0
Archived Log entry 72 added for thread 1 sequence 1593
RMAN-06176: no recovery required; all files are read only or offline
Errors in file /u01/app/oracle/diag/rdbms/ttprod/ttprod1/trace/ttprod1_ora_48316.trc
Undo initialization finished
ORA-15063: ASM discovered an insufficient number of disks for diskgroup " ttprod1 "
Archived Log entry 816 added for thread 1 sequence 4163
Archived Log entry 181 added for thread 1 sequence 7894
Completed checkpoint up to RBA
PRKO-00378: Both "-{0}" and "-{1}" options may not be specified with the "-{2}" option.
Thread 1 advanced to log sequence 131
ARC0: Archival started
PCC-01301: Your Pro*PL/I authorization is about to expire
Undo initialization finished
Beginning log switch checkpoint up to RBA
ARC0: Archival started
ORA-27237: ELF file is not a relocatable object file
ARC0: Archival started
Current log# 327 seq# 7010 mem# 0
Current log# 42 seq# 5606 mem# 0
ARC0: Archival started
Completed checkpoint up to RBA
ORA-39910: Partitioned Global index APP_USER42 . fk_order_customer in tablespace CRM.CALL_DETAIL_RECORDS points to partition 5000 of table ttprod2 . NETWORK_OPS.SIM_INVENTORY in tablespace NETWORK_OPS.SIM_INVENTORY outside of transportable set.
Errors in file /u01/app/oracle/diag/rdbms/ttprod/ttprod1/trace/ttprod1_ora_91798.trc
Undo initialization finished
Undo initialization finished
Starting background process VKTM
Completed checkpoint up to RBA
PCB-00242: A host variable or exact numeric constant is required here
Errors in file /u01/app/oracle/diag/rdbms/ttprod/ttprod1/trace/ttprod1_ora_53920.trc
ARC0: Archival started
ARC0: Archival started
Undo initialization finished
Beginning log switch checkpoint up to RBA
OCI-22132: hexadecimal pk_orders does not correspond to a valid REF
Undo initialization finished
ORA-02268: referenced table does not have a primary key
Beginning log switch checkpoint up to RBA
NZE-29115: Cannot export private key.
Archived Log entry 34 added for thread 1 sequence 3898
Beginning log switch checkpoint up to RBA
Starting background process VKTM
Starting background process VKTM
Completed checkpoint up to RBA
ORA-35018: (QFCHECK01) The analytic workspace and EIF file definitions of workspace object have a mismatched data type.
Starting background process VKTM
ORA-01536: space quota exceeded for tablespace ' pk_orders '
Completed checkpoint up to RBA
PRCR-01009: Failed to retrieve permissions of resource {0}, ACL {1}
Archived Log entry 317 added for thread 1 sequence 1336
Undo initialization finished
Starting background process VKTM
Starting background process VKTM
RMAN-08120: WARNING: archived log not deleted, not yet applied by standby
Thread 1 advanced to log sequence 880
Current log# 877 seq# 5313 mem# 0
PRKR-01024: file {0} does not have {1} permissions
Errors in file /u01/app/oracle/diag/rdbms/ttprod/ttprod1/trace/ttprod1_ora_35470.trc
Starting background process VKTM
Completed checkpoint up to RBA
Completed checkpoint up to RBA
Current log# 688 seq# 4809 mem# 0
Thread 1 advanced to log sequence 572
RMAN-10002: ORACLE error: reporting_schema
Current log# 55 seq# 4067 mem# 0
ARC0: Archival started
Thread 1 advanced to log sequence 429
Completed checkpoint up to RBA
Completed checkpoint up to RBA
ORA-27162: thread creation failed
ARC0: Archival started
ARC0: Archival started
Beginning log switch checkpoint up to RBA
ARC0: Archival started
Current log# 339 seq# 5383 mem# 0
RMAN-08585: copying standby control file
Errors in file /u01/app/oracle/diag/rdbms/ttprod/ttprod1/trace/ttprod1_ora_88037.trc
Archived Log entry 58 added for thread 1 sequence 2998
Thread 1 advanced to log sequence 419
ARC0: Archival started
Completed checkpoint up to RBA
Current log# 242 seq# 9710 mem# 0
PRKH-01014: Current user "{0}" is not the oracle owner user "{1}" of oracle home "{2}"
Starting background process VKTM
Undo initialization finished
Thread 1 advanced to log sequence 89
ORA-27000: skgfqsbi: failed to initialize storage subsystem (SBT) layer
Errors in file /u01/app/oracle/diag/rdbms/ttprod/ttprod1/trace/ttprod1_ora_78735.trc
ARC0: Archival started
ORA-31176: API not supported in this release
Starting background process VKTM
Starting background process VKTM
Archived Log entry 246 added for thread 1 sequence 4643
Thread 1 advanced to log sequence 777
RMAN-06901: WARNING: disabling update of the V$RMAN_STATUS and V$RMAN_OUTPUT rows
Beginning log switch checkpoint up to RBA
ORA-28044: unsupported directory type
Beginning log switch checkpoint up to RBA
Thread 1 advanced to log sequence 420
Current log# 159 seq# 7887 mem# 0
Beginning log switch checkpoint up to RBA
ORA-15416: ASM disk INVOICE_LINES_IDX in disk group pg_toast_12345 is offline.
Errors in file /u01/app/oracle/diag/rdbms/ttprod/ttprod1/trace/ttprod1_ora_34038.trc
Starting background process VKTM
Starting background process VKTM
Starting background process VKTM
Thread 1 advanced to log sequence 927
ORA-09840: soacon: Name translation failure.
Completed checkpoint up to RBA
ARC0: Archival started
ORA-06810: TLI Driver: could not set the IPX ethernet SAP at init
Errors in file /u01/app/oracle/diag/rdbms/ttprod/ttprod1/trace/ttprod1_ora_17734.trc
Archived Log entry 424 added for thread 1 sequence 2771
ORA-02158: invalid CREATE INDEX option
Current log# 554 seq# 8005 mem# 0
Thread 1 advanced to log sequence 5
ORA-00033: current session has empty migration password
Starting background process VKTM
Completed checkpoint up to RBA
ORA-25189: illegal ALTER TABLE option for an index-organized table
Beginning log switch checkpoint up to RBA
Completed checkpoint up to RBA
Current log# 640 seq# 7083 mem# 0
PRKR-01025: file {0} does not contain property {1}
Errors in file /u01/app/oracle/diag/rdbms/ttprod/ttprod1/trace/ttprod1_ora_29965.trc
Beginning log switch checkpoint up to RBA
Thread 1 advanced to log sequence 265
Archived Log entry 860 added for thread 1 sequence 4314
Completed checkpoint up to RBA
Beginning log switch checkpoint up to RBA
OCI-22607: image handle already generated
Errors in file /u01/app/oracle/diag/rdbms/ttprod/ttprod1/trace/ttprod1_ora_13681.trc
Undo initialization finished
Archived Log entry 642 added for thread 1 sequence 7576
PRCN-02053: Failed to modify ONS listening port for local client connections to {0}
Archived Log entry 459 added for thread 1 sequence 4298
Beginning log switch checkpoint up to RBA
Starting background process VKTM
Thread 1 advanced to log sequence 209
ORA-22898: existing scope clause on " large pool " points to a table other than the one mentioned in the referential constraint
Starting background process VKTM
Beginning log switch checkpoint up to RBA
ARC0: Archival started
Beginning log switch checkpoint up to RBA
Starting background process VKTM
RMAN-20245: can not specify db_unique_name option in nocatalog mode
Starting background process VKTM
Starting background process VKTM
RMAN-08511: piece handle= PK_CUSTOMER_ACCOUNTS tag= 17
Thread 1 advanced to log sequence 509
ORA-64107: The XMLIndex has been successfully altered but the metadata could not be updated.
Errors in file /u01/app/oracle/diag/rdbms/ttprod/ttprod1/trace/ttprod1_ora_31984.trc
Completed checkpoint up to RBA
ARC0: Archival started
Current log# 637 seq# 1221 mem# 0
Archived Log entry 266 added for thread 1 sequence 4458
Starting background process VKTM
ORA-39939: More than one set of token tables are used in tablespace INVOICE_LINES_IDX .
Errors in file /u01/app/oracle/diag/rdbms/ttprod/ttprod1/trace/ttprod1_ora_85387.trc
Archived Log entry 323 added for thread 1 sequence 3516
Thread 1 advanced to log sequence 692
Undo initialization finished
Undo initialization finished
IMP-00075: Warning: The nested table may contain partial rows or duplicate rows
Undo initialization finished
PRVF-04555: Node application "{0}" does not exist on node "{1}"
Archived Log entry 700 added for thread 1 sequence 5507
Current log# 14 seq# 2518 mem# 0
LSX-00273: invalid character "~c" in base64-encoded binary
Undo initialization finished
Starting background process VKTM
Beginning log switch checkpoint up to RBA
ORA-00216: control file could not be resized for migration from 8.0.2
Completed checkpoint up to RBA
Thread 1 advanced to log sequence 108
ARC0: Archival started
ORA-07392: sftcls: fclose error, unable to close text file.
Errors in file /u01/app/oracle/diag/rdbms/ttprod/ttprod1/trace/ttprod1_ora_63799.trc
Thread 1 advanced to log sequence 253
ORA-02257: maximum number of columns exceeded
Current log# 518 seq# 6334 mem# 0
Undo initialization finished
Beginning log switch checkpoint up to RBA
ORA-00030: User session ID does not exist.
Errors in file /u01/app/oracle/diag/rdbms/ttprod/ttprod1/trace/ttprod1_ora_55916.trc
Starting background process VKTM
SQL-02156: Invalid type for Indicator or Returned Length
Undo initialization finished
Archived Log entry 128 added for thread 1 sequence 7039
Completed checkpoint up to RBA
NID-00452: Succesfully changed database ID.
ARC0: Archival started
Archived Log entry 236 added for thread 1 sequence 1327
Thread 1 advanced to log sequence 932
ARC0: Archival started
Beginning log switch checkpoint up to RBA
NNO-00269: configuration database is version ttprod2 , server requires at least version ttprod2
Archived Log entry 428 added for thread 1 sequence 2430
Current log# 471 seq# 5639 mem# 0
Current log# 258 seq# 6089 mem# 0
Thread 1 advanced to log sequence 889
Starting background process VKTM
CRS-05010: Update of configuration file " user_sessions " failed: details at " 5000 " in " _SYSSMU12$ "
Errors in file /u01/app/oracle/diag/rdbms/ttprod/ttprod1/trace/ttprod1_ora_40894.trc
Archived Log entry 759 added for thread 1 sequence 4534
Undo initialization finished
Completed checkpoint up to RBA
Completed checkpoint up to RBA
ARC0: Archival started
OCI-31089: schema " PK_CUSTOMER_ACCOUNTS " does not target namespace " CDR_STAGING "
Errors in file /u01/app/oracle/diag/rdbms/ttprod/ttprod1/trace/ttprod1_ora_61730.trc
Undo initialization finished
Completed checkpoint up to RBA
Completed checkpoint up to RBA
ARC0: Archival started
Beginning log switch checkpoint up to RBA
ORA-39262: Cannot alter size for hash cluster.
Beginning log switch checkpoint up to RBA
PRCT-01415: More than one ACFS resource was found for the mount point path {0}
ARC0: Archival started
ARC0: Archival started
Thread 1 advanced to log sequence 904
NPL-00311: cannot end constructed ASN.1 encoding, PK_CUSTOMER_ACCOUNTS encoding octets unread
Thread 1 advanced to log sequence 135
ORA-00162: external dbid length ttprod1 is greater than maximum ( 1024 )
Beginning log switch checkpoint up to RBA
LPX-00662: Invalid encoding.
Thread 1 advanced to log sequence 565
ORA-14755: Invalid partition specification for FOR VALUES clause.
Beginning log switch checkpoint up to RBA
Starting background process VKTM
Thread 1 advanced to log sequence 117
Undo initialization finished
XOQ-02532: cannot specify a secondary partition level without also specifying a (primary) partition level.
Undo initialization finished
Undo initialization finished
Beginning log switch checkpoint up to RBA
KUP-05004: Warning: Intra source concurrency disabled because parallel select was not requested.
Beginning log switch checkpoint up to RBA
Starting background process VKTM
ARC0: Archival started
RMAN-06732: database dropped
Current log# 480 seq# 8400 mem# 0
PCC-00105: Keyword WORK required here by ANSI
Undo initialization finished
Current log# 330 seq# 3822 mem# 0
Thread 1 advanced to log sequence 141
Undo initialization finished
RMAN-12016: using channel ttprod2
Current log# 653 seq# 6189 mem# 0
ARC0: Archival started
Undo initialization finished
ARC0: Archival started
Current log# 3 seq# 3171 mem# 0
CRS-01618: The requested node kill information change could not be validated by node session_1123 ; details at NETWORK_OPS.SIM_INVENTORY in fk_order_customer
ARC0: Archival started
ARC0: Archival started
Undo initialization finished
RMAN-05016: failover to previous backup
Archived Log entry 570 added for thread 1 sequence 8110
ORA-02852: Invalid critical-section time out value
Completed checkpoint up to RBA
Completed checkpoint up to RBA
OCI-31197: Error in processing file ttstandby01
Thread 1 advanced to log sequence 222
Starting background process VKTM
QSM-02093: mv uses an object REF clause
Thread 1 advanced to log sequence 502
PLS-00375: illegal GOTO statement; this GOTO cannot branch to label ' reporting_schema '
Current log# 855 seq# 7692 mem# 0
PRVF-05205: GNS VIP resource configuration check failed.
Current log# 417 seq# 1420 mem# 0
Beginning log switch checkpoint up to RBA
ORA-13393: null or invalid CDR_STAGING parameter
Errors in file /u01/app/oracle/diag/rdbms/ttprod/ttprod1/trace/ttprod1_ora_20098.trc
Completed checkpoint up to RBA
Undo initialization finished
Thread 1 advanced to log sequence 486
PLS-00630: pipelined functions must have a supported collection return type
Completed checkpoint up to RBA
Completed checkpoint up to RBA
ORA-30053: invalid upper limit snapshot expression
Thread 1 advanced to log sequence 189
ARC0: Archival started
Archived Log entry 597 added for thread 1 sequence 5453
ORA-21300: objects option not installed
Completed checkpoint up to RBA
Beginning log switch checkpoint up to RBA
PGA-20927: password length of number is invalid; maximum length is number
Starting background process VKTM
Thread 1 advanced to log sequence 508
Thread 1 advanced to log sequence 84
Thread 1 advanced to log sequence 965
Starting background process VKTM
ORA-23439: refresh group template already exists
Undo initialization finished
Beginning log switch checkpoint up to RBA
Thread 1 advanced to log sequence 78
Archived Log entry 673 added for thread 1 sequence 1895
RMAN-08089: channel /u01/app/oracle/oradata/ttprod/users01.dbf : specifying datafile(s) to restore from backup set
Thread 1 advanced to log sequence 430
Beginning log switch checkpoint up to RBA
Current log# 940 seq# 6826 mem# 0
Undo initialization finished
Undo initialization finished
NNL-00233: Auto-refresh failure-retry interval is now APP_USER42
Errors in file /u01/app/oracle/diag/rdbms/ttprod/ttprod1/trace/ttprod1_ora_67331.trc
Archived Log entry 321 added for thread 1 sequence 6893
Undo initialization finished
IMP-00043: export file character set inconsistent
ARC0: Archival started
Completed checkpoint up to RBA
ORA-41621: error in ordering property : /u01/app/oracle/oradata/ttprod/users01.dbf
Undo initialization finished
Thread 1 advanced to log sequence 750
ARC0: Archival started
RMAN-06538: The expected DB_UNIQUE_NAME is 1024 , but found ttprod1
Beginning log switch checkpoint up to RBA
Undo initialization finished
ORA-48499: The value of the keyword " APP_USER42 " exceeds the maximum length 5000
ARC0: Archival started
Completed checkpoint up to RBA
Undo initialization finished
CRS-02625: Owner of resource ' pg_toast_12345 ' does not have execute permission to pool ' session_1123 ' and may not use it
Current log# 776 seq# 3394 mem# 0
Current log# 28 seq# 3075 mem# 0
PGA-20938: send lengths array too small ( number ) to contain a valid send count
Archived Log entry 675 added for thread 1 sequence 9027
Current log# 999 seq# 9785 mem# 0
ORA-03209: DBMS_ADMIN_PACKAGE invalid file/block specification
Beginning log switch checkpoint up to RBA
Starting background process VKTM
ARC0: Archival started
Archived Log entry 933 added for thread 1 sequence 7551
Beginning log switch checkpoint up to RBA
ORA-44736: Group name already existed
Current log# 1 seq# 6313 mem# 0
Starting background process VKTM
ORA-23410: materialized view " NETWORK_OPS.SIM_INVENTORY "." idx_users_email " is already in a refresh group
Undo initialization finished
Completed checkpoint up to RBA
ARC0: Archival started
Starting background process VKTM
ORA-38701: Redo log corruption detected
Current log# 326 seq# 1816 mem# 0
Starting background process VKTM
ORA-39917: SYS owned object 1024 in tablespace NETWORK_OPS.SIM_INVENTORY not allowed in pluggable set
Thread 1 advanced to log sequence 984
Thread 1 advanced to log sequence 895
Undo initialization finished
ORA-16425: RECOVER FINISH cannot be issued when recovery branch _SYSSMU12$ is not the target branch SYSAUX .
Archived Log entry 698 added for thread 1 sequence 8123
Current log# 98 seq# 2249 mem# 0
Undo initialization finished
Beginning log switch checkpoint up to RBA
RMAN-06528: CHANGE ... KEEP not supported for BACKUPPIECE
Completed checkpoint up to RBA
Starting background process VKTM
Beginning log switch checkpoint up to RBA
IMG-00516: default channel out of range
Errors in file /u01/app/oracle/diag/rdbms/ttprod/ttprod1/trace/ttprod1_ora_48663.trc
Archived Log entry 304 added for thread 1 sequence 1446
Current log# 378 seq# 4684 mem# 0
Completed checkpoint up to RBA
Thread 1 advanced to log sequence 471
ORA-53063: invalid exportOption: PK_CUSTOMER_ACCOUNTS
Starting background process VKTM
Thread 1 advanced to log sequence 768
Beginning log switch checkpoint up to RBA
Current log# 746 seq# 5668 mem# 0
Beginning log switch checkpoint up to RBA
RMAN-08040: full resync skipped, control file is not current or backup
Errors in file /u01/app/oracle/diag/rdbms/ttprod/ttprod1/trace/ttprod1_ora_48668.trc
Current log# 645 seq# 4249 mem# 0
Starting background process VKTM
ORA-29397: cannot grant/revoke switch privilege for 42
Completed checkpoint up to RBA
ARC0: Archival started
Thread 1 advanced to log sequence 756
Beginning log switch checkpoint up to RBA
PRCR-01072: Failed to unregister {0} {1}
Errors in file /u01/app/oracle/diag/rdbms/ttprod/ttprod1/trace/ttprod1_ora_38081.trc
Completed checkpoint up to RBA
Beginning log switch checkpoint up to RBA
Completed checkpoint up to RBA
Undo initialization finished
PGA-21211: unable to allocate LU6.2 listen for RRM TP
Completed checkpoint up to RBA
Beginning log switch checkpoint up to RBA
LSX-00222: "~1S" is too long (maximum length is ~2d)
Current log# 78 seq# 8097 mem# 0
Undo initialization finished
Starting background process VKTM
Beginning log switch checkpoint up to RBA
Beginning log switch checkpoint up to RBA
ORA-41637: missing primitive event name
Current log# 901 seq# 4847 mem# 0
Archived Log entry 240 added for thread 1 sequence 6492
Beginning log switch checkpoint up to RBA
Beginning log switch checkpoint up to RBA
Current log# 403 seq# 7433 mem# 0
ORA-24397: error occured while trying to free connections
Errors in file /u01/app/oracle/diag/rdbms/ttprod/ttprod1/trace/ttprod1_ora_63277.trc
Archived Log entry 174 added for thread 1 sequence 9772
Current log# 422 seq# 5267 mem# 0
ORA-31134: Cannot delete a configuration that is referenced by other resources
Starting background process VKTM
Current log# 605 seq# 4307 mem# 0
CLST-02910: Failure ttprod2 contacting the CRS daemon.
Errors in file /u01/app/oracle/diag/rdbms/ttprod/ttprod1/trace/ttprod1_ora_24791.trc
Thread 1 advanced to log sequence 723
Undo initialization finished
Completed checkpoint up to RBA
ORA-38463: invalid XML Tag list
Errors in file /u01/app/oracle/diag/rdbms/ttprod/ttprod1/trace/ttprod1_ora_96593.trc
Undo initialization finished
Thread 1 advanced to log sequence 407
Beginning log switch checkpoint up to RBA
Thread 1 advanced to log sequence 251
Completed checkpoint up to RBA
CRS-09034: Invalid seconds given in the time argument
Archived Log entry 702 added for thread 1 sequence 3429
Current log# 428 seq# 2680 mem# 0
DRG-11811: Multiple Choices
ARC0: Archival started
Starting background process VKTM
Archived Log entry 546 added for thread 1 sequence 1265
Current log# 867 seq# 2641 mem# 0
Archived Log entry 719 added for thread 1 sequence 8184
RMAN-06156: validation succeeded for control file copy
Beginning log switch checkpoint up to RBA
Undo initialization finished
RMAN-06967: finished primary search, recovered BILLING.CUST_ORDERS blocks
Thread 1 advanced to log sequence 802
ORA-13196: failed to compute supercell for element PK_CUSTOMER_ACCOUNTS . SYSAUX . fk_order_customer
Starting background process VKTM
CRS-02751: Cannot create new resource, the resource type ' ttstandby01 ' is not supported. Details at 5000 in app_db .
Errors in file /u01/app/oracle/diag/rdbms/ttprod/ttprod1/trace/ttprod1_ora_12302.trc
Starting background process VKTM
Current log# 256 seq# 8349 mem# 0
ORA-00752: recovery detected a lost write of a data block
Thread 1 advanced to log sequence 212
Current log# 98 seq# 7905 mem# 0
Undo initialization finished
Starting background process VKTM
Undo initialization finished
PCC-02314: cannot evaluate constant sizeof expression
Thread 1 advanced to log sequence 729
Beginning log switch checkpoint up to RBA
JMS-00174: Class must be specified for queues with object payloads Use dequeue(deq_option, payload_fact) or dequeue(deq_option, sql_data_cl)
ARC0: Archival started
DIA-48198: OS command to change the file permissions failed
Current log# 234 seq# 5861 mem# 0
Undo initialization finished
Undo initialization finished
ARC0: Archival started
ORA-08460: invalid environment clause in environment parameter
Errors in file /u01/app/oracle/diag/rdbms/ttprod/ttprod1/trace/ttprod1_ora_65646.trc
Starting background process VKTM
ORA-12993: tablespace ' idx_users_email ' is offline, cannot drop column
Starting background process VKTM
Completed checkpoint up to RBA
Archived Log entry 532 added for thread 1 sequence 5919
Current log# 915 seq# 1759 mem# 0
Undo initialization finished
LFI-00108: Open expect the file [ 3 ][ ttprod1 ] to exist.
Errors in file /u01/app/oracle/diag/rdbms/ttprod/ttprod1/trace/ttprod1_ora_25233.trc
Thread 1 advanced to log sequence 305
Undo initialization finished
Completed checkpoint up to RBA
ARC0: Archival started
Starting background process VKTM
QSM-01030: materialized view, _SYSSMU7$ , has PL/SQL functions in ENFORCED integrity mode
Errors in file /u01/app/oracle/diag/rdbms/ttprod/ttprod1/trace/ttprod1_ora_82896.trc
Undo initialization finished
Starting background process VKTM
Beginning log switch checkpoint up to RBA
Beginning log switch checkpoint up to RBA
Completed checkpoint up to RBA
NID-00332: The following datafiles are in unknown state:
Starting background process VKTM
ORA-31516: CDC change set ttprod2 already exists
Current log# 732 seq# 6154 mem# 0
Thread 1 advanced to log sequence 809
Starting background process VKTM
Current log# 202 seq# 5589 mem# 0
RDE-00006: invalid protocol: " user_sessions "
Completed checkpoint up to RBA
ORA-48191: user missing read or write permission on specified file
Beginning log switch checkpoint up to RBA
Beginning log switch checkpoint up to RBA
ORA-14459: missing GLOBAL keyword
Beginning log switch checkpoint up to RBA
Undo initialization finished
EVM-00030: Event name is missing
Errors in file /u01/app/oracle/diag/rdbms/ttprod/ttprod1/trace/ttprod1_ora_17450.trc
Thread 1 advanced to log sequence 408
ORA-35582: (XSRWLD12) Cannot change the level of dimension member " number " from " number " to " number " within a single load.
Beginning log switch checkpoint up to RBA
Starting background process VKTM
Completed checkpoint up to RBA
Thread 1 advanced to log sequence 252
Thread 1 advanced to log sequence 191
KUP-04048: internal error parsing record from external data source
Thread 1 advanced to log sequence 963
Starting background process VKTM
Completed checkpoint up to RBA
PRCD-01142: The {0} TAF policy is not valid for RAC One Node service {1}
ARC0: Archival started
Archived Log entry 503 added for thread 1 sequence 5628
Archived Log entry 793 added for thread 1 sequence 7077
Archived Log entry 766 added for thread 1 sequence 3277
Thread 1 advanced to log sequence 334
ORA-07627: smsfre: $CRETVA failure
Errors in file /u01/app/oracle/diag/rdbms/ttprod/ttprod1/trace/ttprod1_ora_33903.trc
Completed checkpoint up to RBA
Thread 1 advanced to log sequence 831
ARC0: Archival started
ORA-22063: reading negative value [ NETWORK_OPS.SIM_INVENTORY ] as unsigned
ARC0: Archival started
Current log# 77 seq# 2490 mem# 0
Current log# 479 seq# 4429 mem# 0
Thread 1 advanced to log sequence 843
Completed checkpoint up to RBA
DIA-48489: The input exceeds the maximum length [ DATA_TS01 ]
Completed checkpoint up to RBA
Completed checkpoint up to RBA
Undo initialization finished
Completed checkpoint up to RBA
Undo initialization finished
RMAN-08021: channel 42 : restoring control file
Archived Log entry 730 added for thread 1 sequence 4204
Archived Log entry 475 added for thread 1 sequence 2359
RMAN-06946: executing repair script
Undo initialization finished
Thread 1 advanced to log sequence 156
Beginning log switch checkpoint up to RBA
Beginning log switch checkpoint up to RBA
ORA-32855: propagation job user_sessions is marked for removal
Current log# 494 seq# 4423 mem# 0
Thread 1 advanced to log sequence 721
Current log# 583 seq# 3332 mem# 0
Completed checkpoint up to RBA
RMAN-06451: proxy copy handle= ttprod1 RECID= PK_CUSTOMER_ACCOUNTS STAMP= pk_orders
Errors in file /u01/app/oracle/diag/rdbms/ttprod/ttprod1/trace/ttprod1_ora_63831.trc
Starting background process VKTM
PCC-00109: Dynamic SQL and PL/SQL are Oracle extensions to ANSI SQL
Errors in file /u01/app/oracle/diag/rdbms/ttprod/ttprod1/trace/ttprod1_ora_40245.trc
Archived Log entry 904 added for thread 1 sequence 4416
ORA-19572: cannot process file APP_USER42 , file is being being resized
Beginning log switch checkpoint up to RBA
Beginning log switch checkpoint up to RBA
Completed checkpoint up to RBA
RMAN-08158: executing script: ttstandby01
Errors in file /u01/app/oracle/diag/rdbms/ttprod/ttprod1/trace/ttprod1_ora_33739.trc
Thread 1 advanced to log sequence 755
Archived Log entry 845 added for thread 1 sequence 9498
Current log# 42 seq# 5719 mem# 0
Completed checkpoint up to RBA
ORA-23407: object name CRM.CALL_DETAIL_RECORDS must be shaped like "schema"."object" or "object"
ARC0: Archival started
Beginning log switch checkpoint up to RBA
Current log# 310 seq# 5507 mem# 0
RMAN-08152: global script fk_order_customer written to file APP_USER42
Current log# 597 seq# 9549 mem# 0
Beginning log switch checkpoint up to RBA
PGU-41084: call definition PK_CUSTOMER_ACCOUNTS version number deleted from PG DD
Current log# 262 seq# 2644 mem# 0
Starting background process VKTM
Completed checkpoint up to RBA
CRS-01621: The IPMI configuration data for this node stored in the Oracle registry is incomplete; details at _SYSSMU7$ in ttprod2
Starting background process VKTM
Archived Log entry 427 added for thread 1 sequence 8718
Current log# 469 seq# 9043 mem# 0
ARC0: Archival started
RMAN-05044: Performing export of metadata...
Completed checkpoint up to RBA
Beginning log switch checkpoint up to RBA
Completed checkpoint up to RBA
Completed checkpoint up to RBA
Starting background process VKTM
ORA-16230: committing transaction user_sessions _SYSSMU7$ _SYSSMU7$
Archived Log entry 484 added for thread 1 sequence 5644
ARC0: Archival started
DIA-48114: error encountered when attempting to close a file
Starting background process VKTM
Starting background process VKTM
Undo initialization finished
Current log# 693 seq# 9724 mem# 0
ORA-02171: invalid value for MAXLOGHISTORY
Beginning log switch checkpoint up to RBA
Starting background process VKTM
RMAN-08061: WARNING: change failure ID NETWORK_OPS.SIM_INVENTORY failed due to error ORA- 3
Errors in file /u01/app/oracle/diag/rdbms/ttprod/ttprod1/trace/ttprod1_ora_29152.trc
Archived Log entry 410 added for thread 1 sequence 3010
ARC0: Archival started
Undo initialization finished
ORA-43857: Parameter Error
ARC0: Archival started
Beginning log switch checkpoint up to RBA
ORA-22895: referenced table " INVOICE_LINES_IDX " in schema " reporting_schema " is not an object table
Thread 1 advanced to log sequence 654
RMAN-08104: channel reporting_schema : input backup set: count= INVOICE_LINES_IDX , stamp= 1024 , piece= INVOICE_LINES_IDX
Starting background process VKTM
Beginning log switch checkpoint up to RBA
ARC0: Archival started
Current log# 852 seq# 1761 mem# 0
RMAN-00703: The cmdfile has no syntax errors
Starting background process VKTM
Current log# 980 seq# 8834 mem# 0
Completed checkpoint up to RBA
RMAN-08548: recovery area destination: fk_order_customer
Beginning log switch checkpoint up to RBA
Undo initialization finished
Undo initialization finished
ORA-15055: unable to connect to ASM instance
Thread 1 advanced to log sequence 345
ARC0: Archival started
ARC0: Archival started
Current log# 263 seq# 3410 mem# 0
ORA-48121: error with opening the ADR stream file [ ttprod2 ] [ ttprod1 ]
Completed checkpoint up to RBA
ARC0: Archival started
ARC0: Archival started
Current log# 773 seq# 4075 mem# 0
RMAN-06005: connected to target database: SYSAUX (DBID= 42 )
Errors in file /u01/app/oracle/diag/rdbms/ttprod/ttprod1/trace/ttprod1_ora_55833.trc
Starting background process VKTM
Completed checkpoint up to RBA
Thread 1 advanced to log sequence 483
Completed checkpoint up to RBA
RDE-00055: no providers available.
Starting background process VKTM
Starting background process VKTM
ORA-32114: Cannot perform operation on a null LOB
ARC0: Archival started
ARC0: Archival started
ARC0: Archival started
Archived Log entry 108 added for thread 1 sequence 7385
Completed checkpoint up to RBA
RMAN-06449: deleted proxy copy
Completed checkpoint up to RBA
Completed checkpoint up to RBA
ORA-01911: CONTENTS keyword expected
Errors in file /u01/app/oracle/diag/rdbms/ttprod/ttprod1/trace/ttprod1_ora_94741.trc
Current log# 717 seq# 8147 mem# 0
Archived Log entry 524 added for thread 1 sequence 3328
Undo initialization finished
ORA-03206: maximum file size of ( _SYSSMU7$ ) blocks in AUTOEXTEND clause is out of range
Errors in file /u01/app/oracle/diag/rdbms/ttprod/ttprod1/trace/ttprod1_ora_18083.trc
Beginning log switch checkpoint up to RBA
Completed checkpoint up to RBA
Starting background process VKTM
LSX-00023: unknown namespace URI "~S"
Current log# 414 seq# 2934 mem# 0
ORA-02836: Unable to create temporary key file
ARC0: Archival started
Thread 1 advanced to log sequence 611
Archived Log entry 893 added for thread 1 sequence 8406
Thread 1 advanced to log sequence 329
ARC0: Archival started
ORA-01519: error while processing file ' PK_CUSTOMER_ACCOUNTS ' near line ttprod1
Current log# 477 seq# 8735 mem# 0
Beginning log switch checkpoint up to RBA
Archived Log entry 665 added for thread 1 sequence 4355
Thread 1 advanced to log sequence 959
RMAN-08071: channel user_sessions : deleting archived log(s)
Beginning log switch checkpoint up to RBA
Thread 1 advanced to log sequence 836
ARC0: Archival started
Beginning log switch checkpoint up to RBA
RMAN-06214: fk_order_customer idx_users_email
Beginning log switch checkpoint up to RBA
Current log# 875 seq# 4178 mem# 0
Thread 1 advanced to log sequence 940
ARC0: Archival started
Archived Log entry 847 added for thread 1 sequence 8087
NZE-28830: no identity type specified
ARC0: Archival started
Starting background process VKTM
Starting background process VKTM
ORA-16241: Waiting for gap log file (thread# ttstandby01 , sequence# CRM.CALL_DETAIL_RECORDS )
Current log# 385 seq# 4120 mem# 0
PRCC-01001: Failed to retrieve install group: {0}
Thread 1 advanced to log sequence 23
DRG-10510: stopword is missing
Current log# 424 seq# 7849 mem# 0
Starting background process VKTM
Undo initialization finished
Current log# 902 seq# 6814 mem# 0
Current log# 867 seq# 7321 mem# 0
PRCR-01031: Resource attribute {0} value {1} is not valid
Current log# 448 seq# 5333 mem# 0
Starting background process VKTM
Undo initialization finished
PRKR-01025: file {0} does not contain property {1}
ARC0: Archival started
ARC0: Archival started
Archived Log entry 879 added for thread 1 sequence 3445
Current log# 652 seq# 6658 mem# 0
Thread 1 advanced to log sequence 905
NNL-00226: Current request-processing delay is large pool
Errors in file /u01/app/oracle/diag/rdbms/ttprod/ttprod1/trace/ttprod1_ora_15461.trc
Undo initialization finished
Archived Log entry 741 added for thread 1 sequence 9887
PLS-00306: wrong number or types of arguments in call to ' DATA_TS01 '
Errors in file /u01/app/oracle/diag/rdbms/ttprod/ttprod1/trace/ttprod1_ora_18304.trc
ARC0: Archival started
NID-00507: APPEND Append to output log NO
Archived Log entry 676 added for thread 1 sequence 3581
Starting background process VKTM
ARC0: Archival started
Starting background process VKTM
RMAN-08156: printing stored script: BILLING.CUST_ORDERS
Archived Log entry 880 added for thread 1 sequence 2095
NID-00421: Change of database name failed during validation - database is intact.
Completed checkpoint up to RBA
Thread 1 advanced to log sequence 917
ORA-19780: Active Data Guard option not enabled
Starting background process VKTM
Archived Log entry 735 added for thread 1 sequence 3220
ORA-12618: TNS:versions are incompatible
Completed checkpoint up to RBA
ORA-10637: The segment does not exist
Errors in file /u01/app/oracle/diag/rdbms/ttprod/ttprod1/trace/ttprod1_ora_61036.trc
Undo initialization finished
ARC0: Archival started
PLS-00620: type mismatch found at ' USERS ' among operands in a COALESCE expression
ARC0: Archival started
Current log# 178 seq# 3904 mem# 0
Completed checkpoint up to RBA
Thread 1 advanced to log sequence 760
ORA-02335: invalid datatype for cluster column
Archived Log entry 773 added for thread 1 sequence 2575
Starting background process VKTM
Undo initialization finished
TNS-12212: TNS:incomplete PREFERRED_CMANAGERS binding in TNSNAV.ORA
Undo initialization finished
Completed checkpoint up to RBA
Archived Log entry 847 added for thread 1 sequence 5154
PRKO-02120: Options '-x' and '-y' cannot be used to modify RAC One Node database
Completed checkpoint up to RBA
Completed checkpoint up to RBA
Archived Log entry 322 added for thread 1 sequence 8459
Thread 1 advanced to log sequence 249
Thread 1 advanced to log sequence 524
RMAN-06793: database with db_unique_name user_sessions unregistered from the recovery catalog
Archived Log entry 152 added for thread 1 sequence 4007
Archived Log entry 836 added for thread 1 sequence 2933
Beginning log switch checkpoint up to RBA
ARC0: Archival started
UDE-00002: invalid username or password
Beginning log switch checkpoint up to RBA
Current log# 748 seq# 8978 mem# 0
ORA-36020: (XSHIERCK03) The definition of hierarchy workspace object over number is inconsistent.
Completed checkpoint up to RBA
Beginning log switch checkpoint up to RBA
Completed checkpoint up to RBA
ORA-16540: invalid argument
Starting background process VKTM
Archived Log entry 926 added for thread 1 sequence 2930
ARC0: Archival started
ORA-10627: Dump the content of the index leaf block
Archived Log entry 801 added for thread 1 sequence 4071
Completed checkpoint up to RBA
Completed checkpoint up to RBA
Completed checkpoint up to RBA
ARC0: Archival started
NNO-00624: setting auto-refresh expiration period to number seconds
Thread 1 advanced to log sequence 341
Completed checkpoint up to RBA
Current log# 618 seq# 4781 mem# 0
Archived Log entry 78 added for thread 1 sequence 6973
ORA-16106: loading previously applied transaction information
Archived Log entry 896 added for thread 1 sequence 2055
ARC0: Archival started
Current log# 191 seq# 4420 mem# 0
RMAN-06548: connected to auxiliary database: user_sessions (DBID= fk_order_customer )
Thread 1 advanced to log sequence 53
Thread 1 advanced to log sequence 26
Archived Log entry 186 added for thread 1 sequence 8666
ARC0: Archival started
NNO-00253: administrative region parameter pk_orders length pk_orders exceeds maximum of pk_orders
Undo initialization finished
Beginning log switch checkpoint up to RBA
Archived Log entry 922 added for thread 1 sequence 3214
ARC0: Archival started
ORA-39048: Unable to start all workers; only BILLING.CUST_ORDERS worker(s) available.
Errors in file /u01/app/oracle/diag/rdbms/ttprod/ttprod1/trace/ttprod1_ora_40334.trc
Completed checkpoint up to RBA
Beginning log switch checkpoint up to RBA
NZE-29015: incorrect message length
Errors in file /u01/app/oracle/diag/rdbms/ttprod/ttprod1/trace/ttprod1_ora_83974.trc
Thread 1 advanced to log sequence 418
Undo initialization finished
Starting background process VKTM
Beginning log switch checkpoint up to RBA
Current log# 186 seq# 4908 mem# 0
ORA-07411: slgfn: full path name too big for supplied buffer.
Beginning log switch checkpoint up to RBA
ARC0: Archival started
Undo initialization finished
Archived Log entry 964 added for thread 1 sequence 5754
NNO-00712: warning: group _SYSSMU12$ cache checkpoint failed
Errors in file /u01/app/oracle/diag/rdbms/ttprod/ttprod1/trace/ttprod1_ora_10079.trc
Current log# 143 seq# 1280 mem# 0
Thread 1 advanced to log sequence 365
NNO-00315: server is listening on address _SYSSMU12$
Beginning log switch checkpoint up to RBA
Archived Log entry 896 added for thread 1 sequence 9336
ARC0: Archival started
ORA-56971: Invalid set of export options
ARC0: Archival started
ORA-10265: Keep random system generated output out of error messages
Archived Log entry 535 added for thread 1 sequence 5213
TNS-12546: TNS:permission denied
Undo initialization finished
ARC0: Archival started
RMAN-06797: Grant succeeded.
Completed checkpoint up to RBA
ORA-32502: Cannot execute command. Flash Freeze is not in effect
Completed checkpoint up to RBA
Undo initialization finished
Completed checkpoint up to RBA
ORA-13836: invalid attribute value specified
Undo initialization finished
Archived Log entry 156 added for thread 1 sequence 8268
RMAN-08501: output file name= CDR_STAGING RECID= INVOICE_LINES_IDX STAMP= /u01/app/oracle/oradata/ttprod/users01.dbf
Errors in file /u01/app/oracle/diag/rdbms/ttprod/ttprod1/trace/ttprod1_ora_90627.trc
Beginning log switch checkpoint up to RBA
Beginning log switch checkpoint up to RBA
Undo initialization finished
ARC0: Archival started
Thread 1 advanced to log sequence 344
ORA-24428: Sessions with SYSDBA privileges are not supported in this mode.
Current log# 73 seq# 1784 mem# 0
Starting background process VKTM
PLS-01918: 9.2 and earlier wrap formats are not permitted
Completed checkpoint up to RBA
Beginning log switch checkpoint up to RBA
Beginning log switch checkpoint up to RBA
ARC0: Archival started
ORA-06301: IPA: Cannot allocate driver context
Current log# 989 seq# 6260 mem# 0
ARC0: Archival started
Thread 1 advanced to log sequence 447
Starting background process VKTM
ORA-08431: raw data missing zero as defined in picture
Starting background process VKTM
Current log# 963 seq# 8136 mem# 0
ORA-19913: unable to decrypt backup
Completed checkpoint up to RBA
Archived Log entry 942 added for thread 1 sequence 2959
Starting background process VKTM
ARC0: Archival started
ORA-14281: CHECK constraint mismatch in ALTER TABLE EXCHANGE SUBPARTITION
Beginning log switch checkpoint up to RBA
Beginning log switch checkpoint up to RBA
ORA-22303: type " APP_USER42 "." USERS " not found
Current log# 70 seq# 6643 mem# 0
Starting background process VKTM
Starting background process VKTM
ORA-24441: Invalid cookie, resend sql text
Beginning log switch checkpoint up to RBA
Completed checkpoint up to RBA
Beginning log switch checkpoint up to RBA
Starting background process VKTM
ARC0: Archival started
ORA-08231: smscre: unable to attach to SGA
Errors in file /u01/app/oracle/diag/rdbms/ttprod/ttprod1/trace/ttprod1_ora_10897.trc
Completed checkpoint up to RBA
Starting background process VKTM
ARC0: Archival started
Current log# 234 seq# 6574 mem# 0
Beginning log switch checkpoint up to RBA
QSM-01133: query has an ADT column
Errors in file /u01/app/oracle/diag/rdbms/ttprod/ttprod1/trace/ttprod1_ora_65871.trc
Current log# 883 seq# 9843 mem# 0
Archived Log entry 66 added for thread 1 sequence 7585
ORA-55635: Flashback Data Archive enabled table " ttprod2 "." fk_order_customer " is disassociated
Thread 1 advanced to log sequence 21
ARC0: Archival started
Completed checkpoint up to RBA
NID-00422: Change of database ID failed during validation - database is intact.
Starting background process VKTM
ORA-16230: committing transaction _SYSSMU12$ 3 CDR_STAGING
Errors in file /u01/app/oracle/diag/rdbms/ttprod/ttprod1/trace/ttprod1_ora_28840.trc
Undo initialization finished
XOQ-02516: The MdmValueHierarchy has no value hierarchy map.
Errors in file /u01/app/oracle/diag/rdbms/ttprod/ttprod1/trace/ttprod1_ora_85245.trc
Thread 1 advanced to log sequence 105
NNL-00044: Unsupported data type CDR_STAGING not mapped
Errors in file /u01/app/oracle/diag/rdbms/ttprod/ttprod1/trace/ttprod1_ora_43113.trc
Thread 1 advanced to log sequence 89
Undo initialization finished
Archived Log entry 161 added for thread 1 sequence 5863
Undo initialization finished
ORA-00102: network protocol 3 cannot be used by dispatchers
Errors in file /u01/app/oracle/diag/rdbms/ttprod/ttprod1/trace/ttprod1_ora_52670.trc
Archived Log entry 326 added for thread 1 sequence 7858
Beginning log switch checkpoint up to RBA
Thread 1 advanced to log sequence 566
Thread 1 advanced to log sequence 547
Completed checkpoint up to RBA
RMAN-06415: file user_sessions cannot be proxy backed up
Starting background process VKTM
Current log# 880 seq# 3752 mem# 0
INS-40936: A command tool operation failed on node UNDOTBS1 : Message: UNDOTBS1
Completed checkpoint up to RBA
Starting background process VKTM
Completed checkpoint up to RBA
Undo initialization finished
QSM-02175: some query block in UNION ALL MV is not fast refreshable
Current log# 382 seq# 4374 mem# 0
NID-00503: DBNAME New database name (NONE)
ARC0: Archival started
Beginning log switch checkpoint up to RBA
Beginning log switch checkpoint up to RBA
Beginning log switch checkpoint up to RBA
Completed checkpoint up to RBA
ORA-46006: Cannot mix VPD column and Fusion column security policies
ARC0: Archival started
Beginning log switch checkpoint up to RBA
ORA-25181: missing ON keyword for NESTED INDEX
Beginning log switch checkpoint up to RBA
Starting background process VKTM
Completed checkpoint up to RBA
Archived Log entry 602 added for thread 1 sequence 4886
Current log# 617 seq# 8470 mem# 0
RMAN-06952: database needs to be restarted
Beginning log switch checkpoint up to RBA
Thread 1 advanced to log sequence 347
Beginning log switch checkpoint up to RBA
Thread 1 advanced to log sequence 796
ORA-26021: index pk_orders . SP2-0552 partition pk_orders loaded successfully with large pool keys
Current log# 923 seq# 4152 mem# 0
RMAN-06961: IMPDP> idx_users_email
Completed checkpoint up to RBA
Current log# 385 seq# 7749 mem# 0
Completed checkpoint up to RBA
Archived Log entry 352 added for thread 1 sequence 9856
ORA-23649: Capture fk_order_customer is for Audit Vault
ARC0: Archival started
Archived Log entry 660 added for thread 1 sequence 6333
Thread 1 advanced to log sequence 301
Current log# 869 seq# 1969 mem# 0
ORA-28105: cannot create security relevant column policy in an object view
Current log# 922 seq# 1313 mem# 0
ARC0: Archival started
Beginning log switch checkpoint up to RBA
ORA-24316: illegal handle type
Archived Log entry 284 added for thread 1 sequence 7583
QSM-00799: the user-defined workload table SYSAUX cannot be found
Errors in file /u01/app/oracle/diag/rdbms/ttprod/ttprod1/trace/ttprod1_ora_52821.trc
Archived Log entry 564 added for thread 1 sequence 2586
PRCR-01092: Failed to relocate resource {0}. It is running on more than one node
Beginning log switch checkpoint up to RBA
ARC0: Archival started
Archived Log entry 540 added for thread 1 sequence 1595
Current log# 492 seq# 2059 mem# 0
Undo initialization finished
PCC-02102: Fatal error while doing C preprocessing
Thread 1 advanced to log sequence 877
Archived Log entry 180 added for thread 1 sequence 9567
Current log# 742 seq# 3515 mem# 0
Beginning log switch checkpoint up to RBA
Thread 1 advanced to log sequence 548
PGU-42015: multiple UNDOTBS1 clauses found
Thread 1 advanced to log sequence 462
Thread 1 advanced to log sequence 968
Undo initialization finished
Undo initialization finished
Archived Log entry 682 added for thread 1 sequence 9874
DIA-48102: encountered the end-of-file when reading the file
Current log# 452 seq# 5698 mem# 0
RMAN-08151: replaced global script SP2-0552
Errors in file /u01/app/oracle/diag/rdbms/ttprod/ttprod1/trace/ttprod1_ora_94738.trc
Starting background process VKTM
Completed checkpoint up to RBA
Archived Log entry 285 added for thread 1 sequence 2287
Thread 1 advanced to log sequence 966
Current log# 685 seq# 8569 mem# 0
ORA-02150: invalid new tablespace name
Starting background process VKTM
OCI-19208: parameter USERS of function CDR_STAGING must be aliased
Beginning log switch checkpoint up to RBA
Starting background process VKTM
DRG-11821: Payment Required
Undo initialization finished
Archived Log entry 86 added for thread 1 sequence 3085
Current log# 904 seq# 9644 mem# 0
Completed checkpoint up to RBA
Current log# 755 seq# 5144 mem# 0
DRG-10764: only SYS can modify FILE_ACCESS_ROLE
Archived Log entry 884 added for thread 1 sequence 6229
Beginning log switch checkpoint up to RBA
Completed checkpoint up to RBA
RMAN-08064: Reconnection with the recovery catalog is successful.
Errors in file /u01/app/oracle/diag/rdbms/ttprod/ttprod1/trace/ttprod1_ora_72636.trc
Current log# 270 seq# 4748 mem# 0
Starting background process VKTM
RMAN-08524: input control file copy name= pk_orders
Current log# 577 seq# 1998 mem# 0
Starting background process VKTM
Current log# 580 seq# 9959 mem# 0
Starting background process VKTM
ORA-39903: IOT Partition shared pool . CRM.CALL_DETAIL_RECORDS is partially contained in the transportable set.
Beginning log switch checkpoint up to RBA
ARC0: Archival started
Undo initialization finished
ARC0: Archival started
ORA-39701: database must be mounted EXCLUSIVE for UPGRADE or DOWNGRADE
Errors in file /u01/app/oracle/diag/rdbms/ttprod/ttprod1/trace/ttprod1_ora_56586.trc
Completed checkpoint up to RBA
Starting background process VKTM
Archived Log entry 912 added for thread 1 sequence 8653
LPX-01134: [XUTY0006] Invalid target expression for 'insert'
Archived Log entry 467 added for thread 1 sequence 6613
Thread 1 advanced to log sequence 31
ARC0: Archival started
ORA-08180: no snapshot found based on specified time
Completed checkpoint up to RBA
ARC0: Archival started
Archived Log entry 53 added for thread 1 sequence 4029
Undo initialization finished
TNS-01070: Starting UNDOTBS1 : please wait...
Current log# 501 seq# 5537 mem# 0
RMAN-06785: This operation might take some time.
Errors in file /u01/app/oracle/diag/rdbms/ttprod/ttprod1/trace/ttprod1_ora_96790.trc
Beginning log switch checkpoint up to RBA
Thread 1 advanced to log sequence 551
Completed checkpoint up to RBA
CRS-01119: Unable to complete Oracle Clusterware upgrade while nodes USERS have not yet upgraded
Current log# 593 seq# 8820 mem# 0
EXP-00058: Password Verify Function for ttprod1 profile does not exist
Thread 1 advanced to log sequence 639
Thread 1 advanced to log sequence 96
Thread 1 advanced to log sequence 191
Archived Log entry 894 added for thread 1 sequence 8915
ARC0: Archival started
RMAN-06425: <datafile pathname not available>
Completed checkpoint up to RBA
ARC0: Archival started
Beginning log switch checkpoint up to RBA
Completed checkpoint up to RBA
DRG-11732: phrase does not have any translations
Current log# 158 seq# 9524 mem# 0
ORA-32771: cannot add file to bigfile tablespace
Current log# 826 seq# 3559 mem# 0
Beginning log switch checkpoint up to RBA
Current log# 970 seq# 9988 mem# 0
Starting background process VKTM
Current log# 209 seq# 8409 mem# 0
ORA-29373: resource manager is not on
Thread 1 advanced to log sequence 331
ARC0: Archival started
Archived Log entry 281 added for thread 1 sequence 9052
ORA-38859: instance UNDOTBS1 (thread fk_order_customer ) is not ready to be disabled
Errors in file /u01/app/oracle/diag/rdbms/ttprod/ttprod1/trace/ttprod1_ora_27610.trc
Current log# 318 seq# 8935 mem# 0
Thread 1 advanced to log sequence 682
Completed checkpoint up to RBA
Undo initialization finished
Starting background process VKTM
DRG-11625: MAXURLS * URLSIZE must be less than /u01/app/oracle/oradata/ttprod/users01.dbf
Undo initialization finished
Beginning log switch checkpoint up to RBA
Beginning log switch checkpoint up to RBA
RMAN-03015: error occurred in stored script UNDOTBS1
Errors in file /u01/app/oracle/diag/rdbms/ttprod/ttprod1/trace/ttprod1_ora_17370.trc
Beginning log switch checkpoint up to RBA
Thread 1 advanced to log sequence 133
PLS-00658: constructor method name must match type name
ARC0: Archival started
Thread 1 advanced to log sequence 151
Undo initialization finished
Current log# 345 seq# 6394 mem# 0
PLS-00328: A subprogram body must be defined for the forward declaration of NETWORK_OPS.SIM_INVENTORY .
Archived Log entry 974 added for thread 1 sequence 9240
Starting background process VKTM
ORA-26666: cannot alter 42 process TNS_ADMIN
Errors in file /u01/app/oracle/diag/rdbms/ttprod/ttprod1/trace/ttprod1_ora_35685.trc
Completed checkpoint up to RBA
Current log# 436 seq# 8953 mem# 0
Current log# 824 seq# 9664 mem# 0
ORA-31162: element or attribute " shared pool " has no SQLType specified
Undo initialization finished
Undo initialization finished
Archived Log entry 270 added for thread 1 sequence 5777
ARC0: Archival started
ORA-32613: not a MODEL cell
Archived Log entry 817 added for thread 1 sequence 2890
Beginning log switch checkpoint up to RBA
Undo initialization finished
ARC0: Archival started
NNO-00268: warning: configuration database is not used, using checkpoint data instead
Current log# 434 seq# 7493 mem# 0
ARC0: Archival started
ORA-01617: cannot mount: large pool is not a valid thread number
Current log# 657 seq# 1287 mem# 0
Starting background process VKTM
PLS-00210: an OTHERS clause is required in this CASE statement
Errors in file /u01/app/oracle/diag/rdbms/ttprod/ttprod1/trace/ttprod1_ora_30006.trc
Undo initialization finished
Current log# 752 seq# 1788 mem# 0
ORA-47005: error renaming Factor Type pg_toast_12345 , SYSAUX
Starting background process VKTM
Thread 1 advanced to log sequence 252
ORA-36268: (XSCGMDLAGG01) ' _SYSSMU7$ ' is not a valid dimension value.
Thread 1 advanced to log sequence 430
Completed checkpoint up to RBA
Completed checkpoint up to RBA
RMAN-06518: backup will be obsolete on date _SYSSMU7$
Starting background process VKTM
Undo initialization finished
Completed checkpoint up to RBA
Current log# 736 seq# 5412 mem# 0
ARC0: Archival started
ORA-28659: COMPRESS must be specified at object level first
Errors in file /u01/app/oracle/diag/rdbms/ttprod/ttprod1/trace/ttprod1_ora_18732.trc
Undo initialization finished
Archived Log entry 868 added for thread 1 sequence 6451
ORA-32583: query passed to table function has wrong number of elements in select list
Current log# 790 seq# 6539 mem# 0
Completed checkpoint up to RBA
Beginning log switch checkpoint up to RBA
NPL-00102: missing stream functions in ASN.1 context initialization
Current log# 290 seq# 6260 mem# 0
Undo initialization finished
Thread 1 advanced to log sequence 218
Undo initialization finished
ORA-13751: "SQL Tuning Set" " NETWORK_OPS.SIM_INVENTORY " does not exist for owner " /u01/app/oracle/oradata/ttprod/users01.dbf " or user " APP_USER42 " does not have permission to access the "SQL Tuning Set".
ARC0: Archival started
Archived Log entry 165 added for thread 1 sequence 1839
ORA-10634: Segment is already being shrunk
ARC0: Archival started
ARC0: Archival started
CRS-02525: All instances of the resource ' pk_orders ' are already running; relocate is not allowed because the force option was not specified
Beginning log switch checkpoint up to RBA
ARC0: Archival started
ORA-32341: The EXPLAIN_MVIEW facility failed to explain the materialized view " SYSAUX "." PK_CUSTOMER_ACCOUNTS "
Errors in file /u01/app/oracle/diag/rdbms/ttprod/ttprod1/trace/ttprod1_ora_31648.trc
Starting background process VKTM
ORA-16227: DDL skipped due to missing object
Errors in file /u01/app/oracle/diag/rdbms/ttprod/ttprod1/trace/ttprod1_ora_65133.trc
Thread 1 advanced to log sequence 306
Current log# 490 seq# 6165 mem# 0
Completed checkpoint up to RBA
Beginning log switch checkpoint up to RBA
ORA-41652: invalid value for the equal attribute in the rule condition
Thread 1 advanced to log sequence 937
Archived Log entry 228 added for thread 1 sequence 4082
Current log# 123 seq# 8686 mem# 0
TNS-00551: underlying transport connection failed
Completed checkpoint up to RBA
Current log# 289 seq# 8764 mem# 0
Archived Log entry 256 added for thread 1 sequence 7207
Current log# 873 seq# 6198 mem# 0
EVM-00702: Priority must be an integer in the range 0- number
ARC0: Archival started
Undo initialization finished
Starting background process VKTM
Current log# 67 seq# 2474 mem# 0
ORA-19658: cannot inspect ttprod2 - file is from different RESETLOGS
Undo initialization finished
Beginning log switch checkpoint up to RBA
ORA-64123: XMLIndex DDL: failure of a recursive DDL
Current log# 981 seq# 8409 mem# 0
Current log# 896 seq# 5403 mem# 0
Archived Log entry 510 added for thread 1 sequence 7276
Thread 1 advanced to log sequence 788
ORA-27207: syntax error in device PARMS - parentheses mismatch or missing
Completed checkpoint up to RBA
Beginning log switch checkpoint up to RBA
Current log# 965 seq# 5475 mem# 0
RMAN-08614: channel ttprod2 : errors found reading piece handle= USERS
Archived Log entry 432 added for thread 1 sequence 8332
Archived Log entry 130 added for thread 1 sequence 8328
OCI-30946: XML Schema Evolution warning: temporary tables not cleaned up
Thread 1 advanced to log sequence 306
NNO-00606: disabling modification requests
Beginning log switch checkpoint up to RBA
NZE-28842: Incorrect file permissions
Current log# 217 seq# 3168 mem# 0
JMS-00117: Conversion failed - invalid property type
ARC0: Archival started
Undo initialization finished
ORA-15413: Appliance mode is disabled.
Errors in file /u01/app/oracle/diag/rdbms/ttprod/ttprod1/trace/ttprod1_ora_73225.trc
ARC0: Archival started
Current log# 531 seq# 8525 mem# 0
Thread 1 advanced to log sequence 715
Current log# 809 seq# 4166 mem# 0
ORA-28378: Wallet not open after setting the Master Key
Starting background process VKTM
Thread 1 advanced to log sequence 114
ARC0: Archival started
Starting background process VKTM
ORA-29907: found duplicate labels in primary invocations
Completed checkpoint up to RBA
Archived Log entry 909 added for thread 1 sequence 4437
Completed checkpoint up to RBA
Thread 1 advanced to log sequence 579
ORA-16332: logical standby encountered non-fatal error ORA- 17 during DDL execution
Current log# 710 seq# 2615 mem# 0
Beginning log switch checkpoint up to RBA
PRCT-01008: Failed to retrieve node names
Thread 1 advanced to log sequence 845
Completed checkpoint up to RBA
PRVF-09692: CRS Active version is less than 11.2, performing NTP checks
Errors in file /u01/app/oracle/diag/rdbms/ttprod/ttprod1/trace/ttprod1_ora_78586.trc
Thread 1 advanced to log sequence 414
Undo initialization finished
Current log# 361 seq# 1973 mem# 0
Beginning log switch checkpoint up to RBA
ARC0: Archival started
ORA-06771: TLI Driver: error reading version
Completed checkpoint up to RBA
Starting background process VKTM
Completed checkpoint up to RBA
PCC-02372: FOR clause not allowed in SELECT statement
Errors in file /u01/app/oracle/diag/rdbms/ttprod/ttprod1/trace/ttprod1_ora_24021.trc
Starting background process VKTM
Archived Log entry 480 added for thread 1 sequence 1688
DRG-11734: missing homograph
Errors in file /u01/app/oracle/diag/rdbms/ttprod/ttprod1/trace/ttprod1_ora_88892.trc
Completed checkpoint up to RBA
Current log# 147 seq# 4323 mem# 0
Completed checkpoint up to RBA
ORA-25292: Buffer operations are not supported on the queue
Undo initialization finished
Archived Log entry 770 added for thread 1 sequence 3038
Archived Log entry 165 added for thread 1 sequence 3633
ORA-30457: ' ttstandby01 . ttstandby01 ' cannot be refreshed because of unmnanaged NOT NULL columns in container
Archived Log entry 890 added for thread 1 sequence 5798
Undo initialization finished
PLS-00630: pipelined functions must have a supported collection return type
Thread 1 advanced to log sequence 857
Thread 1 advanced to log sequence 584
Archived Log entry 880 added for thread 1 sequence 5613
PLS-00415: ' app_db ' is an OUT parameter and cannot appear in a function
Errors in file /u01/app/oracle/diag/rdbms/ttprod/ttprod1/trace/ttprod1_ora_83688.trc
Completed checkpoint up to RBA
Beginning log switch checkpoint up to RBA
RMAN-05033: Media recovery start SCN is ttstandby01
Errors in file /u01/app/oracle/diag/rdbms/ttprod/ttprod1/trace/ttprod1_ora_96448.trc
Thread 1 advanced to log sequence 894
Current log# 875 seq# 8376 mem# 0
Archived Log entry 535 added for thread 1 sequence 1225
Beginning log switch checkpoint up to RBA
ARC0: Archival started
QSM-02118: duplicate grouping sets
Starting background process VKTM
ARC0: Archival started
RMAN-07519: Reason: Error while cataloging. See alert.log.
Errors in file /u01/app/oracle/diag/rdbms/ttprod/ttprod1/trace/ttprod1_ora_37682.trc
Beginning log switch checkpoint up to RBA
CRS-05004: Cannot find listener endpoint for listener TNS_ADMIN
Errors in file /u01/app/oracle/diag/rdbms/ttprod/ttprod1/trace/ttprod1_ora_75809.trc
Undo initialization finished
Undo initialization finished
ARC0: Archival started
ORA-09318: slkhst: unable to host out to operating system
Thread 1 advanced to log sequence 852
INS-40707: Grid Naming Service (GNS) Virtual IP Address APP_USER42 cannot be resolved.
Completed checkpoint up to RBA
ARC0: Archival started
Thread 1 advanced to log sequence 528
Current log# 293 seq# 6152 mem# 0
Beginning log switch checkpoint up to RBA
DRG-11603: URL store: payment required to access pg_toast_12345
Errors in file /u01/app/oracle/diag/rdbms/ttprod/ttprod1/trace/ttprod1_ora_14867.trc
Beginning log switch checkpoint up to RBA
Starting background process VKTM
ARC0: Archival started
Beginning log switch checkpoint up to RBA
RMAN-03028: fatal error code for command ttprod1 : number
Current log# 623 seq# 5142 mem# 0
Starting background process VKTM
Starting background process VKTM
CLST-01301: successfully deleted NETWORK_OPS.SIM_INVENTORY of SYSAUX configuration values
Current log# 102 seq# 6423 mem# 0
Archived Log entry 794 added for thread 1 sequence 5275
Thread 1 advanced to log sequence 118
Undo initialization finished
ARC0: Archival started
DRG-10860: All expressions under the same WITHIN must use the same predefined scoring component
Beginning log switch checkpoint up to RBA
Beginning log switch checkpoint up to RBA
ORA-02158: invalid CREATE INDEX option
Starting background process VKTM
ARC0: Archival started
Archived Log entry 970 added for thread 1 sequence 5100
Undo initialization finished
ORA-00023: session references process private memory; cannot detach session
Thread 1 advanced to log sequence 724
Undo initialization finished
DRG-51022: undefined error in stemmer
ARC0: Archival started
Undo initialization finished
ORA-15068: maximum number of diskgroups /u01/app/oracle/oradata/ttprod/users01.dbf already mounted
Errors in file /u01/app/oracle/diag/rdbms/ttprod/ttprod1/trace/ttprod1_ora_37740.trc
Archived Log entry 177 added for thread 1 sequence 9731
Thread 1 advanced to log sequence 735
Completed checkpoint up to RBA
Archived Log entry 544 added for thread 1 sequence 5947
DIA-48154: reached end of file for alert log
Beginning log switch checkpoint up to RBA
Archived Log entry 40 added for thread 1 sequence 4338
Archived Log entry 659 added for thread 1 sequence 1994
Thread 1 advanced to log sequence 823
ORA-02723: osnpui: cannot send break signal
Starting background process VKTM
ARC0: Archival started
ARC0: Archival started
Current log# 705 seq# 6872 mem# 0
Beginning log switch checkpoint up to RBA
ORA-00321: log 1024 of thread session_1123 , cannot update log file header
Completed checkpoint up to RBA
ARC0: Archival started
Thread 1 advanced to log sequence 656
ARC0: Archival started
Archived Log entry 434 added for thread 1 sequence 3414
NNO-00613: disabling FORWARDING-DESIRED on system queries
Completed checkpoint up to RBA
Starting background process VKTM
ARC0: Archival started
Starting background process VKTM
Starting background process VKTM
ORA-12230: TNS:Severe Network error occurred in making this connection
Archived Log entry 692 added for thread 1 sequence 2282
Current log# 426 seq# 9056 mem# 0
Archived Log entry 981 added for thread 1 sequence 1969
ORA-01124: cannot recover data file DATA_TS01 - file is in use or recovery
ARC0: Archival started
ARC0: Archival started
ORA-36410: (VCACHE03) ' number ' is an invalid value for the $VARCACHE property. The only permissible values are 'DEFAULT', 'SESSION', 'VARIABLE', and 'NONE'.
Archived Log entry 205 added for thread 1 sequence 4864
Undo initialization finished
ARC0: Archival started
Thread 1 advanced to log sequence 330
QSM-01127: query rewritten with materialized view(s), SYSAUX
Errors in file /u01/app/oracle/diag/rdbms/ttprod/ttprod1/trace/ttprod1_ora_58249.trc
Current log# 766 seq# 6056 mem# 0
Thread 1 advanced to log sequence 474
Completed checkpoint up to RBA
PCC-00110: Oracle extension to the WHENEVER statement
Undo initialization finished
Completed checkpoint up to RBA
Starting background process VKTM
Archived Log entry 100 added for thread 1 sequence 3025
Completed checkpoint up to RBA
OCI-31185: DOM Nodes do not belong to the same DOM Document
Errors in file /u01/app/oracle/diag/rdbms/ttprod/ttprod1/trace/ttprod1_ora_99189.trc
Thread 1 advanced to log sequence 750
ARC0: Archival started
ORA-29296: invalid encoded ttprod1
Beginning log switch checkpoint up to RBA
Thread 1 advanced to log sequence 620
Starting background process VKTM
Undo initialization finished
Archived Log entry 231 added for thread 1 sequence 9744
CRS-02114: Failed to import Oracle Local Registry from file 1024
ARC0: Archival started
Beginning log switch checkpoint up to RBA
Completed checkpoint up to RBA
NNO-00258: cannot load configuration from configuration database
Archived Log entry 399 added for thread 1 sequence 1391
Undo initialization finished
Undo initialization finished
Completed checkpoint up to RBA
Starting background process VKTM
ORA-26059: Data is too large for column large pool
Beginning log switch checkpoint up to RBA
ARC0: Archival started
Thread 1 advanced to log sequence 720
Beginning log switch checkpoint up to RBA
Starting background process VKTM
PRCT-01100: Failed to retrieve ACFS active version for local node
Completed checkpoint up to RBA
ORA-37117: olapi history retention has been disabled
Current log# 552 seq# 5917 mem# 0
ORA-31628: error getting worker process exception
Errors in file /u01/app/oracle/diag/rdbms/ttprod/ttprod1/trace/ttprod1_ora_81137.trc
Current log# 406 seq# 4407 mem# 0
Completed checkpoint up to RBA
ARC0: Archival started
Undo initialization finished
ORA-02840: Open of log file by client failed
Errors in file /u01/app/oracle/diag/rdbms/ttprod/ttprod1/trace/ttprod1_ora_16473.trc
Current log# 888 seq# 2081 mem# 0
TNS-12528: TNS:listener: all appropriate instances are blocking new connections
Starting background process VKTM
Undo initialization finished
ORA-07478: scgcmn: cannot get lock status.
Beginning log switch checkpoint up to RBA
ARC0: Archival started
Completed checkpoint up to RBA
Undo initialization finished
RMAN-06948: searching flashback logs for block images
ARC0: Archival started
Current log# 528 seq# 6970 mem# 0
ORA-01932: ADMIN option not granted for role ' CDR_STAGING '
ARC0: Archival started
Undo initialization finished
Current log# 312 seq# 3618 mem# 0
ARC0: Archival started
Archived Log entry 683 added for thread 1 sequence 5494
NNF-04000: File succesfully converted
Thread 1 advanced to log sequence 816
ORA-00327: log SP2-0552 of thread pk_orders , physical size ttprod1 less than needed CRM.CALL_DETAIL_RECORDS
ARC0: Archival started
ORA-27127: unable to unlock shared memory segment
ARC0: Archival started
Starting background process VKTM
Thread 1 advanced to log sequence 169
ARC0: Archival started
Undo initialization finished
RMAN-05555: Not connected to TARGET or TARGET not open, cannot verify that subset of tablespaces is self-contained
ARC0: Archival started
Beginning log switch checkpoint up to RBA
Thread 1 advanced to log sequence 633
Beginning log switch checkpoint up to RBA
Undo initialization finished
ORA-33052: (XSAGDNGL25) AGGMAP workspace object is a dimensioned AGGMAP; it can only be used to aggregate like-dimensioned variables.
Undo initialization finished
Thread 1 advanced to log sequence 934
ORA-38715: Invalid log number specified in the DUMP FLASHBACK command.
Current log# 380 seq# 3247 mem# 0
XOQ-01204: metadata problem for MdmListDimension " pk_orders "
ARC0: Archival started
Starting background process VKTM
ARC0: Archival started
Beginning log switch checkpoint up to RBA
ORA-06143: NETTCP: maximum connections exceeded
Current log# 101 seq# 5308 mem# 0
TNS-00070: INTCTL usage: [intctl] <command> <process_name> [argument]
Archived Log entry 243 added for thread 1 sequence 1281
Current log# 845 seq# 5127 mem# 0
Archived Log entry 799 added for thread 1 sequence 7305
PGU-41025: invalid VERSION number specified
Beginning log switch checkpoint up to RBA
ORA-47033: Factor link for BILLING.CUST_ORDERS and shared pool is referred by one or more identity maps.
Archived Log entry 986 added for thread 1 sequence 9831
Undo initialization finished
Current log# 87 seq# 1828 mem# 0
ARC0: Archival started
Thread 1 advanced to log sequence 345
ORA-39783: Invalid direct path transaction active
Beginning log switch checkpoint up to RBA
Archived Log entry 920 added for thread 1 sequence 8524
ARC0: Archival started
KUP-04109: specified path for directory object " USERS " is invalid
Thread 1 advanced to log sequence 671
Completed checkpoint up to RBA
Thread 1 advanced to log sequence 26
Starting background process VKTM
Undo initialization finished
RMAN-08035: partial resync skipped, target database not mounted
Current log# 449 seq# 1901 mem# 0
Thread 1 advanced to log sequence 882
ARC0: Archival started
Undo initialization finished
RMAN-06120: uncataloged archived log
Current log# 520 seq# 4456 mem# 0
Current log# 243 seq# 9283 mem# 0
ORA-26853: invalid cca maximum percentage SP2-0552
Beginning log switch checkpoint up to RBA
Beginning log switch checkpoint up to RBA
Current log# 370 seq# 4893 mem# 0
RMAN-08616: validating blocks UNDOTBS1 through SYSAUX
Errors in file /u01/app/oracle/diag/rdbms/ttprod/ttprod1/trace/ttprod1_ora_82999.trc
Current log# 14 seq# 5617 mem# 0
Beginning log switch checkpoint up to RBA
Archived Log entry 515 added for thread 1 sequence 3180
Current log# 877 seq# 8074 mem# 0
Undo initialization finished
DRG-13011: language column must be specified when using the multi lexer
Thread 1 advanced to log sequence 57
Thread 1 advanced to log sequence 539
Undo initialization finished
ARC0: Archival started
Archived Log entry 610 added for thread 1 sequence 5042
PRVF-05713: Command "{0}" executed on node "{1}" produced no output
Completed checkpoint up to RBA
Undo initialization finished
Thread 1 advanced to log sequence 709
KUP-04102: record number discarded from file 42
Errors in file /u01/app/oracle/diag/rdbms/ttprod/ttprod1/trace/ttprod1_ora_19656.trc
Archived Log entry 439 added for thread 1 sequence 4399
ARC0: Archival started
Starting background process VKTM
INS-35373: Single-instance database not detected
Starting background process VKTM
Beginning log switch checkpoint up to RBA
Thread 1 advanced to log sequence 19
ORA-02433: cannot disable primary key - primary key not defined for table
Completed checkpoint up to RBA
Current log# 110 seq# 9598 mem# 0
Archived Log entry 581 added for thread 1 sequence 4799
ORA-16276: specified database link does not correspond to primary database
Current log# 778 seq# 3618 mem# 0
ORA-31099: XDB Security Internal Error
Thread 1 advanced to log sequence 780
INS-40711: Cluster Name is blank.
Thread 1 advanced to log sequence 333
ARC0: Archival started
ARC0: Archival started
Current log# 776 seq# 1957 mem# 0
Starting background process VKTM
RMAN-00601: fatal error in recovery manager
Current log# 767 seq# 3403 mem# 0
Beginning log switch checkpoint up to RBA
ARC0: Archival started
Thread 1 advanced to log sequence 171
Current log# 428 seq# 9852 mem# 0
PRCR-01029: Attribute {0} does not exist in resource {1} definition
Errors in file /u01/app/oracle/diag/rdbms/ttprod/ttprod1/trace/ttprod1_ora_49974.trc
Starting background process VKTM
Completed checkpoint up to RBA
Undo initialization finished
DRG-10518: an operation is in progress which conflicts with BILLING.CUST_ORDERS request
Starting background process VKTM
ARC0: Archival started
Starting background process VKTM
Thread 1 advanced to log sequence 578
ORA-19686: SPFILE not restored due to idx_users_email
Errors in file /u01/app/oracle/diag/rdbms/ttprod/ttprod1/trace/ttprod1_ora_98759.trc
Beginning log switch checkpoint up to RBA
ORA-02794: Client unable to get key for shared memory
Archived Log entry 90 added for thread 1 sequence 7004
Current log# 195 seq# 6843 mem# 0
RMAN-08074: crosschecked backup piece: found to be ' 3 '
Archived Log entry 446 added for thread 1 sequence 9182
NNF-01002: DCE could not open configuration file
Undo initialization finished
ORA-25304: Cannot use priority order queues for capture LCRs
Beginning log switch checkpoint up to RBA
ORA-10632: Invalid rowid
Completed checkpoint up to RBA
RMAN-08074: crosschecked backup piece: found to be ' CRM.CALL_DETAIL_RECORDS '
Errors in file /u01/app/oracle/diag/rdbms/ttprod/ttprod1/trace/ttprod1_ora_42984.trc
Thread 1 advanced to log sequence 982
ORA-39903: IOT Partition reporting_schema . 1024 is partially contained in the transportable set.
Beginning log switch checkpoint up to RBA
ARC0: Archival started
Completed checkpoint up to RBA
XOQ-01204: metadata problem for MdmListDimension " 1024 "
Errors in file /u01/app/oracle/diag/rdbms/ttprod/ttprod1/trace/ttprod1_ora_83334.trc
Thread 1 advanced to log sequence 779
Starting background process VKTM
Completed checkpoint up to RBA
PGU-41082: data definition BILLING.CUST_ORDERS version number updated in PG DD
Beginning log switch checkpoint up to RBA
Current log# 836 seq# 9297 mem# 0
Thread 1 advanced to log sequence 677
Undo initialization finished
Current log# 648 seq# 5376 mem# 0
PRCD-01086: Invalid rlb goal {0}
Undo initialization finished
Archived Log entry 950 added for thread 1 sequence 1109
Undo initialization finished
NZE-28818: No package context provided.
Starting background process VKTM
Completed checkpoint up to RBA
ARC0: Archival started
Archived Log entry 238 added for thread 1 sequence 5229
ORA-16242: Processing log file (thread# 42 , sequence# 3 )
Completed checkpoint up to RBA
Archived Log entry 84 added for thread 1 sequence 2332
Completed checkpoint up to RBA
Completed checkpoint up to RBA
QSM-01113: HAVING clause of mv, NETWORK_OPS.SIM_INVENTORY , is more restrictive than query
ARC0: Archival started
Starting background process VKTM
Archived Log entry 845 added for thread 1 sequence 3479
ORA-43750: invalid or illegal combination of COMMIT WRITE options
Errors in file /u01/app/oracle/diag/rdbms/ttprod/ttprod1/trace/ttprod1_ora_51211.trc
Starting background process VKTM
RMAN-06514: archived logs required to recover from this copy will not be kept
Thread 1 advanced to log sequence 425
Archived Log entry 608 added for thread 1 sequence 4843
Undo initialization finished
ORA-01088: shutdown in progress - operation not permitted until restart
Thread 1 advanced to log sequence 802
Thread 1 advanced to log sequence 968
Beginning log switch checkpoint up to RBA
Completed checkpoint up to RBA
Beginning log switch checkpoint up to RBA
ORA-27231: unable to close file
Errors in file /u01/app/oracle/diag/rdbms/ttprod/ttprod1/trace/ttprod1_ora_21024.trc
Undo initialization finished
ARC0: Archival started
Current log# 593 seq# 5367 mem# 0
ORA-15078: ASM diskgroup was forcibly dismounted
Beginning log switch checkpoint up to RBA
Archived Log entry 839 added for thread 1 sequence 8375
TNS-12681: Login failed: the SecurID card does not have a pincode yet
Current log# 58 seq# 4825 mem# 0
Undo initialization finished
ORA-27030: skgfwrt: sbtwrite2 returned error
Beginning log switch checkpoint up to RBA
Beginning log switch checkpoint up to RBA
RMAN-06716: skipping datafile number ; already restored to file session_1123
Current log# 832 seq# 2360 mem# 0
RMAN-08166: validation succeeded for datafile copy and control file copy
ARC0: Archival started
Starting background process VKTM
ARC0: Archival started
Current log# 552 seq# 6931 mem# 0
Completed checkpoint up to RBA
NZE-29041: The callback is NULL.
Starting background process VKTM
Undo initialization finished
Archived Log entry 109 added for thread 1 sequence 9337
ARC0: Archival started
PGU-41083: data definition ttstandby01 version number deleted from PG DD
Starting background process VKTM
Starting background process VKTM
Current log# 688 seq# 8080 mem# 0
Starting background process VKTM
ARC0: Archival started
NNO-00300: no listen addresses specified, at least one is required
Current log# 740 seq# 7161 mem# 0
Undo initialization finished
Undo initialization finished
Thread 1 advanced to log sequence 311
RMAN-06158: validation succeeded for archived log
Starting background process VKTM
Starting background process VKTM
Starting background process VKTM
Starting background process VKTM
Completed checkpoint up to RBA
ORA-12414: internal LBAC error: 3 Error: fk_order_customer
Beginning log switch checkpoint up to RBA
ORA-08499: Warning: picture mask options ' USERS ' ignored by UTL_PG
Archived Log entry 216 added for thread 1 sequence 5707
Undo initialization finished
ARC0: Archival started
Current log# 805 seq# 5721 mem# 0
ORA-48495: Interrupt requested
Errors in file /u01/app/oracle/diag/rdbms/ttprod/ttprod1/trace/ttprod1_ora_47689.trc
Starting background process VKTM
Undo initialization finished
Archived Log entry 970 added for thread 1 sequence 2664
Current log# 676 seq# 2786 mem# 0
Undo initialization finished
CLSR-00501: Error number encountered when connecting to EVM daemon
Errors in file /u01/app/oracle/diag/rdbms/ttprod/ttprod1/trace/ttprod1_ora_78504.trc
Beginning log switch checkpoint up to RBA
Completed checkpoint up to RBA
Thread 1 advanced to log sequence 393
ORA-02337: not an object type column
Undo initialization finished
Archived Log entry 291 added for thread 1 sequence 3605
Completed checkpoint up to RBA
Starting background process VKTM
ARC0: Archival started
ORA-14119: specified partition bound is too long
ARC0: Archival started
Thread 1 advanced to log sequence 642
ARC0: Archival started
Starting background process VKTM
ORA-39028: cannot restart job from 5000 state
Errors in file /u01/app/oracle/diag/rdbms/ttprod/ttprod1/trace/ttprod1_ora_91287.trc
ARC0: Archival started
Undo initialization finished
Starting background process VKTM
Starting background process VKTM
Starting background process VKTM
RMAN-11002: could not open a cursor to the target database
Errors in file /u01/app/oracle/diag/rdbms/ttprod/ttprod1/trace/ttprod1_ora_93365.trc
Thread 1 advanced to log sequence 572
Thread 1 advanced to log sequence 22
Beginning log switch checkpoint up to RBA
Archived Log entry 462 added for thread 1 sequence 3354
NNL-00305: Server dumping statistics to the log file
Thread 1 advanced to log sequence 952
ARC0: Archival started
Starting background process VKTM
Completed checkpoint up to RBA
Completed checkpoint up to RBA
NNO-00607: server will forward to default forwarders only
Undo initialization finished
Beginning log switch checkpoint up to RBA
Thread 1 advanced to log sequence 649
Beginning log switch checkpoint up to RBA
ARC0: Archival started
PRCH-01007: Failed to stop Listener
Undo initialization finished
Current log# 885 seq# 5301 mem# 0
ORA-30483: window functions are not allowed here
Completed checkpoint up to RBA
ORA-14096: tables in ALTER TABLE EXCHANGE PARTITION must have the same number of columns
Beginning log switch checkpoint up to RBA
ORA-12437: invalid policy option: _SYSSMU12$
Undo initialization finished
Completed checkpoint up to RBA
Undo initialization finished
Undo initialization finished
ORA-24012: cannot drop QUEUE_TABLE, some queues in TNS_ADMIN have not been dropped
ARC0: Archival started
CLSS-00001: skgxn not active
Thread 1 advanced to log sequence 95
Starting background process VKTM
Thread 1 advanced to log sequence 627
Undo initialization finished
PLS-00304: cannot compile body of ' USERS ' without its specification
Beginning log switch checkpoint up to RBA
Current log# 143 seq# 7323 mem# 0
Current log# 838 seq# 1228 mem# 0
Beginning log switch checkpoint up to RBA
Beginning log switch checkpoint up to RBA
PGA-20919: receive length number number is number but only number bytes are left in the buffer
Completed checkpoint up to RBA
Starting background process VKTM
Archived Log entry 493 added for thread 1 sequence 3571
INS-30081: ttprod1 could not be resolved using TCP/IP host name lookup. Provide valid name that can be resolvable using TCP/IP host name lookup.
Errors in file /u01/app/oracle/diag/rdbms/ttprod/ttprod1/trace/ttprod1_ora_32518.trc
Archived Log entry 806 added for thread 1 sequence 9859
Completed checkpoint up to RBA
CLST-01304: node deletion successful
Errors in file /u01/app/oracle/diag/rdbms/ttprod/ttprod1/trace/ttprod1_ora_84907.trc
Beginning log switch checkpoint up to RBA
Beginning log switch checkpoint up to RBA
Thread 1 advanced to log sequence 772
DRG-50857: oracle error in pk_orders
Undo initialization finished
Current log# 565 seq# 1816 mem# 0
Undo initialization finished
Starting background process VKTM
Undo initialization finished
RMAN-06541: Tablespace ttprod2 will be included in future whole database backups
Current log# 445 seq# 5145 mem# 0
PCC-02331: undefined SQL identifier
Beginning log switch checkpoint up to RBA
Thread 1 advanced to log sequence 120
Undo initialization finished
RMAN-08057: channel 42 : backup cancelled because all files were skipped
Archived Log entry 765 added for thread 1 sequence 9724
ARC0: Archival started
Undo initialization finished
Thread 1 advanced to log sequence 76
Thread 1 advanced to log sequence 242
ORA-53049: unsupported <ATTRIBUTE_TAG> tag value: BILLING.CUST_ORDERS
Thread 1 advanced to log sequence 576
ORA-19763: compatibility version 5000 is higher than maximum allowed: _SYSSMU7$
Beginning log switch checkpoint up to RBA
PGA-21108: cold start complete for local LU ttprod1
ARC0: Archival started
Beginning log switch checkpoint up to RBA
Completed checkpoint up to RBA
Completed checkpoint up to RBA
TNS-00120: Missing PUMPS in INTCHG.ORA
Completed checkpoint up to RBA
Undo initialization finished
Completed checkpoint up to RBA
ARC0: Archival started
PGA-21109: local log name is x' ttprod2 '
Thread 1 advanced to log sequence 379
Beginning log switch checkpoint up to RBA
Current log# 370 seq# 7021 mem# 0
Current log# 515 seq# 4989 mem# 0
Thread 1 advanced to log sequence 754
ORA-36395: (XSMXCLEA05) To CLEAR ALL AGGREGATES from workspace object , you must specify an AGGMAP.
Beginning log switch checkpoint up to RBA
Undo initialization finished
RMAN-08544: channel SYSAUX : specifying archived log(s) for proxy restore
ARC0: Archival started
OCI-21611: key length [ 5000 ] is invalid
Starting background process VKTM
Thread 1 advanced to log sequence 199
Thread 1 advanced to log sequence 556
Undo initialization finished
TNS-12625: TNS:missing argument
Completed checkpoint up to RBA
Undo initialization finished
Beginning log switch checkpoint up to RBA
NNL-00239: Resetting of statistic counters is now disabled
Completed checkpoint up to RBA
Completed checkpoint up to RBA
Beginning log switch checkpoint up to RBA
RMAN-05592: Dropping offline and skipped tablespaces
Beginning log switch checkpoint up to RBA
Archived Log entry 403 added for thread 1 sequence 5180
Current log# 384 seq# 6818 mem# 0
ARC0: Archival started
ORA-29475: useLogonRoles=>TRUE not permitted with userid=>NULL
Errors in file /u01/app/oracle/diag/rdbms/ttprod/ttprod1/trace/ttprod1_ora_80184.trc
Completed checkpoint up to RBA
ORA-48167: invalid argument for checking ADR initialization
Errors in file /u01/app/oracle/diag/rdbms/ttprod/ttprod1/trace/ttprod1_ora_28796.trc
Completed checkpoint up to RBA
Archived Log entry 986 added for thread 1 sequence 8795
Beginning log switch checkpoint up to RBA
Thread 1 advanced to log sequence 703
Completed checkpoint up to RBA
RMAN-06899: updating recovery catalog with new database incarnation
Current log# 3 seq# 2450 mem# 0
Beginning log switch checkpoint up to RBA
RMAN-06570: datafile number switched to datafile copy " ttprod1 "
Beginning log switch checkpoint up to RBA
Archived Log entry 254 added for thread 1 sequence 9066
Completed checkpoint up to RBA
Thread 1 advanced to log sequence 644
PGU-35014: missing parm entry for transaction 3 reporting_schema ( UNDOTBS1 ) call CDR_STAGING 1024 ( DATA_TS01 )
Errors in file /u01/app/oracle/diag/rdbms/ttprod/ttprod1/trace/ttprod1_ora_98576.trc
Undo initialization finished
PRIF-00029: Warning: wildcard in network parameters can cause mismatch among GPnP profile, OCR, and system
Completed checkpoint up to RBA
Completed checkpoint up to RBA
PROC-00003: Cannot perform cluster registry operation because context is invalid.
Thread 1 advanced to log sequence 408
Thread 1 advanced to log sequence 645
Starting background process VKTM
Thread 1 advanced to log sequence 166
Archived Log entry 253 added for thread 1 sequence 2425
ORA-16202: Skip procedure requested to replace statement
Thread 1 advanced to log sequence 294
Starting background process VKTM
Undo initialization finished
Beginning log switch checkpoint up to RBA
RMAN-06812: specification does not match any backup in the repository
ARC0: Archival started
Thread 1 advanced to log sequence 958
Thread 1 advanced to log sequence 372
ARC0: Archival started
RMAN-06145: control file is not current - obsolete file list may be incomplete
Completed checkpoint up to RBA
Beginning log switch checkpoint up to RBA
Beginning log switch checkpoint up to RBA
Archived Log entry 790 added for thread 1 sequence 9447
Undo initialization finished
ORA-29398: invalid privilege name specified
Undo initialization finished
RMAN-06452: pk_orders package upgraded to version TNS_ADMIN
Current log# 534 seq# 5661 mem# 0
Beginning log switch checkpoint up to RBA
Undo initialization finished
Completed checkpoint up to RBA
NNO-00066: server will perform reload check of administrative region in number seconds
Errors in file /u01/app/oracle/diag/rdbms/ttprod/ttprod1/trace/ttprod1_ora_68599.trc
Beginning log switch checkpoint up to RBA
Completed checkpoint up to RBA
Undo initialization finished
Thread 1 advanced to log sequence 863
RMAN-06716: skipping datafile number ; already restored to file SP2-0552
Beginning log switch checkpoint up to RBA
Thread 1 advanced to log sequence 865
Thread 1 advanced to log sequence 202
Thread 1 advanced to log sequence 220
ORA-01097: cannot shutdown while in a transaction - commit or rollback first
Thread 1 advanced to log sequence 790
Beginning log switch checkpoint up to RBA
ORA-14209: subpartitions being merged are not adjacent
Errors in file /u01/app/oracle/diag/rdbms/ttprod/ttprod1/trace/ttprod1_ora_67890.trc
Beginning log switch checkpoint up to RBA
Beginning log switch checkpoint up to RBA
Completed checkpoint up to RBA
Archived Log entry 680 added for thread 1 sequence 1764
ORA-04098: Trigger is invalid and failed re-validation
Completed checkpoint up to RBA
Beginning log switch checkpoint up to RBA
ARC0: Archival started
Archived Log entry 945 added for thread 1 sequence 5233
Archived Log entry 540 added for thread 1 sequence 5974
NZE-29104: Cannot add certificate request.
Errors in file /u01/app/oracle/diag/rdbms/ttprod/ttprod1/trace/ttprod1_ora_51702.trc
ARC0: Archival started
Archived Log entry 950 added for thread 1 sequence 5222
INS-32053: The specified Oracle home name already exists.
Thread 1 advanced to log sequence 103
ARC0: Archival started
Archived Log entry 28 added for thread 1 sequence 1596
ORA-13853: Tracing for service (module/action) pk_orders is already enabled
Completed checkpoint up to RBA
Thread 1 advanced to log sequence 253
ARC0: Archival started
ORA-12078: fast refresh of refresh group ID CDR_STAGING failed
Errors in file /u01/app/oracle/diag/rdbms/ttprod/ttprod1/trace/ttprod1_ora_48002.trc
ARC0: Archival started
Archived Log entry 508 added for thread 1 sequence 6589
Archived Log entry 502 added for thread 1 sequence 1817
Beginning log switch checkpoint up to RBA
Completed checkpoint up to RBA
DRG-12605: datatype of column number in COLUMNS list is not supported
Starting background process VKTM
ARC0: Archival started
NNO-00604: disabling all request processing
Thread 1 advanced to log sequence 579
Undo initialization finished
ORA-15274: Not enough failgroups ( /u01/app/oracle/oradata/ttprod/users01.dbf ) to create voting files
Current log# 40 seq# 3988 mem# 0
ORA-12900: must specify a default temporary tablespace for a locally managed database
Thread 1 advanced to log sequence 743
Current log# 646 seq# 4289 mem# 0
Beginning log switch checkpoint up to RBA
Current log# 347 seq# 3604 mem# 0
NZE-29131: pkcs11 certificate label already set in wallet
Starting background process VKTM
ARC0: Archival started
Completed checkpoint up to RBA
ARC0: Archival started
Starting background process VKTM
PGU-41048: CALL parameter was previously specified
Current log# 468 seq# 7381 mem# 0
LCD-00205: unbalanced parentheses [ reporting_schema ]
Beginning log switch checkpoint up to RBA
Starting background process VKTM
Archived Log entry 260 added for thread 1 sequence 5157
ORA-12473: The procedure is disabled when Label Security is used with OID.
Current log# 45 seq# 9370 mem# 0
CLST-02903: unable to allocate SP2-0552 bytes of memory at location: ttstandby01
Completed checkpoint up to RBA
ARC0: Archival started
Completed checkpoint up to RBA
ORA-01036: illegal variable name/number
Undo initialization finished
Undo initialization finished
TNS-00136: Did not register product/facility for TNS error message
Errors in file /u01/app/oracle/diag/rdbms/ttprod/ttprod1/trace/ttprod1_ora_47666.trc
Archived Log entry 622 added for thread 1 sequence 3350
Beginning log switch checkpoint up to RBA
Undo initialization finished
ORA-32145: Environment not specified
Undo initialization finished
Undo initialization finished
Starting background process VKTM
ORA-36394: (XSMXCLEA04) When using CLEAR on the AGGMAP workspace object , CACHE is the only valid directive.
ARC0: Archival started
Thread 1 advanced to log sequence 364
ORA-41610: callback procedure name already used for an existing object
Archived Log entry 582 added for thread 1 sequence 2021
DIA-49409: Incremental package provided when complete expected
Archived Log entry 900 added for thread 1 sequence 1957
Starting background process VKTM
ORA-00233: copy control file is corrupt or unreadable
Archived Log entry 7 added for thread 1 sequence 7057
ARC0: Archival started
Archived Log entry 880 added for thread 1 sequence 2388
ORA-44311: service _SYSSMU12$ not running
Archived Log entry 689 added for thread 1 sequence 1002
Thread 1 advanced to log sequence 219
ORA-06922: CMX: bad write length
ARC0: Archival started
Starting background process VKTM
Current log# 429 seq# 9253 mem# 0
ORA-06703: TLI Driver: send break message failed
ARC0: Archival started
Starting background process VKTM
Starting background process VKTM
Starting background process VKTM
PGU-00386: could not open toolkit resource file, ttprod1
ARC0: Archival started
Archived Log entry 914 added for thread 1 sequence 4927
Thread 1 advanced to log sequence 390
Current log# 861 seq# 9451 mem# 0
ORA-54502: solid not closed
Beginning log switch checkpoint up to RBA
Completed checkpoint up to RBA
ARC0: Archival started
ORA-17520: data file APP_USER42 cannot be added to repopulation
Completed checkpoint up to RBA
Current log# 771 seq# 3569 mem# 0
Starting background process VKTM
Current log# 830 seq# 7985 mem# 0
Thread 1 advanced to log sequence 922
ORA-32164: Method called on Invalid Connection type
Completed checkpoint up to RBA
Completed checkpoint up to RBA
Starting background process VKTM
ARC0: Archival started
ORA-30489: Cannot have more than one rollup/cube expression list
Errors in file /u01/app/oracle/diag/rdbms/ttprod/ttprod1/trace/ttprod1_ora_46644.trc
Thread 1 advanced to log sequence 462
Thread 1 advanced to log sequence 581
Undo initialization finished
DIA-51702: Could not find file at URL provided
Errors in file /u01/app/oracle/diag/rdbms/ttprod/ttprod1/trace/ttprod1_ora_50545.trc
Thread 1 advanced to log sequence 974
Current log# 269 seq# 6077 mem# 0
Current log# 198 seq# 9641 mem# 0
Starting background process VKTM
RMAN-08526: channel 3 : large pool
Current log# 827 seq# 1835 mem# 0
PCC-02459: Number of outlines has exceeded the limit
Current log# 338 seq# 4448 mem# 0
Completed checkpoint up to RBA
Thread 1 advanced to log sequence 2
Beginning log switch checkpoint up to RBA
Starting background process VKTM
RMAN-08506: input file name= 1024
Current log# 636 seq# 6837 mem# 0
Archived Log entry 978 added for thread 1 sequence 1471
Undo initialization finished
ARC0: Archival started
Completed checkpoint up to RBA
TNS-00516: Permission denied
ARC0: Archival started
Beginning log switch checkpoint up to RBA
ARC0: Archival started
ORA-25318: Propagation stopped because of instance affinity change
Thread 1 advanced to log sequence 238
Starting background process VKTM
Undo initialization finished
TNS-01016: change_password [<listener_name>]: changes the password of the listener
Errors in file /u01/app/oracle/diag/rdbms/ttprod/ttprod1/trace/ttprod1_ora_35044.trc
Undo initialization finished
ARC0: Archival started
RMAN-08589: channel CRM.CALL_DETAIL_RECORDS : starting datafile conversion
Starting background process VKTM
Current log# 176 seq# 8768 mem# 0
ORA-40204: model fk_order_customer already exists
Current log# 574 seq# 9779 mem# 0
Current log# 423 seq# 4755 mem# 0
Undo initialization finished
Thread 1 advanced to log sequence 877
PLS-00364: loop index variable ' ttprod1 ' use is invalid
Undo initialization finished
Thread 1 advanced to log sequence 933
Completed checkpoint up to RBA
Undo initialization finished
ORA-01563: rollback segment is PUBLIC, need to use the keyword PUBLIC
Thread 1 advanced to log sequence 315
ARC0: Archival started
Archived Log entry 75 added for thread 1 sequence 4664
ORA-24276: function ' INVOICE_LINES_IDX ' output ' CDR_STAGING ' maximum value exceeded
ARC0: Archival started
ARC0: Archival started
Current log# 686 seq# 3660 mem# 0
Beginning log switch checkpoint up to RBA
Beginning log switch checkpoint up to RBA
ORA-55337: a virtual model or rules index with the name 1024 already exists
Errors in file /u01/app/oracle/diag/rdbms/ttprod/ttprod1/trace/ttprod1_ora_72335.trc
Starting background process VKTM
Beginning log switch checkpoint up to RBA
Current log# 828 seq# 9902 mem# 0
Beginning log switch checkpoint up to RBA
ARC0: Archival started
PGA-21202: error updating PGA_2PC_LUS row for local LU reporting_schema
Current log# 10 seq# 7066 mem# 0
ARC0: Archival started
CRS-01002: The OCR was restored from file 1024 .
Undo initialization finished
ARC0: Archival started
RMAN-08629: waiting for resources on Oracle Availability Machine for NETWORK_OPS.SIM_INVENTORY channels
Beginning log switch checkpoint up to RBA
LPX-00604: Invalid attribute value '~1S', for attribute '~2s'.
Thread 1 advanced to log sequence 431
ORA-09370: Windows 3.1 Two-Task driver ORACLE task timed out
Completed checkpoint up to RBA
Starting background process VKTM
RMAN-08124: keep attributes for the datafile/control file copy are changed
ARC0: Archival started
Beginning log switch checkpoint up to RBA
Completed checkpoint up to RBA
Completed checkpoint up to RBA
Undo initialization finished
RDJ-00135: invalid stream type:
Undo initialization finished
ARC0: Archival started
Completed checkpoint up to RBA
Beginning log switch checkpoint up to RBA
ORA-29527: created Java source reporting_schema " session_1123 "
ARC0: Archival started
Beginning log switch checkpoint up to RBA
Beginning log switch checkpoint up to RBA
Undo initialization finished
Current log# 986 seq# 9248 mem# 0
DGM-16960: Status not available
Archived Log entry 691 added for thread 1 sequence 8499
ORA-12669: Shared server: outbound protocol does not support proxies
Starting background process VKTM
Thread 1 advanced to log sequence 245
Undo initialization finished
NNO-00316: statistic counter reset disabled
ARC0: Archival started
Archived Log entry 469 added for thread 1 sequence 1307
Undo initialization finished
Beginning log switch checkpoint up to RBA
PGU-41110: field name fk_order_customer appears multiple times in data definition PK_CUSTOMER_ACCOUNTS
Thread 1 advanced to log sequence 845
Undo initialization finished
Starting background process VKTM
ORA-01224: group number in header _SYSSMU7$ does not match GROUP 5000
Beginning log switch checkpoint up to RBA
ARC0: Archival started
ARC0: Archival started
Undo initialization finished
ORA-10568: Failed to allocate recovery state object: out of SGA memory
Errors in file /u01/app/oracle/diag/rdbms/ttprod/ttprod1/trace/ttprod1_ora_49332.trc
Completed checkpoint up to RBA
ARC0: Archival started
Undo initialization finished
Completed checkpoint up to RBA
Completed checkpoint up to RBA
ORA-19667: cannot do incremental restore of datafile pk_orders
Current log# 366 seq# 7123 mem# 0
Beginning log switch checkpoint up to RBA
RMAN-08033: channel BILLING.CUST_ORDERS : including datafile copy of datafile CDR_STAGING in backup set
ARC0: Archival started
Starting background process VKTM
Thread 1 advanced to log sequence 815
Starting background process VKTM
PRKO-02420: VIP is already started on node(s): {0}
Completed checkpoint up to RBA
Completed checkpoint up to RBA
Undo initialization finished
PRKC-01167: Failed to resolve the specified path "{0}" to its physical path on following nodes: "{1}", [{2}]
Errors in file /u01/app/oracle/diag/rdbms/ttprod/ttprod1/trace/ttprod1_ora_91918.trc
Undo initialization finished
Starting background process VKTM
Archived Log entry 215 added for thread 1 sequence 6437
ARC0: Archival started
ORA-24531: Column value authorization is unknown.
Completed checkpoint up to RBA
Starting background process VKTM
Thread 1 advanced to log sequence 821
Thread 1 advanced to log sequence 872
ORA-12169: TNS:Net service name given as connect identifier is too long
Current log# 275 seq# 5936 mem# 0
ARC0: Archival started
Current log# 164 seq# 1770 mem# 0
RMAN-08305: channel pg_toast_12345 : starting to check datafiles
Undo initialization finished
Beginning log switch checkpoint up to RBA
Archived Log entry 596 added for thread 1 sequence 5032
Current log# 437 seq# 7646 mem# 0
ORA-44413: Invalid ACL: Security class of parent ACL must be an ancestor of security class of child ACL
ARC0: Archival started
Beginning log switch checkpoint up to RBA
ORA-29824: operator is invalid
Archived Log entry 886 added for thread 1 sequence 9887
Archived Log entry 599 added for thread 1 sequence 8857
Beginning log switch checkpoint up to RBA
RMAN-06450: crosschecked proxy copy: found to be ' CDR_STAGING '
Current log# 632 seq# 1046 mem# 0
Thread 1 advanced to log sequence 421
Beginning log switch checkpoint up to RBA
Thread 1 advanced to log sequence 602
Archived Log entry 810 added for thread 1 sequence 6044
ORA-39939: More than one set of token tables are used in tablespace 42 .
Errors in file /u01/app/oracle/diag/rdbms/ttprod/ttprod1/trace/ttprod1_ora_18112.trc
Starting background process VKTM
ORA-04089: cannot create triggers on objects owned by SYS
Errors in file /u01/app/oracle/diag/rdbms/ttprod/ttprod1/trace/ttprod1_ora_25282.trc
Current log# 713 seq# 7993 mem# 0
Current log# 388 seq# 2024 mem# 0
Current log# 82 seq# 2607 mem# 0
Thread 1 advanced to log sequence 21
Beginning log switch checkpoint up to RBA
ORA-12813: value for PARALLEL or DEGREE must be greater than 0
Completed checkpoint up to RBA
Thread 1 advanced to log sequence 833
Archived Log entry 385 added for thread 1 sequence 1938
ORA-19874: cannot finish multi-section restore to file _SYSSMU12$
Errors in file /u01/app/oracle/diag/rdbms/ttprod/ttprod1/trace/ttprod1_ora_58997.trc
ARC0: Archival started
Current log# 539 seq# 8688 mem# 0
Beginning log switch checkpoint up to RBA
Thread 1 advanced to log sequence 973
ORA-22375: Event to check for subtypes in complete type tree
Errors in file /u01/app/oracle/diag/rdbms/ttprod/ttprod1/trace/ttprod1_ora_84803.trc
Starting background process VKTM
Starting background process VKTM
Current log# 467 seq# 9834 mem# 0
ORA-22338: must specify CASCADE INCLUDING DATA when altering the final property
Completed checkpoint up to RBA
Undo initialization finished
Starting background process VKTM
Undo initialization finished
Current log# 240 seq# 6065 mem# 0
ORA-26710: incompatible version marker encountered during Capture
Errors in file /u01/app/oracle/diag/rdbms/ttprod/ttprod1/trace/ttprod1_ora_15586.trc
ARC0: Archival started
Archived Log entry 748 added for thread 1 sequence 1464
Starting background process VKTM
Current log# 347 seq# 7034 mem# 0
Beginning log switch checkpoint up to RBA
ORA-26010: Column pg_toast_12345 in table USERS is NOT NULL and is not being loaded
ARC0: Archival started
LSX-00300: group must have name or ref but not both
Starting background process VKTM
Archived Log entry 688 added for thread 1 sequence 9718
Completed checkpoint up to RBA
Archived Log entry 224 added for thread 1 sequence 2670
Beginning log switch checkpoint up to RBA
INS-08106: Unexpected error occurred while loading the view ' 1024 ' associated to state ' app_db '.
Errors in file /u01/app/oracle/diag/rdbms/ttprod/ttprod1/trace/ttprod1_ora_55279.trc
Archived Log entry 905 added for thread 1 sequence 7968
Thread 1 advanced to log sequence 340
Archived Log entry 370 added for thread 1 sequence 5365
ORA-06443: ssvpstev: Incorrect parameter passed to function call
Thread 1 advanced to log sequence 844
Archived Log entry 765 added for thread 1 sequence 2455
ARC0: Archival started
LPX-01026: [XQDY0026] Processing instruction content contains '?>'
Starting background process VKTM
Completed checkpoint up to RBA
Archived Log entry 438 added for thread 1 sequence 8901
Current log# 162 seq# 3997 mem# 0
ARC0: Archival started
ORA-02042: too many distributed transactions
Current log# 702 seq# 6850 mem# 0
PRVF-05314: Could not find CRS, or Oracle Restart, installed on the local node
Beginning log switch checkpoint up to RBA
Thread 1 advanced to log sequence 331
PRVF-07537: User "{0}" does not exist on node "{1}"
Errors in file /u01/app/oracle/diag/rdbms/ttprod/ttprod1/trace/ttprod1_ora_96386.trc
Archived Log entry 950 added for thread 1 sequence 3507
Completed checkpoint up to RBA
Beginning log switch checkpoint up to RBA
UDI-00006: failed to allocate memory of size number
Starting background process VKTM
Thread 1 advanced to log sequence 821
Current log# 451 seq# 9319 mem# 0
XOQ-02510: The SolvedMap for Object " UNDOTBS1 " contains a From Clause with multiple queries
Current log# 767 seq# 9554 mem# 0
Beginning log switch checkpoint up to RBA
ARC0: Archival started
ARC0: Archival started
RMAN-05548: The set of duplicated tablespaces is not self-contained
Undo initialization finished
Completed checkpoint up to RBA
Undo initialization finished
Starting background process VKTM
Beginning log switch checkpoint up to RBA
ORA-38442: The ADT " USERS " is not in a valid state.
Errors in file /u01/app/oracle/diag/rdbms/ttprod/ttprod1/trace/ttprod1_ora_71312.trc
ARC0: Archival started
ARC0: Archival started
ARC0: Archival started
Thread 1 advanced to log sequence 493
ORA-24403: error occured while trying to destroy the connection pool
Errors in file /u01/app/oracle/diag/rdbms/ttprod/ttprod1/trace/ttprod1_ora_29003.trc
Archived Log entry 627 added for thread 1 sequence 3056
ARC0: Archival started
Current log# 460 seq# 2780 mem# 0
Current log# 538 seq# 8176 mem# 0
Starting background process VKTM
ORA-31196: XML nodes over pg_toast_12345 in size cannot be printed
ARC0: Archival started
ORA-38104: Columns referenced in the ON Clause cannot be updated: CRM.CALL_DETAIL_RECORDS
Undo initialization finished
Starting background process VKTM
Archived Log entry 536 added for thread 1 sequence 9690
Thread 1 advanced to log sequence 907
Starting background process VKTM
ORA-41619: rule manager feature currently not supported
Thread 1 advanced to log sequence 690
Beginning log switch checkpoint up to RBA
ORA-39902: Subpartitioned table PK_CUSTOMER_ACCOUNTS . 17 is partially contained in the transportable set.
Undo initialization finished
ORA-31697: aborting operation at process order number APP_USER42
ARC0: Archival started
Starting background process VKTM
RMAN-08629: waiting for resources on Oracle Availability Machine for shared pool channels
Starting background process VKTM
ARC0: Archival started
PRCN-02038: Failed to update Oracle home {0} for listener {1}
Beginning log switch checkpoint up to RBA
ORA-28515: cannot get external object definitions from UNDOTBS1
Errors in file /u01/app/oracle/diag/rdbms/ttprod/ttprod1/trace/ttprod1_ora_86112.trc
Current log# 763 seq# 3396 mem# 0
Archived Log entry 344 added for thread 1 sequence 3028
ORA-54012: virtual column is referenced in a column expression
Errors in file /u01/app/oracle/diag/rdbms/ttprod/ttprod1/trace/ttprod1_ora_81941.trc
ARC0: Archival started
ORA-36989: (XSRELGID23) GROUPSET and ROLLUP options in GROUPINGID require the destination relation.
Errors in file /u01/app/oracle/diag/rdbms/ttprod/ttprod1/trace/ttprod1_ora_99271.trc
Completed checkpoint up to RBA
Archived Log entry 957 added for thread 1 sequence 1940
ARC0: Archival started
Starting background process VKTM
Completed checkpoint up to RBA
ORA-01621: cannot rename member of current log if database is open
Undo initialization finished
Starting background process VKTM
Thread 1 advanced to log sequence 187
ARC0: Archival started
Current log# 956 seq# 1137 mem# 0
ORA-39147: cannot migrate Data Pump queue table ownership to this instance
Beginning log switch checkpoint up to RBA
Archived Log entry 797 added for thread 1 sequence 9948
PRCH-01043: Failed while checking status of database instance "{0}"
Errors in file /u01/app/oracle/diag/rdbms/ttprod/ttprod1/trace/ttprod1_ora_58975.trc
Undo initialization finished
TNS-00582: Receive failed due to timeout
Errors in file /u01/app/oracle/diag/rdbms/ttprod/ttprod1/trace/ttprod1_ora_52327.trc
Starting background process VKTM
Undo initialization finished
Current log# 669 seq# 2257 mem# 0
Archived Log entry 257 added for thread 1 sequence 7283
Completed checkpoint up to RBA
IMP-00012: invalid export mode ( character ) in header
Starting background process VKTM
Archived Log entry 198 added for thread 1 sequence 5070
Archived Log entry 154 added for thread 1 sequence 3773
PCC-02450: Cursor was not declared in scrollable mode
Beginning log switch checkpoint up to RBA
Current log# 272 seq# 5174 mem# 0
Current log# 992 seq# 4233 mem# 0
Completed checkpoint up to RBA
ARC0: Archival started
RMAN-08124: keep attributes for the datafile/control file copy are changed
Errors in file /u01/app/oracle/diag/rdbms/ttprod/ttprod1/trace/ttprod1_ora_26810.trc
Undo initialization finished
Completed checkpoint up to RBA
Starting background process VKTM
Undo initialization finished
RMAN-06491: control file AUTOBACKUP format " 1024 " contains more than one " USERS " format specifier
ARC0: Archival started
Thread 1 advanced to log sequence 312
Current log# 355 seq# 8310 mem# 0
Thread 1 advanced to log sequence 847
Undo initialization finished
PRKO-02115: OC4J is already disabled
Current log# 976 seq# 6287 mem# 0
Starting background process VKTM
Undo initialization finished
CRS-02573: ACL entry for owner field is missing.
Completed checkpoint up to RBA
ORA-00122: cannot initialize network configuration
Errors in file /u01/app/oracle/diag/rdbms/ttprod/ttprod1/trace/ttprod1_ora_73658.trc
Undo initialization finished
Completed checkpoint up to RBA
Completed checkpoint up to RBA
Current log# 883 seq# 7345 mem# 0
Completed checkpoint up to RBA
ORA-15242: could not set attribute 3
Errors in file /u01/app/oracle/diag/rdbms/ttprod/ttprod1/trace/ttprod1_ora_92765.trc
Current log# 853 seq# 8191 mem# 0
Starting background process VKTM
Beginning log switch checkpoint up to RBA
Thread 1 advanced to log sequence 844
ORA-13718: Tuning Package License or Real Application Testing Option is needed for using this feature.
ARC0: Archival started
Beginning log switch checkpoint up to RBA
XOQ-01465: Base cube does not contain dimension "( CRM.CALL_DETAIL_RECORDS )".
Completed checkpoint up to RBA
Completed checkpoint up to RBA
Thread 1 advanced to log sequence 303
ARC0: Archival started
ARC0: Archival started
ORA-13267: error reading data from layer table large pool
Errors in file /u01/app/oracle/diag/rdbms/ttprod/ttprod1/trace/ttprod1_ora_54747.trc
Archived Log entry 688 added for thread 1 sequence 8585
Completed checkpoint up to RBA
LPX-01016: [XQST0016] Module Feature not supported
Current log# 495 seq# 1201 mem# 0
Current log# 726 seq# 3061 mem# 0
Starting background process VKTM
ORA-02190: keyword TABLES expected
ARC0: Archival started
Completed checkpoint up to RBA
Thread 1 advanced to log sequence 621
ORA-02372: data for row: _SYSSMU7$
Archived Log entry 385 added for thread 1 sequence 7294
Starting background process VKTM
Undo initialization finished
Archived Log entry 941 added for thread 1 sequence 6889
ORA-25269: cant specify sognature with get signature option
Errors in file /u01/app/oracle/diag/rdbms/ttprod/ttprod1/trace/ttprod1_ora_42068.trc
Thread 1 advanced to log sequence 996
RMAN-08619: foreign archived log file name= reporting_schema RECID= session_1123 STAMP= SP2-0552
Archived Log entry 636 added for thread 1 sequence 8849
ARC0: Archival started
PLS-00901: the data type of column ' 3 ' of table ' large pool ' is not supported
Starting background process VKTM
ARC0: Archival started
Archived Log entry 657 added for thread 1 sequence 6019
Thread 1 advanced to log sequence 589
RMAN-06913: validate cancelled because there are no files to validate
Undo initialization finished
Completed checkpoint up to RBA
Thread 1 advanced to log sequence 790
Archived Log entry 363 added for thread 1 sequence 6568
PCB-00305: Oracle extension to the COMMIT and ROLLBACK statements
Current log# 805 seq# 2395 mem# 0
Undo initialization finished
Archived Log entry 36 added for thread 1 sequence 3258
Beginning log switch checkpoint up to RBA
ARC0: Archival started
ORA-24482: Pool size was less than 1 in shared mode
Archived Log entry 507 added for thread 1 sequence 4766
Completed checkpoint up to RBA
PGU-41145: default PLSDNAME parameter truncated to _SYSSMU7$
Thread 1 advanced to log sequence 22
Completed checkpoint up to RBA
Starting background process VKTM
DRG-11826: Proxy Authentication Required
Errors in file /u01/app/oracle/diag/rdbms/ttprod/ttprod1/trace/ttprod1_ora_21289.trc
Completed checkpoint up to RBA
Starting background process VKTM
Current log# 921 seq# 3917 mem# 0
Beginning log switch checkpoint up to RBA
Starting background process VKTM
RMAN-06069: the file name for datafile TNS_ADMIN is missing in the control file
Undo initialization finished
ORA-19913: unable to decrypt backup
ARC0: Archival started
ORA-39214: Data Pump does not support external tables with encrypted columns. PK_CUSTOMER_ACCOUNTS will not be exported
Starting background process VKTM
Beginning log switch checkpoint up to RBA
Current log# 829 seq# 9712 mem# 0
ORA-29909: label for the ancillary operator is not a literal number
Archived Log entry 468 added for thread 1 sequence 3646
ORA-19927: CONVERT DATABASE operation cannot proceed
Starting background process VKTM
Current log# 442 seq# 7848 mem# 0
SQL-02144: Invalid ANSI dynamic usage
Errors in file /u01/app/oracle/diag/rdbms/ttprod/ttprod1/trace/ttprod1_ora_76241.trc
ARC0: Archival started
ARC0: Archival started
Thread 1 advanced to log sequence 632
Undo initialization finished
ORA-28533: Heterogeneous Services coercion handling error
Beginning log switch checkpoint up to RBA
Thread 1 advanced to log sequence 561
Beginning log switch checkpoint up to RBA
Archived Log entry 322 added for thread 1 sequence 4860
Thread 1 advanced to log sequence 943
ORA-02800: Requests timed out
Starting background process VKTM
Starting background process VKTM
Beginning log switch checkpoint up to RBA
RMAN-06910: can not invoke parallel recovery for test recovery
Undo initialization finished
Completed checkpoint up to RBA
Starting background process VKTM
Completed checkpoint up to RBA
Beginning log switch checkpoint up to RBA
ORA-30486: invalid window aggregation group in the window specification
Undo initialization finished
Archived Log entry 205 added for thread 1 sequence 6023
Beginning log switch checkpoint up to RBA
RMAN-06181: multiple channels require Enterprise Edition
Beginning log switch checkpoint up to RBA
Undo initialization finished
Completed checkpoint up to RBA
Beginning log switch checkpoint up to RBA
Beginning log switch checkpoint up to RBA
PRCD-01089: Invalid failover method {0}
Thread 1 advanced to log sequence 122
Undo initialization finished
Beginning log switch checkpoint up to RBA
LPX-00320: No more attributes can be added to a non empty element
Thread 1 advanced to log sequence 533
Archived Log entry 668 added for thread 1 sequence 7643
Archived Log entry 999 added for thread 1 sequence 3400
Archived Log entry 272 added for thread 1 sequence 7233
ORA-12494: cannot insert or delete a level, category, or release category
ARC0: Archival started
Starting background process VKTM
Thread 1 advanced to log sequence 645
Completed checkpoint up to RBA
Completed checkpoint up to RBA
ORA-15001: diskgroup " APP_USER42 " does not exist or is not mounted
Beginning log switch checkpoint up to RBA
ORA-03139: This OCI call has been disabled by the DBA
Current log# 586 seq# 5556 mem# 0
Starting background process VKTM
ORA-32509: watchpoint was already deleted
Starting background process VKTM
Archived Log entry 898 added for thread 1 sequence 6273
ARC0: Archival started
Archived Log entry 281 added for thread 1 sequence 8420
OCI-21709: cannot refresh an object that has been modified
ARC0: Archival started
ARC0: Archival started
Current log# 490 seq# 4515 mem# 0
ORA-15206: duplicate diskgroup ttprod2 specified
Errors in file /u01/app/oracle/diag/rdbms/ttprod/ttprod1/trace/ttprod1_ora_45966.trc
Completed checkpoint up to RBA
ORA-19002: Missing XMLSchema URL
Errors in file /u01/app/oracle/diag/rdbms/ttprod/ttprod1/trace/ttprod1_ora_89032.trc
Undo initialization finished
Archived Log entry 781 added for thread 1 sequence 6380
Thread 1 advanced to log sequence 374
TNS-01079: Attempted to bequeath: DATA_TS01
Thread 1 advanced to log sequence 444
ORA-07848: sllfrb: $GET failure
Thread 1 advanced to log sequence 791
Archived Log entry 132 added for thread 1 sequence 7081
Starting background process VKTM
Archived Log entry 990 added for thread 1 sequence 7970
Starting background process VKTM
NNO-00121: LDIF file 17 open failed: error = number
Beginning log switch checkpoint up to RBA
Beginning log switch checkpoint up to RBA
ARC0: Archival started
Completed checkpoint up to RBA
RMAN-08085: created script user_sessions
Current log# 620 seq# 4858 mem# 0
Undo initialization finished
ORA-25201: invalid value, VISIBILITY should be ON_COMMIT or IMMEDIATE
Current log# 413 seq# 6675 mem# 0
ARC0: Archival started
Completed checkpoint up to RBA
PRCD-01201: Downgrade from current version {0} to version {1} is not supported for database {2}
Undo initialization finished
Current log# 232 seq# 4722 mem# 0
Current log# 236 seq# 7462 mem# 0
Starting background process VKTM
Thread 1 advanced to log sequence 111
TNS-01077: Opened parameter file: TNS_ADMIN
Current log# 31 seq# 2306 mem# 0
QSM-01100: containment check failed for mv, shared pool
Starting background process VKTM
SQL-02119: Invalid HSTDEF argument
Thread 1 advanced to log sequence 670
ARC0: Archival started
Current log# 892 seq# 4745 mem# 0
ARC0: Archival started
Undo initialization finished
ORA-32128: setDataBuffer called after fetch has started
Completed checkpoint up to RBA
Thread 1 advanced to log sequence 406
Archived Log entry 470 added for thread 1 sequence 2201
Undo initialization finished
ORA-16240: Waiting for log file (thread# 3 , sequence# app_db )
Errors in file /u01/app/oracle/diag/rdbms/ttprod/ttprod1/trace/ttprod1_ora_70270.trc
Archived Log entry 998 added for thread 1 sequence 2829
Thread 1 advanced to log sequence 722
INS-40721: Single Client Access Name (SCAN) port is blank.
Thread 1 advanced to log sequence 135
Thread 1 advanced to log sequence 288
Starting background process VKTM
Thread 1 advanced to log sequence 62
ORA-29862: cannot specify FORCE option for dropping non-domain index
Undo initialization finished
Undo initialization finished
Undo initialization finished
IMP-00001: respond with either /u01/app/oracle/oradata/ttprod/users01.dbf , shared pool , RETURN or '.' to quit
Thread 1 advanced to log sequence 632
Thread 1 advanced to log sequence 806
RMAN-06958: Executing: ttprod1
Starting background process VKTM
ARC0: Archival started
Starting background process VKTM
CRS-08007: an error occurred closing reboot advisory log file location: /u01/app/oracle/oradata/ttprod/users01.dbf
Thread 1 advanced to log sequence 723
Undo initialization finished
PRCI-01137: Failed to check if path {0} is on ACFS
Thread 1 advanced to log sequence 774
Thread 1 advanced to log sequence 459
Archived Log entry 285 added for thread 1 sequence 4822
Thread 1 advanced to log sequence 752
Undo initialization finished
ORA-06142: NETTCP: error getting user information
Undo initialization finished
Undo initialization finished
Archived Log entry 708 added for thread 1 sequence 2730
Completed checkpoint up to RBA
Completed checkpoint up to RBA
PCB-00725: Outline name length exceeds the allowed limit of number characters
Starting background process VKTM
ARC0: Archival started
Archived Log entry 616 added for thread 1 sequence 1300
ORA-46266: Missing value for argument ' _SYSSMU12$ ' in Oracle RAC enabled database
Current log# 807 seq# 7396 mem# 0
Thread 1 advanced to log sequence 95
Completed checkpoint up to RBA
ORA-00481: LMON process terminated with error
Undo initialization finished
Current log# 5 seq# 5284 mem# 0
Completed checkpoint up to RBA
NZE-29190: Multiple entries in OID
Current log# 201 seq# 1677 mem# 0
Undo initialization finished
Starting background process VKTM
Beginning log switch checkpoint up to RBA
IMG-00732: specified inputChannels could not be found in input image
Completed checkpoint up to RBA
ORA-30770: Cannot specify storage options for fixed size opaque type
Archived Log entry 726 added for thread 1 sequence 5370
Completed checkpoint up to RBA
Archived Log entry 716 added for thread 1 sequence 2855
XOQ-02005: The TNS_ADMIN " TNS_ADMIN " referenced from object " SP2-0552 " is not found.
Undo initialization finished
Beginning log switch checkpoint up to RBA
Completed checkpoint up to RBA
Current log# 705 seq# 2133 mem# 0
EXP-00059: error converting an object type's identifier to characters
Errors in file /u01/app/oracle/diag/rdbms/ttprod/ttprod1/trace/ttprod1_ora_22719.trc
Archived Log entry 961 added for thread 1 sequence 8116
ORA-30500: database open triggers and server error triggers cannot have BEFORE type
Undo initialization finished
ARC0: Archival started
Undo initialization finished
Starting background process VKTM
NID-00307: Control File idx_users_email - dbid changed, wrote new name
Errors in file /u01/app/oracle/diag/rdbms/ttprod/ttprod1/trace/ttprod1_ora_17987.trc
Starting background process VKTM
ORA-44904: target path in document link exceeds maximum length
Thread 1 advanced to log sequence 898
LSX-00286: duplicate key "~S" for {"~S"}"~S"
Errors in file /u01/app/oracle/diag/rdbms/ttprod/ttprod1/trace/ttprod1_ora_62047.trc
Undo initialization finished
Completed checkpoint up to RBA
ARC0: Archival started
Thread 1 advanced to log sequence 817
ORA-19224: XPTY0004 - XQuery static type mismatch: expected - _SYSSMU7$ got - CDR_STAGING
Current log# 102 seq# 5059 mem# 0
Completed checkpoint up to RBA
Starting background process VKTM
ARC0: Archival started
LPX-01114: [FODC0001] No context document
Archived Log entry 304 added for thread 1 sequence 8596
Current log# 983 seq# 2868 mem# 0
Current log# 793 seq# 4581 mem# 0
Archived Log entry 437 added for thread 1 sequence 8150
Current log# 125 seq# 5256 mem# 0
NNO-00057: loading and verifying topology data
Errors in file /u01/app/oracle/diag/rdbms/ttprod/ttprod1/trace/ttprod1_ora_31284.trc
Thread 1 advanced to log sequence 979
Starting background process VKTM
ARC0: Archival started
Archived Log entry 913 added for thread 1 sequence 7258
Beginning log switch checkpoint up to RBA
TNS-12570: TNS:packet reader failure
Thread 1 advanced to log sequence 291
Undo initialization finished
Current log# 519 seq# 4610 mem# 0
Archived Log entry 608 added for thread 1 sequence 5356
Current log# 897 seq# 5187 mem# 0
LPX-01052: [XQDY0052]
Errors in file /u01/app/oracle/diag/rdbms/ttprod/ttprod1/trace/ttprod1_ora_96815.trc
Undo initialization finished
Undo initialization finished
Undo initialization finished
Completed checkpoint up to RBA
ORA-12639: Authentication service negotiation failed
Thread 1 advanced to log sequence 653
Starting background process VKTM
Undo initialization finished
Current log# 863 seq# 8539 mem# 0
TNS-00314: Protocol Adapter Errors: number , number
Beginning log switch checkpoint up to RBA
Beginning log switch checkpoint up to RBA
PCC-00135: Result Set Cursor usage is not standard SQL
Archived Log entry 222 added for thread 1 sequence 2542
ORA-39912: Partitioned index BILLING.CUST_ORDERS . BILLING.CUST_ORDERS in tablespace 17 points to table ttprod2 . _SYSSMU12$ in tablespace CDR_STAGING outside of transportable set.
Completed checkpoint up to RBA
Undo initialization finished
Current log# 546 seq# 4548 mem# 0
PRVF-09107: Could not retrieve the version of Linux RPM package on node:
Undo initialization finished
Beginning log switch checkpoint up to RBA
NNL-00956: Hash tables freed: number
Current log# 486 seq# 4891 mem# 0
ARC0: Archival started
Current log# 813 seq# 8884 mem# 0
Thread 1 advanced to log sequence 967
Completed checkpoint up to RBA
INS-30519: Allocation unit size can only be one of the following value set NETWORK_OPS.SIM_INVENTORY .
ARC0: Archival started
Archived Log entry 104 added for thread 1 sequence 1223
ORA-00057: maximum number of temporary table locks exceeded
Archived Log entry 555 added for thread 1 sequence 5053
Archived Log entry 932 added for thread 1 sequence 1364
ORA-33036: (XSAGDNGL17) ARGS option workspace object must be a TEXT variable.
Errors in file /u01/app/oracle/diag/rdbms/ttprod/ttprod1/trace/ttprod1_ora_33144.trc
Thread 1 advanced to log sequence 352
Archived Log entry 745 added for thread 1 sequence 3189
ORA-30733: cannot specify rowid constraint on scoped ref column
Archived Log entry 560 added for thread 1 sequence 1059
Beginning log switch checkpoint up to RBA
ORA-53410: The attribute session_1123 does not conform to the VM rule.
Errors in file /u01/app/oracle/diag/rdbms/ttprod/ttprod1/trace/ttprod1_ora_57301.trc
Archived Log entry 982 added for thread 1 sequence 8649
ARC0: Archival started
ARC0: Archival started
Current log# 416 seq# 6518 mem# 0
Current log# 102 seq# 4478 mem# 0
LPX-00720: envelope has no header
Current log# 782 seq# 7960 mem# 0
Thread 1 advanced to log sequence 889
ARC0: Archival started
ORA-01045: User lacks CREATE SESSION privilege; logon denied
Current log# 350 seq# 1078 mem# 0
Undo initialization finished
Current log# 819 seq# 2686 mem# 0
Undo initialization finished
ORA-06911: CMX: t_event returns ERROR
Starting background process VKTM
Beginning log switch checkpoint up to RBA
Current log# 629 seq# 8692 mem# 0
Starting background process VKTM
RMAN-08609: channel pg_toast_12345 : starting incremental datafile backup set
ARC0: Archival started
Archived Log entry 852 added for thread 1 sequence 5335
Current log# 882 seq# 5970 mem# 0
Undo initialization finished
RMAN-08150: created global script UNDOTBS1
Starting background process VKTM
Archived Log entry 714 added for thread 1 sequence 2016
Starting background process VKTM
Current log# 517 seq# 7522 mem# 0
RDE-00013: name busy.
Beginning log switch checkpoint up to RBA
Beginning log switch checkpoint up to RBA
ORA-06438: ssaio: the asynchronous read was unable to read from the database file.
Completed checkpoint up to RBA
Beginning log switch checkpoint up to RBA
OCI-21520: database server driver not installed
Errors in file /u01/app/oracle/diag/rdbms/ttprod/ttprod1/trace/ttprod1_ora_13933.trc
Completed checkpoint up to RBA
Completed checkpoint up to RBA
ARC0: Archival started
RMAN-06601: new RMAN configuration parameters:
ARC0: Archival started
Beginning log switch checkpoint up to RBA
Archived Log entry 801 added for thread 1 sequence 8236
Completed checkpoint up to RBA
ARC0: Archival started
NNO-00803: Error: OCI_INVALID_HANDLE
ARC0: Archival started
Starting background process VKTM
Completed checkpoint up to RBA
ORA-48316: relation [ USERS ] unavailable or cannot be created
Errors in file /u01/app/oracle/diag/rdbms/ttprod/ttprod1/trace/ttprod1_ora_95890.trc
Archived Log entry 937 added for thread 1 sequence 2832
INS-35077: The specified SID exceeds the number of characters allowed.
Thread 1 advanced to log sequence 709
Beginning log switch checkpoint up to RBA
ORA-12719: operation requires database is in RESTRICTED mode
Completed checkpoint up to RBA
Current log# 655 seq# 1285 mem# 0
Completed checkpoint up to RBA
RMAN-07209: closed session_1123 failures
Errors in file /u01/app/oracle/diag/rdbms/ttprod/ttprod1/trace/ttprod1_ora_31112.trc
Thread 1 advanced to log sequence 338
ORA-12436: no policy options specified
Completed checkpoint up to RBA
ARC0: Archival started
ARC0: Archival started
Thread 1 advanced to log sequence 745
Completed checkpoint up to RBA
PRVF-04864: Path location check failed for: "{0}"
Archived Log entry 137 added for thread 1 sequence 3282
DRG-11113: value of CDR_STAGING must be one of ttstandby01
Errors in file /u01/app/oracle/diag/rdbms/ttprod/ttprod1/trace/ttprod1_ora_49980.trc
Archived Log entry 430 added for thread 1 sequence 1562
RMAN-05044: Performing export of metadata...
Undo initialization finished
Current log# 729 seq# 1960 mem# 0
RMAN-08060: unable to find archived log
Beginning log switch checkpoint up to RBA
CLSS-03201: An attempt to begin a nested reconfiguration failed.
Thread 1 advanced to log sequence 224
Completed checkpoint up to RBA
Current log# 177 seq# 4509 mem# 0
ORA-30016: undo tablespace ' ttprod1 ' is already in use by this instance
Archived Log entry 642 added for thread 1 sequence 5428
Beginning log switch checkpoint up to RBA
Beginning log switch checkpoint up to RBA
ARC0: Archival started
Thread 1 advanced to log sequence 597
ORA-00268: specified log file does not exist ' user_sessions '
Starting background process VKTM
ORA-19107: invalid XQueryX - unsupported construct - ttprod2
Beginning log switch checkpoint up to RBA
ORA-02153: invalid VALUES password _SYSSMU7$
Undo initialization finished
Undo initialization finished
Beginning log switch checkpoint up to RBA
QSM-02050: subquery using the ALL clause in mv
ARC0: Archival started
Undo initialization finished
Completed checkpoint up to RBA
Current log# 804 seq# 2713 mem# 0
RMAN-06115: changed backup piece available
Archived Log entry 299 added for thread 1 sequence 5926
Archived Log entry 893 added for thread 1 sequence 1400
Archived Log entry 847 added for thread 1 sequence 7895
Archived Log entry 293 added for thread 1 sequence 1154
PRVF-04090: Node connectivity failed for interface "{0}"
Thread 1 advanced to log sequence 130
Archived Log entry 531 added for thread 1 sequence 2171
Current log# 373 seq# 7923 mem# 0
NID-00350: SP2-0552 ( number ) idx_users_email
Thread 1 advanced to log sequence 775
XOQ-02509: Analytic workspace " 5000 " has an invalid name.
Errors in file /u01/app/oracle/diag/rdbms/ttprod/ttprod1/trace/ttprod1_ora_58236.trc
ARC0: Archival started
Thread 1 advanced to log sequence 812
Current log# 201 seq# 9919 mem# 0
XOQ-01741: unsupported assignment qualification for dimension " DATA_TS01 "
ARC0: Archival started
Undo initialization finished
Archived Log entry 924 added for thread 1 sequence 6943
ORA-23421: job number USERS is not a job in the job queue
Completed checkpoint up to RBA
SQL-02146: Attempt to allocate an existing descriptor
Errors in file /u01/app/oracle/diag/rdbms/ttprod/ttprod1/trace/ttprod1_ora_91355.trc
Current log# 92 seq# 5919 mem# 0
ARC0: Archival started
EVM-00037: Failed to connect to EVM daemon on " reporting_schema "
Errors in file /u01/app/oracle/diag/rdbms/ttprod/ttprod1/trace/ttprod1_ora_57603.trc
Beginning log switch checkpoint up to RBA
Current log# 84 seq# 7159 mem# 0
ARC0: Archival started
RMAN-08544: channel pk_orders : specifying archived log(s) for proxy restore
ARC0: Archival started
Beginning log switch checkpoint up to RBA
ARC0: Archival started
ORA-16275: prior failed CTAS detected and pre-existing table dropped
Errors in file /u01/app/oracle/diag/rdbms/ttprod/ttprod1/trace/ttprod1_ora_13655.trc
Undo initialization finished
RMAN-07213: Mandatory Manual Actions
Errors in file /u01/app/oracle/diag/rdbms/ttprod/ttprod1/trace/ttprod1_ora_42298.trc
Current log# 392 seq# 8952 mem# 0
Undo initialization finished
ARC0: Archival started
Thread 1 advanced to log sequence 27
ARC0: Archival started
INS-13014: Target environment do not meet some optional requirements.
ARC0: Archival started
Thread 1 advanced to log sequence 225
Current log# 864 seq# 3470 mem# 0
Starting background process VKTM
CLST-02904: failure TNS_ADMIN in SCLS API at NETWORK_OPS.SIM_INVENTORY
Thread 1 advanced to log sequence 393
Undo initialization finished
DRG-11735: missing disambiguation
Errors in file /u01/app/oracle/diag/rdbms/ttprod/ttprod1/trace/ttprod1_ora_40646.trc
Thread 1 advanced to log sequence 861
ARC0: Archival started
ORA-32510: cannot create watchpoint on unreadable memory
Thread 1 advanced to log sequence 808
ORA-27509: IPC error receiving a message
Archived Log entry 181 added for thread 1 sequence 8618
TNS-12668: Dedicated server: outbound protocol does not support proxies
Thread 1 advanced to log sequence 298
ARC0: Archival started
ARC0: Archival started
Archived Log entry 689 added for thread 1 sequence 6018
Starting background process VKTM
LPX-00827: Namespace conflict for prefix:
Current log# 889 seq# 5516 mem# 0
Current log# 66 seq# 7737 mem# 0
Archived Log entry 875 added for thread 1 sequence 8222
Archived Log entry 124 added for thread 1 sequence 9045
Beginning log switch checkpoint up to RBA
EVM-00311: Invalid entry in eventlog " reporting_schema " ( number events OK)
Thread 1 advanced to log sequence 538
Starting background process VKTM
Starting background process VKTM
PCB-00010: SQLCHECK value in EXEC ORACLE statement exceeds command line value
Errors in file /u01/app/oracle/diag/rdbms/ttprod/ttprod1/trace/ttprod1_ora_48239.trc
Undo initialization finished
CRS-09612: Mark _SYSSMU7$ disks failed
Current log# 166 seq# 5616 mem# 0
ARC0: Archival started
Beginning log switch checkpoint up to RBA
Beginning log switch checkpoint up to RBA
Completed checkpoint up to RBA
IMG-00857: area list free failed
Thread 1 advanced to log sequence 87
Undo initialization finished
ORA-32637: Self cyclic rule in sequential order MODEL
Thread 1 advanced to log sequence 138
OCI-04030: out of process memory when trying to allocate /u01/app/oracle/oradata/ttprod/users01.dbf bytes ( pk_orders , _SYSSMU12$ )
ARC0: Archival started
Undo initialization finished
Current log# 923 seq# 6761 mem# 0
ARC0: Archival started
PRVF-07574: Swap size check cannot be performed on node "{0}"
Current log# 513 seq# 5573 mem# 0
Starting background process VKTM
Thread 1 advanced to log sequence 845
Undo initialization finished
Completed checkpoint up to RBA
PGA-21113: warm starting for partner LU shared pool
Completed checkpoint up to RBA
Thread 1 advanced to log sequence 713
ARC0: Archival started
Starting background process VKTM
Completed checkpoint up to RBA
ORA-14455: attempt to create referential integrity constraint on temporary table
Errors in file /u01/app/oracle/diag/rdbms/ttprod/ttprod1/trace/ttprod1_ora_50689.trc
Starting background process VKTM
ARC0: Archival started
Completed checkpoint up to RBA
Undo initialization finished
Thread 1 advanced to log sequence 863
RMAN-04035: error from source recovery catalog database: SP2-0552
Beginning log switch checkpoint up to RBA
Beginning log switch checkpoint up to RBA
ORA-19691: 5000 is from different database: id= SP2-0552 , name= CRM.CALL_DETAIL_RECORDS
ARC0: Archival started
ORA-17517: Database cloning using storage snapshot failed on file 1024 : app_db
Archived Log entry 745 added for thread 1 sequence 4228
ORA-41645: duplicate tag " shared pool " in rule condition
Undo initialization finished
Starting background process VKTM
ORA-55356: OLS not enabled for RDF data
Thread 1 advanced to log sequence 305
PGA-21109: local log name is x' session_1123 '
Undo initialization finished
Archived Log entry 609 added for thread 1 sequence 3261
Completed checkpoint up to RBA
Completed checkpoint up to RBA
CRS-09600: Failed to initialize 3 daemon
Undo initialization finished
Archived Log entry 825 added for thread 1 sequence 4457
Beginning log switch checkpoint up to RBA
PRCH-01043: Failed while checking status of database instance "{0}"
Errors in file /u01/app/oracle/diag/rdbms/ttprod/ttprod1/trace/ttprod1_ora_51994.trc
Undo initialization finished
Starting background process VKTM
ORA-31482: invalid option for non-distributed Hotlog change source
ARC0: Archival started
PGA-21110: XLN received from partner LU 17
Current log# 376 seq# 5259 mem# 0
Current log# 565 seq# 1857 mem# 0
ORA-15164: cluster rolling downgrade incomplete
Errors in file /u01/app/oracle/diag/rdbms/ttprod/ttprod1/trace/ttprod1_ora_51218.trc
ARC0: Archival started
Starting background process VKTM
Current log# 215 seq# 2140 mem# 0
CLSU-00102: Operating System interface detected an error
Undo initialization finished
ORA-04027: self-deadlock during automatic validation for object INVOICE_LINES_IDX . 5000
Current log# 171 seq# 1971 mem# 0
Current log# 44 seq# 1456 mem# 0
Undo initialization finished
ORA-44315: all service attributes null
Undo initialization finished
Completed checkpoint up to RBA
Beginning log switch checkpoint up to RBA
PRCN-02045: No network exists
Errors in file /u01/app/oracle/diag/rdbms/ttprod/ttprod1/trace/ttprod1_ora_72941.trc
Archived Log entry 217 added for thread 1 sequence 7847
Starting background process VKTM
Archived Log entry 24 added for thread 1 sequence 1309
TNS-12537: TNS:connection closed
ARC0: Archival started
ARC0: Archival started
Archived Log entry 981 added for thread 1 sequence 8230
Thread 1 advanced to log sequence 163
ORA-33080: (XSAGDNGL40) In AGGMAP workspace object , you cannot reference dimension workspace object with both a RELATION statement and a DIMENSION statement.
Errors in file /u01/app/oracle/diag/rdbms/ttprod/ttprod1/trace/ttprod1_ora_44259.trc
Current log# 461 seq# 5038 mem# 0
ARC0: Archival started
Thread 1 advanced to log sequence 853
ORA-39951: incomplete values specified for PL/SQL warning settings
Completed checkpoint up to RBA
ORA-16117: processing
Current log# 670 seq# 3881 mem# 0
DIA-48122: error with opening the ADR block file [ reporting_schema ] [ SP2-0552 ]
Errors in file /u01/app/oracle/diag/rdbms/ttprod/ttprod1/trace/ttprod1_ora_33969.trc
Archived Log entry 714 added for thread 1 sequence 3839
Archived Log entry 589 added for thread 1 sequence 3105
Current log# 797 seq# 3792 mem# 0
Archived Log entry 173 added for thread 1 sequence 4327
ORA-01485: compile bind length different from execute bind length
Completed checkpoint up to RBA
Starting background process VKTM
TNS-01301: TNS error structure:
Completed checkpoint up to RBA
Beginning log switch checkpoint up to RBA
Beginning log switch checkpoint up to RBA
Starting background process VKTM
PRVF-07617: Node connectivity between "{0}" and "{1}" failed
Errors in file /u01/app/oracle/diag/rdbms/ttprod/ttprod1/trace/ttprod1_ora_68020.trc
Archived Log entry 205 added for thread 1 sequence 5650
ORA-01344: LogMiner coordinator already attached
Starting background process VKTM
Beginning log switch checkpoint up to RBA
Archived Log entry 31 added for thread 1 sequence 8418
CLSR-00521: Event 5000 is rejected by EVM daemon
Starting background process VKTM
Completed checkpoint up to RBA
Completed checkpoint up to RBA
PRKO-02595: modify of GNS failed.
ARC0: Archival started
Starting background process VKTM
Beginning log switch checkpoint up to RBA
Undo initialization finished
Current log# 653 seq# 5528 mem# 0
ORA-06530: Reference to uninitialized composite
Undo initialization finished
Starting background process VKTM
Completed checkpoint up to RBA
ORA-39924: Default Composite Partition (Index) Tablespace 5000 for idx_users_email not contained in transportable set.
Undo initialization finished
Completed checkpoint up to RBA
Completed checkpoint up to RBA
Starting background process VKTM
RMAN-06120: uncataloged archived log
Thread 1 advanced to log sequence 104
DRG-11815: Not Modified
ARC0: Archival started
ARC0: Archival started
Undo initialization finished
Thread 1 advanced to log sequence 779
ORA-19252: XQST0032 - too many declarations for base URI
Errors in file /u01/app/oracle/diag/rdbms/ttprod/ttprod1/trace/ttprod1_ora_77955.trc
Current log# 748 seq# 9787 mem# 0
ARC0: Archival started
Starting background process VKTM
Undo initialization finished
Thread 1 advanced to log sequence 944
ORA-14054: invalid ALTER TABLE TRUNCATE PARTITION option
Completed checkpoint up to RBA
Current log# 682 seq# 4452 mem# 0
Current log# 713 seq# 1170 mem# 0
Current log# 829 seq# 3032 mem# 0
ORA-19952: database should be mounted exclusively
Errors in file /u01/app/oracle/diag/rdbms/ttprod/ttprod1/trace/ttprod1_ora_92269.trc
Undo initialization finished
Undo initialization finished
Archived Log entry 215 added for thread 1 sequence 6482
RMAN-08584: copying current control file
Undo initialization finished
Beginning log switch checkpoint up to RBA
Current log# 210 seq# 1894 mem# 0
ARC0: Archival started
ORA-00318: log 3 of thread reporting_schema , expected file size USERS doesn't match _SYSSMU12$
Starting background process VKTM
Current log# 670 seq# 5001 mem# 0
Archived Log entry 372 added for thread 1 sequence 4209
ARC0: Archival started
Archived Log entry 469 added for thread 1 sequence 8522
ORA-00956: missing or invalid auditing option
Undo initialization finished
Starting background process VKTM
DRG-11109: assigned lexer does not support _SYSSMU12$ query operator
Errors in file /u01/app/oracle/diag/rdbms/ttprod/ttprod1/trace/ttprod1_ora_87442.trc
Archived Log entry 656 added for thread 1 sequence 6541
Thread 1 advanced to log sequence 61
ORA-39935: Updatable materialized view log NETWORK_OPS.SIM_INVENTORY . 5000 in tablespace ttprod2 and materialized view 5000 . session_1123 in tablespace 5000 are not fully contained in the transportable set.
Thread 1 advanced to log sequence 276
Completed checkpoint up to RBA
Thread 1 advanced to log sequence 261
ARC0: Archival started
Undo initialization finished
NCR-03024: NCRO: Transport type LIST not supported
Thread 1 advanced to log sequence 624
Archived Log entry 968 added for thread 1 sequence 7056
Completed checkpoint up to RBA
Beginning log switch checkpoint up to RBA
ARC0: Archival started
ORA-15150: instance lock mode ' USERS ' conflicts with other ASM instance(s)
Current log# 764 seq# 5159 mem# 0
Completed checkpoint up to RBA
Starting background process VKTM
Undo initialization finished
Completed checkpoint up to RBA
ORA-34210: (MXCHGDCL18) You cannot change workspace object to a dimension composite because one or more surrogates has been defined for it.
Starting background process VKTM
Completed checkpoint up to RBA
RMAN-05520: database name mismatch, auxiliary instance has 42 , command specified app_db
Errors in file /u01/app/oracle/diag/rdbms/ttprod/ttprod1/trace/ttprod1_ora_55288.trc
ARC0: Archival started
Archived Log entry 304 added for thread 1 sequence 6388
NZE-28770: Data source is already initialized.
Undo initialization finished
Completed checkpoint up to RBA
Current log# 883 seq# 1833 mem# 0
Starting background process VKTM
Beginning log switch checkpoint up to RBA
UDE-00053: unrecognized client command ' PK_CUSTOMER_ACCOUNTS '
Errors in file /u01/app/oracle/diag/rdbms/ttprod/ttprod1/trace/ttprod1_ora_17474.trc
Completed checkpoint up to RBA
Archived Log entry 745 added for thread 1 sequence 3059
Beginning log switch checkpoint up to RBA
Current log# 105 seq# 9572 mem# 0
PCC-02035: CMD-LINE: CONFIG= option is invalid in a config file
Current log# 39 seq# 9259 mem# 0
ORA-07632: smsrcx: $DELTVA failure
Completed checkpoint up to RBA
Undo initialization finished
Starting background process VKTM
ORA-22334: cannot reset type " user_sessions "." idx_users_email ". Dependent tables must be upgraded to latest version
Completed checkpoint up to RBA
Beginning log switch checkpoint up to RBA
RMAN-08530: piece handle= BILLING.CUST_ORDERS tag= _SYSSMU12$ comment= 1024
Current log# 118 seq# 6174 mem# 0
ARC0: Archival started
Beginning log switch checkpoint up to RBA
Undo initialization finished
QSM-01246: join back on correlated columns not allowed ( CRM.CALL_DETAIL_RECORDS )
Errors in file /u01/app/oracle/diag/rdbms/ttprod/ttprod1/trace/ttprod1_ora_43405.trc
Thread 1 advanced to log sequence 23
Starting background process VKTM
Starting background process VKTM
Current log# 413 seq# 9219 mem# 0
Undo initialization finished
PRKH-03302: Oracle Clusterware database support layer returned OCR error
ARC0: Archival started
Undo initialization finished
Current log# 929 seq# 7667 mem# 0
RMAN-06109: changed archived log unavailable
Archived Log entry 443 added for thread 1 sequence 9878
ARC0: Archival started
Archived Log entry 679 added for thread 1 sequence 7466
Completed checkpoint up to RBA
ARC0: Archival started
DIA-48304: incident staging file not found
Thread 1 advanced to log sequence 483
Completed checkpoint up to RBA
ORA-27472: invalid metadata attribute SP2-0552
Starting background process VKTM
Starting background process VKTM
Beginning log switch checkpoint up to RBA
TNS-00034: INTCTL: internal NR error
Thread 1 advanced to log sequence 251
Thread 1 advanced to log sequence 367
Undo initialization finished
Thread 1 advanced to log sequence 540
ORA-25108: standby lock name space exceeds size limit of pg_toast_12345 characters
Current log# 373 seq# 4715 mem# 0
Archived Log entry 351 added for thread 1 sequence 7250
Beginning log switch checkpoint up to RBA
Beginning log switch checkpoint up to RBA
PCB-00321: Implicit varchar host variables are an Oracle extension
Starting background process VKTM
Undo initialization finished
Undo initialization finished
NZE-29105: Cannot export PKCS #12 wallet.
Current log# 893 seq# 2537 mem# 0
Undo initialization finished
Current log# 751 seq# 3520 mem# 0
Starting background process VKTM
CRS-00008: opened new file " 42 " after close failure
Starting background process VKTM
Starting background process VKTM
Undo initialization finished
Completed checkpoint up to RBA
Current log# 52 seq# 6834 mem# 0
NID-00431: DBNEWID - Reversion completed.
Thread 1 advanced to log sequence 464
Current log# 35 seq# 2193 mem# 0
Completed checkpoint up to RBA
DRG-11338: policy 1024 does not exist
Starting background process VKTM
Archived Log entry 916 added for thread 1 sequence 7387
Archived Log entry 941 added for thread 1 sequence 1440
Thread 1 advanced to log sequence 392
ARC0: Archival started
TNS-04204: Trace Assistant Internal ERROR: Couldn't Open trace file
Beginning log switch checkpoint up to RBA
Undo initialization finished
ARC0: Archival started
Starting background process VKTM
ORA-30456: ' 1024 . 1024 ' cannot be refreshed because of insufficient privilege
Completed checkpoint up to RBA
Completed checkpoint up to RBA
RDE-00034: address not registered: " DATA_TS01 "
Current log# 751 seq# 4902 mem# 0
Completed checkpoint up to RBA
Starting background process VKTM
Archived Log entry 410 added for thread 1 sequence 5378
Current log# 186 seq# 2541 mem# 0
ORA-31694: master table idx_users_email failed to load/unload
Beginning log switch checkpoint up to RBA
Archived Log entry 586 added for thread 1 sequence 3697
Undo initialization finished
Undo initialization finished
DIA-48507: Predicate Not Allowed during Import
Errors in file /u01/app/oracle/diag/rdbms/ttprod/ttprod1/trace/ttprod1_ora_35492.trc
Undo initialization finished
ORA-16240: Waiting for log file (thread# SP2-0552 , sequence# CDR_STAGING )
Current log# 797 seq# 6954 mem# 0
Undo initialization finished
NNL-00245: General request processing is currently enabled
ARC0: Archival started
Beginning log switch checkpoint up to RBA
ARC0: Archival started
ORA-26802: Queue " session_1123 "." 5000 " has messages.
ARC0: Archival started
Completed checkpoint up to RBA
Archived Log entry 454 added for thread 1 sequence 1034
Starting background process VKTM
ORA-47961: Oracle Scheduler Job authorization for Oracle Database Vault to NETWORK_OPS.SIM_INVENTORY already exists
Completed checkpoint up to RBA
Archived Log entry 881 added for thread 1 sequence 4204
ORA-38804: not a legal edition name
Beginning log switch checkpoint up to RBA
Undo initialization finished
Completed checkpoint up to RBA
ARC0: Archival started
Starting background process VKTM
NZE-28764: failure to retrieve a configuration parameter
Starting background process VKTM
Starting background process VKTM
Archived Log entry 599 added for thread 1 sequence 8809
Starting background process VKTM
ARC0: Archival started
XOQ-02514: The attribute " large pool " is mapped to different expressions on the two HierarchyLevels " TNS_ADMIN " and " USERS ".
Errors in file /u01/app/oracle/diag/rdbms/ttprod/ttprod1/trace/ttprod1_ora_69305.trc
ARC0: Archival started
Archived Log entry 218 added for thread 1 sequence 1595
ORA-25436: invalid table alias: ttprod2
Completed checkpoint up to RBA
Completed checkpoint up to RBA
Archived Log entry 782 added for thread 1 sequence 7760
Current log# 14 seq# 5371 mem# 0
PCC-02352: out of bounds bind position from PL/SQL
Starting background process VKTM
Undo initialization finished
Current log# 112 seq# 9344 mem# 0
Undo initialization finished
ARC0: Archival started
RMAN-08523: restoring datafile reporting_schema to BILLING.CUST_ORDERS
Archived Log entry 596 added for thread 1 sequence 3984
Current log# 911 seq# 8040 mem# 0
PRCT-01200: Failed to retrieve disk group name for volume device {0}. asmcmd execution failed at location {1}. Detailed error: {2}
Undo initialization finished
RMAN-06134: host command complete
ARC0: Archival started
ORA-10452: Cannot do block media recovery; media recovery session may be in progress
Thread 1 advanced to log sequence 676
Starting background process VKTM
ORA-02809: Jump buffer not valid
Completed checkpoint up to RBA
Archived Log entry 165 added for thread 1 sequence 5825
Completed checkpoint up to RBA
ORA-14043: only one partition may be added
Errors in file /u01/app/oracle/diag/rdbms/ttprod/ttprod1/trace/ttprod1_ora_27476.trc
Starting background process VKTM
Thread 1 advanced to log sequence 104
Thread 1 advanced to log sequence 257
Undo initialization finished
ORA-14137: Table in partially dropped state, submit DROP TABLE PURGE
Errors in file /u01/app/oracle/diag/rdbms/ttprod/ttprod1/trace/ttprod1_ora_12572.trc
Archived Log entry 467 added for thread 1 sequence 9124
Completed checkpoint up to RBA
PROC-00029: Error in logging layer
Completed checkpoint up to RBA
Beginning log switch checkpoint up to RBA
ORA-56902: expect aggregate function inside pivot operation
Undo initialization finished
ARC0: Archival started
ORA-27215: skgfgsmcs: sbtinfo2 returned unknown file
Undo initialization finished
ARC0: Archival started
Beginning log switch checkpoint up to RBA
ORA-48469: Keyword " 3 " cannot be duplicated
Current log# 990 seq# 5999 mem# 0
Archived Log entry 354 added for thread 1 sequence 5920
PCC-00107: The CONNECT statement is Oracle implementation dependent
Undo initialization finished
Starting background process VKTM
Thread 1 advanced to log sequence 239
Current log# 793 seq# 4055 mem# 0
Archived Log entry 796 added for thread 1 sequence 3743
ORA-41678: conflicting values for the autocommit and dmlevents policies
Completed checkpoint up to RBA
Archived Log entry 882 added for thread 1 sequence 9416
Beginning log switch checkpoint up to RBA
ORA-42289: may not rename specified user
Starting background process VKTM
Completed checkpoint up to RBA
Beginning log switch checkpoint up to RBA
Starting background process VKTM
RMAN-08300: Run SQL script USERS on the target platform to create database
Archived Log entry 809 added for thread 1 sequence 6298
ORA-15746: Missing EXECUTE privilege on DBMS_AUTO_SQLTUNE.
Beginning log switch checkpoint up to RBA
Archived Log entry 536 added for thread 1 sequence 4384
Starting background process VKTM
Current log# 941 seq# 8890 mem# 0
RMAN-08071: channel 17 : deleting archived log(s)
Errors in file /u01/app/oracle/diag/rdbms/ttprod/ttprod1/trace/ttprod1_ora_92985.trc
Current log# 929 seq# 2629 mem# 0
Beginning log switch checkpoint up to RBA
Undo initialization finished
ARC0: Archival started
Undo initialization finished
DRG-12513: valid stop classes are: session_1123
Current log# 181 seq# 2034 mem# 0
Current log# 315 seq# 7434 mem# 0
Thread 1 advanced to log sequence 751
Beginning log switch checkpoint up to RBA
ORA-32515: cannot issue ORADEBUG command ' CRM.CALL_DETAIL_RECORDS ' to process ' ttprod2 '; prior command execution time exceeds session_1123 ms
Thread 1 advanced to log sequence 120
Archived Log entry 396 added for thread 1 sequence 8672
ORA-53404: Missing the mandatory DICOM attribute PK_CUSTOMER_ACCOUNTS .
Completed checkpoint up to RBA
Archived Log entry 804 added for thread 1 sequence 2883
Archived Log entry 869 added for thread 1 sequence 7516
ORA-24307: invalid length for piece
Errors in file /u01/app/oracle/diag/rdbms/ttprod/ttprod1/trace/ttprod1_ora_57112.trc
Undo initialization finished
Beginning log switch checkpoint up to RBA
ORA-09872: TASDEF_CREATE: create failure in creating ?/dbs/tasdef@.dbf.
Starting background process VKTM
Thread 1 advanced to log sequence 826
ORA-28270: Malformed user nickname for password authenticated global user.
Current log# 201 seq# 2547 mem# 0
Thread 1 advanced to log sequence 611
ORA-23532: tables with different synchronization mechanisms are in the same group
Completed checkpoint up to RBA
Completed checkpoint up to RBA
IMP-00055: Warning: partition or subpartition " 3 ":" app_db " not found in export file
Completed checkpoint up to RBA
Beginning log switch checkpoint up to RBA
Starting background process VKTM
Archived Log entry 922 added for thread 1 sequence 9636
Archived Log entry 776 added for thread 1 sequence 8924
QSM-01208: query rewrite not possible for update queries
Current log# 771 seq# 4704 mem# 0
Undo initialization finished
TNS-04076: Invalid specification for state.
Completed checkpoint up to RBA
ORA-28015: Account unlock attempted on read-only database but a conflicting account lockout on the primary exists
Current log# 341 seq# 2472 mem# 0
NID-00395: Reverting database name from SP2-0552 to large pool
ARC0: Archival started
Archived Log entry 152 added for thread 1 sequence 5894
ORA-19222: XPDY0002 - XQuery dynamic context component BILLING.CUST_ORDERS not initialized
Completed checkpoint up to RBA
ARC0: Archival started
Undo initialization finished
DRG-12303: cannot add more than 99 indexes to an index set
Completed checkpoint up to RBA
Completed checkpoint up to RBA
Thread 1 advanced to log sequence 463
CRS-02527: Unable to start ' user_sessions ' because it has a ' session_1123 ' dependency on ' session_1123 '
Undo initialization finished
Starting background process VKTM
ORA-42020: partition cannot be redefined online because of unsupported type of interim table
ARC0: Archival started
Undo initialization finished
Undo initialization finished
Beginning log switch checkpoint up to RBA
Undo initialization finished
QSM-01087: query grouping on a column that cannot be derived from materialized view, app_db
ARC0: Archival started
Completed checkpoint up to RBA
ARC0: Archival started
Archived Log entry 336 added for thread 1 sequence 3880
LPX-01030: [XQTY0030] Expression should evaluate to exactly one node
Starting background process VKTM
NID-00336: The following datafiles are offline clean:
Undo initialization finished
RMAN-06483: changed datafile copy expired
Starting background process VKTM
Completed checkpoint up to RBA
Thread 1 advanced to log sequence 923
ARC0: Archival started
Starting background process VKTM
DRG-11819: Bad Request
ARC0: Archival started
Undo initialization finished
Starting background process VKTM
Beginning log switch checkpoint up to RBA
Thread 1 advanced to log sequence 770
ORA-10656: Table is in unusable state due to incomplete operation
Beginning log switch checkpoint up to RBA
Undo initialization finished
ORA-16205: DDL skipped due to skip setting
Errors in file /u01/app/oracle/diag/rdbms/ttprod/ttprod1/trace/ttprod1_ora_62195.trc
Completed checkpoint up to RBA
Starting background process VKTM
ORA-01656: max # extents ( INVOICE_LINES_IDX ) reached in cluster APP_USER42 . SYSAUX
Thread 1 advanced to log sequence 586
Completed checkpoint up to RBA
Starting background process VKTM
Completed checkpoint up to RBA
RMAN-06006: connected to target database: ttprod2 (not mounted)
Current log# 286 seq# 3285 mem# 0
Archived Log entry 868 added for thread 1 sequence 6812
ORA-63000: operation disallowed: data file 1024 is being moved
Completed checkpoint up to RBA
ARC0: Archival started
Starting background process VKTM
ORA-08264: ora_addr: cannot close nameserver
ARC0: Archival started
Archived Log entry 820 added for thread 1 sequence 9984
Thread 1 advanced to log sequence 465
Undo initialization finished
PRVF-05442: Could not obtain NTP daemon's command line on any node
Current log# 747 seq# 7969 mem# 0
ORA-12615: TNS:preempt error
Archived Log entry 902 added for thread 1 sequence 7388
Completed checkpoint up to RBA
KUP-04049: record number discarded from file 42
Thread 1 advanced to log sequence 584
Current log# 921 seq# 5548 mem# 0
Starting background process VKTM
Completed checkpoint up to RBA
ORA-07269: spdcr: detached process died after exec.
Completed checkpoint up to RBA
Archived Log entry 730 added for thread 1 sequence 3493
Archived Log entry 137 added for thread 1 sequence 8147
ORA-40213: contradictory values for settings: idx_users_email , USERS
Completed checkpoint up to RBA
Undo initialization finished
ARC0: Archival started
Thread 1 advanced to log sequence 551
RMAN-06741: database name is " DATA_TS01 " and DBID is /u01/app/oracle/oradata/ttprod/users01.dbf
Thread 1 advanced to log sequence 400
Beginning log switch checkpoint up to RBA
ORA-01186: file user_sessions failed verification tests
Starting background process VKTM
Completed checkpoint up to RBA
Current log# 483 seq# 6465 mem# 0
Completed checkpoint up to RBA
RMAN-06750: SPFILE cannot be backed up by proxy.
ARC0: Archival started
Beginning log switch checkpoint up to RBA
PRKP-01014: {0}: undefined environment variable for instance {1} of cluster database {2}
Completed checkpoint up to RBA
Undo initialization finished
Completed checkpoint up to RBA
Undo initialization finished
ORA-24850: failed to startup shared subsystem
Errors in file /u01/app/oracle/diag/rdbms/ttprod/ttprod1/trace/ttprod1_ora_51170.trc
Thread 1 advanced to log sequence 892
Beginning log switch checkpoint up to RBA
Thread 1 advanced to log sequence 203
Beginning log switch checkpoint up to RBA
ORA-32349: cannot reference prebuilt table in definition query for materialized view
Thread 1 advanced to log sequence 717
ARC0: Archival started
NNO-00308: server will restart in number seconds
Archived Log entry 724 added for thread 1 sequence 5625
Thread 1 advanced to log sequence 870
Thread 1 advanced to log sequence 124
Archived Log entry 316 added for thread 1 sequence 9063
Current log# 936 seq# 4361 mem# 0
ORA-06305: IPA: Illegal message type
Completed checkpoint up to RBA
Completed checkpoint up to RBA
Completed checkpoint up to RBA
Thread 1 advanced to log sequence 24
LSX-00010: extra element(s) at end of "~S"
Thread 1 advanced to log sequence 980
ORA-23303: application raised generic exception during deferred RPC
Completed checkpoint up to RBA
Beginning log switch checkpoint up to RBA
Thread 1 advanced to log sequence 481
Undo initialization finished
Current log# 193 seq# 8164 mem# 0
PRVF-05196: Failed to retrieve OCR locations
Errors in file /u01/app/oracle/diag/rdbms/ttprod/ttprod1/trace/ttprod1_ora_19999.trc
Starting background process VKTM
Beginning log switch checkpoint up to RBA
ARC0: Archival started
Thread 1 advanced to log sequence 343
PCC-02010: found end-of-file while scanning 1024 literal
Thread 1 advanced to log sequence 261
Undo initialization finished
ORA-12675: External user name not available yet
Thread 1 advanced to log sequence 352
Undo initialization finished
Beginning log switch checkpoint up to RBA
Beginning log switch checkpoint up to RBA
Starting background process VKTM
SQL-02141: Collection descriptor has not been allocated
Starting background process VKTM
Starting background process VKTM
Archived Log entry 88 added for thread 1 sequence 5184
Starting background process VKTM
PLS-00907: cannot load library unit TNS_ADMIN (referenced by reporting_schema )
Errors in file /u01/app/oracle/diag/rdbms/ttprod/ttprod1/trace/ttprod1_ora_69635.trc
Archived Log entry 963 added for thread 1 sequence 5760
Starting background process VKTM
Beginning log switch checkpoint up to RBA
Current log# 965 seq# 8302 mem# 0
NNO-00321: statistic counter dump disabled
Completed checkpoint up to RBA
Thread 1 advanced to log sequence 472
Starting background process VKTM
ARC0: Archival started
PLS-00138: Precision for a binary type must be one of 8, 16, or 32
Archived Log entry 544 added for thread 1 sequence 1160
Completed checkpoint up to RBA
ORA-14153: only one of STORE IN or <partition-description> clause may be specified
Completed checkpoint up to RBA
Completed checkpoint up to RBA
Starting background process VKTM
Undo initialization finished
Undo initialization finished
LPX-01102: [FORG0008] both arguments to fn:dateTime have a specified timezone
Current log# 953 seq# 1185 mem# 0
Archived Log entry 187 added for thread 1 sequence 4571
ORA-02877: smpini: Unable to initialize memory protection
Beginning log switch checkpoint up to RBA
Completed checkpoint up to RBA
ARC0: Archival started
Beginning log switch checkpoint up to RBA
Undo initialization finished
ORA-28333: column is not encrypted
Current log# 500 seq# 9980 mem# 0
TNS-04079: Cannot administer Oracle Connection Manager with no CMAN.ORA, and port = number .
Errors in file /u01/app/oracle/diag/rdbms/ttprod/ttprod1/trace/ttprod1_ora_75724.trc
Undo initialization finished
Undo initialization finished
Undo initialization finished
Beginning log switch checkpoint up to RBA
Current log# 590 seq# 9678 mem# 0
ORA-22611: TDS version is not recognized
Thread 1 advanced to log sequence 512
Thread 1 advanced to log sequence 673
ORA-25025: cannot specify PRECEDES clause
Errors in file /u01/app/oracle/diag/rdbms/ttprod/ttprod1/trace/ttprod1_ora_71066.trc
Current log# 226 seq# 4541 mem# 0
Completed checkpoint up to RBA
Archived Log entry 426 added for thread 1 sequence 7498
Thread 1 advanced to log sequence 583
Completed checkpoint up to RBA
IMG-00910: allocation of basic data structure failed
Errors in file /u01/app/oracle/diag/rdbms/ttprod/ttprod1/trace/ttprod1_ora_12308.trc
ARC0: Archival started
Beginning log switch checkpoint up to RBA
CRS-04261: Diskgroup SP2-0552 is already configured with voting files
Errors in file /u01/app/oracle/diag/rdbms/ttprod/ttprod1/trace/ttprod1_ora_35132.trc
Beginning log switch checkpoint up to RBA
Current log# 876 seq# 8938 mem# 0
Beginning log switch checkpoint up to RBA
Archived Log entry 822 added for thread 1 sequence 8345
INS-35173: Invalid value for allocated memory.
Beginning log switch checkpoint up to RBA
Starting background process VKTM
Archived Log entry 461 added for thread 1 sequence 7236
Thread 1 advanced to log sequence 60
ARC0: Archival started
RMAN-08127: cataloged backup piece
Beginning log switch checkpoint up to RBA
Starting background process VKTM
Starting background process VKTM
Current log# 729 seq# 2488 mem# 0
Archived Log entry 388 added for thread 1 sequence 8107
PRCN-02052: Failed to modify Network resource (network number: {0}) to use (subnet: {1}, netmask {2} adapters: {3}).
Errors in file /u01/app/oracle/diag/rdbms/ttprod/ttprod1/trace/ttprod1_ora_68598.trc
Completed checkpoint up to RBA
Current log# 495 seq# 9341 mem# 0
PRCI-01107: Failed to check CRS running state for CRS home {0}
Thread 1 advanced to log sequence 901
Undo initialization finished
Beginning log switch checkpoint up to RBA
QSM-02004: grouping column omitted from SELECT list
Current log# 748 seq# 5369 mem# 0
Archived Log entry 530 added for thread 1 sequence 6086
Completed checkpoint up to RBA
ORA-39154: Objects from foreign schemas have been removed from import
Errors in file /u01/app/oracle/diag/rdbms/ttprod/ttprod1/trace/ttprod1_ora_57896.trc
Completed checkpoint up to RBA
Thread 1 advanced to log sequence 635
Beginning log switch checkpoint up to RBA
Thread 1 advanced to log sequence 812
RMAN-03037: Spooling started in log file: user_sessions
Starting background process VKTM
ORA-01501: CREATE DATABASE failed
Current log# 869 seq# 6400 mem# 0
ORA-16235: DDL skipped because import has occurred
ARC0: Archival started
Starting background process VKTM
Current log# 767 seq# 6931 mem# 0
Beginning log switch checkpoint up to RBA
QSM-02026: non-AND conjunction in WHERE clause
Starting background process VKTM
ARC0: Archival started
Current log# 297 seq# 5677 mem# 0
Archived Log entry 874 added for thread 1 sequence 5371
Archived Log entry 256 added for thread 1 sequence 9345
ORA-01169: DATAFILE number 1 not found. Must be present
ARC0: Archival started
Starting background process VKTM
Undo initialization finished
PCC-02047: CMD-LINE: Option is not allowed inline:
Completed checkpoint up to RBA
Thread 1 advanced to log sequence 249
Undo initialization finished
Thread 1 advanced to log sequence 407
ORA-06554: package DBMS_STANDARD must be created before using PL/SQL
Errors in file /u01/app/oracle/diag/rdbms/ttprod/ttprod1/trace/ttprod1_ora_33664.trc
ARC0: Archival started
Completed checkpoint up to RBA
Starting background process VKTM
Starting background process VKTM
Undo initialization finished
RMAN-07507: cataloging files...
Thread 1 advanced to log sequence 787
Starting background process VKTM
Completed checkpoint up to RBA
ORA-01247: database recovery through TSPITR of tablespace 42
Undo initialization finished
Archived Log entry 597 added for thread 1 sequence 6975
Completed checkpoint up to RBA
DIA-48207: Illegal Field Name [ CRM.CALL_DETAIL_RECORDS ]
Beginning log switch checkpoint up to RBA
Current log# 447 seq# 1200 mem# 0
ORA-12535: TNS:operation timed out
Current log# 206 seq# 6888 mem# 0
Completed checkpoint up to RBA
ORA-46095: Invalid error code supplied
Undo initialization finished
ORA-28274: No ORACLE password attribute corresponding to user nickname exists.
Archived Log entry 467 added for thread 1 sequence 5872
Completed checkpoint up to RBA
Thread 1 advanced to log sequence 818
ARC0: Archival started
Starting background process VKTM
EVM-00006: Failed to create temporary file
Beginning log switch checkpoint up to RBA
Beginning log switch checkpoint up to RBA
Beginning log switch checkpoint up to RBA
Completed checkpoint up to RBA
Completed checkpoint up to RBA
CLST-01104: successfully determined required configuration for all components
Errors in file /u01/app/oracle/diag/rdbms/ttprod/ttprod1/trace/ttprod1_ora_37846.trc
ARC0: Archival started
Current log# 349 seq# 6851 mem# 0
Undo initialization finished
Archived Log entry 83 added for thread 1 sequence 1754
Current log# 973 seq# 2018 mem# 0
ORA-26740: cannot downgrade because there are file groups
Starting background process VKTM
Current log# 842 seq# 2460 mem# 0
Archived Log entry 851 added for thread 1 sequence 9615
ORA-06805: TLI Driver: could not send datagram SAP packet for SPX
Starting background process VKTM
ARC0: Archival started
Completed checkpoint up to RBA
Completed checkpoint up to RBA
Archived Log entry 94 added for thread 1 sequence 8555
ORA-15036: disk ' large pool ' is truncated
Errors in file /u01/app/oracle/diag/rdbms/ttprod/ttprod1/trace/ttprod1_ora_21480.trc
ARC0: Archival started
ORA-29400: data cartridge error _SYSSMU7$
Archived Log entry 331 added for thread 1 sequence 4738
ORA-31686: error creating worker processes
Archived Log entry 355 added for thread 1 sequence 3022
ARC0: Archival started
Current log# 766 seq# 4034 mem# 0
Archived Log entry 266 added for thread 1 sequence 3097
Completed checkpoint up to RBA
ORA-19678: RMAN configuration value exceeds maximum length of pk_orders
Current log# 138 seq# 8511 mem# 0
ARC0: Archival started
Starting background process VKTM
QSM-01354: query rewrite is disabled for remote objects
Undo initialization finished
Thread 1 advanced to log sequence 534
RMAN-08010: channel /u01/app/oracle/oradata/ttprod/users01.dbf : specifying datafile(s) in backup set
Beginning log switch checkpoint up to RBA
ARC0: Archival started
Starting background process VKTM
RMAN-03018: asynchronous RPCs are working correctly
Current log# 145 seq# 9893 mem# 0
Starting background process VKTM
Thread 1 advanced to log sequence 616
RMAN-06513: copy will never be obsolete
Undo initialization finished
Completed checkpoint up to RBA
Beginning log switch checkpoint up to RBA
Current log# 980 seq# 8469 mem# 0
Completed checkpoint up to RBA
DRG-11714: synonyms have different Broader Terms
Thread 1 advanced to log sequence 931
ORA-06752: TLI: error in signal setup
Beginning log switch checkpoint up to RBA
PRCT-01057: The value of ASM instance type {0} is not correct
Undo initialization finished
Current log# 976 seq# 9448 mem# 0
Current log# 977 seq# 9507 mem# 0
ARC0: Archival started
Archived Log entry 381 added for thread 1 sequence 3088
ORA-19203: Error occurred in DBMS_XMLGEN processing ttprod1
Undo initialization finished
Undo initialization finished
Undo initialization finished
RMAN-06038: recovery catalog package detected an error
Errors in file /u01/app/oracle/diag/rdbms/ttprod/ttprod1/trace/ttprod1_ora_36265.trc
Archived Log entry 298 added for thread 1 sequence 5985
Archived Log entry 926 added for thread 1 sequence 2331
Current log# 915 seq# 9411 mem# 0
NID-00311: Control File _SYSSMU12$ - modified
Starting background process VKTM
Archived Log entry 456 added for thread 1 sequence 9757
EXP-00064: SYSAUX is an inner nested table and cannot be exported.
Thread 1 advanced to log sequence 838
Thread 1 advanced to log sequence 268
Starting background process VKTM
Completed checkpoint up to RBA
Completed checkpoint up to RBA
ORA-03205: partition name is required when partitioned type is specified
Errors in file /u01/app/oracle/diag/rdbms/ttprod/ttprod1/trace/ttprod1_ora_69328.trc
Undo initialization finished
Archived Log entry 736 added for thread 1 sequence 4339
Completed checkpoint up to RBA
ORA-00324: log file ' fk_order_customer ' translated name ' /u01/app/oracle/oradata/ttprod/users01.dbf ' too long, pg_toast_12345 characters exceeds TNS_ADMIN limit
Archived Log entry 683 added for thread 1 sequence 8659
Beginning log switch checkpoint up to RBA
Undo initialization finished
Current log# 946 seq# 7221 mem# 0
RMAN-06154: validation succeeded for datafile copy
Beginning log switch checkpoint up to RBA
ORA-19806: cannot make duplex backups in recovery area
Completed checkpoint up to RBA
Beginning log switch checkpoint up to RBA
Beginning log switch checkpoint up to RBA
Thread 1 advanced to log sequence 527
CLSR-00516: No service provider found at this node
Archived Log entry 447 added for thread 1 sequence 3878
Beginning log switch checkpoint up to RBA
Thread 1 advanced to log sequence 230
ARC0: Archival started
ARC0: Archival started
RMAN-08087: channel 1024 : started backup set validation
Completed checkpoint up to RBA
Starting background process VKTM
Thread 1 advanced to log sequence 440
QSM-01033: query rewritten with materialized view, app_db
Thread 1 advanced to log sequence 532
Current log# 388 seq# 7602 mem# 0
Thread 1 advanced to log sequence 514
Beginning log switch checkpoint up to RBA
ARC0: Archival started
NZE-29002: SSL transport detected invalid or obsolete server certificate.
Completed checkpoint up to RBA
ARC0: Archival started
PRVF-04353: Proper soft limit for resource "{0}" not found on node "{1}" [Expected = "{2}" ; Found = "{3}"]
Starting background process VKTM
Undo initialization finished
Beginning log switch checkpoint up to RBA
Undo initialization finished
NNL-00250: DEFAULT-FORWARDERS-ONLY mode is currently disabled
Starting background process VKTM
ORA-09985: SGA definition file could not be read
Undo initialization finished
Thread 1 advanced to log sequence 289
Archived Log entry 747 added for thread 1 sequence 1274
ORA-42024: interim table of an AQ table can not be a partitioned table
Current log# 66 seq# 1005 mem# 0
Current log# 930 seq# 1309 mem# 0
ORA-23400: invalid materialized view name " CRM.CALL_DETAIL_RECORDS "
Thread 1 advanced to log sequence 798
Thread 1 advanced to log sequence 873
Completed checkpoint up to RBA
Beginning log switch checkpoint up to RBA
Beginning log switch checkpoint up to RBA
PLS-00739: FORALL INSERT/UPDATE/DELETE not supported on remote tables
Errors in file /u01/app/oracle/diag/rdbms/ttprod/ttprod1/trace/ttprod1_ora_54628.trc
Undo initialization finished
Thread 1 advanced to log sequence 505
ORA-17619: max number of processes using I/O slaves in a instance reached
Completed checkpoint up to RBA
Undo initialization finished
ORA-24404: connection pool does not exist
Thread 1 advanced to log sequence 286
Archived Log entry 204 added for thread 1 sequence 7440
Undo initialization finished
Current log# 781 seq# 8224 mem# 0
Thread 1 advanced to log sequence 949
ORA-13020: coordinate is NULL
Completed checkpoint up to RBA
Archived Log entry 326 added for thread 1 sequence 3374
Current log# 518 seq# 6568 mem# 0
KUP-03022: lob data could not be found for field _SYSSMU7$
Current log# 583 seq# 8246 mem# 0
ARC0: Archival started
ORA-32013: failure in verifying parameters from the restored SPFILE
Undo initialization finished
Undo initialization finished
Thread 1 advanced to log sequence 124
Current log# 348 seq# 6171 mem# 0
Starting background process VKTM
ORA-44302: NULL network name is not permitted
Current log# 189 seq# 5841 mem# 0
Thread 1 advanced to log sequence 92
Undo initialization finished
Beginning log switch checkpoint up to RBA
Beginning log switch checkpoint up to RBA
RMAN-03090: Starting shared pool at /u01/app/oracle/oradata/ttprod/users01.dbf
Archived Log entry 385 added for thread 1 sequence 8223
Beginning log switch checkpoint up to RBA
Undo initialization finished
Thread 1 advanced to log sequence 217
ORA-26091: requested direct path operation not supported
Beginning log switch checkpoint up to RBA
ORA-00325: archived log for thread 1024 , wrong thread # ttstandby01 in header
Beginning log switch checkpoint up to RBA
Starting background process VKTM
ORA-16653: failed to reinstate database
Thread 1 advanced to log sequence 20
Thread 1 advanced to log sequence 577
Beginning log switch checkpoint up to RBA
Beginning log switch checkpoint up to RBA
Current log# 799 seq# 2637 mem# 0
UDI-00001: user requested cancel of current operation
Archived Log entry 856 added for thread 1 sequence 9145
PGA-21115: shutdown request received
ARC0: Archival started
Starting background process VKTM
Archived Log entry 483 added for thread 1 sequence 8290
ORA-09745: smscre: vm_allocate error, unable to create shared memory.
Archived Log entry 529 added for thread 1 sequence 3442
Current log# 553 seq# 4908 mem# 0
Beginning log switch checkpoint up to RBA
Undo initialization finished
Beginning log switch checkpoint up to RBA
ORA-56950: Invalid value for incident identifier
Thread 1 advanced to log sequence 165
Beginning log switch checkpoint up to RBA
Starting background process VKTM
Beginning log switch checkpoint up to RBA
Beginning log switch checkpoint up to RBA
ORA-08176: consistent read failure; rollback data not available
Errors in file /u01/app/oracle/diag/rdbms/ttprod/ttprod1/trace/ttprod1_ora_86187.trc
Starting background process VKTM
Completed checkpoint up to RBA
Starting background process VKTM
RMAN-06746: backup cancelled because there are no files to backup
Current log# 340 seq# 6105 mem# 0
ORA-01489: result of user_sessions concatenation is too long
Undo initialization finished
Starting background process VKTM
Beginning log switch checkpoint up to RBA
ARC0: Archival started
Beginning log switch checkpoint up to RBA
PRCR-01113: Failed to create detailed error message, rc = {0}
Current log# 378 seq# 6695 mem# 0
Beginning log switch checkpoint up to RBA
Current log# 724 seq# 6288 mem# 0
Completed checkpoint up to RBA
Beginning log switch checkpoint up to RBA
ORA-54523: inner rings of same outer ring cannot touch more than once
Archived Log entry 115 added for thread 1 sequence 7505
Thread 1 advanced to log sequence 846
Completed checkpoint up to RBA
Beginning log switch checkpoint up to RBA
Undo initialization finished
ORA-02879: sou2o: Could not gain access to protected memory
Completed checkpoint up to RBA
Beginning log switch checkpoint up to RBA
Starting background process VKTM
Thread 1 advanced to log sequence 602
CRS-09066: Process ID not found
Starting background process VKTM
Undo initialization finished
Undo initialization finished
ARC0: Archival started
Beginning log switch checkpoint up to RBA
RMAN-08013: channel SYSAUX : backup piece ttprod1
Undo initialization finished
Undo initialization finished
Beginning log switch checkpoint up to RBA
Starting background process VKTM
Current log# 536 seq# 5087 mem# 0
ORA-06009: NETASY: dialogue filename too long
Current log# 954 seq# 1466 mem# 0
Starting background process VKTM
ORA-32046: sequence column name for SEARCH clause must not be part of the column alias list
Undo initialization finished
ARC0: Archival started
Undo initialization finished
Current log# 273 seq# 2954 mem# 0
ORA-22869: depth of type dependency hierarchy exceeds maximum limit
Completed checkpoint up to RBA
Beginning log switch checkpoint up to RBA
ORA-16123: transaction SYSAUX /u01/app/oracle/oradata/ttprod/users01.dbf session_1123 is waiting for commit approval
Starting background process VKTM
ARC0: Archival started
Current log# 447 seq# 4551 mem# 0
Undo initialization finished
ORA-12804: parallel query server appears to have died
Errors in file /u01/app/oracle/diag/rdbms/ttprod/ttprod1/trace/ttprod1_ora_44558.trc
Undo initialization finished
RMAN-06112: changed datafile copy available
Errors in file /u01/app/oracle/diag/rdbms/ttprod/ttprod1/trace/ttprod1_ora_24594.trc
Completed checkpoint up to RBA
ARC0: Archival started
Current log# 999 seq# 8794 mem# 0
RDE-00053: invalid or null service instance.
Undo initialization finished
Completed checkpoint up to RBA
Completed checkpoint up to RBA
QSM-01202: query rewrite not possible when OPTIMIZER_MODE is set to rule based
Thread 1 advanced to log sequence 923
ORA-01146: cannot start online backup - file _SYSSMU12$ is already in backup
Starting background process VKTM
Undo initialization finished
ORA-02149: Specified partition does not exist
Errors in file /u01/app/oracle/diag/rdbms/ttprod/ttprod1/trace/ttprod1_ora_83611.trc
Thread 1 advanced to log sequence 643
Beginning log switch checkpoint up to RBA
TNS-00128: Missing COMMUNITY in TNSNET.ORA
Errors in file /u01/app/oracle/diag/rdbms/ttprod/ttprod1/trace/ttprod1_ora_72285.trc
Completed checkpoint up to RBA
ARC0: Archival started
ORA-36680: (XSDPART18) workspace object is not a dimension of the PARTITION TEMPLATE.
Beginning log switch checkpoint up to RBA
Current log# 433 seq# 3519 mem# 0
Thread 1 advanced to log sequence 561
ARC0: Archival started
ORA-13531: SQL Text was purged from AWR before the operation completed
Errors in file /u01/app/oracle/diag/rdbms/ttprod/ttprod1/trace/ttprod1_ora_30769.trc
Beginning log switch checkpoint up to RBA
DRG-11864: Unknown Access Authentication Scheme
Archived Log entry 424 added for thread 1 sequence 8114
ORA-56728: SQL blocks cannot be nested
Current log# 408 seq# 7879 mem# 0
Archived Log entry 638 added for thread 1 sequence 7382
Thread 1 advanced to log sequence 659
ARC0: Archival started
Beginning log switch checkpoint up to RBA
RMAN-06035: wrong version of recover.bsq, expecting large pool , found UNDOTBS1
Beginning log switch checkpoint up to RBA
OCI-22152: destination variable-length array is not initialized
Archived Log entry 745 added for thread 1 sequence 1620
Starting background process VKTM
Beginning log switch checkpoint up to RBA
ARC0: Archival started
Undo initialization finished
ORA-44756: Change to SQLType attribute of element ' ttprod1 ' is illegal
Completed checkpoint up to RBA
Undo initialization finished
Undo initialization finished
Completed checkpoint up to RBA
ARC0: Archival started
PRVF-02413: Failed to retrieve details of the device file "{0}" on nodes:
ARC0: Archival started
ARC0: Archival started
Beginning log switch checkpoint up to RBA
Starting background process VKTM
INS-35081: The ORACLE_HOME environment variable is currently set.
Thread 1 advanced to log sequence 983
Beginning log switch checkpoint up to RBA
Completed checkpoint up to RBA
Completed checkpoint up to RBA
ORA-09362: Windows 3.1 Two-Task driver unable to deallocate context area
Thread 1 advanced to log sequence 684
Archived Log entry 16 added for thread 1 sequence 2739
Thread 1 advanced to log sequence 361
EVM-00027: Memory allocation failure
ARC0: Archival started
Starting background process VKTM
Thread 1 advanced to log sequence 282
Archived Log entry 443 added for thread 1 sequence 7078
Completed checkpoint up to RBA
PRKH-03302: Oracle Clusterware database support layer returned OCR error
Errors in file /u01/app/oracle/diag/rdbms/ttprod/ttprod1/trace/ttprod1_ora_45086.trc
Completed checkpoint up to RBA
Current log# 74 seq# 9867 mem# 0
Archived Log entry 524 added for thread 1 sequence 2464
ARC0: Archival started
QSM-02093: mv uses an object REF clause
Thread 1 advanced to log sequence 289
Beginning log switch checkpoint up to RBA
Completed checkpoint up to RBA
Completed checkpoint up to RBA
Beginning log switch checkpoint up to RBA
ORA-23651: Capture ttprod2 is already in idx_users_email mode
Starting background process VKTM
Starting background process VKTM
ARC0: Archival started
LFI-01503: Max filename size exceeded generating filename.
Thread 1 advanced to log sequence 881
KUP-11017: file shared pool not found
Undo initialization finished
NNO-00711: cache dump countdown aborted
Undo initialization finished
Current log# 604 seq# 6476 mem# 0
Current log# 657 seq# 7679 mem# 0
CLSR-01009: database management module failed to start
Thread 1 advanced to log sequence 507
NNL-01070: System parameter file name: pg_toast_12345
Errors in file /u01/app/oracle/diag/rdbms/ttprod/ttprod1/trace/ttprod1_ora_71729.trc
Thread 1 advanced to log sequence 648
ARC0: Archival started
Undo initialization finished
ARC0: Archival started
ARC0: Archival started
INS-42003: No partitions selected
Errors in file /u01/app/oracle/diag/rdbms/ttprod/ttprod1/trace/ttprod1_ora_86981.trc
Archived Log entry 952 added for thread 1 sequence 8126
Undo initialization finished
Current log# 758 seq# 7823 mem# 0
Completed checkpoint up to RBA
ORA-13294: cannot transform geometry containing circular arcs
Errors in file /u01/app/oracle/diag/rdbms/ttprod/ttprod1/trace/ttprod1_ora_40229.trc
Completed checkpoint up to RBA
LPX-00315: extension function ~S not supported
Starting background process VKTM
Current log# 528 seq# 8456 mem# 0
Undo initialization finished
ORA-14284: one or more of table's subpartitions reside in a read-only tablespace
Starting background process VKTM
Archived Log entry 13 added for thread 1 sequence 4656
Starting background process VKTM
LSX-00294: field "~S" produced multiple hits
Undo initialization finished
Thread 1 advanced to log sequence 912
ORA-47405: negative trust level for Factor large pool
Errors in file /u01/app/oracle/diag/rdbms/ttprod/ttprod1/trace/ttprod1_ora_84268.trc
ARC0: Archival started
Beginning log switch checkpoint up to RBA
Current log# 284 seq# 2790 mem# 0
PRKO-02385: The specified hostname or address {0} cannot be resolved.
Thread 1 advanced to log sequence 974
Starting background process VKTM
PGU-41087: data name ttstandby01 does not exist
Starting background process VKTM
Undo initialization finished
Thread 1 advanced to log sequence 154
Current log# 835 seq# 9549 mem# 0
Thread 1 advanced to log sequence 675
DRG-13720: Stop entity already marked for deletion
Errors in file /u01/app/oracle/diag/rdbms/ttprod/ttprod1/trace/ttprod1_ora_19674.trc
Undo initialization finished
Current log# 217 seq# 2320 mem# 0
Thread 1 advanced to log sequence 947
Current log# 475 seq# 8360 mem# 0
ORA-01149: cannot shutdown - file TNS_ADMIN has online backup set
Completed checkpoint up to RBA
DRG-11007: multiple stopwords specified
Starting background process VKTM
ARC0: Archival started
ORA-13653: The directive with definition id UNDOTBS1 was not found.
Thread 1 advanced to log sequence 262
Undo initialization finished
Completed checkpoint up to RBA
PRCI-01121: Failed to determine if database {0} depends on Automatic Storage Management on node {1}
Starting background process VKTM
Beginning log switch checkpoint up to RBA
ARC0: Archival started
Starting background process VKTM
Beginning log switch checkpoint up to RBA
DIA-48314: Invalid ADR Control parameter [ APP_USER42 ]
Errors in file /u01/app/oracle/diag/rdbms/ttprod/ttprod1/trace/ttprod1_ora_22716.trc
ARC0: Archival started
Current log# 407 seq# 4873 mem# 0
Completed checkpoint up to RBA
Undo initialization finished
ARC0: Archival started
LPX-00206: invalid CDATA section
Errors in file /u01/app/oracle/diag/rdbms/ttprod/ttprod1/trace/ttprod1_ora_13614.trc
Undo initialization finished
Starting background process VKTM
ORA-24014: invalid value UNDOTBS1 , RETENTION_TIME should be FOREVER or non-negative
Errors in file /u01/app/oracle/diag/rdbms/ttprod/ttprod1/trace/ttprod1_ora_98305.trc
Undo initialization finished
ORA-40251: no support vectors were found
Undo initialization finished
Current log# 249 seq# 8535 mem# 0
XOQ-01999: More than one ORDER BY element is specified in the CUSTOMORDER clause.
Errors in file /u01/app/oracle/diag/rdbms/ttprod/ttprod1/trace/ttprod1_ora_30820.trc
Completed checkpoint up to RBA
Thread 1 advanced to log sequence 538
Thread 1 advanced to log sequence 671
ORA-29906: indextype CRM.CALL_DETAIL_RECORDS . 42 does not exist
Current log# 415 seq# 4664 mem# 0
Archived Log entry 459 added for thread 1 sequence 7054
ORA-13708: Some snapshots in the range [ shared pool , USERS ] were purged before the analysis was complete.
Errors in file /u01/app/oracle/diag/rdbms/ttprod/ttprod1/trace/ttprod1_ora_12250.trc
Current log# 498 seq# 2716 mem# 0
Archived Log entry 973 added for thread 1 sequence 3984
ARC0: Archival started
RMAN-05590: Reenabling controlfile options for auxiliary database
Archived Log entry 371 added for thread 1 sequence 1789
Archived Log entry 485 added for thread 1 sequence 2291
Undo initialization finished
XOQ-01978: The number of dimensionalities on cube " UNDOTBS1 " does not match the number of cube dimensionality maps on the cube map.
ARC0: Archival started
Completed checkpoint up to RBA
Archived Log entry 818 added for thread 1 sequence 7432
Archived Log entry 940 added for thread 1 sequence 3195
PRKO-02440: Network resource is already stopped.
Thread 1 advanced to log sequence 45
Completed checkpoint up to RBA
Completed checkpoint up to RBA
ORA-13914: Threshold notification failed.
Errors in file /u01/app/oracle/diag/rdbms/ttprod/ttprod1/trace/ttprod1_ora_60713.trc
Current log# 411 seq# 1849 mem# 0
Starting background process VKTM
ARC0: Archival started
Undo initialization finished
Completed checkpoint up to RBA
RMAN-06457: UNTIL SCN ( ttprod1 ) is ahead of last SCN in archived logs ( /u01/app/oracle/oradata/ttprod/users01.dbf )
Errors in file /u01/app/oracle/diag/rdbms/ttprod/ttprod1/trace/ttprod1_ora_86166.trc
Starting background process VKTM
Beginning log switch checkpoint up to RBA
Completed checkpoint up to RBA
OCI-31043: Element ' SP2-0552 ' not globally defined in schema ' pg_toast_12345 '
Current log# 805 seq# 1476 mem# 0
ORA-15011: failure group " SYSAUX " does not exist in diskgroup " NETWORK_OPS.SIM_INVENTORY "
Thread 1 advanced to log sequence 328
Completed checkpoint up to RBA
Thread 1 advanced to log sequence 590
Beginning log switch checkpoint up to RBA
Completed checkpoint up to RBA
ORA-13050: unable to construct spatial object
Starting background process VKTM
Beginning log switch checkpoint up to RBA
Undo initialization finished
Completed checkpoint up to RBA
ORA-00109: invalid value for attribute user_sessions : shared pool
ARC0: Archival started
CRS-10131: Failure to create named pipe CDR_STAGING . Details [ SP2-0552 ].
Undo initialization finished
Beginning log switch checkpoint up to RBA
RMAN-07524: ==========================================================
Errors in file /u01/app/oracle/diag/rdbms/ttprod/ttprod1/trace/ttprod1_ora_30396.trc
Current log# 815 seq# 8661 mem# 0
Completed checkpoint up to RBA
Thread 1 advanced to log sequence 113
Completed checkpoint up to RBA
NNL-00561: register <name> [-t<type>] [-d<address>] [-h<hostname>] [-l<listener_name>] : register an object with Oracle Names
Current log# 709 seq# 2078 mem# 0
Archived Log entry 62 added for thread 1 sequence 9674
Starting background process VKTM
ORA-31092: invalid SQL name " large pool "
Beginning log switch checkpoint up to RBA
OCI-22287: invalid or modified directory occurred during user_sessions operation
Completed checkpoint up to RBA
Current log# 782 seq# 6068 mem# 0
Thread 1 advanced to log sequence 923
LSX-00009: data missing for type "~S"
Starting background process VKTM
Archived Log entry 148 added for thread 1 sequence 3454
Beginning log switch checkpoint up to RBA
Starting background process VKTM
ORA-02421: missing or invalid schema authorization identifier
Errors in file /u01/app/oracle/diag/rdbms/ttprod/ttprod1/trace/ttprod1_ora_13716.trc
ARC0: Archival started
Beginning log switch checkpoint up to RBA
Completed checkpoint up to RBA
ARC0: Archival started
Undo initialization finished
RMAN-06608: RMAN configuration has no stored or default parameters
Archived Log entry 266 added for thread 1 sequence 5470
Beginning log switch checkpoint up to RBA
Starting background process VKTM
PGU-30611: references missing field SYSAUX specified for pk_orders
Undo initialization finished
NNO-00258: cannot load configuration from configuration database
Errors in file /u01/app/oracle/diag/rdbms/ttprod/ttprod1/trace/ttprod1_ora_88776.trc
Completed checkpoint up to RBA
Beginning log switch checkpoint up to RBA
Current log# 602 seq# 5036 mem# 0
ORA-54666: query gtype is a superset of the source geometry
Thread 1 advanced to log sequence 175
CRS-01614: No I/O has completed after 75% of the maximum interval. Voting file session_1123 will be considered not functional in number milliseconds
Undo initialization finished
Archived Log entry 27 added for thread 1 sequence 5229
Current log# 468 seq# 7413 mem# 0
XOQ-01709: PK_CUSTOMER_ACCOUNTS command cannot run on a cube.
Completed checkpoint up to RBA
Beginning log switch checkpoint up to RBA
Thread 1 advanced to log sequence 85
ORA-25128: No insert/update/delete on table with constraint ( USERS . UNDOTBS1 ) disabled and validated
Starting background process VKTM
IMG-01004: input DICOM object is not an image
Archived Log entry 457 added for thread 1 sequence 6605
Undo initialization finished
ARC0: Archival started
Completed checkpoint up to RBA
Starting background process VKTM
ORA-01323: Invalid state
Undo initialization finished
Beginning log switch checkpoint up to RBA
RMAN-06225: shutting down automatic instance idx_users_email
Archived Log entry 637 added for thread 1 sequence 1825
ARC0: Archival started
INS-41204: No shared partition are available between nodes.
Current log# 348 seq# 4501 mem# 0
Undo initialization finished
Archived Log entry 55 added for thread 1 sequence 3050
ARC0: Archival started
QSM-01040: match between the materialized view ( _SYSSMU12$ ) and query join graphs failed
Errors in file /u01/app/oracle/diag/rdbms/ttprod/ttprod1/trace/ttprod1_ora_13963.trc
Undo initialization finished
Undo initialization finished
Beginning log switch checkpoint up to RBA
Beginning log switch checkpoint up to RBA
Completed checkpoint up to RBA
CRS-01309: Oracle High Availability Service terminating, failed to register with group ' SP2-0552 '. Details at reporting_schema in /u01/app/oracle/oradata/ttprod/users01.dbf .
Beginning log switch checkpoint up to RBA
Undo initialization finished
Beginning log switch checkpoint up to RBA
Thread 1 advanced to log sequence 936
PLW-05020: parameter name must be an identifier
Archived Log entry 259 added for thread 1 sequence 5042
Current log# 313 seq# 8395 mem# 0
TNS-04204: Trace Assistant Internal ERROR: Couldn't Open trace file
Completed checkpoint up to RBA
Archived Log entry 834 added for thread 1 sequence 4610
Beginning log switch checkpoint up to RBA
Starting background process VKTM
Current log# 104 seq# 4304 mem# 0
ORA-39216: object type " pk_orders "." SYSAUX " hashcode mismatch
Beginning log switch checkpoint up to RBA
Current log# 524 seq# 3130 mem# 0
Beginning log switch checkpoint up to RBA
Starting background process VKTM
ORA-01310: requested return type not supported by the lcr_mine function
Beginning log switch checkpoint up to RBA
Completed checkpoint up to RBA
PRVF-04044: Unable to obtain OCR integrity details from nodes:
Archived Log entry 656 added for thread 1 sequence 9473
Current log# 287 seq# 1936 mem# 0
ORA-39212: installation error: XSL stylesheets not loaded correctly
Starting background process VKTM
Thread 1 advanced to log sequence 361
Beginning log switch checkpoint up to RBA
Beginning log switch checkpoint up to RBA
RDE-00010: not found
Archived Log entry 113 added for thread 1 sequence 3646
Archived Log entry 452 added for thread 1 sequence 3431
Starting background process VKTM
PCC-02103: Password:
Completed checkpoint up to RBA
CRS-04017: Failed to get the value for key ' USERS ' from OCR.
Starting background process VKTM
Starting background process VKTM
ARC0: Archival started
Current log# 863 seq# 1098 mem# 0
Completed checkpoint up to RBA
ORA-25452: duplicate attribute value for variable: _SYSSMU7$ , attribute: ttstandby01
Undo initialization finished
Thread 1 advanced to log sequence 97
Completed checkpoint up to RBA
ARC0: Archival started
Completed checkpoint up to RBA
ORA-25463: table alias not specified
ARC0: Archival started
ORA-12657: No algorithms installed
Errors in file /u01/app/oracle/diag/rdbms/ttprod/ttprod1/trace/ttprod1_ora_96951.trc
Current log# 799 seq# 6106 mem# 0
Completed checkpoint up to RBA
ARC0: Archival started
Undo initialization finished
INS-35076: The specified SID exceeds the number of characters allowed.
Archived Log entry 195 added for thread 1 sequence 6977
ORA-33147: (XSAWFREEZE4) The analytic workspace user_sessions is not frozen.
Archived Log entry 93 added for thread 1 sequence 6645
ORA-16082: logical standby is not initialized correctly
Starting background process VKTM
Thread 1 advanced to log sequence 367
Current log# 809 seq# 2256 mem# 0
Thread 1 advanced to log sequence 244
RDE-00054: invalid operation: number .
Starting background process VKTM
Starting background process VKTM
PLS-00131: Pragma TNS_ADMIN expects 2nd argument to be a procedure/function
Archived Log entry 202 added for thread 1 sequence 3274
ORA-16307: TSE key UNDOTBS1 successfully applied
Archived Log entry 629 added for thread 1 sequence 1467
PCC-00093: Invalid or obsolete option, ignored
Errors in file /u01/app/oracle/diag/rdbms/ttprod/ttprod1/trace/ttprod1_ora_92243.trc
Undo initialization finished
Undo initialization finished
Completed checkpoint up to RBA
PGU-42002: COPY statement: ended prematurely
Undo initialization finished
Current log# 858 seq# 3487 mem# 0
Thread 1 advanced to log sequence 428
Starting background process VKTM
Thread 1 advanced to log sequence 562
RMAN-05016: failover to previous backup
Errors in file /u01/app/oracle/diag/rdbms/ttprod/ttprod1/trace/ttprod1_ora_54777.trc
ARC0: Archival started
Beginning log switch checkpoint up to RBA
Starting background process VKTM
Beginning log switch checkpoint up to RBA
NZE-29046: Session is resumable.
Errors in file /u01/app/oracle/diag/rdbms/ttprod/ttprod1/trace/ttprod1_ora_46842.trc
ARC0: Archival started
Thread 1 advanced to log sequence 525
PRKN-01039: Failed to create directory "{0}" on node "{1}"
Completed checkpoint up to RBA
ARC0: Archival started
Beginning log switch checkpoint up to RBA
ORA-39921: Default Partition (Table) Tablespace idx_users_email for USERS not contained in transportable set.
Errors in file /u01/app/oracle/diag/rdbms/ttprod/ttprod1/trace/ttprod1_ora_28883.trc
Completed checkpoint up to RBA
Archived Log entry 958 added for thread 1 sequence 9718
Undo initialization finished
RMAN-06576: platform ' DATA_TS01 ' ( number ) found in header of datafile large pool does not match specified platform name ' pg_toast_12345 ' ( number )
Errors in file /u01/app/oracle/diag/rdbms/ttprod/ttprod1/trace/ttprod1_ora_44147.trc
ARC0: Archival started
Beginning log switch checkpoint up to RBA
ARC0: Archival started
Beginning log switch checkpoint up to RBA
INS-41704: Selected nodes should be members of the same cluster. The following nodes are not in the cluster: _SYSSMU7$ .
Completed checkpoint up to RBA
Archived Log entry 207 added for thread 1 sequence 4178
Current log# 606 seq# 1247 mem# 0
ARC0: Archival started
Undo initialization finished
ORA-27605: Smart I/O failed as a handle could not be obtained to the cell " _SYSSMU12$ " as the cell is not accessible.
Errors in file /u01/app/oracle/diag/rdbms/ttprod/ttprod1/trace/ttprod1_ora_36707.trc
Thread 1 advanced to log sequence 197
Completed checkpoint up to RBA
Undo initialization finished
Beginning log switch checkpoint up to RBA
Beginning log switch checkpoint up to RBA
RMAN-06193: connected to target database (not started)
Current log# 817 seq# 8373 mem# 0
ARC0: Archival started
Current log# 43 seq# 8003 mem# 0
Completed checkpoint up to RBA
PRCD-01163: Failed to modify database {0}
Starting background process VKTM
Undo initialization finished
Thread 1 advanced to log sequence 985
Starting background process VKTM
Beginning log switch checkpoint up to RBA
DRG-11223: Third-party filter indicates this document is password protected or encrypted.
Completed checkpoint up to RBA
Completed checkpoint up to RBA
Undo initialization finished
OCI-22162: element at index [ ttprod2 ] has been previously deleted
Archived Log entry 718 added for thread 1 sequence 9394
PCC-02447: Cannot specify destination offset in a LOB WRITE APPEND
Completed checkpoint up to RBA
Current log# 148 seq# 9458 mem# 0
Beginning log switch checkpoint up to RBA
Current log# 351 seq# 6287 mem# 0
Archived Log entry 698 added for thread 1 sequence 4267
ORA-19851: OS error while managing auxiliary database TNS_ADMIN
Archived Log entry 910 added for thread 1 sequence 3508
Completed checkpoint up to RBA
Starting background process VKTM
Archived Log entry 147 added for thread 1 sequence 9015
OCI-01864: the date is out of range for the current calendar
Undo initialization finished
Undo initialization finished
Current log# 586 seq# 5395 mem# 0
Current log# 54 seq# 5007 mem# 0
INS-01002: Copy failed as the source file fk_order_customer do not exist
Thread 1 advanced to log sequence 280
Completed checkpoint up to RBA
Current log# 372 seq# 6490 mem# 0
Thread 1 advanced to log sequence 683
RMAN-06745: skipping datafile copy TNS_ADMIN ; already backed up fk_order_customer time(s)
Completed checkpoint up to RBA
Undo initialization finished
Thread 1 advanced to log sequence 655
Starting background process VKTM
ORA-36618: (XSAGMODDIM00) workspace object is not a valid dynamic model for AGGMAP.
Thread 1 advanced to log sequence 245
Completed checkpoint up to RBA
Beginning log switch checkpoint up to RBA
Thread 1 advanced to log sequence 187
Archived Log entry 440 added for thread 1 sequence 8540
ORA-56973: import options do not match export options
Beginning log switch checkpoint up to RBA
NNO-00060: loading server topology from checkpoint file " CRM.CALL_DETAIL_RECORDS "
Starting background process VKTM
Undo initialization finished
Starting background process VKTM
Thread 1 advanced to log sequence 29
Thread 1 advanced to log sequence 27
INS-07004: Invalid bean store
Errors in file /u01/app/oracle/diag/rdbms/ttprod/ttprod1/trace/ttprod1_ora_24436.trc
Current log# 798 seq# 6458 mem# 0
Starting background process VKTM
ARC0: Archival started
ORA-16204: DDL successfully applied
Errors in file /u01/app/oracle/diag/rdbms/ttprod/ttprod1/trace/ttprod1_ora_63111.trc
Beginning log switch checkpoint up to RBA
ARC0: Archival started
Beginning log switch checkpoint up to RBA
Starting background process VKTM
INS-41102: No public interface designated.
Undo initialization finished
NNO-00064: loading domain data from checkpoint file " 5000 "
Current log# 565 seq# 3567 mem# 0
Starting background process VKTM
Thread 1 advanced to log sequence 151
ORA-31426: cannot modify active subscriptions
Undo initialization finished
Beginning log switch checkpoint up to RBA
ARC0: Archival started
ORA-33032: (XSAGDNGL15) In AGGMAP workspace object , VALUESET workspace object must be in extra dimensions of the relation.
Current log# 109 seq# 3647 mem# 0
Undo initialization finished
ORA-28375: cannot perform cross-endianism conversion on encrypted tablespace
Current log# 690 seq# 4963 mem# 0
Archived Log entry 337 added for thread 1 sequence 7386
Current log# 553 seq# 6373 mem# 0
RDE-00033: no universe specified.
Archived Log entry 711 added for thread 1 sequence 9405
ORA-38706: Cannot turn on FLASHBACK DATABASE logging.
Errors in file /u01/app/oracle/diag/rdbms/ttprod/ttprod1/trace/ttprod1_ora_68421.trc
Archived Log entry 695 added for thread 1 sequence 9858
Thread 1 advanced to log sequence 140
ORA-16227: DDL skipped due to missing object
Starting background process VKTM
Starting background process VKTM
ORA-10929: trace name context forever
Undo initialization finished
Completed checkpoint up to RBA
ARC0: Archival started
Thread 1 advanced to log sequence 378
Thread 1 advanced to log sequence 276
INS-32077: The following selected languages are not supported; _SYSSMU12$
Errors in file /u01/app/oracle/diag/rdbms/ttprod/ttprod1/trace/ttprod1_ora_18029.trc
Undo initialization finished
ARC0: Archival started
ARC0: Archival started
Beginning log switch checkpoint up to RBA
RMAN-06428: recovery catalog is not installed
ARC0: Archival started
Completed checkpoint up to RBA
Undo initialization finished
ORA-19654: must use backup control file to switch file incarnations
Completed checkpoint up to RBA
Archived Log entry 229 added for thread 1 sequence 3903
Undo initialization finished
Current log# 373 seq# 3762 mem# 0
PRVF-09991: Owner of device "{0}" did not match the expected owner. [Expected = "{1}"; Found = "{2}"] on nodes: {3}
Thread 1 advanced to log sequence 514
Beginning log switch checkpoint up to RBA
Current log# 794 seq# 5587 mem# 0
Starting background process VKTM
ARC0: Archival started
PLS-00745: ASSEMBLY CONTEXT _SYSSMU7$ is null
Errors in file /u01/app/oracle/diag/rdbms/ttprod/ttprod1/trace/ttprod1_ora_39666.trc
ARC0: Archival started
ARC0: Archival started
Archived Log entry 843 added for thread 1 sequence 1131
RMAN-08584: copying current control file
ARC0: Archival started
ARC0: Archival started
RMAN-08089: channel INVOICE_LINES_IDX : specifying datafile(s) to restore from backup set
Beginning log switch checkpoint up to RBA
Current log# 924 seq# 1830 mem# 0
Current log# 133 seq# 4210 mem# 0
Thread 1 advanced to log sequence 201
ARC0: Archival started
TNS-00264: Navigator: Failed to reload configuration data
Archived Log entry 159 added for thread 1 sequence 7867
ORA-54664: TO_GEOMETRY: internal error [ number , NETWORK_OPS.SIM_INVENTORY ]
Thread 1 advanced to log sequence 703
ORA-28395: could not write the new master key to the wallet
Undo initialization finished
IMP-00005: all allowable logon attempts failed
Current log# 439 seq# 9505 mem# 0
ORA-31491: could not add logfile to LogMiner session
Completed checkpoint up to RBA
Thread 1 advanced to log sequence 124
RMAN-08086: replaced script ttprod2
Undo initialization finished
Thread 1 advanced to log sequence 868
Starting background process VKTM
Completed checkpoint up to RBA
PRCN-02039: Failed to retrieve Oracle home for {0} on node {1}
Errors in file /u01/app/oracle/diag/rdbms/ttprod/ttprod1/trace/ttprod1_ora_93300.trc
Beginning log switch checkpoint up to RBA
PCC-00115: Array required here
Beginning log switch checkpoint up to RBA
ORA-47985: password same as or similar to user
Undo initialization finished
Completed checkpoint up to RBA
Thread 1 advanced to log sequence 492
ARC0: Archival started
RMAN-06109: changed archived log unavailable
Errors in file /u01/app/oracle/diag/rdbms/ttprod/ttprod1/trace/ttprod1_ora_94102.trc
Completed checkpoint up to RBA
Starting background process VKTM
Beginning log switch checkpoint up to RBA
Beginning log switch checkpoint up to RBA
ORA-32846: Messaging Gateway agent cannot be started; status is SP2-0552
Archived Log entry 750 added for thread 1 sequence 6449
RMAN-08612: channel pk_orders : failover to duplicate backup on device 1024
Current log# 436 seq# 3524 mem# 0
ARC0: Archival started
Archived Log entry 847 added for thread 1 sequence 3624
Starting background process VKTM
PCC-02407: Object and REF types do not match
Current log# 744 seq# 8721 mem# 0
Thread 1 advanced to log sequence 851
Undo initialization finished
Thread 1 advanced to log sequence 573
CRS-01004: The OCR was imported from CRM.CALL_DETAIL_RECORDS .
ARC0: Archival started
Beginning log switch checkpoint up to RBA
Beginning log switch checkpoint up to RBA
Undo initialization finished
Beginning log switch checkpoint up to RBA
PRKO-02141: Option '-r' requires option '-a'
Completed checkpoint up to RBA
Thread 1 advanced to log sequence 333
Completed checkpoint up to RBA
Undo initialization finished
ORA-39930: Violation large pool .
Thread 1 advanced to log sequence 857
ORA-49441: Warnings while finalizing package, details in file 3
Current log# 318 seq# 5941 mem# 0
ARC0: Archival started
LPX-01150: [XUTY0022] Invalid attribute insertion into a document node
Beginning log switch checkpoint up to RBA
Completed checkpoint up to RBA
Archived Log entry 158 added for thread 1 sequence 4225
Undo initialization finished
RMAN-07209: closed INVOICE_LINES_IDX failures
Thread 1 advanced to log sequence 352
Beginning log switch checkpoint up to RBA
ORA-13653: The directive with definition id pk_orders was not found.
Undo initialization finished
Completed checkpoint up to RBA
Archived Log entry 992 added for thread 1 sequence 1527
RMAN-06510: RMAN retention policy is set to recovery window of number days
Thread 1 advanced to log sequence 42
DIA-48501: File Read Error [ 42 ] [ CDR_STAGING ]
ARC0: Archival started
Thread 1 advanced to log sequence 888
Undo initialization finished
Current log# 689 seq# 9339 mem# 0
Beginning log switch checkpoint up to RBA
NID-00482: Database is not aware of previous backups and archived logs in Recovery Area.
Errors in file /u01/app/oracle/diag/rdbms/ttprod/ttprod1/trace/ttprod1_ora_80655.trc
Current log# 18 seq# 3904 mem# 0
ARC0: Archival started
Beginning log switch checkpoint up to RBA
ARC0: Archival started
PCC-01202: Identifier " 5000 " truncated to 31 characters
Errors in file /u01/app/oracle/diag/rdbms/ttprod/ttprod1/trace/ttprod1_ora_49196.trc
Thread 1 advanced to log sequence 33
Completed checkpoint up to RBA
Starting background process VKTM
Thread 1 advanced to log sequence 291
Beginning log switch checkpoint up to RBA
ORA-06314: IPA: Event set up failure
ARC0: Archival started
NNL-00241: Processing of modification requests is currently enabled
Current log# 593 seq# 8006 mem# 0
Beginning log switch checkpoint up to RBA
ARC0: Archival started
ORA-44314: network name already exists
Beginning log switch checkpoint up to RBA
Beginning log switch checkpoint up to RBA
XOQ-01486: Consistent solve has two aggregation steps over dimension " BILLING.CUST_ORDERS ".
Completed checkpoint up to RBA
Undo initialization finished
Completed checkpoint up to RBA
NNL-00012: invalid " USERS " value " ttstandby01 "
Beginning log switch checkpoint up to RBA
Undo initialization finished
Current log# 721 seq# 5379 mem# 0
ORA-19037: XMLType result can not be a fragment
Errors in file /u01/app/oracle/diag/rdbms/ttprod/ttprod1/trace/ttprod1_ora_40548.trc
Completed checkpoint up to RBA
Beginning log switch checkpoint up to RBA
Current log# 296 seq# 5799 mem# 0
ORA-23360: only one materialized view for master table " SP2-0552 " can be created
Archived Log entry 275 added for thread 1 sequence 8606
Beginning log switch checkpoint up to RBA
Current log# 503 seq# 7765 mem# 0
OCI-22317: typecode number is not legal as a number type
Undo initialization finished
ORA-16285: operation not permitted due to inconsistent role state
Archived Log entry 699 added for thread 1 sequence 8581
Beginning log switch checkpoint up to RBA
Starting background process VKTM
ORA-19044: character length specified for XMLSerialize is too small.
Errors in file /u01/app/oracle/diag/rdbms/ttprod/ttprod1/trace/ttprod1_ora_72338.trc
Completed checkpoint up to RBA
Thread 1 advanced to log sequence 142
ARC0: Archival started
Current log# 464 seq# 8126 mem# 0
Starting background process VKTM
RMAN-08582: channel _SYSSMU7$ : starting archived log copy
Current log# 663 seq# 5342 mem# 0
NZE-29227: Certificate is expired.
Completed checkpoint up to RBA
Archived Log entry 942 added for thread 1 sequence 2923
ARC0: Archival started
RMAN-08182: channel ttprod1 : validation complete, elapsed time: ttprod2
Thread 1 advanced to log sequence 400
Current log# 544 seq# 2513 mem# 0
Completed checkpoint up to RBA
Undo initialization finished
Archived Log entry 947 added for thread 1 sequence 3886
ORA-30112: multiple values not allowed for parameter ' ttprod1 '
Archived Log entry 818 added for thread 1 sequence 4985
ARC0: Archival started
Starting background process VKTM
NPL-00103: unusable ASN.1 context
Beginning log switch checkpoint up to RBA
Current log# 267 seq# 7401 mem# 0
Archived Log entry 961 added for thread 1 sequence 8130
NNL-00260: Server-generated requests now do not require authoritative answers
Starting background process VKTM
ARC0: Archival started
Completed checkpoint up to RBA
ORA-19010: Cannot insert XML fragments
Thread 1 advanced to log sequence 144
Current log# 169 seq# 1017 mem# 0
Archived Log entry 30 added for thread 1 sequence 9326
RMAN-07514: =======================================
Errors in file /u01/app/oracle/diag/rdbms/ttprod/ttprod1/trace/ttprod1_ora_59520.trc
Current log# 455 seq# 2962 mem# 0
ORA-14214: VALUES (<value list>) cannot be used for Range subpartitioned tables
Errors in file /u01/app/oracle/diag/rdbms/ttprod/ttprod1/trace/ttprod1_ora_92198.trc
Thread 1 advanced to log sequence 141
Undo initialization finished
Completed checkpoint up to RBA
ORA-16307: TSE key 1024 successfully applied
Undo initialization finished
ARC0: Archival started
Completed checkpoint up to RBA
Current log# 324 seq# 4919 mem# 0
QSM-02003: aggregate function nested within an expression
Thread 1 advanced to log sequence 288
Beginning log switch checkpoint up to RBA
Beginning log switch checkpoint up to RBA
Current log# 318 seq# 5432 mem# 0
Completed checkpoint up to RBA
ORA-16004: backup database required recovery
Thread 1 advanced to log sequence 401
ORA-30078: partition bound must be TIME/TIMESTAMP WITH TIME ZONE literals
Thread 1 advanced to log sequence 284
RDJ-00003: Error parsing " large pool " ttprod1
Undo initialization finished
Thread 1 advanced to log sequence 447
ARC0: Archival started
Current log# 36 seq# 9215 mem# 0
ORA-02096: specified initialization parameter is not modifiable with this option
Undo initialization finished
PGU-39110: EP APP_USER42 fk_order_customer
Archived Log entry 718 added for thread 1 sequence 6886
Archived Log entry 629 added for thread 1 sequence 1343
Current log# 839 seq# 4875 mem# 0
ARC0: Archival started
Thread 1 advanced to log sequence 380
NZE-29124: pkcs11 library name already set
Beginning log switch checkpoint up to RBA
ARC0: Archival started
Completed checkpoint up to RBA
Undo initialization finished
Current log# 179 seq# 8301 mem# 0
NID-00301: Datafile ttprod2 - dbid changed, wrote new name
Errors in file /u01/app/oracle/diag/rdbms/ttprod/ttprod1/trace/ttprod1_ora_84931.trc
Starting background process VKTM
Undo initialization finished
ORA-38606: FI support threshold not between [0, 1]
Undo initialization finished
ORA-31070: Invalid database user ID 1024
Errors in file /u01/app/oracle/diag/rdbms/ttprod/ttprod1/trace/ttprod1_ora_47126.trc
Completed checkpoint up to RBA
Thread 1 advanced to log sequence 808
ORA-39817: index /u01/app/oracle/oradata/ttprod/users01.dbf . ttprod1 was ignored due to:
Thread 1 advanced to log sequence 959
Archived Log entry 606 added for thread 1 sequence 8102
Undo initialization finished
RMAN-06456: command is obsolete
Errors in file /u01/app/oracle/diag/rdbms/ttprod/ttprod1/trace/ttprod1_ora_75759.trc
Undo initialization finished
Starting background process VKTM
Beginning log switch checkpoint up to RBA
ORA-27008: function called with invalid file structure
Completed checkpoint up to RBA
Thread 1 advanced to log sequence 57
Current log# 961 seq# 7964 mem# 0
Current log# 488 seq# 3902 mem# 0
ORA-12696: Double Encryption Turned On, login disallowed
Errors in file /u01/app/oracle/diag/rdbms/ttprod/ttprod1/trace/ttprod1_ora_26577.trc
Starting background process VKTM
ARC0: Archival started
Completed checkpoint up to RBA
Starting background process VKTM
ORA-19919: encrypted backups to tertiary storage require Oracle Secure Backup
ARC0: Archival started
Thread 1 advanced to log sequence 125
Starting background process VKTM
Current log# 773 seq# 4838 mem# 0
ORA-27546: Oracle compiled against IPC interface version DATA_TS01 . CDR_STAGING found version CDR_STAGING . large pool
Beginning log switch checkpoint up to RBA
RMAN-04012: auxiliary database Password:
Errors in file /u01/app/oracle/diag/rdbms/ttprod/ttprod1/trace/ttprod1_ora_27933.trc
Current log# 205 seq# 1504 mem# 0
ORA-40214: duplicate setting: 42
Archived Log entry 732 added for thread 1 sequence 6653
Completed checkpoint up to RBA
PRVF-05061: SCAN VIP '"{0}"' not running
Errors in file /u01/app/oracle/diag/rdbms/ttprod/ttprod1/trace/ttprod1_ora_30261.trc
Completed checkpoint up to RBA
Thread 1 advanced to log sequence 123
Starting background process VKTM
LFI-00138: Unable to perform UNDOTBS1 on a name object that is 1024 .
Current log# 227 seq# 6680 mem# 0
Beginning log switch checkpoint up to RBA
RMAN-07222: =======================
Thread 1 advanced to log sequence 249
Starting background process VKTM
Starting background process VKTM
Completed checkpoint up to RBA
Thread 1 advanced to log sequence 830
ORA-41102: No database has currently been designated as Cluster Director.
Errors in file /u01/app/oracle/diag/rdbms/ttprod/ttprod1/trace/ttprod1_ora_75240.trc
Starting background process VKTM
Completed checkpoint up to RBA
Current log# 353 seq# 6762 mem# 0
DRG-10101: no value for argument: large pool
Current log# 365 seq# 9242 mem# 0
Archived Log entry 112 added for thread 1 sequence 5614
Current log# 713 seq# 7065 mem# 0
Completed checkpoint up to RBA
Archived Log entry 44 added for thread 1 sequence 1855
CRS-04230: A device was found where the IPMI device should be, but the device is not an IPMI device
Undo initialization finished
ARC0: Archival started
ORA-25320: Failed to create, alter, or remove Subscriber
Errors in file /u01/app/oracle/diag/rdbms/ttprod/ttprod1/trace/ttprod1_ora_66522.trc
Undo initialization finished
Current log# 134 seq# 1071 mem# 0
Thread 1 advanced to log sequence 17
ORA-39157: error appending extension to file " user_sessions "
Undo initialization finished
Undo initialization finished
Undo initialization finished
Archived Log entry 577 added for thread 1 sequence 3869
ORA-40382: More than one linear regression equation in the model
Errors in file /u01/app/oracle/diag/rdbms/ttprod/ttprod1/trace/ttprod1_ora_52095.trc
Undo initialization finished
ORA-19653: cannot switch to older file incarnation
Errors in file /u01/app/oracle/diag/rdbms/ttprod/ttprod1/trace/ttprod1_ora_87803.trc
Completed checkpoint up to RBA
Archived Log entry 827 added for thread 1 sequence 5258
Beginning log switch checkpoint up to RBA
ARC0: Archival started
ORA-26763: invalid file type " pk_orders "
Undo initialization finished
Starting background process VKTM
Current log# 88 seq# 7956 mem# 0
ARC0: Archival started
ORA-19233: XQST0013 - invalid pragma
ARC0: Archival started
Starting background process VKTM
ORA-64142: Shared tables must have same semantics for truncation.
ARC0: Archival started
Starting background process VKTM
Beginning log switch checkpoint up to RBA
Current log# 387 seq# 4950 mem# 0
Archived Log entry 719 added for thread 1 sequence 3074
ORA-14063: Unusable index exists on unique/primary constraint key
Undo initialization finished
Completed checkpoint up to RBA
Current log# 333 seq# 8169 mem# 0
ORA-23620: bind value size too large for PL/SQL CALL operation
Beginning log switch checkpoint up to RBA
Thread 1 advanced to log sequence 112
Thread 1 advanced to log sequence 99
Starting background process VKTM
Completed checkpoint up to RBA
NID-00333: Cannot read the header of the following datafiles:
Archived Log entry 361 added for thread 1 sequence 5195
Beginning log switch checkpoint up to RBA
ORA-12410: internal policy error for policy: 17 Error: APP_USER42
Archived Log entry 806 added for thread 1 sequence 8688
Archived Log entry 952 added for thread 1 sequence 5774
Starting background process VKTM
NNO-00624: setting auto-refresh expiration period to number seconds
Completed checkpoint up to RBA
Current log# 781 seq# 5460 mem# 0
ORA-19287: XPST0017 - invalid number of arguments to function - CRM.CALL_DETAIL_RECORDS : BILLING.CUST_ORDERS
Errors in file /u01/app/oracle/diag/rdbms/ttprod/ttprod1/trace/ttprod1_ora_10628.trc
Completed checkpoint up to RBA
RMAN-06933: Transport script name too long
Beginning log switch checkpoint up to RBA
Beginning log switch checkpoint up to RBA
RMAN-08051: cataloged archived log
Undo initialization finished
Completed checkpoint up to RBA
Completed checkpoint up to RBA
ARC0: Archival started
Beginning log switch checkpoint up to RBA
RMAN-06439: RMAN must be upgraded to version reporting_schema to work with this package
ARC0: Archival started
Completed checkpoint up to RBA
Undo initialization finished
Starting background process VKTM
Undo initialization finished
RMAN-08527: channel large pool : starting ttprod1 proxy datafile backup at TNS_ADMIN
Starting background process VKTM
Current log# 523 seq# 2325 mem# 0
ARC0: Archival started
Thread 1 advanced to log sequence 832
Archived Log entry 180 added for thread 1 sequence 9665
RMAN-12016: using channel ttprod1
Thread 1 advanced to log sequence 413
Beginning log switch checkpoint up to RBA
Archived Log entry 379 added for thread 1 sequence 1776
Archived Log entry 383 added for thread 1 sequence 1399
XOQ-02533: The cube dimensionality map has neither a join condition nor an expression.
Completed checkpoint up to RBA
Starting background process VKTM
ORA-19030: Method invalid for non-schema based XML Documents.
Completed checkpoint up to RBA
Starting background process VKTM
Completed checkpoint up to RBA
ARC0: Archival started
ORA-16803: unable to query a database table or fixed view
Errors in file /u01/app/oracle/diag/rdbms/ttprod/ttprod1/trace/ttprod1_ora_54149.trc
Starting background process VKTM
Starting background process VKTM
Current log# 254 seq# 9490 mem# 0
ORA-37527: (XSCHGDFN01) SESSION values of dimension USERS are being automatically deleted.
Starting background process VKTM
Undo initialization finished
Undo initialization finished
PRCD-01113: Failed to modify service {0}
Starting background process VKTM
Current log# 501 seq# 3289 mem# 0
Thread 1 advanced to log sequence 849
Completed checkpoint up to RBA
ORA-29374: resource plan ttprod2 in top-plan pk_orders has no plan directives
Thread 1 advanced to log sequence 854
Archived Log entry 66 added for thread 1 sequence 1584
Undo initialization finished
RMAN-06128: skipping inaccessible file reporting_schema
Thread 1 advanced to log sequence 799
Archived Log entry 492 added for thread 1 sequence 1300
Beginning log switch checkpoint up to RBA
ORA-04932: increment or adjust of sequence number failed
ARC0: Archival started
Undo initialization finished
Beginning log switch checkpoint up to RBA
Current log# 385 seq# 3002 mem# 0
PCC-00110: Oracle extension to the WHENEVER statement
Errors in file /u01/app/oracle/diag/rdbms/ttprod/ttprod1/trace/ttprod1_ora_46252.trc
Beginning log switch checkpoint up to RBA
Archived Log entry 369 added for thread 1 sequence 9874
Starting background process VKTM
ORA-39912: Partitioned index 1024 . large pool in tablespace TNS_ADMIN points to table CRM.CALL_DETAIL_RECORDS . 3 in tablespace user_sessions outside of transportable set.
Current log# 537 seq# 1295 mem# 0
Beginning log switch checkpoint up to RBA
ARC0: Archival started
Thread 1 advanced to log sequence 637
ORA-14259: table is not partitioned by Hash method
Starting background process VKTM
Beginning log switch checkpoint up to RBA
Archived Log entry 697 added for thread 1 sequence 4078
RMAN-11002: could not open a cursor to the target database
Errors in file /u01/app/oracle/diag/rdbms/ttprod/ttprod1/trace/ttprod1_ora_79977.trc
Archived Log entry 734 added for thread 1 sequence 9664
Archived Log entry 485 added for thread 1 sequence 6200
Undo initialization finished
Beginning log switch checkpoint up to RBA
Thread 1 advanced to log sequence 155
ORA-02787: Unable to allocate memory for segment list
Completed checkpoint up to RBA
CRS-00216: Could not stop resource ' shared pool '.
Archived Log entry 795 added for thread 1 sequence 4506
NID-00480: Database is intact - database is ready to be open or shut down.
Undo initialization finished
ORA-27233: file is not an ELF file
ARC0: Archival started
PLW-05015: implementation restriction - too many debug records
Errors in file /u01/app/oracle/diag/rdbms/ttprod/ttprod1/trace/ttprod1_ora_70429.trc
ARC0: Archival started
Archived Log entry 619 added for thread 1 sequence 7256
Starting background process VKTM
ARC0: Archival started
RMAN-06114: changed control file copy available
Starting background process VKTM
Undo initialization finished
Beginning log switch checkpoint up to RBA
RMAN-20003: target database incarnation not found in recovery catalog
Thread 1 advanced to log sequence 793
Thread 1 advanced to log sequence 238
Current log# 98 seq# 2363 mem# 0
Current log# 949 seq# 4115 mem# 0
ORA-39751: partitioned table on both sides of PARTITIONED OUTER JOIN is not supported
Errors in file /u01/app/oracle/diag/rdbms/ttprod/ttprod1/trace/ttprod1_ora_61104.trc
Starting background process VKTM
IMG-00609: unable to read image stored in a BFILE
Current log# 81 seq# 9506 mem# 0
PRKR-01057: environment variable does not exist
ARC0: Archival started
Current log# 587 seq# 4223 mem# 0
Beginning log switch checkpoint up to RBA
ARC0: Archival started
ARC0: Archival started
OCI-22976: incorrect number of arguments to MAKE_REF
Thread 1 advanced to log sequence 639
NID-00330: The following datafiles are offline immediate:
ARC0: Archival started
Beginning log switch checkpoint up to RBA
Beginning log switch checkpoint up to RBA
Current log# 832 seq# 9439 mem# 0
Undo initialization finished
CRS-00013: An error occurred while attempting to check for the existence of file " 3 " during log file rotation. Additional diagnostics: BILLING.CUST_ORDERS
Undo initialization finished
Completed checkpoint up to RBA
Starting background process VKTM
Starting background process VKTM
ORA-32606: missing NAV keyword in MODEL clause
Completed checkpoint up to RBA
Beginning log switch checkpoint up to RBA
ARC0: Archival started
Undo initialization finished
ORA-16302: extended data type support is not supported for specified table
Starting background process VKTM
Thread 1 advanced to log sequence 346
Beginning log switch checkpoint up to RBA
Undo initialization finished
ORA-13779: invalid load option
Completed checkpoint up to RBA
Completed checkpoint up to RBA
RMAN-08611: channel pk_orders : piece handle= fk_order_customer tag= _SYSSMU7$
Thread 1 advanced to log sequence 760
Beginning log switch checkpoint up to RBA
Undo initialization finished
NID-00336: The following datafiles are offline clean:
ARC0: Archival started
Thread 1 advanced to log sequence 717
Archived Log entry 893 added for thread 1 sequence 3953
ARC0: Archival started
INS-40923: Unable to match a local interface or subnet with the SCAN.
Undo initialization finished
Beginning log switch checkpoint up to RBA
Archived Log entry 819 added for thread 1 sequence 1729
Undo initialization finished
ORA-28174: Kerberos ticket not provided by proxy
Current log# 77 seq# 6816 mem# 0
Current log# 514 seq# 7486 mem# 0
RMAN-06208: to mismatched status. Use CROSSCHECK command to fix status
Current log# 915 seq# 4653 mem# 0
ARC0: Archival started
Current log# 258 seq# 1003 mem# 0
ARC0: Archival started
ORA-01261: Parameter BILLING.CUST_ORDERS destination reporting_schema cannot be translated
ARC0: Archival started
DIA-48803: The keyword " pk_orders " is not defined for this command
Thread 1 advanced to log sequence 987
Undo initialization finished
Archived Log entry 229 added for thread 1 sequence 8531
Starting background process VKTM
CRS-02570: Internal Error: Number of objects ' number ' is different from number of lists ' number '
ARC0: Archival started
Beginning log switch checkpoint up to RBA
Starting background process VKTM
ORA-12663: Services required by client not available on the server
Archived Log entry 24 added for thread 1 sequence 1408
DRG-50914: invalid last document number 3
Thread 1 advanced to log sequence 578
Undo initialization finished
Completed checkpoint up to RBA
ORA-19633: control file record TNS_ADMIN is out of sync with recovery catalog
Undo initialization finished
Completed checkpoint up to RBA
Starting background process VKTM
Thread 1 advanced to log sequence 242
Beginning log switch checkpoint up to RBA
ORA-26811: Client has already attached to 5000 apply " 3 ".
Archived Log entry 484 added for thread 1 sequence 8986
Current log# 802 seq# 9268 mem# 0
Starting background process VKTM
Current log# 589 seq# 3386 mem# 0
ARC0: Archival started
RMAN-06765: Tablespace CDR_STAGING will be encrypted in future backup sets
ARC0: Archival started
ARC0: Archival started
Completed checkpoint up to RBA
Thread 1 advanced to log sequence 524
NID-00132: CHECKPOINT_CHANGE# in datafile " 5000 ": PK_CUSTOMER_ACCOUNTS in the future of controlfile: USERS
Starting background process VKTM
Starting background process VKTM
ARC0: Archival started
Beginning log switch checkpoint up to RBA
ARC0: Archival started
CLST-02302: failure 5000 validating configuration of private interconnect name UNDOTBS1
Completed checkpoint up to RBA
Archived Log entry 95 added for thread 1 sequence 3436
PRVF-05424: Clock time offset check failed
Undo initialization finished
Starting background process VKTM
Thread 1 advanced to log sequence 11
Archived Log entry 58 added for thread 1 sequence 1680
EXP-00086: Primary key REFs in table " 5000 "may not be valid on import
Beginning log switch checkpoint up to RBA
Archived Log entry 822 added for thread 1 sequence 9311
ARC0: Archival started
Completed checkpoint up to RBA
Current log# 888 seq# 5847 mem# 0
INS-32061: The selected ASM disk group is invalid.
Thread 1 advanced to log sequence 397
Beginning log switch checkpoint up to RBA
Completed checkpoint up to RBA
RMAN-05511: Datafile pk_orders skipped by request
Completed checkpoint up to RBA
ORA-29395: cannot set the initial consumer group to 5000
Errors in file /u01/app/oracle/diag/rdbms/ttprod/ttprod1/trace/ttprod1_ora_47222.trc
Completed checkpoint up to RBA
Undo initialization finished
Current log# 640 seq# 2137 mem# 0
Current log# 907 seq# 2630 mem# 0
Beginning log switch checkpoint up to RBA
SQL-02145: Invalid dynamic descriptor
Beginning log switch checkpoint up to RBA
Undo initialization finished
Current log# 55 seq# 5427 mem# 0
ARC0: Archival started
Archived Log entry 895 added for thread 1 sequence 8879
ORA-41024: Cursor needs to be parsed again
Errors in file /u01/app/oracle/diag/rdbms/ttprod/ttprod1/trace/ttprod1_ora_78086.trc
Starting background process VKTM
Current log# 491 seq# 5893 mem# 0
Thread 1 advanced to log sequence 391
Undo initialization finished
ORA-29283: Invalid file operation
Completed checkpoint up to RBA
Beginning log switch checkpoint up to RBA
CRS-02588: A cyclical dependency on ' /u01/app/oracle/oradata/ttprod/users01.dbf ' is detected from ' app_db ' via type ' pg_toast_12345 '
ARC0: Archival started
Beginning log switch checkpoint up to RBA
Archived Log entry 378 added for thread 1 sequence 9471
Completed checkpoint up to RBA
PRCT-01109: Failed to get diskgroup names for node {0}
Completed checkpoint up to RBA
Starting background process VKTM
ARC0: Archival started
ORA-29844: duplicate operator name specified
Thread 1 advanced to log sequence 179
Archived Log entry 882 added for thread 1 sequence 5527
Archived Log entry 536 added for thread 1 sequence 9169
ORA-09844: soacon: Archmon unable to open named pipe.
Current log# 557 seq# 8502 mem# 0
Undo initialization finished
Beginning log switch checkpoint up to RBA
RMAN-08611: channel pg_toast_12345 : piece handle= session_1123 tag= SP2-0552
Completed checkpoint up to RBA
ORA-24056: internal inconsistency for QUEUE _SYSSMU12$ and destination 17
Current log# 686 seq# 1372 mem# 0
Thread 1 advanced to log sequence 941
ORA-02199: missing DATAFILE/TEMPFILE clause
Starting background process VKTM
KUP-04029: numeric field overflowed
Errors in file /u01/app/oracle/diag/rdbms/ttprod/ttprod1/trace/ttprod1_ora_87201.trc
Completed checkpoint up to RBA
RMAN-08505: output file name= NETWORK_OPS.SIM_INVENTORY
Archived Log entry 63 added for thread 1 sequence 9491
Thread 1 advanced to log sequence 907
CLST-01401: formatting voting device: 17
Thread 1 advanced to log sequence 193
Starting background process VKTM
Undo initialization finished
ARC0: Archival started
RMAN-07212: skipping failure pk_orders because it was CLOSED
Errors in file /u01/app/oracle/diag/rdbms/ttprod/ttprod1/trace/ttprod1_ora_79062.trc
Starting background process VKTM
Archived Log entry 45 added for thread 1 sequence 5745
QSM-01348: an invalid predicate was found in an inline view
Archived Log entry 817 added for thread 1 sequence 8797
INS-32038: The operating system group specified for central inventory (oraInventory) ownership is invalid.
Errors in file /u01/app/oracle/diag/rdbms/ttprod/ttprod1/trace/ttprod1_ora_72675.trc
Current log# 616 seq# 7610 mem# 0
ARC0: Archival started
Thread 1 advanced to log sequence 832
ORA-55615: Event to test archiver scheduled internal tasks
Beginning log switch checkpoint up to RBA
PRVF-05613: 'nameserver' entry does not exist in file "{0}" on nodes: "{1}"
Errors in file /u01/app/oracle/diag/rdbms/ttprod/ttprod1/trace/ttprod1_ora_39696.trc
Completed checkpoint up to RBA
ARC0: Archival started
ORA-31186: Document contains too many nodes
Completed checkpoint up to RBA
Completed checkpoint up to RBA
ORA-12212: TNS:incomplete PREFERRED_CMANAGERS binding in TNSNAV.ORA
Undo initialization finished
Current log# 370 seq# 8616 mem# 0
Current log# 35 seq# 2022 mem# 0
Starting background process VKTM
ORA-38484: FUNCTION/PACKAGE/TYPE UNDOTBS1 does not exist
Archived Log entry 275 added for thread 1 sequence 2943
Completed checkpoint up to RBA
Starting background process VKTM
Completed checkpoint up to RBA
ARC0: Archival started
PGU-00384: could not open pgau resource file, PK_CUSTOMER_ACCOUNTS
Current log# 216 seq# 7579 mem# 0
Thread 1 advanced to log sequence 974
Archived Log entry 346 added for thread 1 sequence 8533
PGU-41083: data definition reporting_schema version number deleted from PG DD
Starting background process VKTM
QSM-01083: query text not available - possible inline view
ARC0: Archival started
Completed checkpoint up to RBA
RMAN-08615: channel SYSAUX
Undo initialization finished
TNS-12555: TNS:permission denied
Current log# 854 seq# 6878 mem# 0
IMP-00053: Import mode incompatible with Export dump file
Errors in file /u01/app/oracle/diag/rdbms/ttprod/ttprod1/trace/ttprod1_ora_76766.trc
Completed checkpoint up to RBA
Undo initialization finished
Beginning log switch checkpoint up to RBA
ORA-29841: invalid option for ALTER INDEXTYPE
Errors in file /u01/app/oracle/diag/rdbms/ttprod/ttprod1/trace/ttprod1_ora_73744.trc
Current log# 699 seq# 9384 mem# 0
Thread 1 advanced to log sequence 531
ORA-22910: cannot specify schema name for nested tables
Beginning log switch checkpoint up to RBA
Beginning log switch checkpoint up to RBA
Undo initialization finished
Completed checkpoint up to RBA
Archived Log entry 155 added for thread 1 sequence 3736
RMAN-08087: channel PK_CUSTOMER_ACCOUNTS : started backup set validation
Archived Log entry 825 added for thread 1 sequence 2994
Beginning log switch checkpoint up to RBA
Starting background process VKTM
ARC0: Archival started
PLS-00324: cursor attribute may not be applied to non-cursor ' _SYSSMU12$ '
Starting background process VKTM
Thread 1 advanced to log sequence 623
Thread 1 advanced to log sequence 766
ORA-01751: Invalid dump undo option
Thread 1 advanced to log sequence 858
Archived Log entry 467 added for thread 1 sequence 9646
Thread 1 advanced to log sequence 560
Starting background process VKTM
RMAN-06208: to mismatched status. Use CROSSCHECK command to fix status
Undo initialization finished
Undo initialization finished
Completed checkpoint up to RBA
Completed checkpoint up to RBA
ORA-28367: wallet does not exist
Errors in file /u01/app/oracle/diag/rdbms/ttprod/ttprod1/trace/ttprod1_ora_13358.trc
Archived Log entry 665 added for thread 1 sequence 3877
Thread 1 advanced to log sequence 182
Starting background process VKTM
ORA-12557: TNS:protocol adapter not loadable
Archived Log entry 842 added for thread 1 sequence 9551
NNL-00407: Alias translations:
ARC0: Archival started
Archived Log entry 885 added for thread 1 sequence 6616
Beginning log switch checkpoint up to RBA
ORA-29852: keyword IS is missing
Current log# 14 seq# 4138 mem# 0
Undo initialization finished
Thread 1 advanced to log sequence 244
ARC0: Archival started
Starting background process VKTM
TNS-12619: TNS:unable to grant requested service
Thread 1 advanced to log sequence 242
Undo initialization finished
PLS-00166: bad format for date, time, timestamp or interval literal
ARC0: Archival started
Undo initialization finished
Undo initialization finished
INS-35377: An earlier release version of Oracle Automatic Storage Management (Oracle ASM) exists on this system. If you intend to upgrade an earlier release database that uses Oracle ASM to Oracle Database 11g Release 2, then the upgrade will fail on 32-bit systems.
Undo initialization finished
ARC0: Archival started
Undo initialization finished
Beginning log switch checkpoint up to RBA
ARC0: Archival started
PRKC-01160: Failed to retrieve the value of environment variable "{0}" on following nodes: "{1}", [{2}]
Beginning log switch checkpoint up to RBA
QSM-01263: query rewrite not possible when query references a dictionary table or view
Completed checkpoint up to RBA
Thread 1 advanced to log sequence 493
Archived Log entry 374 added for thread 1 sequence 4318
Current log# 115 seq# 3647 mem# 0
LCD-00211: unexpected delimiter [ user_sessions ]
Errors in file /u01/app/oracle/diag/rdbms/ttprod/ttprod1/trace/ttprod1_ora_27982.trc
Undo initialization finished
ARC0: Archival started
ORA-39168: Object path shared pool was not found.
Archived Log entry 467 added for thread 1 sequence 8696
Starting background process VKTM
ORA-27155: could not execute file
Errors in file /u01/app/oracle/diag/rdbms/ttprod/ttprod1/trace/ttprod1_ora_91812.trc
ARC0: Archival started
Current log# 25 seq# 8079 mem# 0
Beginning log switch checkpoint up to RBA
Starting background process VKTM
Current log# 499 seq# 8069 mem# 0
RMAN-08123: keep attributes for the datafile/control file copy are deleted
Beginning log switch checkpoint up to RBA
Thread 1 advanced to log sequence 779
Current log# 507 seq# 6876 mem# 0
CRS-01626: A Configuration change request completed successfully
Errors in file /u01/app/oracle/diag/rdbms/ttprod/ttprod1/trace/ttprod1_ora_22795.trc
Current log# 99 seq# 7645 mem# 0
ARC0: Archival started
Current log# 203 seq# 3200 mem# 0
Starting background process VKTM
NID-00338: Control Files in database:
Archived Log entry 523 added for thread 1 sequence 6076
Starting background process VKTM
Current log# 489 seq# 4661 mem# 0
Beginning log switch checkpoint up to RBA
RMAN-08031: released channel: APP_USER42
Errors in file /u01/app/oracle/diag/rdbms/ttprod/ttprod1/trace/ttprod1_ora_95490.trc
Starting background process VKTM
Starting background process VKTM
ORA-40105: input data incompatible with model signature
Errors in file /u01/app/oracle/diag/rdbms/ttprod/ttprod1/trace/ttprod1_ora_17738.trc
Current log# 221 seq# 6326 mem# 0
INS-32113: Unable to read the updates location.
Undo initialization finished
Undo initialization finished
Archived Log entry 420 added for thread 1 sequence 1296
RMAN-08130: failover to copy on device type /u01/app/oracle/oradata/ttprod/users01.dbf
Current log# 353 seq# 4855 mem# 0
Undo initialization finished
ORA-00402: database changes by release BILLING.CUST_ORDERS cannot be used by release 3
Starting background process VKTM
CRS-05809: Failed to execute ' TNS_ADMIN ' value of ' idx_users_email ' for ' shared pool '. Error information ' NETWORK_OPS.SIM_INVENTORY ', Category : number , OS error : number
Archived Log entry 847 added for thread 1 sequence 9447
Archived Log entry 912 added for thread 1 sequence 7725
ARC0: Archival started
Starting background process VKTM
PRVF-04080: Network interface information cannot be obtained from any of the node
Starting background process VKTM
Current log# 292 seq# 9200 mem# 0
Beginning log switch checkpoint up to RBA
Completed checkpoint up to RBA
ORA-04067: not executed, 17 does not exist
Archived Log entry 787 added for thread 1 sequence 8295
Archived Log entry 166 added for thread 1 sequence 7911
Completed checkpoint up to RBA
Starting background process VKTM
ARC0: Archival started
PRCT-01155: Received empty result while getting the private interconnect for nodes in the cluster
Errors in file /u01/app/oracle/diag/rdbms/ttprod/ttprod1/trace/ttprod1_ora_19154.trc
Completed checkpoint up to RBA
Thread 1 advanced to log sequence 762
Beginning log switch checkpoint up to RBA
Archived Log entry 123 added for thread 1 sequence 1066
Thread 1 advanced to log sequence 700
ORA-10577: Can not invoke test recovery for managed standby database recovery
Starting background process VKTM
Current log# 807 seq# 8311 mem# 0
Archived Log entry 242 added for thread 1 sequence 7660
Archived Log entry 391 added for thread 1 sequence 5522
ORA-13852: Tracing for service(module/action) 42 is not enabled
Completed checkpoint up to RBA
CRS-02333: Could not write GPnP profile to local cache.
Starting background process VKTM
Starting background process VKTM
Completed checkpoint up to RBA
ORA-19384: cannot pack into staging table from previous version
Beginning log switch checkpoint up to RBA
Archived Log entry 711 added for thread 1 sequence 5258
JMS-00234: This operation is not allowed in the current messaging domain
Archived Log entry 774 added for thread 1 sequence 4186
Archived Log entry 763 added for thread 1 sequence 3109
Beginning log switch checkpoint up to RBA
ORA-02337: not an object type column
Undo initialization finished
Completed checkpoint up to RBA
ORA-01213: MAXINSTANCES may not exceed 5000
Beginning log switch checkpoint up to RBA
DRG-12018: Encountered an automatic request for changing proxy - continue?
Current log# 795 seq# 7338 mem# 0
ORA-01530: a database already mounted by the instance
Completed checkpoint up to RBA
Thread 1 advanced to log sequence 427
Completed checkpoint up to RBA
Undo initialization finished
Starting background process VKTM
ORA-32628: invalid nesting of MODEL cell reference
ARC0: Archival started
OCI-30151: File already exists
Errors in file /u01/app/oracle/diag/rdbms/ttprod/ttprod1/trace/ttprod1_ora_58234.trc
Starting background process VKTM
Current log# 672 seq# 3465 mem# 0
ORA-19040: Element 17 does not match expected ttstandby01 .
Archived Log entry 169 added for thread 1 sequence 4494
PGU-41144: default PKGCALL parameter truncated to 3
ARC0: Archival started
Completed checkpoint up to RBA
Thread 1 advanced to log sequence 708
ARC0: Archival started
ARC0: Archival started
DRG-50803: failed to define output
Errors in file /u01/app/oracle/diag/rdbms/ttprod/ttprod1/trace/ttprod1_ora_69482.trc
ARC0: Archival started
NID-00335: The following datafiles are not consistent:
Starting background process VKTM
Starting background process VKTM
Starting background process VKTM
CRS-10034: could not stop the DNS listening daemon running on port number on local node
Current log# 369 seq# 6941 mem# 0
Starting background process VKTM
Archived Log entry 491 added for thread 1 sequence 9448
IMG-00727: invalid value for the AVI frametime
Errors in file /u01/app/oracle/diag/rdbms/ttprod/ttprod1/trace/ttprod1_ora_13280.trc
Undo initialization finished
Archived Log entry 230 added for thread 1 sequence 2299
Undo initialization finished
Beginning log switch checkpoint up to RBA
Current log# 654 seq# 8022 mem# 0
ORA-39172: Cannot remap transportable tablespace names with compatibility of app_db .
Undo initialization finished
Completed checkpoint up to RBA
Archived Log entry 328 added for thread 1 sequence 3399
ARC0: Archival started
ORA-01922: CASCADE must be specified to drop ' ttprod2 '
Beginning log switch checkpoint up to RBA
ARC0: Archival started
Archived Log entry 845 added for thread 1 sequence 7845
Starting background process VKTM
Archived Log entry 195 added for thread 1 sequence 2190
DIA-48423: IMPORT command must have a filename
Starting background process VKTM
Completed checkpoint up to RBA
Archived Log entry 146 added for thread 1 sequence 1135
Starting background process VKTM
ORA-55477: policy with dependent models may not be dropped
