Thu Aug 06 04:00:00 2026
Starting background process VKTM
ARC0: Archival started
Archived Log entry 548 added for thread 1 sequence 4746
PCC-00094: Array length for char[n] datatype must be >= 2
Undo initialization finished
Archived Log entry 813 added for thread 1 sequence 7582
ORA-00904: Invalid identifier
Errors in file /u01/app/oracle/diag/rdbms/ttprod/ttprod1/trace/ttprod1_ora_76922.trc
Current log# 573 seq# 4689 mem# 0
Beginning log switch checkpoint up to RBA
Starting background process VKTM
Beginning log switch checkpoint up to RBA
Current log# 546 seq# 7460 mem# 0
PGA-21114: cold starting for partner LU SYSAUX
Undo initialization finished
Archived Log entry 725 added for thread 1 sequence 1027
Undo initialization finished
NZE-28865: SSL connection closed
Starting background process VKTM
Thread 1 advanced to log sequence 138
Beginning log switch checkpoint up to RBA
Thread 1 advanced to log sequence 302
LPX-01138: [XUTY0010] Invalid replacement sequence for 'replace'
Archived Log entry 86 added for thread 1 sequence 9127
Undo initialization finished
Current log# 655 seq# 1890 mem# 0
Thread 1 advanced to log sequence 891
ORA-06529: Version mismatch - PL/SQL profiler
Archived Log entry 236 added for thread 1 sequence 1208
Starting background process VKTM
Thread 1 advanced to log sequence 869
ORA-38867: database not open: cannot create restore point with the specified timestamp
Errors in file /u01/app/oracle/diag/rdbms/ttprod/ttprod1/trace/ttprod1_ora_98182.trc
Thread 1 advanced to log sequence 117
Thread 1 advanced to log sequence 943
CRS-02563: Attempt to start resource ' TNS_ADMIN ' on ' NETWORK_OPS.SIM_INVENTORY ' has failed. Will re-retry on ' idx_users_email ' now.
Errors in file /u01/app/oracle/diag/rdbms/ttprod/ttprod1/trace/ttprod1_ora_73758.trc
Starting background process VKTM
Undo initialization finished
Starting background process VKTM
ORA-36685: (XSDPART23) Only CONCAT partition templates can be subpartitioned.
Starting background process VKTM
ORA-48117: error encountered when attempting to remove a directory [ INVOICE_LINES_IDX ]
Completed checkpoint up to RBA
Beginning log switch checkpoint up to RBA
Starting background process VKTM
ORA-01947: TEMPORARY TABLESPACE already specified
Undo initialization finished
Undo initialization finished
Thread 1 advanced to log sequence 788
LPX-00214: CDATA section did not end in "]]>"
Archived Log entry 574 added for thread 1 sequence 9138
Current log# 240 seq# 6456 mem# 0
Beginning log switch checkpoint up to RBA
TNS-01407: Status: 1024 Total handlers: INVOICE_LINES_IDX Relevant handlers: ttprod1
Archived Log entry 220 added for thread 1 sequence 1816
ARC0: Archival started
Undo initialization finished
PCB-00317: Group item host variables are Oracle extensions
Current log# 599 seq# 9005 mem# 0
Current log# 270 seq# 3013 mem# 0
Archived Log entry 635 added for thread 1 sequence 4398
Current log# 374 seq# 7564 mem# 0
Current log# 351 seq# 3144 mem# 0
ORA-03202: the scan limit specification is invalid
Current log# 715 seq# 6488 mem# 0
Beginning log switch checkpoint up to RBA
ARC0: Archival started
Beginning log switch checkpoint up to RBA
LPX-00255: XML standalone declaration must be "yes" or "no"
Starting background process VKTM
Thread 1 advanced to log sequence 182
RMAN-08183: channel CRM.CALL_DETAIL_RECORDS : block restore complete, elapsed time: 3
Current log# 415 seq# 1644 mem# 0
ORA-40291: model cost not available
Starting background process VKTM
Undo initialization finished
ORA-40233: transactional input - case id should be provided with id _SYSSMU7$
ARC0: Archival started
ARC0: Archival started
Archived Log entry 204 added for thread 1 sequence 7174
ORA-19046: Out-of-line table cannot be shared by two top-level tables (table ' shared pool . 1024 ' and the current table being created).
Current log# 713 seq# 7445 mem# 0
Archived Log entry 336 added for thread 1 sequence 4168
NNO-00613: disabling FORWARDING-DESIRED on system queries
ARC0: Archival started
NCR-00002: NCR: Invalid usage
Undo initialization finished
Undo initialization finished
Completed checkpoint up to RBA
Thread 1 advanced to log sequence 244
ORA-22053: overflow error
Beginning log switch checkpoint up to RBA
Current log# 717 seq# 8780 mem# 0
LPX-00114: element "~1S" attribute "~2S" has invalid enumeration value "~3S"
ARC0: Archival started
Beginning log switch checkpoint up to RBA
Current log# 724 seq# 5084 mem# 0
OCI-01880: the fractional seconds must be between 0 and 999999999
Undo initialization finished
Current log# 994 seq# 4786 mem# 0
ARC0: Archival started
ORA-01238: cannot shrink datafile 1024
Current log# 787 seq# 2877 mem# 0
Starting background process VKTM
Starting background process VKTM
XOQ-01468: Base cube solved status does not match dimensionality "( reporting_schema )" solved status.
Undo initialization finished
Starting background process VKTM
Thread 1 advanced to log sequence 417
Completed checkpoint up to RBA
NNO-00615: disabling DEFAULT-FORWARDERS-ONLY mode
Current log# 938 seq# 1423 mem# 0
Beginning log switch checkpoint up to RBA
Completed checkpoint up to RBA
ORA-14071: invalid option for an index used to enforce a constraint
Starting background process VKTM
Beginning log switch checkpoint up to RBA
Beginning log switch checkpoint up to RBA
TNS-01067: Service display mode is user_sessions
Current log# 437 seq# 8849 mem# 0
LPX-01099: [FOCA0001] Input value too large for decimal
ARC0: Archival started
Beginning log switch checkpoint up to RBA
Beginning log switch checkpoint up to RBA
Beginning log switch checkpoint up to RBA
ORA-35566: (XSRWLD04) Object workspace object cannot be used with QDRs
Current log# 47 seq# 1539 mem# 0
Completed checkpoint up to RBA
Starting background process VKTM
ORA-47950: no value defined for required parameter APP_USER42
ARC0: Archival started
Starting background process VKTM
ARC0: Archival started
Undo initialization finished
RMAN-03035: Debugging turned off
Errors in file /u01/app/oracle/diag/rdbms/ttprod/ttprod1/trace/ttprod1_ora_43481.trc
Completed checkpoint up to RBA
ORA-13915: Critical byte based free space threshold value is greater than warning threshold value.
ARC0: Archival started
PGA-20919: receive length number number is number but only number bytes are left in the buffer
Current log# 697 seq# 2640 mem# 0
DIA-48339: view [ USERS ] does not exist
Starting background process VKTM
ARC0: Archival started
LPX-00233: namespace prefixes starting with "xml" are reserved
Beginning log switch checkpoint up to RBA
Starting background process VKTM
Thread 1 advanced to log sequence 520
CLSW-00012: User is not authorized to perform the cluster wallet operation. [ number ] [ NETWORK_OPS.SIM_INVENTORY ]
ARC0: Archival started
Archived Log entry 777 added for thread 1 sequence 7424
ARC0: Archival started
Thread 1 advanced to log sequence 465
Starting background process VKTM
NNO-00120: line CRM.CALL_DETAIL_RECORDS : topology name " CRM.CALL_DETAIL_RECORDS " not allowed here
Starting background process VKTM
NID-00302: Datafile DATA_TS01 - dbid changed
Thread 1 advanced to log sequence 821
ORA-07460: cannot set the RESOURCE_MANAGER_PLAN parameter
Completed checkpoint up to RBA
Undo initialization finished
ORA-19029: Cannot convert the given XMLType to the required type
Archived Log entry 908 added for thread 1 sequence 1647
Archived Log entry 467 added for thread 1 sequence 8892
Undo initialization finished
Current log# 115 seq# 6521 mem# 0
Archived Log entry 479 added for thread 1 sequence 9575
INS-41315: File pk_orders already exists.
Errors in file /u01/app/oracle/diag/rdbms/ttprod/ttprod1/trace/ttprod1_ora_69346.trc
Thread 1 advanced to log sequence 841
Archived Log entry 679 added for thread 1 sequence 8435
Undo initialization finished
Beginning log switch checkpoint up to RBA
RMAN-08073: deleted backup piece
Errors in file /u01/app/oracle/diag/rdbms/ttprod/ttprod1/trace/ttprod1_ora_45357.trc
ARC0: Archival started
Starting background process VKTM
Archived Log entry 551 added for thread 1 sequence 9493
KUP-04109: specified path for directory object " SP2-0552 " is invalid
Completed checkpoint up to RBA
Beginning log switch checkpoint up to RBA
Beginning log switch checkpoint up to RBA
Current log# 683 seq# 2700 mem# 0
QSM-00785: the directive 17 is not supported for task ttprod1 at this time
Thread 1 advanced to log sequence 656
Undo initialization finished
Thread 1 advanced to log sequence 25
Completed checkpoint up to RBA
DIA-48509: Error occurred during operation. See the following errors
Beginning log switch checkpoint up to RBA
RMAN-02005: token too big
Starting background process VKTM
Archived Log entry 544 added for thread 1 sequence 9985
ARC0: Archival started
Thread 1 advanced to log sequence 419
Starting background process VKTM
RMAN-06164: WARNING: no channel of required type allocated to recover datafile number
Current log# 430 seq# 1250 mem# 0
Undo initialization finished
ARC0: Archival started
PRKR-01039: invalid option {0} specified
Errors in file /u01/app/oracle/diag/rdbms/ttprod/ttprod1/trace/ttprod1_ora_90707.trc
Undo initialization finished
Completed checkpoint up to RBA
Starting background process VKTM
Undo initialization finished
ARC0: Archival started
DRG-12504: stoplist pk_orders does not exist
Thread 1 advanced to log sequence 989
Beginning log switch checkpoint up to RBA
Beginning log switch checkpoint up to RBA
PRCN-02053: Failed to modify ONS listening port for local client connections to {0}
Undo initialization finished
Completed checkpoint up to RBA
ARC0: Archival started
Completed checkpoint up to RBA
PCC-00078: FIPS warning: Invalid ANSI SQL Identifier
ARC0: Archival started
Archived Log entry 343 added for thread 1 sequence 7955
Starting background process VKTM
ORA-39144: file name parameter must be specified and non-null
Current log# 36 seq# 8000 mem# 0
Thread 1 advanced to log sequence 898
Archived Log entry 912 added for thread 1 sequence 5162
Archived Log entry 704 added for thread 1 sequence 2983
PRKO-02082: Missing mandatory option {0}
Current log# 396 seq# 2765 mem# 0
Current log# 619 seq# 5352 mem# 0
Thread 1 advanced to log sequence 624
Current log# 798 seq# 7055 mem# 0
RMAN-07520: Reason: Data pump dump file
Current log# 607 seq# 3910 mem# 0
Thread 1 advanced to log sequence 61
Thread 1 advanced to log sequence 409
ORA-30051: VERSIONS clause not allowed here
Completed checkpoint up to RBA
Completed checkpoint up to RBA
Current log# 253 seq# 3172 mem# 0
TNS-12156: TNS:tried to reset line from incorrect state
Beginning log switch checkpoint up to RBA
Thread 1 advanced to log sequence 540
Current log# 311 seq# 7147 mem# 0
ARC0: Archival started
Beginning log switch checkpoint up to RBA
ORA-06117: NETTCP: unable to create ORASRV: quota exceeded
Beginning log switch checkpoint up to RBA
Starting background process VKTM
Starting background process VKTM
Starting background process VKTM
Starting background process VKTM
QSM-02161: see the reason why REFRESH_FAST_AFTER_ONETAB_DML is disabled
Errors in file /u01/app/oracle/diag/rdbms/ttprod/ttprod1/trace/ttprod1_ora_59930.trc
Starting background process VKTM
UDI-00051: unable to set NLS_NUMERIC_CHARACTERS to required defaults.
Undo initialization finished
Beginning log switch checkpoint up to RBA
ARC0: Archival started
Starting background process VKTM
ORA-26651: Unable to start or stop capture process BILLING.CUST_ORDERS
Beginning log switch checkpoint up to RBA
Undo initialization finished
NNO-00301: server will shut down in number seconds
Starting background process VKTM
ARC0: Archival started
Undo initialization finished
QSM-00773: the parameter TNS_ADMIN contains the invalid shared pool name ttstandby01
Errors in file /u01/app/oracle/diag/rdbms/ttprod/ttprod1/trace/ttprod1_ora_42970.trc
Starting background process VKTM
Starting background process VKTM
Beginning log switch checkpoint up to RBA
Beginning log switch checkpoint up to RBA
ORA-16120: dependencies being computed for transaction at SCN CDR_STAGING
Undo initialization finished
Starting background process VKTM
Thread 1 advanced to log sequence 508
Undo initialization finished
ARC0: Archival started
PGU-41018: invalid COMPOPTS parameter
Current log# 112 seq# 9980 mem# 0
Starting background process VKTM
PLS-00235: the external type is not appropriate for the parameter
Errors in file /u01/app/oracle/diag/rdbms/ttprod/ttprod1/trace/ttprod1_ora_73985.trc
Current log# 246 seq# 9480 mem# 0
Starting background process VKTM
ARC0: Archival started
ORA-14137: Table in partially dropped state, submit DROP TABLE PURGE
Current log# 975 seq# 8546 mem# 0
Archived Log entry 520 added for thread 1 sequence 9069
INS-32030: Invalid location for Central Inventory.
Errors in file /u01/app/oracle/diag/rdbms/ttprod/ttprod1/trace/ttprod1_ora_74845.trc
Undo initialization finished
ARC0: Archival started
Thread 1 advanced to log sequence 796
PRKC-01022: Could not get node name for node {0} in {1}
Errors in file /u01/app/oracle/diag/rdbms/ttprod/ttprod1/trace/ttprod1_ora_37528.trc
Beginning log switch checkpoint up to RBA
Current log# 582 seq# 2477 mem# 0
Current log# 837 seq# 3312 mem# 0
Beginning log switch checkpoint up to RBA
QSM-02006: subquery in FROM list
Beginning log switch checkpoint up to RBA
ORA-06927: CMX: T_DATAIN received before all data written
Thread 1 advanced to log sequence 521
Beginning log switch checkpoint up to RBA
ARC0: Archival started
Thread 1 advanced to log sequence 942
PLS-00591: this feature is not supported in client-side programs
Starting background process VKTM
Completed checkpoint up to RBA
Archived Log entry 574 added for thread 1 sequence 1226
Undo initialization finished
ORA-15478: ACFS process terminated with error
Errors in file /u01/app/oracle/diag/rdbms/ttprod/ttprod1/trace/ttprod1_ora_51511.trc
Undo initialization finished
Current log# 288 seq# 5354 mem# 0
ORA-23431: wrong state: ttstandby01
Current log# 210 seq# 6909 mem# 0
Current log# 166 seq# 9906 mem# 0
Current log# 141 seq# 5260 mem# 0
LPX-01051: [XPST0051] AtomicType not defined
Thread 1 advanced to log sequence 435
ARC0: Archival started
Beginning log switch checkpoint up to RBA
ARC0: Archival started
ORA-64126: XMLIndex Table Function: failure at the start of the function
Undo initialization finished
ARC0: Archival started
Beginning log switch checkpoint up to RBA
PGU-30002: >>> Initialization of APP_USER42 File Header <<<
Errors in file /u01/app/oracle/diag/rdbms/ttprod/ttprod1/trace/ttprod1_ora_33316.trc
Archived Log entry 406 added for thread 1 sequence 2030
Current log# 894 seq# 1492 mem# 0
Thread 1 advanced to log sequence 790
ARC0: Archival started
ORA-07498: spstp: Unable to open /dev/resched.
Undo initialization finished
RMAN-06798: Revoke succeeded.
Undo initialization finished
Starting background process VKTM
ORA-24186: wrong object type, could not transform message
Errors in file /u01/app/oracle/diag/rdbms/ttprod/ttprod1/trace/ttprod1_ora_19698.trc
Beginning log switch checkpoint up to RBA
Undo initialization finished
Undo initialization finished
Archived Log entry 439 added for thread 1 sequence 6706
Undo initialization finished
DIA-48462: Fatal error encountered in [ APP_USER42 ]
Current log# 916 seq# 3113 mem# 0
Undo initialization finished
Beginning log switch checkpoint up to RBA
Beginning log switch checkpoint up to RBA
RMAN-05534: WARNING: LOG_FILE_NAME_CONVERT resulted in invalid ASM names; names changed to disk group only.
Archived Log entry 472 added for thread 1 sequence 3652
Archived Log entry 228 added for thread 1 sequence 3141
Undo initialization finished
PCC-00137: Invalid use of SQL cursor host variable
ARC0: Archival started
Undo initialization finished
Current log# 627 seq# 5970 mem# 0
Undo initialization finished
Completed checkpoint up to RBA
ORA-27190: skgfrd: sbtread2 returned error
Thread 1 advanced to log sequence 291
Completed checkpoint up to RBA
Archived Log entry 939 added for thread 1 sequence 5779
Completed checkpoint up to RBA
CRS-04656: Resource ' pg_toast_12345 ' is not running on server ' reporting_schema '.
ARC0: Archival started
Current log# 135 seq# 6515 mem# 0
Beginning log switch checkpoint up to RBA
PRVF-05823: Name lookup for FDQN "{0}" failed
Completed checkpoint up to RBA
Starting background process VKTM
Starting background process VKTM
Starting background process VKTM
PGU-30120: missing INVOICE_LINES_IDX attribute for parm APP_USER42 , field USERS f# 3
Thread 1 advanced to log sequence 800
Archived Log entry 882 added for thread 1 sequence 5138
Undo initialization finished
ARC0: Archival started
INS-30020: Unable to get the default oradata location.
Errors in file /u01/app/oracle/diag/rdbms/ttprod/ttprod1/trace/ttprod1_ora_19092.trc
Starting background process VKTM
Starting background process VKTM
Undo initialization finished
PRCT-01114: Execution of acfsutil command failed on node {0} for location {1}
Undo initialization finished
PCC-00106: RELEASE is an Oracle extension to the COMMIT and ROLLBACK statements
Starting background process VKTM
Archived Log entry 226 added for thread 1 sequence 2922
Beginning log switch checkpoint up to RBA
Thread 1 advanced to log sequence 228
Beginning log switch checkpoint up to RBA
DRG-13011: language column must be specified when using the multi lexer
Thread 1 advanced to log sequence 427
Completed checkpoint up to RBA
Thread 1 advanced to log sequence 332
Starting background process VKTM
Starting background process VKTM
PRCN-02032: Failed to retrieve DHCP server type {0}
Errors in file /u01/app/oracle/diag/rdbms/ttprod/ttprod1/trace/ttprod1_ora_99974.trc
Completed checkpoint up to RBA
ORA-07606: szprv: $CHKPRO failure
Undo initialization finished
ORA-19379: invalid time_limit or repeat_interval
ARC0: Archival started
Beginning log switch checkpoint up to RBA
PRKC-01164: invalid command or arguments
Undo initialization finished
Beginning log switch checkpoint up to RBA
Archived Log entry 756 added for thread 1 sequence 9683
Thread 1 advanced to log sequence 795
NNO-00321: statistic counter dump disabled
Errors in file /u01/app/oracle/diag/rdbms/ttprod/ttprod1/trace/ttprod1_ora_12142.trc
Undo initialization finished
Beginning log switch checkpoint up to RBA
ORA-39289: Cannot add or drop local index partition or subpartition: 42
Thread 1 advanced to log sequence 742
Current log# 68 seq# 2527 mem# 0
ARC0: Archival started
Completed checkpoint up to RBA
ORA-19673: error during proxy copy of file PK_CUSTOMER_ACCOUNTS
Errors in file /u01/app/oracle/diag/rdbms/ttprod/ttprod1/trace/ttprod1_ora_28414.trc
Undo initialization finished
Undo initialization finished
Undo initialization finished
PRKO-02058: Scan name {0} cannot be the same as a cluster node name: {1}
Beginning log switch checkpoint up to RBA
NZE-43002: pkcs11 passphrase is wrong
Current log# 922 seq# 6879 mem# 0
Thread 1 advanced to log sequence 726
Beginning log switch checkpoint up to RBA
Beginning log switch checkpoint up to RBA
ORA-06807: TLI Driver: could not open ethernet device driver file
Errors in file /u01/app/oracle/diag/rdbms/ttprod/ttprod1/trace/ttprod1_ora_82583.trc
ARC0: Archival started
Starting background process VKTM
Thread 1 advanced to log sequence 601
DRG-13500: Parameter_string must start with fk_order_customer
Thread 1 advanced to log sequence 582
Starting background process VKTM
Completed checkpoint up to RBA
Current log# 86 seq# 9775 mem# 0
RMAN-08007: channel _SYSSMU12$ : copied datafile copy of datafile 5000
Undo initialization finished
Undo initialization finished
Current log# 646 seq# 5078 mem# 0
Thread 1 advanced to log sequence 861
Thread 1 advanced to log sequence 68
ORA-12446: Insufficient authorization for administration of policy /u01/app/oracle/oradata/ttprod/users01.dbf
Archived Log entry 843 added for thread 1 sequence 1605
Beginning log switch checkpoint up to RBA
Current log# 650 seq# 1917 mem# 0
Thread 1 advanced to log sequence 255
ARC0: Archival started
XOQ-02528: The derived measure " idx_users_email " cannot be designated as the default measure for the cube.
Thread 1 advanced to log sequence 884
TNS-12157: TNS:internal network communication error
Completed checkpoint up to RBA
Thread 1 advanced to log sequence 936
Archived Log entry 440 added for thread 1 sequence 8584
ORA-30479: Summary Advisor error USERS
Errors in file /u01/app/oracle/diag/rdbms/ttprod/ttprod1/trace/ttprod1_ora_77879.trc
Archived Log entry 570 added for thread 1 sequence 9923
RMAN-08500: channel 17 : SID= DATA_TS01 device type= 3
Beginning log switch checkpoint up to RBA
Current log# 108 seq# 9670 mem# 0
Beginning log switch checkpoint up to RBA
PRCT-01123: The mountpoint is either set to null or empty
Thread 1 advanced to log sequence 273
Archived Log entry 149 added for thread 1 sequence 8551
RMAN-08588: converted datafile= user_sessions
Beginning log switch checkpoint up to RBA
Current log# 910 seq# 4028 mem# 0
Archived Log entry 643 added for thread 1 sequence 7914
ORA-64146: Nonblocking alter XMLIndex error
Undo initialization finished
ARC0: Archival started
Starting background process VKTM
Current log# 677 seq# 5347 mem# 0
RMAN-08543: channel app_db : specifying archived log(s) for proxy backup
Beginning log switch checkpoint up to RBA
Undo initialization finished
ORA-48292: Can't use outer join syntax mixed with inner join syntax
Thread 1 advanced to log sequence 571
OCI-30941: Cannot specify empty URI for non-default namespace ' PK_CUSTOMER_ACCOUNTS '
Undo initialization finished
ORA-12899: Value too large for column
Errors in file /u01/app/oracle/diag/rdbms/ttprod/ttprod1/trace/ttprod1_ora_71290.trc
Beginning log switch checkpoint up to RBA
Starting background process VKTM
Beginning log switch checkpoint up to RBA
Undo initialization finished
ORA-00395: online logs for the clone database must be renamed
Archived Log entry 673 added for thread 1 sequence 4764
Current log# 532 seq# 1943 mem# 0
Undo initialization finished
Starting background process VKTM
Current log# 152 seq# 1064 mem# 0
ORA-28111: insufficient privilege to evaluate policy predicate
Beginning log switch checkpoint up to RBA
RMAN-06456: command is obsolete
Completed checkpoint up to RBA
PRCA-01029: Failed to associate listener {0} with ASM {1}
Errors in file /u01/app/oracle/diag/rdbms/ttprod/ttprod1/trace/ttprod1_ora_62865.trc
Thread 1 advanced to log sequence 687
Archived Log entry 911 added for thread 1 sequence 6486
Archived Log entry 24 added for thread 1 sequence 9893
Current log# 481 seq# 2022 mem# 0
NNO-00630: setting request-processing delay to number seconds
Starting background process VKTM
Beginning log switch checkpoint up to RBA
Undo initialization finished
CRS-02623: Server pool ' NETWORK_OPS.SIM_INVENTORY ' cannot accept server ' pk_orders ' because its name is not specified in ' 17 '
Archived Log entry 869 added for thread 1 sequence 2519
Archived Log entry 382 added for thread 1 sequence 9035
Undo initialization finished
ARC0: Archival started
Archived Log entry 202 added for thread 1 sequence 8930
CRS-08017: location: pg_toast_12345 has number reboot advisory log files, number were announced and number errors occurred
Errors in file /u01/app/oracle/diag/rdbms/ttprod/ttprod1/trace/ttprod1_ora_29969.trc
ARC0: Archival started
Current log# 441 seq# 9576 mem# 0
PGU-42011: invalid level number of number found
Current log# 572 seq# 1909 mem# 0
Completed checkpoint up to RBA
Thread 1 advanced to log sequence 988
Starting background process VKTM
Completed checkpoint up to RBA
IMG-00522: invalid format for parameter value
Errors in file /u01/app/oracle/diag/rdbms/ttprod/ttprod1/trace/ttprod1_ora_99369.trc
Current log# 553 seq# 3673 mem# 0
RMAN-08141: channel app_db : specifying datafile(s) for validation
Undo initialization finished
Completed checkpoint up to RBA
Starting background process VKTM
Current log# 819 seq# 6024 mem# 0
ORA-02246: missing EVENTS text
Beginning log switch checkpoint up to RBA
Thread 1 advanced to log sequence 788
Beginning log switch checkpoint up to RBA
Current log# 970 seq# 9893 mem# 0
Starting background process VKTM
KUP-04055: column PK_CUSTOMER_ACCOUNTS is both a field in the data file and a column transform
ARC0: Archival started
ARC0: Archival started
Thread 1 advanced to log sequence 743
PCC-00102: FOR UPDATE is an Oracle extension
Starting background process VKTM
Archived Log entry 930 added for thread 1 sequence 9015
ORA-25116: invalid block number specified in the DUMP DATAFILE/TEMPFILE command
Errors in file /u01/app/oracle/diag/rdbms/ttprod/ttprod1/trace/ttprod1_ora_41922.trc
Archived Log entry 136 added for thread 1 sequence 8330
ORA-28142: error in accessing audit index file
Completed checkpoint up to RBA
Current log# 843 seq# 6532 mem# 0
DIA-48149: error encountered when attempting to copy a file
Thread 1 advanced to log sequence 438
ARC0: Archival started
ARC0: Archival started
ORA-22906: cannot perform DML on expression or on nested table view column
Thread 1 advanced to log sequence 206
ARC0: Archival started
SQL-02120: First and second arguments to SQLRCN both null
ARC0: Archival started
ARC0: Archival started
ORA-53040: user-defined UID definition document: _SYSSMU12$ already exists
ARC0: Archival started
Archived Log entry 149 added for thread 1 sequence 3841
Beginning log switch checkpoint up to RBA
Beginning log switch checkpoint up to RBA
Current log# 222 seq# 2242 mem# 0
ORA-44751: XML schema enumeration index is out of range
Starting background process VKTM
ORA-07605: szprv: $ASCTOID failure
Errors in file /u01/app/oracle/diag/rdbms/ttprod/ttprod1/trace/ttprod1_ora_98310.trc
Undo initialization finished
ORA-01364: waiting for branch at SCN pk_orders
Beginning log switch checkpoint up to RBA
Archived Log entry 284 added for thread 1 sequence 4344
Current log# 453 seq# 9148 mem# 0
ARC0: Archival started
ORA-14128: FOREIGN KEY constraint mismatch in ALTER TABLE EXCHANGE PARTITION
Undo initialization finished
ARC0: Archival started
Undo initialization finished
ORA-25261: JOB_QUEUE_PROCESSES must be at least 2 for AQ propagation
Thread 1 advanced to log sequence 299
Current log# 518 seq# 3954 mem# 0
Archived Log entry 306 added for thread 1 sequence 9782
Undo initialization finished
ORA-06406: NETCMN: error sending break message
Completed checkpoint up to RBA
PCC-00102: FOR UPDATE is an Oracle extension
ARC0: Archival started
Thread 1 advanced to log sequence 166
ARC0: Archival started
Current log# 14 seq# 6210 mem# 0
NNF-04002: Outputfile already exists
Errors in file /u01/app/oracle/diag/rdbms/ttprod/ttprod1/trace/ttprod1_ora_38116.trc
Current log# 530 seq# 4958 mem# 0
Beginning log switch checkpoint up to RBA
Completed checkpoint up to RBA
ORA-30156: Out of disk space
Completed checkpoint up to RBA
Current log# 902 seq# 9347 mem# 0
Undo initialization finished
Starting background process VKTM
RMAN-08005: new incarnation of database registered in recovery catalog
Archived Log entry 342 added for thread 1 sequence 3642
Completed checkpoint up to RBA
Archived Log entry 140 added for thread 1 sequence 1536
ARC0: Archival started
INS-41711: The upgrade process upgrades the stack one node at a time, even though you selected to upgrade all nodes. Database service will be disrupted for any database that uses Oracle Automatic Storage Management (Oracle ASM), and that is not managed by Oracle Clusterware, or that uses Oracle Clusterware manual management policy. All other databases and services should not be affected, and should continue to function. If this is not desirable, then before proceeding with the upgrade, ensure that Oracle Clusterware manages databases using Oracle ASM, and set the automatic management policy on databases managed by Oracle Clusterware.
Undo initialization finished
Completed checkpoint up to RBA
Undo initialization finished
Archived Log entry 66 added for thread 1 sequence 1472
ARC0: Archival started
ORA-15473: access to a volume's storage through an unsupported interface
Archived Log entry 539 added for thread 1 sequence 4443
Completed checkpoint up to RBA
Archived Log entry 311 added for thread 1 sequence 1409
ARC0: Archival started
ORA-09937: Chmod of ORACLE password file failed.
Current log# 129 seq# 9193 mem# 0
NNL-00577: list_domains: list authoritative domains in the region or subtree
Beginning log switch checkpoint up to RBA
Current log# 444 seq# 8392 mem# 0
Archived Log entry 669 added for thread 1 sequence 5463
Completed checkpoint up to RBA
QSM-02202: PCT FAST REFRESH is not possible if query has ORDER BY clause
Errors in file /u01/app/oracle/diag/rdbms/ttprod/ttprod1/trace/ttprod1_ora_30994.trc
Undo initialization finished
Beginning log switch checkpoint up to RBA
PGA-20999: SIGDANGER received from system - all conversations deallocated
Archived Log entry 759 added for thread 1 sequence 9463
Current log# 685 seq# 6943 mem# 0
Beginning log switch checkpoint up to RBA
Archived Log entry 178 added for thread 1 sequence 2979
Current log# 815 seq# 8186 mem# 0
KUP-04020: found record longer than buffer size supported, number , in BILLING.CUST_ORDERS
ARC0: Archival started
QSM-02199: PCT FAST REFRESH is not possible if WHERE clause includes a subquery
ARC0: Archival started
RMAN-12011: multiple records for default device type found in repository
ARC0: Archival started
Beginning log switch checkpoint up to RBA
ORA-26090: row is in partial state
ARC0: Archival started
Thread 1 advanced to log sequence 710
Current log# 42 seq# 3009 mem# 0
Archived Log entry 618 added for thread 1 sequence 5207
OCI-22600: encountered 8.0.2 (Beta) VARRAY data that cannot be processed
Starting background process VKTM
RMAN-08513: datafile copy file name= SYSAUX RECID= SP2-0552 STAMP= _SYSSMU12$
Errors in file /u01/app/oracle/diag/rdbms/ttprod/ttprod1/trace/ttprod1_ora_98543.trc
Undo initialization finished
Starting background process VKTM
Thread 1 advanced to log sequence 372
Archived Log entry 343 added for thread 1 sequence 4242
RDE-00014: operation was interrupted.
Archived Log entry 694 added for thread 1 sequence 9902
Completed checkpoint up to RBA
Undo initialization finished
Undo initialization finished
ORA-37108: (XSVPART08) workspace object has an AGGCOUNT, but workspace object does not.
Completed checkpoint up to RBA
Current log# 963 seq# 6325 mem# 0
RMAN-06218: List of objects requiring same operation on database with db_unique_name 1024
ARC0: Archival started
Archived Log entry 747 added for thread 1 sequence 1366
TNS-02518: key negotiation error
Starting background process VKTM
Completed checkpoint up to RBA
ORA-19671: media management software returned invalid proxy handle
ARC0: Archival started
Completed checkpoint up to RBA
Current log# 773 seq# 6742 mem# 0
ORA-01906: BACKUP keyword expected
Errors in file /u01/app/oracle/diag/rdbms/ttprod/ttprod1/trace/ttprod1_ora_52687.trc
Completed checkpoint up to RBA
Completed checkpoint up to RBA
Archived Log entry 862 added for thread 1 sequence 6528
ORA-12043: invalid CREATE MATERIALIZED VIEW option
ARC0: Archival started
Thread 1 advanced to log sequence 446
ARC0: Archival started
ORA-19259: XQST0039 - duplicate parameter name idx_users_email in function declaration
Starting background process VKTM
Starting background process VKTM
Undo initialization finished
ORA-06711: TLI Driver: error on bind
Thread 1 advanced to log sequence 968
Completed checkpoint up to RBA
ORA-23636: MAINTAIN_TTS: Invalid tablespace name, reason: user_sessions .
Thread 1 advanced to log sequence 393
Undo initialization finished
Completed checkpoint up to RBA
ARC0: Archival started
Completed checkpoint up to RBA
INS-41872: The OS group you selected as the ASM Administration Operator Group (ASMOPER) may not exist on the server.
Beginning log switch checkpoint up to RBA
Completed checkpoint up to RBA
Archived Log entry 609 added for thread 1 sequence 3858
Undo initialization finished
Current log# 770 seq# 3035 mem# 0
QSM-02002: DISTINCT aggregate measure in SELECT list
Undo initialization finished
Thread 1 advanced to log sequence 806
NID-00371: Change database name of database UNDOTBS1 to 5000 ? (Y/[N]) =>
Beginning log switch checkpoint up to RBA
Starting background process VKTM
ARC0: Archival started
Current log# 970 seq# 2840 mem# 0
LFI-01507: fwrite() failed(OSD return value = UNDOTBS1 ) in PK_CUSTOMER_ACCOUNTS .
Current log# 751 seq# 5857 mem# 0
ARC0: Archival started
ORA-09832: infoCallback: bad message format.
Undo initialization finished
Starting background process VKTM
ARC0: Archival started
RMAN-08508: archived log destination= 3
Starting background process VKTM
Archived Log entry 708 added for thread 1 sequence 4333
RMAN-06904: backup of archived log for thread number with sequence number and starting SCN of APP_USER42 was cancelled
Starting background process VKTM
Starting background process VKTM
Current log# 263 seq# 5083 mem# 0
Starting background process VKTM
ORA-56800: DSKM process died unexpectedly
Beginning log switch checkpoint up to RBA
Undo initialization finished
Completed checkpoint up to RBA
Thread 1 advanced to log sequence 699
ORA-16403: shut down in progress - remote connection is not permitted
Errors in file /u01/app/oracle/diag/rdbms/ttprod/ttprod1/trace/ttprod1_ora_72519.trc
Current log# 359 seq# 3229 mem# 0
Current log# 467 seq# 2033 mem# 0
NNO-00260: loading configuration data from checkpoint file " /u01/app/oracle/oradata/ttprod/users01.dbf "
Completed checkpoint up to RBA
ARC0: Archival started
Thread 1 advanced to log sequence 919
Current log# 865 seq# 5830 mem# 0
RMAN-08524: input control file copy name= ttstandby01
ARC0: Archival started
Beginning log switch checkpoint up to RBA
Completed checkpoint up to RBA
Completed checkpoint up to RBA
ORA-28526: invalid describe information returned to Heterogeneous Services
Errors in file /u01/app/oracle/diag/rdbms/ttprod/ttprod1/trace/ttprod1_ora_78686.trc
Archived Log entry 427 added for thread 1 sequence 9620
Beginning log switch checkpoint up to RBA
ORA-48914: File position is not in right format
Archived Log entry 962 added for thread 1 sequence 3389
Completed checkpoint up to RBA
Starting background process VKTM
Completed checkpoint up to RBA
Archived Log entry 315 added for thread 1 sequence 3506
ORA-07489: scgrcl: cannot get lock status.
Errors in file /u01/app/oracle/diag/rdbms/ttprod/ttprod1/trace/ttprod1_ora_31434.trc
Starting background process VKTM
RMAN-06511: RMAN retention policy is set to redundancy number
Errors in file /u01/app/oracle/diag/rdbms/ttprod/ttprod1/trace/ttprod1_ora_76568.trc
Current log# 579 seq# 2533 mem# 0
Beginning log switch checkpoint up to RBA
Thread 1 advanced to log sequence 493
Archived Log entry 41 added for thread 1 sequence 8894
ORA-48140: the specified ADR Base directory does not exist [ app_db ]
Errors in file /u01/app/oracle/diag/rdbms/ttprod/ttprod1/trace/ttprod1_ora_44875.trc
Undo initialization finished
ARC0: Archival started
Undo initialization finished
ARC0: Archival started
ARC0: Archival started
PRKN-01035: Host "{0}" is unreachable
Thread 1 advanced to log sequence 669
NID-00508: HELP Displays these messages NO
ARC0: Archival started
Beginning log switch checkpoint up to RBA
ARC0: Archival started
Undo initialization finished
RMAN-08152: global script pg_toast_12345 written to file _SYSSMU7$
Errors in file /u01/app/oracle/diag/rdbms/ttprod/ttprod1/trace/ttprod1_ora_31208.trc
ARC0: Archival started
Completed checkpoint up to RBA
Archived Log entry 374 added for thread 1 sequence 5478
Current log# 550 seq# 6215 mem# 0
TNS-12544: TNS:contexts have different wait/test functions
Archived Log entry 911 added for thread 1 sequence 6642
Beginning log switch checkpoint up to RBA
Beginning log switch checkpoint up to RBA
Beginning log switch checkpoint up to RBA
RMAN-04025: unable to generate a temporary file
Starting background process VKTM
Starting background process VKTM
ARC0: Archival started
ORA-28024: must revoke grants of external roles to this role/user
Thread 1 advanced to log sequence 115
Current log# 536 seq# 9389 mem# 0
Archived Log entry 297 added for thread 1 sequence 7741
ORA-55312: parse failed for triple: id-form: large pool APP_USER42 CRM.CALL_DETAIL_RECORDS
Beginning log switch checkpoint up to RBA
ORA-00828: specified value of shared_pool_reserved_size inconsistent with internal settings
Errors in file /u01/app/oracle/diag/rdbms/ttprod/ttprod1/trace/ttprod1_ora_23137.trc
Starting background process VKTM
Undo initialization finished
Beginning log switch checkpoint up to RBA
Archived Log entry 936 added for thread 1 sequence 3974
Starting background process VKTM
RMAN-06955: Network copies are only supported for image copies.
Errors in file /u01/app/oracle/diag/rdbms/ttprod/ttprod1/trace/ttprod1_ora_38179.trc
Thread 1 advanced to log sequence 273
RMAN-06156: validation succeeded for control file copy
ARC0: Archival started
Thread 1 advanced to log sequence 263
RMAN-06524: RMAN retention policy will be applied to the command
Archived Log entry 21 added for thread 1 sequence 1406
Completed checkpoint up to RBA
RMAN-20310: proxy copy not found in the repository
Thread 1 advanced to log sequence 489
RMAN-06151: datafile app_db creation SCN 5000
Thread 1 advanced to log sequence 182
Archived Log entry 441 added for thread 1 sequence 3038
Thread 1 advanced to log sequence 280
RMAN-06967: finished primary search, recovered /u01/app/oracle/oradata/ttprod/users01.dbf blocks
Archived Log entry 923 added for thread 1 sequence 8264
Thread 1 advanced to log sequence 218
Beginning log switch checkpoint up to RBA
Completed checkpoint up to RBA
Completed checkpoint up to RBA
RMAN-08130: failover to copy on device type SP2-0552
ARC0: Archival started
Starting background process VKTM
Archived Log entry 784 added for thread 1 sequence 1617
PRVF-02415: The minor number of device file "{0}" is incorrect on the nodes:
Archived Log entry 207 added for thread 1 sequence 3852
Undo initialization finished
Undo initialization finished
ORA-16021: session ttprod2 destination cannot be the same as session 17 destination
Archived Log entry 914 added for thread 1 sequence 5765
Archived Log entry 346 added for thread 1 sequence 5946
ARC0: Archival started
Current log# 770 seq# 6743 mem# 0
Undo initialization finished
ORA-09925: Unable to create audit trail file
Undo initialization finished
Starting background process VKTM
KUP-01008: the bad identifier was: _SYSSMU12$
Errors in file /u01/app/oracle/diag/rdbms/ttprod/ttprod1/trace/ttprod1_ora_57308.trc
Current log# 913 seq# 3238 mem# 0
Starting background process VKTM
Completed checkpoint up to RBA
Current log# 955 seq# 5790 mem# 0
RMAN-08618: validation succeeded for foreign archived log
Beginning log switch checkpoint up to RBA
Undo initialization finished
ARC0: Archival started
Beginning log switch checkpoint up to RBA
Starting background process VKTM
ORA-15261: user ' 3 ' already exists in disk group ' DATA_TS01 '
ARC0: Archival started
Undo initialization finished
ORA-26055: Invalid buffer specified for direct path unload
Beginning log switch checkpoint up to RBA
Thread 1 advanced to log sequence 266
Current log# 743 seq# 7483 mem# 0
Beginning log switch checkpoint up to RBA
TNS-04082: _SYSSMU12$ event large pool set to CDR_STAGING .
Current log# 245 seq# 5241 mem# 0
Archived Log entry 663 added for thread 1 sequence 4084
NNO-00060: loading server topology from checkpoint file " 1024 "
Completed checkpoint up to RBA
Starting background process VKTM
Starting background process VKTM
Current log# 364 seq# 7436 mem# 0
Current log# 534 seq# 4264 mem# 0
ORA-23478: object group " DATA_TS01 " is already mastered at _SYSSMU7$
Current log# 971 seq# 2252 mem# 0
ORA-12811: PARALLEL_MIN_SERVERS must be less than or equal to PARALLEL_MAX_SERVERS, session_1123
Completed checkpoint up to RBA
Undo initialization finished
Current log# 195 seq# 9651 mem# 0
Starting background process VKTM
NZE-28874: SSL: I/O closed - override goodbye kiss
Errors in file /u01/app/oracle/diag/rdbms/ttprod/ttprod1/trace/ttprod1_ora_56057.trc
Starting background process VKTM
ORA-01422: Exact fetch returns more than requested number of rows
Archived Log entry 780 added for thread 1 sequence 4539
Undo initialization finished
Starting background process VKTM
RMAN-08019: channel SP2-0552 : restoring datafile CRM.CALL_DETAIL_RECORDS
Starting background process VKTM
Current log# 977 seq# 7029 mem# 0
NNL-00831: Deletes refused, name is not a leaf name: number
Errors in file /u01/app/oracle/diag/rdbms/ttprod/ttprod1/trace/ttprod1_ora_66982.trc
Undo initialization finished
Archived Log entry 81 added for thread 1 sequence 1833
Archived Log entry 667 added for thread 1 sequence 1066
Completed checkpoint up to RBA
LFI-00101: Write failed, file cannot be written to.
Current log# 786 seq# 1392 mem# 0
Starting background process VKTM
Current log# 882 seq# 8811 mem# 0
Archived Log entry 765 added for thread 1 sequence 7270
ORA-07584: spdcr: invalid value for ORA_sid_(proc_)PQL$_item
Current log# 229 seq# 1722 mem# 0
ARC0: Archival started
Undo initialization finished
TNS-00262: _SYSSMU12$ reporting_schema number
Completed checkpoint up to RBA
Completed checkpoint up to RBA
Beginning log switch checkpoint up to RBA
Beginning log switch checkpoint up to RBA
PGU-39201: Initialization failure rc %4li
ARC0: Archival started
PRIF-00026: Error in update the profiles in the cluster
Completed checkpoint up to RBA
Archived Log entry 924 added for thread 1 sequence 7337
Beginning log switch checkpoint up to RBA
ORA-01287: file reporting_schema is from a different database incarnation
Completed checkpoint up to RBA
Beginning log switch checkpoint up to RBA
Archived Log entry 340 added for thread 1 sequence 9490
PRVF-06407: Core file name pattern can not be obtained from nodes "{0}".
Undo initialization finished
Starting background process VKTM
Beginning log switch checkpoint up to RBA
CRS-01620: The node kill information of node 42 could not be validated by this node due to invalid authorization information; details at INVOICE_LINES_IDX in CRM.CALL_DETAIL_RECORDS
Current log# 437 seq# 9611 mem# 0
Archived Log entry 401 added for thread 1 sequence 7545
Archived Log entry 66 added for thread 1 sequence 9614
ORA-64116: XMLIndex Exchange Partition: incompatible XPath subsets
Errors in file /u01/app/oracle/diag/rdbms/ttprod/ttprod1/trace/ttprod1_ora_41952.trc
Beginning log switch checkpoint up to RBA
Archived Log entry 430 added for thread 1 sequence 5985
NNO-00613: disabling FORWARDING-DESIRED on system queries
Beginning log switch checkpoint up to RBA
Undo initialization finished
ARC0: Archival started
Archived Log entry 686 added for thread 1 sequence 8118
PRCR-01111: Failed to retrieve processed attributes of resource {0} for node {1}
Undo initialization finished
Undo initialization finished
PRVF-05059: An error was encountered while verifying the SCAN configuration
Errors in file /u01/app/oracle/diag/rdbms/ttprod/ttprod1/trace/ttprod1_ora_78890.trc
Beginning log switch checkpoint up to RBA
ARC0: Archival started
ARC0: Archival started
RMAN-05551: Not connected to TARGET, cannot verify that set of tablespaces being duplicated does not have SYS objects
ARC0: Archival started
Completed checkpoint up to RBA
Current log# 796 seq# 5504 mem# 0
ORA-16088: archive log has not been completely archived
Errors in file /u01/app/oracle/diag/rdbms/ttprod/ttprod1/trace/ttprod1_ora_17059.trc
Undo initialization finished
NCR-03006: NCRO: Invalid operation
Starting background process VKTM
Completed checkpoint up to RBA
Completed checkpoint up to RBA
RMAN-05549: The following SYS objects were found in skipped tablespaces
ARC0: Archival started
ORA-09262: spdde: error terminating detached (background) process
Undo initialization finished
Completed checkpoint up to RBA
OCI-31085: schema " PK_CUSTOMER_ACCOUNTS " already registered
Starting background process VKTM
Starting background process VKTM
Beginning log switch checkpoint up to RBA
Thread 1 advanced to log sequence 550
Thread 1 advanced to log sequence 752
PGU-00374: could not set file position in INVOICE_LINES_IDX directly
Errors in file /u01/app/oracle/diag/rdbms/ttprod/ttprod1/trace/ttprod1_ora_57887.trc
Current log# 161 seq# 1240 mem# 0
Archived Log entry 203 added for thread 1 sequence 6671
ORA-28363: buffer provided not large enough for output
Completed checkpoint up to RBA
Completed checkpoint up to RBA
Thread 1 advanced to log sequence 212
PRCO-00010: Unable to retrieve max number of nodes
Archived Log entry 996 added for thread 1 sequence 1954
ARC0: Archival started
Current log# 98 seq# 7670 mem# 0
Archived Log entry 786 added for thread 1 sequence 8555
Beginning log switch checkpoint up to RBA
ORA-32512: type ' BILLING.CUST_ORDERS ' is unknown
Starting background process VKTM
Completed checkpoint up to RBA
RMAN-06716: skipping datafile number ; already restored to file 5000
Thread 1 advanced to log sequence 499
ARC0: Archival started
Undo initialization finished
Undo initialization finished
Starting background process VKTM
XOQ-01443: Measure contains dimension "( DATA_TS01 )", which is not a primary dimension.
ARC0: Archival started
Undo initialization finished
Thread 1 advanced to log sequence 549
Starting background process VKTM
ORA-13344: an arcpolygon geometry has fewer than five coordinates
Current log# 850 seq# 4472 mem# 0
Starting background process VKTM
Thread 1 advanced to log sequence 942
PRCO-00002: Unable to communicate with the clusterware
Beginning log switch checkpoint up to RBA
Beginning log switch checkpoint up to RBA
PRKO-02700: The CVU resource is not configured
Current log# 512 seq# 2061 mem# 0
Starting background process VKTM
Thread 1 advanced to log sequence 607
Archived Log entry 994 added for thread 1 sequence 5976
ORA-02734: osnftt: cannot reset shared memory permission
Undo initialization finished
ARC0: Archival started
Starting background process VKTM
Archived Log entry 888 added for thread 1 sequence 4228
Thread 1 advanced to log sequence 799
ORA-53034: document large pool contains an unsupported action attribute
Current log# 566 seq# 9905 mem# 0
Completed checkpoint up to RBA
QSM-01335: query rewrite not possible because query has an LOB column
Completed checkpoint up to RBA
Thread 1 advanced to log sequence 913
Starting background process VKTM
ORA-02770: Total number of blocks is invalid
Current log# 986 seq# 3050 mem# 0
TNS-00045: INTCTL: Could not contact the Navigator on address
ARC0: Archival started
ARC0: Archival started
Beginning log switch checkpoint up to RBA
Thread 1 advanced to log sequence 170
ORA-09930: LUB of two labels is invalid
ARC0: Archival started
PCC-02305: illegal mixing of new and old style C function declarations
ARC0: Archival started
Thread 1 advanced to log sequence 546
DRG-12245: SDATA operator not compatible with the sdata section NETWORK_OPS.SIM_INVENTORY
Completed checkpoint up to RBA
Archived Log entry 38 added for thread 1 sequence 8462
RMAN-06744: specification does not match any datafile copy in the repository
Thread 1 advanced to log sequence 692
ORA-26732: invalid file group shared pool privilege
Thread 1 advanced to log sequence 832
Archived Log entry 653 added for thread 1 sequence 8807
Beginning log switch checkpoint up to RBA
Starting background process VKTM
Current log# 202 seq# 6166 mem# 0
ORA-01101: database being created currently mounted by some other instance
Archived Log entry 576 added for thread 1 sequence 1093
Thread 1 advanced to log sequence 875
Completed checkpoint up to RBA
Archived Log entry 955 added for thread 1 sequence 2145
NNO-00627: cancelling auto-refresh of name " fk_order_customer ", type " CDR_STAGING "
Completed checkpoint up to RBA
Archived Log entry 925 added for thread 1 sequence 1401
Completed checkpoint up to RBA
ORA-22979: cannot INSERT object view REF or user-defined REF
Errors in file /u01/app/oracle/diag/rdbms/ttprod/ttprod1/trace/ttprod1_ora_64707.trc
Completed checkpoint up to RBA
Beginning log switch checkpoint up to RBA
Thread 1 advanced to log sequence 269
Beginning log switch checkpoint up to RBA
Completed checkpoint up to RBA
ORA-32336: cannot use USING NO INDEX to create materialized view " 3 "." 5000 "
ARC0: Archival started
Beginning log switch checkpoint up to RBA
ARC0: Archival started
Undo initialization finished
ARC0: Archival started
ORA-36684: (XSDPART22) You cannot rename values of DIMENSION workspace object because it is the partition dimension of RANGE PARTITION TEMPLATE workspace object
Errors in file /u01/app/oracle/diag/rdbms/ttprod/ttprod1/trace/ttprod1_ora_41796.trc
Starting background process VKTM
Starting background process VKTM
Thread 1 advanced to log sequence 95
ORA-25121: MINIMUM EXTENT value greater than maximum extent size
Thread 1 advanced to log sequence 617
Beginning log switch checkpoint up to RBA
NCR-04010: NCRR: Unable to contact Oracle Internet Directory Server
Completed checkpoint up to RBA
Undo initialization finished
Archived Log entry 874 added for thread 1 sequence 1292
ORA-17520: data file TNS_ADMIN cannot be added to repopulation
Errors in file /u01/app/oracle/diag/rdbms/ttprod/ttprod1/trace/ttprod1_ora_45537.trc
Archived Log entry 493 added for thread 1 sequence 5836
Starting background process VKTM
Completed checkpoint up to RBA
Completed checkpoint up to RBA
Current log# 212 seq# 6094 mem# 0
INS-30501: Automatic Storage Management software is not configured on this system.
Beginning log switch checkpoint up to RBA
Starting background process VKTM
Completed checkpoint up to RBA
Current log# 579 seq# 1771 mem# 0
RMAN-07208: changed SP2-0552 failures to LOW priority
Starting background process VKTM
Current log# 128 seq# 6253 mem# 0
ORA-14638: cannot MERGE subpartitions in different Range Composite partitions
Errors in file /u01/app/oracle/diag/rdbms/ttprod/ttprod1/trace/ttprod1_ora_70765.trc
Thread 1 advanced to log sequence 664
Beginning log switch checkpoint up to RBA
ARC0: Archival started
ARC0: Archival started
CRS-04205: Failed to open the IPMI credentials wallet. The wallet does not exist.
ARC0: Archival started
Undo initialization finished
Starting background process VKTM
NNO-00056: warning: domain minimum TTL must be between number and number , set to number seconds
Errors in file /u01/app/oracle/diag/rdbms/ttprod/ttprod1/trace/ttprod1_ora_41091.trc
Beginning log switch checkpoint up to RBA
Current log# 39 seq# 3014 mem# 0
Archived Log entry 543 added for thread 1 sequence 1743
Current log# 615 seq# 8943 mem# 0
Archived Log entry 662 added for thread 1 sequence 3996
ORA-31480: staging database and source database cannot be the same
Completed checkpoint up to RBA
Current log# 356 seq# 8942 mem# 0
Archived Log entry 478 added for thread 1 sequence 5945
PLS-00305: previous use of ' pk_orders ' (at line PK_CUSTOMER_ACCOUNTS ) conflicts with this use
Undo initialization finished
Archived Log entry 663 added for thread 1 sequence 4459
RMAN-00205: Do you really want to drop all backups and the database (enter YES or NO)?
Thread 1 advanced to log sequence 447
Undo initialization finished
Starting background process VKTM
Current log# 505 seq# 3687 mem# 0
RMAN-06901: WARNING: disabling update of the V$RMAN_STATUS and V$RMAN_OUTPUT rows
Thread 1 advanced to log sequence 676
ARC0: Archival started
Current log# 810 seq# 9580 mem# 0
Beginning log switch checkpoint up to RBA
DRG-12220: a valid tag must be provided
Undo initialization finished
ARC0: Archival started
RMAN-06085: must use SET NEWNAME command to restore datafile shared pool
Beginning log switch checkpoint up to RBA
Undo initialization finished
Archived Log entry 112 added for thread 1 sequence 1979
ORA-13363: no valid ETYPE in the geometry
Archived Log entry 954 added for thread 1 sequence 6700
Starting background process VKTM
Current log# 560 seq# 1811 mem# 0
Completed checkpoint up to RBA
Thread 1 advanced to log sequence 279
NNL-00950: Cache lookup requests: number
Completed checkpoint up to RBA
Thread 1 advanced to log sequence 793
Undo initialization finished
PRCS-01000: Failed to get enabled status of {0}
ARC0: Archival started
ORA-49432: Problem not part of package [ /u01/app/oracle/oradata/ttprod/users01.dbf ]
Errors in file /u01/app/oracle/diag/rdbms/ttprod/ttprod1/trace/ttprod1_ora_67371.trc
Starting background process VKTM
Undo initialization finished
Completed checkpoint up to RBA
ARC0: Archival started
RMAN-06067: RECOVER DATABASE required with a backup or created control file
Errors in file /u01/app/oracle/diag/rdbms/ttprod/ttprod1/trace/ttprod1_ora_77191.trc
Completed checkpoint up to RBA
ARC0: Archival started
Current log# 980 seq# 4656 mem# 0
Beginning log switch checkpoint up to RBA
ORA-31405: cannot make changes while change set ttstandby01 is advancing
Current log# 414 seq# 5006 mem# 0
ARC0: Archival started
Archived Log entry 235 added for thread 1 sequence 9370
Starting background process VKTM
RMAN-12018: channel PK_CUSTOMER_ACCOUNTS disabled, job failed on it will be run on another channel
Archived Log entry 429 added for thread 1 sequence 4930
TNS-12608: TNS: Send timeout occurred
Archived Log entry 224 added for thread 1 sequence 6255
Thread 1 advanced to log sequence 476
ORA-14054: invalid ALTER TABLE TRUNCATE PARTITION option
Starting background process VKTM
Thread 1 advanced to log sequence 862
Completed checkpoint up to RBA
CRS-00005: log file " 3 " deleted after close failure
Thread 1 advanced to log sequence 477
Completed checkpoint up to RBA
CRS-04688: Oracle Clusterware is already stopped on server ' NETWORK_OPS.SIM_INVENTORY '
Completed checkpoint up to RBA
Thread 1 advanced to log sequence 625
Beginning log switch checkpoint up to RBA
Undo initialization finished
Starting background process VKTM
CRS-00700: Oracle High Availability Service aborted due to failure to allocate memory. Details at APP_USER42 in shared pool .
ARC0: Archival started
Undo initialization finished
Completed checkpoint up to RBA
Undo initialization finished
XOQ-01201: metadata problem for MdmMeasure " CRM.CALL_DETAIL_RECORDS "
Errors in file /u01/app/oracle/diag/rdbms/ttprod/ttprod1/trace/ttprod1_ora_47240.trc
Archived Log entry 941 added for thread 1 sequence 3919
Archived Log entry 431 added for thread 1 sequence 3818
Completed checkpoint up to RBA
Undo initialization finished
ORA-31623: a job is not attached to this session via the specified handle
Beginning log switch checkpoint up to RBA
Completed checkpoint up to RBA
Current log# 841 seq# 3056 mem# 0
ORA-19501: read error on file " NETWORK_OPS.SIM_INVENTORY ", block number CDR_STAGING (block size= user_sessions )
Thread 1 advanced to log sequence 870
Completed checkpoint up to RBA
ORA-01513: invalid current time returned by operating system
ARC0: Archival started
Completed checkpoint up to RBA
Completed checkpoint up to RBA
NNO-00315: server is listening on address ttprod2
Undo initialization finished
Beginning log switch checkpoint up to RBA
Undo initialization finished
Current log# 873 seq# 5806 mem# 0
Archived Log entry 22 added for thread 1 sequence 3724
ORA-25183: index-organized table top index segment is in a different tablespace
Current log# 274 seq# 4825 mem# 0
Undo initialization finished
ORA-16401: archive log rejected by Remote File Server (RFS)
Errors in file /u01/app/oracle/diag/rdbms/ttprod/ttprod1/trace/ttprod1_ora_71623.trc
Starting background process VKTM
Current log# 143 seq# 9036 mem# 0
Starting background process VKTM
Thread 1 advanced to log sequence 650
PRCD-01158: Invalid database type {0}
Completed checkpoint up to RBA
ARC0: Archival started
Beginning log switch checkpoint up to RBA
Starting background process VKTM
ORA-07505: scggt: $enq parent lock unexpected return
Undo initialization finished
Undo initialization finished
Completed checkpoint up to RBA
Current log# 884 seq# 1636 mem# 0
ORA-37094: (XSOBJORG_BAD_DIM) invalid property " ttstandby01 " specified for dimension " large pool . BILLING.CUST_ORDERS "
Beginning log switch checkpoint up to RBA
Starting background process VKTM
Undo initialization finished
Undo initialization finished
Completed checkpoint up to RBA
CRS-00006: file rotation processing continues for file: " /u01/app/oracle/oradata/ttprod/users01.dbf "
Current log# 357 seq# 2812 mem# 0
ARC0: Archival started
PLS-00722: supertypes's AUTHID is different than subtype's AUTHID
Thread 1 advanced to log sequence 716
EVM-00308: Failed to open eventlog " 17 ": 1024
Archived Log entry 283 added for thread 1 sequence 9100
Thread 1 advanced to log sequence 231
RMAN-06616: RMAN output not resynced for database with DB_UNIQUE_NAME fk_order_customer
Errors in file /u01/app/oracle/diag/rdbms/ttprod/ttprod1/trace/ttprod1_ora_47859.trc
Starting background process VKTM
Undo initialization finished
Thread 1 advanced to log sequence 857
ARC0: Archival started
ORA-03144: Process ID: 3
Thread 1 advanced to log sequence 775
Starting background process VKTM
Starting background process VKTM
EVM-00313: Eventlog " 5000 " re-enabled
ARC0: Archival started
Thread 1 advanced to log sequence 178
Beginning log switch checkpoint up to RBA
NNL-00955: Hash tables enlarged: number
Thread 1 advanced to log sequence 664
Beginning log switch checkpoint up to RBA
Archived Log entry 745 added for thread 1 sequence 2373
CRS-02624: One of ' USERS ', ' APP_USER42 ' must be specified when ' PK_CUSTOMER_ACCOUNTS ' is ' BILLING.CUST_ORDERS '
Undo initialization finished
Beginning log switch checkpoint up to RBA
Thread 1 advanced to log sequence 992
Beginning log switch checkpoint up to RBA
QSM-01355: multi-mv rewrite not possible in the presence of remote objects
Beginning log switch checkpoint up to RBA
ARC0: Archival started
Beginning log switch checkpoint up to RBA
IMG-00804: Syntax error in attribute large pool
ARC0: Archival started
QSM-01031: materialized view, DATA_TS01 , is stale in TRUSTED integrity mode
Current log# 444 seq# 9218 mem# 0
Undo initialization finished
Archived Log entry 775 added for thread 1 sequence 7314
Starting background process VKTM
ORA-28277: LDAP search, while authenticating global user with passwords, failed.
Current log# 722 seq# 1087 mem# 0
Starting background process VKTM
ORA-19290: XQST0069 - more than one empty order declaration declared in the prolog
ARC0: Archival started
Current log# 597 seq# 7121 mem# 0
Thread 1 advanced to log sequence 717
Archived Log entry 102 added for thread 1 sequence 3707
ORA-19645: datafile reporting_schema : incremental-start SCN is prior to creation SCN INVOICE_LINES_IDX
Completed checkpoint up to RBA
Undo initialization finished
Current log# 43 seq# 2445 mem# 0
ORA-06260: NETNTT: cannot write to remote process
Archived Log entry 766 added for thread 1 sequence 5228
ARC0: Archival started
NID-00100: Cannot open datafile " user_sessions "
Starting background process VKTM
Beginning log switch checkpoint up to RBA
Archived Log entry 393 added for thread 1 sequence 2789
ARC0: Archival started
Thread 1 advanced to log sequence 824
PGU-41025: invalid VERSION number specified
Errors in file /u01/app/oracle/diag/rdbms/ttprod/ttprod1/trace/ttprod1_ora_84613.trc
Thread 1 advanced to log sequence 592
Beginning log switch checkpoint up to RBA
Completed checkpoint up to RBA
Archived Log entry 483 added for thread 1 sequence 9985
ARC0: Archival started
ORA-12825: explicit degree of parallelism must be specified here
Archived Log entry 17 added for thread 1 sequence 6426
Beginning log switch checkpoint up to RBA
ARC0: Archival started
DIA-49416: Earlier package sequence applied with FORCE option [ _SYSSMU12$ ] [ 1024 ]
Completed checkpoint up to RBA
Starting background process VKTM
Starting background process VKTM
Starting background process VKTM
Thread 1 advanced to log sequence 240
RMAN-20039: format requires character when duplexing
ARC0: Archival started
ORA-01564: rollback segment is not PUBLIC
Errors in file /u01/app/oracle/diag/rdbms/ttprod/ttprod1/trace/ttprod1_ora_21206.trc
Starting background process VKTM
Completed checkpoint up to RBA
Starting background process VKTM
Archived Log entry 963 added for thread 1 sequence 3266
TNS-01194: The listener command did not arrive in a secure transport
Errors in file /u01/app/oracle/diag/rdbms/ttprod/ttprod1/trace/ttprod1_ora_18565.trc
Undo initialization finished
Beginning log switch checkpoint up to RBA
CRS-02552: There are no available instances of resource ' BILLING.CUST_ORDERS ' to start.
Errors in file /u01/app/oracle/diag/rdbms/ttprod/ttprod1/trace/ttprod1_ora_38369.trc
Beginning log switch checkpoint up to RBA
ORA-25352: no current transaction
Current log# 380 seq# 4721 mem# 0
ORA-25014: cannot change the value of a PARENT reference variable
Starting background process VKTM
ORA-15057: specified size of pg_toast_12345 MB is larger than actual size of 5000 MB
Current log# 883 seq# 7227 mem# 0
Current log# 644 seq# 9043 mem# 0
Archived Log entry 98 added for thread 1 sequence 8652
Archived Log entry 100 added for thread 1 sequence 4860
Beginning log switch checkpoint up to RBA
TNS-01114: LSNRCTL could not perform local OS authentication with the listener
Undo initialization finished
ORA-19384: cannot pack into staging table from previous version
Current log# 781 seq# 5973 mem# 0
Current log# 739 seq# 4949 mem# 0
Undo initialization finished
DRG-50926: invalid text query BILLING.CUST_ORDERS
Archived Log entry 236 added for thread 1 sequence 8626
Completed checkpoint up to RBA
Undo initialization finished
Beginning log switch checkpoint up to RBA
TNS-00022: INTCTL: missing CMANAGER_NAME in INTCHG.ORA
Completed checkpoint up to RBA
RMAN-07507: cataloging files...
Completed checkpoint up to RBA
NID-00452: Succesfully changed database ID.
Errors in file /u01/app/oracle/diag/rdbms/ttprod/ttprod1/trace/ttprod1_ora_16466.trc
ARC0: Archival started
Completed checkpoint up to RBA
Thread 1 advanced to log sequence 79
Beginning log switch checkpoint up to RBA
ORA-24160: name APP_USER42 already exists in the name value pair list
Errors in file /u01/app/oracle/diag/rdbms/ttprod/ttprod1/trace/ttprod1_ora_45059.trc
Starting background process VKTM
Starting background process VKTM
Thread 1 advanced to log sequence 798
ARC0: Archival started
Current log# 894 seq# 9908 mem# 0
NNO-00066: server will perform reload check of administrative region in number seconds
Archived Log entry 570 added for thread 1 sequence 2523
RMAN-08129: failover to piece handle= _SYSSMU12$ tag= SP2-0552
Beginning log switch checkpoint up to RBA
Archived Log entry 983 added for thread 1 sequence 7079
Completed checkpoint up to RBA
Beginning log switch checkpoint up to RBA
ORA-39901: Partitioned table app_db . CRM.CALL_DETAIL_RECORDS is partially contained in the transportable set.
Archived Log entry 160 added for thread 1 sequence 3060
Undo initialization finished
ARC0: Archival started
Thread 1 advanced to log sequence 471
Undo initialization finished
RMAN-05071: TRANSPORT_SET_CHECK completed successfully
Completed checkpoint up to RBA
Archived Log entry 910 added for thread 1 sequence 8079
RMAN-06196: Oracle instance started
ARC0: Archival started
PROT-00025: Manual backups for the Oracle Cluster Registry are not available
Beginning log switch checkpoint up to RBA
Undo initialization finished
ARC0: Archival started
Starting background process VKTM
Starting background process VKTM
ORA-06559: wrong datatype requested, session_1123 , actual datatype is ttprod2
Starting background process VKTM
PRVF-04317: User "{0}" is part of group "{1}". Check failed
Completed checkpoint up to RBA
Current log# 839 seq# 2469 mem# 0
PRCT-01127: Received empty result while getting all volume devices on the local node
Undo initialization finished
Undo initialization finished
Starting background process VKTM
ORA-27468: " 17 . _SYSSMU7$ " is locked by another process
ARC0: Archival started
Beginning log switch checkpoint up to RBA
ORA-07721: scgcm: not enough OS resource to obtain system enqueue
Current log# 237 seq# 9666 mem# 0
RMAN-08023: channel APP_USER42 : restored backup piece PK_CUSTOMER_ACCOUNTS
ARC0: Archival started
Completed checkpoint up to RBA
Undo initialization finished
Undo initialization finished
Current log# 591 seq# 5650 mem# 0
ORA-13869: Instance-wide SQL tracing on instance PK_CUSTOMER_ACCOUNTS is already enabled
Starting background process VKTM
RMAN-06162: sql statement: UNDOTBS1
Beginning log switch checkpoint up to RBA
ARC0: Archival started
ORA-16200: Skip procedure requested to skip statement
Starting background process VKTM
Thread 1 advanced to log sequence 577
Starting background process VKTM
Beginning log switch checkpoint up to RBA
ORA-14505: LOCAL option valid only for partitioned indexes
Current log# 763 seq# 1159 mem# 0
Archived Log entry 681 added for thread 1 sequence 8220
RMAN-08146: channel INVOICE_LINES_IDX : specifying archived log(s) for validation
Starting background process VKTM
Starting background process VKTM
Undo initialization finished
Undo initialization finished
Beginning log switch checkpoint up to RBA
CLSS-02001: local node number SP2-0552 , master node number CRM.CALL_DETAIL_RECORDS
Starting background process VKTM
Beginning log switch checkpoint up to RBA
ORA-34183: (MXCHGDCL22) Partition number already exists.
Completed checkpoint up to RBA
Undo initialization finished
Current log# 742 seq# 6738 mem# 0
Beginning log switch checkpoint up to RBA
NNO-00059: cannot construct topology checkpoint file name
Current log# 991 seq# 3815 mem# 0
Undo initialization finished
Completed checkpoint up to RBA
Beginning log switch checkpoint up to RBA
ORA-33336: (DSSEXIST04A) Analytic workspace _SYSSMU12$ is not attached.
Starting background process VKTM
Undo initialization finished
ORA-22285: non-existent directory or file for TNS_ADMIN operation
Completed checkpoint up to RBA
Thread 1 advanced to log sequence 358
ARC0: Archival started
Starting background process VKTM
ORA-09982: skxfqddrg: Error Removing a page from the SDI buffer pool
Thread 1 advanced to log sequence 81
Starting background process VKTM
Thread 1 advanced to log sequence 537
ORA-26024: SKIP_UNUSABLE_INDEXES requested and index segment was initially unusable
Starting background process VKTM
Completed checkpoint up to RBA
Current log# 406 seq# 1622 mem# 0
ARC0: Archival started
DRG-10562: missing alter index parameter
Errors in file /u01/app/oracle/diag/rdbms/ttprod/ttprod1/trace/ttprod1_ora_11483.trc
Archived Log entry 59 added for thread 1 sequence 6233
ARC0: Archival started
Completed checkpoint up to RBA
ORA-39911: Index ttstandby01 . 17 in tablespace _SYSSMU7$ points to partition UNDOTBS1 of table _SYSSMU12$ . PK_CUSTOMER_ACCOUNTS in tablespace pg_toast_12345 outside of transportable set.
Current log# 660 seq# 4458 mem# 0
Completed checkpoint up to RBA
ORA-39931: XML Schema fk_order_customer Owner: fk_order_customer not fully contained in the transportable set.
Undo initialization finished
ORA-39300: Cannot alter materialized view log partitioning type or partitioning columns.
Archived Log entry 183 added for thread 1 sequence 7788
Beginning log switch checkpoint up to RBA
ARC0: Archival started
PGU-41035: invalid SIDEPROFILE name specified
Beginning log switch checkpoint up to RBA
ORA-29390: some resource plans are not part of any top-plan
Archived Log entry 785 added for thread 1 sequence 3084
Archived Log entry 720 added for thread 1 sequence 9326
ORA-36617: (XSAGMODHIER02) There is a self-cycle equation in MODEL workspace object .
Beginning log switch checkpoint up to RBA
Thread 1 advanced to log sequence 747
Starting background process VKTM
Starting background process VKTM
Thread 1 advanced to log sequence 680
RMAN-08062: WARNING: cannot change priority of a critical failure /u01/app/oracle/oradata/ttprod/users01.dbf
Beginning log switch checkpoint up to RBA
ORA-33024: (XSAGDNGL11) AGGMAP workspace object contains duplicate information.
Beginning log switch checkpoint up to RBA
Undo initialization finished
Beginning log switch checkpoint up to RBA
ARC0: Archival started
ORA-12040: master rollback segment option not support by master site NETWORK_OPS.SIM_INVENTORY
Errors in file /u01/app/oracle/diag/rdbms/ttprod/ttprod1/trace/ttprod1_ora_98543.trc
Completed checkpoint up to RBA
ARC0: Archival started
CRS-04681: Failed to unset priority for Cluster Synchronization Services.
Completed checkpoint up to RBA
DIA-49452: Archiving utility out of memory [ large pool ] [ user_sessions ]
Errors in file /u01/app/oracle/diag/rdbms/ttprod/ttprod1/trace/ttprod1_ora_71624.trc
Completed checkpoint up to RBA
ORA-01913: EXCLUSIVE keyword expected
Starting background process VKTM
Starting background process VKTM
Completed checkpoint up to RBA
CLSR-00507: The length of the facility name INVOICE_LINES_IDX exceeds the limit ( number )
Errors in file /u01/app/oracle/diag/rdbms/ttprod/ttprod1/trace/ttprod1_ora_95074.trc
Completed checkpoint up to RBA
Undo initialization finished
Thread 1 advanced to log sequence 896
RMAN-03091: Finished reporting_schema at TNS_ADMIN
Archived Log entry 56 added for thread 1 sequence 4704
Current log# 762 seq# 4291 mem# 0
ARC0: Archival started
KUP-04105: zoned decimal to number conversion caused overflow for TNS_ADMIN
Beginning log switch checkpoint up to RBA
Completed checkpoint up to RBA
Current log# 148 seq# 3351 mem# 0
Undo initialization finished
ARC0: Archival started
ORA-02301: maximum number of OIDGENERATORS is 255
Errors in file /u01/app/oracle/diag/rdbms/ttprod/ttprod1/trace/ttprod1_ora_40868.trc
Beginning log switch checkpoint up to RBA
Starting background process VKTM
Completed checkpoint up to RBA
Current log# 173 seq# 1295 mem# 0
OCI-30101: unknown parameter name ' SP2-0552 '
Starting background process VKTM
ORA-19004: Duplicate XMLType OBJECT RELATIONAL storage option
Errors in file /u01/app/oracle/diag/rdbms/ttprod/ttprod1/trace/ttprod1_ora_23968.trc
Beginning log switch checkpoint up to RBA
ARC0: Archival started
ARC0: Archival started
Completed checkpoint up to RBA
INS-40721: Single Client Access Name (SCAN) port is blank.
Current log# 785 seq# 5199 mem# 0
Completed checkpoint up to RBA
Starting background process VKTM
Current log# 502 seq# 7148 mem# 0
Thread 1 advanced to log sequence 681
RMAN-06120: uncataloged archived log
Errors in file /u01/app/oracle/diag/rdbms/ttprod/ttprod1/trace/ttprod1_ora_12078.trc
Starting background process VKTM
Beginning log switch checkpoint up to RBA
Beginning log switch checkpoint up to RBA
Starting background process VKTM
PRCR-01132: Failed to stop resources using a filter
Beginning log switch checkpoint up to RBA
Beginning log switch checkpoint up to RBA
Beginning log switch checkpoint up to RBA
Starting background process VKTM
RMAN-06142: DEVICE TYPE cannot be specified with this command
Errors in file /u01/app/oracle/diag/rdbms/ttprod/ttprod1/trace/ttprod1_ora_82208.trc
Thread 1 advanced to log sequence 462
CRS-02556: Resource ' 5000 ' cannot be restored to its original state after a failed relocate attempt
Completed checkpoint up to RBA
ORA-39099: cannot create index for " BILLING.CUST_ORDERS " on master table reporting_schema
Beginning log switch checkpoint up to RBA
RMAN-08554: channel PK_CUSTOMER_ACCOUNTS : restoring spfile from AUTOBACKUP idx_users_email
Errors in file /u01/app/oracle/diag/rdbms/ttprod/ttprod1/trace/ttprod1_ora_94636.trc
Completed checkpoint up to RBA
ORA-06950: No error
Thread 1 advanced to log sequence 194
Thread 1 advanced to log sequence 649
RMAN-08129: failover to piece handle= session_1123 tag= _SYSSMU12$
Completed checkpoint up to RBA
Thread 1 advanced to log sequence 620
RMAN-06568: connected to target database: SYSAUX (DBID= SP2-0552 , not open)
Beginning log switch checkpoint up to RBA
ARC0: Archival started
ARC0: Archival started
CRS-02773: Server ' 5000 ' has been removed from pool ' session_1123 '.
Completed checkpoint up to RBA
Undo initialization finished
Current log# 300 seq# 2135 mem# 0
Current log# 467 seq# 3948 mem# 0
ARC0: Archival started
RMAN-06238: List of Databases
ARC0: Archival started
Current log# 138 seq# 2222 mem# 0
Thread 1 advanced to log sequence 299
Starting background process VKTM
ORA-02148: EXCLUSIVE specified multiple times
Errors in file /u01/app/oracle/diag/rdbms/ttprod/ttprod1/trace/ttprod1_ora_15381.trc
Thread 1 advanced to log sequence 130
Current log# 600 seq# 2898 mem# 0
Beginning log switch checkpoint up to RBA
Beginning log switch checkpoint up to RBA
IMP-00030: failed to create file SP2-0552 for write
Undo initialization finished
Thread 1 advanced to log sequence 568
Completed checkpoint up to RBA
Beginning log switch checkpoint up to RBA
Archived Log entry 361 added for thread 1 sequence 7993
ORA-38501: sub-query not allowed in the expression
Current log# 531 seq# 8292 mem# 0
Undo initialization finished
Undo initialization finished
ARC0: Archival started
Completed checkpoint up to RBA
DRG-52200: invalid state during export
Thread 1 advanced to log sequence 2
ORA-55502: Specified input transaction by name has no SCN hint
Errors in file /u01/app/oracle/diag/rdbms/ttprod/ttprod1/trace/ttprod1_ora_37616.trc
Undo initialization finished
Thread 1 advanced to log sequence 210
Beginning log switch checkpoint up to RBA
CRS-02544: The name ' _SYSSMU7$ ' is longer than the allowed maximum of ' number ' characters
Current log# 185 seq# 1016 mem# 0
Archived Log entry 467 added for thread 1 sequence 7863
Archived Log entry 29 added for thread 1 sequence 1763
NID-00301: Datafile ttprod1 - dbid changed, wrote new name
Current log# 835 seq# 6607 mem# 0
CRS-02807: Resource ' 42 ' failed to start automatically.
ARC0: Archival started
Beginning log switch checkpoint up to RBA
ORA-39083: Object type 5000 failed to create with error: /u01/app/oracle/oradata/ttprod/users01.dbf Failing sql is: PK_CUSTOMER_ACCOUNTS
Current log# 157 seq# 9248 mem# 0
Undo initialization finished
Current log# 848 seq# 4893 mem# 0
RMAN-08611: channel 42 : piece handle= 42 tag= TNS_ADMIN
Errors in file /u01/app/oracle/diag/rdbms/ttprod/ttprod1/trace/ttprod1_ora_71679.trc
Starting background process VKTM
ARC0: Archival started
NNO-00703: checkpoint interval changed to number seconds
Errors in file /u01/app/oracle/diag/rdbms/ttprod/ttprod1/trace/ttprod1_ora_42819.trc
Starting background process VKTM
Archived Log entry 143 added for thread 1 sequence 8080
PRIF-00011: cluster registry error
Current log# 259 seq# 5209 mem# 0
Starting background process VKTM
RMAN-06766: Tablespace BILLING.CUST_ORDERS will not be encrypted in future backup sets
Undo initialization finished
Archived Log entry 315 added for thread 1 sequence 1640
Archived Log entry 964 added for thread 1 sequence 5667
ARC0: Archival started
ARC0: Archival started
PCC-02210: C++ punctuation sequences are not permitted
Beginning log switch checkpoint up to RBA
ORA-39904: Partitioned object shared pool . _SYSSMU7$ is partially contained in the transportable set.
Completed checkpoint up to RBA
Starting background process VKTM
Current log# 985 seq# 2500 mem# 0
Undo initialization finished
Current log# 316 seq# 7549 mem# 0
ORA-01091: failure during startup force
Completed checkpoint up to RBA
Completed checkpoint up to RBA
Completed checkpoint up to RBA
Completed checkpoint up to RBA
RMAN-07252: ========================
Undo initialization finished
Thread 1 advanced to log sequence 6
Undo initialization finished
JMS-00433: User not authenticated
Beginning log switch checkpoint up to RBA
PRCH-01039: Failed to stop CVU resource
Undo initialization finished
ARC0: Archival started
Beginning log switch checkpoint up to RBA
INS-30072: There are services running from the currently selected Oracle Home.
Starting background process VKTM
Archived Log entry 209 added for thread 1 sequence 5678
CRS-02574: ACL entry for primary group field is missing.
Archived Log entry 22 added for thread 1 sequence 2514
Thread 1 advanced to log sequence 834
Archived Log entry 639 added for thread 1 sequence 3051
ORA-31075: invalid ttstandby01 declaration in XML Schema
Errors in file /u01/app/oracle/diag/rdbms/ttprod/ttprod1/trace/ttprod1_ora_59952.trc
Current log# 358 seq# 7469 mem# 0
Undo initialization finished
Current log# 299 seq# 7396 mem# 0
Archived Log entry 846 added for thread 1 sequence 9297
ORA-48169: incorrect arguments to ADR deferred initialization
ARC0: Archival started
Archived Log entry 240 added for thread 1 sequence 5629
Starting background process VKTM
Current log# 939 seq# 5125 mem# 0
ORA-16268: user procedure processing of logical standby apply PL/SQL
Starting background process VKTM
Current log# 48 seq# 1079 mem# 0
ARC0: Archival started
Undo initialization finished
PCC-02108: UNSAFE_NULL=YES allowed if MODE=ORACLE and DBMS=V7 or V8
Archived Log entry 609 added for thread 1 sequence 3479
Starting background process VKTM
ORA-19813: cannot have unavailable file 3 in DB_RECOVERY_FILE_DEST
Thread 1 advanced to log sequence 59
ARC0: Archival started
Archived Log entry 630 added for thread 1 sequence 1521
IMP-00063: Warning: Skipping table " _SYSSMU12$ "." session_1123 " because object type " ttstandby01 "." 3 " cannot be created or has different identifier
Undo initialization finished
Undo initialization finished
Starting background process VKTM
PCB-00308: FOR clause is an Oracle extension
Beginning log switch checkpoint up to RBA
Thread 1 advanced to log sequence 274
QSM-01076: no materialized join view was found
Undo initialization finished
Completed checkpoint up to RBA
Thread 1 advanced to log sequence 159
Completed checkpoint up to RBA
ARC0: Archival started
ORA-53037: invalid range tag, <START_TAG> reporting_schema must be less than <END_TAG> INVOICE_LINES_IDX
Current log# 632 seq# 8550 mem# 0
Completed checkpoint up to RBA
Current log# 388 seq# 4809 mem# 0
ARC0: Archival started
Starting background process VKTM
PCC-00036: No input file name specified
Archived Log entry 804 added for thread 1 sequence 1376
ORA-19685: SPFILE could not be verified
ARC0: Archival started
Undo initialization finished
Undo initialization finished
ARC0: Archival started
ORA-64012: specified path is a directory
Errors in file /u01/app/oracle/diag/rdbms/ttprod/ttprod1/trace/ttprod1_ora_50831.trc
Beginning log switch checkpoint up to RBA
ORA-00068: invalid value USERS for parameter SYSAUX , must be between _SYSSMU7$ and SP2-0552
Beginning log switch checkpoint up to RBA
Beginning log switch checkpoint up to RBA
ORA-12494: cannot insert or delete a level, category, or release category
Thread 1 advanced to log sequence 549
Beginning log switch checkpoint up to RBA
ORA-04064: not executed, invalidated large pool
Starting background process VKTM
Undo initialization finished
Beginning log switch checkpoint up to RBA
Starting background process VKTM
Thread 1 advanced to log sequence 267
RMAN-06446: changed proxy copy unavailable
Beginning log switch checkpoint up to RBA
ARC0: Archival started
CRS-09102: No data for the node at the given time
Completed checkpoint up to RBA
DIA-48445: Path expression only supports one bucket dump type
Completed checkpoint up to RBA
Current log# 469 seq# 9330 mem# 0
ORA-46085: Cannot modify system attribute in dynamic roles
Completed checkpoint up to RBA
ARC0: Archival started
Current log# 133 seq# 7701 mem# 0
Thread 1 advanced to log sequence 272
Starting background process VKTM
PRCD-01074: Failed to retrieve the database role for database {0}
Errors in file /u01/app/oracle/diag/rdbms/ttprod/ttprod1/trace/ttprod1_ora_76376.trc
ARC0: Archival started
Thread 1 advanced to log sequence 805
Completed checkpoint up to RBA
Beginning log switch checkpoint up to RBA
Current log# 40 seq# 4214 mem# 0
ORA-28182: cannot acquire Kerberos service ticket for client
Undo initialization finished
Starting background process VKTM
Undo initialization finished
Archived Log entry 350 added for thread 1 sequence 6758
ORA-33010: (XSAGDNGL04) Relation workspace object is duplicated in the AGGMAP workspace object .
Errors in file /u01/app/oracle/diag/rdbms/ttprod/ttprod1/trace/ttprod1_ora_85431.trc
Undo initialization finished
Archived Log entry 260 added for thread 1 sequence 8094
Starting background process VKTM
Starting background process VKTM
ORA-47223: error deleting Label 3 for Identity fk_order_customer . ttprod2 under OLS Policy user_sessions , pg_toast_12345
Errors in file /u01/app/oracle/diag/rdbms/ttprod/ttprod1/trace/ttprod1_ora_38141.trc
Undo initialization finished
Archived Log entry 631 added for thread 1 sequence 1747
Beginning log switch checkpoint up to RBA
ORA-41710: invalid use of aggregate operator for a noncollection event
Completed checkpoint up to RBA
Starting background process VKTM
Current log# 630 seq# 8691 mem# 0
Completed checkpoint up to RBA
XOQ-02107: invalid property " ttprod1 " with key::value " PK_CUSTOMER_ACCOUNTS " for object " 5000 " in XML document
Errors in file /u01/app/oracle/diag/rdbms/ttprod/ttprod1/trace/ttprod1_ora_64355.trc
Archived Log entry 154 added for thread 1 sequence 7148
Completed checkpoint up to RBA
QSM-00503: out of memory
Current log# 700 seq# 4756 mem# 0
Current log# 653 seq# 1419 mem# 0
Starting background process VKTM
RMAN-07208: changed 3 failures to LOW priority
Errors in file /u01/app/oracle/diag/rdbms/ttprod/ttprod1/trace/ttprod1_ora_94894.trc
ARC0: Archival started
CLSR-06501: Exceeds maximum number of arguments
Thread 1 advanced to log sequence 456
Starting background process VKTM
Beginning log switch checkpoint up to RBA
Current log# 536 seq# 2086 mem# 0
Current log# 624 seq# 8726 mem# 0
PRVF-09653: Command "{0}" to check CTSS status failed on all of the nodes
Archived Log entry 152 added for thread 1 sequence 4913
OCI-30152: File does not exist
Errors in file /u01/app/oracle/diag/rdbms/ttprod/ttprod1/trace/ttprod1_ora_65783.trc
Starting background process VKTM
ARC0: Archival started
Beginning log switch checkpoint up to RBA
RMAN-05579: CONTROLFILE backup not found in ttstandby01
Starting background process VKTM
ARC0: Archival started
IMG-00723: missing value in SHARPEN operation
Errors in file /u01/app/oracle/diag/rdbms/ttprod/ttprod1/trace/ttprod1_ora_69707.trc
Undo initialization finished
Current log# 46 seq# 8545 mem# 0
ORA-28083: A redacted column was referenced in a virtual column expression.
Undo initialization finished
Archived Log entry 977 added for thread 1 sequence 1202
Thread 1 advanced to log sequence 691
Archived Log entry 887 added for thread 1 sequence 4339
Undo initialization finished
PLS-00323: subprogram or cursor ' UNDOTBS1 ' is declared in a package specification and must be defined in the package body
Beginning log switch checkpoint up to RBA
Archived Log entry 154 added for thread 1 sequence 2004
Current log# 746 seq# 7891 mem# 0
Completed checkpoint up to RBA
Completed checkpoint up to RBA
PCB-00308: FOR clause is an Oracle extension
ARC0: Archival started
Beginning log switch checkpoint up to RBA
ORA-01364: waiting for branch at SCN CDR_STAGING
Beginning log switch checkpoint up to RBA
Beginning log switch checkpoint up to RBA
ARC0: Archival started
Starting background process VKTM
KUP-04102: record number discarded from file 1024
Starting background process VKTM
DRG-52112: improper Chinese user_sessions fk_order_customer of length number
ARC0: Archival started
Completed checkpoint up to RBA
ARC0: Archival started
Current log# 766 seq# 2265 mem# 0
Beginning log switch checkpoint up to RBA
PRVF-06402: Core file name pattern is not same on all the nodes.
Thread 1 advanced to log sequence 965
Beginning log switch checkpoint up to RBA
Beginning log switch checkpoint up to RBA
Beginning log switch checkpoint up to RBA
Beginning log switch checkpoint up to RBA
ORA-15054: disk " session_1123 " does not exist in diskgroup " UNDOTBS1 "
Archived Log entry 581 added for thread 1 sequence 4544
ARC0: Archival started
Beginning log switch checkpoint up to RBA
Undo initialization finished
Completed checkpoint up to RBA
ORA-31190: Resource /u01/app/oracle/oradata/ttprod/users01.dbf is not a version-controlled resource
Starting background process VKTM
Current log# 768 seq# 9524 mem# 0
Beginning log switch checkpoint up to RBA
INS-06004: File operation on user's .ssh directory is not permitted.
Errors in file /u01/app/oracle/diag/rdbms/ttprod/ttprod1/trace/ttprod1_ora_61624.trc
Thread 1 advanced to log sequence 6
Archived Log entry 945 added for thread 1 sequence 5519
Completed checkpoint up to RBA
Completed checkpoint up to RBA
Undo initialization finished
ORA-25199: partitioning key of a index-organized table must be a subset of the primary key
Completed checkpoint up to RBA
PGU-30309: TIP generation: call 5000 parm BILLING.CUST_ORDERS exceeds PGAXFER SP2-0552 limit ( APP_USER42 )
ARC0: Archival started
ARC0: Archival started
Archived Log entry 558 added for thread 1 sequence 8925
Thread 1 advanced to log sequence 570
ORA-15201: disk USERS contains a valid RDBMS file
Archived Log entry 322 added for thread 1 sequence 6306
Thread 1 advanced to log sequence 911
Starting background process VKTM
Thread 1 advanced to log sequence 165
RMAN-06607: RMAN configuration parameters for database with db_unique_name user_sessions are:
Archived Log entry 306 added for thread 1 sequence 2951
Starting background process VKTM
Starting background process VKTM
Undo initialization finished
ARC0: Archival started
ORA-38498: invalid stored attribute for the index object : SYSAUX
Undo initialization finished
Archived Log entry 642 added for thread 1 sequence 9608
Beginning log switch checkpoint up to RBA
Completed checkpoint up to RBA
Starting background process VKTM
ORA-25268: didnt dequeue in browse mode with get signature option
Errors in file /u01/app/oracle/diag/rdbms/ttprod/ttprod1/trace/ttprod1_ora_90990.trc
Thread 1 advanced to log sequence 749
Archived Log entry 945 added for thread 1 sequence 1356
Undo initialization finished
Completed checkpoint up to RBA
Undo initialization finished
ORA-00353: log corruption near block UNDOTBS1 change _SYSSMU7$ time ttstandby01
Errors in file /u01/app/oracle/diag/rdbms/ttprod/ttprod1/trace/ttprod1_ora_46970.trc
Current log# 523 seq# 3305 mem# 0
ORA-37138: (XSCCOMP13) You cannot delete values from workspace object because it is an aggregated COMPRESSED COMPOSITE.
Beginning log switch checkpoint up to RBA
Undo initialization finished
DIA-48342: Field [ TNS_ADMIN ] cannot be mixed with BILLING.CUST_ORDERS fields
Thread 1 advanced to log sequence 980
Undo initialization finished
Undo initialization finished
Current log# 341 seq# 2327 mem# 0
ORA-28074: The " large pool " field of the redaction parameters is not valid.
Archived Log entry 716 added for thread 1 sequence 7207
Thread 1 advanced to log sequence 526
Beginning log switch checkpoint up to RBA
RMAN-06147: no obsolete backups found
Undo initialization finished
PCC-02346: PL/SQL found semantic errors
Completed checkpoint up to RBA
ORA-06734: TLI Driver: cannot connect
Beginning log switch checkpoint up to RBA
Undo initialization finished
Undo initialization finished
Thread 1 advanced to log sequence 741
Completed checkpoint up to RBA
QSM-01345: general inline view rewrite not possible when inline view has subquery
Beginning log switch checkpoint up to RBA
ORA-39061: import mode USERS conflicts with export mode 42
Errors in file /u01/app/oracle/diag/rdbms/ttprod/ttprod1/trace/ttprod1_ora_12085.trc
Beginning log switch checkpoint up to RBA
Beginning log switch checkpoint up to RBA
Undo initialization finished
ARC0: Archival started
ORA-15484: volume ' ttprod2 ' contains BILLING.CUST_ORDERS error(s)
Thread 1 advanced to log sequence 174
Current log# 850 seq# 7362 mem# 0
Current log# 493 seq# 6420 mem# 0
ORA-07491: scgrcl: cannot cancel lock request.
Errors in file /u01/app/oracle/diag/rdbms/ttprod/ttprod1/trace/ttprod1_ora_23801.trc
Current log# 988 seq# 9011 mem# 0
Undo initialization finished
Starting background process VKTM
ARC0: Archival started
ORA-01372: Insufficient processes for specified LogMiner operation
Thread 1 advanced to log sequence 750
ARC0: Archival started
Beginning log switch checkpoint up to RBA
Archived Log entry 517 added for thread 1 sequence 5070
Beginning log switch checkpoint up to RBA
ORA-25111: creation of BITMAP cluster indices is not supported
Errors in file /u01/app/oracle/diag/rdbms/ttprod/ttprod1/trace/ttprod1_ora_97884.trc
Beginning log switch checkpoint up to RBA
Thread 1 advanced to log sequence 411
ORA-23387: replication parallel push dequeue error
Current log# 603 seq# 3985 mem# 0
Completed checkpoint up to RBA
Undo initialization finished
Starting background process VKTM
Beginning log switch checkpoint up to RBA
LSX-00282: duplicate notation name "~S"
Thread 1 advanced to log sequence 943
Starting background process VKTM
PGU-30024: memory allocate failure: CDR_STAGING for CDR_STAGING bytes
Undo initialization finished
Thread 1 advanced to log sequence 718
ARC0: Archival started
Archived Log entry 303 added for thread 1 sequence 3820
ARC0: Archival started
PCB-00318: ARRAYLEN is an Oracle extension
Errors in file /u01/app/oracle/diag/rdbms/ttprod/ttprod1/trace/ttprod1_ora_50563.trc
Current log# 560 seq# 4539 mem# 0
Completed checkpoint up to RBA
Thread 1 advanced to log sequence 708
Undo initialization finished
ORA-13603: The specified parameter idx_users_email cannot be fetched as a numeric value for task or object shared pool .
ARC0: Archival started
ORA-09847: soacon: ARCH unable to open named pipe.
Undo initialization finished
Undo initialization finished
Beginning log switch checkpoint up to RBA
Starting background process VKTM
Archived Log entry 601 added for thread 1 sequence 4954
TNS-00133: Missing LOCAL_COMMUNITIES field in TNSNAV.ORA
Completed checkpoint up to RBA
Beginning log switch checkpoint up to RBA
LPX-00701: invalid SOAP role
Thread 1 advanced to log sequence 32
Archived Log entry 280 added for thread 1 sequence 3019
Current log# 798 seq# 8435 mem# 0
ARC0: Archival started
RMAN-06435: recovery catalog owner is BILLING.CUST_ORDERS
Errors in file /u01/app/oracle/diag/rdbms/ttprod/ttprod1/trace/ttprod1_ora_64872.trc
Beginning log switch checkpoint up to RBA
Starting background process VKTM
ARC0: Archival started
Starting background process VKTM
Archived Log entry 704 added for thread 1 sequence 8100
RMAN-08012: including control file copy in backup set
Beginning log switch checkpoint up to RBA
ORA-16234: restarting to reset Logical Standby apply
Current log# 717 seq# 2895 mem# 0
Current log# 940 seq# 4022 mem# 0
Current log# 461 seq# 1665 mem# 0
Completed checkpoint up to RBA
ORA-19910: can not change recovery target incarnation in control file
Errors in file /u01/app/oracle/diag/rdbms/ttprod/ttprod1/trace/ttprod1_ora_24481.trc
Starting background process VKTM
Archived Log entry 848 added for thread 1 sequence 2440
ORA-29939: could not implicitly transform user-managed domain index to system-managed domain index
Current log# 642 seq# 6182 mem# 0
Starting background process VKTM
Starting background process VKTM
OCI-31002: Path name app_db is not a container
Completed checkpoint up to RBA
Undo initialization finished
Thread 1 advanced to log sequence 831
PGA-21106: warm start complete for local LU user_sessions
Beginning log switch checkpoint up to RBA
ORA-46260: Error during audit trail cleanup
Current log# 363 seq# 1116 mem# 0
Starting background process VKTM
Undo initialization finished
Undo initialization finished
Thread 1 advanced to log sequence 107
IMG-00599: internal error
Starting background process VKTM
Beginning log switch checkpoint up to RBA
ORA-16788: unable to set one or more database configuration property values
Completed checkpoint up to RBA
Starting background process VKTM
Completed checkpoint up to RBA
Completed checkpoint up to RBA
Thread 1 advanced to log sequence 268
ORA-02355: error opening file: 1024
Errors in file /u01/app/oracle/diag/rdbms/ttprod/ttprod1/trace/ttprod1_ora_82709.trc
Thread 1 advanced to log sequence 234
Beginning log switch checkpoint up to RBA
Undo initialization finished
Undo initialization finished
PGU-41112: invalid name for UNDEFINE _SYSSMU7$
Errors in file /u01/app/oracle/diag/rdbms/ttprod/ttprod1/trace/ttprod1_ora_44411.trc
ARC0: Archival started
Current log# 487 seq# 1184 mem# 0
ORA-16778: redo transport error for one or more databases
Beginning log switch checkpoint up to RBA
Current log# 733 seq# 4118 mem# 0
Completed checkpoint up to RBA
Thread 1 advanced to log sequence 280
LPX-01044: [XQDY0044] Invalid attribute namespace
Undo initialization finished
Completed checkpoint up to RBA
ORA-60018: adding app_db blocks to rollback segment _SYSSMU12$ with MAXSIZE ( shared pool )
Archived Log entry 286 added for thread 1 sequence 3215
RMAN-06733: database unregistered from the recovery catalog
Beginning log switch checkpoint up to RBA
Undo initialization finished
ARC0: Archival started
Undo initialization finished
Completed checkpoint up to RBA
ORA-55501: Backing out live transaction
Beginning log switch checkpoint up to RBA
Beginning log switch checkpoint up to RBA
Thread 1 advanced to log sequence 614
ARC0: Archival started
RMAN-08017: channel ttstandby01 : starting archived log restore to default destination
Starting background process VKTM
Undo initialization finished
Beginning log switch checkpoint up to RBA
PRCS-01067: Failed to find online database instances hosted by server pool {0}
Completed checkpoint up to RBA
Beginning log switch checkpoint up to RBA
ORA-39908: Index user_sessions . ttprod1 in tablespace SP2-0552 enforces primary constraints APP_USER42 of table UNDOTBS1 . 3 in tablespace SP2-0552 .
ARC0: Archival started
Current log# 136 seq# 1821 mem# 0
RMAN-05547: Checking that duplicated tablespaces are self-contained
Errors in file /u01/app/oracle/diag/rdbms/ttprod/ttprod1/trace/ttprod1_ora_88996.trc
Archived Log entry 407 added for thread 1 sequence 3346
Current log# 331 seq# 2264 mem# 0
Undo initialization finished
OCI-01883: overlap was disabled during a region transition
Errors in file /u01/app/oracle/diag/rdbms/ttprod/ttprod1/trace/ttprod1_ora_91260.trc
Current log# 511 seq# 8295 mem# 0
Archived Log entry 43 added for thread 1 sequence 2733
Beginning log switch checkpoint up to RBA
ORA-16790: the value of the configurable property is invalid
Completed checkpoint up to RBA
Beginning log switch checkpoint up to RBA
ARC0: Archival started
Beginning log switch checkpoint up to RBA
Beginning log switch checkpoint up to RBA
LFI-01005: Unable to fill buffer.
Undo initialization finished
Completed checkpoint up to RBA
Beginning log switch checkpoint up to RBA
PCB-00315: DECLARE TABLE is an Oracle extension
Errors in file /u01/app/oracle/diag/rdbms/ttprod/ttprod1/trace/ttprod1_ora_38704.trc
ARC0: Archival started
Undo initialization finished
Current log# 885 seq# 4293 mem# 0
Current log# 420 seq# 4980 mem# 0
ORA-21610: size [ UNDOTBS1 ] is invalid
Starting background process VKTM
Thread 1 advanced to log sequence 500
Completed checkpoint up to RBA
ARC0: Archival started
Undo initialization finished
DRG-13803: Illegal MVDATA value
Beginning log switch checkpoint up to RBA
Starting background process VKTM
ARC0: Archival started
CRS-02672: Attempting to start ' pg_toast_12345 ' on ' _SYSSMU7$ '
Errors in file /u01/app/oracle/diag/rdbms/ttprod/ttprod1/trace/ttprod1_ora_25919.trc
Thread 1 advanced to log sequence 991
NZE-29194: no CRL found in cache
Current log# 682 seq# 4214 mem# 0
ORA-12600: TNS: SYSAUX open failed
Current log# 881 seq# 7360 mem# 0
Beginning log switch checkpoint up to RBA
Current log# 978 seq# 3355 mem# 0
Starting background process VKTM
Undo initialization finished
ORA-31018: Error deleting XML document
Errors in file /u01/app/oracle/diag/rdbms/ttprod/ttprod1/trace/ttprod1_ora_40992.trc
ARC0: Archival started
Completed checkpoint up to RBA
Completed checkpoint up to RBA
ORA-24156: duplicate table alias pg_toast_12345
Starting background process VKTM
RMAN-06606: RMAN configuration parameters are successfully reset to default value
Completed checkpoint up to RBA
Completed checkpoint up to RBA
Thread 1 advanced to log sequence 361
ORA-23372: type UNDOTBS1 in table 1024 is unsupported
Errors in file /u01/app/oracle/diag/rdbms/ttprod/ttprod1/trace/ttprod1_ora_89397.trc
Current log# 345 seq# 2349 mem# 0
ARC0: Archival started
Completed checkpoint up to RBA
Thread 1 advanced to log sequence 728
ARC0: Archival started
ORA-28370: ENCRYPT storage option not allowed
ARC0: Archival started
Completed checkpoint up to RBA
Completed checkpoint up to RBA
Current log# 988 seq# 8018 mem# 0
EXP-00052: error on row number of partition pk_orders
ARC0: Archival started
Beginning log switch checkpoint up to RBA
Completed checkpoint up to RBA
INS-35422: The installer has detected that configured Oracle Restart software is not upgraded to current install version. This database installation does not register the database with lower version of High Availability service.
ARC0: Archival started
Undo initialization finished
ARC0: Archival started
Archived Log entry 604 added for thread 1 sequence 3888
Completed checkpoint up to RBA
NID-00309: Control File session_1123 - wrote new name
Undo initialization finished
ARC0: Archival started
ORA-12851: PARALLEL_MAX_SERVERS must be greater than or equal to PARALLEL_MIN_SERVERS, shared pool
Starting background process VKTM
Current log# 720 seq# 3756 mem# 0
ARC0: Archival started
Undo initialization finished
ARC0: Archival started
ORA-30004: when using SYS_CONNECT_BY_PATH function, cannot have separator as part of column value
Current log# 126 seq# 6868 mem# 0
Current log# 76 seq# 4410 mem# 0
Starting background process VKTM
Undo initialization finished
Archived Log entry 942 added for thread 1 sequence 8653
CRS-01238: Failed to add a delete key operation for key ' TNS_ADMIN ' to a batch in OCR. Details at UNDOTBS1 in app_db .
Thread 1 advanced to log sequence 955
Thread 1 advanced to log sequence 845
Completed checkpoint up to RBA
Archived Log entry 133 added for thread 1 sequence 8716
Undo initialization finished
KUP-04049: record number discarded from file pk_orders
Beginning log switch checkpoint up to RBA
PGA-21204: error deleting PGA_2PC_PENDING rows for local LU 3
Starting background process VKTM
ORA-14094: invalid ALTER TABLE EXCHANGE PARTITION option
ARC0: Archival started
Completed checkpoint up to RBA
Thread 1 advanced to log sequence 438
Current log# 284 seq# 6241 mem# 0
Archived Log entry 701 added for thread 1 sequence 7914
ORA-19208: parameter ttprod2 of function 3 must be aliased
Archived Log entry 195 added for thread 1 sequence 8411
ARC0: Archival started
ORA-39915: Partition TNS_ADMIN of table _SYSSMU7$ . SP2-0552 in tablespace pg_toast_12345 points to LOB segment session_1123 . user_sessions in tablespace reporting_schema .
Errors in file /u01/app/oracle/diag/rdbms/ttprod/ttprod1/trace/ttprod1_ora_79392.trc
Undo initialization finished
Current log# 72 seq# 3258 mem# 0
Thread 1 advanced to log sequence 124
RMAN-08010: channel NETWORK_OPS.SIM_INVENTORY : specifying datafile(s) in backup set
Thread 1 advanced to log sequence 103
ARC0: Archival started
Undo initialization finished
Beginning log switch checkpoint up to RBA
DIA-48111: error encountered while attempting to release a file lock [ shared pool ]
Starting background process VKTM
Current log# 667 seq# 3478 mem# 0
Undo initialization finished
Undo initialization finished
Starting background process VKTM
PRKO-02429: -n <node_name> should be specified with -A <name|ip>/netmask[/if1[|if2]] for modifying VIP.
Errors in file /u01/app/oracle/diag/rdbms/ttprod/ttprod1/trace/ttprod1_ora_93295.trc
ARC0: Archival started
Current log# 365 seq# 9529 mem# 0
Undo initialization finished
Current log# 358 seq# 4758 mem# 0
NNO-00616: enabling DEFAULT-FORWARDERS-ONLY mode
Archived Log entry 118 added for thread 1 sequence 5197
Beginning log switch checkpoint up to RBA
ARC0: Archival started
Thread 1 advanced to log sequence 317
ORA-00485: DIAG process terminated with error SP2-0552
Beginning log switch checkpoint up to RBA
ORA-41664: invalid consumption policy for the primitive event
ARC0: Archival started
Archived Log entry 220 added for thread 1 sequence 2009
Thread 1 advanced to log sequence 902
Archived Log entry 99 added for thread 1 sequence 4610
Undo initialization finished
ORA-49431: No such incident [ CDR_STAGING ]
Archived Log entry 449 added for thread 1 sequence 3413
Current log# 512 seq# 7109 mem# 0
Current log# 420 seq# 6856 mem# 0
CLSU-00200: **** Error stack contains number records, newest first:
Undo initialization finished
Beginning log switch checkpoint up to RBA
ARC0: Archival started
QSM-01273: query rewrite not possible because materialized view user_sessions has a join not found in query
Archived Log entry 429 added for thread 1 sequence 2133
Undo initialization finished
NNO-00330: server saved the config file " CDR_STAGING ".
Undo initialization finished
Thread 1 advanced to log sequence 545
Current log# 953 seq# 5386 mem# 0
Undo initialization finished
LFI-00118: Unable to change type to Unknown.
ARC0: Archival started
Thread 1 advanced to log sequence 220
Beginning log switch checkpoint up to RBA
ORA-12351: cannot create view using a remote object which has a remote object reference
Current log# 548 seq# 1068 mem# 0
Beginning log switch checkpoint up to RBA
Archived Log entry 351 added for thread 1 sequence 7503
Thread 1 advanced to log sequence 877
Starting background process VKTM
PCB-00013: Must use option SQLCHECK=SEMANTICS(FULL) when option OUTLINE is used
Archived Log entry 688 added for thread 1 sequence 6904
Beginning log switch checkpoint up to RBA
Archived Log entry 74 added for thread 1 sequence 6808
RMAN-06430: recovery catalog USERID cannot be SYS
Starting background process VKTM
Archived Log entry 727 added for thread 1 sequence 8166
Archived Log entry 983 added for thread 1 sequence 7840
PRCD-01047: Failed to retrieve list of services for database {0}
Starting background process VKTM
Current log# 842 seq# 8634 mem# 0
Thread 1 advanced to log sequence 540
Completed checkpoint up to RBA
Archived Log entry 148 added for thread 1 sequence 6419
ORA-12017: cannot alter primary key mview ' BILLING.CUST_ORDERS ' to a rowid mview
Undo initialization finished
Thread 1 advanced to log sequence 744
Beginning log switch checkpoint up to RBA
ORA-07501: scgtoa: $deq unexpected return
Errors in file /u01/app/oracle/diag/rdbms/ttprod/ttprod1/trace/ttprod1_ora_82905.trc
Thread 1 advanced to log sequence 512
Thread 1 advanced to log sequence 478
RMAN-07209: closed BILLING.CUST_ORDERS failures
Archived Log entry 754 added for thread 1 sequence 3809
Beginning log switch checkpoint up to RBA
ORA-07743: slemop: incorrect error file attributes
Thread 1 advanced to log sequence 416
PRKN-01038: The command "{0}" run on node "{1}" gave an unexpected output: "{2}"
Starting background process VKTM
LPX-00248: invalid entity declaration
Starting background process VKTM
EVM-00001: Cannot write raw events to a terminal
Beginning log switch checkpoint up to RBA
ARC0: Archival started
ARC0: Archival started
ORA-38746: error occurred while restoring data block (file# APP_USER42 , block# 42 )
Starting background process VKTM
ARC0: Archival started
Completed checkpoint up to RBA
Archived Log entry 627 added for thread 1 sequence 2844
Current log# 741 seq# 2489 mem# 0
RMAN-06941: Database must be closed and mounted EXCLUSIVE and RESTRICTED.
Errors in file /u01/app/oracle/diag/rdbms/ttprod/ttprod1/trace/ttprod1_ora_83774.trc
Archived Log entry 846 added for thread 1 sequence 5394
Beginning log switch checkpoint up to RBA
ARC0: Archival started
Current log# 914 seq# 2974 mem# 0
Beginning log switch checkpoint up to RBA
ORA-39912: Partitioned index UNDOTBS1 . SP2-0552 in tablespace 17 points to table app_db . ttprod1 in tablespace reporting_schema outside of transportable set.
Undo initialization finished
ARC0: Archival started
Current log# 780 seq# 6034 mem# 0
Starting background process VKTM
JMS-00237: Can not start thread for message listener.
Errors in file /u01/app/oracle/diag/rdbms/ttprod/ttprod1/trace/ttprod1_ora_87046.trc
Thread 1 advanced to log sequence 258
Undo initialization finished
Archived Log entry 921 added for thread 1 sequence 7173
PRCD-01207: The start options {2} can not be used while starting service {0} and its database {1}
ARC0: Archival started
Archived Log entry 636 added for thread 1 sequence 8209
ARC0: Archival started
Beginning log switch checkpoint up to RBA
QSM-02038: Partition Change Tracking (PCT) is enabled
Undo initialization finished
Beginning log switch checkpoint up to RBA
Starting background process VKTM
ARC0: Archival started
JMS-00116: Subscriber name must be specified
Completed checkpoint up to RBA
ORA-38816: edition has a child that inherits objects from the edition
Errors in file /u01/app/oracle/diag/rdbms/ttprod/ttprod1/trace/ttprod1_ora_14255.trc
Current log# 896 seq# 1863 mem# 0
Archived Log entry 282 added for thread 1 sequence 6044
Beginning log switch checkpoint up to RBA
QSM-02033: no filter conditions are present in the WHERE clause
Errors in file /u01/app/oracle/diag/rdbms/ttprod/ttprod1/trace/ttprod1_ora_19976.trc
ARC0: Archival started
ARC0: Archival started
ORA-36621: (XSAGMODDIM02) You cannot AGGREGATE the individual partition using static model workspace object because a partition dimension or its deriver workspace object appears in the equation of the step or simultaneous block.
Completed checkpoint up to RBA
Beginning log switch checkpoint up to RBA
Starting background process VKTM
ARC0: Archival started
ORA-10979: trace flags for join index implementation
Errors in file /u01/app/oracle/diag/rdbms/ttprod/ttprod1/trace/ttprod1_ora_87305.trc
ARC0: Archival started
ARC0: Archival started
RMAN-06157: validation failed for archived log
Undo initialization finished
Archived Log entry 725 added for thread 1 sequence 9114
PGA-21105: startup for local LU CRM.CALL_DETAIL_RECORDS is warm
Current log# 776 seq# 9033 mem# 0
Undo initialization finished
Archived Log entry 801 added for thread 1 sequence 5208
Archived Log entry 442 added for thread 1 sequence 1235
LPX-00050: initialization error: NLS mismatch
Undo initialization finished
Thread 1 advanced to log sequence 805
Starting background process VKTM
ARC0: Archival started
PRCI-01115: argument passed is null
Current log# 670 seq# 8505 mem# 0
Starting background process VKTM
ORA-19623: file SP2-0552 is open
Errors in file /u01/app/oracle/diag/rdbms/ttprod/ttprod1/trace/ttprod1_ora_81140.trc
Starting background process VKTM
Archived Log entry 20 added for thread 1 sequence 9657
Beginning log switch checkpoint up to RBA
TNS-01115: OS error fk_order_customer creating shared memory segment of DATA_TS01 bytes with key BILLING.CUST_ORDERS
ARC0: Archival started
Beginning log switch checkpoint up to RBA
Starting background process VKTM
ARC0: Archival started
ORA-27479: Cannot idx_users_email " /u01/app/oracle/oradata/ttprod/users01.dbf . PK_CUSTOMER_ACCOUNTS " because other objects depend on it
Thread 1 advanced to log sequence 584
ORA-27062: could not find pending async I/Os
Starting background process VKTM
Current log# 5 seq# 3475 mem# 0
Completed checkpoint up to RBA
Undo initialization finished
ORA-41695: equal specification should have a minimum of two elements
Current log# 768 seq# 9025 mem# 0
Completed checkpoint up to RBA
ARC0: Archival started
Current log# 773 seq# 2209 mem# 0
Archived Log entry 780 added for thread 1 sequence 8823
ORA-14191: ALLOCATE EXTENT may not be specified for composite partitioned object
Errors in file /u01/app/oracle/diag/rdbms/ttprod/ttprod1/trace/ttprod1_ora_95180.trc
ARC0: Archival started
Archived Log entry 5 added for thread 1 sequence 2616
ARC0: Archival started
ARC0: Archival started
RMAN-06958: Executing: 5000
Undo initialization finished
Beginning log switch checkpoint up to RBA
ARC0: Archival started
Beginning log switch checkpoint up to RBA
Archived Log entry 262 added for thread 1 sequence 6202
ORA-19233: XQST0013 - invalid pragma
Thread 1 advanced to log sequence 883
Current log# 936 seq# 6606 mem# 0
Thread 1 advanced to log sequence 553
Beginning log switch checkpoint up to RBA
ORA-16619: condition for fast-start failover is already enabled
Archived Log entry 446 added for thread 1 sequence 5238
Archived Log entry 254 added for thread 1 sequence 4049
PCB-00236: Cannot use PIC N/G variable. NLS_NCHAR not set or set incorrectly.
Completed checkpoint up to RBA
Undo initialization finished
Completed checkpoint up to RBA
ORA-06764: TLI Driver: error reading disconnect
Errors in file /u01/app/oracle/diag/rdbms/ttprod/ttprod1/trace/ttprod1_ora_53619.trc
Undo initialization finished
Completed checkpoint up to RBA
PGA-21046: logging switched to system log due to error on log file
Thread 1 advanced to log sequence 450
ARC0: Archival started
Undo initialization finished
Current log# 383 seq# 6843 mem# 0
ORA-32834: Messaging Gateway agent user has not been set
Archived Log entry 79 added for thread 1 sequence 6999
Starting background process VKTM
Archived Log entry 177 added for thread 1 sequence 7139
PGU-41108: data definition CRM.CALL_DETAIL_RECORDS does not exist
Completed checkpoint up to RBA
Archived Log entry 969 added for thread 1 sequence 6821
Thread 1 advanced to log sequence 659
ORA-39902: Subpartitioned table 17 . app_db is partially contained in the transportable set.
Archived Log entry 818 added for thread 1 sequence 2880
Undo initialization finished
Completed checkpoint up to RBA
ORA-22151: cannot resize non-zero variable-length array to zero elements
Archived Log entry 179 added for thread 1 sequence 9396
Completed checkpoint up to RBA
Undo initialization finished
Undo initialization finished
PRCI-01119: Failed to check if a database named {0} exists on node {1}
ARC0: Archival started
ARC0: Archival started
Completed checkpoint up to RBA
Undo initialization finished
Undo initialization finished
RMAN-08089: channel BILLING.CUST_ORDERS : specifying datafile(s) to restore from backup set
Archived Log entry 585 added for thread 1 sequence 2958
Archived Log entry 394 added for thread 1 sequence 2218
Beginning log switch checkpoint up to RBA
Completed checkpoint up to RBA
CRS-02645: Cannot create resources of type ' SP2-0552 '
Starting background process VKTM
Beginning log switch checkpoint up to RBA
ORA-19128: XQST0068: A static error is raised if a Prolog contains more than one boundary-space declaration
Starting background process VKTM
ORA-48105: write mismatch on blocks requested and returned, [ SP2-0552 ], [ APP_USER42 ]
Errors in file /u01/app/oracle/diag/rdbms/ttprod/ttprod1/trace/ttprod1_ora_21246.trc
Beginning log switch checkpoint up to RBA
DGM-16900: Unable to initialize client
Errors in file /u01/app/oracle/diag/rdbms/ttprod/ttprod1/trace/ttprod1_ora_69664.trc
Starting background process VKTM
Beginning log switch checkpoint up to RBA
PRKE-01011: Failed to get status of GSD on local node
Undo initialization finished
Beginning log switch checkpoint up to RBA
ARC0: Archival started
ORA-24797: cannot promote the current transaction to a distributed transaction
Undo initialization finished
Current log# 292 seq# 9686 mem# 0
Archived Log entry 409 added for thread 1 sequence 5446
PGA-21100: RRM initializing for local LU PK_CUSTOMER_ACCOUNTS
Errors in file /u01/app/oracle/diag/rdbms/ttprod/ttprod1/trace/ttprod1_ora_82831.trc
Starting background process VKTM
Thread 1 advanced to log sequence 968
XOQ-01906: The analytic workspace referenced by the AWCubeOrganization does not match that of analytic workspace primary dimension organization " ttstandby01 ".
Archived Log entry 736 added for thread 1 sequence 3858
Thread 1 advanced to log sequence 830
CRS-01647: Initialization of a EXADATA fence failed with error ORA- number ; details at fk_order_customer in APP_USER42
Current log# 226 seq# 5894 mem# 0
Thread 1 advanced to log sequence 551
ORA-30150: Invalid argument passed to OCIFile function
Archived Log entry 95 added for thread 1 sequence 6109
RMAN-04015: error setting target database character set to INVOICE_LINES_IDX
Thread 1 advanced to log sequence 564
Archived Log entry 57 added for thread 1 sequence 7796
Beginning log switch checkpoint up to RBA
ORA-16117: processing
Archived Log entry 851 added for thread 1 sequence 4033
ORA-22930: directory does not exist
Archived Log entry 693 added for thread 1 sequence 4436
EXP-00025: dictionary shows no column for constraint session_1123 . number
Beginning log switch checkpoint up to RBA
ARC0: Archival started
Beginning log switch checkpoint up to RBA
Thread 1 advanced to log sequence 171
Starting background process VKTM
TNS-01045: TNS_ADMIN (Not Registered) has session_1123 service handler(s)
Archived Log entry 789 added for thread 1 sequence 2124
Thread 1 advanced to log sequence 187
ORA-19247: XQDY0027 - validation error
Errors in file /u01/app/oracle/diag/rdbms/ttprod/ttprod1/trace/ttprod1_ora_72130.trc
Archived Log entry 874 added for thread 1 sequence 6947
Starting background process VKTM
Beginning log switch checkpoint up to RBA
Starting background process VKTM
ORA-16637: maximum number of Oracle error numbers for fast-start failover already reached
Current log# 929 seq# 1648 mem# 0
Current log# 677 seq# 6905 mem# 0
NNL-00539: start|startup [<args>] : start the Names server with optional arguments
Archived Log entry 513 added for thread 1 sequence 6921
Completed checkpoint up to RBA
Starting background process VKTM
Starting background process VKTM
Starting background process VKTM
QSM-01033: query rewritten with materialized view, 3
Current log# 325 seq# 5719 mem# 0
Current log# 369 seq# 5913 mem# 0
Undo initialization finished
Thread 1 advanced to log sequence 555
Current log# 59 seq# 5850 mem# 0
OCI-30931: Element ' ttprod1 ' cannot contain mixed text
Beginning log switch checkpoint up to RBA
Current log# 433 seq# 3145 mem# 0
Current log# 29 seq# 7281 mem# 0
Thread 1 advanced to log sequence 882
Archived Log entry 32 added for thread 1 sequence 8638
RMAN-06211: ==========================
Errors in file /u01/app/oracle/diag/rdbms/ttprod/ttprod1/trace/ttprod1_ora_45946.trc
ARC0: Archival started
Current log# 693 seq# 4282 mem# 0
ORA-22911: duplicate storage specification for the nested table item
Completed checkpoint up to RBA
Undo initialization finished
ORA-13144: target table user_sessions not found
Completed checkpoint up to RBA
Current log# 408 seq# 7273 mem# 0
Current log# 817 seq# 8427 mem# 0
PRCT-01121: Execution of acfsutil failed on local node with result {0}
Errors in file /u01/app/oracle/diag/rdbms/ttprod/ttprod1/trace/ttprod1_ora_52989.trc
Starting background process VKTM
Starting background process VKTM
Beginning log switch checkpoint up to RBA
Archived Log entry 570 added for thread 1 sequence 1513
PRVF-00041: The Remote shell "{0}" requested by the client is not an executable file
Current log# 421 seq# 8267 mem# 0
Current log# 436 seq# 7019 mem# 0
ARC0: Archival started
Undo initialization finished
ARC0: Archival started
ORA-14631: the partition bounds do not match the subpartition bounds of the partition
Archived Log entry 219 added for thread 1 sequence 4651
Undo initialization finished
Archived Log entry 94 added for thread 1 sequence 1970
IMG-00815: merged area queue free failed
Archived Log entry 724 added for thread 1 sequence 4672
ARC0: Archival started
Completed checkpoint up to RBA
Starting background process VKTM
ORA-39923: Default Composite Partition (Table) Tablespace shared pool for CRM.CALL_DETAIL_RECORDS not contained in transportable set.
Thread 1 advanced to log sequence 490
Completed checkpoint up to RBA
Archived Log entry 642 added for thread 1 sequence 9554
Thread 1 advanced to log sequence 767
Starting background process VKTM
DRG-50861: failed to obtain type descriptor
Completed checkpoint up to RBA
Current log# 116 seq# 3500 mem# 0
Current log# 126 seq# 7690 mem# 0
NNO-00701: warning: cannot construct checkpoint file name, checkpointing disabled
Thread 1 advanced to log sequence 729
Completed checkpoint up to RBA
Beginning log switch checkpoint up to RBA
Thread 1 advanced to log sequence 220
TNS-00238: Pump number @: idx_users_email :
Errors in file /u01/app/oracle/diag/rdbms/ttprod/ttprod1/trace/ttprod1_ora_75618.trc
Completed checkpoint up to RBA
Current log# 250 seq# 1799 mem# 0
ARC0: Archival started
ORA-27619: Smart I/O failed because of an internal error when determining the time zone file version. Error code " 17 "
Beginning log switch checkpoint up to RBA
CRS-02563: Attempt to start resource ' SP2-0552 ' on ' large pool ' has failed. Will re-retry on ' DATA_TS01 ' now.
Errors in file /u01/app/oracle/diag/rdbms/ttprod/ttprod1/trace/ttprod1_ora_16754.trc
Completed checkpoint up to RBA
Beginning log switch checkpoint up to RBA
TNS-00277: Navigator: Request Failed
Starting background process VKTM
Archived Log entry 835 added for thread 1 sequence 4744
Completed checkpoint up to RBA
Thread 1 advanced to log sequence 437
DIA-48123: error encountered when attempting to flush a file
Errors in file /u01/app/oracle/diag/rdbms/ttprod/ttprod1/trace/ttprod1_ora_67323.trc
Starting background process VKTM
Archived Log entry 960 added for thread 1 sequence 6936
Archived Log entry 743 added for thread 1 sequence 9383
Undo initialization finished
Archived Log entry 143 added for thread 1 sequence 4259
ORA-48144: error encounted while performing standard file I/O
Starting background process VKTM
Current log# 641 seq# 8334 mem# 0
Beginning log switch checkpoint up to RBA
Completed checkpoint up to RBA
PCB-00316: SQL FORMS statements are Oracle extensions
Errors in file /u01/app/oracle/diag/rdbms/ttprod/ttprod1/trace/ttprod1_ora_75321.trc
Beginning log switch checkpoint up to RBA
Thread 1 advanced to log sequence 286
XOQ-00506: cannot parse XML ttprod2 from the client
ARC0: Archival started
Starting background process VKTM
Starting background process VKTM
Completed checkpoint up to RBA
RMAN-06121: uncataloged control file copy
Current log# 976 seq# 1751 mem# 0
PRKO-03163: Options '-u', '-r', '-a', '-g' and '-c' cannot be used to add service {0} for single instance database {1}
Starting background process VKTM
Current log# 143 seq# 5544 mem# 0
Completed checkpoint up to RBA
Archived Log entry 434 added for thread 1 sequence 6401
ORA-14208: lower-bound subpartition must be specified first
Errors in file /u01/app/oracle/diag/rdbms/ttprod/ttprod1/trace/ttprod1_ora_23105.trc
Starting background process VKTM
Completed checkpoint up to RBA
Completed checkpoint up to RBA
Completed checkpoint up to RBA
Current log# 700 seq# 6598 mem# 0
ORA-30117: syntax error at ' PK_CUSTOMER_ACCOUNTS ' at the start of input
Completed checkpoint up to RBA
Archived Log entry 695 added for thread 1 sequence 8746
ARC0: Archival started
Beginning log switch checkpoint up to RBA
Beginning log switch checkpoint up to RBA
INS-41508: More than one voting disk file is located on the same partition.
Errors in file /u01/app/oracle/diag/rdbms/ttprod/ttprod1/trace/ttprod1_ora_29924.trc
Beginning log switch checkpoint up to RBA
Undo initialization finished
Beginning log switch checkpoint up to RBA
Completed checkpoint up to RBA
Archived Log entry 107 added for thread 1 sequence 3739
DRG-10304: unexpected error sending command(s) to Oracle Text server
Archived Log entry 186 added for thread 1 sequence 2805
Archived Log entry 569 added for thread 1 sequence 3874
Completed checkpoint up to RBA
Archived Log entry 171 added for thread 1 sequence 6728
Beginning log switch checkpoint up to RBA
ORA-28369: cannot add files to encryption-ready tablespace when offline
Beginning log switch checkpoint up to RBA
Archived Log entry 584 added for thread 1 sequence 2873
ARC0: Archival started
ARC0: Archival started
Undo initialization finished
CRS-01402: EVMD aborted on node USERS . Error [ _SYSSMU12$ ]. Details in reporting_schema .
Undo initialization finished
Undo initialization finished
Beginning log switch checkpoint up to RBA
PRKO-00380: No other option is allowed when the "-l" option is specified.
Errors in file /u01/app/oracle/diag/rdbms/ttprod/ttprod1/trace/ttprod1_ora_70373.trc
ARC0: Archival started
Current log# 742 seq# 6780 mem# 0
Current log# 70 seq# 8385 mem# 0
Archived Log entry 418 added for thread 1 sequence 1655
Starting background process VKTM
NNO-00270: ORACLE error _SYSSMU7$
Undo initialization finished
ORA-25286: Invalid number of elements in the message properties array
Undo initialization finished
Starting background process VKTM
ARC0: Archival started
EVM-00033: Error in input file " CRM.CALL_DETAIL_RECORDS ", line number
ARC0: Archival started
Beginning log switch checkpoint up to RBA
Completed checkpoint up to RBA
Undo initialization finished
RMAN-08605: channel _SYSSMU7$ : SID= USERS instance= shared pool device type= CDR_STAGING
Beginning log switch checkpoint up to RBA
Completed checkpoint up to RBA
DRG-13102: index partition name must be specified
Current log# 668 seq# 6768 mem# 0
Archived Log entry 783 added for thread 1 sequence 6656
Current log# 798 seq# 3972 mem# 0
Thread 1 advanced to log sequence 741
Undo initialization finished
ORA-00740: datafile size of ( session_1123 ) blocks exceeds maximum file size
Errors in file /u01/app/oracle/diag/rdbms/ttprod/ttprod1/trace/ttprod1_ora_66981.trc
Current log# 26 seq# 7570 mem# 0
ARC0: Archival started
NNL-00812: Slowest query processing time: ttprod1
Errors in file /u01/app/oracle/diag/rdbms/ttprod/ttprod1/trace/ttprod1_ora_15834.trc
Thread 1 advanced to log sequence 165
Starting background process VKTM
Starting background process VKTM
NID-00442: Database has been shutdown, open database with RESETLOGS option.
Current log# 397 seq# 3322 mem# 0
Beginning log switch checkpoint up to RBA
Completed checkpoint up to RBA
ORA-12004: REFRESH FAST cannot be used for materialized view " app_db "." app_db "
Current log# 927 seq# 1189 mem# 0
Beginning log switch checkpoint up to RBA
ARC0: Archival started
Starting background process VKTM
ORA-41254: Invalid session state file: large pool
Errors in file /u01/app/oracle/diag/rdbms/ttprod/ttprod1/trace/ttprod1_ora_88947.trc
Current log# 629 seq# 5457 mem# 0
Completed checkpoint up to RBA
ORA-44744: Cannot have more than one drop, add or modify operations in an ALTER INDEX statement.
Current log# 16 seq# 2940 mem# 0
ORA-01841: (full) year must be between -4713 and +9999, and not be 0
Archived Log entry 942 added for thread 1 sequence 6874
Archived Log entry 269 added for thread 1 sequence 9159
Undo initialization finished
Beginning log switch checkpoint up to RBA
ORA-24069: cannot downgrade queue table TNS_ADMIN while it is being upgraded
Archived Log entry 376 added for thread 1 sequence 7582
LPX-01106: [FOAR0002] Numeric operation overflow/underflow
Undo initialization finished
ARC0: Archival started
Undo initialization finished
Undo initialization finished
Thread 1 advanced to log sequence 953
ORA-13778: no new name or owner specified for "SQL Tuning Set"
Undo initialization finished
ORA-16772: switchover to a standby database failed
Beginning log switch checkpoint up to RBA
ORA-01267: Failure getting date/time
Thread 1 advanced to log sequence 803
ORA-56722: I/O request limit exceeded - call aborted
Thread 1 advanced to log sequence 342
TNS-12679: Native services disabled by other process but required
Current log# 955 seq# 7838 mem# 0
TNS-12634: Memory allocation failed
Errors in file /u01/app/oracle/diag/rdbms/ttprod/ttprod1/trace/ttprod1_ora_82199.trc
Completed checkpoint up to RBA
ARC0: Archival started
Thread 1 advanced to log sequence 507
KUP-04041: error generating full file name for CDR_STAGING in 5000
Beginning log switch checkpoint up to RBA
PLS-00513: PL/SQL function called from SQL must return value of legal SQL type
Starting background process VKTM
ORA-40108: input data contains too few distinct target ( ttstandby01 ) values
Beginning log switch checkpoint up to RBA
Beginning log switch checkpoint up to RBA
Starting background process VKTM
Thread 1 advanced to log sequence 824
Completed checkpoint up to RBA
ORA-01718: BY ACCESS | SESSION clause not allowed for NOAUDIT
Current log# 511 seq# 4037 mem# 0
Completed checkpoint up to RBA
ORA-00288: to continue recovery type ALTER DATABASE RECOVER CONTINUE
Current log# 685 seq# 1411 mem# 0
ORA-25307: Enqueue rate too high, flow control enabled
Current log# 888 seq# 8356 mem# 0
ARC0: Archival started
Starting background process VKTM
Beginning log switch checkpoint up to RBA
PLS-00495: too many columns in SELECT...INTO statement after bursting record targets
Beginning log switch checkpoint up to RBA
Undo initialization finished
ARC0: Archival started
Archived Log entry 158 added for thread 1 sequence 9833
Archived Log entry 652 added for thread 1 sequence 8675
ORA-28512: cannot get data dictionary translations from NETWORK_OPS.SIM_INVENTORY
Current log# 409 seq# 3213 mem# 0
ORA-00214: control file ' reporting_schema ' version PK_CUSTOMER_ACCOUNTS inconsistent with file ' session_1123 ' version CRM.CALL_DETAIL_RECORDS
Errors in file /u01/app/oracle/diag/rdbms/ttprod/ttprod1/trace/ttprod1_ora_71119.trc
Undo initialization finished
RMAN-06519: backup will never be obsolete
Beginning log switch checkpoint up to RBA
Starting background process VKTM
Completed checkpoint up to RBA
RMAN-06209: List of failed objects
Errors in file /u01/app/oracle/diag/rdbms/ttprod/ttprod1/trace/ttprod1_ora_62797.trc
Archived Log entry 770 added for thread 1 sequence 7358
Beginning log switch checkpoint up to RBA
Archived Log entry 252 added for thread 1 sequence 4218
Undo initialization finished
ARC0: Archival started
LPX-00002: out of memory
Archived Log entry 170 added for thread 1 sequence 6870
ARC0: Archival started
ARC0: Archival started
Starting background process VKTM
Thread 1 advanced to log sequence 898
ORA-26786: A row with key UNDOTBS1 exists but has conflicting column(s) SYSAUX in table pk_orders
ARC0: Archival started
Completed checkpoint up to RBA
PGU-41089: call name idx_users_email does not exist
Completed checkpoint up to RBA
ARC0: Archival started
ARC0: Archival started
Thread 1 advanced to log sequence 796
Thread 1 advanced to log sequence 126
ORA-39601: Hash key is required.
Undo initialization finished
Archived Log entry 151 added for thread 1 sequence 7784
Completed checkpoint up to RBA
Undo initialization finished
Current log# 323 seq# 5370 mem# 0
NNO-00268: warning: configuration database is not used, using checkpoint data instead
Archived Log entry 254 added for thread 1 sequence 6895
Beginning log switch checkpoint up to RBA
Starting background process VKTM
Undo initialization finished
Completed checkpoint up to RBA
ORA-30953: XML minoccurs value ( 5000 ) violated
Current log# 5 seq# 3313 mem# 0
Starting background process VKTM
Current log# 926 seq# 1548 mem# 0
Thread 1 advanced to log sequence 339
Archived Log entry 690 added for thread 1 sequence 3758
PGU-42002: COPY statement: ended prematurely
Thread 1 advanced to log sequence 807
Undo initialization finished
Completed checkpoint up to RBA
Current log# 60 seq# 1945 mem# 0
QSM-02044: ORDER BY clause in mv
Archived Log entry 957 added for thread 1 sequence 2751
Undo initialization finished
Starting background process VKTM
NNO-00309: server restarting
ARC0: Archival started
Archived Log entry 65 added for thread 1 sequence 2894
Archived Log entry 801 added for thread 1 sequence 1547
Completed checkpoint up to RBA
Current log# 51 seq# 9720 mem# 0
TNS-04143: Unable to write the new CMAN.ORA file.
Completed checkpoint up to RBA
Archived Log entry 334 added for thread 1 sequence 3620
ARC0: Archival started
Starting background process VKTM
TNS-00223: number number number number
Starting background process VKTM
Beginning log switch checkpoint up to RBA
ORA-36179: (XSNOAGM) No AGGMAP was specified for VARIABLE workspace object .
ARC0: Archival started
Archived Log entry 90 added for thread 1 sequence 6400
ORA-03246: Invalid block number specified
Errors in file /u01/app/oracle/diag/rdbms/ttprod/ttprod1/trace/ttprod1_ora_14527.trc
Thread 1 advanced to log sequence 919
Completed checkpoint up to RBA
RMAN-08155: printing stored global script: CDR_STAGING
Errors in file /u01/app/oracle/diag/rdbms/ttprod/ttprod1/trace/ttprod1_ora_52652.trc
ARC0: Archival started
Completed checkpoint up to RBA
Starting background process VKTM
Undo initialization finished
Completed checkpoint up to RBA
RMAN-08535: channel PK_CUSTOMER_ACCOUNTS : looking for AUTOBACKUP on day: user_sessions
ARC0: Archival started
Completed checkpoint up to RBA
Current log# 457 seq# 6159 mem# 0
Current log# 772 seq# 2856 mem# 0
Completed checkpoint up to RBA
DRG-10704: preference _SYSSMU12$ does not have an attribute named reporting_schema
Errors in file /u01/app/oracle/diag/rdbms/ttprod/ttprod1/trace/ttprod1_ora_18284.trc
Current log# 751 seq# 6846 mem# 0
Current log# 807 seq# 5891 mem# 0
Starting background process VKTM
Current log# 583 seq# 1127 mem# 0
Current log# 807 seq# 1203 mem# 0
PRVF-05475: Could not obtain NTP daemon's boot time configuration on any node
Thread 1 advanced to log sequence 214
Undo initialization finished
Beginning log switch checkpoint up to RBA
Beginning log switch checkpoint up to RBA
Completed checkpoint up to RBA
ORA-38136: invalid attribute name DATA_TS01 specified
Starting background process VKTM
Thread 1 advanced to log sequence 614
ORA-22990: LOB locators cannot span transactions
Archived Log entry 129 added for thread 1 sequence 3060
Undo initialization finished
Current log# 804 seq# 3723 mem# 0
ORA-02789: Maximum number of files reached
Undo initialization finished
Thread 1 advanced to log sequence 735
Thread 1 advanced to log sequence 862
ORA-27465: invalid value /u01/app/oracle/oradata/ttprod/users01.dbf for attribute _SYSSMU7$
Errors in file /u01/app/oracle/diag/rdbms/ttprod/ttprod1/trace/ttprod1_ora_57203.trc
Thread 1 advanced to log sequence 774
Starting background process VKTM
ORA-51025: check name should be non NULL value
Errors in file /u01/app/oracle/diag/rdbms/ttprod/ttprod1/trace/ttprod1_ora_72275.trc
ARC0: Archival started
Thread 1 advanced to log sequence 241
RMAN-06155: validation failed for control file copy
Beginning log switch checkpoint up to RBA
Beginning log switch checkpoint up to RBA
IMP-00070: Lob definitions in dump file are inconsistent with database.
Thread 1 advanced to log sequence 407
PLS-00123: program too large ( BILLING.CUST_ORDERS )
Archived Log entry 553 added for thread 1 sequence 5755
Beginning log switch checkpoint up to RBA
Completed checkpoint up to RBA
Current log# 659 seq# 7105 mem# 0
Thread 1 advanced to log sequence 233
OCI-30934: ' pk_orders ' ( INVOICE_LINES_IDX node) cannot be inserted in parent ' 1024 ' ( app_db node)
Beginning log switch checkpoint up to RBA
Archived Log entry 600 added for thread 1 sequence 4464
ORA-06434: ssaio: read error, unable to read requested block from database file.
Completed checkpoint up to RBA
OCI-30102: ' 17 ' is not in the legal range for ' ttprod1 '
ARC0: Archival started
Beginning log switch checkpoint up to RBA
Current log# 83 seq# 1827 mem# 0
Undo initialization finished
PRKO-02111: Invalid number {0} for command line option {1}
ARC0: Archival started
Completed checkpoint up to RBA
Beginning log switch checkpoint up to RBA
NNC-00419: authoritative server is unreachable
Current log# 862 seq# 4651 mem# 0
Starting background process VKTM
Undo initialization finished
Undo initialization finished
ARC0: Archival started
IMP-00052: Warning: Unable to set event for freelist communication with server
Archived Log entry 770 added for thread 1 sequence 7486
Completed checkpoint up to RBA
Current log# 2 seq# 4086 mem# 0
Completed checkpoint up to RBA
PRKO-02621: The '-x <node>' option cannot be used to create RAC database {0}
Archived Log entry 609 added for thread 1 sequence 4606
Archived Log entry 523 added for thread 1 sequence 9839
Beginning log switch checkpoint up to RBA
ORA-28238: no seed provided
Completed checkpoint up to RBA
Undo initialization finished
ARC0: Archival started
ORA-23502: valid directory for offline instatiation is not specified
ARC0: Archival started
RMAN-06405: database closed
ARC0: Archival started
Current log# 740 seq# 1246 mem# 0
Completed checkpoint up to RBA
Beginning log switch checkpoint up to RBA
Completed checkpoint up to RBA
RMAN-08126: keep attributes for the proxy copy are changed
Starting background process VKTM
Thread 1 advanced to log sequence 827
IMP-00038: Could not convert to environment character set's handle
Errors in file /u01/app/oracle/diag/rdbms/ttprod/ttprod1/trace/ttprod1_ora_49722.trc
Thread 1 advanced to log sequence 137
Current log# 59 seq# 4233 mem# 0
ORA-24202: publisher does not exist for the queue
Errors in file /u01/app/oracle/diag/rdbms/ttprod/ttprod1/trace/ttprod1_ora_15904.trc
Starting background process VKTM
Current log# 50 seq# 6099 mem# 0
ORA-14213: VALUES LESS THAN or AT clause cannot be used for List subpartitioned tables
ARC0: Archival started
Archived Log entry 136 added for thread 1 sequence 3618
Starting background process VKTM
Archived Log entry 661 added for thread 1 sequence 1819
Starting background process VKTM
JMS-00407: Operation not allowed on {0}
Completed checkpoint up to RBA
Completed checkpoint up to RBA
Beginning log switch checkpoint up to RBA
PGA-21115: shutdown request received
Beginning log switch checkpoint up to RBA
ARC0: Archival started
ARC0: Archival started
Undo initialization finished
Undo initialization finished
ORA-02445: Exceptions table not found
Starting background process VKTM
Archived Log entry 95 added for thread 1 sequence 2698
Beginning log switch checkpoint up to RBA
LPX-00708: SOAP failed to make HTTP connection
ARC0: Archival started
Thread 1 advanced to log sequence 832
Starting background process VKTM
Starting background process VKTM
ORA-13771: cannot obtain exclusive lock APP_USER42 on "SQL Tuning Set" " 42 " owned by user " BILLING.CUST_ORDERS "
Undo initialization finished
Undo initialization finished
Starting background process VKTM
Archived Log entry 31 added for thread 1 sequence 6951
RMAN-08580: channel fk_order_customer : starting datafile copy
Starting background process VKTM
Undo initialization finished
Beginning log switch checkpoint up to RBA
Thread 1 advanced to log sequence 741
PCB-00010: SQLCHECK value in EXEC ORACLE statement exceeds command line value
Undo initialization finished
NID-00420: Change of database name and ID failed during validation - database is intact.
Starting background process VKTM
Current log# 808 seq# 9325 mem# 0
ORA-28514: heterogeneous database link initialization could not convert system date
Errors in file /u01/app/oracle/diag/rdbms/ttprod/ttprod1/trace/ttprod1_ora_25979.trc
Current log# 317 seq# 5751 mem# 0
Completed checkpoint up to RBA
RDE-00021: no providers found for universe " PK_CUSTOMER_ACCOUNTS ".
Current log# 158 seq# 4438 mem# 0
Completed checkpoint up to RBA
Undo initialization finished
ORA-23293: Cannot rename a column which is part of a join index
Errors in file /u01/app/oracle/diag/rdbms/ttprod/ttprod1/trace/ttprod1_ora_45869.trc
ARC0: Archival started
Current log# 663 seq# 1219 mem# 0
ARC0: Archival started
Completed checkpoint up to RBA
Undo initialization finished
ORA-01113: file TNS_ADMIN needs media recovery
ARC0: Archival started
Thread 1 advanced to log sequence 954
IMG-00208: metadata format parse error
Undo initialization finished
ARC0: Archival started
Starting background process VKTM
Completed checkpoint up to RBA
ORA-53100: The repository data model is in invalid state.
Current log# 70 seq# 3229 mem# 0
Beginning log switch checkpoint up to RBA
Beginning log switch checkpoint up to RBA
DRG-12307: column pg_toast_12345 is NULL and cannot be indexed
Completed checkpoint up to RBA
Archived Log entry 677 added for thread 1 sequence 7196
Undo initialization finished
Undo initialization finished
Archived Log entry 392 added for thread 1 sequence 8454
PCC-00079: ANSI requires colon on label in WHENEVER statement
Errors in file /u01/app/oracle/diag/rdbms/ttprod/ttprod1/trace/ttprod1_ora_70358.trc
Archived Log entry 980 added for thread 1 sequence 5284
ORA-27203: skgfpqb: sbtpcquerybackup returned error
Current log# 492 seq# 7382 mem# 0
ARC0: Archival started
Current log# 213 seq# 6666 mem# 0
ORA-07500: scglaa: $cantim unexpected return
Completed checkpoint up to RBA
RMAN-08546: channel idx_users_email : AUTOBACKUP idx_users_email found in the recovery area
ARC0: Archival started
RMAN-08116: output file name is original SPFILE location
Starting background process VKTM
Archived Log entry 61 added for thread 1 sequence 5159
Undo initialization finished
NNO-00260: loading configuration data from checkpoint file " pg_toast_12345 "
Archived Log entry 189 added for thread 1 sequence 4174
Archived Log entry 147 added for thread 1 sequence 1059
Completed checkpoint up to RBA
PRCD-01236: Unable to downgrade configuration of RAC One Node database {0} to version {1}
Current log# 720 seq# 2376 mem# 0
Beginning log switch checkpoint up to RBA
Thread 1 advanced to log sequence 180
Undo initialization finished
ORA-12461: undefined level CRM.CALL_DETAIL_RECORDS for policy _SYSSMU12$
Beginning log switch checkpoint up to RBA
Completed checkpoint up to RBA
ARC0: Archival started
ORA-06763: TLI Driver: error sending disconnect
Beginning log switch checkpoint up to RBA
ORA-29353: The transportable list is too long.
Errors in file /u01/app/oracle/diag/rdbms/ttprod/ttprod1/trace/ttprod1_ora_27241.trc
Completed checkpoint up to RBA
Starting background process VKTM
Completed checkpoint up to RBA
NID-00502: TARGET Username/Password (NONE)
Undo initialization finished
PRKO-02174: Instance {0} is already an available instance for service {1}.
Beginning log switch checkpoint up to RBA
Beginning log switch checkpoint up to RBA
Archived Log entry 344 added for thread 1 sequence 5403
Current log# 835 seq# 4705 mem# 0
RMAN-08158: executing script: large pool
Current log# 987 seq# 4134 mem# 0
ORA-07243: supplied buffer not big enough to hold entire line
Completed checkpoint up to RBA
Completed checkpoint up to RBA
ORA-49436: Date conversion error [ 42 ]
Undo initialization finished
Current log# 793 seq# 6491 mem# 0
Undo initialization finished
Thread 1 advanced to log sequence 381
ARC0: Archival started
PLS-00747: .NET assemblies are not supported on this platform
Thread 1 advanced to log sequence 96
ORA-26572: pg_toast_12345 . CRM.CALL_DETAIL_RECORDS . 1024 : argument pk_orders does not match replication catalog
Archived Log entry 496 added for thread 1 sequence 5281
Current log# 126 seq# 1616 mem# 0
Starting background process VKTM
Completed checkpoint up to RBA
Archived Log entry 802 added for thread 1 sequence 7473
NCR-04023: NCRR: Invalid object descriptor
Thread 1 advanced to log sequence 236
Thread 1 advanced to log sequence 401
Undo initialization finished
Beginning log switch checkpoint up to RBA
RMAN-06607: RMAN configuration parameters for database with db_unique_name UNDOTBS1 are:
Current log# 792 seq# 5511 mem# 0
Completed checkpoint up to RBA
Starting background process VKTM
ARC0: Archival started
Starting background process VKTM
OCI-31038: Invalid BILLING.CUST_ORDERS value: " /u01/app/oracle/oradata/ttprod/users01.dbf "
Starting background process VKTM
Beginning log switch checkpoint up to RBA
ARC0: Archival started
Completed checkpoint up to RBA
Archived Log entry 332 added for thread 1 sequence 4942
LPX-00121: undefined notation "~S"
Starting background process VKTM
Starting background process VKTM
Starting background process VKTM
ORA-40101: Data Mining System Error 17 - _SYSSMU7$ - BILLING.CUST_ORDERS
Archived Log entry 555 added for thread 1 sequence 7499
Archived Log entry 630 added for thread 1 sequence 1208
Archived Log entry 382 added for thread 1 sequence 1487
ARC0: Archival started
Starting background process VKTM
RMAN-20242: specification does not match any archived log in the repository
Starting background process VKTM
Current log# 975 seq# 4546 mem# 0
Current log# 449 seq# 8010 mem# 0
Current log# 123 seq# 9372 mem# 0
ORA-12652: String truncated
Thread 1 advanced to log sequence 791
Beginning log switch checkpoint up to RBA
Completed checkpoint up to RBA
ARC0: Archival started
Completed checkpoint up to RBA
PCC-00027: Redeclared SQL Identifier " APP_USER42 " at line number in file ttstandby01
Completed checkpoint up to RBA
RMAN-08043: channel 5000 : copy standby control file failed
Thread 1 advanced to log sequence 896
Beginning log switch checkpoint up to RBA
Thread 1 advanced to log sequence 720
Thread 1 advanced to log sequence 522
INS-10008: Session initialization failed
Errors in file /u01/app/oracle/diag/rdbms/ttprod/ttprod1/trace/ttprod1_ora_37726.trc
Beginning log switch checkpoint up to RBA
ARC0: Archival started
ORA-36222: (XSLPDSC03) duplicate IGNORE or DENSE information for dimension workspace object
Current log# 187 seq# 2707 mem# 0
RMAN-08527: channel 17 : starting PK_CUSTOMER_ACCOUNTS proxy datafile backup at pg_toast_12345
Undo initialization finished
Starting background process VKTM
ARC0: Archival started
Beginning log switch checkpoint up to RBA
ORA-40221: maximum target cardinality exceeded
Completed checkpoint up to RBA
ARC0: Archival started
Completed checkpoint up to RBA
Thread 1 advanced to log sequence 634
RMAN-08047: channel app_db : starting compressed incremental level pk_orders datafile backup set
Current log# 418 seq# 9274 mem# 0
OCI-30951: Element or attribute at Xpath large pool exceeds maximum length
Errors in file /u01/app/oracle/diag/rdbms/ttprod/ttprod1/trace/ttprod1_ora_95076.trc
Current log# 88 seq# 8547 mem# 0
Starting background process VKTM
ORA-00334: archived log: ' PK_CUSTOMER_ACCOUNTS '
Archived Log entry 103 added for thread 1 sequence 5138
NNO-00302: server stopped
Errors in file /u01/app/oracle/diag/rdbms/ttprod/ttprod1/trace/ttprod1_ora_73310.trc
Undo initialization finished
KUP-04071: record discarded from file idx_users_email
Undo initialization finished
RMAN-08532: channel APP_USER42 : restoring block(s) from datafile copy 5000
Thread 1 advanced to log sequence 266
Starting background process VKTM
Starting background process VKTM
RMAN-06615: resyncing from database with DB_UNIQUE_NAME CDR_STAGING
Starting background process VKTM
Completed checkpoint up to RBA
ORA-31507: fk_order_customer parameter value longer than maximum length APP_USER42
Current log# 528 seq# 5349 mem# 0
Undo initialization finished
ORA-32158: Invalid type passed
Archived Log entry 617 added for thread 1 sequence 4153
Beginning log switch checkpoint up to RBA
ORA-14150: missing SUBPARTITION keyword
Thread 1 advanced to log sequence 932
Undo initialization finished
Beginning log switch checkpoint up to RBA
Starting background process VKTM
ARC0: Archival started
ORA-56706: The specified Resource Manager plan is a subplan and cannot be set as a top-level plan
Current log# 509 seq# 3751 mem# 0
Completed checkpoint up to RBA
Undo initialization finished
Undo initialization finished
ORA-07606: szprv: $CHKPRO failure
Errors in file /u01/app/oracle/diag/rdbms/ttprod/ttprod1/trace/ttprod1_ora_80925.trc
Current log# 482 seq# 3239 mem# 0
RMAN-12016: using channel user_sessions
Thread 1 advanced to log sequence 977
Starting background process VKTM
Beginning log switch checkpoint up to RBA
Current log# 495 seq# 3284 mem# 0
Beginning log switch checkpoint up to RBA
DRG-51312: DML lock internal error INVOICE_LINES_IDX
Thread 1 advanced to log sequence 455
Beginning log switch checkpoint up to RBA
Starting background process VKTM
Completed checkpoint up to RBA
ORA-04095: trigger ' INVOICE_LINES_IDX ' already exists on another table, cannot replace it
Errors in file /u01/app/oracle/diag/rdbms/ttprod/ttprod1/trace/ttprod1_ora_90910.trc
Undo initialization finished
ARC0: Archival started
Beginning log switch checkpoint up to RBA
PLS-00485: in exception handler, ' 1024 ' must be an exception name
Completed checkpoint up to RBA
Archived Log entry 330 added for thread 1 sequence 1385
Current log# 668 seq# 7691 mem# 0
Current log# 890 seq# 5141 mem# 0
Beginning log switch checkpoint up to RBA
ORA-22625: OCIAnyData is not well-formed
Current log# 752 seq# 5588 mem# 0
PRCC-01010: {0} was already enabled
Errors in file /u01/app/oracle/diag/rdbms/ttprod/ttprod1/trace/ttprod1_ora_70836.trc
Thread 1 advanced to log sequence 285
OCI-22318: input type is not an array type
Archived Log entry 280 added for thread 1 sequence 3039
PCB-00312: Keyword WORK required here by ANSI
Beginning log switch checkpoint up to RBA
Thread 1 advanced to log sequence 846
RMAN-05555: Not connected to TARGET or TARGET not open, cannot verify that subset of tablespaces is self-contained
Archived Log entry 179 added for thread 1 sequence 3534
Starting background process VKTM
Current log# 236 seq# 4761 mem# 0
Starting background process VKTM
DIA-48800: " DATA_TS01 " for the keyword " 17 " is not in the right format of timestamp
Starting background process VKTM
ORA-16222: automatic Logical Standby retry of last action
Thread 1 advanced to log sequence 878
RMAN-05564: SPFILE backup not found for database reporting_schema created before UNDOTBS1 in CDR_STAGING
Starting background process VKTM
ARC0: Archival started
Beginning log switch checkpoint up to RBA
PLS-00512: Implementation Restriction: ' /u01/app/oracle/oradata/ttprod/users01.dbf ': Cannot directly access remote package variable or cursor
Completed checkpoint up to RBA
Current log# 62 seq# 7797 mem# 0
Beginning log switch checkpoint up to RBA
Current log# 791 seq# 8230 mem# 0
RDE-00052: invalid numeric value specified: " DATA_TS01 ".
Errors in file /u01/app/oracle/diag/rdbms/ttprod/ttprod1/trace/ttprod1_ora_21042.trc
Archived Log entry 917 added for thread 1 sequence 3836
Beginning log switch checkpoint up to RBA
Beginning log switch checkpoint up to RBA
Starting background process VKTM
Undo initialization finished
NZE-28847: No clear private key file
Errors in file /u01/app/oracle/diag/rdbms/ttprod/ttprod1/trace/ttprod1_ora_95480.trc
Completed checkpoint up to RBA
ARC0: Archival started
ORA-41692: unsupported aggregate operator in the having/compute clause: UNDOTBS1
ARC0: Archival started
Thread 1 advanced to log sequence 489
Archived Log entry 114 added for thread 1 sequence 7187
Current log# 797 seq# 9664 mem# 0
XOQ-01911: The specified default hierarchy does not exist.
Completed checkpoint up to RBA
Completed checkpoint up to RBA
Archived Log entry 19 added for thread 1 sequence 8826
Starting background process VKTM
Undo initialization finished
ORA-31492: could not set session parameters for LogMiner session
Archived Log entry 253 added for thread 1 sequence 2661
Undo initialization finished
Current log# 927 seq# 5596 mem# 0
Undo initialization finished
ARC0: Archival started
QSM-00788: The requested recommendation does not support direct implementation
Errors in file /u01/app/oracle/diag/rdbms/ttprod/ttprod1/trace/ttprod1_ora_26686.trc
ARC0: Archival started
Archived Log entry 85 added for thread 1 sequence 2724
Undo initialization finished
ORA-37012: (XSACQUIRE_TIMEOUT) Object workspace object is locked by another user and the WAIT timed out.
ARC0: Archival started
Thread 1 advanced to log sequence 335
DRG-50608: unexpected end of data
Starting background process VKTM
Completed checkpoint up to RBA
ORA-32161: Cannot perform piecewise fetch
Beginning log switch checkpoint up to RBA
Completed checkpoint up to RBA
ARC0: Archival started
RMAN-06052: no parent backup or copy of datafile number found
Starting background process VKTM
Undo initialization finished
ARC0: Archival started
DRG-11851: Cache Related Warning
Completed checkpoint up to RBA
ARC0: Archival started
Beginning log switch checkpoint up to RBA
PRKR-01009: deleting of instance {0} from cluster database {1} failed, {2}
Errors in file /u01/app/oracle/diag/rdbms/ttprod/ttprod1/trace/ttprod1_ora_99359.trc
Completed checkpoint up to RBA
KUP-02001: unrecognized punctuation symbol " CRM.CALL_DETAIL_RECORDS "
Current log# 974 seq# 7057 mem# 0
Starting background process VKTM
Archived Log entry 465 added for thread 1 sequence 8804
Completed checkpoint up to RBA
ORA-35581: (XSRWLD11) You do not have permission to write this value of the target.
Starting background process VKTM
Archived Log entry 326 added for thread 1 sequence 3339
Current log# 522 seq# 6526 mem# 0
Completed checkpoint up to RBA
Beginning log switch checkpoint up to RBA
ORA-29920: failed in the partition maintenance operation of secondary table
Errors in file /u01/app/oracle/diag/rdbms/ttprod/ttprod1/trace/ttprod1_ora_23396.trc
Thread 1 advanced to log sequence 611
ORA-16799: Redo Apply is not running
Starting background process VKTM
Beginning log switch checkpoint up to RBA
Archived Log entry 923 added for thread 1 sequence 5887
TNS-12545: Connect failed because target host or object does not exist
Errors in file /u01/app/oracle/diag/rdbms/ttprod/ttprod1/trace/ttprod1_ora_90087.trc
Beginning log switch checkpoint up to RBA
ARC0: Archival started
Current log# 739 seq# 6841 mem# 0
Undo initialization finished
Archived Log entry 480 added for thread 1 sequence 2363
IMP-00089: Fine grain policy " pg_toast_12345 " not recreated on table/view " TNS_ADMIN "
Errors in file /u01/app/oracle/diag/rdbms/ttprod/ttprod1/trace/ttprod1_ora_99224.trc
Completed checkpoint up to RBA
Thread 1 advanced to log sequence 547
Beginning log switch checkpoint up to RBA
Completed checkpoint up to RBA
ORA-06527: External procedure SQLLIB error: TNS_ADMIN
Completed checkpoint up to RBA
Beginning log switch checkpoint up to RBA
Archived Log entry 378 added for thread 1 sequence 2968
PRKH-01056: Unexpected CSS error
Beginning log switch checkpoint up to RBA
Beginning log switch checkpoint up to RBA
ORA-02443: Cannot drop constraint - nonexistent constraint
Beginning log switch checkpoint up to RBA
Current log# 557 seq# 5075 mem# 0
Starting background process VKTM
NNL-00516: Displays complete server status
Starting background process VKTM
ARC0: Archival started
Completed checkpoint up to RBA
Archived Log entry 346 added for thread 1 sequence 3804
Completed checkpoint up to RBA
LPX-01032: [XQST0032] Repeated base URI declaration
Thread 1 advanced to log sequence 192
Beginning log switch checkpoint up to RBA
RMAN-08511: piece handle= fk_order_customer tag= 1024
Current log# 946 seq# 7128 mem# 0
Undo initialization finished
EXP-00105: parameter TNS_ADMIN is not supported for this user
Errors in file /u01/app/oracle/diag/rdbms/ttprod/ttprod1/trace/ttprod1_ora_41499.trc
Current log# 641 seq# 3348 mem# 0
Thread 1 advanced to log sequence 805
ARC0: Archival started
ORA-44423: XML Schema registered for BINARY cannot be used for CLOB/OBJ-REL
Thread 1 advanced to log sequence 835
Thread 1 advanced to log sequence 622
Beginning log switch checkpoint up to RBA
Beginning log switch checkpoint up to RBA
ORA-22279: cannot perform operation with LOB buffering enabled
Starting background process VKTM
Archived Log entry 604 added for thread 1 sequence 5142
Starting background process VKTM
RMAN-06226: Automatic instance removed
Errors in file /u01/app/oracle/diag/rdbms/ttprod/ttprod1/trace/ttprod1_ora_56179.trc
Current log# 873 seq# 4332 mem# 0
Current log# 977 seq# 1459 mem# 0
Thread 1 advanced to log sequence 436
Beginning log switch checkpoint up to RBA
QSM-03112: Invalid CREATE MATERIALIZED VIEW statement _SYSSMU12$
Thread 1 advanced to log sequence 721
Beginning log switch checkpoint up to RBA
ARC0: Archival started
Beginning log switch checkpoint up to RBA
Current log# 603 seq# 6041 mem# 0
ORA-31690: Process name buffer size must be specified and must be greater than 0.
Archived Log entry 629 added for thread 1 sequence 2246
ARC0: Archival started
Undo initialization finished
SCLC-01008: Failed to get filters at location {0} for tier {1}
Starting background process VKTM
Thread 1 advanced to log sequence 943
Completed checkpoint up to RBA
XOQ-01485: Cannot modify " ttstandby01 " in the branch, because its analytic workspace is not in the branch.
Thread 1 advanced to log sequence 225
PGU-41103: INFILE parameter was previously specified
ARC0: Archival started
Archived Log entry 345 added for thread 1 sequence 6165
ORA-23654: Attempting to set the oldest SCN to a greater value ( app_db ) than the current one ( /u01/app/oracle/oradata/ttprod/users01.dbf ) at Apply USERS
Undo initialization finished
PRVF-05821: Unable to reach the IP address "{0}" from local node
Beginning log switch checkpoint up to RBA
PLS-00369: no choices may appear with choice OTHERS in an exception handler
Current log# 880 seq# 9244 mem# 0
Beginning log switch checkpoint up to RBA
Starting background process VKTM
Completed checkpoint up to RBA
Completed checkpoint up to RBA
IMG-00203: xmlData is invalid
Errors in file /u01/app/oracle/diag/rdbms/ttprod/ttprod1/trace/ttprod1_ora_60917.trc
Current log# 969 seq# 9023 mem# 0
Current log# 929 seq# 6988 mem# 0
Beginning log switch checkpoint up to RBA
Current log# 671 seq# 9380 mem# 0
Thread 1 advanced to log sequence 553
RMAN-06604: new RMAN configuration parameters are successfully stored
Beginning log switch checkpoint up to RBA
Completed checkpoint up to RBA
NNL-00890: Messages received: number
ARC0: Archival started
Current log# 217 seq# 2981 mem# 0
Starting background process VKTM
Archived Log entry 238 added for thread 1 sequence 5279
TNS-02518: key negotiation error
Archived Log entry 477 added for thread 1 sequence 5777
Thread 1 advanced to log sequence 92
Undo initialization finished
RMAN-08153: deleted global script: reporting_schema
Current log# 364 seq# 3395 mem# 0
ARC0: Archival started
ORA-30501: instance shutdown triggers cannot have AFTER type
Errors in file /u01/app/oracle/diag/rdbms/ttprod/ttprod1/trace/ttprod1_ora_54999.trc
Completed checkpoint up to RBA
Completed checkpoint up to RBA
Current log# 102 seq# 5747 mem# 0
Undo initialization finished
ORA-29327: unsupported client compatibility mode used when talking to the server
Beginning log switch checkpoint up to RBA
Beginning log switch checkpoint up to RBA
Beginning log switch checkpoint up to RBA
Current log# 464 seq# 7967 mem# 0
Beginning log switch checkpoint up to RBA
CLST-01103: existing configuration version ( BILLING.CUST_ORDERS ) detected
Beginning log switch checkpoint up to RBA
Archived Log entry 822 added for thread 1 sequence 6732
Beginning log switch checkpoint up to RBA
ORA-21710: argument is expecting a valid memory address of an object
ARC0: Archival started
ARC0: Archival started
Undo initialization finished
RMAN-06194: target database instance not started
Completed checkpoint up to RBA
Completed checkpoint up to RBA
Beginning log switch checkpoint up to RBA
Current log# 588 seq# 1426 mem# 0
ORA-23363: mismatch of mview base table " SYSAUX " at master and mview site
Beginning log switch checkpoint up to RBA
Current log# 223 seq# 5544 mem# 0
ORA-23308: object reporting_schema . _SYSSMU12$ does not exist or is invalid
Completed checkpoint up to RBA
Starting background process VKTM
Completed checkpoint up to RBA
PGA-21204: error deleting PGA_2PC_PENDING rows for local LU 3
Errors in file /u01/app/oracle/diag/rdbms/ttprod/ttprod1/trace/ttprod1_ora_87836.trc
Archived Log entry 203 added for thread 1 sequence 4546
Undo initialization finished
Completed checkpoint up to RBA
Starting background process VKTM
Starting background process VKTM
ORA-14132: table cannot be used in EXCHANGE
Thread 1 advanced to log sequence 899
ORA-32586: multiple specification of a supplemental logging attribute
Beginning log switch checkpoint up to RBA
Beginning log switch checkpoint up to RBA
Completed checkpoint up to RBA
ORA-14803: partition bound may not be specified for hash subpartitioned tables
Current log# 76 seq# 5991 mem# 0
Undo initialization finished
Completed checkpoint up to RBA
Thread 1 advanced to log sequence 73
Thread 1 advanced to log sequence 165
NZE-29178: certificate serial number is in CRL
Beginning log switch checkpoint up to RBA
ARC0: Archival started
Undo initialization finished
Archived Log entry 754 added for thread 1 sequence 4036
Archived Log entry 465 added for thread 1 sequence 5068
ORA-32811: subscriber _SYSSMU7$ already exists
Errors in file /u01/app/oracle/diag/rdbms/ttprod/ttprod1/trace/ttprod1_ora_54737.trc
Current log# 271 seq# 3982 mem# 0
Starting background process VKTM
RMAN-05518: Automatically adding tablespace ttprod1
ARC0: Archival started
PRVF-02409: The device file "{0}" does not exist on node "{1}"
Thread 1 advanced to log sequence 239
ARC0: Archival started
Starting background process VKTM
ORA-38482: no elementary attributes defined in the attribute set
Completed checkpoint up to RBA
Thread 1 advanced to log sequence 929
Current log# 921 seq# 4815 mem# 0
ORA-21701: attempt to flush objects to different servers
Thread 1 advanced to log sequence 240
DRG-12244: data conversion error for sdata section TNS_ADMIN
ARC0: Archival started
Undo initialization finished
Beginning log switch checkpoint up to RBA
ORA-16749: switchover to logical standby database failed
Errors in file /u01/app/oracle/diag/rdbms/ttprod/ttprod1/trace/ttprod1_ora_49531.trc
Archived Log entry 95 added for thread 1 sequence 1486
ARC0: Archival started
Current log# 516 seq# 9490 mem# 0
Beginning log switch checkpoint up to RBA
ORA-40183: invalid stack definition for attribute SP2-0552
Starting background process VKTM
Current log# 958 seq# 4947 mem# 0
Starting background process VKTM
Current log# 254 seq# 2551 mem# 0
ORA-09912: Malloc of name buffer(s) failed.
Starting background process VKTM
QSM-01219: no suitable materialized view found to rewrite this query
Current log# 359 seq# 7962 mem# 0
NNO-00057: loading and verifying topology data
Errors in file /u01/app/oracle/diag/rdbms/ttprod/ttprod1/trace/ttprod1_ora_64680.trc
Undo initialization finished
PRCR-01052: Failed to find OracleCM Cluster library on node {0}
ARC0: Archival started
Undo initialization finished
ARC0: Archival started
ORA-23460: missing value for column shared pool in resolution method " CRM.CALL_DETAIL_RECORDS " for " PK_CUSTOMER_ACCOUNTS "." PK_CUSTOMER_ACCOUNTS "." USERS "
ARC0: Archival started
Completed checkpoint up to RBA
ARC0: Archival started
RMAN-06067: RECOVER DATABASE required with a backup or created control file
Beginning log switch checkpoint up to RBA
Archived Log entry 553 added for thread 1 sequence 5691
Thread 1 advanced to log sequence 368
NID-00390: These files must be writable by this utility.
Beginning log switch checkpoint up to RBA
ORA-01969: You must specify RESETLOGS or NORESETLOGS
Current log# 264 seq# 5963 mem# 0
Completed checkpoint up to RBA
Archived Log entry 847 added for thread 1 sequence 6235
Completed checkpoint up to RBA
RMAN-08621: deleted foreign archived log
Errors in file /u01/app/oracle/diag/rdbms/ttprod/ttprod1/trace/ttprod1_ora_17229.trc
Beginning log switch checkpoint up to RBA
Undo initialization finished
Completed checkpoint up to RBA
RMAN-06450: crosschecked proxy copy: found to be ' app_db '
Completed checkpoint up to RBA
Starting background process VKTM
Starting background process VKTM
LPX-01009: [XQST0009] Schema Import Feature not supported
Errors in file /u01/app/oracle/diag/rdbms/ttprod/ttprod1/trace/ttprod1_ora_69293.trc
Undo initialization finished
Current log# 331 seq# 1819 mem# 0
EXP-00035: QUERY parameter valid only for table mode exports
Errors in file /u01/app/oracle/diag/rdbms/ttprod/ttprod1/trace/ttprod1_ora_81225.trc
Beginning log switch checkpoint up to RBA
ARC0: Archival started
RMAN-06196: Oracle instance started
Archived Log entry 110 added for thread 1 sequence 1994
RMAN-06151: datafile 3 creation SCN _SYSSMU12$
Errors in file /u01/app/oracle/diag/rdbms/ttprod/ttprod1/trace/ttprod1_ora_79873.trc
Thread 1 advanced to log sequence 341
Undo initialization finished
Thread 1 advanced to log sequence 235
ORA-07607: szaud: $SNDOPR failure
Errors in file /u01/app/oracle/diag/rdbms/ttprod/ttprod1/trace/ttprod1_ora_36296.trc
Undo initialization finished
Current log# 391 seq# 3597 mem# 0
ORA-00406: COMPATIBLE parameter needs to be 5000 or greater
Current log# 597 seq# 2620 mem# 0
ORA-19742: control file is not a backup control file
Starting background process VKTM
Starting background process VKTM
Completed checkpoint up to RBA
Archived Log entry 763 added for thread 1 sequence 9022
ARC0: Archival started
RMAN-06604: new RMAN configuration parameters are successfully stored
Thread 1 advanced to log sequence 734
Current log# 824 seq# 2308 mem# 0
Completed checkpoint up to RBA
Beginning log switch checkpoint up to RBA
PCC-02430: Expecting an expression of some arbitrary LOB type
Completed checkpoint up to RBA
Current log# 561 seq# 4515 mem# 0
Archived Log entry 4 added for thread 1 sequence 1757
ORA-19274: XQST0054 - variable initialization failed due to circularity
Thread 1 advanced to log sequence 22
Beginning log switch checkpoint up to RBA
Starting background process VKTM
ARC0: Archival started
RDE-00049: expected separator not found. Expected: " BILLING.CUST_ORDERS " Found: " pk_orders "
Thread 1 advanced to log sequence 292
Archived Log entry 888 added for thread 1 sequence 7328
Archived Log entry 871 added for thread 1 sequence 2063
Thread 1 advanced to log sequence 512
Beginning log switch checkpoint up to RBA
RMAN-08187: WARNING: media recovery until SCN large pool complete
Starting background process VKTM
ORA-13902: The specified file pg_toast_12345 is not a data file.
Starting background process VKTM
Undo initialization finished
Current log# 587 seq# 4254 mem# 0
ARC0: Archival started
Archived Log entry 302 added for thread 1 sequence 2638
ORA-07741: slemop: $OPEN failure
Beginning log switch checkpoint up to RBA
Archived Log entry 392 added for thread 1 sequence 2576
Current log# 159 seq# 7175 mem# 0
INS-35084: The specified global database name contains invalid characters.
Errors in file /u01/app/oracle/diag/rdbms/ttprod/ttprod1/trace/ttprod1_ora_40170.trc
ARC0: Archival started
Starting background process VKTM
ORA-55342: not a defined label in the policy
Errors in file /u01/app/oracle/diag/rdbms/ttprod/ttprod1/trace/ttprod1_ora_41449.trc
ARC0: Archival started
Thread 1 advanced to log sequence 434
Completed checkpoint up to RBA
ARC0: Archival started
ORA-22633: Error freeing AnyDataSet
Current log# 271 seq# 3837 mem# 0
Starting background process VKTM
Beginning log switch checkpoint up to RBA
Thread 1 advanced to log sequence 622
ARC0: Archival started
RMAN-05570: Duplicate for standby does not allow the use of LOGFILE
Archived Log entry 351 added for thread 1 sequence 4443
Current log# 282 seq# 6619 mem# 0
Current log# 890 seq# 1551 mem# 0
PGU-00360: object to be described does not exist
Beginning log switch checkpoint up to RBA
LPX-01021: [XPDY0021]
Undo initialization finished
ARC0: Archival started
Starting background process VKTM
ORA-31039: XML namespace length pk_orders exceeds maximum ttstandby01
Errors in file /u01/app/oracle/diag/rdbms/ttprod/ttprod1/trace/ttprod1_ora_42104.trc
Beginning log switch checkpoint up to RBA
Thread 1 advanced to log sequence 729
PLS-00490: illegal statement
ARC0: Archival started
Thread 1 advanced to log sequence 778
Undo initialization finished
Completed checkpoint up to RBA
OCI-01870: the intervals or datetimes were not mutually comparable
Beginning log switch checkpoint up to RBA
Current log# 637 seq# 3560 mem# 0
ORA-13138: could not determine name of object ttprod1
Errors in file /u01/app/oracle/diag/rdbms/ttprod/ttprod1/trace/ttprod1_ora_50930.trc
Undo initialization finished
RMAN-06783: Update of datafile headers of locally managed datafiles finished.
Archived Log entry 3 added for thread 1 sequence 1852
Completed checkpoint up to RBA
ARC0: Archival started
Archived Log entry 948 added for thread 1 sequence 8409
RMAN-06486: changed backup piece expired
Errors in file /u01/app/oracle/diag/rdbms/ttprod/ttprod1/trace/ttprod1_ora_19592.trc
Completed checkpoint up to RBA
RMAN-08619: foreign archived log file name= USERS RECID= idx_users_email STAMP= shared pool
Thread 1 advanced to log sequence 639
Undo initialization finished
PGA-21218: cold start for partner LU APP_USER42 rejected, number pending transactions exist
Errors in file /u01/app/oracle/diag/rdbms/ttprod/ttprod1/trace/ttprod1_ora_96677.trc
ARC0: Archival started
Archived Log entry 325 added for thread 1 sequence 4110
Completed checkpoint up to RBA
ORA-23492: no new sites for extension request " CDR_STAGING "
Beginning log switch checkpoint up to RBA
PLS-00705: exception ' large pool ' used in expression requiring return type
Current log# 129 seq# 2335 mem# 0
Archived Log entry 74 added for thread 1 sequence 9786
RMAN-06203: Changed KEEP options for _SYSSMU12$ objects
Starting background process VKTM
Starting background process VKTM
Thread 1 advanced to log sequence 217
Starting background process VKTM
Current log# 810 seq# 9910 mem# 0
ORA-12076: invalid threshold value
Errors in file /u01/app/oracle/diag/rdbms/ttprod/ttprod1/trace/ttprod1_ora_84991.trc
Starting background process VKTM
Undo initialization finished
CRS-02542: The tag ' USERS ' is mentioned in both ' idx_users_email ' and ' _SYSSMU7$ ' attributes, which is conflicting
Completed checkpoint up to RBA
Completed checkpoint up to RBA
Starting background process VKTM
Current log# 842 seq# 6224 mem# 0
Current log# 973 seq# 6590 mem# 0
ORA-39711: critical patch number less than last installed CPU number
Starting background process VKTM
DRG-12513: valid stop classes are: UNDOTBS1
Starting background process VKTM
Undo initialization finished
QSM-01279: query rewrite not possible because DML operation occurred on a table referenced by materialized view ttprod2
Beginning log switch checkpoint up to RBA
Thread 1 advanced to log sequence 338
ARC0: Archival started
Undo initialization finished
ARC0: Archival started
ORA-13011: value is out of range
Thread 1 advanced to log sequence 88
Beginning log switch checkpoint up to RBA
ORA-15304: operation requires ACCESS_CONTROL.ENABLED attribute to be TRUE
Completed checkpoint up to RBA
ORA-16101: a valid start SCN could not be found
Beginning log switch checkpoint up to RBA
Beginning log switch checkpoint up to RBA
Completed checkpoint up to RBA
Thread 1 advanced to log sequence 598
ARC0: Archival started
ORA-48323: Specified pathname [ 3 ] must be inside current ADR home
ARC0: Archival started
NID-00370: Change database ID of database 42 ? (Y/[N]) =>
Archived Log entry 902 added for thread 1 sequence 1162
Thread 1 advanced to log sequence 461
Undo initialization finished
RMAN-06183: datafile or datafile copy fk_order_customer (file number idx_users_email ) larger than MAXSETSIZE
Archived Log entry 375 added for thread 1 sequence 2677
Thread 1 advanced to log sequence 645
Archived Log entry 174 added for thread 1 sequence 2859
Archived Log entry 405 added for thread 1 sequence 8015
PROT-00002: Export file ' INVOICE_LINES_IDX ' already exists
Beginning log switch checkpoint up to RBA
Undo initialization finished
ORA-27148: spawn wait error
ARC0: Archival started
Beginning log switch checkpoint up to RBA
Undo initialization finished
ORA-38712: Corrupt flashback log record header: block _SYSSMU12$ , offset shared pool .
Errors in file /u01/app/oracle/diag/rdbms/ttprod/ttprod1/trace/ttprod1_ora_48584.trc
Archived Log entry 147 added for thread 1 sequence 9808
Completed checkpoint up to RBA
Undo initialization finished
Beginning log switch checkpoint up to RBA
Thread 1 advanced to log sequence 350
PRCC-01008: Enumerated type {0} does not have a member with corresponding value of {1}
Errors in file /u01/app/oracle/diag/rdbms/ttprod/ttprod1/trace/ttprod1_ora_42377.trc
Current log# 870 seq# 8338 mem# 0
Completed checkpoint up to RBA
PCB-00302: This statement is not supported by ANSI
Undo initialization finished
ARC0: Archival started
Beginning log switch checkpoint up to RBA
ARC0: Archival started
DRG-51029: unexpected error in stemmer expansion: %(1)
Errors in file /u01/app/oracle/diag/rdbms/ttprod/ttprod1/trace/ttprod1_ora_11212.trc
Beginning log switch checkpoint up to RBA
VID-00713: internal error while parsing video data
Completed checkpoint up to RBA
ARC0: Archival started
ORA-38776: cannot begin flashback generation - recovery area is disabled
Errors in file /u01/app/oracle/diag/rdbms/ttprod/ttprod1/trace/ttprod1_ora_81357.trc
ARC0: Archival started
RMAN-08524: input control file copy name= shared pool
ARC0: Archival started
Archived Log entry 448 added for thread 1 sequence 4081
Completed checkpoint up to RBA
Archived Log entry 186 added for thread 1 sequence 6424
ORA-21700: object does not exist or is marked for delete
Starting background process VKTM
CRS-04635: Internal error ' number ' while attempting to send shutdown request
ARC0: Archival started
ARC0: Archival started
Current log# 211 seq# 7311 mem# 0
Starting background process VKTM
ORA-48105: write mismatch on blocks requested and returned, [ session_1123 ], [ 3 ]
Errors in file /u01/app/oracle/diag/rdbms/ttprod/ttprod1/trace/ttprod1_ora_63189.trc
Beginning log switch checkpoint up to RBA
ARC0: Archival started
Undo initialization finished
ORA-10945: trace name context forever
Thread 1 advanced to log sequence 418
ORA-13417: null or invalid layerNumber parameter
Errors in file /u01/app/oracle/diag/rdbms/ttprod/ttprod1/trace/ttprod1_ora_70748.trc
Completed checkpoint up to RBA
Undo initialization finished
Starting background process VKTM
PRVF-04043: Unable to obtain OCR integrity details from any of the nodes
ARC0: Archival started
Completed checkpoint up to RBA
Completed checkpoint up to RBA
Current log# 635 seq# 6767 mem# 0
ORA-06722: TLI Driver: connection setup failure
Thread 1 advanced to log sequence 504
Archived Log entry 212 added for thread 1 sequence 6720
Current log# 822 seq# 5765 mem# 0
Undo initialization finished
ORA-13197: element 5000 . 5000 . USERS is out of range
Thread 1 advanced to log sequence 587
Starting background process VKTM
Undo initialization finished
Current log# 421 seq# 4689 mem# 0
PRCT-01116: Invalid partition path {0} specified to acfsutil on node {1}
ARC0: Archival started
Starting background process VKTM
ORA-07486: scg_get_inst: cannot convert(get) instance number lock.
Errors in file /u01/app/oracle/diag/rdbms/ttprod/ttprod1/trace/ttprod1_ora_62826.trc
Beginning log switch checkpoint up to RBA
Thread 1 advanced to log sequence 356
ORA-16307: TSE key shared pool successfully applied
Completed checkpoint up to RBA
Beginning log switch checkpoint up to RBA
Undo initialization finished
ARC0: Archival started
Completed checkpoint up to RBA
DRG-11439: index name length exceeds maximum of user_sessions bytes
Archived Log entry 283 added for thread 1 sequence 2588
Starting background process VKTM
Thread 1 advanced to log sequence 972
Undo initialization finished
LSX-00235: invalid URI "~S"
Archived Log entry 627 added for thread 1 sequence 8814
RMAN-06482: WARNING: proxy copy ' app_db ' cannot be found on the storage medium
Thread 1 advanced to log sequence 972
Thread 1 advanced to log sequence 156
Beginning log switch checkpoint up to RBA
PLS-00668: Type of expression should be a collection type
Undo initialization finished
Completed checkpoint up to RBA
Starting background process VKTM
Thread 1 advanced to log sequence 38
Beginning log switch checkpoint up to RBA
LFI-00004: Call to SP2-0552 failed.
Archived Log entry 157 added for thread 1 sequence 1125
Completed checkpoint up to RBA
Current log# 948 seq# 7867 mem# 0
Current log# 67 seq# 8610 mem# 0
Beginning log switch checkpoint up to RBA
RMAN-08093: specifying current control file for proxy backup
Errors in file /u01/app/oracle/diag/rdbms/ttprod/ttprod1/trace/ttprod1_ora_10232.trc
Starting background process VKTM
Current log# 858 seq# 4766 mem# 0
ORA-49429: File already exists and OVERWRITE option not specified [ 5000 ]
Errors in file /u01/app/oracle/diag/rdbms/ttprod/ttprod1/trace/ttprod1_ora_89237.trc
Current log# 303 seq# 3222 mem# 0
Current log# 15 seq# 8487 mem# 0
ARC0: Archival started
Undo initialization finished
ORA-31015: Attempted to insert entry without name
Completed checkpoint up to RBA
Current log# 258 seq# 2321 mem# 0
RMAN-08131: channel pk_orders : specifying datafile copies to recover
Starting background process VKTM
Thread 1 advanced to log sequence 888
ARC0: Archival started
ORA-01662: tablespace ' 17 ' is non-empty and cannot be made temporary
Current log# 491 seq# 5876 mem# 0
Undo initialization finished
Beginning log switch checkpoint up to RBA
ORA-25269: cant specify sognature with get signature option
Beginning log switch checkpoint up to RBA
Starting background process VKTM
Archived Log entry 481 added for thread 1 sequence 8355
ARC0: Archival started
Starting background process VKTM
ORA-29262: bad URL
ARC0: Archival started
Archived Log entry 14 added for thread 1 sequence 4549
Current log# 116 seq# 4283 mem# 0
ARC0: Archival started
ORA-16451: A remote archival request has timed out.
Current log# 249 seq# 5603 mem# 0
Beginning log switch checkpoint up to RBA
Archived Log entry 436 added for thread 1 sequence 5998
RMAN-06769: length of password must be greater than zero
Completed checkpoint up to RBA
Archived Log entry 123 added for thread 1 sequence 7746
Archived Log entry 300 added for thread 1 sequence 5345
ORA-16858: last communication time from redo source could not be determined
Current log# 67 seq# 1618 mem# 0
ARC0: Archival started
Starting background process VKTM
Starting background process VKTM
ORA-48474: Syntax error specifying product, must not be NULL
Errors in file /u01/app/oracle/diag/rdbms/ttprod/ttprod1/trace/ttprod1_ora_71800.trc
Current log# 522 seq# 2938 mem# 0
Completed checkpoint up to RBA
Starting background process VKTM
NID-00352: _SYSSMU7$ ( number ), error: number
Starting background process VKTM
ARC0: Archival started
Completed checkpoint up to RBA
RMAN-05574: CONTROLFILE backup not found for database INVOICE_LINES_IDX created before 5000 in PK_CUSTOMER_ACCOUNTS
Undo initialization finished
Current log# 391 seq# 2230 mem# 0
Archived Log entry 204 added for thread 1 sequence 9522
RMAN-07220: no manual actions available
Archived Log entry 882 added for thread 1 sequence 1276
Starting background process VKTM
ORA-06905: CMX: connect error
Archived Log entry 522 added for thread 1 sequence 5824
Thread 1 advanced to log sequence 660
Starting background process VKTM
Starting background process VKTM
KUP-04032: internal error TNS_ADMIN while parsing field large pool :
ARC0: Archival started
Starting background process VKTM
ARC0: Archival started
Completed checkpoint up to RBA
CRS-01624: The requested Node kill information change succeeds vacuously because there is no other node in cluster to validate.
Starting background process VKTM
ARC0: Archival started
Current log# 791 seq# 3577 mem# 0
Current log# 805 seq# 5345 mem# 0
SQL-02136: Invalid NCHAR character set id
Completed checkpoint up to RBA
Completed checkpoint up to RBA
Starting background process VKTM
ORA-01166: file number pk_orders is larger than 1024 ( CRM.CALL_DETAIL_RECORDS )
Errors in file /u01/app/oracle/diag/rdbms/ttprod/ttprod1/trace/ttprod1_ora_89732.trc
Completed checkpoint up to RBA
Completed checkpoint up to RBA
ARC0: Archival started
Archived Log entry 656 added for thread 1 sequence 9155
Completed checkpoint up to RBA
INS-13016: You have chosen to ignore some of the prerequisites for this installation. This may impact product configuration.
ARC0: Archival started
Current log# 53 seq# 6470 mem# 0
Archived Log entry 394 added for thread 1 sequence 3557
Starting background process VKTM
Archived Log entry 892 added for thread 1 sequence 6597
NZE-43014: pkcs11: finding private key on token error
Starting background process VKTM
Undo initialization finished
Beginning log switch checkpoint up to RBA
ARC0: Archival started
Undo initialization finished
ORA-15249: could not locate ASM attribute CRM.CALL_DETAIL_RECORDS
ARC0: Archival started
Thread 1 advanced to log sequence 165
Current log# 496 seq# 8627 mem# 0
Completed checkpoint up to RBA
Undo initialization finished
ORA-03209: DBMS_ADMIN_PACKAGE invalid file/block specification
Beginning log switch checkpoint up to RBA
Starting background process VKTM
Completed checkpoint up to RBA
PRKH-01057: Check for node with node number 0 failed.
Starting background process VKTM
Completed checkpoint up to RBA
Thread 1 advanced to log sequence 639
Starting background process VKTM
ORA-29815: object being associated is not present
Archived Log entry 578 added for thread 1 sequence 9784
Current log# 744 seq# 6168 mem# 0
Current log# 393 seq# 6167 mem# 0
ORA-09775: osnmrs: reset protocol error
Undo initialization finished
Completed checkpoint up to RBA
Archived Log entry 994 added for thread 1 sequence 5848
Beginning log switch checkpoint up to RBA
Archived Log entry 501 added for thread 1 sequence 8949
ORA-14116: partition bound of partition " /u01/app/oracle/oradata/ttprod/users01.dbf " is too long
Errors in file /u01/app/oracle/diag/rdbms/ttprod/ttprod1/trace/ttprod1_ora_77407.trc
Undo initialization finished
Thread 1 advanced to log sequence 760
Archived Log entry 240 added for thread 1 sequence 9448
ARC0: Archival started
Current log# 856 seq# 3809 mem# 0
NNO-00613: disabling FORWARDING-DESIRED on system queries
Completed checkpoint up to RBA
ARC0: Archival started
Undo initialization finished
ORA-13483: insufficient memory for the specified GeoRaster data
Archived Log entry 225 added for thread 1 sequence 2220
ORA-15181: symbol [ 3 ] not found in library APP_USER42 , error [ ttprod2 ]
Completed checkpoint up to RBA
Thread 1 advanced to log sequence 20
IMG-00831: boundary queue size exceeds expected size
Archived Log entry 861 added for thread 1 sequence 7629
Completed checkpoint up to RBA
Undo initialization finished
Archived Log entry 223 added for thread 1 sequence 7028
ORA-12683: encryption/crypto-checksumming: no Diffie-Hellman seed
Starting background process VKTM
Completed checkpoint up to RBA
Thread 1 advanced to log sequence 676
DIA-48442: The control parameter number exceeds the maximum number [ 3 ]
Beginning log switch checkpoint up to RBA
Thread 1 advanced to log sequence 796
ORA-38146: invalid verify value specified
ARC0: Archival started
ARC0: Archival started
Undo initialization finished
EVM-00801: Missed number subscribed-to event(s)
Errors in file /u01/app/oracle/diag/rdbms/ttprod/ttprod1/trace/ttprod1_ora_54334.trc
Thread 1 advanced to log sequence 44
Undo initialization finished
Beginning log switch checkpoint up to RBA
Archived Log entry 553 added for thread 1 sequence 8993
NZE-43017: pkcs11: No certificate found on the smart card/HSM
Archived Log entry 618 added for thread 1 sequence 4710
Undo initialization finished
PRCS-01013: Failed to look up server pool {0}
ARC0: Archival started
Starting background process VKTM
Beginning log switch checkpoint up to RBA
ORA-30397: multiple JOIN KEY clauses specified for the same child level
Completed checkpoint up to RBA
ORA-31692: The following SQL statement failed trying to insert a row into the Master table: 1024
Current log# 464 seq# 7931 mem# 0
ARC0: Archival started
RMAN-06225: shutting down automatic instance ttstandby01
Completed checkpoint up to RBA
Beginning log switch checkpoint up to RBA
ORA-36166: (XSMXAGGR08) workspace object is not a VARIABLE.
Errors in file /u01/app/oracle/diag/rdbms/ttprod/ttprod1/trace/ttprod1_ora_94176.trc
Undo initialization finished
Undo initialization finished
Thread 1 advanced to log sequence 777
Thread 1 advanced to log sequence 711
NID-00352: pg_toast_12345 ( number ), error: number
ARC0: Archival started
ARC0: Archival started
Undo initialization finished
Undo initialization finished
PGU-00111: illegal SHOW option
Undo initialization finished
Current log# 856 seq# 7437 mem# 0
PRCD-01025: Failed to create database {0}
Starting background process VKTM
PRKO-03120: Database {0} cannot be stopped since it has no configured instances.
Errors in file /u01/app/oracle/diag/rdbms/ttprod/ttprod1/trace/ttprod1_ora_89393.trc
Thread 1 advanced to log sequence 564
RMAN-06150: auxiliary name for datafile number set to: _SYSSMU12$
Current log# 85 seq# 1403 mem# 0
Completed checkpoint up to RBA
Thread 1 advanced to log sequence 781
Thread 1 advanced to log sequence 662
Completed checkpoint up to RBA
ORA-27238: ELF file is not an executable
Errors in file /u01/app/oracle/diag/rdbms/ttprod/ttprod1/trace/ttprod1_ora_45749.trc
Undo initialization finished
PRKO-02112: Options '-x' and '-y' cannot be used to create RAC One Node database {0}
Undo initialization finished
Completed checkpoint up to RBA
DRG-50908: invalid maximum number of documents 1024
Completed checkpoint up to RBA
Archived Log entry 207 added for thread 1 sequence 5919
ARC0: Archival started
ORA-23618: Generation of script ttstandby01 is not complete.
Errors in file /u01/app/oracle/diag/rdbms/ttprod/ttprod1/trace/ttprod1_ora_51181.trc
Thread 1 advanced to log sequence 234
Archived Log entry 23 added for thread 1 sequence 8362
Thread 1 advanced to log sequence 295
Archived Log entry 693 added for thread 1 sequence 8628
ORA-26869: must attach to an XStream inbound server before executing ttprod2 function
Current log# 222 seq# 1288 mem# 0
Completed checkpoint up to RBA
CRS-01402: EVMD aborted on node fk_order_customer . Error [ large pool ]. Details in fk_order_customer .
Errors in file /u01/app/oracle/diag/rdbms/ttprod/ttprod1/trace/ttprod1_ora_23739.trc
ARC0: Archival started
Current log# 453 seq# 6489 mem# 0
ORA-27136: MPMT and VLM are both enabled
Current log# 50 seq# 8179 mem# 0
Beginning log switch checkpoint up to RBA
Current log# 417 seq# 3864 mem# 0
ARC0: Archival started
ARC0: Archival started
PGU-41084: call definition 17 version number deleted from PG DD
Errors in file /u01/app/oracle/diag/rdbms/ttprod/ttprod1/trace/ttprod1_ora_18813.trc
ARC0: Archival started
Current log# 331 seq# 4368 mem# 0
ARC0: Archival started
Archived Log entry 797 added for thread 1 sequence 8376
ARC0: Archival started
RMAN-08537: channel TNS_ADMIN : skipped, AUTOBACKUP already found
ARC0: Archival started
Beginning log switch checkpoint up to RBA
Current log# 824 seq# 1435 mem# 0
DRG-13100: index is not partitioned
Starting background process VKTM
RMAN-06732: database dropped
Thread 1 advanced to log sequence 584
Current log# 404 seq# 2694 mem# 0
ORA-12064: invalid refresh sequence number: 5000
Starting background process VKTM
Archived Log entry 92 added for thread 1 sequence 3253
CRS-02401: The Cluster Time Synchronization Service started on host INVOICE_LINES_IDX .
Archived Log entry 421 added for thread 1 sequence 9939
Completed checkpoint up to RBA
ARC0: Archival started
QSM-02208: subquery using the NOT IN clause in materialized view
Errors in file /u01/app/oracle/diag/rdbms/ttprod/ttprod1/trace/ttprod1_ora_47222.trc
Completed checkpoint up to RBA
Thread 1 advanced to log sequence 544
Current log# 962 seq# 8712 mem# 0
ORA-39904: Partitioned object user_sessions . CDR_STAGING is partially contained in the transportable set.
Starting background process VKTM
ORA-19127: XQST0067: XQST0067: A static error is raised if a Prolog contains more than one construction declaration
Undo initialization finished
Completed checkpoint up to RBA
ORA-38611: FI input cursor's item type is not supported
Undo initialization finished
Undo initialization finished
Archived Log entry 562 added for thread 1 sequence 9406
Thread 1 advanced to log sequence 870
ARC0: Archival started
RMAN-07213: Mandatory Manual Actions
Thread 1 advanced to log sequence 853
Undo initialization finished
Current log# 754 seq# 5006 mem# 0
Thread 1 advanced to log sequence 306
Completed checkpoint up to RBA
ORA-16307: TSE key 3 successfully applied
Thread 1 advanced to log sequence 637
Thread 1 advanced to log sequence 153
ORA-38959: Failed to update block 0 to new version 10 format
Starting background process VKTM
Archived Log entry 94 added for thread 1 sequence 8199
ARC0: Archival started
ORA-15743: need to specify the object ID if the tuning task is on a SQL set.
ARC0: Archival started
NNO-00315: server is listening on address pg_toast_12345
Thread 1 advanced to log sequence 978
ORA-26016: Virtual column reporting_schema in table large pool . large pool cannot be loaded by direct path
ARC0: Archival started
Completed checkpoint up to RBA
Completed checkpoint up to RBA
ARC0: Archival started
NID-00421: Change of database name failed during validation - database is intact.
Archived Log entry 73 added for thread 1 sequence 8078
Thread 1 advanced to log sequence 265
PRVF-07612: User file creation mask check cannot be performed for user "{0}" on node "{1}"
Beginning log switch checkpoint up to RBA
Thread 1 advanced to log sequence 527
ARC0: Archival started
Current log# 941 seq# 3680 mem# 0
QSM-01010: table(s) in the query not found in materialized view, 17
Archived Log entry 379 added for thread 1 sequence 4589
Undo initialization finished
IMG-00514: extra value in scaling operation
Beginning log switch checkpoint up to RBA
PGA-21033: error(s) found in init file
Current log# 514 seq# 5131 mem# 0
NID-00415: Change of database name and database ID failed.
Starting background process VKTM
ORA-29813: non-supported object type with associate statement
Errors in file /u01/app/oracle/diag/rdbms/ttprod/ttprod1/trace/ttprod1_ora_14280.trc
Current log# 573 seq# 4086 mem# 0
Starting background process VKTM
Current log# 763 seq# 9158 mem# 0
ARC0: Archival started
Starting background process VKTM
XOQ-02106: invalid property " DATA_TS01 " with value " fk_order_customer " for object " 3 " in XML document
Completed checkpoint up to RBA
Undo initialization finished
Current log# 30 seq# 4282 mem# 0
Current log# 765 seq# 3610 mem# 0
RMAN-06615: resyncing from database with DB_UNIQUE_NAME session_1123
Current log# 991 seq# 2805 mem# 0
Undo initialization finished
ORA-25289: Buffer Already Exists
ARC0: Archival started
Beginning log switch checkpoint up to RBA
Thread 1 advanced to log sequence 344
Completed checkpoint up to RBA
ORA-01792: maximum number of columns in a table or view is 1000
Undo initialization finished
Starting background process VKTM
ORA-29861: domain index is marked LOADING/FAILED/UNUSABLE
Current log# 823 seq# 9194 mem# 0
Current log# 910 seq# 2690 mem# 0
ORA-09266: spawn: error starting an Oracle process
Current log# 106 seq# 1763 mem# 0
Starting background process VKTM
Undo initialization finished
Beginning log switch checkpoint up to RBA
RMAN-08052: cataloged control file copy
ARC0: Archival started
Thread 1 advanced to log sequence 441
Archived Log entry 940 added for thread 1 sequence 3660
Beginning log switch checkpoint up to RBA
ORA-24064: propagation for QUEUE APP_USER42 and DESTINATION 17 already enabled
Errors in file /u01/app/oracle/diag/rdbms/ttprod/ttprod1/trace/ttprod1_ora_56953.trc
Thread 1 advanced to log sequence 634
Starting background process VKTM
Archived Log entry 460 added for thread 1 sequence 4380
ARC0: Archival started
Thread 1 advanced to log sequence 110
CRS-02618: Cannot change data type SP2-0552 of existing attribute BILLING.CUST_ORDERS to type large pool .
Errors in file /u01/app/oracle/diag/rdbms/ttprod/ttprod1/trace/ttprod1_ora_48054.trc
Archived Log entry 204 added for thread 1 sequence 4618
Completed checkpoint up to RBA
ORA-28059: Cross-instance call failed
Beginning log switch checkpoint up to RBA
Completed checkpoint up to RBA
RMAN-05522: Skipping tablespace NETWORK_OPS.SIM_INVENTORY
Errors in file /u01/app/oracle/diag/rdbms/ttprod/ttprod1/trace/ttprod1_ora_52236.trc
Archived Log entry 673 added for thread 1 sequence 4843
Starting background process VKTM
Archived Log entry 494 added for thread 1 sequence 1145
ORA-16541: database is not enabled
Errors in file /u01/app/oracle/diag/rdbms/ttprod/ttprod1/trace/ttprod1_ora_61610.trc
Completed checkpoint up to RBA
Beginning log switch checkpoint up to RBA
QSM-02208: subquery using the NOT IN clause in materialized view
Completed checkpoint up to RBA
Archived Log entry 475 added for thread 1 sequence 1013
ORA-12315: database link type is invalid for the ALTER DATABASE statement
Archived Log entry 384 added for thread 1 sequence 5817
NNL-00020: warning: no TNSNAMES.ORA file and no preferred name servers in SQLNET.ORA
Completed checkpoint up to RBA
ORA-64127: XMLIndex Table Function: failure at the beginning of the function
Thread 1 advanced to log sequence 544
Thread 1 advanced to log sequence 539
Completed checkpoint up to RBA
PRCD-01098: Failed to retrieve the configured servers of server pool {0} for database {1}
Thread 1 advanced to log sequence 574
Current log# 614 seq# 8723 mem# 0
ORA-15087: disk ' 5000 ' is formatted as an ext2/ext3 or OCFS2 file system.
Current log# 392 seq# 6458 mem# 0
Completed checkpoint up to RBA
Archived Log entry 396 added for thread 1 sequence 6999
RMAN-08002: starting full resync of recovery catalog
Undo initialization finished
Completed checkpoint up to RBA
Archived Log entry 114 added for thread 1 sequence 4045
ORA-44316: invalid argument
Errors in file /u01/app/oracle/diag/rdbms/ttprod/ttprod1/trace/ttprod1_ora_45318.trc
Undo initialization finished
Undo initialization finished
ARC0: Archival started
Starting background process VKTM
INS-01007: The directory APP_USER42 cannot be copied onto itself
Errors in file /u01/app/oracle/diag/rdbms/ttprod/ttprod1/trace/ttprod1_ora_98354.trc
Thread 1 advanced to log sequence 867
PLS-00152: POINTER type may only reference an object type.
Errors in file /u01/app/oracle/diag/rdbms/ttprod/ttprod1/trace/ttprod1_ora_69547.trc
Starting background process VKTM
KUP-04038: internal error: 17
Archived Log entry 197 added for thread 1 sequence 2854
ARC0: Archival started
Archived Log entry 679 added for thread 1 sequence 4824
NNO-00605: enabling modification requests
Errors in file /u01/app/oracle/diag/rdbms/ttprod/ttprod1/trace/ttprod1_ora_24739.trc
Beginning log switch checkpoint up to RBA
Beginning log switch checkpoint up to RBA
ARC0: Archival started
PGU-30003: transaction 5000 , version large pool body generated to file CRM.CALL_DETAIL_RECORDS
Thread 1 advanced to log sequence 883
Undo initialization finished
Current log# 215 seq# 3410 mem# 0
ORA-02881: sou2o: Could not revoke access to protected memory
Completed checkpoint up to RBA
Undo initialization finished
Archived Log entry 938 added for thread 1 sequence 8839
Completed checkpoint up to RBA
OCI-30942: XML Schema Evolution error for schema ' APP_USER42 ' table /u01/app/oracle/oradata/ttprod/users01.dbf column ' user_sessions '
Errors in file /u01/app/oracle/diag/rdbms/ttprod/ttprod1/trace/ttprod1_ora_57062.trc
Starting background process VKTM
Completed checkpoint up to RBA
Completed checkpoint up to RBA
Undo initialization finished
Current log# 387 seq# 7288 mem# 0
NPL-00101: uninitialized ASN.1 context
Starting background process VKTM
Thread 1 advanced to log sequence 301
Current log# 917 seq# 5204 mem# 0
Starting background process VKTM
Starting background process VKTM
ORA-27101: Shared memory realm does not exist
Undo initialization finished
Thread 1 advanced to log sequence 345
Thread 1 advanced to log sequence 731
Beginning log switch checkpoint up to RBA
Starting background process VKTM
IMG-00870: unsupported aspect ratio or image size
Undo initialization finished
TNS-12674: Shared server: proxy context not saved
Current log# 896 seq# 4385 mem# 0
Thread 1 advanced to log sequence 497
Undo initialization finished
PRKU-01001: Unexpected argument {0}.
Beginning log switch checkpoint up to RBA
Thread 1 advanced to log sequence 86
ARC0: Archival started
ORA-13499: idx_users_email
Current log# 141 seq# 3318 mem# 0
ARC0: Archival started
ORA-37546: (XSHIERSP00) Levelorder valueset is empty.
Current log# 703 seq# 1285 mem# 0
Beginning log switch checkpoint up to RBA
DIA-48472: Invalid product name
Beginning log switch checkpoint up to RBA
Completed checkpoint up to RBA
ARC0: Archival started
Current log# 958 seq# 4633 mem# 0
Completed checkpoint up to RBA
ORA-31667: parameter name can not be defaulted
Completed checkpoint up to RBA
Completed checkpoint up to RBA
Current log# 584 seq# 2014 mem# 0
ORA-23386: replication parallel push cannot create slave processes
Errors in file /u01/app/oracle/diag/rdbms/ttprod/ttprod1/trace/ttprod1_ora_35005.trc
ARC0: Archival started
ORA-18169: FTST0010 FTOrder not succeeding FTWindow or FTDistance operator
ARC0: Archival started
Starting background process VKTM
ARC0: Archival started
ORA-32576: missing TYPE keyword
Thread 1 advanced to log sequence 676
ARC0: Archival started
ARC0: Archival started
Starting background process VKTM
TNS-00009: INTCTL: could not contact destination Connection Manager
Thread 1 advanced to log sequence 46
ORA-00208: number of control file names exceeds limit of 42
Errors in file /u01/app/oracle/diag/rdbms/ttprod/ttprod1/trace/ttprod1_ora_38464.trc
Archived Log entry 524 added for thread 1 sequence 1956
PRCH-01009: Failed to start database
Beginning log switch checkpoint up to RBA
Starting background process VKTM
Archived Log entry 200 added for thread 1 sequence 3102
RMAN-06949: finished flashback log search, restored 3 blocks
Current log# 640 seq# 5679 mem# 0
Undo initialization finished
Starting background process VKTM
ORA-39339: Table pg_toast_12345 was skipped due to transportable import and TSTZ issues resulting from time zone version mismatch.
Thread 1 advanced to log sequence 586
Completed checkpoint up to RBA
Beginning log switch checkpoint up to RBA
ORA-01425: escape character must be character pk_orders of length 1
Starting background process VKTM
NID-00405: Reversion of database name and database ID failed.
Errors in file /u01/app/oracle/diag/rdbms/ttprod/ttprod1/trace/ttprod1_ora_98607.trc
ARC0: Archival started
Thread 1 advanced to log sequence 918
Completed checkpoint up to RBA
Beginning log switch checkpoint up to RBA
NNL-00022: error changing trace level from 17 to USERS , level change ignored
Undo initialization finished
DRG-11532: error reading through end of line TNS_ADMIN for file SYSAUX
Beginning log switch checkpoint up to RBA
ARC0: Archival started
ARC0: Archival started
Thread 1 advanced to log sequence 750
Thread 1 advanced to log sequence 166
ORA-09778: snynfyport: failure allocating the notify port.
Thread 1 advanced to log sequence 798
Archived Log entry 139 added for thread 1 sequence 6926
Undo initialization finished
Archived Log entry 769 added for thread 1 sequence 8053
Thread 1 advanced to log sequence 942
INS-41515: Insufficient space in shared file system for voting disk file.
Archived Log entry 775 added for thread 1 sequence 4663
QSM-01354: query rewrite is disabled for remote objects
Archived Log entry 569 added for thread 1 sequence 4287
Undo initialization finished
Archived Log entry 894 added for thread 1 sequence 3596
ORA-30365: left relation in the JOIN KEY clause cannot be same as right
Completed checkpoint up to RBA
Beginning log switch checkpoint up to RBA
Completed checkpoint up to RBA
Archived Log entry 311 added for thread 1 sequence 3037
ORA-01795: maximum number of expressions in a list is 1000
Beginning log switch checkpoint up to RBA
Archived Log entry 510 added for thread 1 sequence 4936
PLS-00357: Table,View Or Sequence reference ' BILLING.CUST_ORDERS ' not allowed in this context
Undo initialization finished
Starting background process VKTM
Starting background process VKTM
DRG-11336: Index already has SEPARATE_OFFSETS set
Archived Log entry 206 added for thread 1 sequence 2277
Thread 1 advanced to log sequence 137
Beginning log switch checkpoint up to RBA
Current log# 465 seq# 5379 mem# 0
PCB-00304: Oracle extension to the WHENEVER statement
Completed checkpoint up to RBA
Thread 1 advanced to log sequence 725
RMAN-06407: auxiliary instance file BILLING.CUST_ORDERS deleted
Undo initialization finished
Archived Log entry 927 added for thread 1 sequence 9447
RMAN-08090: channel fk_order_customer : starting proxy restore
ARC0: Archival started
Thread 1 advanced to log sequence 620
Archived Log entry 374 added for thread 1 sequence 8438
KUP-01008: the bad identifier was: ttstandby01
Archived Log entry 914 added for thread 1 sequence 6260
Undo initialization finished
Completed checkpoint up to RBA
ARC0: Archival started
ORA-26566: Couldn't open connect to user_sessions
Completed checkpoint up to RBA
Current log# 353 seq# 5049 mem# 0
Starting background process VKTM
ORA-13239: sdo_dimensionality not specified during n-d R-tree creation
Archived Log entry 619 added for thread 1 sequence 4244
Completed checkpoint up to RBA
Archived Log entry 628 added for thread 1 sequence 9507
Archived Log entry 982 added for thread 1 sequence 3189
LPX-00000: normal, successful completion
Errors in file /u01/app/oracle/diag/rdbms/ttprod/ttprod1/trace/ttprod1_ora_91188.trc
Current log# 75 seq# 9049 mem# 0
Beginning log switch checkpoint up to RBA
Beginning log switch checkpoint up to RBA
Completed checkpoint up to RBA
ORA-01253: cannot start online backup - file ttstandby01 in recovery manager backup
ARC0: Archival started
Current log# 880 seq# 2625 mem# 0
Current log# 337 seq# 9522 mem# 0
Thread 1 advanced to log sequence 720
Starting background process VKTM
ORA-13536: baseline template ( SYSAUX ) does not exist
Beginning log switch checkpoint up to RBA
ORA-06422: NETCMN: Error in sending data
Undo initialization finished
Undo initialization finished
Archived Log entry 805 added for thread 1 sequence 3496
RMAN-08066: database reset to incarnation 1024
Beginning log switch checkpoint up to RBA
Archived Log entry 797 added for thread 1 sequence 9784
Starting background process VKTM
Current log# 361 seq# 5747 mem# 0
ORA-31218: DBMS_LDAP: PL/SQL - Invalid LDAP deleteoldrdn.
Errors in file /u01/app/oracle/diag/rdbms/ttprod/ttprod1/trace/ttprod1_ora_61692.trc
Completed checkpoint up to RBA
Archived Log entry 731 added for thread 1 sequence 3583
ARC0: Archival started
ORA-19601: output file is 1024 3 ( NETWORK_OPS.SIM_INVENTORY )
Completed checkpoint up to RBA
Completed checkpoint up to RBA
Archived Log entry 614 added for thread 1 sequence 1377
Archived Log entry 387 added for thread 1 sequence 9203
ORA-00316: log 17 of thread 42 , type _SYSSMU12$ in header is not log file
ARC0: Archival started
Completed checkpoint up to RBA
Archived Log entry 427 added for thread 1 sequence 7772
Archived Log entry 168 added for thread 1 sequence 3195
CRS-02753: Timed out waiting for the server pools to be unfrozen.
ARC0: Archival started
Completed checkpoint up to RBA
ARC0: Archival started
Completed checkpoint up to RBA
Current log# 175 seq# 7433 mem# 0
ORA-26102: relative file # in file header is CDR_STAGING rather than APP_USER42 for file reporting_schema
Thread 1 advanced to log sequence 265
INS-35090: The service name provided for RAC One is empty.
Thread 1 advanced to log sequence 696
Thread 1 advanced to log sequence 177
DGM-17002: Primary database cannot be removed
Errors in file /u01/app/oracle/diag/rdbms/ttprod/ttprod1/trace/ttprod1_ora_53095.trc
Current log# 377 seq# 4981 mem# 0
Undo initialization finished
Thread 1 advanced to log sequence 116
Starting background process VKTM
ORA-33280: (DBERR10) Analytic workspace idx_users_email cannot be attached in MULTI mode until the changes made and updated in RW or EXCLUSIVE mode are committed or rolled back.
Completed checkpoint up to RBA
ORA-39270: Cannot alter a LOB column to another data type.
Undo initialization finished
ARC0: Archival started
Archived Log entry 402 added for thread 1 sequence 7783
Undo initialization finished
Completed checkpoint up to RBA
NNL-00286: Server does not own any domains
Starting background process VKTM
QSM-02131: agg(expr) requires correspondng SUM(expr) function
Errors in file /u01/app/oracle/diag/rdbms/ttprod/ttprod1/trace/ttprod1_ora_22860.trc
Starting background process VKTM
Archived Log entry 178 added for thread 1 sequence 5732
Beginning log switch checkpoint up to RBA
ARC0: Archival started
ORA-48411: The trace files exceeds the maximum number [ APP_USER42 ]
Completed checkpoint up to RBA
Thread 1 advanced to log sequence 629
Beginning log switch checkpoint up to RBA
PROT-00007: Failed to open the specified import file ' DATA_TS01 '
Current log# 944 seq# 8278 mem# 0
Current log# 479 seq# 6326 mem# 0
Completed checkpoint up to RBA
ORA-55626: Cannot remove the Flashback Archive's primary tablespace
Current log# 999 seq# 2374 mem# 0
IMG-00811: fail queue initialization failed
Errors in file /u01/app/oracle/diag/rdbms/ttprod/ttprod1/trace/ttprod1_ora_85643.trc
Undo initialization finished
Thread 1 advanced to log sequence 832
Current log# 456 seq# 2661 mem# 0
ORA-16180: number of processes specified is too large
Archived Log entry 647 added for thread 1 sequence 2125
Completed checkpoint up to RBA
Beginning log switch checkpoint up to RBA
Undo initialization finished
NZE-29004: Callback Failure
Errors in file /u01/app/oracle/diag/rdbms/ttprod/ttprod1/trace/ttprod1_ora_28386.trc
Completed checkpoint up to RBA
Thread 1 advanced to log sequence 925
Completed checkpoint up to RBA
ORA-13441: GeoRaster metadata SRS error: ttstandby01
Thread 1 advanced to log sequence 486
Thread 1 advanced to log sequence 843
Beginning log switch checkpoint up to RBA
ORA-24776: cannot start a new transaction
Errors in file /u01/app/oracle/diag/rdbms/ttprod/ttprod1/trace/ttprod1_ora_18708.trc
Current log# 255 seq# 7137 mem# 0
Current log# 735 seq# 9863 mem# 0
Beginning log switch checkpoint up to RBA
ORA-36825: (XSTBLFUNC13) An error occurred expanding the cube_name argument in the OLAP table function
Completed checkpoint up to RBA
Undo initialization finished
ORA-09293: sksasmo: unable to send message to console
Archived Log entry 324 added for thread 1 sequence 6917
RMAN-06425: <datafile pathname not available>
Undo initialization finished
Undo initialization finished
Undo initialization finished
PRKP-01000: Cannot retrive configuration for cluster database {0}
Undo initialization finished
CRS-10034: could not stop the DNS listening daemon running on port number on local node
Beginning log switch checkpoint up to RBA
ARC0: Archival started
ORA-16234: restarting to reset Logical Standby apply
Thread 1 advanced to log sequence 133
Current log# 903 seq# 2075 mem# 0
PCC-02419: Host variable arrays not allowed in an OBJECT SET or GET
Errors in file /u01/app/oracle/diag/rdbms/ttprod/ttprod1/trace/ttprod1_ora_16559.trc
ARC0: Archival started
Archived Log entry 206 added for thread 1 sequence 6381
ORA-12157: TNS:internal network communication error
Starting background process VKTM
Undo initialization finished
Completed checkpoint up to RBA
RMAN-06162: sql statement: 3
Starting background process VKTM
Current log# 514 seq# 5908 mem# 0
Current log# 145 seq# 8377 mem# 0
Undo initialization finished
ORA-13198: Spatial error: fk_order_customer
Undo initialization finished
ARC0: Archival started
Completed checkpoint up to RBA
ARC0: Archival started
ARC0: Archival started
ORA-30443: definition for filter app_db 's item NETWORK_OPS.SIM_INVENTORY is invalid
Current log# 347 seq# 3944 mem# 0
Archived Log entry 874 added for thread 1 sequence 7800
Beginning log switch checkpoint up to RBA
ARC0: Archival started
ORA-09367: Windows 3.1 Two-Task driver unable to deallocate shared memory
Current log# 659 seq# 8376 mem# 0
Current log# 597 seq# 6812 mem# 0
Undo initialization finished
Archived Log entry 808 added for thread 1 sequence 3038
Current log# 1 seq# 8148 mem# 0
DRG-10829: feedback id USERS is longer than the maximum length of ttprod1 bytes
Current log# 742 seq# 3942 mem# 0
Starting background process VKTM
Current log# 463 seq# 5782 mem# 0
AUD-00713: internal error while parsing audio data
Errors in file /u01/app/oracle/diag/rdbms/ttprod/ttprod1/trace/ttprod1_ora_14872.trc
Current log# 593 seq# 5906 mem# 0
Starting background process VKTM
ORA-15454: ALTER DISKGROUP ALL cannot use single volume names
Errors in file /u01/app/oracle/diag/rdbms/ttprod/ttprod1/trace/ttprod1_ora_50787.trc
Starting background process VKTM
Undo initialization finished
Current log# 657 seq# 2123 mem# 0
Beginning log switch checkpoint up to RBA
Beginning log switch checkpoint up to RBA
ORA-01429: Index-Organized Table: no data segment to store overflow row-pieces
Starting background process VKTM
INS-32077: The following selected languages are not supported; APP_USER42
Current log# 143 seq# 9891 mem# 0
Beginning log switch checkpoint up to RBA
Starting background process VKTM
QSM-00506: no fact-tables could be found
Thread 1 advanced to log sequence 960
Thread 1 advanced to log sequence 391
Thread 1 advanced to log sequence 346
Undo initialization finished
RMAN-05551: Not connected to TARGET, cannot verify that set of tablespaces being duplicated does not have SYS objects
Undo initialization finished
Starting background process VKTM
Completed checkpoint up to RBA
Starting background process VKTM
RMAN-06166: datafile pg_toast_12345 cannot be recovered
Beginning log switch checkpoint up to RBA
Current log# 318 seq# 2300 mem# 0
ORA-16766: Redo Apply is stopped
Undo initialization finished
ORA-56715: ttprod2 resource plan contains a reserved word
Archived Log entry 36 added for thread 1 sequence 9424
Beginning log switch checkpoint up to RBA
Thread 1 advanced to log sequence 788
Archived Log entry 878 added for thread 1 sequence 8757
ARC0: Archival started
ORA-15055: unable to connect to ASM instance
Undo initialization finished
PROT-00045: The specified Oracle Cluster Registry backup location 5000 is inaccessible.
Errors in file /u01/app/oracle/diag/rdbms/ttprod/ttprod1/trace/ttprod1_ora_24771.trc
Undo initialization finished
Current log# 321 seq# 4184 mem# 0
Completed checkpoint up to RBA
Completed checkpoint up to RBA
XOQ-01907: The AWCubeOrganization is marked for GenerateRefreshMV, but analytic workspace primary dimension organization " ttprod1 " is not.
Current log# 329 seq# 2815 mem# 0
Undo initialization finished
DIA-48447: The input path [ app_db ] does not contain any ADR homes
Beginning log switch checkpoint up to RBA
ORA-48913: Writing into trace file failed, file size limit [ /u01/app/oracle/oradata/ttprod/users01.dbf ] reached
Thread 1 advanced to log sequence 259
ARC0: Archival started
Completed checkpoint up to RBA
ORA-01752: cannot delete from view without exactly one key-preserved table
ARC0: Archival started
ARC0: Archival started
ORA-33094: (XSAGGMAPLIST01) Your expression uses too much execution space. Eliminate recursion or reduce the levels of nesting.
Undo initialization finished
Current log# 727 seq# 2876 mem# 0
Completed checkpoint up to RBA
Current log# 528 seq# 3164 mem# 0
DRG-13509: error while swapping shadow index
Current log# 233 seq# 7756 mem# 0
RMAN-08013: channel 3 : backup piece UNDOTBS1
Archived Log entry 773 added for thread 1 sequence 2663
Undo initialization finished
Thread 1 advanced to log sequence 268
Current log# 328 seq# 7710 mem# 0
Undo initialization finished
RMAN-08045: channel 42 : finished piece SYSAUX at idx_users_email with USERS copies
Starting background process VKTM
Current log# 356 seq# 1334 mem# 0
ORA-27465: invalid value DATA_TS01 for attribute 42
Completed checkpoint up to RBA
Beginning log switch checkpoint up to RBA
Undo initialization finished
ORA-44817: Classifier list is too large
Completed checkpoint up to RBA
Current log# 994 seq# 8093 mem# 0
Thread 1 advanced to log sequence 868
EVM-00312: Eventlog " 42 " disabled
Errors in file /u01/app/oracle/diag/rdbms/ttprod/ttprod1/trace/ttprod1_ora_22063.trc
Undo initialization finished
Archived Log entry 260 added for thread 1 sequence 5941
ORA-25146: EXTENT MANAGEMENT option already specified
Beginning log switch checkpoint up to RBA
ARC0: Archival started
ARC0: Archival started
Completed checkpoint up to RBA
Beginning log switch checkpoint up to RBA
XOQ-02112: invalid XML attribute " ttprod1 " with value " ttprod2 " for element " TNS_ADMIN "
Undo initialization finished
Archived Log entry 410 added for thread 1 sequence 5730
RMAN-04024: starting Oracle instance without parameter file for retrieval of spfile
Archived Log entry 378 added for thread 1 sequence 3715
Beginning log switch checkpoint up to RBA
Thread 1 advanced to log sequence 579
Current log# 452 seq# 2825 mem# 0
CLST-01904: creating configuration with user ( DATA_TS01 ) and group ( UNDOTBS1 )
Current log# 508 seq# 4389 mem# 0
Current log# 449 seq# 9205 mem# 0
ARC0: Archival started
ARC0: Archival started
Completed checkpoint up to RBA
ORA-24160: name 1024 already exists in the name value pair list
Errors in file /u01/app/oracle/diag/rdbms/ttprod/ttprod1/trace/ttprod1_ora_57420.trc
Completed checkpoint up to RBA
Undo initialization finished
Archived Log entry 467 added for thread 1 sequence 9211
ORA-24076: cannot perform operation SYSAUX for NON_PERSISTENT queue USERS . BILLING.CUST_ORDERS
ARC0: Archival started
Starting background process VKTM
ARC0: Archival started
PCC-02340: structure contains a bit field
Errors in file /u01/app/oracle/diag/rdbms/ttprod/ttprod1/trace/ttprod1_ora_73867.trc
Undo initialization finished
Starting background process VKTM
Undo initialization finished
ARC0: Archival started
Current log# 6 seq# 3173 mem# 0
ORA-02825: Request on free list was not free
Errors in file /u01/app/oracle/diag/rdbms/ttprod/ttprod1/trace/ttprod1_ora_83272.trc
Undo initialization finished
Thread 1 advanced to log sequence 515
Beginning log switch checkpoint up to RBA
Completed checkpoint up to RBA
Beginning log switch checkpoint up to RBA
ORA-32017: failure in updating SPFILE
Starting background process VKTM
ARC0: Archival started
Thread 1 advanced to log sequence 352
ORA-55564: 3 is not a valid transaction id
Undo initialization finished
ARC0: Archival started
Completed checkpoint up to RBA
Starting background process VKTM
RMAN-06905: backup of backup set key number was cancelled
Undo initialization finished
Beginning log switch checkpoint up to RBA
Undo initialization finished
Archived Log entry 844 added for thread 1 sequence 3771
Thread 1 advanced to log sequence 486
ORA-30466: can not find the specified workload app_db
Errors in file /u01/app/oracle/diag/rdbms/ttprod/ttprod1/trace/ttprod1_ora_14830.trc
Thread 1 advanced to log sequence 351
Beginning log switch checkpoint up to RBA
ORA-02354: error in exporting/importing data SYSAUX
Current log# 349 seq# 3518 mem# 0
Beginning log switch checkpoint up to RBA
QSM-01137: dimension level, 42 , marked as SKIP WHEN NULL
Current log# 201 seq# 9463 mem# 0
Undo initialization finished
Beginning log switch checkpoint up to RBA
Undo initialization finished
Starting background process VKTM
PGA-20905: invalid conversation id: no active conversations were found
Starting background process VKTM
Undo initialization finished
ORA-39922: Default Partition (Index) Tablespace user_sessions for user_sessions not contained in transportable set.
Errors in file /u01/app/oracle/diag/rdbms/ttprod/ttprod1/trace/ttprod1_ora_11286.trc
Current log# 940 seq# 6122 mem# 0
Beginning log switch checkpoint up to RBA
Archived Log entry 30 added for thread 1 sequence 2377
ARC0: Archival started
PRCS-01002: Failed to disable {0}
Completed checkpoint up to RBA
Beginning log switch checkpoint up to RBA
Thread 1 advanced to log sequence 715
Starting background process VKTM
Starting background process VKTM
ORA-16208: Logical standby dictionary build failed to start.
ARC0: Archival started
Archived Log entry 441 added for thread 1 sequence 3670
Undo initialization finished
ORA-27369: job of type EXECUTABLE failed with exit code: shared pool
Errors in file /u01/app/oracle/diag/rdbms/ttprod/ttprod1/trace/ttprod1_ora_22937.trc
Undo initialization finished
Archived Log entry 326 added for thread 1 sequence 5938
Archived Log entry 404 added for thread 1 sequence 7849
Current log# 649 seq# 8210 mem# 0
Thread 1 advanced to log sequence 609
ORA-29494: invalid state for run task
Beginning log switch checkpoint up to RBA
Archived Log entry 599 added for thread 1 sequence 6143
Archived Log entry 140 added for thread 1 sequence 6243
Thread 1 advanced to log sequence 175
Starting background process VKTM
NNL-00836: Total delete processing time: APP_USER42
Beginning log switch checkpoint up to RBA
Current log# 919 seq# 5482 mem# 0
RMAN-03032: this option of set command needs to be used outside of a run block
Current log# 944 seq# 4719 mem# 0
Archived Log entry 91 added for thread 1 sequence 6635
Undo initialization finished
Completed checkpoint up to RBA
ORA-07760: slemtr: $open failure
Thread 1 advanced to log sequence 814
Archived Log entry 879 added for thread 1 sequence 4552
ARC0: Archival started
TNS-00307: Navigator: Reread parameter data
Archived Log entry 55 added for thread 1 sequence 6880
Current log# 858 seq# 1616 mem# 0
Thread 1 advanced to log sequence 112
PCB-00317: Group item host variables are Oracle extensions
Starting background process VKTM
Starting background process VKTM
Current log# 550 seq# 7296 mem# 0
Thread 1 advanced to log sequence 331
PRCI-01115: argument passed is null
Errors in file /u01/app/oracle/diag/rdbms/ttprod/ttprod1/trace/ttprod1_ora_13525.trc
Beginning log switch checkpoint up to RBA
Archived Log entry 393 added for thread 1 sequence 2979
RMAN-20508: temporary resource already in use
Completed checkpoint up to RBA
ORA-55624: The table " shared pool "." TNS_ADMIN " cannot be enabled for Flashback Archive at this point
Errors in file /u01/app/oracle/diag/rdbms/ttprod/ttprod1/trace/ttprod1_ora_84531.trc
Beginning log switch checkpoint up to RBA
Undo initialization finished
ORA-54651: CREATE_TIN: invalid parameters specified in creation of TIN
Errors in file /u01/app/oracle/diag/rdbms/ttprod/ttprod1/trace/ttprod1_ora_16923.trc
Thread 1 advanced to log sequence 770
Thread 1 advanced to log sequence 527
Starting background process VKTM
Undo initialization finished
ORA-42311: This operation is not permitted on Editioning views with compilation errors
Completed checkpoint up to RBA
Undo initialization finished
ARC0: Archival started
Current log# 831 seq# 9157 mem# 0
ORA-23414: materialized view log for " shared pool "." 5000 " does not record rowid values
Current log# 797 seq# 4900 mem# 0
Completed checkpoint up to RBA
ARC0: Archival started
Current log# 605 seq# 3628 mem# 0
CRS-05824: Could not initialize server connect ttprod2 ' app_db '. Details at APP_USER42 in _SYSSMU7$ .
Errors in file /u01/app/oracle/diag/rdbms/ttprod/ttprod1/trace/ttprod1_ora_41285.trc
Current log# 378 seq# 5796 mem# 0
Current log# 83 seq# 6888 mem# 0
RMAN-06948: searching flashback logs for block images
Current log# 751 seq# 8258 mem# 0
Starting background process VKTM
ORA-15554: cannot start workload replay client because the database server is not in PREPARE mode
Beginning log switch checkpoint up to RBA
Undo initialization finished
Starting background process VKTM
Current log# 151 seq# 1438 mem# 0
ORA-16530: invalid buffer or length
ARC0: Archival started
Undo initialization finished
Beginning log switch checkpoint up to RBA
LPX-00755: missing required argument "~s"
Undo initialization finished
Starting background process VKTM
Completed checkpoint up to RBA
ORA-17521: Instant Restore is not enabled
Starting background process VKTM
Archived Log entry 615 added for thread 1 sequence 3353
Starting background process VKTM
Thread 1 advanced to log sequence 315
Beginning log switch checkpoint up to RBA
ORA-15330: ASM user name format requires COMPATIBLE.ASM of USERS or higher
Beginning log switch checkpoint up to RBA
Beginning log switch checkpoint up to RBA
Undo initialization finished
ORA-12158: TNS:could not initialize parameter subsystem
Errors in file /u01/app/oracle/diag/rdbms/ttprod/ttprod1/trace/ttprod1_ora_78559.trc
Current log# 261 seq# 6887 mem# 0
ARC0: Archival started
Undo initialization finished
Current log# 627 seq# 2430 mem# 0
NNL-00571: set|show save_config_on_stop [<on|off>]
Archived Log entry 724 added for thread 1 sequence 2696
Current log# 176 seq# 5958 mem# 0
Beginning log switch checkpoint up to RBA
Thread 1 advanced to log sequence 930
RMAN-00600: internal error, arguments [ SYSAUX ] [ BILLING.CUST_ORDERS ] [ CRM.CALL_DETAIL_RECORDS ] [ ttprod2 ] [ user_sessions ]
Undo initialization finished
Current log# 96 seq# 8357 mem# 0
Beginning log switch checkpoint up to RBA
Beginning log switch checkpoint up to RBA
NID-00370: Change database ID of database reporting_schema ? (Y/[N]) =>
ARC0: Archival started
Archived Log entry 427 added for thread 1 sequence 1774
ARC0: Archival started
NCR-02009: NCRF: Unable to open trace file
Errors in file /u01/app/oracle/diag/rdbms/ttprod/ttprod1/trace/ttprod1_ora_13251.trc
ARC0: Archival started
Thread 1 advanced to log sequence 964
Thread 1 advanced to log sequence 792
OCI-01865: not a valid era
Errors in file /u01/app/oracle/diag/rdbms/ttprod/ttprod1/trace/ttprod1_ora_41181.trc
ARC0: Archival started
NID-00397: Changing database name from DATA_TS01 to 5000
Archived Log entry 492 added for thread 1 sequence 1199
ORA-22900: the SELECT list item of THE subquery is not a collection type
Completed checkpoint up to RBA
Archived Log entry 209 added for thread 1 sequence 6347
Completed checkpoint up to RBA
Starting background process VKTM
PCB-00308: FOR clause is an Oracle extension
Beginning log switch checkpoint up to RBA
Archived Log entry 610 added for thread 1 sequence 2101
PCC-00110: Oracle extension to the WHENEVER statement
Errors in file /u01/app/oracle/diag/rdbms/ttprod/ttprod1/trace/ttprod1_ora_10891.trc
ARC0: Archival started
Completed checkpoint up to RBA
Undo initialization finished
Beginning log switch checkpoint up to RBA
ORA-16260: Waiting to replace partial or corrupt log file (thread# 1024 , sequence# BILLING.CUST_ORDERS )
Errors in file /u01/app/oracle/diag/rdbms/ttprod/ttprod1/trace/ttprod1_ora_65977.trc
ARC0: Archival started
RMAN-08513: datafile copy file name= PK_CUSTOMER_ACCOUNTS RECID= UNDOTBS1 STAMP= 1024
Errors in file /u01/app/oracle/diag/rdbms/ttprod/ttprod1/trace/ttprod1_ora_21866.trc
Archived Log entry 781 added for thread 1 sequence 7724
Thread 1 advanced to log sequence 112
ORA-01261: Parameter USERS destination user_sessions cannot be translated
Beginning log switch checkpoint up to RBA
Archived Log entry 31 added for thread 1 sequence 4346
Archived Log entry 971 added for thread 1 sequence 1449
Archived Log entry 443 added for thread 1 sequence 9229
Starting background process VKTM
ORA-08319: sllfsk: Error reading file
Thread 1 advanced to log sequence 725
ORA-26867: BILLING.CUST_ORDERS must be called during OCIXStreamOutLCRReceive execution
Errors in file /u01/app/oracle/diag/rdbms/ttprod/ttprod1/trace/ttprod1_ora_91130.trc
Thread 1 advanced to log sequence 940
Current log# 187 seq# 8433 mem# 0
Current log# 657 seq# 8361 mem# 0
PCB-00312: Keyword WORK required here by ANSI
Errors in file /u01/app/oracle/diag/rdbms/ttprod/ttprod1/trace/ttprod1_ora_44386.trc
Undo initialization finished
RMAN-05518: Automatically adding tablespace 17
ARC0: Archival started
ORA-04012: object is not a sequence
Current log# 893 seq# 7059 mem# 0
Undo initialization finished
Archived Log entry 573 added for thread 1 sequence 5958
Starting background process VKTM
ORA-22920: row containing the LOB value is not locked
Starting background process VKTM
Beginning log switch checkpoint up to RBA
Thread 1 advanced to log sequence 146
Undo initialization finished
ORA-23328: mview base table " ttstandby01 "." app_db " differs from master table " _SYSSMU12$ "." fk_order_customer "
Errors in file /u01/app/oracle/diag/rdbms/ttprod/ttprod1/trace/ttprod1_ora_62319.trc
ARC0: Archival started
ARC0: Archival started
Current log# 830 seq# 5255 mem# 0
Beginning log switch checkpoint up to RBA
Completed checkpoint up to RBA
ORA-07633: smsdbp: illegal protection value
Completed checkpoint up to RBA
Undo initialization finished
Completed checkpoint up to RBA
Current log# 708 seq# 5026 mem# 0
PCC-00100: Non integer label is not ANSI
Archived Log entry 768 added for thread 1 sequence 1494
Archived Log entry 763 added for thread 1 sequence 9428
Archived Log entry 144 added for thread 1 sequence 5800
Archived Log entry 783 added for thread 1 sequence 9123
ORA-39925: LOB segment CDR_STAGING . USERS in tablespace APP_USER42 points to table session_1123 . idx_users_email in tablespace 17 .
Starting background process VKTM
Beginning log switch checkpoint up to RBA
Archived Log entry 728 added for thread 1 sequence 8618
Current log# 249 seq# 3597 mem# 0
CRS-10043: DNS daemon is not listening on port number at address shared pool
ARC0: Archival started
Beginning log switch checkpoint up to RBA
Starting background process VKTM
CRS-01009: The OCR configuration is invalid. Details in USERS .
Undo initialization finished
Thread 1 advanced to log sequence 84
Archived Log entry 191 added for thread 1 sequence 1190
PRVF-06019: Interface subnet "{0}" does not have a gateway defined
Errors in file /u01/app/oracle/diag/rdbms/ttprod/ttprod1/trace/ttprod1_ora_36202.trc
Starting background process VKTM
Beginning log switch checkpoint up to RBA
Completed checkpoint up to RBA
ORA-13601: The specified Advisor 3 does not exist.
Completed checkpoint up to RBA
ARC0: Archival started
ARC0: Archival started
ARC0: Archival started
Completed checkpoint up to RBA
PLW-06004: inlining of call of procedure ' 42 ' requested
Undo initialization finished
Starting background process VKTM
RMAN-11005: conflicting media information for piece " SP2-0552 "
Beginning log switch checkpoint up to RBA
Completed checkpoint up to RBA
Thread 1 advanced to log sequence 448
Thread 1 advanced to log sequence 622
ARC0: Archival started
ORA-35583: (XSRWLD13) Cannot change the level of a dimension member within a single load.
Archived Log entry 678 added for thread 1 sequence 1644
Completed checkpoint up to RBA
Current log# 916 seq# 8437 mem# 0
Current log# 264 seq# 3741 mem# 0
ORA-15700: SQL limit already reached by prior task execution
Current log# 954 seq# 8061 mem# 0
ARC0: Archival started
Undo initialization finished
Starting background process VKTM
Completed checkpoint up to RBA
QSM-02088: mv omits at least one grouping key from the select list
Errors in file /u01/app/oracle/diag/rdbms/ttprod/ttprod1/trace/ttprod1_ora_10104.trc
Archived Log entry 936 added for thread 1 sequence 6726
ORA-48119: error encountered when attempting to remove a file [ ttprod2 ] [ 17 ]
ARC0: Archival started
Undo initialization finished
Thread 1 advanced to log sequence 672
Beginning log switch checkpoint up to RBA
Archived Log entry 408 added for thread 1 sequence 9408
ORA-16193: Primary and standby network encryption mismatch
Beginning log switch checkpoint up to RBA
Beginning log switch checkpoint up to RBA
Current log# 43 seq# 6475 mem# 0
PRVF-09556: Failed to get the CRS user name for an existing CRS installation
Errors in file /u01/app/oracle/diag/rdbms/ttprod/ttprod1/trace/ttprod1_ora_65066.trc
Thread 1 advanced to log sequence 547
Undo initialization finished
ORA-54554: arcs are not supported as defined
Undo initialization finished
Archived Log entry 800 added for thread 1 sequence 8984
ORA-08315: sllfrb: Error reading file
Archived Log entry 340 added for thread 1 sequence 7657
Current log# 419 seq# 9278 mem# 0
Archived Log entry 621 added for thread 1 sequence 3924
PRVF-05433: The current voting disk state is at high risk
Errors in file /u01/app/oracle/diag/rdbms/ttprod/ttprod1/trace/ttprod1_ora_76763.trc
Current log# 645 seq# 4829 mem# 0
RMAN-06175: deleted script: ttstandby01
Completed checkpoint up to RBA
Undo initialization finished
Archived Log entry 338 added for thread 1 sequence 6213
RMAN-08002: starting full resync of recovery catalog
Undo initialization finished
Archived Log entry 977 added for thread 1 sequence 9689
Beginning log switch checkpoint up to RBA
Beginning log switch checkpoint up to RBA
Undo initialization finished
XOQ-02213: cannot read legacy metadata
Undo initialization finished
Starting background process VKTM
ARC0: Archival started
Beginning log switch checkpoint up to RBA
ORA-09744: smsget: mmap returned an error.
Current log# 300 seq# 8345 mem# 0
Archived Log entry 547 added for thread 1 sequence 3834
Beginning log switch checkpoint up to RBA
ORA-01426: numeric overflow
Thread 1 advanced to log sequence 659
CLST-02504: failure ttprod2 writing configuration to disk
Starting background process VKTM
Undo initialization finished
PRKO-03174: 'srvctl relocate service' command is not supported on RAC One Node database service {0}
Errors in file /u01/app/oracle/diag/rdbms/ttprod/ttprod1/trace/ttprod1_ora_28072.trc
Thread 1 advanced to log sequence 783
Archived Log entry 354 added for thread 1 sequence 7476
ARC0: Archival started
ORA-48159: invalid input for ADR product type
Completed checkpoint up to RBA
Archived Log entry 690 added for thread 1 sequence 4753
Archived Log entry 21 added for thread 1 sequence 4701
Archived Log entry 618 added for thread 1 sequence 7102
Beginning log switch checkpoint up to RBA
RMAN-05522: Skipping tablespace INVOICE_LINES_IDX
Errors in file /u01/app/oracle/diag/rdbms/ttprod/ttprod1/trace/ttprod1_ora_15140.trc
Beginning log switch checkpoint up to RBA
Completed checkpoint up to RBA
RMAN-04031: initialization parameters used for automatic instance: ttprod2
Undo initialization finished
ARC0: Archival started
Archived Log entry 152 added for thread 1 sequence 9428
Completed checkpoint up to RBA
TNS-01169: The listener has not recognized the password
Archived Log entry 822 added for thread 1 sequence 1764
ORA-25133: duplicate SINGLE TABLE option specified
Thread 1 advanced to log sequence 254
Beginning log switch checkpoint up to RBA
Beginning log switch checkpoint up to RBA
Undo initialization finished
RMAN-05596: Error while removing created server parameter file
Undo initialization finished
Completed checkpoint up to RBA
Undo initialization finished
Beginning log switch checkpoint up to RBA
PGA-21103: trace information written to reporting_schema
Undo initialization finished
ORA-36174: (XSMXAGGR23) workspace object must be either a VARIABLE, a RELATION or a FORMULA.
ARC0: Archival started
Completed checkpoint up to RBA
Thread 1 advanced to log sequence 282
Undo initialization finished
Thread 1 advanced to log sequence 200
RMAN-08007: channel DATA_TS01 : copied datafile copy of datafile TNS_ADMIN
Archived Log entry 290 added for thread 1 sequence 6600
RDJ-00136: invalid argument count:
Completed checkpoint up to RBA
Archived Log entry 198 added for thread 1 sequence 8055
Thread 1 advanced to log sequence 204
INS-30120: Specified file ( APP_USER42 ) doesnt exist.
Errors in file /u01/app/oracle/diag/rdbms/ttprod/ttprod1/trace/ttprod1_ora_75207.trc
Thread 1 advanced to log sequence 78
Undo initialization finished
Completed checkpoint up to RBA
Completed checkpoint up to RBA
DRG-11319: more than 1 index found on $I. OPTIMIZE REBUILD not supported
Thread 1 advanced to log sequence 945
Current log# 558 seq# 9693 mem# 0
Undo initialization finished
RMAN-08158: executing script: large pool
Errors in file /u01/app/oracle/diag/rdbms/ttprod/ttprod1/trace/ttprod1_ora_39967.trc
ARC0: Archival started
Beginning log switch checkpoint up to RBA
ORA-39912: Partitioned index CDR_STAGING . DATA_TS01 in tablespace APP_USER42 points to table 1024 . 42 in tablespace _SYSSMU12$ outside of transportable set.
Completed checkpoint up to RBA
Completed checkpoint up to RBA
Beginning log switch checkpoint up to RBA
ORA-32107: internal OCI memory allocation failure
Completed checkpoint up to RBA
Starting background process VKTM
Archived Log entry 52 added for thread 1 sequence 7147
Archived Log entry 147 added for thread 1 sequence 6948
ARC0: Archival started
ORA-15274: Not enough failgroups ( APP_USER42 ) to create voting files
Undo initialization finished
Beginning log switch checkpoint up to RBA
ARC0: Archival started
Starting background process VKTM
PRKO-03152: The server pool(s) {0} specified with the '-g' option are subpools of Generic and therefore cannot be used to modify the server pool value of a policy-managed database
Current log# 220 seq# 3828 mem# 0
PGU-41045: missing call name in DEFINE TRANSACTION
Errors in file /u01/app/oracle/diag/rdbms/ttprod/ttprod1/trace/ttprod1_ora_81341.trc
ARC0: Archival started
TNS-00582: Receive failed due to timeout
Beginning log switch checkpoint up to RBA
ORA-54013: INSERT operation disallowed on virtual columns
Errors in file /u01/app/oracle/diag/rdbms/ttprod/ttprod1/trace/ttprod1_ora_49622.trc
Thread 1 advanced to log sequence 567
Undo initialization finished
Current log# 11 seq# 3507 mem# 0
Completed checkpoint up to RBA
ORA-39927: Scoped REF constraint between table USERS . INVOICE_LINES_IDX in tablespace DATA_TS01 and table CDR_STAGING . app_db in tablespace SP2-0552 .
Archived Log entry 177 added for thread 1 sequence 2868
Undo initialization finished
PRCI-01125: CRS home does not exist on node {0}
Current log# 388 seq# 1723 mem# 0
ARC0: Archival started
Archived Log entry 649 added for thread 1 sequence 9383
PRVF-05711: DHCP server response time could not be measured
Completed checkpoint up to RBA
Thread 1 advanced to log sequence 894
Undo initialization finished
ARC0: Archival started
ORA-01607: cannot add logfile to the specified instance
Undo initialization finished
Beginning log switch checkpoint up to RBA
Current log# 950 seq# 2784 mem# 0
Thread 1 advanced to log sequence 391
Current log# 992 seq# 2876 mem# 0
NNL-00010: error getting address for server " 42 "
Undo initialization finished
Beginning log switch checkpoint up to RBA
Current log# 402 seq# 1202 mem# 0
Thread 1 advanced to log sequence 18
ARC0: Archival started
PGU-41136: no TNS_ADMIN PGAU object named pk_orders at version number satisfied the REPORT request
Completed checkpoint up to RBA
Completed checkpoint up to RBA
Starting background process VKTM
Beginning log switch checkpoint up to RBA
Archived Log entry 859 added for thread 1 sequence 6517
PCC-00078: FIPS warning: Invalid ANSI SQL Identifier
Errors in file /u01/app/oracle/diag/rdbms/ttprod/ttprod1/trace/ttprod1_ora_96636.trc
Starting background process VKTM
Starting background process VKTM
Undo initialization finished
Archived Log entry 990 added for thread 1 sequence 3610
Current log# 316 seq# 8440 mem# 0
ORA-39317: Cannot change the segment space management of a tablespace.
ARC0: Archival started
Beginning log switch checkpoint up to RBA
Archived Log entry 2 added for thread 1 sequence 7584
Thread 1 advanced to log sequence 156
ORA-40203: model pk_orders does not exist
Errors in file /u01/app/oracle/diag/rdbms/ttprod/ttprod1/trace/ttprod1_ora_60286.trc
Completed checkpoint up to RBA
ORA-25959: join index must be of the bitmap type
Errors in file /u01/app/oracle/diag/rdbms/ttprod/ttprod1/trace/ttprod1_ora_65624.trc
Archived Log entry 254 added for thread 1 sequence 4920
Thread 1 advanced to log sequence 74
LPX-01095: [FORG0004] fn:one-or-more called with a sequence containing no items
Errors in file /u01/app/oracle/diag/rdbms/ttprod/ttprod1/trace/ttprod1_ora_79859.trc
ARC0: Archival started
Current log# 157 seq# 5130 mem# 0
NNL-00993: Auto-refresh failure retry expiration: SP2-0552
Current log# 624 seq# 6411 mem# 0
RDE-00029: no server found.
Errors in file /u01/app/oracle/diag/rdbms/ttprod/ttprod1/trace/ttprod1_ora_72653.trc
Current log# 584 seq# 6094 mem# 0
Beginning log switch checkpoint up to RBA
ARC0: Archival started
Beginning log switch checkpoint up to RBA
PGA-21107: startup for local LU SYSAUX is cold
Errors in file /u01/app/oracle/diag/rdbms/ttprod/ttprod1/trace/ttprod1_ora_70842.trc
Current log# 538 seq# 6884 mem# 0
Undo initialization finished
Completed checkpoint up to RBA
Undo initialization finished
Undo initialization finished
ORA-36872: (XSTFDSC02) Column type specifier cannot be used when the table function data type is specified.
Errors in file /u01/app/oracle/diag/rdbms/ttprod/ttprod1/trace/ttprod1_ora_25738.trc
Thread 1 advanced to log sequence 894
Beginning log switch checkpoint up to RBA
Beginning log switch checkpoint up to RBA
Thread 1 advanced to log sequence 980
RMAN-08152: global script 5000 written to file TNS_ADMIN
Undo initialization finished
Thread 1 advanced to log sequence 79
Completed checkpoint up to RBA
CRS-01634: CSSD is unable to determine cluster name; details at UNDOTBS1 in SYSAUX
Errors in file /u01/app/oracle/diag/rdbms/ttprod/ttprod1/trace/ttprod1_ora_52056.trc
Archived Log entry 951 added for thread 1 sequence 2235
Undo initialization finished
ORA-48149: error encountered when attempting to copy a file
Archived Log entry 430 added for thread 1 sequence 6140
Beginning log switch checkpoint up to RBA
Beginning log switch checkpoint up to RBA
Archived Log entry 40 added for thread 1 sequence 2147
TNS-04078: Unable to resume atleast one of the gateways.
Thread 1 advanced to log sequence 340
ORA-12473: The procedure is disabled when Label Security is used with OID.
Starting background process VKTM
RMAN-06543: duplicate or conflicting LIST options: reporting_schema and NETWORK_OPS.SIM_INVENTORY
Undo initialization finished
Archived Log entry 24 added for thread 1 sequence 8314
RMAN-06766: Tablespace CDR_STAGING will not be encrypted in future backup sets
Thread 1 advanced to log sequence 569
Completed checkpoint up to RBA
ORA-12548: TNS:incomplete read or write
Current log# 514 seq# 9875 mem# 0
Undo initialization finished
Current log# 5 seq# 1992 mem# 0
LSX-00134: attribute "~1S" has invalid qualification "~2S"
Current log# 242 seq# 5333 mem# 0
Beginning log switch checkpoint up to RBA
Starting background process VKTM
QSM-02080: mv log must have primary key
ARC0: Archival started
Thread 1 advanced to log sequence 878
ARC0: Archival started
ORA-02313: object type contains non-queryable type INVOICE_LINES_IDX attribute
Starting background process VKTM
Undo initialization finished
Completed checkpoint up to RBA
TNS-00580: Read failed due to closed or invalid transport connection
Thread 1 advanced to log sequence 308
Archived Log entry 345 added for thread 1 sequence 8118
Completed checkpoint up to RBA
Starting background process VKTM
Starting background process VKTM
DRG-13600: Syntax error in the result set descriptor at 1024
Starting background process VKTM
Thread 1 advanced to log sequence 495
Thread 1 advanced to log sequence 172
Beginning log switch checkpoint up to RBA
Current log# 827 seq# 3991 mem# 0
DRG-52104: the Oracle Text environment could not initialize
Thread 1 advanced to log sequence 478
ORA-35076: (QFHEAD04) CAUTION: The textual data in EIF file ttprod1 is encoded in a character set that is not recognized by this version of reporting_schema .
Errors in file /u01/app/oracle/diag/rdbms/ttprod/ttprod1/trace/ttprod1_ora_45642.trc
Undo initialization finished
Thread 1 advanced to log sequence 714
ARC0: Archival started
Thread 1 advanced to log sequence 202
PRCI-01001: Failed to retrieve install information on remote node {0} using OUI location {1}
Errors in file /u01/app/oracle/diag/rdbms/ttprod/ttprod1/trace/ttprod1_ora_76589.trc
Undo initialization finished
CRS-05024: Unmounting file system " SP2-0552 "
Current log# 592 seq# 2858 mem# 0
ARC0: Archival started
ORA-12416: policy BILLING.CUST_ORDERS not found
Errors in file /u01/app/oracle/diag/rdbms/ttprod/ttprod1/trace/ttprod1_ora_54775.trc
Archived Log entry 263 added for thread 1 sequence 4307
ORA-01650: unable to extend rollback segment app_db by DATA_TS01 in tablespace NETWORK_OPS.SIM_INVENTORY
Starting background process VKTM
ORA-16788: unable to set one or more database configuration property values
Starting background process VKTM
Beginning log switch checkpoint up to RBA
PROT-00305: Failed to write to dump file [ DATA_TS01 ]
Thread 1 advanced to log sequence 357
Thread 1 advanced to log sequence 314
Current log# 849 seq# 7154 mem# 0
ORA-12422: max policies exceeded
Errors in file /u01/app/oracle/diag/rdbms/ttprod/ttprod1/trace/ttprod1_ora_12188.trc
Completed checkpoint up to RBA
Starting background process VKTM
RMAN-06783: Update of datafile headers of locally managed datafiles finished.
Errors in file /u01/app/oracle/diag/rdbms/ttprod/ttprod1/trace/ttprod1_ora_95316.trc
Starting background process VKTM
Starting background process VKTM
Starting background process VKTM
ARC0: Archival started
ORA-12468: max write level does not equal max read level
ARC0: Archival started
Undo initialization finished
ORA-56503: DRCP: Pool is active
Beginning log switch checkpoint up to RBA
Completed checkpoint up to RBA
Thread 1 advanced to log sequence 163
Beginning log switch checkpoint up to RBA
ARC0: Archival started
ORA-55208: Too many matching levels were found for the input data
Errors in file /u01/app/oracle/diag/rdbms/ttprod/ttprod1/trace/ttprod1_ora_76531.trc
Current log# 294 seq# 8289 mem# 0
PGU-41054: invalid version number in VERSION parameter
Undo initialization finished
Archived Log entry 966 added for thread 1 sequence 9011
Thread 1 advanced to log sequence 867
ARC0: Archival started
ORA-22907: invalid CAST to a type that is not a nested table or VARRAY
Undo initialization finished
ARC0: Archival started
TNS-12687: Credentials expired.
Errors in file /u01/app/oracle/diag/rdbms/ttprod/ttprod1/trace/ttprod1_ora_51877.trc
Undo initialization finished
Current log# 492 seq# 7210 mem# 0
Thread 1 advanced to log sequence 496
Completed checkpoint up to RBA
ORA-15502: cannot stop workload capture on instance /u01/app/oracle/oradata/ttprod/users01.dbf
ARC0: Archival started
Undo initialization finished
RMAN-08524: input control file copy name= PK_CUSTOMER_ACCOUNTS
ARC0: Archival started
Undo initialization finished
Undo initialization finished
ARC0: Archival started
ARC0: Archival started
CRS-00407: Another CRSD may be running, could not obtain lock file ' SP2-0552 '.
Starting background process VKTM
ORA-12477: greatest lower bound resulted in an invalid OS label
Current log# 727 seq# 4684 mem# 0
Archived Log entry 653 added for thread 1 sequence 9644
Archived Log entry 565 added for thread 1 sequence 7125
RMAN-05510: Duplicate finished
Undo initialization finished
Completed checkpoint up to RBA
Undo initialization finished
Starting background process VKTM
CRS-04254: The discovery 3 has already been set to this value
Beginning log switch checkpoint up to RBA
Completed checkpoint up to RBA
RMAN-12019: continuing other job steps, job failed will not be re-run
Thread 1 advanced to log sequence 258
Starting background process VKTM
Archived Log entry 221 added for thread 1 sequence 6077
Current log# 82 seq# 7278 mem# 0
Archived Log entry 972 added for thread 1 sequence 5994
ORA-07454: queue timeout, _SYSSMU12$ second(s), exceeded
Thread 1 advanced to log sequence 820
Starting background process VKTM
ARC0: Archival started
ORA-08271: sksabln: Buffer size not large enough for archive control ttprod2
Starting background process VKTM
ORA-26928: Unable to communicate with BILLING.CUST_ORDERS apply coordinator process " 5000 " from outbound server " SP2-0552 ".
Current log# 248 seq# 4964 mem# 0
Thread 1 advanced to log sequence 935
ORA-56716: Category USERS does not exist
Thread 1 advanced to log sequence 734
Beginning log switch checkpoint up to RBA
Current log# 319 seq# 5872 mem# 0
Archived Log entry 810 added for thread 1 sequence 8542
Undo initialization finished
PRCD-01077: Failed to update the management policy for database {0}
Thread 1 advanced to log sequence 662
Current log# 798 seq# 7490 mem# 0
Starting background process VKTM
Archived Log entry 985 added for thread 1 sequence 9111
RMAN-06724: backup not done; all files already backed up
Undo initialization finished
Undo initialization finished
Completed checkpoint up to RBA
ORA-28140: Invalid column specified
Completed checkpoint up to RBA
Current log# 9 seq# 9772 mem# 0
Current log# 386 seq# 9787 mem# 0
ARC0: Archival started
Starting background process VKTM
RMAN-07210: new failures after most recent LIST FAILURE command
Current log# 87 seq# 4602 mem# 0
Undo initialization finished
Starting background process VKTM
Undo initialization finished
TNS-04234: Trace Assistant WARNING: won't decode TTC
Thread 1 advanced to log sequence 754
Completed checkpoint up to RBA
Beginning log switch checkpoint up to RBA
ORA-26832: Unable to create XStream outbound server " pg_toast_12345 " due to existing handler.
Errors in file /u01/app/oracle/diag/rdbms/ttprod/ttprod1/trace/ttprod1_ora_43534.trc
Current log# 535 seq# 5285 mem# 0
Undo initialization finished
Current log# 65 seq# 3623 mem# 0
Thread 1 advanced to log sequence 537
Completed checkpoint up to RBA
RMAN-06548: connected to auxiliary database: PK_CUSTOMER_ACCOUNTS (DBID= app_db )
Archived Log entry 979 added for thread 1 sequence 5909
Archived Log entry 130 added for thread 1 sequence 3716
ARC0: Archival started
Thread 1 advanced to log sequence 118
KUP-11007: conversion error loading table PK_CUSTOMER_ACCOUNTS . app_db
Archived Log entry 269 added for thread 1 sequence 1129
Undo initialization finished
Undo initialization finished
Beginning log switch checkpoint up to RBA
TNS-00062: INTCTL: Bad command or syntax error: For help type help/h/?
Errors in file /u01/app/oracle/diag/rdbms/ttprod/ttprod1/trace/ttprod1_ora_49970.trc
Thread 1 advanced to log sequence 193
RMAN-06214: fk_order_customer NETWORK_OPS.SIM_INVENTORY
Completed checkpoint up to RBA
ARC0: Archival started
Current log# 995 seq# 4487 mem# 0
ORA-13763: illegal ranking attribute " APP_USER42 "
Archived Log entry 555 added for thread 1 sequence 3886
Starting background process VKTM
Undo initialization finished
Current log# 587 seq# 2350 mem# 0
ORA-48414: The reporting_schema in the execution option exceeds maximum length [ UNDOTBS1 ]
Undo initialization finished
Thread 1 advanced to log sequence 713
ORA-55609: Attempt to create duplicate default Flashback Archive
Current log# 223 seq# 4377 mem# 0
Thread 1 advanced to log sequence 829
ORA-24071: cannot perform operation CDR_STAGING , queue table NETWORK_OPS.SIM_INVENTORY is being migrated
Starting background process VKTM
Archived Log entry 187 added for thread 1 sequence 2675
ARC0: Archival started
Beginning log switch checkpoint up to RBA
ORA-16700: the standby database has diverged from the primary database
ARC0: Archival started
Archived Log entry 590 added for thread 1 sequence 9054
ORA-42015: online redefinition unable to log changes made to AQ tables
Undo initialization finished
Completed checkpoint up to RBA
Undo initialization finished
Completed checkpoint up to RBA
LFI-01006: File ends in partial character in PK_CUSTOMER_ACCOUNTS .
Beginning log switch checkpoint up to RBA
Starting background process VKTM
ARC0: Archival started
Thread 1 advanced to log sequence 755
Completed checkpoint up to RBA
ORA-54021: Cannot use PL/SQL expressions in partitioning or subpartitioning columns
Beginning log switch checkpoint up to RBA
Undo initialization finished
Undo initialization finished
Thread 1 advanced to log sequence 171
Starting background process VKTM
JMS-00429: Register Option must be specified
Undo initialization finished
Archived Log entry 209 added for thread 1 sequence 5249
Completed checkpoint up to RBA
ARC0: Archival started
ORA-16115: CDR_STAGING \% of LogMiner dictionary loading is done
Completed checkpoint up to RBA
Current log# 718 seq# 7608 mem# 0
Beginning log switch checkpoint up to RBA
ORA-36232: (XSANALYZ02) a level list was specified when a language dimension was present
Errors in file /u01/app/oracle/diag/rdbms/ttprod/ttprod1/trace/ttprod1_ora_79255.trc
Thread 1 advanced to log sequence 474
Current log# 379 seq# 7178 mem# 0
Starting background process VKTM
Current log# 447 seq# 7773 mem# 0
Archived Log entry 385 added for thread 1 sequence 8536
DRG-13724: Invalid Attribute Value: 42
ARC0: Archival started
Thread 1 advanced to log sequence 165
Current log# 10 seq# 9827 mem# 0
ORA-15231: advancing diskgroup compatibility would exclude connected clients
Errors in file /u01/app/oracle/diag/rdbms/ttprod/ttprod1/trace/ttprod1_ora_77934.trc
Archived Log entry 2 added for thread 1 sequence 3385
Current log# 269 seq# 4271 mem# 0
Archived Log entry 971 added for thread 1 sequence 2254
LFI-00006: Invalid parameter to function idx_users_email .
Thread 1 advanced to log sequence 202
ORA-34346: (MXDSS04) The ttprod1 analytic workspace cannot be detached.
Thread 1 advanced to log sequence 815
Beginning log switch checkpoint up to RBA
Thread 1 advanced to log sequence 785
ORA-02718: osnprs: reset protocol error
Errors in file /u01/app/oracle/diag/rdbms/ttprod/ttprod1/trace/ttprod1_ora_61562.trc
Thread 1 advanced to log sequence 927
NID-00372: Change database ID and database name USERS to app_db ? (Y/[N]) =>
ARC0: Archival started
Undo initialization finished
Thread 1 advanced to log sequence 842
Starting background process VKTM
PRCD-01062: Invalid service cardinality {0}
Errors in file /u01/app/oracle/diag/rdbms/ttprod/ttprod1/trace/ttprod1_ora_52595.trc
Archived Log entry 295 added for thread 1 sequence 7273
ORA-13208: internal error while evaluating [ DATA_TS01 ] operator
Current log# 464 seq# 8707 mem# 0
Completed checkpoint up to RBA
Archived Log entry 681 added for thread 1 sequence 8438
ARC0: Archival started
ORA-14318: DEFAULT partition must be last partition specified
Errors in file /u01/app/oracle/diag/rdbms/ttprod/ttprod1/trace/ttprod1_ora_72614.trc
Starting background process VKTM
ORA-24089: AQ Agent 3 already exists
Beginning log switch checkpoint up to RBA
Starting background process VKTM
Completed checkpoint up to RBA
ORA-30465: supplied run_id is not valid: SP2-0552
Completed checkpoint up to RBA
Archived Log entry 943 added for thread 1 sequence 5075
TNS-02513: Requested data type does not match retrieved type
Completed checkpoint up to RBA
Completed checkpoint up to RBA
Thread 1 advanced to log sequence 381
Archived Log entry 139 added for thread 1 sequence 9120
PGA-20967: 2-phase commit recovery attempted, DBA action required
Errors in file /u01/app/oracle/diag/rdbms/ttprod/ttprod1/trace/ttprod1_ora_33843.trc
Thread 1 advanced to log sequence 349
Beginning log switch checkpoint up to RBA
Completed checkpoint up to RBA
ORA-29365: parameters _SYSSMU12$ and 3 cannot both be set
Errors in file /u01/app/oracle/diag/rdbms/ttprod/ttprod1/trace/ttprod1_ora_83458.trc
ARC0: Archival started
CRS-02329: GPNPD on node 42 shutdown.
Starting background process VKTM
Archived Log entry 854 added for thread 1 sequence 1862
Archived Log entry 17 added for thread 1 sequence 1954
Undo initialization finished
QSM-02174: the materialized view does not have a UNION ALL marker column
Completed checkpoint up to RBA
Archived Log entry 82 added for thread 1 sequence 5229
RMAN-08537: channel 42 : skipped, AUTOBACKUP already found
Beginning log switch checkpoint up to RBA
ORA-19297: XQDY0064: It is a dynamic error if the value of the name expression in a computed processing instruction constructor is equal to "XML" (in any combination of upper and lower case
Errors in file /u01/app/oracle/diag/rdbms/ttprod/ttprod1/trace/ttprod1_ora_55886.trc
Undo initialization finished
ARC0: Archival started
Thread 1 advanced to log sequence 237
Thread 1 advanced to log sequence 997
Undo initialization finished
RMAN-06563: control file or SPFILE must be restored using FROM AUTOBACKUP
Completed checkpoint up to RBA
ARC0: Archival started
Undo initialization finished
Thread 1 advanced to log sequence 403
ORA-56509: DRCP: Pool shutdown failed
Undo initialization finished
Undo initialization finished
ORA-37069: You may not execute a parallel OLAP operation against the EXPRESS AW.
Errors in file /u01/app/oracle/diag/rdbms/ttprod/ttprod1/trace/ttprod1_ora_35516.trc
Undo initialization finished
ORA-48341: Field [ UNDOTBS1 ] not a grouping field
Current log# 737 seq# 5061 mem# 0
Archived Log entry 474 added for thread 1 sequence 2435
PRVF-05456: Invalid constraint. Compatibility check cannot proceed
Current log# 660 seq# 8324 mem# 0
Current log# 628 seq# 5258 mem# 0
Undo initialization finished
ARC0: Archival started
NNL-00540: [show] status [<server_list>] : display server status summary
Archived Log entry 28 added for thread 1 sequence 8036
Thread 1 advanced to log sequence 197
Current log# 536 seq# 1064 mem# 0
Undo initialization finished
ARC0: Archival started
PRKO-02393: eONS already uses {0} as Multicast port. Nothing to modify.
Archived Log entry 410 added for thread 1 sequence 9148
ORA-39905: Table 1024 . 42 in tablespace _SYSSMU7$ points to LOB segment TNS_ADMIN . shared pool in tablespace CRM.CALL_DETAIL_RECORDS .
Thread 1 advanced to log sequence 284
ARC0: Archival started
INS-30513: ASM not running on one or more nodes in the cluster.
Beginning log switch checkpoint up to RBA
PLS-00632: NOT INSTANTIABLE method cannot have a body
Archived Log entry 387 added for thread 1 sequence 5289
Thread 1 advanced to log sequence 171
ARC0: Archival started
NID-00332: The following datafiles are in unknown state:
Starting background process VKTM
Beginning log switch checkpoint up to RBA
Starting background process VKTM
IMG-00911: free basic data structure failed
ARC0: Archival started
Thread 1 advanced to log sequence 60
TNS-00107: Unable to initialize TNS global data
Thread 1 advanced to log sequence 46
QSM-00516: illegal status detected for run
Errors in file /u01/app/oracle/diag/rdbms/ttprod/ttprod1/trace/ttprod1_ora_16435.trc
Beginning log switch checkpoint up to RBA
ARC0: Archival started
Undo initialization finished
ARC0: Archival started
ORA-33004: (XSAGDNGL01) workspace object is not a relationship array.
Archived Log entry 250 added for thread 1 sequence 1103
Archived Log entry 505 added for thread 1 sequence 2572
Completed checkpoint up to RBA
Beginning log switch checkpoint up to RBA
Archived Log entry 825 added for thread 1 sequence 4841
EVM-00601: Data read from the input stream is not a valid EVM event
Completed checkpoint up to RBA
Beginning log switch checkpoint up to RBA
Archived Log entry 339 added for thread 1 sequence 5178
ARC0: Archival started
LFI-00103: Seek operation failed.
Thread 1 advanced to log sequence 189
Thread 1 advanced to log sequence 420
Starting background process VKTM
PRCD-01109: Failed to find administrator-managed service {0} of database {1} because the database is a policy-managed database.
Undo initialization finished
LSX-00009: data missing for type "~S"
Beginning log switch checkpoint up to RBA
Starting background process VKTM
ORA-12673: Dedicated server: context not saved
Errors in file /u01/app/oracle/diag/rdbms/ttprod/ttprod1/trace/ttprod1_ora_89207.trc
Completed checkpoint up to RBA
Completed checkpoint up to RBA
Thread 1 advanced to log sequence 836
Starting background process VKTM
Undo initialization finished
RMAN-05529: WARNING: DB_FILE_NAME_CONVERT resulted in invalid ASM names; names changed to disk group only.
Current log# 874 seq# 5285 mem# 0
Completed checkpoint up to RBA
Beginning log switch checkpoint up to RBA
ARC0: Archival started
RMAN-06198: DATA_TS01 USERS bytes
Errors in file /u01/app/oracle/diag/rdbms/ttprod/ttprod1/trace/ttprod1_ora_89192.trc
Current log# 328 seq# 3135 mem# 0
Current log# 759 seq# 8454 mem# 0
ARC0: Archival started
Beginning log switch checkpoint up to RBA
Archived Log entry 296 added for thread 1 sequence 8394
PGU-41001: unexpected end of input
Errors in file /u01/app/oracle/diag/rdbms/ttprod/ttprod1/trace/ttprod1_ora_39055.trc
ARC0: Archival started
Starting background process VKTM
Undo initialization finished
ORA-28561: unable to set date format on non-Oracle system
Beginning log switch checkpoint up to RBA
Archived Log entry 373 added for thread 1 sequence 3016
Archived Log entry 534 added for thread 1 sequence 3827
Completed checkpoint up to RBA
Thread 1 advanced to log sequence 82
RMAN-03012: fatal error during compilation of command
ARC0: Archival started
NID-00503: DBNAME New database name (NONE)
Archived Log entry 213 added for thread 1 sequence 9561
ARC0: Archival started
NZE-28759: failure to open file
Errors in file /u01/app/oracle/diag/rdbms/ttprod/ttprod1/trace/ttprod1_ora_78727.trc
Thread 1 advanced to log sequence 153
Starting background process VKTM
Beginning log switch checkpoint up to RBA
Undo initialization finished
Undo initialization finished
RMAN-06791: changed the DB_UNIQUE_NAME value from SYSAUX to idx_users_email
Completed checkpoint up to RBA
CRS-01111: Error upgrading the Oracle Clusterware. Details [ pg_toast_12345 ].
Errors in file /u01/app/oracle/diag/rdbms/ttprod/ttprod1/trace/ttprod1_ora_50428.trc
Thread 1 advanced to log sequence 47
PLS-00396: INSERT statement's subquery yields wrong number of columns
Archived Log entry 100 added for thread 1 sequence 9693
Completed checkpoint up to RBA
Beginning log switch checkpoint up to RBA
Thread 1 advanced to log sequence 264
Current log# 693 seq# 4779 mem# 0
ORA-16223: DDL skipped, unsupported in current version
Undo initialization finished
Beginning log switch checkpoint up to RBA
Starting background process VKTM
Archived Log entry 726 added for thread 1 sequence 1628
Starting background process VKTM
NPL-00101: uninitialized ASN.1 context
Errors in file /u01/app/oracle/diag/rdbms/ttprod/ttprod1/trace/ttprod1_ora_12761.trc
Completed checkpoint up to RBA
Thread 1 advanced to log sequence 446
RMAN-08071: channel INVOICE_LINES_IDX : deleting archived log(s)
Errors in file /u01/app/oracle/diag/rdbms/ttprod/ttprod1/trace/ttprod1_ora_91663.trc
Archived Log entry 351 added for thread 1 sequence 8039
Beginning log switch checkpoint up to RBA
PGU-41093: call name user_sessions does not exist
Errors in file /u01/app/oracle/diag/rdbms/ttprod/ttprod1/trace/ttprod1_ora_30769.trc
Starting background process VKTM
Completed checkpoint up to RBA
Archived Log entry 990 added for thread 1 sequence 8856
CRS-01004: The OCR was imported from app_db .
Errors in file /u01/app/oracle/diag/rdbms/ttprod/ttprod1/trace/ttprod1_ora_97057.trc
Starting background process VKTM
NID-00331: The following datafiles are disabled:
Thread 1 advanced to log sequence 923
Archived Log entry 669 added for thread 1 sequence 4943
Starting background process VKTM
Beginning log switch checkpoint up to RBA
Undo initialization finished
ORA-07681: sou2os: An error occurred while initializing Oracle
Completed checkpoint up to RBA
NID-00435: Database name changed to 17 .
Beginning log switch checkpoint up to RBA
Beginning log switch checkpoint up to RBA
Starting background process VKTM
PCC-02355: Invalid or obsolete option, ignored
Beginning log switch checkpoint up to RBA
INS-20806: ttstandby01 not executed.
Archived Log entry 597 added for thread 1 sequence 1576
Starting background process VKTM
ARC0: Archival started
ORA-12402: invalid format _SYSSMU7$: shared pool
Archived Log entry 139 added for thread 1 sequence 6171
Archived Log entry 459 added for thread 1 sequence 4192
Beginning log switch checkpoint up to RBA
Completed checkpoint up to RBA
ORA-49410: Not an IPS package
Undo initialization finished
Starting background process VKTM
ORA-16283: operation not permitted on non-apply instance
Archived Log entry 260 added for thread 1 sequence 4044
Thread 1 advanced to log sequence 723
ORA-24911: Cannot start listener thread at specified port
Errors in file /u01/app/oracle/diag/rdbms/ttprod/ttprod1/trace/ttprod1_ora_93008.trc
Undo initialization finished
Undo initialization finished
Undo initialization finished
PGA-21044: error writing to log file SYSAUX
Current log# 816 seq# 6361 mem# 0
CLST-01101: assigning default private interconnect name 3 for node TNS_ADMIN
Errors in file /u01/app/oracle/diag/rdbms/ttprod/ttprod1/trace/ttprod1_ora_79686.trc
Current log# 183 seq# 3032 mem# 0
Undo initialization finished
Starting background process VKTM
Completed checkpoint up to RBA
ORA-33074: (XSAGDNGL36) In AGGMAP workspace object , the offset number is not a valid offset into dimension workspace object .
Current log# 763 seq# 8744 mem# 0
Thread 1 advanced to log sequence 202
Current log# 420 seq# 9201 mem# 0
ARC0: Archival started
PCB-00301: Use of non-ANSI function is an Oracle extension
Current log# 601 seq# 1700 mem# 0
ARC0: Archival started
Completed checkpoint up to RBA
Beginning log switch checkpoint up to RBA
TNS-00233: Interchange failed to make contact with destination with errors: idx_users_email CDR_STAGING _SYSSMU12$
Beginning log switch checkpoint up to RBA
Beginning log switch checkpoint up to RBA
NID-00430: Database is ready to be open or shut down.
Errors in file /u01/app/oracle/diag/rdbms/ttprod/ttprod1/trace/ttprod1_ora_91338.trc
Undo initialization finished
ARC0: Archival started
Archived Log entry 126 added for thread 1 sequence 5803
Undo initialization finished
Beginning log switch checkpoint up to RBA
TNS-01203: Missing the account ( reporting_schema ) specified by DEFAULT_USER_ACCOUNT in SID_DESC
Undo initialization finished
Undo initialization finished
Current log# 481 seq# 6179 mem# 0
NID-00452: Succesfully changed database ID.
Current log# 754 seq# 6749 mem# 0
Thread 1 advanced to log sequence 824
ARC0: Archival started
Current log# 120 seq# 1223 mem# 0
Current log# 897 seq# 4684 mem# 0
ORA-01947: TEMPORARY TABLESPACE already specified
Errors in file /u01/app/oracle/diag/rdbms/ttprod/ttprod1/trace/ttprod1_ora_36033.trc
Starting background process VKTM
Completed checkpoint up to RBA
Completed checkpoint up to RBA
ORA-00200: control file could not be created
Errors in file /u01/app/oracle/diag/rdbms/ttprod/ttprod1/trace/ttprod1_ora_20510.trc
Undo initialization finished
Completed checkpoint up to RBA
ORA-26036: subpartition load specified but table 42 is not subpartitioned
Completed checkpoint up to RBA
Completed checkpoint up to RBA
ARC0: Archival started
Starting background process VKTM
Undo initialization finished
ORA-16127: stalled waiting for additional transactions to be applied
Archived Log entry 953 added for thread 1 sequence 9789
Thread 1 advanced to log sequence 75
Starting background process VKTM
ORA-31652: command response message was invalid type - detaching job
ARC0: Archival started
Thread 1 advanced to log sequence 405
Starting background process VKTM
Starting background process VKTM
Starting background process VKTM
PCB-00310: AT clause is an Oracle extension
ARC0: Archival started
Undo initialization finished
ORA-01236: Error CRM.CALL_DETAIL_RECORDS occurred during initialization of file header access
ARC0: Archival started
ARC0: Archival started
ARC0: Archival started
Thread 1 advanced to log sequence 973
ARC0: Archival started
ORA-12809: cannot set app_db _INSTANCES when mounted in exclusive mode
ARC0: Archival started
CRS-01216: Cluster Ready Service could not determine node list. Details at 3 in UNDOTBS1 .
Archived Log entry 37 added for thread 1 sequence 7982
ARC0: Archival started
ORA-00377: Frequent backups of file 5000 causing write operation to stall
Undo initialization finished
Thread 1 advanced to log sequence 174
Current log# 36 seq# 1813 mem# 0
Archived Log entry 429 added for thread 1 sequence 9583
Starting background process VKTM
NNO-00309: server restarting
Errors in file /u01/app/oracle/diag/rdbms/ttprod/ttprod1/trace/ttprod1_ora_85475.trc
Current log# 387 seq# 5022 mem# 0
Archived Log entry 621 added for thread 1 sequence 7258
ORA-02819: Write failed
Completed checkpoint up to RBA
Undo initialization finished
Undo initialization finished
Beginning log switch checkpoint up to RBA
Beginning log switch checkpoint up to RBA
NNL-00226: Current request-processing delay is TNS_ADMIN
Completed checkpoint up to RBA
ARC0: Archival started
TNS-12160: TNS:internal error: Bad error number
Errors in file /u01/app/oracle/diag/rdbms/ttprod/ttprod1/trace/ttprod1_ora_73861.trc
Starting background process VKTM
ORA-12914: Cannot migrate tablespace to dictionary managed type
Undo initialization finished
Beginning log switch checkpoint up to RBA
ARC0: Archival started
Current log# 791 seq# 6837 mem# 0
Current log# 718 seq# 3768 mem# 0
ORA-22933: cannot change object with type or table dependents
Thread 1 advanced to log sequence 36
DIA-48500: File Write Error [ PK_CUSTOMER_ACCOUNTS ] [ reporting_schema ]
Current log# 441 seq# 1122 mem# 0
ARC0: Archival started
ARC0: Archival started
Beginning log switch checkpoint up to RBA
RMAN-06957: finished standby search, restored pg_toast_12345 blocks
Archived Log entry 265 added for thread 1 sequence 3552
Thread 1 advanced to log sequence 997
Completed checkpoint up to RBA
Current log# 329 seq# 3785 mem# 0
ORA-40232: transactional input - incompatible datatype for column NETWORK_OPS.SIM_INVENTORY
Undo initialization finished
Completed checkpoint up to RBA
Undo initialization finished
Archived Log entry 778 added for thread 1 sequence 7867
Completed checkpoint up to RBA
ORA-01117: adding file ' ttprod1 ' with illegal block size: pk_orders ; limit is USERS
Current log# 111 seq# 9399 mem# 0
Beginning log switch checkpoint up to RBA
Beginning log switch checkpoint up to RBA
ARC0: Archival started
Undo initialization finished
NID-00398: Changing database ID from number to number
Beginning log switch checkpoint up to RBA
Current log# 365 seq# 3556 mem# 0
ORA-16114: applying DDL transaction with commit SCN app_db
Current log# 74 seq# 7945 mem# 0
ARC0: Archival started
RMAN-08110: failover to next copy of backup piece
Archived Log entry 632 added for thread 1 sequence 1922
Undo initialization finished
Thread 1 advanced to log sequence 89
ARC0: Archival started
Archived Log entry 586 added for thread 1 sequence 4890
ORA-25327: Array size is invalid
Current log# 174 seq# 8090 mem# 0
ARC0: Archival started
ORA-30927: Unable to complete execution due to failure in temporary table transformation
ARC0: Archival started
Current log# 258 seq# 1461 mem# 0
Completed checkpoint up to RBA
DRG-11006: invalid alter index parameter CRM.CALL_DETAIL_RECORDS
Thread 1 advanced to log sequence 992
Undo initialization finished
ORA-32576: missing TYPE keyword
Beginning log switch checkpoint up to RBA
Thread 1 advanced to log sequence 332
Starting background process VKTM
Beginning log switch checkpoint up to RBA
Completed checkpoint up to RBA
TNS-00259: Disabled Interchange list:
Archived Log entry 687 added for thread 1 sequence 2682
Current log# 776 seq# 2969 mem# 0
ARC0: Archival started
Current log# 497 seq# 7757 mem# 0
Archived Log entry 74 added for thread 1 sequence 5435
ORA-31616: unable to write to dump file " session_1123 "
Errors in file /u01/app/oracle/diag/rdbms/ttprod/ttprod1/trace/ttprod1_ora_49796.trc
Archived Log entry 613 added for thread 1 sequence 3723
ORA-19197: Column not found or invalid column type with this form of fn:collection
Starting background process VKTM
ORA-27020: named devices not supported
Thread 1 advanced to log sequence 622
ORA-19883: Unused Block Optimization stopped for datafile APP_USER42
ARC0: Archival started
Beginning log switch checkpoint up to RBA
Beginning log switch checkpoint up to RBA
Starting background process VKTM
Thread 1 advanced to log sequence 769
PGA-21101: initialization parameters read from 1024
Thread 1 advanced to log sequence 300
ORA-64107: The XMLIndex has been successfully altered but the metadata could not be updated.
Undo initialization finished
KUP-04076: file name cannot contain a path specification: INVOICE_LINES_IDX
Starting background process VKTM
Starting background process VKTM
Thread 1 advanced to log sequence 830
CRS-01304: Recovering OHAS resources for node fk_order_customer .
ARC0: Archival started
Beginning log switch checkpoint up to RBA
PCC-00110: Oracle extension to the WHENEVER statement
Current log# 793 seq# 6848 mem# 0
Undo initialization finished
Current log# 467 seq# 5370 mem# 0
Starting background process VKTM
Current log# 207 seq# 7037 mem# 0
ORA-35106: (REGRESS00) The regression was not calculated because of a linear relationship between your independent variables.
Starting background process VKTM
Completed checkpoint up to RBA
Starting background process VKTM
Beginning log switch checkpoint up to RBA
Archived Log entry 423 added for thread 1 sequence 2856
ORA-16103: Logical Standby apply must be stopped to allow this operation
Starting background process VKTM
ARC0: Archival started
OCI-30155: An I/O Error occured during an OCIFile function call
Thread 1 advanced to log sequence 211
ORA-14032: partition bound of partition number 42 is too high
Errors in file /u01/app/oracle/diag/rdbms/ttprod/ttprod1/trace/ttprod1_ora_78081.trc
Current log# 368 seq# 7074 mem# 0
Archived Log entry 319 added for thread 1 sequence 3309
NNL-00352: Cancelled save config
ARC0: Archival started
Starting background process VKTM
Beginning log switch checkpoint up to RBA
Beginning log switch checkpoint up to RBA
ORA-22607: image handle already generated
Starting background process VKTM
Archived Log entry 176 added for thread 1 sequence 1143
Current log# 514 seq# 6288 mem# 0
Current log# 675 seq# 2370 mem# 0
ORA-55325: rulebase or rules index INVOICE_LINES_IDX already exists CRM.CALL_DETAIL_RECORDS
Beginning log switch checkpoint up to RBA
ARC0: Archival started
Current log# 137 seq# 5060 mem# 0
Current log# 555 seq# 9053 mem# 0
Thread 1 advanced to log sequence 705
PRCC-01003: Version for module {0} is not available
Starting background process VKTM
ARC0: Archival started
Current log# 73 seq# 3152 mem# 0
Archived Log entry 197 added for thread 1 sequence 1702
PLS-01507: DROP is non-ANSI
ARC0: Archival started
Thread 1 advanced to log sequence 282
CRS-02527: Unable to start ' USERS ' because it has a ' _SYSSMU12$ ' dependency on ' 42 '
Thread 1 advanced to log sequence 382
ORA-19322: An error occurred while reading from host ( large pool ): port ( _SYSSMU12$ )
Starting background process VKTM
Beginning log switch checkpoint up to RBA
Beginning log switch checkpoint up to RBA
ORA-32412: encrypted column " user_sessions " not allowed in the materialized view log
Completed checkpoint up to RBA
ORA-47954: Oracle Data Pump authorization for Oracle Database Vault to 3 on object ttprod2 . NETWORK_OPS.SIM_INVENTORY already exists
Archived Log entry 395 added for thread 1 sequence 1527
ARC0: Archival started
Beginning log switch checkpoint up to RBA
Current log# 597 seq# 5363 mem# 0
Completed checkpoint up to RBA
ORA-26863: Job " fk_order_customer " showing as an active job in DBA_STREAMS_SPLIT_MERGE does not exist in DBA_SCHEDULER_JOBS.
Thread 1 advanced to log sequence 234
ORA-25149: Columns of UROWID type may not be indexed
Current log# 404 seq# 3298 mem# 0
Beginning log switch checkpoint up to RBA
PGU-30003: transaction SYSAUX , version reporting_schema body generated to file UNDOTBS1
Undo initialization finished
Thread 1 advanced to log sequence 854
Undo initialization finished
Archived Log entry 279 added for thread 1 sequence 1165
RMAN-08159: executing global script: INVOICE_LINES_IDX
Completed checkpoint up to RBA
RMAN-06157: validation failed for archived log
Beginning log switch checkpoint up to RBA
ARC0: Archival started
Undo initialization finished
Starting background process VKTM
Completed checkpoint up to RBA
PGU-41144: default PKGCALL parameter truncated to 17
Completed checkpoint up to RBA
Thread 1 advanced to log sequence 285
ORA-26854: STREAMS 17 has no enqueue or dequeue privileges to the queue.
Thread 1 advanced to log sequence 159
Completed checkpoint up to RBA
Completed checkpoint up to RBA
Archived Log entry 910 added for thread 1 sequence 7654
Archived Log entry 58 added for thread 1 sequence 7785
ORA-39119: worker process interrupt for delete worker processes call by master process
Current log# 192 seq# 8263 mem# 0
Undo initialization finished
Beginning log switch checkpoint up to RBA
RMAN-12019: continuing other job steps, job failed will not be re-run
Archived Log entry 540 added for thread 1 sequence 5632
Undo initialization finished
Thread 1 advanced to log sequence 297
Starting background process VKTM
RMAN-08618: validation succeeded for foreign archived log
ARC0: Archival started
ORA-36806: (XSTBLFUNC03) The OLAP_TABLE function refers to an invalid ADT attribute: 42 .
Beginning log switch checkpoint up to RBA
ARC0: Archival started
Undo initialization finished
ORA-22861: invalid user-defined type
Beginning log switch checkpoint up to RBA
Current log# 764 seq# 5600 mem# 0
CRS-04689: Oracle Clusterware is already stopped
Current log# 831 seq# 2390 mem# 0
Starting background process VKTM
ORA-31037: Invalid XML attribute name CDR_STAGING
Starting background process VKTM
Starting background process VKTM
Undo initialization finished
Archived Log entry 426 added for thread 1 sequence 6255
Current log# 305 seq# 5148 mem# 0
ORA-09311: slsleep: error temporarily suspending process
Errors in file /u01/app/oracle/diag/rdbms/ttprod/ttprod1/trace/ttprod1_ora_91727.trc
ARC0: Archival started
Archived Log entry 760 added for thread 1 sequence 7091
Beginning log switch checkpoint up to RBA
Thread 1 advanced to log sequence 246
RDE-00067: location of domain failed.
Starting background process VKTM
Completed checkpoint up to RBA
Thread 1 advanced to log sequence 199
PGU-41082: data definition 17 version number updated in PG DD
Undo initialization finished
ARC0: Archival started
ORA-54644: PARTITION_TABLE utility: error in reading input, output tables
ARC0: Archival started
Thread 1 advanced to log sequence 989
ARC0: Archival started
Beginning log switch checkpoint up to RBA
NID-00410: Reversion of database changes failed during validation - database is intact.
Thread 1 advanced to log sequence 988
Current log# 811 seq# 1258 mem# 0
Undo initialization finished
Beginning log switch checkpoint up to RBA
RMAN-06400: database opened
Beginning log switch checkpoint up to RBA
ARC0: Archival started
Completed checkpoint up to RBA
LFI-00119: Unable to Abort an Unprotected file.
Errors in file /u01/app/oracle/diag/rdbms/ttprod/ttprod1/trace/ttprod1_ora_76849.trc
Beginning log switch checkpoint up to RBA
Undo initialization finished
Starting background process VKTM
Starting background process VKTM
Current log# 331 seq# 8866 mem# 0
CRS-02756: Invalid tag for command ' PK_CUSTOMER_ACCOUNTS '. Details at 5000 in 42 .
Starting background process VKTM
Beginning log switch checkpoint up to RBA
Archived Log entry 956 added for thread 1 sequence 9727
Starting background process VKTM
Completed checkpoint up to RBA
NID-00416: Change of database name failed.
Completed checkpoint up to RBA
LSX-00142: invalid sub-element "~1S" for element "~2S"
Errors in file /u01/app/oracle/diag/rdbms/ttprod/ttprod1/trace/ttprod1_ora_94499.trc
Current log# 468 seq# 8133 mem# 0
Thread 1 advanced to log sequence 500
Current log# 619 seq# 9677 mem# 0
Completed checkpoint up to RBA
Current log# 824 seq# 8016 mem# 0
PCC-02358: Identifier following ARRAYLEN must be the name of an array
Errors in file /u01/app/oracle/diag/rdbms/ttprod/ttprod1/trace/ttprod1_ora_86656.trc
Archived Log entry 418 added for thread 1 sequence 2838
Completed checkpoint up to RBA
Undo initialization finished
CLSS-03001: local node number reporting_schema , master node number CDR_STAGING
Current log# 861 seq# 2885 mem# 0
Completed checkpoint up to RBA
ORA-12414: internal LBAC error: PK_CUSTOMER_ACCOUNTS Error: shared pool
Starting background process VKTM
Starting background process VKTM
ORA-26766: Unexpected redo pattern encountered by LogMiner
Errors in file /u01/app/oracle/diag/rdbms/ttprod/ttprod1/trace/ttprod1_ora_85795.trc
Archived Log entry 672 added for thread 1 sequence 8709
ARC0: Archival started
Completed checkpoint up to RBA
Undo initialization finished
ORA-55200: Java exception from tag data translation java stack
ARC0: Archival started
Starting background process VKTM
Thread 1 advanced to log sequence 638
Archived Log entry 797 added for thread 1 sequence 9522
ORA-19962: compression algorithm 1024 is not valid with release pg_toast_12345
Beginning log switch checkpoint up to RBA
Archived Log entry 913 added for thread 1 sequence 1235
ORA-00017: session requested to set trace event
ARC0: Archival started
Archived Log entry 166 added for thread 1 sequence 8196
Beginning log switch checkpoint up to RBA
ORA-03145: I/O streaming direction error
Thread 1 advanced to log sequence 436
Thread 1 advanced to log sequence 141
Starting background process VKTM
Current log# 398 seq# 8564 mem# 0
PCC-00041: Unable to open output file " SYSAUX "
Completed checkpoint up to RBA
Completed checkpoint up to RBA
Current log# 351 seq# 1177 mem# 0
RMAN-08534: channel ttprod2 : control file restore from AUTOBACKUP complete
Thread 1 advanced to log sequence 9
Current log# 798 seq# 1116 mem# 0
Current log# 866 seq# 4777 mem# 0
Beginning log switch checkpoint up to RBA
ORA-55360: invalid value for resource position - shared pool
Starting background process VKTM
INS-41309: The Oracle Cluster Registry (OCR) cannot be placed on a block or character device.
Completed checkpoint up to RBA
Archived Log entry 470 added for thread 1 sequence 4686
Archived Log entry 601 added for thread 1 sequence 2413
Beginning log switch checkpoint up to RBA
ORA-13040: failed to subdivide tile
Beginning log switch checkpoint up to RBA
Archived Log entry 586 added for thread 1 sequence 1565
Starting background process VKTM
ARC0: Archival started
Archived Log entry 922 added for thread 1 sequence 5945
NNO-00700: warning: cannot checkpoint the cache, trying again in number seconds
Archived Log entry 600 added for thread 1 sequence 3127
Current log# 724 seq# 2944 mem# 0
Starting background process VKTM
ORA-27061: waiting for async I/Os failed
Errors in file /u01/app/oracle/diag/rdbms/ttprod/ttprod1/trace/ttprod1_ora_40308.trc
Starting background process VKTM
Thread 1 advanced to log sequence 744
ORA-38799: Cannot drop guaranteed restore point internally created for snapshot standby
Starting background process VKTM
Thread 1 advanced to log sequence 503
Starting background process VKTM
ORA-18170: FTST0011 FTWindow and FTDistance restriction
Archived Log entry 733 added for thread 1 sequence 9621
ORA-15182: ASMLIB [ NETWORK_OPS.SIM_INVENTORY ] version mismatch, ORACLE version [ USERS ]
Archived Log entry 162 added for thread 1 sequence 9293
Current log# 635 seq# 3180 mem# 0
QSM-02055: mv references a packed object table or view
Undo initialization finished
Beginning log switch checkpoint up to RBA
Starting background process VKTM
ARC0: Archival started
Starting background process VKTM
PRKO-02458: ONS does not exist
Beginning log switch checkpoint up to RBA
Starting background process VKTM
Thread 1 advanced to log sequence 873
ARC0: Archival started
Thread 1 advanced to log sequence 631
ORA-24098: invalid value CDR_STAGING for BILLING.CUST_ORDERS
Undo initialization finished
ARC0: Archival started
ORA-19323: Invalid url SP2-0552
Archived Log entry 499 added for thread 1 sequence 8759
Starting background process VKTM
Thread 1 advanced to log sequence 215
Thread 1 advanced to log sequence 563
ORA-40303: invalid prior probability specification
Thread 1 advanced to log sequence 350
ARC0: Archival started
ARC0: Archival started
Current log# 666 seq# 8612 mem# 0
RMAN-08013: channel _SYSSMU7$ : backup piece pk_orders
Undo initialization finished
Beginning log switch checkpoint up to RBA
TNS-00539: Network or Protocol services are down
Errors in file /u01/app/oracle/diag/rdbms/ttprod/ttprod1/trace/ttprod1_ora_10669.trc
Archived Log entry 662 added for thread 1 sequence 6305
Undo initialization finished
Archived Log entry 569 added for thread 1 sequence 2520
ORA-14049: invalid ALTER TABLE MODIFY PARTITION option
Starting background process VKTM
ARC0: Archival started
Current log# 772 seq# 5163 mem# 0
Undo initialization finished
ORA-02704: osndopop: fork failed
Completed checkpoint up to RBA
Completed checkpoint up to RBA
Archived Log entry 92 added for thread 1 sequence 2456
Completed checkpoint up to RBA
Archived Log entry 500 added for thread 1 sequence 6837
ORA-15215: missing or invalid user name
Undo initialization finished
Completed checkpoint up to RBA
Starting background process VKTM
ORA-32627: illegal pattern in MODEL FOR LIKE loop
Beginning log switch checkpoint up to RBA
Completed checkpoint up to RBA
Thread 1 advanced to log sequence 243
RMAN-06955: Network copies are only supported for image copies.
Undo initialization finished
Starting background process VKTM
ARC0: Archival started
Beginning log switch checkpoint up to RBA
ARC0: Archival started
PRKO-02175: Failed to remove service {0} because this is the last service of RAC One Node database {1}
Undo initialization finished
Beginning log switch checkpoint up to RBA
Current log# 420 seq# 1294 mem# 0
Beginning log switch checkpoint up to RBA
ORA-38413: elementary attribute name may not be longer than 32 characters
ARC0: Archival started
Starting background process VKTM
CRS-02578: Value of ' pg_toast_12345 ' ( number ) may not be greater than that of ' 1024 ' ( number )
Beginning log switch checkpoint up to RBA
Starting background process VKTM
Completed checkpoint up to RBA
PROC-00043: Error in the ASM access layer
Current log# 615 seq# 3967 mem# 0
Thread 1 advanced to log sequence 770
ORA-36314: (PHYS01) workspace object must be a dimension, relation or variable.
Current log# 983 seq# 8075 mem# 0
ORA-31609: error loading file " SP2-0552 " from file system directory " APP_USER42 "
Starting background process VKTM
Thread 1 advanced to log sequence 451
Undo initialization finished
EXP-00063: error in changing language handle
Errors in file /u01/app/oracle/diag/rdbms/ttprod/ttprod1/trace/ttprod1_ora_73181.trc
ARC0: Archival started
Beginning log switch checkpoint up to RBA
Undo initialization finished
Undo initialization finished
Archived Log entry 973 added for thread 1 sequence 9228
PCC-02385: CHAR_MAP disallowed when using NLS_CHAR and NLS_LOCAL=TRUE
Starting background process VKTM
Beginning log switch checkpoint up to RBA
RMAN-06216: WARNING: db_unique_name mismatch - 3 objects could not be updated
ARC0: Archival started
Undo initialization finished
Current log# 721 seq# 3510 mem# 0
Thread 1 advanced to log sequence 558
Starting background process VKTM
RMAN-20000: abnormal termination of job step
Archived Log entry 461 added for thread 1 sequence 9667
Beginning log switch checkpoint up to RBA
Archived Log entry 660 added for thread 1 sequence 9971
Completed checkpoint up to RBA
Thread 1 advanced to log sequence 788
PRKO-02377: eONS already uses {0} as listening port. Nothing to modify.
Thread 1 advanced to log sequence 144
Archived Log entry 513 added for thread 1 sequence 6849
Undo initialization finished
Starting background process VKTM
Current log# 337 seq# 4572 mem# 0
RMAN-20272: no parent backup found for the incremental backup
Errors in file /u01/app/oracle/diag/rdbms/ttprod/ttprod1/trace/ttprod1_ora_86057.trc
Current log# 499 seq# 9840 mem# 0
Undo initialization finished
Archived Log entry 894 added for thread 1 sequence 7081
Completed checkpoint up to RBA
ARC0: Archival started
DIA-48805: BEGIN BACKUP issued already - must do an END BACKUP first
Current log# 493 seq# 2180 mem# 0
Beginning log switch checkpoint up to RBA
PRCW-01012: Wallet {0} could not be deleted due to error code {1}
Archived Log entry 485 added for thread 1 sequence 3091
Undo initialization finished
Thread 1 advanced to log sequence 754
Thread 1 advanced to log sequence 752
Beginning log switch checkpoint up to RBA
XOQ-01151: OCI error: fk_order_customer
ARC0: Archival started
Undo initialization finished
ORA-31540: 42 is not a valid identifier
Beginning log switch checkpoint up to RBA
Undo initialization finished
Beginning log switch checkpoint up to RBA
ORA-26673: duplicate column name APP_USER42
Completed checkpoint up to RBA
Current log# 294 seq# 7278 mem# 0
ORA-29859: error occurred in the execution of ODCIINDEXTRUNCATE routine
Errors in file /u01/app/oracle/diag/rdbms/ttprod/ttprod1/trace/ttprod1_ora_25988.trc
Current log# 292 seq# 1539 mem# 0
DRG-11403: primary key value too long
ARC0: Archival started
Undo initialization finished
UDE-00053: unrecognized client command ' CRM.CALL_DETAIL_RECORDS '
Undo initialization finished
ORA-39034: Table SYSAUX does not exist.
Starting background process VKTM
ORA-30162: The OCIFile context is not initialzed
Completed checkpoint up to RBA
Thread 1 advanced to log sequence 292
Archived Log entry 967 added for thread 1 sequence 9023
Current log# 345 seq# 4945 mem# 0
ORA-02096: specified initialization parameter is not modifiable with this option
Beginning log switch checkpoint up to RBA
Undo initialization finished
Completed checkpoint up to RBA
PCC-02316: illegal operator in constant expression
Beginning log switch checkpoint up to RBA
Beginning log switch checkpoint up to RBA
Starting background process VKTM
ORA-41202: Session state capture or restore failed
Completed checkpoint up to RBA
RMAN-06197: Total System Global Area CDR_STAGING bytes
Errors in file /u01/app/oracle/diag/rdbms/ttprod/ttprod1/trace/ttprod1_ora_31894.trc
Thread 1 advanced to log sequence 421
Starting background process VKTM
Beginning log switch checkpoint up to RBA
Completed checkpoint up to RBA
Beginning log switch checkpoint up to RBA
ORA-31059: Cannot insert root XML document node if it already exists
Archived Log entry 82 added for thread 1 sequence 7178
Starting background process VKTM
Beginning log switch checkpoint up to RBA
DRG-11601: URL store: bad syntax on request for NETWORK_OPS.SIM_INVENTORY
Thread 1 advanced to log sequence 775
RMAN-08130: failover to copy on device type SYSAUX
Starting background process VKTM
Completed checkpoint up to RBA
Current log# 340 seq# 3751 mem# 0
Archived Log entry 351 added for thread 1 sequence 3719
RMAN-06944: contents of repair script:
Errors in file /u01/app/oracle/diag/rdbms/ttprod/ttprod1/trace/ttprod1_ora_44148.trc
Thread 1 advanced to log sequence 904
Current log# 835 seq# 9749 mem# 0
ORA-12941: DBVerify exception
Current log# 402 seq# 6770 mem# 0
ARC0: Archival started
Current log# 762 seq# 7806 mem# 0
Completed checkpoint up to RBA
Undo initialization finished
RMAN-08026: channel app_db : copied archived log
Starting background process VKTM
Completed checkpoint up to RBA
IMG-00870: unsupported aspect ratio or image size
Current log# 331 seq# 6058 mem# 0
Beginning log switch checkpoint up to RBA
RMAN-06541: Tablespace pk_orders will be included in future whole database backups
Undo initialization finished
Completed checkpoint up to RBA
Starting background process VKTM
ORA-01915: invalid auditing option for views
Current log# 213 seq# 8181 mem# 0
ARC0: Archival started
Undo initialization finished
RMAN-08527: channel CDR_STAGING : starting BILLING.CUST_ORDERS proxy datafile backup at SYSAUX
Completed checkpoint up to RBA
Archived Log entry 558 added for thread 1 sequence 5080
Beginning log switch checkpoint up to RBA
TNS-00204: Started tracing in intlsnr
Archived Log entry 296 added for thread 1 sequence 9379
Starting background process VKTM
ARC0: Archival started
Completed checkpoint up to RBA
DRG-11820: Unauthorized
Beginning log switch checkpoint up to RBA
Undo initialization finished
Completed checkpoint up to RBA
Current log# 442 seq# 8025 mem# 0
NCR-04011: NCRR: Oracle Internet Directory error
ARC0: Archival started
Undo initialization finished
PGU-00331: cannot allocate enough memory for SQL Buffer
Completed checkpoint up to RBA
Thread 1 advanced to log sequence 476
ARC0: Archival started
Undo initialization finished
Completed checkpoint up to RBA
PLS-00702: second argument to PRAGMA EXCEPTION_INIT must be a numeric literal
Undo initialization finished
Current log# 323 seq# 3512 mem# 0
Starting background process VKTM
ORA-38602: FI invalid input cursor
Starting background process VKTM
Undo initialization finished
Beginning log switch checkpoint up to RBA
ORA-31488: cannot support change set ttstandby01 in this configuration
Starting background process VKTM
Completed checkpoint up to RBA
ORA-00336: log file size fk_order_customer blocks is less than minimum pk_orders blocks
Beginning log switch checkpoint up to RBA
Undo initialization finished
PLS-00712: illegal option for subprogram 1024
Errors in file /u01/app/oracle/diag/rdbms/ttprod/ttprod1/trace/ttprod1_ora_70215.trc
Starting background process VKTM
Beginning log switch checkpoint up to RBA
Beginning log switch checkpoint up to RBA
NNL-01075: Contact SYSAUX
Current log# 66 seq# 5574 mem# 0
ARC0: Archival started
ARC0: Archival started
Current log# 599 seq# 2488 mem# 0
ORA-22910: cannot specify schema name for nested tables
Errors in file /u01/app/oracle/diag/rdbms/ttprod/ttprod1/trace/ttprod1_ora_12034.trc
Completed checkpoint up to RBA
Beginning log switch checkpoint up to RBA
Starting background process VKTM
ARC0: Archival started
ARC0: Archival started
ORA-10452: Cannot do block media recovery; media recovery session may be in progress
ARC0: Archival started
Completed checkpoint up to RBA
Beginning log switch checkpoint up to RBA
Starting background process VKTM
RMAN-08110: failover to next copy of backup piece
Thread 1 advanced to log sequence 684
Undo initialization finished
Archived Log entry 677 added for thread 1 sequence 7638
Thread 1 advanced to log sequence 812
Thread 1 advanced to log sequence 60
ORA-33278: (DBERR09) Analytic workspace 3 cannot be attached in RW or EXCLUSIVE mode until the changes made and updated in MULTI mode are committed or rolled back.
Starting background process VKTM
Beginning log switch checkpoint up to RBA
Starting background process VKTM
Starting background process VKTM
NZE-28864: SSL connection closed gracefully
Thread 1 advanced to log sequence 734
Archived Log entry 6 added for thread 1 sequence 7685
Undo initialization finished
ORA-14073: bootstrap table or cluster may not be truncated
Archived Log entry 342 added for thread 1 sequence 4049
Undo initialization finished
Current log# 858 seq# 3554 mem# 0
ARC0: Archival started
NNO-00268: warning: configuration database is not used, using checkpoint data instead
Starting background process VKTM
Beginning log switch checkpoint up to RBA
Beginning log switch checkpoint up to RBA
Beginning log switch checkpoint up to RBA
Archived Log entry 317 added for thread 1 sequence 1361
ORA-27091: unable to queue I/O
Thread 1 advanced to log sequence 433
Undo initialization finished
Thread 1 advanced to log sequence 435
Thread 1 advanced to log sequence 327
ORA-19564: error occurred writing PK_CUSTOMER_ACCOUNTS bytes at block number 17
Current log# 898 seq# 9680 mem# 0
Beginning log switch checkpoint up to RBA
Archived Log entry 407 added for thread 1 sequence 8986
Starting background process VKTM
Current log# 374 seq# 9227 mem# 0
RMAN-08018: channel 3 : starting archived log restore to user-specified destination
Starting background process VKTM
Undo initialization finished
Undo initialization finished
DRG-13807: Node USERS does not exist or is deleted
ARC0: Archival started
Undo initialization finished
Undo initialization finished
Starting background process VKTM
Starting background process VKTM
ORA-02752: osnfsmmap: illegal shared memory address
Completed checkpoint up to RBA
Beginning log switch checkpoint up to RBA
ARC0: Archival started
Archived Log entry 37 added for thread 1 sequence 6327
ORA-24017: cannot enable enqueue on QUEUE, UNDOTBS1 is an exception queue
Thread 1 advanced to log sequence 839
Starting background process VKTM
ORA-27093: could not delete directory
Undo initialization finished
QSM-02143: SUM(expr) without COUNT(expr)
Thread 1 advanced to log sequence 726
RMAN-08586: output file name= SYSAUX tag= pg_toast_12345 RECID= PK_CUSTOMER_ACCOUNTS STAMP= TNS_ADMIN
Errors in file /u01/app/oracle/diag/rdbms/ttprod/ttprod1/trace/ttprod1_ora_15006.trc
Current log# 172 seq# 1889 mem# 0
ORA-02763: Unable to cancel at least one request
Current log# 370 seq# 9939 mem# 0
Current log# 330 seq# 5603 mem# 0
NZE-29120: Cannot export certificate.
Archived Log entry 649 added for thread 1 sequence 2291
Beginning log switch checkpoint up to RBA
Completed checkpoint up to RBA
Starting background process VKTM
Beginning log switch checkpoint up to RBA
ORA-55306: internal error: invalid CDR_STAGING : value_name= session_1123 value_type= SP2-0552
Thread 1 advanced to log sequence 144
Current log# 346 seq# 8723 mem# 0
Archived Log entry 912 added for thread 1 sequence 4280
Beginning log switch checkpoint up to RBA
ORA-26079: file " ttstandby01 " is not part of table DATA_TS01 . ttprod1
Starting background process VKTM
Current log# 609 seq# 1201 mem# 0
Starting background process VKTM
Current log# 312 seq# 5231 mem# 0
RMAN-06960: EXPDP> PK_CUSTOMER_ACCOUNTS
Starting background process VKTM
INS-41506: One or more voting disk file locations are not valid.
Starting background process VKTM
Beginning log switch checkpoint up to RBA
Current log# 118 seq# 7250 mem# 0
ORA-30163: The thread safety initialization failed
Starting background process VKTM
Archived Log entry 791 added for thread 1 sequence 6664
ARC0: Archival started
RMAN-08013: channel user_sessions : backup piece app_db
Errors in file /u01/app/oracle/diag/rdbms/ttprod/ttprod1/trace/ttprod1_ora_78318.trc
Completed checkpoint up to RBA
Starting background process VKTM
Archived Log entry 655 added for thread 1 sequence 5217
Archived Log entry 599 added for thread 1 sequence 8887
ORA-39310: Cannot alter tablespace type.
Errors in file /u01/app/oracle/diag/rdbms/ttprod/ttprod1/trace/ttprod1_ora_99230.trc
Thread 1 advanced to log sequence 104
Archived Log entry 721 added for thread 1 sequence 1403
LFI-00128: Carriage Control is only valid for Standard file objects.
Errors in file /u01/app/oracle/diag/rdbms/ttprod/ttprod1/trace/ttprod1_ora_80125.trc
Thread 1 advanced to log sequence 326
ARC0: Archival started
Current log# 722 seq# 4924 mem# 0
Current log# 636 seq# 1743 mem# 0
INS-13012: Automatic prerequisite fix up is not performed or is incomplete.
Errors in file /u01/app/oracle/diag/rdbms/ttprod/ttprod1/trace/ttprod1_ora_61217.trc
Beginning log switch checkpoint up to RBA
ARC0: Archival started
INS-40420: The current installation user is not the same as the installation owner of the existing Oracle Grid Infrastructure software.
Errors in file /u01/app/oracle/diag/rdbms/ttprod/ttprod1/trace/ttprod1_ora_37189.trc
Thread 1 advanced to log sequence 39
Beginning log switch checkpoint up to RBA
Current log# 327 seq# 1145 mem# 0
Current log# 704 seq# 3673 mem# 0
XOQ-00511: Query will result in a Cartesian product.
Undo initialization finished
Thread 1 advanced to log sequence 893
Undo initialization finished
Completed checkpoint up to RBA
Current log# 122 seq# 9684 mem# 0
INS-40418: The installer has detected that Oracle Clusterware is not running on local node. Oracle recommends that you upgrade Oracle Clusterware in rolling manner.
Errors in file /u01/app/oracle/diag/rdbms/ttprod/ttprod1/trace/ttprod1_ora_19799.trc
Beginning log switch checkpoint up to RBA
Undo initialization finished
ARC0: Archival started
Current log# 902 seq# 8466 mem# 0
Archived Log entry 15 added for thread 1 sequence 5908
RMAN-07501: searching for all files in the recovery area
Errors in file /u01/app/oracle/diag/rdbms/ttprod/ttprod1/trace/ttprod1_ora_54171.trc
Beginning log switch checkpoint up to RBA
Beginning log switch checkpoint up to RBA
JMS-00155: AQ Exception {0}
Archived Log entry 561 added for thread 1 sequence 2564
Beginning log switch checkpoint up to RBA
Current log# 636 seq# 9504 mem# 0
Starting background process VKTM
RMAN-05034: Recovery must be done beyond SCN USERS to clear datafile fuzziness
Thread 1 advanced to log sequence 860
Starting background process VKTM
Archived Log entry 920 added for thread 1 sequence 9219
ORA-09927: Unable to set label of server
Archived Log entry 296 added for thread 1 sequence 2037
ARC0: Archival started
Undo initialization finished
Beginning log switch checkpoint up to RBA
ORA-29822: selectivity cannot be specified for the type of object
ARC0: Archival started
ORA-40120: invalid weight value in the weights table
ARC0: Archival started
Current log# 888 seq# 5405 mem# 0
Undo initialization finished
ARC0: Archival started
ORA-39934: Materialized view log UNDOTBS1 . 3 in tablespace large pool and master table 17 . /u01/app/oracle/oradata/ttprod/users01.dbf in tablespace large pool are not fully contained in the transportable set.
Current log# 512 seq# 7424 mem# 0
Undo initialization finished
Thread 1 advanced to log sequence 623
Current log# 363 seq# 4278 mem# 0
Starting background process VKTM
XOQ-01733: Invalid cube map " DATA_TS01 " is specified in a LOAD command.
Errors in file /u01/app/oracle/diag/rdbms/ttprod/ttprod1/trace/ttprod1_ora_63274.trc
Completed checkpoint up to RBA
Current log# 70 seq# 6290 mem# 0
Undo initialization finished
Undo initialization finished
PRCO-00013: Unable to retrieve private interconnect name
Archived Log entry 877 added for thread 1 sequence 3945
NNL-00252: DEFAULT-FORWARDER-ONLY mode is now disabled
Starting background process VKTM
Beginning log switch checkpoint up to RBA
RMAN-08305: channel 17 : starting to check datafiles
Thread 1 advanced to log sequence 486
JMS-00163: Message not Writeable
Starting background process VKTM
Thread 1 advanced to log sequence 525
ARC0: Archival started
ARC0: Archival started
Completed checkpoint up to RBA
ORA-08102: index key not found, obj# pg_toast_12345 , file _SYSSMU12$ , block CDR_STAGING ( APP_USER42 )
Starting background process VKTM
Current log# 499 seq# 2369 mem# 0
Beginning log switch checkpoint up to RBA
ORA-16015: Log UNDOTBS1 sequence# pg_toast_12345 was not archived.
Archived Log entry 125 added for thread 1 sequence 4893
Beginning log switch checkpoint up to RBA
Current log# 579 seq# 6416 mem# 0
ARC0: Archival started
ARC0: Archival started
DRG-12503: error while creating or dropping stoplist
Errors in file /u01/app/oracle/diag/rdbms/ttprod/ttprod1/trace/ttprod1_ora_13147.trc
ARC0: Archival started
Undo initialization finished
Thread 1 advanced to log sequence 624
PRVF-04056: OCR integrity results are inconsistent amongst the nodes
ARC0: Archival started
Starting background process VKTM
Starting background process VKTM
Thread 1 advanced to log sequence 400
Current log# 874 seq# 7021 mem# 0
ORA-02198: ONLINE/OFFLINE option already specified
Thread 1 advanced to log sequence 508
Undo initialization finished
Undo initialization finished
Archived Log entry 578 added for thread 1 sequence 6272
PLS-01915: duplicate ASSEMBLY specification in subprogram expression
Errors in file /u01/app/oracle/diag/rdbms/ttprod/ttprod1/trace/ttprod1_ora_26464.trc
Beginning log switch checkpoint up to RBA
ARC0: Archival started
Archived Log entry 235 added for thread 1 sequence 6443
ORA-12802: parallel query server lost contact with coordinator
Errors in file /u01/app/oracle/diag/rdbms/ttprod/ttprod1/trace/ttprod1_ora_53104.trc
Beginning log switch checkpoint up to RBA
Current log# 964 seq# 7412 mem# 0
Current log# 436 seq# 5109 mem# 0
Undo initialization finished
Beginning log switch checkpoint up to RBA
ORA-16119: building transaction at SCN fk_order_customer
Completed checkpoint up to RBA
ARC0: Archival started
Beginning log switch checkpoint up to RBA
RMAN-06017: initialization of parser failed
Completed checkpoint up to RBA
RMAN-07508: cataloging done
Beginning log switch checkpoint up to RBA
Thread 1 advanced to log sequence 821
PRCA-01031: Unable to retrieve the diskgroup {0} associated with the volume device {1}
Errors in file /u01/app/oracle/diag/rdbms/ttprod/ttprod1/trace/ttprod1_ora_52880.trc
Archived Log entry 659 added for thread 1 sequence 2332
ORA-32129: cannot get information about this column
Completed checkpoint up to RBA
Thread 1 advanced to log sequence 944
ARC0: Archival started
Completed checkpoint up to RBA
Starting background process VKTM
ORA-27198: skgfpvl: sbtpcvalidate returned error
Starting background process VKTM
Beginning log switch checkpoint up to RBA
Undo initialization finished
Current log# 342 seq# 5229 mem# 0
Thread 1 advanced to log sequence 193
DRG-10703: invalid framework object SP2-0552
Archived Log entry 803 added for thread 1 sequence 1160
Current log# 759 seq# 7999 mem# 0
Archived Log entry 393 added for thread 1 sequence 6418
PCC-02153: Open file: UNDOTBS1
Completed checkpoint up to RBA
ARC0: Archival started
CRS-00008: opened new file " reporting_schema " after close failure
Undo initialization finished
Current log# 182 seq# 9931 mem# 0
Undo initialization finished
QSM-01049: semi-join check failed for materialized view, INVOICE_LINES_IDX
Errors in file /u01/app/oracle/diag/rdbms/ttprod/ttprod1/trace/ttprod1_ora_53268.trc
Undo initialization finished
RMAN-06510: RMAN retention policy is set to recovery window of number days
Beginning log switch checkpoint up to RBA
Undo initialization finished
Starting background process VKTM
Current log# 525 seq# 5351 mem# 0
ORA-53010: The value of the <VR> tag is null.
Errors in file /u01/app/oracle/diag/rdbms/ttprod/ttprod1/trace/ttprod1_ora_16081.trc
Undo initialization finished
Current log# 947 seq# 7673 mem# 0
CRS-01607: Node PK_CUSTOMER_ACCOUNTS is being evicted in cluster incarnation number ; details at NETWORK_OPS.SIM_INVENTORY in DATA_TS01 .
Errors in file /u01/app/oracle/diag/rdbms/ttprod/ttprod1/trace/ttprod1_ora_36052.trc
Current log# 386 seq# 3412 mem# 0
Starting background process VKTM
Starting background process VKTM
PRVF-04528: Check for existence of config file "{0}" could not be performed on node "{1}".
Errors in file /u01/app/oracle/diag/rdbms/ttprod/ttprod1/trace/ttprod1_ora_24560.trc
Thread 1 advanced to log sequence 70
Current log# 316 seq# 5687 mem# 0
Archived Log entry 201 added for thread 1 sequence 2062
ORA-19206: Invalid value for query or REF CURSOR parameter
Current log# 113 seq# 1043 mem# 0
Beginning log switch checkpoint up to RBA
ORA-16176: background dictionary build cannot be running
Completed checkpoint up to RBA
CRS-02606: Server ' 1024 ' may not be relocated from server pool ' 42 ' because it is not above its minimum size
Undo initialization finished
Completed checkpoint up to RBA
Current log# 848 seq# 7913 mem# 0
Undo initialization finished
ORA-32133: Cannot get stream from LOB/FILE
Thread 1 advanced to log sequence 895
ARC0: Archival started
Thread 1 advanced to log sequence 614
Thread 1 advanced to log sequence 964
Thread 1 advanced to log sequence 300
ORA-06321: IPA: Cannot reach the remote side
Completed checkpoint up to RBA
Current log# 246 seq# 1034 mem# 0
Starting background process VKTM
NID-00350: SYSAUX ( number ) _SYSSMU7$
Errors in file /u01/app/oracle/diag/rdbms/ttprod/ttprod1/trace/ttprod1_ora_43484.trc
Undo initialization finished
ORA-37098: (XSOBJORG_BAD_MODEL) invalid property " BILLING.CUST_ORDERS " specified for dimension calculation model " 5000 . SYSAUX . reporting_schema "
Errors in file /u01/app/oracle/diag/rdbms/ttprod/ttprod1/trace/ttprod1_ora_71500.trc
Beginning log switch checkpoint up to RBA
RMAN-06452: ttstandby01 package upgraded to version USERS
ARC0: Archival started
ARC0: Archival started
Beginning log switch checkpoint up to RBA
ARC0: Archival started
Completed checkpoint up to RBA
CRS-05025: File system " pk_orders " unmounted
Starting background process VKTM
ORA-36610: (XSLMS00) Unable to locate a message file for OLAP message: value
Current log# 709 seq# 1608 mem# 0
Current log# 48 seq# 3083 mem# 0
NID-00336: The following datafiles are offline clean:
Undo initialization finished
Undo initialization finished
Completed checkpoint up to RBA
ORA-55330: rulebase or rules index _SYSSMU7$ is busy
Completed checkpoint up to RBA
Current log# 493 seq# 6124 mem# 0
ARC0: Archival started
ORA-09282: sllfrb: error reading records
Starting background process VKTM
Completed checkpoint up to RBA
Thread 1 advanced to log sequence 768
Current log# 930 seq# 4817 mem# 0
INS-32062: Unable to create CDR_STAGING at the specified location.
Undo initialization finished
ARC0: Archival started
Starting background process VKTM
Current log# 140 seq# 6001 mem# 0
TNS-04088: Unable to close atleast one of the connections.
ARC0: Archival started
Archived Log entry 905 added for thread 1 sequence 9344
Thread 1 advanced to log sequence 680
ORA-39932: Extensible Index NETWORK_OPS.SIM_INVENTORY . SYSAUX not fully contained in the transportable set.
ARC0: Archival started
Undo initialization finished
RMAN-08137: WARNING: archived log not deleted, needed for standby or upstream capture process
ARC0: Archival started
ORA-46090: Requested event handler not registered for the event
Completed checkpoint up to RBA
Archived Log entry 483 added for thread 1 sequence 9220
ARC0: Archival started
Archived Log entry 915 added for thread 1 sequence 3257
Archived Log entry 503 added for thread 1 sequence 5620
RMAN-05074: Tablespace INVOICE_LINES_IDX does not exist at specified point-in-time SCN BILLING.CUST_ORDERS
Undo initialization finished
Starting background process VKTM
Undo initialization finished
Current log# 37 seq# 1399 mem# 0
Current log# 966 seq# 2617 mem# 0
ORA-00367: checksum error in log file header
Errors in file /u01/app/oracle/diag/rdbms/ttprod/ttprod1/trace/ttprod1_ora_30534.trc
Thread 1 advanced to log sequence 70
NNO-00328: server has reset statistic counters to zero
ARC0: Archival started
Undo initialization finished
Completed checkpoint up to RBA
PCC-02320: arithmetic expression does not have correct operand types
Completed checkpoint up to RBA
NCR-02006: NCRF: Invalid floating point representation received
Beginning log switch checkpoint up to RBA
Beginning log switch checkpoint up to RBA
NID-00422: Change of database ID failed during validation - database is intact.
Thread 1 advanced to log sequence 184
Starting background process VKTM
ORA-39925: LOB segment CRM.CALL_DETAIL_RECORDS . shared pool in tablespace DATA_TS01 points to table SYSAUX . 3 in tablespace USERS .
ARC0: Archival started
Beginning log switch checkpoint up to RBA
Current log# 196 seq# 1455 mem# 0
Undo initialization finished
OCI-30175: invalid type given for an argument
ARC0: Archival started
Archived Log entry 575 added for thread 1 sequence 5835
Archived Log entry 661 added for thread 1 sequence 7417
ORA-15038: disk ' BILLING.CUST_ORDERS ' mismatch on ' USERS ' with target disk group [ pg_toast_12345 ] [ /u01/app/oracle/oradata/ttprod/users01.dbf ]
Archived Log entry 901 added for thread 1 sequence 3344
Current log# 156 seq# 2123 mem# 0
RMAN-07252: ========================
Errors in file /u01/app/oracle/diag/rdbms/ttprod/ttprod1/trace/ttprod1_ora_88945.trc
ARC0: Archival started
Undo initialization finished
ORA-13713: Finding name " UNDOTBS1 " does not exist. Look in DBA_ADVISOR_FINDING_NAMES for all valid values
Errors in file /u01/app/oracle/diag/rdbms/ttprod/ttprod1/trace/ttprod1_ora_94066.trc
Archived Log entry 751 added for thread 1 sequence 8184
ORA-15231: advancing diskgroup compatibility would exclude connected clients
Completed checkpoint up to RBA
ORA-16646: fast-start failover is disabled
Completed checkpoint up to RBA
TNS-00144: PUMP_CONNECTIONS value in INTCHG.ORA is too large.
ARC0: Archival started
Thread 1 advanced to log sequence 751
NCR-04003: NCRR: Interface exists
Errors in file /u01/app/oracle/diag/rdbms/ttprod/ttprod1/trace/ttprod1_ora_14359.trc
Thread 1 advanced to log sequence 569
Current log# 319 seq# 8995 mem# 0
Thread 1 advanced to log sequence 228
Starting background process VKTM
ORA-29909: label for the ancillary operator is not a literal number
Thread 1 advanced to log sequence 235
Current log# 814 seq# 8065 mem# 0
Beginning log switch checkpoint up to RBA
Thread 1 advanced to log sequence 597
PRCI-01129: Failed to check Oracle Restart configuration state on node {1}
Errors in file /u01/app/oracle/diag/rdbms/ttprod/ttprod1/trace/ttprod1_ora_40852.trc
Beginning log switch checkpoint up to RBA
Beginning log switch checkpoint up to RBA
Completed checkpoint up to RBA
Beginning log switch checkpoint up to RBA
ORA-27271: szingroup: group lookup failure
Errors in file /u01/app/oracle/diag/rdbms/ttprod/ttprod1/trace/ttprod1_ora_85109.trc
Completed checkpoint up to RBA
Thread 1 advanced to log sequence 443
Starting background process VKTM
ARC0: Archival started
Current log# 85 seq# 3701 mem# 0
PGA-20922: no data available to receive: number bytes were requested
Thread 1 advanced to log sequence 648
Completed checkpoint up to RBA
Archived Log entry 951 added for thread 1 sequence 6628
Undo initialization finished
PRKO-02049: Invalid name-value INVOICE_LINES_IDX: {0}
Completed checkpoint up to RBA
Current log# 68 seq# 4129 mem# 0
Starting background process VKTM
ARC0: Archival started
ORA-12650: No common encryption or data integrity algorithm
ARC0: Archival started
Undo initialization finished
Beginning log switch checkpoint up to RBA
RMAN-06510: RMAN retention policy is set to recovery window of number days
Errors in file /u01/app/oracle/diag/rdbms/ttprod/ttprod1/trace/ttprod1_ora_23248.trc
Completed checkpoint up to RBA
Completed checkpoint up to RBA
Starting background process VKTM
Thread 1 advanced to log sequence 585
Archived Log entry 641 added for thread 1 sequence 4329
PRCT-01207: Failed to set the ORACLE_SID for running asmcmd from CRS home location {0}
Archived Log entry 236 added for thread 1 sequence 6722
ARC0: Archival started
Current log# 121 seq# 8896 mem# 0
ARC0: Archival started
EVM-00401: Failed to open binary event library file
Beginning log switch checkpoint up to RBA
RMAN-08553: channel _SYSSMU12$ : restoring control file from AUTOBACKUP pk_orders
Completed checkpoint up to RBA
Current log# 805 seq# 3067 mem# 0
Beginning log switch checkpoint up to RBA
Archived Log entry 889 added for thread 1 sequence 5159
ARC0: Archival started
QSM-02187: materialized view on external table
Archived Log entry 1 added for thread 1 sequence 7784
Beginning log switch checkpoint up to RBA
Undo initialization finished
Undo initialization finished
Completed checkpoint up to RBA
PRCT-01128: ACFS is not supported on this operating system
Beginning log switch checkpoint up to RBA
Archived Log entry 11 added for thread 1 sequence 3315
Undo initialization finished
Undo initialization finished
ORA-25141: invalid EXTENT MANAGEMENT clause
ARC0: Archival started
OCI-21570: current 5000 LCR has unreceived chunk data
Archived Log entry 397 added for thread 1 sequence 6831
Archived Log entry 636 added for thread 1 sequence 3568
Current log# 995 seq# 6607 mem# 0
ARC0: Archival started
Archived Log entry 725 added for thread 1 sequence 8515
PRCT-01014: Internal error: {0}
Completed checkpoint up to RBA
Current log# 295 seq# 2059 mem# 0
Archived Log entry 352 added for thread 1 sequence 1560
Completed checkpoint up to RBA
ORA-47390: failed to audit event, idx_users_email
Current log# 788 seq# 5596 mem# 0
Starting background process VKTM
ARC0: Archival started
ORA-04008: START WITH cannot be more than MAXVALUE
ARC0: Archival started
Completed checkpoint up to RBA
Undo initialization finished
RMAN-08130: failover to copy on device type NETWORK_OPS.SIM_INVENTORY
Beginning log switch checkpoint up to RBA
Archived Log entry 602 added for thread 1 sequence 2751
PLS-00229: Attribute expression within SQL expression
Completed checkpoint up to RBA
ORA-14128: FOREIGN KEY constraint mismatch in ALTER TABLE EXCHANGE PARTITION
Errors in file /u01/app/oracle/diag/rdbms/ttprod/ttprod1/trace/ttprod1_ora_40000.trc
Undo initialization finished
Thread 1 advanced to log sequence 214
Starting background process VKTM
RMAN-07514: =======================================
ARC0: Archival started
Current log# 711 seq# 1892 mem# 0
Thread 1 advanced to log sequence 948
Completed checkpoint up to RBA
RMAN-08590: channel /u01/app/oracle/oradata/ttprod/users01.dbf : datafile conversion complete, elapsed time: user_sessions
ARC0: Archival started
ORA-48008: id is already used by an existing product type
Errors in file /u01/app/oracle/diag/rdbms/ttprod/ttprod1/trace/ttprod1_ora_29143.trc
Undo initialization finished
Thread 1 advanced to log sequence 225
ORA-41031: Destination session key not specified for sid pg_toast_12345 serial# pk_orders
Starting background process VKTM
Thread 1 advanced to log sequence 186
Current log# 997 seq# 4592 mem# 0
ORA-29526: created Java class _SYSSMU7$ " PK_CUSTOMER_ACCOUNTS "
Beginning log switch checkpoint up to RBA
Current log# 779 seq# 8139 mem# 0
ORA-14121: MODIFY DEFAULT ATTRIBUTES may not be combined with other operations
Current log# 881 seq# 5714 mem# 0
Starting background process VKTM
Current log# 67 seq# 7480 mem# 0
ORA-41660: ordering property for the rule class is too long
Archived Log entry 764 added for thread 1 sequence 3491
Starting background process VKTM
Thread 1 advanced to log sequence 889
Archived Log entry 551 added for thread 1 sequence 9294
Current log# 109 seq# 3825 mem# 0
ORA-39046: Metadata remap USERS has already been specified.
Errors in file /u01/app/oracle/diag/rdbms/ttprod/ttprod1/trace/ttprod1_ora_35571.trc
ARC0: Archival started
Archived Log entry 698 added for thread 1 sequence 2495
ORA-01944: IDENTIFIED EXTERNALLY already specified
Errors in file /u01/app/oracle/diag/rdbms/ttprod/ttprod1/trace/ttprod1_ora_63835.trc
Current log# 615 seq# 3481 mem# 0
Thread 1 advanced to log sequence 973
Undo initialization finished
Archived Log entry 557 added for thread 1 sequence 5909
Current log# 792 seq# 3558 mem# 0
CRS-01637: Unable to locate configured voting file with ID INVOICE_LINES_IDX ; details at user_sessions in 1024
ARC0: Archival started
Completed checkpoint up to RBA
ARC0: Archival started
Beginning log switch checkpoint up to RBA
ORA-39938: Operation not supported, tablespace APP_USER42 contains binary XML data.
Archived Log entry 787 added for thread 1 sequence 7760
Starting background process VKTM
Completed checkpoint up to RBA
Starting background process VKTM
PGU-42015: multiple USERS clauses found
Undo initialization finished
Archived Log entry 785 added for thread 1 sequence 7543
RMAN-04000: memory allocation failure
Completed checkpoint up to RBA
Thread 1 advanced to log sequence 187
PCB-00200: Cannot equivalence PIC N or PIC G variable " ttprod2 "
Undo initialization finished
Completed checkpoint up to RBA
Thread 1 advanced to log sequence 533
Starting background process VKTM
CRS-09001: Internal Error
Starting background process VKTM
ORA-02311: cannot alter with COMPILE option a valid type with type or table dependents
Errors in file /u01/app/oracle/diag/rdbms/ttprod/ttprod1/trace/ttprod1_ora_41803.trc
Beginning log switch checkpoint up to RBA
ARC0: Archival started
Completed checkpoint up to RBA
RMAN-06121: uncataloged control file copy
Starting background process VKTM
Beginning log switch checkpoint up to RBA
DRG-13305: 'off' attribute value must be in the range user_sessions .. app_db , at line ttstandby01
Completed checkpoint up to RBA
Thread 1 advanced to log sequence 531
Current log# 196 seq# 8751 mem# 0
Beginning log switch checkpoint up to RBA
Current log# 42 seq# 2568 mem# 0
PGA-21108: cold start complete for local LU USERS
Undo initialization finished
CRS-02778: Failed to delete server pool ' pg_toast_12345 ' from repository. Details at SP2-0552 in app_db .
Completed checkpoint up to RBA
ARC0: Archival started
ARC0: Archival started
Beginning log switch checkpoint up to RBA
Archived Log entry 484 added for thread 1 sequence 9279
RMAN-06400: database opened
Errors in file /u01/app/oracle/diag/rdbms/ttprod/ttprod1/trace/ttprod1_ora_92134.trc
Undo initialization finished
Archived Log entry 979 added for thread 1 sequence 2029
ARC0: Archival started
RMAN-06521: archived logs required to recover from this backup will expire when this backup expires
Errors in file /u01/app/oracle/diag/rdbms/ttprod/ttprod1/trace/ttprod1_ora_29365.trc
Completed checkpoint up to RBA
ORA-01276: Cannot add file fk_order_customer . File has an Oracle Managed Files file name.
Errors in file /u01/app/oracle/diag/rdbms/ttprod/ttprod1/trace/ttprod1_ora_68361.trc
Beginning log switch checkpoint up to RBA
Undo initialization finished
Archived Log entry 672 added for thread 1 sequence 6232
ARC0: Archival started
RMAN-06780: database unregistered from the source recovery catalog
Beginning log switch checkpoint up to RBA
Completed checkpoint up to RBA
Thread 1 advanced to log sequence 585
Current log# 339 seq# 8733 mem# 0
Starting background process VKTM
RMAN-06785: This operation might take some time.
Beginning log switch checkpoint up to RBA
Thread 1 advanced to log sequence 755
Thread 1 advanced to log sequence 882
Archived Log entry 423 added for thread 1 sequence 9454
JMS-00441: {0} cannot be null
Current log# 907 seq# 4112 mem# 0
Current log# 557 seq# 5420 mem# 0
ORA-19675: file 3 was modified during proxy copy
ARC0: Archival started
Starting background process VKTM
Completed checkpoint up to RBA
Completed checkpoint up to RBA
Beginning log switch checkpoint up to RBA
CLST-02906: Clustername should be between 1 and APP_USER42 letters.
Current log# 771 seq# 2788 mem# 0
Archived Log entry 809 added for thread 1 sequence 5192
Starting background process VKTM
Archived Log entry 403 added for thread 1 sequence 4104
ORA-00313: open failed for members of log group reporting_schema of thread session_1123
Completed checkpoint up to RBA
ARC0: Archival started
Thread 1 advanced to log sequence 893
Archived Log entry 361 added for thread 1 sequence 4095
Beginning log switch checkpoint up to RBA
ORA-39906: Constraint ttprod1 between table PK_CUSTOMER_ACCOUNTS . TNS_ADMIN in tablespace user_sessions and table DATA_TS01 . session_1123 in tablespace app_db .
Starting background process VKTM
ARC0: Archival started
Beginning log switch checkpoint up to RBA
Starting background process VKTM
Thread 1 advanced to log sequence 445
ORA-00827: could not shrink sga_target to specified value
ARC0: Archival started
Beginning log switch checkpoint up to RBA
Starting background process VKTM
PROT-00026: Oracle Cluster Registry backup locations were retrieved from a local copy
Completed checkpoint up to RBA
ORA-53035: The rows for the mapping document ( shared pool ) do not exist.
Archived Log entry 70 added for thread 1 sequence 2755
Thread 1 advanced to log sequence 615
Archived Log entry 706 added for thread 1 sequence 1019
Thread 1 advanced to log sequence 18
Undo initialization finished
CRS-09070: The new Cluster Health Monitor repository retention time is number seconds.
ARC0: Archival started
KUP-05008: Warning: Intra source concurrency disabled because the input data is in DELIMITED record format and the characterset is neither fixed width nor UTF8.
Beginning log switch checkpoint up to RBA
Thread 1 advanced to log sequence 285
ARC0: Archival started
ORA-13526: baseline ( shared pool ) does not exist
Errors in file /u01/app/oracle/diag/rdbms/ttprod/ttprod1/trace/ttprod1_ora_30893.trc
Thread 1 advanced to log sequence 30
Completed checkpoint up to RBA
RMAN-05543: DUPLICATE without TARGET connection requires that DATABASE is specified
Thread 1 advanced to log sequence 843
Archived Log entry 83 added for thread 1 sequence 7296
Starting background process VKTM
PLS-00560: character set mismatch
Beginning log switch checkpoint up to RBA
Archived Log entry 644 added for thread 1 sequence 8489
ARC0: Archival started
Completed checkpoint up to RBA
Thread 1 advanced to log sequence 752
ORA-01876: year must be at least -4713
Archived Log entry 600 added for thread 1 sequence 1503
Thread 1 advanced to log sequence 593
ARC0: Archival started
Thread 1 advanced to log sequence 346
ORA-47401: Realm violation for INVOICE_LINES_IDX on pk_orders . fk_order_customer
Archived Log entry 558 added for thread 1 sequence 7049
Archived Log entry 561 added for thread 1 sequence 5891
Completed checkpoint up to RBA
RMAN-08006: database registered in recovery catalog
ARC0: Archival started
ORA-07478: scgcmn: cannot get lock status.
Thread 1 advanced to log sequence 226
ARC0: Archival started
Thread 1 advanced to log sequence 70
Undo initialization finished
Archived Log entry 74 added for thread 1 sequence 9122
NNL-00004: invalid command argument " large pool "
Archived Log entry 685 added for thread 1 sequence 9823
Completed checkpoint up to RBA
Undo initialization finished
Beginning log switch checkpoint up to RBA
Completed checkpoint up to RBA
PCC-00112: Datatype not supported by ANSI
Starting background process VKTM
Archived Log entry 801 added for thread 1 sequence 9826
ORA-12094: error during online redefinition
Beginning log switch checkpoint up to RBA
Thread 1 advanced to log sequence 43
ORA-00091: LARGE_POOL_SIZE must be at least pk_orders
Errors in file /u01/app/oracle/diag/rdbms/ttprod/ttprod1/trace/ttprod1_ora_14167.trc
Completed checkpoint up to RBA
ARC0: Archival started
JMS-00109: Class not found: {0}
Errors in file /u01/app/oracle/diag/rdbms/ttprod/ttprod1/trace/ttprod1_ora_92058.trc
Current log# 661 seq# 2411 mem# 0
Completed checkpoint up to RBA
Thread 1 advanced to log sequence 388
Undo initialization finished
Undo initialization finished
RMAN-08072: deleted control file copy
Completed checkpoint up to RBA
Starting background process VKTM
Undo initialization finished
Thread 1 advanced to log sequence 719
XOQ-01749: Dimension member " user_sessions " is not a member of dimension " ttprod2 ".
Current log# 347 seq# 8182 mem# 0
Current log# 354 seq# 4200 mem# 0
ORA-47901: OLS policy not specified
Errors in file /u01/app/oracle/diag/rdbms/ttprod/ttprod1/trace/ttprod1_ora_49653.trc
Thread 1 advanced to log sequence 538
IMG-02014: 2202D Data exception - Null image value
Completed checkpoint up to RBA
Beginning log switch checkpoint up to RBA
PRKO-03133: Database {0} has no instance on node {1}
ARC0: Archival started
Completed checkpoint up to RBA
Undo initialization finished
ARC0: Archival started
PRCD-01002: Database {0} is dependent upon server pool {1}
ARC0: Archival started
Thread 1 advanced to log sequence 894
Undo initialization finished
PRKO-02133: Options '-g', '-r' and '-a' cannot be used to modify services for RAC One Node database {0}
Current log# 800 seq# 9925 mem# 0
Beginning log switch checkpoint up to RBA
Archived Log entry 709 added for thread 1 sequence 9636
Completed checkpoint up to RBA
ORA-04022: nowait requested, but had to wait to lock dictionary object
Errors in file /u01/app/oracle/diag/rdbms/ttprod/ttprod1/trace/ttprod1_ora_22813.trc
Archived Log entry 829 added for thread 1 sequence 2408
Archived Log entry 557 added for thread 1 sequence 3492
Beginning log switch checkpoint up to RBA
Thread 1 advanced to log sequence 989
CRS-02342: GPnP messaging received error : shared pool ( SP2-0552 ).
Starting background process VKTM
Undo initialization finished
Thread 1 advanced to log sequence 180
ARC0: Archival started
ORA-55631: Table has columns with data types that are not supported by Flashback Data Archive
Undo initialization finished
Starting background process VKTM
Thread 1 advanced to log sequence 958
Archived Log entry 878 added for thread 1 sequence 6509
Completed checkpoint up to RBA
PRCD-01019: Failed to retrieve Oracle home of database {0}
Undo initialization finished
SQL-02103: Inconsistent cursor cache. Out of range cursor cache reference
Completed checkpoint up to RBA
Starting background process VKTM
ARC0: Archival started
Beginning log switch checkpoint up to RBA
NNO-00303: server " 1024 " started with process ID number
ARC0: Archival started
ORA-02820: Unable to write the requested number of blocks
Current log# 302 seq# 1401 mem# 0
Current log# 396 seq# 4461 mem# 0
PRCR-01007: Failed to check status of resource {0}
Thread 1 advanced to log sequence 18
Completed checkpoint up to RBA
ORA-22925: operation would exceed maximum size allowed for a LOB value
Current log# 852 seq# 5126 mem# 0
ARC0: Archival started
Beginning log switch checkpoint up to RBA
Undo initialization finished
NNL-00906: NOT A LEAF NAME responses sent: number
Errors in file /u01/app/oracle/diag/rdbms/ttprod/ttprod1/trace/ttprod1_ora_99452.trc
Archived Log entry 120 added for thread 1 sequence 6136
ARC0: Archival started
ORA-28369: cannot add files to encryption-ready tablespace when offline
Beginning log switch checkpoint up to RBA
Current log# 259 seq# 7930 mem# 0
ORA-28550: pass-through SQL: cursor not found
Archived Log entry 678 added for thread 1 sequence 2821
Beginning log switch checkpoint up to RBA
Archived Log entry 953 added for thread 1 sequence 9039
Completed checkpoint up to RBA
ORA-09806: Allocation of label 17 buffer failed.
Thread 1 advanced to log sequence 462
Starting background process VKTM
Current log# 413 seq# 7856 mem# 0
RMAN-06958: Executing: APP_USER42
Completed checkpoint up to RBA
ARC0: Archival started
ORA-04009: MAXVALUE cannot be made to be less than the current value
Errors in file /u01/app/oracle/diag/rdbms/ttprod/ttprod1/trace/ttprod1_ora_10021.trc
Beginning log switch checkpoint up to RBA
Thread 1 advanced to log sequence 951
Beginning log switch checkpoint up to RBA
Thread 1 advanced to log sequence 167
Undo initialization finished
RMAN-08160: script commands will be loaded from file UNDOTBS1
ARC0: Archival started
ORA-07443: function /u01/app/oracle/oradata/ttprod/users01.dbf not found
Starting background process VKTM
Completed checkpoint up to RBA
Current log# 483 seq# 7212 mem# 0
PCC-00107: The CONNECT statement is Oracle implementation dependent
Undo initialization finished
Thread 1 advanced to log sequence 433
EXP-00076: multiple devices specified for tape output
Completed checkpoint up to RBA
Current log# 475 seq# 4171 mem# 0
Thread 1 advanced to log sequence 291
Starting background process VKTM
RMAN-05050: flashing back control file to SCN TNS_ADMIN
ARC0: Archival started
Beginning log switch checkpoint up to RBA
ARC0: Archival started
Beginning log switch checkpoint up to RBA
DRG-11446: supplied knowledge base file session_1123 not installed
Errors in file /u01/app/oracle/diag/rdbms/ttprod/ttprod1/trace/ttprod1_ora_21704.trc
Current log# 133 seq# 9181 mem# 0
Beginning log switch checkpoint up to RBA
ARC0: Archival started
Beginning log switch checkpoint up to RBA
Current log# 589 seq# 8108 mem# 0
NCR-03022: NCRO: Cannot send the break
Errors in file /u01/app/oracle/diag/rdbms/ttprod/ttprod1/trace/ttprod1_ora_60798.trc
Thread 1 advanced to log sequence 807
Beginning log switch checkpoint up to RBA
Archived Log entry 831 added for thread 1 sequence 6001
ARC0: Archival started
Completed checkpoint up to RBA
RMAN-08501: output file name= large pool RECID= UNDOTBS1 STAMP= fk_order_customer
Current log# 193 seq# 4138 mem# 0
ARC0: Archival started
PCC-00108: This statement is not supported by ANSI
Errors in file /u01/app/oracle/diag/rdbms/ttprod/ttprod1/trace/ttprod1_ora_42466.trc
Archived Log entry 743 added for thread 1 sequence 4266
Undo initialization finished
Thread 1 advanced to log sequence 525
Archived Log entry 620 added for thread 1 sequence 5835
RMAN-05503: at least one auxiliary channel must be allocated to execute this command
Errors in file /u01/app/oracle/diag/rdbms/ttprod/ttprod1/trace/ttprod1_ora_79254.trc
Thread 1 advanced to log sequence 400
Archived Log entry 835 added for thread 1 sequence 7221
Undo initialization finished
Current log# 195 seq# 6415 mem# 0
Archived Log entry 845 added for thread 1 sequence 3146
RMAN-08022: channel USERS : restoring archived log
Errors in file /u01/app/oracle/diag/rdbms/ttprod/ttprod1/trace/ttprod1_ora_10221.trc
ARC0: Archival started
Undo initialization finished
Undo initialization finished
Completed checkpoint up to RBA
Undo initialization finished
INS-30131: Initial setup required for the execution of installer validations failed.
Undo initialization finished
Thread 1 advanced to log sequence 402
Thread 1 advanced to log sequence 995
Thread 1 advanced to log sequence 989
Starting background process VKTM
ORA-07578: szprv: $FIND_HELD failure
Beginning log switch checkpoint up to RBA
ORA-06774: TLI Driver: error sending break mode
Completed checkpoint up to RBA
Thread 1 advanced to log sequence 469
Archived Log entry 210 added for thread 1 sequence 7199
RMAN-06201: Deleted _SYSSMU7$ objects
Archived Log entry 224 added for thread 1 sequence 8564
ORA-36669: (XSDPART07) /u01/app/oracle/oradata/ttprod/users01.dbf is not a legal LIST partition.
Beginning log switch checkpoint up to RBA
Starting background process VKTM
Starting background process VKTM
LFI-01504: fseek() failed(OSD return value = shared pool ) in user_sessions .
Undo initialization finished
Completed checkpoint up to RBA
ARC0: Archival started
Thread 1 advanced to log sequence 100
Undo initialization finished
ORA-39909: Index pg_toast_12345 . /u01/app/oracle/oradata/ttprod/users01.dbf in tablespace session_1123 points to table/cluster UNDOTBS1 . _SYSSMU12$ in tablespace APP_USER42 .
Undo initialization finished
LFI-01508: access() failed.
ARC0: Archival started
ORA-09749: pws_look_up: port lookup failure
Errors in file /u01/app/oracle/diag/rdbms/ttprod/ttprod1/trace/ttprod1_ora_61694.trc
Beginning log switch checkpoint up to RBA
ARC0: Archival started
Archived Log entry 829 added for thread 1 sequence 4161
ORA-16535: Oracle Restart or Oracle Clusterware prevented completion of broker operation
Archived Log entry 489 added for thread 1 sequence 2884
Beginning log switch checkpoint up to RBA
ORA-15304: operation requires ACCESS_CONTROL.ENABLED attribute to be TRUE
ARC0: Archival started
LPX-01133: [XUTY0005] Invalid target expression for 'insert'
Undo initialization finished
Completed checkpoint up to RBA
Undo initialization finished
Archived Log entry 347 added for thread 1 sequence 8021
Completed checkpoint up to RBA
ORA-19779: could not obtain resilvering status for change tracking file
Errors in file /u01/app/oracle/diag/rdbms/ttprod/ttprod1/trace/ttprod1_ora_89066.trc
