Sat Jul 04 13:00:00 2026
Undo initialization finished
Undo initialization finished
ARC0: Archival started
Archived Log entry 416 added for thread 1 sequence 9851
Undo initialization finished
PRCD-01073: Failed to update stop options for database {0}
Completed checkpoint up to RBA
Thread 1 advanced to log sequence 695
Undo initialization finished
Archived Log entry 671 added for thread 1 sequence 5592
ORA-55461: no distance information available
Starting background process VKTM
ARC0: Archival started
Undo initialization finished
Undo initialization finished
ORA-06901: CMX: no local name assigned to local application
Errors in file /u01/app/oracle/diag/rdbms/ttprod/ttprod1/trace/ttprod1_ora_19479.trc
Archived Log entry 403 added for thread 1 sequence 6239
ORA-02380: profile app_db does not exist
Current log# 964 seq# 1865 mem# 0
Thread 1 advanced to log sequence 350
Thread 1 advanced to log sequence 711
RMAN-06724: backup not done; all files already backed up
Errors in file /u01/app/oracle/diag/rdbms/ttprod/ttprod1/trace/ttprod1_ora_24400.trc
Completed checkpoint up to RBA
ARC0: Archival started
Beginning log switch checkpoint up to RBA
Undo initialization finished
Starting background process VKTM
OCI-31075: invalid /u01/app/oracle/oradata/ttprod/users01.dbf declaration in XML Schema
Undo initialization finished
Completed checkpoint up to RBA
ORA-36682: (XSDPART20) Partition name _SYSSMU7$ appears twice.
Thread 1 advanced to log sequence 81
Undo initialization finished
ORA-23497: repgroup name cannot be null
Starting background process VKTM
Archived Log entry 838 added for thread 1 sequence 3140
Thread 1 advanced to log sequence 778
ORA-24125: Object UNDOTBS1 . 17 has changed
Undo initialization finished
ORA-13184: failed to initialize tessellation package
ARC0: Archival started
Thread 1 advanced to log sequence 691
Archived Log entry 788 added for thread 1 sequence 1752
ORA-24023: Internal error in DBMS_AQ_EXP_INTERNAL. 3 [ user_sessions ] [ app_db ]
Starting background process VKTM
Starting background process VKTM
Thread 1 advanced to log sequence 497
Beginning log switch checkpoint up to RBA
Beginning log switch checkpoint up to RBA
ORA-16822: new primary database not yet ready for standby database reinstatement
Completed checkpoint up to RBA
ORA-12414: internal LBAC error: /u01/app/oracle/oradata/ttprod/users01.dbf Error: large pool
ARC0: Archival started
Archived Log entry 830 added for thread 1 sequence 6603
Beginning log switch checkpoint up to RBA
Archived Log entry 529 added for thread 1 sequence 2146
ORA-19269: XQST0049 - variable fk_order_customer defined multiple times
Thread 1 advanced to log sequence 548
Undo initialization finished
Completed checkpoint up to RBA
RMAN-08030: allocated channel: shared pool
ARC0: Archival started
Beginning log switch checkpoint up to RBA
Archived Log entry 514 added for thread 1 sequence 1941
Beginning log switch checkpoint up to RBA
NNO-00268: warning: configuration database is not used, using checkpoint data instead
Beginning log switch checkpoint up to RBA
RMAN-06212: Object Type Filename/Handle
Thread 1 advanced to log sequence 559
Undo initialization finished
Archived Log entry 204 added for thread 1 sequence 9717
Undo initialization finished
PRVF-05718: Command "{0}" failed to execute on node "{1}". The output produced by the command is: "{2}"
Undo initialization finished
Thread 1 advanced to log sequence 226
Starting background process VKTM
PLS-01916: SECURITY level specification exceeds ASSEMBLY SECURITY specification
Starting background process VKTM
ORA-15402: insufficient number of disks to support ASM appliance ' TNS_ADMIN '
Undo initialization finished
Starting background process VKTM
NNL-00530: quit|exit : exit the names control program
Archived Log entry 449 added for thread 1 sequence 8373
Starting background process VKTM
Starting background process VKTM
ARC0: Archival started
Beginning log switch checkpoint up to RBA
TNS-01070: Starting reporting_schema : please wait...
Current log# 251 seq# 4352 mem# 0
PRVF-04087: Node connectivity check failed
ARC0: Archival started
Undo initialization finished
Archived Log entry 235 added for thread 1 sequence 5465
RMAN-06747: at least 1 channel of tertiary storage must be allocated to execute this command
Undo initialization finished
Undo initialization finished
ORA-14110: partitioning column may not be of type ROWID
Completed checkpoint up to RBA
Archived Log entry 829 added for thread 1 sequence 8939
ARC0: Archival started
Current log# 274 seq# 6092 mem# 0
Current log# 346 seq# 6276 mem# 0
JMS-00142: JMS topic must be created in multi-consumer enabled queue tables
Archived Log entry 540 added for thread 1 sequence 4170
Completed checkpoint up to RBA
Thread 1 advanced to log sequence 404
ORA-01718: BY ACCESS | SESSION clause not allowed for NOAUDIT
Starting background process VKTM
Current log# 59 seq# 9276 mem# 0
Undo initialization finished
ORA-19509: failed to delete sequential file, handle=" shared pool ", parms=" UNDOTBS1 "
Beginning log switch checkpoint up to RBA
Undo initialization finished
Thread 1 advanced to log sequence 604
Starting background process VKTM
Beginning log switch checkpoint up to RBA
OCI-21574: Invalid data type ( ttprod2 ) specified for LOB chunk.
Errors in file /u01/app/oracle/diag/rdbms/ttprod/ttprod1/trace/ttprod1_ora_81822.trc
ARC0: Archival started
Undo initialization finished
XOQ-02112: invalid XML attribute " ttstandby01 " with value " fk_order_customer " for element " 5000 "
ARC0: Archival started
Current log# 470 seq# 4466 mem# 0
Completed checkpoint up to RBA
ORA-19502: Write error on backup piece / file
Current log# 333 seq# 4133 mem# 0
Archived Log entry 938 added for thread 1 sequence 4622
Thread 1 advanced to log sequence 757
Current log# 470 seq# 3561 mem# 0
PRCN-03017: Specified check interval of {0} minutes exceeds the maximum check interval {1} minutes
Errors in file /u01/app/oracle/diag/rdbms/ttprod/ttprod1/trace/ttprod1_ora_61140.trc
Beginning log switch checkpoint up to RBA
ARC0: Archival started
ORA-26748: The one-to-one transformation function reporting_schema encountered the following error: CDR_STAGING
Errors in file /u01/app/oracle/diag/rdbms/ttprod/ttprod1/trace/ttprod1_ora_80635.trc
Thread 1 advanced to log sequence 727
Beginning log switch checkpoint up to RBA
Thread 1 advanced to log sequence 543
RMAN-08150: created global script large pool
Completed checkpoint up to RBA
Archived Log entry 122 added for thread 1 sequence 1446
Beginning log switch checkpoint up to RBA
KUP-04024: field end is before field start
Thread 1 advanced to log sequence 733
Thread 1 advanced to log sequence 420
ARC0: Archival started
Beginning log switch checkpoint up to RBA
Beginning log switch checkpoint up to RBA
ORA-16420: fast-start failover target cannot be converted to snapshot standby
Starting background process VKTM
Thread 1 advanced to log sequence 817
Beginning log switch checkpoint up to RBA
PLS-00113: END identifier ' 3 ' must match ' INVOICE_LINES_IDX ' at line NETWORK_OPS.SIM_INVENTORY , column SP2-0552
Beginning log switch checkpoint up to RBA
ARC0: Archival started
ARC0: Archival started
Beginning log switch checkpoint up to RBA
Current log# 155 seq# 4400 mem# 0
ORA-19741: 3 exceeds maximum allowable length of SYSAUX for parameter ' shared pool '
Errors in file /u01/app/oracle/diag/rdbms/ttprod/ttprod1/trace/ttprod1_ora_83191.trc
ARC0: Archival started
Archived Log entry 843 added for thread 1 sequence 9442
Starting background process VKTM
Undo initialization finished
ORA-33306: (DBVALID03) The AW VALIDATE command cannot be used with read-only analytic workspace 3 .
ARC0: Archival started
Starting background process VKTM
Undo initialization finished
RMAN-06905: backup of backup set key number was cancelled
ARC0: Archival started
Archived Log entry 283 added for thread 1 sequence 6573
Starting background process VKTM
PLS-00643: booleans, index tables, records and cursors not allowed in SQL statements
Starting background process VKTM
Undo initialization finished
Current log# 791 seq# 4953 mem# 0
Completed checkpoint up to RBA
QSM-02124: object type in WHERE clause
Beginning log switch checkpoint up to RBA
Archived Log entry 811 added for thread 1 sequence 7271
Archived Log entry 850 added for thread 1 sequence 2501
Archived Log entry 489 added for thread 1 sequence 8550
Undo initialization finished
RMAN-08580: channel NETWORK_OPS.SIM_INVENTORY : starting datafile copy
Undo initialization finished
ORA-15522: failed to generate a workload capture subset: " fk_order_customer "
Archived Log entry 917 added for thread 1 sequence 1368
Archived Log entry 659 added for thread 1 sequence 2824
Current log# 782 seq# 3298 mem# 0
RMAN-08521: offline range RECID= SP2-0552 STAMP= pg_toast_12345
Current log# 600 seq# 8323 mem# 0
Thread 1 advanced to log sequence 187
ORA-36271: (XSCGMDLAGG11) workspace object is not in the dimension list of valueset workspace object .
Starting background process VKTM
Starting background process VKTM
Archived Log entry 824 added for thread 1 sequence 9866
Starting background process VKTM
Archived Log entry 288 added for thread 1 sequence 2215
RMAN-06207: WARNING: APP_USER42 objects could not be deleted for ttprod1 channel(s) due
Errors in file /u01/app/oracle/diag/rdbms/ttprod/ttprod1/trace/ttprod1_ora_79171.trc
Archived Log entry 441 added for thread 1 sequence 4305
ARC0: Archival started
Starting background process VKTM
Starting background process VKTM
RMAN-08094: channel large pool : specifying datafile(s) for proxy restore
Archived Log entry 565 added for thread 1 sequence 3959
ORA-39914: Index TNS_ADMIN . PK_CUSTOMER_ACCOUNTS in tablespace ttprod1 points to subpartition TNS_ADMIN of table 5000 . fk_order_customer in tablespace pg_toast_12345 outside of transportable set.
Thread 1 advanced to log sequence 539
Starting background process VKTM
ORA-24125: Object NETWORK_OPS.SIM_INVENTORY . 1024 has changed
Undo initialization finished
Thread 1 advanced to log sequence 404
ORA-25429: Break request cannot be propagated over shared database link.
Errors in file /u01/app/oracle/diag/rdbms/ttprod/ttprod1/trace/ttprod1_ora_90276.trc
ARC0: Archival started
Undo initialization finished
Undo initialization finished
Current log# 625 seq# 8364 mem# 0
Current log# 582 seq# 2233 mem# 0
ORA-55639: Flashback Data Archive internal SQL error
Undo initialization finished
ORA-14411: The DDL cannot be run concurrently with other DDLs
Completed checkpoint up to RBA
Thread 1 advanced to log sequence 752
PGA-21035: value of SP2-0552 ( number ) not within valid range ( number : number )
Current log# 40 seq# 7113 mem# 0
RMAN-06524: RMAN retention policy will be applied to the command
Starting background process VKTM
ORA-06923: CMX: illegal break condition
Starting background process VKTM
Archived Log entry 696 added for thread 1 sequence 8190
Beginning log switch checkpoint up to RBA
ORA-04083: invalid trigger variable ' CRM.CALL_DETAIL_RECORDS '
Errors in file /u01/app/oracle/diag/rdbms/ttprod/ttprod1/trace/ttprod1_ora_59054.trc
Starting background process VKTM
PRKR-01055: invalid extra arguments {0} specified to {1} option
Errors in file /u01/app/oracle/diag/rdbms/ttprod/ttprod1/trace/ttprod1_ora_37113.trc
ARC0: Archival started
Thread 1 advanced to log sequence 826
Beginning log switch checkpoint up to RBA
Starting background process VKTM
RMAN-20009: database incarnation already registered
Beginning log switch checkpoint up to RBA
Thread 1 advanced to log sequence 194
RMAN-06775: not connected to source recovery catalog database
Starting background process VKTM
Current log# 967 seq# 7606 mem# 0
Current log# 668 seq# 6799 mem# 0
NNL-00022: error changing trace level from shared pool to NETWORK_OPS.SIM_INVENTORY , level change ignored
Thread 1 advanced to log sequence 995
Starting background process VKTM
Undo initialization finished
LPX-00121: undefined notation "~S"
Starting background process VKTM
ARC0: Archival started
Undo initialization finished
Archived Log entry 31 added for thread 1 sequence 9062
PLS-00226: package ' ttprod1 ' used as variable reference
Starting background process VKTM
Completed checkpoint up to RBA
Undo initialization finished
ORA-38765: Flashed back database cannot be opened read-only.
Errors in file /u01/app/oracle/diag/rdbms/ttprod/ttprod1/trace/ttprod1_ora_85738.trc
Starting background process VKTM
Archived Log entry 151 added for thread 1 sequence 2500
Thread 1 advanced to log sequence 773
PRKO-03162: The actions setenv, getenv, and unsetenv are not suppported for Single Client Access Name listener {0}
Errors in file /u01/app/oracle/diag/rdbms/ttprod/ttprod1/trace/ttprod1_ora_63145.trc
Thread 1 advanced to log sequence 881
Current log# 681 seq# 5640 mem# 0
ARC0: Archival started
Beginning log switch checkpoint up to RBA
Starting background process VKTM
ORA-26709: Streams RFS restart
Errors in file /u01/app/oracle/diag/rdbms/ttprod/ttprod1/trace/ttprod1_ora_54029.trc
Starting background process VKTM
Starting background process VKTM
Thread 1 advanced to log sequence 420
Starting background process VKTM
Current log# 304 seq# 2431 mem# 0
PRCH-01025: Failed to start SCAN Listener
Undo initialization finished
ARC0: Archival started
Undo initialization finished
Completed checkpoint up to RBA
Completed checkpoint up to RBA
ORA-39918: PLSQL Functional Index UNDOTBS1 . INVOICE_LINES_IDX in tablespace _SYSSMU7$ not allowed in transportable set.
Undo initialization finished
ORA-16271: PL/SQL successfully applied
Beginning log switch checkpoint up to RBA
Undo initialization finished
ORA-51109: repair script file is too large
Completed checkpoint up to RBA
Completed checkpoint up to RBA
Archived Log entry 681 added for thread 1 sequence 3763
RMAN-07220: no manual actions available
Starting background process VKTM
Thread 1 advanced to log sequence 513
Current log# 721 seq# 7329 mem# 0
ORA-29290: invalid offset specified for seek
ARC0: Archival started
Starting background process VKTM
ARC0: Archival started
Current log# 175 seq# 1550 mem# 0
ORA-07476: slsget: cannot get mapped memory statistics.
Archived Log entry 469 added for thread 1 sequence 3121
Undo initialization finished
ORA-01273: STANDBY_FILE_MANAGEMENT = AUTO needs COMPATIBLE = /u01/app/oracle/oradata/ttprod/users01.dbf or higher
Starting background process VKTM
Thread 1 advanced to log sequence 582
Archived Log entry 966 added for thread 1 sequence 3015
Starting background process VKTM
ARC0: Archival started
ORA-04054: database link 1024 does not exist
Thread 1 advanced to log sequence 254
Thread 1 advanced to log sequence 620
Beginning log switch checkpoint up to RBA
Thread 1 advanced to log sequence 683
ORA-30730: referential constraint not allowed on nested table column
Thread 1 advanced to log sequence 864
Undo initialization finished
ARC0: Archival started
ORA-12658: ANO service required but TNS version is incompatible
ARC0: Archival started
Completed checkpoint up to RBA
Completed checkpoint up to RBA
ARC0: Archival started
ORA-16955: Unknown error during SQL analyze.
Beginning log switch checkpoint up to RBA
ORA-01986: OPTIMIZER_GOAL is obsolete
Archived Log entry 456 added for thread 1 sequence 1019
Archived Log entry 798 added for thread 1 sequence 9301
Current log# 611 seq# 3444 mem# 0
ARC0: Archival started
Archived Log entry 464 added for thread 1 sequence 6345
RMAN-06616: RMAN output not resynced for database with DB_UNIQUE_NAME NETWORK_OPS.SIM_INVENTORY
Errors in file /u01/app/oracle/diag/rdbms/ttprod/ttprod1/trace/ttprod1_ora_11261.trc
Beginning log switch checkpoint up to RBA
Archived Log entry 159 added for thread 1 sequence 1573
Completed checkpoint up to RBA
ARC0: Archival started
DRG-11734: missing homograph
Beginning log switch checkpoint up to RBA
Completed checkpoint up to RBA
Beginning log switch checkpoint up to RBA
Archived Log entry 175 added for thread 1 sequence 8517
ORA-31612: Allocation of process descriptor failed.
ARC0: Archival started
Thread 1 advanced to log sequence 849
Archived Log entry 926 added for thread 1 sequence 9002
Archived Log entry 624 added for thread 1 sequence 3901
ORA-07741: slemop: $OPEN failure
Archived Log entry 793 added for thread 1 sequence 7339
Current log# 954 seq# 3159 mem# 0
Current log# 611 seq# 7540 mem# 0
TNS-12626: TNS:bad event type
ARC0: Archival started
Current log# 473 seq# 4291 mem# 0
RMAN-08123: keep attributes for the datafile/control file copy are deleted
Current log# 716 seq# 7727 mem# 0
Undo initialization finished
Undo initialization finished
RMAN-06200: Changed 5000 objects to AVAILABLE status
Errors in file /u01/app/oracle/diag/rdbms/ttprod/ttprod1/trace/ttprod1_ora_95558.trc
ARC0: Archival started
Completed checkpoint up to RBA
Thread 1 advanced to log sequence 894
ARC0: Archival started
ORA-53215: cannot access ORDDataSource object with invalid source type
Thread 1 advanced to log sequence 157
Archived Log entry 739 added for thread 1 sequence 2357
ARC0: Archival started
Starting background process VKTM
XOQ-01801: CREATE privilege is required for object " SP2-0552 " in schema " _SYSSMU7$ ".
Beginning log switch checkpoint up to RBA
LPX-01018: [XPTY0018] Path last step contains both nodes and atomic values
Beginning log switch checkpoint up to RBA
Beginning log switch checkpoint up to RBA
Beginning log switch checkpoint up to RBA
ORA-27001: unsupported device type
Errors in file /u01/app/oracle/diag/rdbms/ttprod/ttprod1/trace/ttprod1_ora_67606.trc
Thread 1 advanced to log sequence 203
Current log# 398 seq# 6360 mem# 0
Starting background process VKTM
GIPC-00016: timeout waiting on request.
Beginning log switch checkpoint up to RBA
Archived Log entry 855 added for thread 1 sequence 5505
ARC0: Archival started
DRG-50401: failed to retrieve fuzzy match candidates from db: 42
Current log# 782 seq# 4970 mem# 0
Completed checkpoint up to RBA
ORA-55801: Event to control CR activity
ARC0: Archival started
ARC0: Archival started
Beginning log switch checkpoint up to RBA
ARC0: Archival started
ORA-01417: a table may be outer joined to at most one other table
Beginning log switch checkpoint up to RBA
ARC0: Archival started
Starting background process VKTM
ORA-22321: method does not return any result
Completed checkpoint up to RBA
Undo initialization finished
Starting background process VKTM
RMAN-07524: ==========================================================
Errors in file /u01/app/oracle/diag/rdbms/ttprod/ttprod1/trace/ttprod1_ora_45427.trc
Beginning log switch checkpoint up to RBA
DRG-12224: use ctx_ddl.create_section_group to create section groups
Errors in file /u01/app/oracle/diag/rdbms/ttprod/ttprod1/trace/ttprod1_ora_78598.trc
Current log# 108 seq# 7848 mem# 0
Completed checkpoint up to RBA
Thread 1 advanced to log sequence 52
Thread 1 advanced to log sequence 101
Beginning log switch checkpoint up to RBA
ORA-27236: unable to unmap file from memory
ARC0: Archival started
Undo initialization finished
ORA-29513: referenced class name too long
Errors in file /u01/app/oracle/diag/rdbms/ttprod/ttprod1/trace/ttprod1_ora_21241.trc
Thread 1 advanced to log sequence 573
PLS-00993: Cursor variables cannot be passed as forwarded RPC arguments or results
Undo initialization finished
ORA-16227: DDL skipped due to missing object
Current log# 579 seq# 1987 mem# 0
Archived Log entry 326 added for thread 1 sequence 1028
ARC0: Archival started
RMAN-08159: executing global script: CDR_STAGING
Errors in file /u01/app/oracle/diag/rdbms/ttprod/ttprod1/trace/ttprod1_ora_71977.trc
Current log# 648 seq# 7274 mem# 0
RMAN-06948: searching flashback logs for block images
Current log# 545 seq# 8275 mem# 0
ORA-16503: cannot exceed the maximum number of databases in this configuration
ARC0: Archival started
Beginning log switch checkpoint up to RBA
Archived Log entry 274 added for thread 1 sequence 1024
Beginning log switch checkpoint up to RBA
DRG-13304: character referenced by wildcard attribute is not a wildcard character, at line BILLING.CUST_ORDERS
Errors in file /u01/app/oracle/diag/rdbms/ttprod/ttprod1/trace/ttprod1_ora_36622.trc
Starting background process VKTM
Thread 1 advanced to log sequence 474
ARC0: Archival started
Starting background process VKTM
RMAN-08191: See trace file ttstandby01 for details
Errors in file /u01/app/oracle/diag/rdbms/ttprod/ttprod1/trace/ttprod1_ora_45387.trc
Beginning log switch checkpoint up to RBA
Completed checkpoint up to RBA
NCR-03003: NCRO: Unexpected message
Thread 1 advanced to log sequence 980
Archived Log entry 996 added for thread 1 sequence 3830
TNS-00005: INTCTL: error while sending request to the Navigator
Errors in file /u01/app/oracle/diag/rdbms/ttprod/ttprod1/trace/ttprod1_ora_37736.trc
Archived Log entry 501 added for thread 1 sequence 4103
Thread 1 advanced to log sequence 102
Beginning log switch checkpoint up to RBA
Undo initialization finished
NNO-00609: warning: forwarder number address length number exceeds maximum of number , ignored
ARC0: Archival started
ARC0: Archival started
Undo initialization finished
Beginning log switch checkpoint up to RBA
CRS-00253: CRS configuration error, the CRS default directory is not set in Oracle Cluster Registry.
Archived Log entry 357 added for thread 1 sequence 8694
Current log# 392 seq# 3338 mem# 0
Starting background process VKTM
Thread 1 advanced to log sequence 311
Current log# 287 seq# 2248 mem# 0
JMS-00206: XA Exception XAError-{0} :: OracleError-{1}
ARC0: Archival started
RMAN-07524: ==========================================================
Undo initialization finished
ORA-31188: The specified printing option is invalid
Current log# 771 seq# 1172 mem# 0
Thread 1 advanced to log sequence 174
Beginning log switch checkpoint up to RBA
ARC0: Archival started
Current log# 18 seq# 2154 mem# 0
ORA-18125: XUST0026 Revalidation mode 1024 is not supported
Starting background process VKTM
Archived Log entry 263 added for thread 1 sequence 4876
Beginning log switch checkpoint up to RBA
Beginning log switch checkpoint up to RBA
ORA-48163: error concatenating directory onto path, [ _SYSSMU7$ ], [ /u01/app/oracle/oradata/ttprod/users01.dbf ], [ pk_orders ]
Errors in file /u01/app/oracle/diag/rdbms/ttprod/ttprod1/trace/ttprod1_ora_85414.trc
Thread 1 advanced to log sequence 246
Beginning log switch checkpoint up to RBA
ORA-36686: (XSDPART24) Value number is not in partition number .
Archived Log entry 434 added for thread 1 sequence 6986
Current log# 329 seq# 1624 mem# 0
Current log# 495 seq# 4038 mem# 0
Archived Log entry 743 added for thread 1 sequence 3471
Current log# 621 seq# 9616 mem# 0
ORA-01479: last character in the buffer is not Null
Errors in file /u01/app/oracle/diag/rdbms/ttprod/ttprod1/trace/ttprod1_ora_38256.trc
Completed checkpoint up to RBA
ARC0: Archival started
CRS-00218: Could not restart the resource ' pk_orders ' on the original node.
Beginning log switch checkpoint up to RBA
ARC0: Archival started
Beginning log switch checkpoint up to RBA
Thread 1 advanced to log sequence 339
CRS-09508: The Cluster Health Monitor repository retention time cannot be changed due to lack of disk space on node large pool .
Thread 1 advanced to log sequence 511
Starting background process VKTM
Thread 1 advanced to log sequence 668
Current log# 880 seq# 8527 mem# 0
Completed checkpoint up to RBA
ORA-13600: error encountered in Advisor BILLING.CUST_ORDERS
Undo initialization finished
CRS-01615: No I/O has completed after 50% of the maximum interval. Voting file _SYSSMU7$ will be considered not functional in number milliseconds
Undo initialization finished
Beginning log switch checkpoint up to RBA
Current log# 978 seq# 2856 mem# 0
DIA-48477: The input path does not contain any valid ADR homes
ARC0: Archival started
PRKO-02135: 'srvctl remove instance' command is not supported with RAC One Node databases
Completed checkpoint up to RBA
RMAN-08580: channel INVOICE_LINES_IDX : starting datafile copy
Undo initialization finished
Starting background process VKTM
ORA-40023: sufficient memory could not be allocated given the number of attributes
Completed checkpoint up to RBA
Beginning log switch checkpoint up to RBA
ORA-16191: Primary log shipping client not logged on standby
Thread 1 advanced to log sequence 731
Thread 1 advanced to log sequence 51
Current log# 858 seq# 4013 mem# 0
NNL-01003: NON LEAF responses received: number
Undo initialization finished
Undo initialization finished
Beginning log switch checkpoint up to RBA
ORA-01409: NOSORT option may not be used; rows are not in ascending order
Undo initialization finished
ARC0: Archival started
Thread 1 advanced to log sequence 526
ORA-06600: LU6.2 Driver: SNA software is not loaded
Current log# 526 seq# 3090 mem# 0
Thread 1 advanced to log sequence 347
Starting background process VKTM
PLS-01402: Use of quoted identifier
Errors in file /u01/app/oracle/diag/rdbms/ttprod/ttprod1/trace/ttprod1_ora_99091.trc
Archived Log entry 662 added for thread 1 sequence 1322
Current log# 901 seq# 5640 mem# 0
Starting background process VKTM
Undo initialization finished
QSM-01025: materialized view, INVOICE_LINES_IDX , not found
ARC0: Archival started
Undo initialization finished
Starting background process VKTM
Starting background process VKTM
LPX-01138: [XUTY0010] Invalid replacement sequence for 'replace'
Errors in file /u01/app/oracle/diag/rdbms/ttprod/ttprod1/trace/ttprod1_ora_44745.trc
Completed checkpoint up to RBA
Archived Log entry 771 added for thread 1 sequence 7317
Archived Log entry 372 added for thread 1 sequence 3311
Current log# 953 seq# 6869 mem# 0
XOQ-02500: Derived attribute " pg_toast_12345 " is not a DIM_KEY.
Errors in file /u01/app/oracle/diag/rdbms/ttprod/ttprod1/trace/ttprod1_ora_87443.trc
Current log# 169 seq# 9365 mem# 0
Current log# 623 seq# 8109 mem# 0
Completed checkpoint up to RBA
Archived Log entry 804 added for thread 1 sequence 6304
RMAN-08166: validation succeeded for datafile copy and control file copy
Errors in file /u01/app/oracle/diag/rdbms/ttprod/ttprod1/trace/ttprod1_ora_34073.trc
Beginning log switch checkpoint up to RBA
Beginning log switch checkpoint up to RBA
RMAN-08304: To change the internal database identifier, use DBNEWID Utility
Undo initialization finished
Undo initialization finished
Archived Log entry 700 added for thread 1 sequence 3780
ORA-12706: this CREATE DATABASE character set is not allowed
Errors in file /u01/app/oracle/diag/rdbms/ttprod/ttprod1/trace/ttprod1_ora_86945.trc
Undo initialization finished
Beginning log switch checkpoint up to RBA
Archived Log entry 578 added for thread 1 sequence 4422
Thread 1 advanced to log sequence 533
Archived Log entry 463 added for thread 1 sequence 6607
ORA-55567: The _highthreshold_undoretention value should be at least ttprod2 based on the current undo retention settings.
Starting background process VKTM
Starting background process VKTM
ORA-36672: (XSDPART10) A RANGE or LIST PARTITION TEMPLATE can only have a single partition dimension.
Beginning log switch checkpoint up to RBA
Current log# 999 seq# 2508 mem# 0
Current log# 370 seq# 1089 mem# 0
Current log# 960 seq# 7974 mem# 0
ARC0: Archival started
DIA-48303: Exceeded max Incident Sequence Value
Starting background process VKTM
ARC0: Archival started
Archived Log entry 554 added for thread 1 sequence 2362
Archived Log entry 848 added for thread 1 sequence 2667
Completed checkpoint up to RBA
CRS-02543: The type is not specified for attribute ' shared pool '
Starting background process VKTM
Completed checkpoint up to RBA
Beginning log switch checkpoint up to RBA
ORA-39921: Default Partition (Table) Tablespace shared pool for _SYSSMU7$ not contained in transportable set.
Thread 1 advanced to log sequence 581
Completed checkpoint up to RBA
ORA-27241: ELF-shared library has multiple sections of the same type
Errors in file /u01/app/oracle/diag/rdbms/ttprod/ttprod1/trace/ttprod1_ora_97445.trc
Beginning log switch checkpoint up to RBA
ARC0: Archival started
Current log# 566 seq# 2312 mem# 0
ARC0: Archival started
Current log# 926 seq# 4877 mem# 0
ORA-07247: skgfrfms, skgfrnms: read error, unable to read block from database file
Completed checkpoint up to RBA
ORA-24787: remote cursors must be closed before a call completes
Starting background process VKTM
Beginning log switch checkpoint up to RBA
Archived Log entry 772 added for thread 1 sequence 2643
Current log# 736 seq# 4993 mem# 0
PCC-00106: RELEASE is an Oracle extension to the COMMIT and ROLLBACK statements
Errors in file /u01/app/oracle/diag/rdbms/ttprod/ttprod1/trace/ttprod1_ora_38949.trc
ARC0: Archival started
ARC0: Archival started
Archived Log entry 755 added for thread 1 sequence 8769
RMAN-08555: channel user_sessions : restoring section 3 of 5000
Beginning log switch checkpoint up to RBA
ARC0: Archival started
Archived Log entry 579 added for thread 1 sequence 2572
TNS-12214: TNS:missing local communities entry in TNSNAV.ORA
Current log# 84 seq# 7526 mem# 0
Archived Log entry 262 added for thread 1 sequence 7176
Completed checkpoint up to RBA
Thread 1 advanced to log sequence 798
Undo initialization finished
ORA-39920: Rollback segment pk_orders in tablespace APP_USER42 not allowed in transportable set.
Completed checkpoint up to RBA
Archived Log entry 123 added for thread 1 sequence 2926
Archived Log entry 771 added for thread 1 sequence 2730
ARC0: Archival started
Starting background process VKTM
ORA-29540: class /u01/app/oracle/oradata/ttprod/users01.dbf does not exist
Errors in file /u01/app/oracle/diag/rdbms/ttprod/ttprod1/trace/ttprod1_ora_73227.trc
Beginning log switch checkpoint up to RBA
Beginning log switch checkpoint up to RBA
Thread 1 advanced to log sequence 895
Current log# 553 seq# 2961 mem# 0
CRS-02737: Unable to register server pool ' 1024 ' as this will affect running resources, but the force option was not specified
Undo initialization finished
Thread 1 advanced to log sequence 531
Current log# 389 seq# 1969 mem# 0
ORA-49425: File inside ADR not allowed
Thread 1 advanced to log sequence 883
ARC0: Archival started
Starting background process VKTM
Thread 1 advanced to log sequence 88
Starting background process VKTM
ORA-41611: rule identifier " CDR_STAGING " not unique in the rule class
Archived Log entry 650 added for thread 1 sequence 3275
Beginning log switch checkpoint up to RBA
Completed checkpoint up to RBA
PRVF-04606: User equivalence not found for reference node "{0}"
Beginning log switch checkpoint up to RBA
Beginning log switch checkpoint up to RBA
Beginning log switch checkpoint up to RBA
Archived Log entry 389 added for thread 1 sequence 5406
NID-00401: Must finish REVERT changes before attempting any database operation.
Undo initialization finished
Undo initialization finished
Starting background process VKTM
Completed checkpoint up to RBA
Beginning log switch checkpoint up to RBA
NID-00307: Control File NETWORK_OPS.SIM_INVENTORY - dbid changed, wrote new name
Current log# 580 seq# 3532 mem# 0
PRCD-01191: Cannot update server pool to {0} for database service {1}
Errors in file /u01/app/oracle/diag/rdbms/ttprod/ttprod1/trace/ttprod1_ora_56606.trc
ARC0: Archival started
PRKO-02199: Invalid address large pool:
Completed checkpoint up to RBA
ARC0: Archival started
Beginning log switch checkpoint up to RBA
Current log# 300 seq# 2379 mem# 0
NNF-02004: NIS map app_db does not exist
Errors in file /u01/app/oracle/diag/rdbms/ttprod/ttprod1/trace/ttprod1_ora_22587.trc
Completed checkpoint up to RBA
Thread 1 advanced to log sequence 612
Starting background process VKTM
PRVF-05223: The GNS subdomain name "{0}" is not a valid domain name
Thread 1 advanced to log sequence 665
Undo initialization finished
PCC-02104: Unable to connect to Oracle
Beginning log switch checkpoint up to RBA
Current log# 592 seq# 2695 mem# 0
Thread 1 advanced to log sequence 383
ORA-16045: circular redo transport destination dependency chain
Archived Log entry 174 added for thread 1 sequence 6282
ARC0: Archival started
RMAN-06750: SPFILE cannot be backed up by proxy.
Errors in file /u01/app/oracle/diag/rdbms/ttprod/ttprod1/trace/ttprod1_ora_42611.trc
Undo initialization finished
Archived Log entry 984 added for thread 1 sequence 3193
Completed checkpoint up to RBA
Beginning log switch checkpoint up to RBA
ORA-38812: maximum number of editions reached
Errors in file /u01/app/oracle/diag/rdbms/ttprod/ttprod1/trace/ttprod1_ora_74600.trc
Beginning log switch checkpoint up to RBA
Beginning log switch checkpoint up to RBA
Archived Log entry 434 added for thread 1 sequence 6900
Thread 1 advanced to log sequence 267
Starting background process VKTM
ORA-39092: unable to set SCN metadata for object " session_1123 . NETWORK_OPS.SIM_INVENTORY " of type large pool
Current log# 875 seq# 7762 mem# 0
Archived Log entry 977 added for thread 1 sequence 4641
Thread 1 advanced to log sequence 822
ORA-01085: preceding errors in deferred rpc to " 5000 . DATA_TS01 . /u01/app/oracle/oradata/ttprod/users01.dbf "
Undo initialization finished
NID-00402: Must finish change or REVERT changes before attempting any database operation.
Completed checkpoint up to RBA
Starting background process VKTM
Archived Log entry 7 added for thread 1 sequence 6002
RMAN-07519: Reason: Error while cataloging. See alert.log.
ARC0: Archival started
ORA-12536: TNS:operation would block
Beginning log switch checkpoint up to RBA
Archived Log entry 367 added for thread 1 sequence 1443
ARC0: Archival started
Archived Log entry 506 added for thread 1 sequence 9684
Archived Log entry 535 added for thread 1 sequence 3191
ORA-19043: Multiply nested XMLROOT function disallowed
ARC0: Archival started
Completed checkpoint up to RBA
NNO-00708: cache flush countdown aborted
Starting background process VKTM
Completed checkpoint up to RBA
ORA-53049: unsupported <ATTRIBUTE_TAG> tag value: TNS_ADMIN
Errors in file /u01/app/oracle/diag/rdbms/ttprod/ttprod1/trace/ttprod1_ora_41872.trc
Completed checkpoint up to RBA
Undo initialization finished
Starting background process VKTM
ORA-38871: cannot enable flashback before open resetlogs after incomplete recovery.
Errors in file /u01/app/oracle/diag/rdbms/ttprod/ttprod1/trace/ttprod1_ora_19992.trc
ARC0: Archival started
ORA-36389: (XSAGPARTDEP01) Can not aggregate from PARTITION number into PARTITION number due to increasing sparsity along DIMENSION %J.
Errors in file /u01/app/oracle/diag/rdbms/ttprod/ttprod1/trace/ttprod1_ora_25390.trc
Thread 1 advanced to log sequence 669
Current log# 294 seq# 2237 mem# 0
Beginning log switch checkpoint up to RBA
Undo initialization finished
Starting background process VKTM
RMAN-08021: channel user_sessions : restoring control file
Completed checkpoint up to RBA
Current log# 67 seq# 9126 mem# 0
ORA-32610: missing SINGLE REFERENCE or DIMENSION keyword in MODEL clause
ARC0: Archival started
Archived Log entry 647 added for thread 1 sequence 2877
Beginning log switch checkpoint up to RBA
Archived Log entry 815 added for thread 1 sequence 5640
Thread 1 advanced to log sequence 300
XOQ-01901: No measures or dimensionalities are in the cube.
Thread 1 advanced to log sequence 529
Starting background process VKTM
PRCN-02074: Specified check interval of {0} minutes is below the minimum check interval {1} minutes
Starting background process VKTM
Undo initialization finished
ARC0: Archival started
Archived Log entry 970 added for thread 1 sequence 2752
ORA-12724: regular expression corrupt
Undo initialization finished
ARC0: Archival started
Current log# 677 seq# 9441 mem# 0
Archived Log entry 414 added for thread 1 sequence 3300
NID-00334: The following datafiles are not checkpointed to TNS_ADMIN :
Undo initialization finished
Completed checkpoint up to RBA
Starting background process VKTM
Current log# 308 seq# 2827 mem# 0
Starting background process VKTM
DRG-13614: result_set_inteface not supported with security policy
Completed checkpoint up to RBA
Completed checkpoint up to RBA
Completed checkpoint up to RBA
ORA-39954: DEFERRED is required for this system parameter
Undo initialization finished
Starting background process VKTM
Current log# 407 seq# 4855 mem# 0
ORA-13617: The specified task 5000 already executing
Archived Log entry 367 added for thread 1 sequence 2195
Thread 1 advanced to log sequence 842
NNO-00260: loading configuration data from checkpoint file " _SYSSMU12$ "
Current log# 579 seq# 8260 mem# 0
ARC0: Archival started
Thread 1 advanced to log sequence 43
RMAN-08184: added tempfile 17 to tablespace reporting_schema in control file
Beginning log switch checkpoint up to RBA
Thread 1 advanced to log sequence 824
Beginning log switch checkpoint up to RBA
Starting background process VKTM
Completed checkpoint up to RBA
PRCR-01135: Failed to check if node with node number 0 exists
Errors in file /u01/app/oracle/diag/rdbms/ttprod/ttprod1/trace/ttprod1_ora_16264.trc
Beginning log switch checkpoint up to RBA
Archived Log entry 276 added for thread 1 sequence 8866
Beginning log switch checkpoint up to RBA
Completed checkpoint up to RBA
Completed checkpoint up to RBA
RMAN-08012: including control file copy in backup set
Completed checkpoint up to RBA
Beginning log switch checkpoint up to RBA
Beginning log switch checkpoint up to RBA
Undo initialization finished
DIA-48412: The parameters exceeds the maximum number [ 17 ]
Current log# 495 seq# 5188 mem# 0
Undo initialization finished
ARC0: Archival started
Archived Log entry 646 added for thread 1 sequence 4307
ORA-24905: invalid recipient protocol attribute passed into OCI call
Errors in file /u01/app/oracle/diag/rdbms/ttprod/ttprod1/trace/ttprod1_ora_95296.trc
Archived Log entry 741 added for thread 1 sequence 8644
Completed checkpoint up to RBA
Undo initialization finished
ARC0: Archival started
ORA-36986: (XSRELGID05) Relation workspace object must be dimensioned by workspace object .
Undo initialization finished
Beginning log switch checkpoint up to RBA
Archived Log entry 576 added for thread 1 sequence 5563
NID-00306: Datafile 1024 - no revert needed
Errors in file /u01/app/oracle/diag/rdbms/ttprod/ttprod1/trace/ttprod1_ora_92438.trc
Thread 1 advanced to log sequence 235
Completed checkpoint up to RBA
Beginning log switch checkpoint up to RBA
ARC0: Archival started
Thread 1 advanced to log sequence 143
PCB-00010: SQLCHECK value in EXEC ORACLE statement exceeds command line value
Beginning log switch checkpoint up to RBA
Archived Log entry 593 added for thread 1 sequence 8533
Current log# 201 seq# 9504 mem# 0
ORA-19688: control file AUTOBACKUP format( user_sessions ) for TNS_ADMIN does not have %F
Thread 1 advanced to log sequence 205
Beginning log switch checkpoint up to RBA
Completed checkpoint up to RBA
ARC0: Archival started
ORA-19254: XQST0034 - too many declarations for function DATA_TS01
Thread 1 advanced to log sequence 40
TNS-12549: TNS:operating system resource quota exceeded
Current log# 507 seq# 1723 mem# 0
Current log# 189 seq# 9578 mem# 0
Starting background process VKTM
Starting background process VKTM
ARC0: Archival started
NNO-00070: administrative region has changed, reloading domain data
Errors in file /u01/app/oracle/diag/rdbms/ttprod/ttprod1/trace/ttprod1_ora_27823.trc
Starting background process VKTM
Completed checkpoint up to RBA
Beginning log switch checkpoint up to RBA
Beginning log switch checkpoint up to RBA
ORA-41700: a conditions table already exists for the event structure
Starting background process VKTM
Completed checkpoint up to RBA
Thread 1 advanced to log sequence 132
Current log# 777 seq# 8309 mem# 0
ORA-12593: TNS:no registered connection
Errors in file /u01/app/oracle/diag/rdbms/ttprod/ttprod1/trace/ttprod1_ora_63578.trc
Archived Log entry 700 added for thread 1 sequence 2597
Starting background process VKTM
ARC0: Archival started
ORA-51108: unable to access diagnostic repository - retry command
Undo initialization finished
Current log# 376 seq# 5747 mem# 0
Archived Log entry 808 added for thread 1 sequence 4162
Undo initialization finished
ORA-16013: log INVOICE_LINES_IDX sequence# 5000 does not need archiving
Errors in file /u01/app/oracle/diag/rdbms/ttprod/ttprod1/trace/ttprod1_ora_12021.trc
Current log# 905 seq# 3944 mem# 0
RMAN-05033: Media recovery start SCN is session_1123
Errors in file /u01/app/oracle/diag/rdbms/ttprod/ttprod1/trace/ttprod1_ora_63355.trc
Current log# 866 seq# 2148 mem# 0
Thread 1 advanced to log sequence 523
Completed checkpoint up to RBA
Completed checkpoint up to RBA
Archived Log entry 986 added for thread 1 sequence 5386
ORA-54668: a 2D SRID cannot be used with a 3D geometry
Completed checkpoint up to RBA
Archived Log entry 579 added for thread 1 sequence 7750
Beginning log switch checkpoint up to RBA
ORA-22059: buffer size [ INVOICE_LINES_IDX ] is too small - [ NETWORK_OPS.SIM_INVENTORY ] is needed
Archived Log entry 856 added for thread 1 sequence 1308
RMAN-00201: Do you really want to execute the above repair (enter YES or NO)?
Errors in file /u01/app/oracle/diag/rdbms/ttprod/ttprod1/trace/ttprod1_ora_99536.trc
Starting background process VKTM
Archived Log entry 578 added for thread 1 sequence 5680
ORA-48937: Feature ( app_db ) currently not allowed for SELECT
Errors in file /u01/app/oracle/diag/rdbms/ttprod/ttprod1/trace/ttprod1_ora_61570.trc
Starting background process VKTM
TNS-01150: The address of the specified listener name is incorrect
Undo initialization finished
NNC-00427: server does not support this version of the protocol
Current log# 638 seq# 9974 mem# 0
Archived Log entry 58 added for thread 1 sequence 4171
RMAN-06202: Deleted APP_USER42 EXPIRED objects
Undo initialization finished
Archived Log entry 540 added for thread 1 sequence 4743
Thread 1 advanced to log sequence 660
ARC0: Archival started
RMAN-05526: datafile number not processed because file is OFFLINE IMMEDIATE
Thread 1 advanced to log sequence 435
RMAN-06469: could not translate corruption list
Completed checkpoint up to RBA
Thread 1 advanced to log sequence 63
Beginning log switch checkpoint up to RBA
PRVF-05233: There are no public networks that match the GNS VIP "{0}"
Completed checkpoint up to RBA
Thread 1 advanced to log sequence 329
Archived Log entry 713 added for thread 1 sequence 2855
RMAN-06749: restore point ttprod1 does not exist.
Starting background process VKTM
Current log# 794 seq# 6167 mem# 0
Completed checkpoint up to RBA
Archived Log entry 15 added for thread 1 sequence 2521
Archived Log entry 775 added for thread 1 sequence 9677
XOQ-01973: UniqueKey attribute " DATA_TS01 " on the dimension level is invalid.
Completed checkpoint up to RBA
NID-00312: Connected to server version /u01/app/oracle/oradata/ttprod/users01.dbf
Errors in file /u01/app/oracle/diag/rdbms/ttprod/ttprod1/trace/ttprod1_ora_41674.trc
Thread 1 advanced to log sequence 7
Starting background process VKTM
Starting background process VKTM
Beginning log switch checkpoint up to RBA
ORA-32742: Hang analysis initialize failed
Errors in file /u01/app/oracle/diag/rdbms/ttprod/ttprod1/trace/ttprod1_ora_44035.trc
Thread 1 advanced to log sequence 357
RMAN-06899: updating recovery catalog with new database incarnation
Errors in file /u01/app/oracle/diag/rdbms/ttprod/ttprod1/trace/ttprod1_ora_18333.trc
ARC0: Archival started
Beginning log switch checkpoint up to RBA
Current log# 855 seq# 1348 mem# 0
Starting background process VKTM
ARC0: Archival started
PCC-02448: Cannot specify a UCS2 variable in the NLS_NCHAR option
ARC0: Archival started
ARC0: Archival started
Thread 1 advanced to log sequence 527
Archived Log entry 26 added for thread 1 sequence 5338
CRS-00413: Could not initialize the Cluster Synchronization Services context
Thread 1 advanced to log sequence 495
Starting background process VKTM
Archived Log entry 951 added for thread 1 sequence 3285
Starting background process VKTM
ARC0: Archival started
PRCD-01101: Failed to remove running instance {0} for database {1}
Errors in file /u01/app/oracle/diag/rdbms/ttprod/ttprod1/trace/ttprod1_ora_61481.trc
ARC0: Archival started
Starting background process VKTM
ORA-55634: Unable to disassociate or re-associate Flashback Data Archive table " TNS_ADMIN "." user_sessions "
Current log# 241 seq# 3572 mem# 0
ARC0: Archival started
Thread 1 advanced to log sequence 892
ORA-01139: RESETLOGS option only valid after an incomplete database recovery
Current log# 20 seq# 5973 mem# 0
Completed checkpoint up to RBA
Archived Log entry 398 added for thread 1 sequence 4996
TNS-00013: INTCTL: error while performing NS disconnect command
Starting background process VKTM
PCB-00303: Dynamic SQL and PL/SQL are Oracle extensions to ANSI SQL
ARC0: Archival started
ARC0: Archival started
Current log# 341 seq# 2724 mem# 0
Completed checkpoint up to RBA
Thread 1 advanced to log sequence 381
RMAN-08587: input is copy of datafile app_db : app_db
Beginning log switch checkpoint up to RBA
Thread 1 advanced to log sequence 52
Undo initialization finished
Undo initialization finished
ORA-16230: committing transaction BILLING.CUST_ORDERS SYSAUX 3
Errors in file /u01/app/oracle/diag/rdbms/ttprod/ttprod1/trace/ttprod1_ora_12087.trc
ARC0: Archival started
NNO-00322: statistic counter dump interval changed to number seconds
Current log# 838 seq# 5329 mem# 0
Thread 1 advanced to log sequence 944
Beginning log switch checkpoint up to RBA
ORA-16103: Logical Standby apply must be stopped to allow this operation
ARC0: Archival started
ORA-16124: transaction reporting_schema pk_orders pk_orders is waiting on another transaction
Completed checkpoint up to RBA
Completed checkpoint up to RBA
PGU-00308: no spool file opened
Starting background process VKTM
Starting background process VKTM
Completed checkpoint up to RBA
Archived Log entry 373 added for thread 1 sequence 4431
ORA-33066: (XSAGDNGL32) In AGGMAP workspace object , the hierarchy dimension QDR workspace object must be a hierarchy dimension of the relation.
Thread 1 advanced to log sequence 496
Beginning log switch checkpoint up to RBA
ARC0: Archival started
ARC0: Archival started
ORA-33268: (DBERRTHW) Analytic workspace pk_orders cannot be attached with the THAW option because it was frozen with the NOTHAW option
Errors in file /u01/app/oracle/diag/rdbms/ttprod/ttprod1/trace/ttprod1_ora_40546.trc
Current log# 425 seq# 8074 mem# 0
Thread 1 advanced to log sequence 552
Undo initialization finished
CLSR-01005: Error number encountered during altering database open mode
Errors in file /u01/app/oracle/diag/rdbms/ttprod/ttprod1/trace/ttprod1_ora_85921.trc
Beginning log switch checkpoint up to RBA
Undo initialization finished
Archived Log entry 6 added for thread 1 sequence 8381
ARC0: Archival started
ORA-41027: Error status 3 during OCI operation at large pool
Beginning log switch checkpoint up to RBA
Completed checkpoint up to RBA
ORA-22914: DROP of nested tables not supported
Archived Log entry 880 added for thread 1 sequence 2744
TNS-12629: TNS:no event test
Errors in file /u01/app/oracle/diag/rdbms/ttprod/ttprod1/trace/ttprod1_ora_58247.trc
Beginning log switch checkpoint up to RBA
Beginning log switch checkpoint up to RBA
Current log# 555 seq# 3974 mem# 0
Thread 1 advanced to log sequence 544
ARC0: Archival started
ORA-55617: Flashback Archive " 17 " runs out of space and tracking on " _SYSSMU7$ " is suspended
Errors in file /u01/app/oracle/diag/rdbms/ttprod/ttprod1/trace/ttprod1_ora_34445.trc
ARC0: Archival started
Beginning log switch checkpoint up to RBA
Archived Log entry 299 added for thread 1 sequence 2577
RMAN-06549: connected to auxiliary database: idx_users_email (not mounted)
Archived Log entry 65 added for thread 1 sequence 9951
Current log# 884 seq# 3346 mem# 0
Completed checkpoint up to RBA
Current log# 524 seq# 1194 mem# 0
ORA-54506: compound curve not supported for 3-D geometries
Beginning log switch checkpoint up to RBA
Starting background process VKTM
Archived Log entry 953 added for thread 1 sequence 9526
PRKO-02074: OC4J is still running. It must be stopped before removing.
Errors in file /u01/app/oracle/diag/rdbms/ttprod/ttprod1/trace/ttprod1_ora_20089.trc
Current log# 409 seq# 4340 mem# 0
Thread 1 advanced to log sequence 378
Beginning log switch checkpoint up to RBA
Starting background process VKTM
ORA-13271: error allocating memory for geometry object
Archived Log entry 950 added for thread 1 sequence 3566
Starting background process VKTM
Thread 1 advanced to log sequence 631
PRCT-01130: Execution of advmutil failed on local node with result {0}
Archived Log entry 2 added for thread 1 sequence 2725
ARC0: Archival started
RMAN-06904: backup of archived log for thread number with sequence number and starting SCN of 3 was cancelled
Current log# 783 seq# 8473 mem# 0
Thread 1 advanced to log sequence 115
Current log# 620 seq# 9198 mem# 0
ARC0: Archival started
ORA-42009: error occurred while synchronizing the redefinition
Current log# 279 seq# 9063 mem# 0
Thread 1 advanced to log sequence 255
Current log# 837 seq# 6646 mem# 0
Undo initialization finished
Beginning log switch checkpoint up to RBA
PRVF-04145: Error reading Registry sub key 'HKEY_LOCAL_MACHINE/System/CurrentControlSet/Services/Tcpip/Parameters' from Windows Registry
Archived Log entry 225 added for thread 1 sequence 4117
ARC0: Archival started
Current log# 194 seq# 5386 mem# 0
Current log# 921 seq# 1566 mem# 0
Completed checkpoint up to RBA
CLSS-00100: configuration data access failed for key 1024
Errors in file /u01/app/oracle/diag/rdbms/ttprod/ttprod1/trace/ttprod1_ora_23842.trc
Thread 1 advanced to log sequence 731
Completed checkpoint up to RBA
RMAN-08506: input file name= 3
Thread 1 advanced to log sequence 23
ORA-25198: only range, list, and hash partitioning are supported for index-organized table
ARC0: Archival started
CRS-04668: This ASM diskgroup does not contain voting disks to be deleted
Completed checkpoint up to RBA
Completed checkpoint up to RBA
Thread 1 advanced to log sequence 924
Starting background process VKTM
Starting background process VKTM
PGU-41111: missing /u01/app/oracle/oradata/ttprod/users01.dbf name
Starting background process VKTM
Thread 1 advanced to log sequence 342
Beginning log switch checkpoint up to RBA
Archived Log entry 819 added for thread 1 sequence 4396
ORA-19167: FONS0005: base uri not defined in the static context
Errors in file /u01/app/oracle/diag/rdbms/ttprod/ttprod1/trace/ttprod1_ora_63248.trc
Completed checkpoint up to RBA
Thread 1 advanced to log sequence 464
OCI-30100: internal error [ number ]
Current log# 465 seq# 4502 mem# 0
TNS-00559: load of Entrust certificate failed
Starting background process VKTM
Beginning log switch checkpoint up to RBA
Beginning log switch checkpoint up to RBA
ORA-29275: partial multibyte character
Current log# 713 seq# 9181 mem# 0
ARC0: Archival started
ARC0: Archival started
Completed checkpoint up to RBA
ORA-03287: invalid FREELIST GROUP specified
Beginning log switch checkpoint up to RBA
RMAN-06145: control file is not current - obsolete file list may be incomplete
Thread 1 advanced to log sequence 633
Thread 1 advanced to log sequence 249
PLS-00332: " USERS " is not a valid prefix for a qualified name
Errors in file /u01/app/oracle/diag/rdbms/ttprod/ttprod1/trace/ttprod1_ora_11312.trc
Current log# 547 seq# 8767 mem# 0
Completed checkpoint up to RBA
ARC0: Archival started
Archived Log entry 196 added for thread 1 sequence 8893
Undo initialization finished
ORA-14021: MAXVALUE must be specified for all columns
Current log# 398 seq# 9459 mem# 0
Completed checkpoint up to RBA
RMAN-06024: no backup or copy of the control file found to restore
Archived Log entry 259 added for thread 1 sequence 2078
Completed checkpoint up to RBA
Archived Log entry 87 added for thread 1 sequence 2973
Current log# 118 seq# 5032 mem# 0
PRKO-02187: The network resource has been modified successfully. VIP and other resources that depend on it might not start up unless they are modified
Undo initialization finished
Beginning log switch checkpoint up to RBA
Starting background process VKTM
Thread 1 advanced to log sequence 260
Beginning log switch checkpoint up to RBA
RMAN-06051: DELETE INPUT option not implemented yet
Thread 1 advanced to log sequence 859
Current log# 55 seq# 4696 mem# 0
Completed checkpoint up to RBA
Undo initialization finished
ORA-06955: Number of database servers exceed limit
Archived Log entry 79 added for thread 1 sequence 1902
Starting background process VKTM
CRS-05025: File system " ttprod2 " unmounted
Starting background process VKTM
Thread 1 advanced to log sequence 478
Starting background process VKTM
Current log# 54 seq# 5531 mem# 0
ORA-27354: attribute ttprod1 cannot be set for lightweight jobs
Archived Log entry 63 added for thread 1 sequence 1674
OCI-31067: XML nodes must be updated with nodes of the same type
Completed checkpoint up to RBA
Current log# 228 seq# 2153 mem# 0
Beginning log switch checkpoint up to RBA
Completed checkpoint up to RBA
PRCI-01110: Failed to check CRS configuration state for CRS home {0} on node {1}
Errors in file /u01/app/oracle/diag/rdbms/ttprod/ttprod1/trace/ttprod1_ora_46864.trc
Thread 1 advanced to log sequence 185
ORA-47963: Oracle Scheduler Job authorization for Oracle Database Vault to large pool is not found
Archived Log entry 912 added for thread 1 sequence 6636
Beginning log switch checkpoint up to RBA
Completed checkpoint up to RBA
Current log# 556 seq# 4153 mem# 0
Thread 1 advanced to log sequence 687
DRG-50703: listener startup error
Errors in file /u01/app/oracle/diag/rdbms/ttprod/ttprod1/trace/ttprod1_ora_93453.trc
Completed checkpoint up to RBA
Thread 1 advanced to log sequence 315
ARC0: Archival started
Completed checkpoint up to RBA
ARC0: Archival started
ORA-13604: The specified parameter UNDOTBS1 cannot be fetched as a SQL table.
Thread 1 advanced to log sequence 8
Undo initialization finished
LPX-01041: [XQDY0041] Expression can't be cast to the type xs:NCName
Thread 1 advanced to log sequence 645
Undo initialization finished
Beginning log switch checkpoint up to RBA
Current log# 756 seq# 2435 mem# 0
Archived Log entry 436 added for thread 1 sequence 5865
ORA-55612: No privilege to manage Flashback Archive
Starting background process VKTM
Completed checkpoint up to RBA
Starting background process VKTM
Archived Log entry 164 added for thread 1 sequence 1409
Undo initialization finished
PCB-00303: Dynamic SQL and PL/SQL are Oracle extensions to ANSI SQL
Archived Log entry 409 added for thread 1 sequence 8648
Archived Log entry 396 added for thread 1 sequence 4713
Archived Log entry 66 added for thread 1 sequence 9106
Current log# 658 seq# 3584 mem# 0
ORA-39772: column array reset disallowed after OCI_CONTINUE or OCI_NEED_DATA
Starting background process VKTM
Beginning log switch checkpoint up to RBA
ARC0: Archival started
Archived Log entry 115 added for thread 1 sequence 6217
Archived Log entry 562 added for thread 1 sequence 6778
ORA-06802: TLI Driver: could not open the /etc/netware/yellowpages file
Thread 1 advanced to log sequence 953
ORA-12631: Username retrieval failed
Undo initialization finished
Current log# 447 seq# 8013 mem# 0
ARC0: Archival started
Beginning log switch checkpoint up to RBA
ORA-48509: Error occurred during operation. See the following errors
Archived Log entry 78 added for thread 1 sequence 3734
Completed checkpoint up to RBA
Archived Log entry 635 added for thread 1 sequence 9111
TNS-00063: INTCTL: Failed to allocate memory for buffers
Starting background process VKTM
Undo initialization finished
Beginning log switch checkpoint up to RBA
Archived Log entry 378 added for thread 1 sequence 7457
ORA-53430: The DICOM object contains unsupported values ttprod2 .
Current log# 804 seq# 7104 mem# 0
ORA-16654: fast-start failover is enabled
Errors in file /u01/app/oracle/diag/rdbms/ttprod/ttprod1/trace/ttprod1_ora_24731.trc
Starting background process VKTM
ORA-19614: archived log thread APP_USER42 sequence ttstandby01 not found in backup set
ARC0: Archival started
Starting background process VKTM
Current log# 981 seq# 3373 mem# 0
Archived Log entry 391 added for thread 1 sequence 4806
Archived Log entry 864 added for thread 1 sequence 3131
NID-00407: Reversion of database ID failed.
Undo initialization finished
ORA-30462: unsupported operator: UNDOTBS1
Thread 1 advanced to log sequence 58
Completed checkpoint up to RBA
ARC0: Archival started
Thread 1 advanced to log sequence 306
RMAN-08099: specifying standby control file for proxy backup
Thread 1 advanced to log sequence 901
Beginning log switch checkpoint up to RBA
ARC0: Archival started
Starting background process VKTM
PCC-00109: Dynamic SQL and PL/SQL are Oracle extensions to ANSI SQL
ARC0: Archival started
Starting background process VKTM
Current log# 369 seq# 1401 mem# 0
ORA-10581: Can not modify redo log header during test recovery
Current log# 689 seq# 3060 mem# 0
Completed checkpoint up to RBA
Undo initialization finished
Beginning log switch checkpoint up to RBA
Beginning log switch checkpoint up to RBA
ORA-26738: pg_toast_12345 ' CRM.CALL_DETAIL_RECORDS ' is not empty
Beginning log switch checkpoint up to RBA
PLS-00416: The third argument of DECODE cannot be NULL
Errors in file /u01/app/oracle/diag/rdbms/ttprod/ttprod1/trace/ttprod1_ora_91880.trc
Archived Log entry 324 added for thread 1 sequence 4075
Beginning log switch checkpoint up to RBA
Thread 1 advanced to log sequence 848
Thread 1 advanced to log sequence 272
ORA-54532: incomplete composite surface
Archived Log entry 171 added for thread 1 sequence 5123
Archived Log entry 327 added for thread 1 sequence 5995
Current log# 752 seq# 3337 mem# 0
Thread 1 advanced to log sequence 938
Starting background process VKTM
JMS-00206: XA Exception XAError-{0} :: OracleError-{1}
Current log# 733 seq# 1659 mem# 0
ARC0: Archival started
ORA-01382: Thread CRM.CALL_DETAIL_RECORDS failed to open log file UNDOTBS1 . The log file's block size ( 5000 ) is larger than the disk sector size ( 17 )
Errors in file /u01/app/oracle/diag/rdbms/ttprod/ttprod1/trace/ttprod1_ora_11949.trc
ARC0: Archival started
ORA-54500: invalid combination of elements
Thread 1 advanced to log sequence 960
Completed checkpoint up to RBA
RMAN-06522: KEEP FOREVER option is not supported without the recovery catalog
Completed checkpoint up to RBA
ARC0: Archival started
Undo initialization finished
ORA-39127: unexpected error from call to 3 session_1123
Current log# 127 seq# 1978 mem# 0
TNS-12583: TNS:no reader
ARC0: Archival started
Thread 1 advanced to log sequence 246
Undo initialization finished
Current log# 155 seq# 8301 mem# 0
PGA-21115: shutdown request received
Starting background process VKTM
Completed checkpoint up to RBA
OCI-30120: ' reporting_schema ' is not a legal oracle number for ' INVOICE_LINES_IDX '
Errors in file /u01/app/oracle/diag/rdbms/ttprod/ttprod1/trace/ttprod1_ora_77676.trc
Undo initialization finished
Archived Log entry 821 added for thread 1 sequence 8825
Undo initialization finished
RMAN-05526: datafile number not processed because file is OFFLINE IMMEDIATE
Archived Log entry 542 added for thread 1 sequence 4156
Current log# 157 seq# 5837 mem# 0
ORA-16666: unable to initiate fast-start failover on a bystander standby database
Starting background process VKTM
Undo initialization finished
Thread 1 advanced to log sequence 360
Archived Log entry 480 added for thread 1 sequence 4038
LPX-00019: property "~s" unknown
Current log# 917 seq# 9167 mem# 0
Completed checkpoint up to RBA
Archived Log entry 809 added for thread 1 sequence 4488
ARC0: Archival started
Current log# 953 seq# 4319 mem# 0
ORA-01697: control file is for a clone database
Beginning log switch checkpoint up to RBA
PRCD-01179: The online relocation timeout value {0} is not within the range of between {1} and {2}
Errors in file /u01/app/oracle/diag/rdbms/ttprod/ttprod1/trace/ttprod1_ora_27938.trc
Beginning log switch checkpoint up to RBA
Completed checkpoint up to RBA
RMAN-06100: no channel to restore a backup or copy of datafile number
Current log# 60 seq# 1092 mem# 0
Starting background process VKTM
Starting background process VKTM
Current log# 6 seq# 1096 mem# 0
ORA-54549: input geometry has incorrect elemInfo
Beginning log switch checkpoint up to RBA
Current log# 27 seq# 7266 mem# 0
ARC0: Archival started
PGU-41143: this type of WITH operand invalid with a 3 object
Current log# 857 seq# 7813 mem# 0
Thread 1 advanced to log sequence 250
Archived Log entry 302 added for thread 1 sequence 8830
ARC0: Archival started
ORA-02847: Server did not terminate when posted
Errors in file /u01/app/oracle/diag/rdbms/ttprod/ttprod1/trace/ttprod1_ora_35401.trc
Completed checkpoint up to RBA
Starting background process VKTM
Archived Log entry 779 added for thread 1 sequence 1780
RMAN-06540: Tablespace SYSAUX will be excluded from future whole database backups
Starting background process VKTM
Archived Log entry 105 added for thread 1 sequence 8018
ORA-39914: Index app_db . CRM.CALL_DETAIL_RECORDS in tablespace NETWORK_OPS.SIM_INVENTORY points to subpartition /u01/app/oracle/oradata/ttprod/users01.dbf of table USERS . idx_users_email in tablespace /u01/app/oracle/oradata/ttprod/users01.dbf outside of transportable set.
Starting background process VKTM
Beginning log switch checkpoint up to RBA
Current log# 796 seq# 5577 mem# 0
Thread 1 advanced to log sequence 876
ORA-39925: LOB segment 1024 . app_db in tablespace TNS_ADMIN points to table large pool . APP_USER42 in tablespace UNDOTBS1 .
ARC0: Archival started
Archived Log entry 81 added for thread 1 sequence 7446
Undo initialization finished
Current log# 391 seq# 9744 mem# 0
ORA-12163: TNS:connect descriptor is too long
Beginning log switch checkpoint up to RBA
ORA-09312: slspool: error spooling file to printer
Starting background process VKTM
Completed checkpoint up to RBA
Archived Log entry 210 added for thread 1 sequence 3546
NNL-00986: Reforwarded requests expired: number
Undo initialization finished
Thread 1 advanced to log sequence 322
Completed checkpoint up to RBA
ORA-14503: only one partition name can be specified
Errors in file /u01/app/oracle/diag/rdbms/ttprod/ttprod1/trace/ttprod1_ora_64247.trc
Beginning log switch checkpoint up to RBA
Beginning log switch checkpoint up to RBA
ARC0: Archival started
PRVF-06003: Unable to get network information from node: {0}
Archived Log entry 435 added for thread 1 sequence 3197
Starting background process VKTM
Thread 1 advanced to log sequence 831
ORA-02163: invalid value for FREELIST GROUPS
ARC0: Archival started
Archived Log entry 929 added for thread 1 sequence 5340
Archived Log entry 152 added for thread 1 sequence 8286
Starting background process VKTM
Beginning log switch checkpoint up to RBA
RMAN-05550: TARGET database not open, cannot verify that set of tablespaces being duplicated does not have SYS objects
Completed checkpoint up to RBA
ORA-25407: connection terminated
Starting background process VKTM
Undo initialization finished
Archived Log entry 456 added for thread 1 sequence 1523
PLS-00333: " _SYSSMU12$ " must match an object-table alias in this context
ARC0: Archival started
Archived Log entry 772 added for thread 1 sequence 4236
Undo initialization finished
Completed checkpoint up to RBA
Undo initialization finished
NID-00415: Change of database name and database ID failed.
ARC0: Archival started
DRG-12242: value of 17 is too large for section pk_orders
Completed checkpoint up to RBA
Completed checkpoint up to RBA
RMAN-06176: no recovery required; all files are read only or offline
Errors in file /u01/app/oracle/diag/rdbms/ttprod/ttprod1/trace/ttprod1_ora_71122.trc
Beginning log switch checkpoint up to RBA
Starting background process VKTM
ORA-24027: AQ HTTP propagation encountered error, status-code DATA_TS01 , ttstandby01
Errors in file /u01/app/oracle/diag/rdbms/ttprod/ttprod1/trace/ttprod1_ora_29945.trc
Current log# 325 seq# 5673 mem# 0
Completed checkpoint up to RBA
Archived Log entry 491 added for thread 1 sequence 9002
NNO-00318: overriding next statistic counter reset, resetting in number seconds
Archived Log entry 602 added for thread 1 sequence 3414
Archived Log entry 496 added for thread 1 sequence 6450
ORA-44742: Cannot alter columns of a table that is shared by other group(s).
Current log# 556 seq# 6576 mem# 0
Undo initialization finished
Starting background process VKTM
ARC0: Archival started
Thread 1 advanced to log sequence 878
ORA-54526: multi or composite geometry must be decomposed before extraction
Errors in file /u01/app/oracle/diag/rdbms/ttprod/ttprod1/trace/ttprod1_ora_41459.trc
Completed checkpoint up to RBA
ARC0: Archival started
PGU-41145: default PLSDNAME parameter truncated to idx_users_email
Undo initialization finished
Thread 1 advanced to log sequence 638
ARC0: Archival started
Completed checkpoint up to RBA
RMAN-06010: error while looking up datafile: _SYSSMU7$
Archived Log entry 452 added for thread 1 sequence 5062
ARC0: Archival started
Undo initialization finished
ORA-25189: illegal ALTER TABLE option for an index-organized table
Current log# 999 seq# 6792 mem# 0
ORA-38818: illegal reference to editioned object TNS_ADMIN . reporting_schema
Undo initialization finished
Undo initialization finished
CLSS-03001: local node number 5000 , master node number _SYSSMU7$
Completed checkpoint up to RBA
Beginning log switch checkpoint up to RBA
Beginning log switch checkpoint up to RBA
Completed checkpoint up to RBA
Archived Log entry 801 added for thread 1 sequence 3207
ORA-12585: TNS:data truncation
Errors in file /u01/app/oracle/diag/rdbms/ttprod/ttprod1/trace/ttprod1_ora_45342.trc
Beginning log switch checkpoint up to RBA
XOQ-01488: Consistent solve has two dynamic models over dimension " pg_toast_12345 ".
Current log# 72 seq# 2635 mem# 0
Undo initialization finished
Beginning log switch checkpoint up to RBA
ORA-06702: TLI Driver: cannot allocate context area
Starting background process VKTM
ORA-27233: file is not an ELF file
ARC0: Archival started
ORA-03241: Invalid unit size
ARC0: Archival started
ARC0: Archival started
Archived Log entry 589 added for thread 1 sequence 9112
ORA-46016: Number of columns of foreignKey does not match primaryKey.
Starting background process VKTM
Starting background process VKTM
PRVF-09556: Failed to get the CRS user name for an existing CRS installation
Completed checkpoint up to RBA
RMAN-06484: changed control file copy expired
Undo initialization finished
Archived Log entry 765 added for thread 1 sequence 8532
Current log# 753 seq# 3669 mem# 0
Undo initialization finished
ORA-14290: PRIMARY KEY constraint mismatch in ALTER TABLE EXCHANGE [SUB]PARTITION
Starting background process VKTM
Undo initialization finished
RMAN-08607: List of remote backup files
ARC0: Archival started
Undo initialization finished
Undo initialization finished
ARC0: Archival started
ARC0: Archival started
ORA-25316: Late in the current transaction to begin an Enqueue/Dequeue operation
Beginning log switch checkpoint up to RBA
Undo initialization finished
Thread 1 advanced to log sequence 672
Starting background process VKTM
RMAN-05522: Skipping tablespace session_1123
Errors in file /u01/app/oracle/diag/rdbms/ttprod/ttprod1/trace/ttprod1_ora_95400.trc
Completed checkpoint up to RBA
Archived Log entry 790 added for thread 1 sequence 8617
ARC0: Archival started
Thread 1 advanced to log sequence 286
Completed checkpoint up to RBA
KUP-04058: unrecoverable error occurred, operation aborted.
Errors in file /u01/app/oracle/diag/rdbms/ttprod/ttprod1/trace/ttprod1_ora_59451.trc
Undo initialization finished
ARC0: Archival started
PROC-00024: Error in the messaging layer
Starting background process VKTM
Archived Log entry 730 added for thread 1 sequence 8593
ORA-44730: XML Index SP2-0552 is not usable at the moment
Beginning log switch checkpoint up to RBA
Archived Log entry 578 added for thread 1 sequence 2386
Archived Log entry 887 added for thread 1 sequence 5835
ORA-19506: failed to create sequential file, name=" CDR_STAGING ", parms=" /u01/app/oracle/oradata/ttprod/users01.dbf "
Completed checkpoint up to RBA
Thread 1 advanced to log sequence 407
Current log# 248 seq# 5028 mem# 0
ORA-01928: GRANT option not granted for all privileges
Current log# 891 seq# 1791 mem# 0
Current log# 878 seq# 2619 mem# 0
ORA-19173: FORG0009: error in resolving a relative URI against a base URI in fn:resolve-uri
Errors in file /u01/app/oracle/diag/rdbms/ttprod/ttprod1/trace/ttprod1_ora_70311.trc
ARC0: Archival started
ORA-41208: OCI error during session state capture and restore
Beginning log switch checkpoint up to RBA
Beginning log switch checkpoint up to RBA
Undo initialization finished
ORA-30932: Reference node ' ttstandby01 ' not contained in specified parent node ' DATA_TS01 '
Thread 1 advanced to log sequence 83
Thread 1 advanced to log sequence 758
ARC0: Archival started
Thread 1 advanced to log sequence 483
Archived Log entry 32 added for thread 1 sequence 6006
ORA-30551: The index depends on a package/type body which does not exist
Thread 1 advanced to log sequence 194
Beginning log switch checkpoint up to RBA
RMAN-06027: no archived logs found that match specification
Errors in file /u01/app/oracle/diag/rdbms/ttprod/ttprod1/trace/ttprod1_ora_55111.trc
Archived Log entry 672 added for thread 1 sequence 1819
Undo initialization finished
Undo initialization finished
Completed checkpoint up to RBA
Completed checkpoint up to RBA
CRS-04210: Failed to obtain the length of IPMI credentials while accessing the wallet.
Starting background process VKTM
Beginning log switch checkpoint up to RBA
Undo initialization finished
Thread 1 advanced to log sequence 683
Starting background process VKTM
DRG-11814: See Other
Starting background process VKTM
Current log# 274 seq# 7634 mem# 0
RMAN-07208: changed 42 failures to LOW priority
Errors in file /u01/app/oracle/diag/rdbms/ttprod/ttprod1/trace/ttprod1_ora_12037.trc
Completed checkpoint up to RBA
Starting background process VKTM
ORA-19275: XQST0055 - schema path CRM.CALL_DETAIL_RECORDS not found in list of in-scope schema definitions
Current log# 500 seq# 3411 mem# 0
Archived Log entry 629 added for thread 1 sequence 1887
ORA-39503: failed to notify CRS of a Startup/Shutdown event [ DATA_TS01 ] (ignored)
Errors in file /u01/app/oracle/diag/rdbms/ttprod/ttprod1/trace/ttprod1_ora_85364.trc
Undo initialization finished
Undo initialization finished
Completed checkpoint up to RBA
Beginning log switch checkpoint up to RBA
Thread 1 advanced to log sequence 908
NID-00372: Change database ID and database name _SYSSMU7$ to 3 ? (Y/[N]) =>
Errors in file /u01/app/oracle/diag/rdbms/ttprod/ttprod1/trace/ttprod1_ora_41451.trc
Archived Log entry 876 added for thread 1 sequence 2714
Undo initialization finished
Beginning log switch checkpoint up to RBA
Undo initialization finished
Undo initialization finished
ORA-26882: Timeout while SYSAUX automatic split/merge job:" _SYSSMU12$ "." DATA_TS01 " tried to lock Capture process " ttstandby01 ".
Current log# 406 seq# 3135 mem# 0
ORA-03230: segment only contains NETWORK_OPS.SIM_INVENTORY blocks of unused space above high water mark
Archived Log entry 305 added for thread 1 sequence 9280
Completed checkpoint up to RBA
Beginning log switch checkpoint up to RBA
Undo initialization finished
PCC-00112: Datatype not supported by ANSI
Thread 1 advanced to log sequence 669
Starting background process VKTM
Completed checkpoint up to RBA
ARC0: Archival started
Starting background process VKTM
AUD-00612: unable to open export destination file
Archived Log entry 302 added for thread 1 sequence 5657
Archived Log entry 817 added for thread 1 sequence 3669
ORA-13157: Oracle error ORA shared pool encountered while fk_order_customer
Errors in file /u01/app/oracle/diag/rdbms/ttprod/ttprod1/trace/ttprod1_ora_26513.trc
Thread 1 advanced to log sequence 74
Thread 1 advanced to log sequence 827
Undo initialization finished
ORA-16128: User initiated stop apply successfully completed
Errors in file /u01/app/oracle/diag/rdbms/ttprod/ttprod1/trace/ttprod1_ora_46420.trc
ARC0: Archival started
ORA-03009: Incompatible OCI function call
Beginning log switch checkpoint up to RBA
Beginning log switch checkpoint up to RBA
Completed checkpoint up to RBA
Thread 1 advanced to log sequence 661
ORA-23380: propagation mode " session_1123 " is not valid
Current log# 302 seq# 4430 mem# 0
Beginning log switch checkpoint up to RBA
ORA-09829: pw_createPorts: server call pws_start_instance failed.
Completed checkpoint up to RBA
Current log# 283 seq# 9081 mem# 0
Starting background process VKTM
Completed checkpoint up to RBA
Starting background process VKTM
ORA-25429: Break request cannot be propagated over shared database link.
ARC0: Archival started
Starting background process VKTM
ARC0: Archival started
Thread 1 advanced to log sequence 373
ORA-40028: solution to least squares problem could not be found
Thread 1 advanced to log sequence 86
INS-35075: The specified SID is already in use.
Completed checkpoint up to RBA
Current log# 903 seq# 9670 mem# 0
Starting background process VKTM
TNS-12157: TNS:internal network communication error
Starting background process VKTM
PRCR-01043: Failed to update dependent resources {0} of resource {1} to resource {2}
Errors in file /u01/app/oracle/diag/rdbms/ttprod/ttprod1/trace/ttprod1_ora_39980.trc
ARC0: Archival started
ARC0: Archival started
Current log# 909 seq# 2941 mem# 0
Thread 1 advanced to log sequence 141
ARC0: Archival started
ORA-38712: Corrupt flashback log record header: block SP2-0552 , offset _SYSSMU7$ .
Errors in file /u01/app/oracle/diag/rdbms/ttprod/ttprod1/trace/ttprod1_ora_88531.trc
Thread 1 advanced to log sequence 676
ARC0: Archival started
Current log# 811 seq# 8068 mem# 0
ARC0: Archival started
ORA-12471: Specified compartment or group is not authorized for user
Errors in file /u01/app/oracle/diag/rdbms/ttprod/ttprod1/trace/ttprod1_ora_91602.trc
Current log# 606 seq# 4171 mem# 0
Completed checkpoint up to RBA
Archived Log entry 384 added for thread 1 sequence 3298
Completed checkpoint up to RBA
ORA-14319: DEFAULT cannot be specified with other values
Completed checkpoint up to RBA
Undo initialization finished
ARC0: Archival started
Current log# 231 seq# 9437 mem# 0
Archived Log entry 591 added for thread 1 sequence 4419
ORA-31030: Unable to retrieve XML document
Beginning log switch checkpoint up to RBA
Thread 1 advanced to log sequence 826
Completed checkpoint up to RBA
Current log# 817 seq# 2315 mem# 0
RMAN-05032: datafile _SYSSMU7$ will be created automatically during restore operation
Thread 1 advanced to log sequence 201
Starting background process VKTM
Starting background process VKTM
ORA-09875: TASDEF_WRITE: write error when writing ?/dbs/tasdef@.dbf file.
Current log# 93 seq# 9596 mem# 0
CRS-01116: Oracle Clusterware upgrade has been aborted.
Undo initialization finished
Archived Log entry 334 added for thread 1 sequence 6867
ORA-13139: could not obtain column definition for 3
Current log# 609 seq# 9781 mem# 0
Beginning log switch checkpoint up to RBA
ORA-39905: Table CRM.CALL_DETAIL_RECORDS . 42 in tablespace NETWORK_OPS.SIM_INVENTORY points to LOB segment APP_USER42 . 1024 in tablespace SP2-0552 .
Current log# 902 seq# 1558 mem# 0
Thread 1 advanced to log sequence 788
Archived Log entry 116 added for thread 1 sequence 5022
ORA-19683: real and backup block size of file pg_toast_12345 are unequal
Archived Log entry 729 added for thread 1 sequence 1494
Archived Log entry 406 added for thread 1 sequence 6136
ARC0: Archival started
Beginning log switch checkpoint up to RBA
ORA-32348: revalidate summary object based on user input
Beginning log switch checkpoint up to RBA
Current log# 482 seq# 7501 mem# 0
Beginning log switch checkpoint up to RBA
Archived Log entry 747 added for thread 1 sequence 5707
LFI-01502: Base filename does not exist.
ARC0: Archival started
Thread 1 advanced to log sequence 912
ORA-39187: The transportable set is not self-contained, violation list is
Errors in file /u01/app/oracle/diag/rdbms/ttprod/ttprod1/trace/ttprod1_ora_40414.trc
Current log# 650 seq# 3777 mem# 0
Current log# 54 seq# 7470 mem# 0
Thread 1 advanced to log sequence 512
Starting background process VKTM
RMAN-05526: datafile number not processed because file is OFFLINE IMMEDIATE
Beginning log switch checkpoint up to RBA
RMAN-08137: WARNING: archived log not deleted, needed for standby or upstream capture process
Current log# 855 seq# 7225 mem# 0
Current log# 736 seq# 7802 mem# 0
Beginning log switch checkpoint up to RBA
Current log# 548 seq# 4559 mem# 0
ORA-31665: mode can only be defaulted for IMPORT and SQL_FILE operations
Starting background process VKTM
Thread 1 advanced to log sequence 170
ARC0: Archival started
Current log# 25 seq# 7122 mem# 0
Starting background process VKTM
RMAN-07530: Reason: This file type is not requested for cataloging
Current log# 57 seq# 6013 mem# 0
Archived Log entry 261 added for thread 1 sequence 2682
Archived Log entry 696 added for thread 1 sequence 1424
Beginning log switch checkpoint up to RBA
ARC0: Archival started
ORA-30388: name of the rewrite equivalence is not specified
Current log# 269 seq# 8664 mem# 0
Current log# 351 seq# 5104 mem# 0
CRS-05829: Failed to get definition for resource ' ttprod2 '. Details at 5000 in _SYSSMU7$ .
Completed checkpoint up to RBA
ORA-16617: unknown object identifier specified in request
Thread 1 advanced to log sequence 849
Thread 1 advanced to log sequence 158
Current log# 818 seq# 7111 mem# 0
Thread 1 advanced to log sequence 496
ORA-01862: the numeric value does not match the length of the format item
Thread 1 advanced to log sequence 982
Thread 1 advanced to log sequence 628
PRCS-01018: Failed to add cluster configuration for Single Client Access Name listener {0}
Starting background process VKTM
Undo initialization finished
Archived Log entry 353 added for thread 1 sequence 7291
ORA-09937: Chmod of ORACLE password file failed.
ARC0: Archival started
Starting background process VKTM
Beginning log switch checkpoint up to RBA
QSM-01092: mjv tries to rewrite a semi-join and primary key or rowid missing
Beginning log switch checkpoint up to RBA
Thread 1 advanced to log sequence 183
Archived Log entry 649 added for thread 1 sequence 3991
Beginning log switch checkpoint up to RBA
Completed checkpoint up to RBA
ORA-19591: backup aborted because job time exceeded duration time
Starting background process VKTM
Beginning log switch checkpoint up to RBA
Completed checkpoint up to RBA
Current log# 863 seq# 4340 mem# 0
PLS-00950: In this version, PL/SQL tables can not be used in this SQL statement.
Beginning log switch checkpoint up to RBA
ARC0: Archival started
Archived Log entry 200 added for thread 1 sequence 8672
Current log# 35 seq# 2689 mem# 0
CRS-05008: Invalid attribute value: UNDOTBS1 for the network interface
Undo initialization finished
Completed checkpoint up to RBA
Archived Log entry 135 added for thread 1 sequence 8257
ORA-56972: referenced file not found
Beginning log switch checkpoint up to RBA
Undo initialization finished
Beginning log switch checkpoint up to RBA
Archived Log entry 480 added for thread 1 sequence 6473
Current log# 977 seq# 7151 mem# 0
PLS-00600: SAMPLE cannot be applied to a remote object
Completed checkpoint up to RBA
Archived Log entry 564 added for thread 1 sequence 1730
Undo initialization finished
Undo initialization finished
Archived Log entry 377 added for thread 1 sequence 7996
PCB-00309: The CONNECT statement is Oracle implementation dependent
Beginning log switch checkpoint up to RBA
Starting background process VKTM
Beginning log switch checkpoint up to RBA
Beginning log switch checkpoint up to RBA
Undo initialization finished
CRS-02008: invalid message type < number > used
Completed checkpoint up to RBA
Completed checkpoint up to RBA
Undo initialization finished
Current log# 374 seq# 4914 mem# 0
ORA-12717: Cannot issue ALTER DATABASE NATIONAL CHARACTER SET when NCLOB, NCHAR or NVARCHAR2 data exists
Current log# 293 seq# 2489 mem# 0
ARC0: Archival started
Starting background process VKTM
Current log# 459 seq# 3484 mem# 0
ORA-08498: Warning: picture mask ' BILLING.CUST_ORDERS ' overrides picture mask option 'USAGE IS UNDOTBS1 ' to 'USAGE IS DISPLAY'
Undo initialization finished
Completed checkpoint up to RBA
Thread 1 advanced to log sequence 434
Undo initialization finished
NID-00431: DBNEWID - Reversion completed.
Beginning log switch checkpoint up to RBA
ARC0: Archival started
Starting background process VKTM
ARC0: Archival started
RMAN-05051: analyzing automatic repair options; this may take some time
Completed checkpoint up to RBA
ARC0: Archival started
Undo initialization finished
Beginning log switch checkpoint up to RBA
ARC0: Archival started
JMS-00205: Naming Exception
Archived Log entry 180 added for thread 1 sequence 6018
Starting background process VKTM
ARC0: Archival started
Archived Log entry 272 added for thread 1 sequence 9475
Current log# 401 seq# 6173 mem# 0
ORA-07600: slkmnm: $GETSYIW failure
Starting background process VKTM
PLS-00201: identifier ' CRM.CALL_DETAIL_RECORDS ' must be declared
ARC0: Archival started
Starting background process VKTM
Current log# 935 seq# 9503 mem# 0
Archived Log entry 16 added for thread 1 sequence 5722
DRG-51029: unexpected error in stemmer expansion: %(1)
Completed checkpoint up to RBA
INS-35083: The specified domain of the Global database name exceeds 128 characters.
Starting background process VKTM
Current log# 441 seq# 9182 mem# 0
Completed checkpoint up to RBA
ORA-06120: NETTCP: network driver not loaded
Undo initialization finished
Thread 1 advanced to log sequence 741
Thread 1 advanced to log sequence 871
ARC0: Archival started
Starting background process VKTM
NID-00302: Datafile large pool - dbid changed
Errors in file /u01/app/oracle/diag/rdbms/ttprod/ttprod1/trace/ttprod1_ora_88190.trc
ARC0: Archival started
Beginning log switch checkpoint up to RBA
ARC0: Archival started
ORA-27007: failed to open file
Thread 1 advanced to log sequence 688
Current log# 372 seq# 1178 mem# 0
Current log# 649 seq# 1862 mem# 0
Undo initialization finished
Thread 1 advanced to log sequence 960
RMAN-07520: Reason: Data pump dump file
Current log# 606 seq# 2065 mem# 0
ARC0: Archival started
Thread 1 advanced to log sequence 791
Undo initialization finished
Starting background process VKTM
XOQ-01753: Unknown or invalid attribute " shared pool " is specified in an assignment.
ARC0: Archival started
ORA-00256: cannot translate archive destination /u01/app/oracle/oradata/ttprod/users01.dbf USERS
Errors in file /u01/app/oracle/diag/rdbms/ttprod/ttprod1/trace/ttprod1_ora_99912.trc
Undo initialization finished
Completed checkpoint up to RBA
Archived Log entry 373 added for thread 1 sequence 5023
ARC0: Archival started
Beginning log switch checkpoint up to RBA
PRKO-03229: Option '-i' cannot be used to enable or disable service(s) {0} for single instance database {1}
Beginning log switch checkpoint up to RBA
Thread 1 advanced to log sequence 121
ORA-12821: invalid value for INSTANCES
Undo initialization finished
Undo initialization finished
RMAN-08542: channel 3 : starting proxy archived log backup at 5000
Starting background process VKTM
Beginning log switch checkpoint up to RBA
ARC0: Archival started
Completed checkpoint up to RBA
Archived Log entry 135 added for thread 1 sequence 9614
RMAN-06157: validation failed for archived log
Current log# 638 seq# 8116 mem# 0
Archived Log entry 448 added for thread 1 sequence 3709
Thread 1 advanced to log sequence 295
PGU-41053: VERSION parameter was previously specified
Undo initialization finished
Current log# 647 seq# 9247 mem# 0
Archived Log entry 557 added for thread 1 sequence 3656
PLS-01454: No operator may be used with values of data type CHAR
Undo initialization finished
ORA-08106: cannot create journal table DATA_TS01 . app_db
Starting background process VKTM
Thread 1 advanced to log sequence 827
Undo initialization finished
PRVF-05313: Failed to search for ohasd entry in /etc/inittab file on node "{0}"
Errors in file /u01/app/oracle/diag/rdbms/ttprod/ttprod1/trace/ttprod1_ora_18149.trc
Archived Log entry 749 added for thread 1 sequence 3614
ORA-30686: no dispatcher accepted TCP/IP connection request
Current log# 721 seq# 1769 mem# 0
Completed checkpoint up to RBA
Starting background process VKTM
ORA-01920: user name ' large pool ' conflicts with another user or role name
Completed checkpoint up to RBA
Current log# 699 seq# 9536 mem# 0
ORA-13210: error inserting data into the index table
Errors in file /u01/app/oracle/diag/rdbms/ttprod/ttprod1/trace/ttprod1_ora_16437.trc
Completed checkpoint up to RBA
Beginning log switch checkpoint up to RBA
Completed checkpoint up to RBA
ORA-24065: propagation for QUEUE SYSAUX and DESTINATION fk_order_customer already disabled
Current log# 995 seq# 5851 mem# 0
Beginning log switch checkpoint up to RBA
Starting background process VKTM
Thread 1 advanced to log sequence 376
Thread 1 advanced to log sequence 357
ORA-32408: materialized view log on " fk_order_customer "." app_db " already has new values
Starting background process VKTM
ORA-41653: inconsistent value for the "count" attribute of the "any" element
Completed checkpoint up to RBA
Completed checkpoint up to RBA
Undo initialization finished
Archived Log entry 855 added for thread 1 sequence 5406
ORA-38779: cannot create restore point - too many restore points.
Beginning log switch checkpoint up to RBA
Completed checkpoint up to RBA
Undo initialization finished
Completed checkpoint up to RBA
ORA-27626: Exadata error: CDR_STAGING ( INVOICE_LINES_IDX )
Completed checkpoint up to RBA
Starting background process VKTM
ORA-19561: pg_toast_12345 requires a DISK channel
ARC0: Archival started
Undo initialization finished
Current log# 287 seq# 1738 mem# 0
Archived Log entry 562 added for thread 1 sequence 9174
PGA-21111: partner log name is x' ttprod1 '
Current log# 376 seq# 3541 mem# 0
Archived Log entry 508 added for thread 1 sequence 9675
Beginning log switch checkpoint up to RBA
Thread 1 advanced to log sequence 638
ORA-23485: Column group " CDR_STAGING " must consist of a single numeric column only
Thread 1 advanced to log sequence 12
Starting background process VKTM
ORA-36667: (XSDPART05) PK_CUSTOMER_ACCOUNTS is not a legal CONCAT partition.
Archived Log entry 652 added for thread 1 sequence 9748
Undo initialization finished
Completed checkpoint up to RBA
ARC0: Archival started
Current log# 887 seq# 3211 mem# 0
NMP-00009: SNMP initialization failure
Errors in file /u01/app/oracle/diag/rdbms/ttprod/ttprod1/trace/ttprod1_ora_10715.trc
Starting background process VKTM
ARC0: Archival started
Starting background process VKTM
Completed checkpoint up to RBA
ARC0: Archival started
ORA-02064: distributed operation not supported
Undo initialization finished
Thread 1 advanced to log sequence 64
Thread 1 advanced to log sequence 42
ORA-02469: Hash expression does not return an Oracle Number.
ARC0: Archival started
RMAN-08052: cataloged control file copy
Errors in file /u01/app/oracle/diag/rdbms/ttprod/ttprod1/trace/ttprod1_ora_44681.trc
Beginning log switch checkpoint up to RBA
Thread 1 advanced to log sequence 769
Beginning log switch checkpoint up to RBA
Current log# 677 seq# 6058 mem# 0
RMAN-08016: channel shared pool : starting datafile backup set restore
Errors in file /u01/app/oracle/diag/rdbms/ttprod/ttprod1/trace/ttprod1_ora_46739.trc
Thread 1 advanced to log sequence 212
Current log# 484 seq# 7826 mem# 0
Beginning log switch checkpoint up to RBA
Completed checkpoint up to RBA
Archived Log entry 776 added for thread 1 sequence 2876
SQL-02153: Invalid character variable for use in a GET/SET statement
Undo initialization finished
Current log# 450 seq# 2953 mem# 0
Beginning log switch checkpoint up to RBA
ORA-00236: snapshot operation disallowed: mounted control file is a backup
Undo initialization finished
Undo initialization finished
ARC0: Archival started
RMAN-05529: WARNING: DB_FILE_NAME_CONVERT resulted in invalid ASM names; names changed to disk group only.
Errors in file /u01/app/oracle/diag/rdbms/ttprod/ttprod1/trace/ttprod1_ora_78833.trc
Thread 1 advanced to log sequence 238
Starting background process VKTM
RMAN-06050: archived log for thread number with sequence number is already on disk as file _SYSSMU12$
Beginning log switch checkpoint up to RBA
Current log# 964 seq# 6024 mem# 0
Starting background process VKTM
Current log# 236 seq# 4371 mem# 0
Archived Log entry 99 added for thread 1 sequence 2797
SQL-02121: Invalid host name
Errors in file /u01/app/oracle/diag/rdbms/ttprod/ttprod1/trace/ttprod1_ora_51458.trc
Undo initialization finished
Current log# 791 seq# 9314 mem# 0
Beginning log switch checkpoint up to RBA
PRCI-01106: Failed to check Oracle Restart configuration state for Oracle Restart home {0} on node {1}
Undo initialization finished
Starting background process VKTM
Archived Log entry 239 added for thread 1 sequence 5264
Undo initialization finished
TNS-04073: Passwords do not match.
Beginning log switch checkpoint up to RBA
Current log# 93 seq# 5348 mem# 0
Undo initialization finished
ORA-14330: Cannot drop a partition of a global hash-partitioned index
Current log# 535 seq# 4719 mem# 0
ORA-24182: attribute number specified does not exist
Thread 1 advanced to log sequence 86
Starting background process VKTM
Thread 1 advanced to log sequence 593
Undo initialization finished
Current log# 891 seq# 2701 mem# 0
ORA-32635: not a single cell reference predicate
Current log# 630 seq# 9382 mem# 0
Starting background process VKTM
Archived Log entry 239 added for thread 1 sequence 2829
Starting background process VKTM
PRVF-07543: OS Kernel parameter "{0}" does not have proper value on node "{1}" [Expected = "{2}" ; Found = "{3}"].
ARC0: Archival started
NNO-00606: disabling modification requests
Archived Log entry 890 added for thread 1 sequence 9586
Current log# 861 seq# 7485 mem# 0
Starting background process VKTM
ORA-09841: soacon: Name translation failure.
Starting background process VKTM
ORA-01725: USERENV('COMMITSCN') not allowed here
Undo initialization finished
PLS-00360: cursor declaration without body needs return type
Errors in file /u01/app/oracle/diag/rdbms/ttprod/ttprod1/trace/ttprod1_ora_76910.trc
Archived Log entry 256 added for thread 1 sequence 5413
ARC0: Archival started
Completed checkpoint up to RBA
ORA-15276: ASM diskgroup _SYSSMU12$ has cluster voting files
Beginning log switch checkpoint up to RBA
ARC0: Archival started
Starting background process VKTM
Thread 1 advanced to log sequence 978
Thread 1 advanced to log sequence 645
ORA-01167: two files are the same file/group number or the same file
Starting background process VKTM
Undo initialization finished
Current log# 479 seq# 5116 mem# 0
Current log# 71 seq# 3830 mem# 0
RMAN-08506: input file name= /u01/app/oracle/oradata/ttprod/users01.dbf
Undo initialization finished
ARC0: Archival started
Completed checkpoint up to RBA
Beginning log switch checkpoint up to RBA
Current log# 165 seq# 3411 mem# 0
NNF-01002: DCE could not open configuration file
Current log# 314 seq# 3499 mem# 0
Starting background process VKTM
RMAN-06750: SPFILE cannot be backed up by proxy.
Errors in file /u01/app/oracle/diag/rdbms/ttprod/ttprod1/trace/ttprod1_ora_12670.trc
Starting background process VKTM
Undo initialization finished
Archived Log entry 865 added for thread 1 sequence 5587
ORA-40361: only SELECT and ALTER are valid for mining models
Beginning log switch checkpoint up to RBA
Current log# 423 seq# 6216 mem# 0
ORA-48228: Missing Define Call [ session_1123 ]
ARC0: Archival started
Undo initialization finished
Beginning log switch checkpoint up to RBA
RMAN-06905: backup of backup set key number was cancelled
Undo initialization finished
Undo initialization finished
Starting background process VKTM
ARC0: Archival started
Current log# 170 seq# 6949 mem# 0
NNL-00214: Next auto-refresh for specified index number occurs in _SYSSMU7$
Archived Log entry 820 added for thread 1 sequence 3217
Beginning log switch checkpoint up to RBA
Current log# 974 seq# 1817 mem# 0
ARC0: Archival started
ORA-19710: unsupported character set pg_toast_12345
Thread 1 advanced to log sequence 105
Beginning log switch checkpoint up to RBA
Archived Log entry 494 added for thread 1 sequence 6451
XOQ-00400: failed to map CWM object "( USERS ))" to XML or IDL
Starting background process VKTM
Beginning log switch checkpoint up to RBA
ORA-00983: cannot audit or noaudit SYS user actions
Archived Log entry 256 added for thread 1 sequence 7601
ARC0: Archival started
Undo initialization finished
Thread 1 advanced to log sequence 248
Completed checkpoint up to RBA
ORA-00077: dump idx_users_email is not valid
Beginning log switch checkpoint up to RBA
ORA-28157: Proxy user ' SYSAUX ' forbidden to set role ' _SYSSMU12$ ' for client ' fk_order_customer '
Completed checkpoint up to RBA
ARC0: Archival started
Thread 1 advanced to log sequence 303
Beginning log switch checkpoint up to RBA
Archived Log entry 719 added for thread 1 sequence 6322
RMAN-05032: datafile ttstandby01 will be created automatically during restore operation
Undo initialization finished
Undo initialization finished
ARC0: Archival started
Undo initialization finished
Beginning log switch checkpoint up to RBA
ORA-39907: Index ttstandby01 . 1024 in tablespace idx_users_email points to table app_db . SP2-0552 in tablespace BILLING.CUST_ORDERS .
Undo initialization finished
Starting background process VKTM
Starting background process VKTM
Beginning log switch checkpoint up to RBA
Current log# 231 seq# 9686 mem# 0
ORA-14288: index is not partitioned by Composite Range method
Starting background process VKTM
IMG-02011: 2FF11 - unsupported image format conversion specified
Errors in file /u01/app/oracle/diag/rdbms/ttprod/ttprod1/trace/ttprod1_ora_11837.trc
Beginning log switch checkpoint up to RBA
RMAN-08130: failover to copy on device type session_1123
Completed checkpoint up to RBA
NID-00504: LOGFILE Output Log (NONE)
Thread 1 advanced to log sequence 481
ARC0: Archival started
Undo initialization finished
ARC0: Archival started
ORA-32632: incorrect subquery in MODEL FOR cell index
Archived Log entry 58 added for thread 1 sequence 7190
Starting background process VKTM
ARC0: Archival started
Starting background process VKTM
Undo initialization finished
ORA-33084: (XSAGDNGL42) In AGGMAP workspace object , you cannot qualify the dimensioned valueset workspace object .
Thread 1 advanced to log sequence 958
Completed checkpoint up to RBA
Undo initialization finished
Current log# 757 seq# 2828 mem# 0
NID-00397: Changing database name from INVOICE_LINES_IDX to BILLING.CUST_ORDERS
Starting background process VKTM
Starting background process VKTM
Starting background process VKTM
Beginning log switch checkpoint up to RBA
ORA-25407: connection terminated
Errors in file /u01/app/oracle/diag/rdbms/ttprod/ttprod1/trace/ttprod1_ora_24649.trc
Thread 1 advanced to log sequence 876
ORA-36988: (XSRELGID06) The related dimension of relation workspace object must be of type NUMBER.
Undo initialization finished
Starting background process VKTM
Current log# 878 seq# 6343 mem# 0
Current log# 367 seq# 1448 mem# 0
RMAN-06791: changed the DB_UNIQUE_NAME value from 3 to CRM.CALL_DETAIL_RECORDS
Thread 1 advanced to log sequence 76
Archived Log entry 8 added for thread 1 sequence 2850
Current log# 248 seq# 6043 mem# 0
Starting background process VKTM
PLS-00309: with %LAST attribute, ' session_1123 ' must be a variable of an enumerated type
Errors in file /u01/app/oracle/diag/rdbms/ttprod/ttprod1/trace/ttprod1_ora_47359.trc
Current log# 363 seq# 5746 mem# 0
ARC0: Archival started
ARC0: Archival started
RMAN-08518: channel 5000 : scanning control file copy /u01/app/oracle/oradata/ttprod/users01.dbf
ARC0: Archival started
Starting background process VKTM
LPX-00769: not xml media type
Archived Log entry 644 added for thread 1 sequence 6543
RMAN-07025: NETWORK_OPS.SIM_INVENTORY is not supported for foreign archived log
Beginning log switch checkpoint up to RBA
RMAN-07208: changed BILLING.CUST_ORDERS failures to LOW priority
Completed checkpoint up to RBA
ARC0: Archival started
ORA-01690: sort area size too small
Undo initialization finished
Current log# 478 seq# 9092 mem# 0
Completed checkpoint up to RBA
Current log# 380 seq# 9579 mem# 0
DIA-49601: syntax error: found " shared pool ": expecting one of: " reporting_schema " etc..
Current log# 670 seq# 8555 mem# 0
Current log# 774 seq# 6567 mem# 0
Undo initialization finished
CRS-09023: Error DATA_TS01 : Time not given or in wrong format or invalid
Errors in file /u01/app/oracle/diag/rdbms/ttprod/ttprod1/trace/ttprod1_ora_91954.trc
ARC0: Archival started
Beginning log switch checkpoint up to RBA
Undo initialization finished
Completed checkpoint up to RBA
Undo initialization finished
LPX-00257: invalid children specification in element declaration
Current log# 421 seq# 8357 mem# 0
Completed checkpoint up to RBA
Beginning log switch checkpoint up to RBA
Archived Log entry 145 added for thread 1 sequence 3385
RMAN-06709: No scripts in recovery catalog
ARC0: Archival started
Beginning log switch checkpoint up to RBA
Starting background process VKTM
Thread 1 advanced to log sequence 433
DIA-48143: error changing permissions for a file
Beginning log switch checkpoint up to RBA
Current log# 158 seq# 3154 mem# 0
Starting background process VKTM
ORA-41108: Posting system alert with reason_id ttprod2 failed with code [ _SYSSMU12$ ] [ fk_order_customer ]
Archived Log entry 484 added for thread 1 sequence 6965
ARC0: Archival started
ARC0: Archival started
Thread 1 advanced to log sequence 14
ORA-48487: The internal predicate ttprod1 exceeds the maximum length [ ttstandby01 ]
Errors in file /u01/app/oracle/diag/rdbms/ttprod/ttprod1/trace/ttprod1_ora_84908.trc
Archived Log entry 422 added for thread 1 sequence 9599
ORA-04087: cannot change the value of ROWID reference variable
Archived Log entry 166 added for thread 1 sequence 8713
Current log# 980 seq# 7482 mem# 0
Current log# 532 seq# 3656 mem# 0
Current log# 350 seq# 3562 mem# 0
Archived Log entry 965 added for thread 1 sequence 3951
PRKO-03032: Invalid instance name(s): {0}
Errors in file /u01/app/oracle/diag/rdbms/ttprod/ttprod1/trace/ttprod1_ora_82498.trc
Completed checkpoint up to RBA
Completed checkpoint up to RBA
ARC0: Archival started
Undo initialization finished
KUP-04109: specified path for directory object " CDR_STAGING " is invalid
ARC0: Archival started
ORA-19735: wrong creation SCN - control file expects initial plugged-in datafile
ARC0: Archival started
Beginning log switch checkpoint up to RBA
Starting background process VKTM
ORA-02274: duplicate referential constraint specifications
Archived Log entry 942 added for thread 1 sequence 5602
Completed checkpoint up to RBA
Current log# 195 seq# 8695 mem# 0
Current log# 99 seq# 4177 mem# 0
Current log# 467 seq# 8003 mem# 0
PGU-39108: EP 1024 , 3
Errors in file /u01/app/oracle/diag/rdbms/ttprod/ttprod1/trace/ttprod1_ora_66599.trc
Current log# 720 seq# 4955 mem# 0
Thread 1 advanced to log sequence 761
RMAN-08046: channel SYSAUX : starting compressed full datafile backup set
Beginning log switch checkpoint up to RBA
Archived Log entry 944 added for thread 1 sequence 3887
NNO-00606: disabling modification requests
Completed checkpoint up to RBA
Thread 1 advanced to log sequence 920
Undo initialization finished
ORA-21607: memory cartridge service handle not initialized
Beginning log switch checkpoint up to RBA
Archived Log entry 972 added for thread 1 sequence 7311
CRS-09607: Cannot spawn thread for large pool
Starting background process VKTM
Beginning log switch checkpoint up to RBA
ARC0: Archival started
Completed checkpoint up to RBA
NNL-00896: Requests refused, modifications disabled: number
Starting background process VKTM
Archived Log entry 146 added for thread 1 sequence 1298
ORA-15487: cannot shutdown the ASM instance with an open ASM volume
Undo initialization finished
RMAN-06402: Oracle instance shut down
Completed checkpoint up to RBA
Current log# 505 seq# 8115 mem# 0
Current log# 5 seq# 7794 mem# 0
Archived Log entry 35 added for thread 1 sequence 9100
PRCO-00017: Cluster attribute retrieval interface to retrieve max node length failed
Archived Log entry 295 added for thread 1 sequence 2614
ARC0: Archival started
Current log# 895 seq# 1649 mem# 0
ARC0: Archival started
ARC0: Archival started
JMS-00238: Illegal attempt to recover on a transacted JMS Session
Archived Log entry 957 added for thread 1 sequence 9223
Completed checkpoint up to RBA
Beginning log switch checkpoint up to RBA
ORA-07597: spguns: $GETJPIW failure
Beginning log switch checkpoint up to RBA
Completed checkpoint up to RBA
Completed checkpoint up to RBA
ARC0: Archival started
Thread 1 advanced to log sequence 856
RMAN-06024: no backup or copy of the control file found to restore
Undo initialization finished
Archived Log entry 396 added for thread 1 sequence 5249
Undo initialization finished
Current log# 136 seq# 5326 mem# 0
ARC0: Archival started
PCB-00210: DISPLAY-1 only allowed with PIC G and PIC N variables " 17 "
Completed checkpoint up to RBA
Completed checkpoint up to RBA
Starting background process VKTM
Archived Log entry 121 added for thread 1 sequence 1566
ORA-44810: No parameter is present for expression
ARC0: Archival started
Thread 1 advanced to log sequence 631
Current log# 889 seq# 4806 mem# 0
Undo initialization finished
ORA-39052: cannot specify SKIP_CURRENT on initial start of a job.
Beginning log switch checkpoint up to RBA
Beginning log switch checkpoint up to RBA
CRS-02006: error number encountered when receiving messages from 3
Archived Log entry 289 added for thread 1 sequence 8827
ARC0: Archival started
ORA-14405: partitioned index contains partitions in a different tablespace
Archived Log entry 901 added for thread 1 sequence 3546
Starting background process VKTM
Completed checkpoint up to RBA
Starting background process VKTM
QSM-02140: agg(expr) requires correspondng SUM(expr*expr) function
Starting background process VKTM
Completed checkpoint up to RBA
PCC-02045: CMD-LINE: Option is not unique:
Starting background process VKTM
RMAN-05550: TARGET database not open, cannot verify that set of tablespaces being duplicated does not have SYS objects
Beginning log switch checkpoint up to RBA
Current log# 648 seq# 6030 mem# 0
Undo initialization finished
ORA-02469: Hash expression does not return an Oracle Number.
Archived Log entry 612 added for thread 1 sequence 4851
Starting background process VKTM
Thread 1 advanced to log sequence 694
ORA-02252: check constraint condition not properly ended
Beginning log switch checkpoint up to RBA
NID-00481: DBNEWID - Cancelled.
Errors in file /u01/app/oracle/diag/rdbms/ttprod/ttprod1/trace/ttprod1_ora_99678.trc
Beginning log switch checkpoint up to RBA
Current log# 198 seq# 1933 mem# 0
Completed checkpoint up to RBA
JMS-00226: Header-only Message does not have a body
Errors in file /u01/app/oracle/diag/rdbms/ttprod/ttprod1/trace/ttprod1_ora_90363.trc
Thread 1 advanced to log sequence 747
Thread 1 advanced to log sequence 581
PLS-00970: The class name of a method must match that of EXTERNAL NAME clause in the type header
Starting background process VKTM
Archived Log entry 268 added for thread 1 sequence 6885
Archived Log entry 887 added for thread 1 sequence 5112
RMAN-08580: channel /u01/app/oracle/oradata/ttprod/users01.dbf : starting datafile copy
Starting background process VKTM
DRG-10859: Only one predefined scoring component can be used in DEFINESCORE
ARC0: Archival started
Archived Log entry 157 added for thread 1 sequence 4387
Undo initialization finished
Completed checkpoint up to RBA
Undo initialization finished
ORA-12625: TNS:missing argument
Completed checkpoint up to RBA
Starting background process VKTM
Undo initialization finished
ORA-38882: Cannot drop tablespace user_sessions on standby database due to guaranteed restore points.
Starting background process VKTM
ARC0: Archival started
Completed checkpoint up to RBA
Archived Log entry 689 added for thread 1 sequence 2065
Archived Log entry 45 added for thread 1 sequence 9898
PGU-00120: invalid STOPONERROR switch
Errors in file /u01/app/oracle/diag/rdbms/ttprod/ttprod1/trace/ttprod1_ora_90955.trc
Completed checkpoint up to RBA
Completed checkpoint up to RBA
Current log# 834 seq# 5700 mem# 0
ORA-25296: Queue Table pg_toast_12345 has a buffered queue app_db
ARC0: Archival started
PLS-01464: VARIANCE is not a standard set function
Thread 1 advanced to log sequence 300
ORA-16732: error executing DBMS_LOGSTDBY.SKIP procedure
Thread 1 advanced to log sequence 722
Starting background process VKTM
ORA-29306: datafile 3 is not online
Archived Log entry 793 added for thread 1 sequence 5994
Completed checkpoint up to RBA
Starting background process VKTM
Thread 1 advanced to log sequence 195
Beginning log switch checkpoint up to RBA
ORA-28372: missing ENCRYPT storage option for encrypted tablespace
Errors in file /u01/app/oracle/diag/rdbms/ttprod/ttprod1/trace/ttprod1_ora_10578.trc
Beginning log switch checkpoint up to RBA
Completed checkpoint up to RBA
Starting background process VKTM
Completed checkpoint up to RBA
ARC0: Archival started
CRS-01333: Failed to initialize batch handler for OLR. Details at ttprod1 in app_db .
ARC0: Archival started
Undo initialization finished
Starting background process VKTM
Undo initialization finished
PRCS-01066: Server group {0} with server list ({1}) can not be created
ARC0: Archival started
Starting background process VKTM
Beginning log switch checkpoint up to RBA
ORA-19297: XQDY0064: It is a dynamic error if the value of the name expression in a computed processing instruction constructor is equal to "XML" (in any combination of upper and lower case
Errors in file /u01/app/oracle/diag/rdbms/ttprod/ttprod1/trace/ttprod1_ora_86855.trc
ARC0: Archival started
Current log# 506 seq# 5202 mem# 0
Thread 1 advanced to log sequence 468
KFED-00402: failure occurred at: BILLING.CUST_ORDERS
Errors in file /u01/app/oracle/diag/rdbms/ttprod/ttprod1/trace/ttprod1_ora_26123.trc
Completed checkpoint up to RBA
Completed checkpoint up to RBA
Beginning log switch checkpoint up to RBA
Current log# 477 seq# 2665 mem# 0
Undo initialization finished
KUP-04089: column transform INVOICE_LINES_IDX is not the name of a table column
Errors in file /u01/app/oracle/diag/rdbms/ttprod/ttprod1/trace/ttprod1_ora_59965.trc
Thread 1 advanced to log sequence 335
Thread 1 advanced to log sequence 818
Thread 1 advanced to log sequence 382
ARC0: Archival started
Beginning log switch checkpoint up to RBA
PLW-05013: second parameter to pragma INLINE ' INVOICE_LINES_IDX ' is not 'YES' or 'NO'
Starting background process VKTM
ARC0: Archival started
Undo initialization finished
Beginning log switch checkpoint up to RBA
ORA-16332: logical standby encountered non-fatal error ORA- INVOICE_LINES_IDX during DDL execution
Errors in file /u01/app/oracle/diag/rdbms/ttprod/ttprod1/trace/ttprod1_ora_56559.trc
Undo initialization finished
Completed checkpoint up to RBA
Thread 1 advanced to log sequence 724
Undo initialization finished
QSM-00784: the 1024 APP_USER42 referenced in the list /u01/app/oracle/oradata/ttprod/users01.dbf is invalid for parameter 5000
Undo initialization finished
Beginning log switch checkpoint up to RBA
Current log# 211 seq# 3724 mem# 0
TNS-12615: TNS:preempt error
Errors in file /u01/app/oracle/diag/rdbms/ttprod/ttprod1/trace/ttprod1_ora_41478.trc
ARC0: Archival started
ORA-38729: Not enough flashback database log data to do FLASHBACK.
Thread 1 advanced to log sequence 938
Starting background process VKTM
Current log# 242 seq# 4100 mem# 0
PGA-21112: creating new log entry for partner LU 17
Current log# 99 seq# 4365 mem# 0
Completed checkpoint up to RBA
Thread 1 advanced to log sequence 476
Starting background process VKTM
Thread 1 advanced to log sequence 295
PRCR-01098: Could not set rolling upgrade mode {0}
Errors in file /u01/app/oracle/diag/rdbms/ttprod/ttprod1/trace/ttprod1_ora_78504.trc
Archived Log entry 269 added for thread 1 sequence 2737
ARC0: Archival started
ORA-01533: cannot rename file ' CRM.CALL_DETAIL_RECORDS '; file does not belong to tablespace
Errors in file /u01/app/oracle/diag/rdbms/ttprod/ttprod1/trace/ttprod1_ora_43507.trc
Archived Log entry 805 added for thread 1 sequence 6038
Completed checkpoint up to RBA
ARC0: Archival started
ARC0: Archival started
RMAN-08112: archived log failover was done on 17 , check alert log for more info
Beginning log switch checkpoint up to RBA
Archived Log entry 215 added for thread 1 sequence 3189
Thread 1 advanced to log sequence 171
ORA-40112: insufficient number of valid data rows
Current log# 123 seq# 6911 mem# 0
Beginning log switch checkpoint up to RBA
Thread 1 advanced to log sequence 122
Undo initialization finished
Archived Log entry 221 added for thread 1 sequence 7745
ORA-30202: NULL pointer to OCIMsgh was passed to OCIMsg function
Errors in file /u01/app/oracle/diag/rdbms/ttprod/ttprod1/trace/ttprod1_ora_32225.trc
Completed checkpoint up to RBA
Thread 1 advanced to log sequence 252
Thread 1 advanced to log sequence 721
Archived Log entry 139 added for thread 1 sequence 8286
Starting background process VKTM
ORA-16451: A remote archival request has timed out.
Undo initialization finished
Archived Log entry 209 added for thread 1 sequence 2111
Completed checkpoint up to RBA
ORA-07587: spdcr: $CREPRC failure
Thread 1 advanced to log sequence 590
ORA-23365: site _SYSSMU7$ does not exist
Errors in file /u01/app/oracle/diag/rdbms/ttprod/ttprod1/trace/ttprod1_ora_43700.trc
Beginning log switch checkpoint up to RBA
Archived Log entry 829 added for thread 1 sequence 5275
ARC0: Archival started
Completed checkpoint up to RBA
Archived Log entry 478 added for thread 1 sequence 6900
ORA-07579: spini: $DCLEXH failure
Archived Log entry 137 added for thread 1 sequence 1997
ARC0: Archival started
ARC0: Archival started
Archived Log entry 603 added for thread 1 sequence 2052
ARC0: Archival started
ORA-40264: number of mining attributes ( TNS_ADMIN ) exceeds maximum ( ttprod2 )
Undo initialization finished
Beginning log switch checkpoint up to RBA
Undo initialization finished
RMAN-06153: validation failed for datafile copy
Completed checkpoint up to RBA
Completed checkpoint up to RBA
Current log# 568 seq# 1032 mem# 0
Thread 1 advanced to log sequence 539
Completed checkpoint up to RBA
CRS-09000: Failed to allocate memory.
Completed checkpoint up to RBA
Archived Log entry 784 added for thread 1 sequence 9960
Beginning log switch checkpoint up to RBA
QSM-00792: the specified SQL statement cannot be stored in the workload because one or more tables have missing statistics
Errors in file /u01/app/oracle/diag/rdbms/ttprod/ttprod1/trace/ttprod1_ora_91358.trc
Beginning log switch checkpoint up to RBA
Undo initialization finished
RMAN-08137: WARNING: archived log not deleted, needed for standby or upstream capture process
ARC0: Archival started
Archived Log entry 554 added for thread 1 sequence 6172
Thread 1 advanced to log sequence 680
Starting background process VKTM
DRG-11211: charset column must be a char, varchar, or varchar2 type
Undo initialization finished
Completed checkpoint up to RBA
Thread 1 advanced to log sequence 154
ORA-29536: badly formed source: ttprod1
ARC0: Archival started
ORA-06501: PL/SQL: program error
Completed checkpoint up to RBA
Archived Log entry 981 added for thread 1 sequence 4944
ORA-13136: null common code generated
Starting background process VKTM
ARC0: Archival started
Completed checkpoint up to RBA
Beginning log switch checkpoint up to RBA
RMAN-08142: including standby control file for validation
Beginning log switch checkpoint up to RBA
Beginning log switch checkpoint up to RBA
ARC0: Archival started
Current log# 644 seq# 5136 mem# 0
ORA-13331: invalid LRS segment
Undo initialization finished
Archived Log entry 9 added for thread 1 sequence 5558
Completed checkpoint up to RBA
Starting background process VKTM
Archived Log entry 392 added for thread 1 sequence 3816
RMAN-08166: validation succeeded for datafile copy and control file copy
Beginning log switch checkpoint up to RBA
Completed checkpoint up to RBA
Current log# 846 seq# 7838 mem# 0
Starting background process VKTM
Starting background process VKTM
RMAN-04017: startup error description: large pool
Beginning log switch checkpoint up to RBA
PGU-00107: invalid TERMOUT switch
Errors in file /u01/app/oracle/diag/rdbms/ttprod/ttprod1/trace/ttprod1_ora_62865.trc
Completed checkpoint up to RBA
ORA-36964: (XSRELTBL09) workspace object is not a valid level relation.
Current log# 275 seq# 1293 mem# 0
Current log# 83 seq# 5505 mem# 0
ARC0: Archival started
PCC-02306: illegal name of C function
Starting background process VKTM
ORA-30191: missing argument list
ARC0: Archival started
ORA-30646: schema for external table type must be SYS
ARC0: Archival started
Archived Log entry 644 added for thread 1 sequence 7586
Starting background process VKTM
Archived Log entry 932 added for thread 1 sequence 8248
Undo initialization finished
DRG-12900: Operation: ttprod1 for index: SYSAUX has already been started
Starting background process VKTM
RMAN-20006: target database name is missing
ARC0: Archival started
Archived Log entry 281 added for thread 1 sequence 1987
IMP-00401: dump file " session_1123 " may be an Data Pump export dump file
Errors in file /u01/app/oracle/diag/rdbms/ttprod/ttprod1/trace/ttprod1_ora_87570.trc
Starting background process VKTM
Starting background process VKTM
Completed checkpoint up to RBA
ORA-10284: simulate zero/infinite asynch I/O buffering
ARC0: Archival started
PRVF-04020: Inconsistent group IDs found for group "{0}"
ARC0: Archival started
Current log# 173 seq# 1709 mem# 0
Starting background process VKTM
Archived Log entry 685 added for thread 1 sequence 2983
ORA-13122: invalid topo_geometry specified
Archived Log entry 642 added for thread 1 sequence 3069
Beginning log switch checkpoint up to RBA
Archived Log entry 46 added for thread 1 sequence 3455
CRS-02563: Attempt to start resource ' DATA_TS01 ' on ' 5000 ' has failed. Will re-retry on ' large pool ' now.
Completed checkpoint up to RBA
ARC0: Archival started
ARC0: Archival started
RDJ-00008: invalid number specified:
Errors in file /u01/app/oracle/diag/rdbms/ttprod/ttprod1/trace/ttprod1_ora_81106.trc
Completed checkpoint up to RBA
Undo initialization finished
ARC0: Archival started
Current log# 398 seq# 1063 mem# 0
Beginning log switch checkpoint up to RBA
CRS-02788: Server reconfiguration failed to stop resources ' UNDOTBS1 '. The server ' ttprod1 ' has been restored into the original pool(s).
Completed checkpoint up to RBA
ORA-41621: error in ordering property : TNS_ADMIN
Errors in file /u01/app/oracle/diag/rdbms/ttprod/ttprod1/trace/ttprod1_ora_55939.trc
Current log# 144 seq# 5277 mem# 0
ORA-42028: materialized view log " /u01/app/oracle/oradata/ttprod/users01.dbf "." session_1123 " does not exist
Thread 1 advanced to log sequence 539
ARC0: Archival started
Current log# 410 seq# 2090 mem# 0
PGA-21020: error creating path object for init file
Starting background process VKTM
Archived Log entry 699 added for thread 1 sequence 7340
Thread 1 advanced to log sequence 403
ORA-31610: cannot call this function from a non-master process
ARC0: Archival started
Undo initialization finished
Completed checkpoint up to RBA
RMAN-08546: channel _SYSSMU7$ : AUTOBACKUP USERS found in the recovery area
Errors in file /u01/app/oracle/diag/rdbms/ttprod/ttprod1/trace/ttprod1_ora_25076.trc
Undo initialization finished
NID-00420: Change of database name and ID failed during validation - database is intact.
Beginning log switch checkpoint up to RBA
Archived Log entry 417 added for thread 1 sequence 9183
Current log# 580 seq# 2350 mem# 0
INS-32112: Unable to retrieve the details from the downloaded metadata.
ARC0: Archival started
ORA-26059: Data is too large for column session_1123
Thread 1 advanced to log sequence 467
Current log# 351 seq# 1307 mem# 0
CRS-02806: Failed to create stop operation for resource ' user_sessions '
Errors in file /u01/app/oracle/diag/rdbms/ttprod/ttprod1/trace/ttprod1_ora_40933.trc
Thread 1 advanced to log sequence 27
ARC0: Archival started
Completed checkpoint up to RBA
ARC0: Archival started
Starting background process VKTM
PRKO-03117: Service {0} already exists in database {1}
Current log# 879 seq# 8643 mem# 0
RMAN-06423: requested limit of number exceeds vendor limit of number
ARC0: Archival started
Starting background process VKTM
ARC0: Archival started
Current log# 4 seq# 6752 mem# 0
RMAN-05577: CONTROLFILE backup not found for database with DBID number in SP2-0552
ARC0: Archival started
LPX-01083: [XQST0083]
Thread 1 advanced to log sequence 467
Current log# 237 seq# 4810 mem# 0
Beginning log switch checkpoint up to RBA
Undo initialization finished
Archived Log entry 645 added for thread 1 sequence 9073
RMAN-07519: Reason: Error while cataloging. See alert.log.
Thread 1 advanced to log sequence 10
Undo initialization finished
Beginning log switch checkpoint up to RBA
NID-00390: These files must be writable by this utility.
Thread 1 advanced to log sequence 253
Beginning log switch checkpoint up to RBA
ORA-15162: cluster in rolling downgrade
ARC0: Archival started
Completed checkpoint up to RBA
ARC0: Archival started
RMAN-06409: LIKE clause in LIST BACKUP OF ARCHIVELOG is not supported
Starting background process VKTM
NNO-00074: downloading region from server idx_users_email
Undo initialization finished
Undo initialization finished
Undo initialization finished
ARC0: Archival started
ORA-38803: edition is unusable
Archived Log entry 408 added for thread 1 sequence 6323
DRG-50857: oracle error in 17
Errors in file /u01/app/oracle/diag/rdbms/ttprod/ttprod1/trace/ttprod1_ora_48761.trc
Beginning log switch checkpoint up to RBA
Current log# 300 seq# 7274 mem# 0
Archived Log entry 244 added for thread 1 sequence 4012
NID-00397: Changing database name from idx_users_email to idx_users_email
Archived Log entry 947 added for thread 1 sequence 8573
Completed checkpoint up to RBA
DIA-48160: invalid input for ADR product id
Errors in file /u01/app/oracle/diag/rdbms/ttprod/ttprod1/trace/ttprod1_ora_64970.trc
ARC0: Archival started
Undo initialization finished
Completed checkpoint up to RBA
Completed checkpoint up to RBA
Starting background process VKTM
DIA-49601: syntax error: found " SP2-0552 ": expecting one of: " ttstandby01 " etc..
Beginning log switch checkpoint up to RBA
RMAN-06402: Oracle instance shut down
Errors in file /u01/app/oracle/diag/rdbms/ttprod/ttprod1/trace/ttprod1_ora_21557.trc
Archived Log entry 379 added for thread 1 sequence 7800
Thread 1 advanced to log sequence 737
Undo initialization finished
NZE-28807: Cannot update the data source.
Errors in file /u01/app/oracle/diag/rdbms/ttprod/ttprod1/trace/ttprod1_ora_18298.trc
Thread 1 advanced to log sequence 762
Thread 1 advanced to log sequence 934
ORA-22905: cannot access rows from a non-nested table item
Undo initialization finished
Starting background process VKTM
Completed checkpoint up to RBA
Archived Log entry 606 added for thread 1 sequence 8140
NZE-28824: invalid encryption/decryption/signature state passed
ARC0: Archival started
Beginning log switch checkpoint up to RBA
Current log# 901 seq# 7495 mem# 0
ORA-15491: volume redundancy conflicts with disk region options
Errors in file /u01/app/oracle/diag/rdbms/ttprod/ttprod1/trace/ttprod1_ora_50105.trc
Starting background process VKTM
Beginning log switch checkpoint up to RBA
ARC0: Archival started
ORA-23473: replication RPC processing for " TNS_ADMIN "." shared pool " is disabled
Errors in file /u01/app/oracle/diag/rdbms/ttprod/ttprod1/trace/ttprod1_ora_60173.trc
Completed checkpoint up to RBA
ARC0: Archival started
Archived Log entry 448 added for thread 1 sequence 9336
Thread 1 advanced to log sequence 687
TNS-04001: INVOICE_LINES_IDX
Starting background process VKTM
ORA-16622: two or more broker database objects resolve to the same database
Undo initialization finished
Completed checkpoint up to RBA
Current log# 727 seq# 4012 mem# 0
Starting background process VKTM
ARC0: Archival started
NNL-00283: Next cache checkpoint occurs in 17
Completed checkpoint up to RBA
ORA-26694: error while enqueueing into queue CRM.CALL_DETAIL_RECORDS . 3
Undo initialization finished
Thread 1 advanced to log sequence 695
Undo initialization finished
RMAN-08029: snapshot control file name set to default value: UNDOTBS1
Beginning log switch checkpoint up to RBA
ARC0: Archival started
PLS-00639: NCHAR/NVARCHAR2 cannot be byte length semantics
Errors in file /u01/app/oracle/diag/rdbms/ttprod/ttprod1/trace/ttprod1_ora_75508.trc
Beginning log switch checkpoint up to RBA
ARC0: Archival started
Archived Log entry 26 added for thread 1 sequence 4106
PGA-21113: warm starting for partner LU reporting_schema
Beginning log switch checkpoint up to RBA
Completed checkpoint up to RBA
ORA-30504: system triggers cannot have a FOR EACH ROW clause
Undo initialization finished
Starting background process VKTM
Beginning log switch checkpoint up to RBA
Thread 1 advanced to log sequence 354
ARC0: Archival started
DRG-12520: LANGUAGE COLUMN mismatch
ARC0: Archival started
ORA-16258: marking index unusable due to a constraint violation
Beginning log switch checkpoint up to RBA
Undo initialization finished
Completed checkpoint up to RBA
RMAN-08039: channel user_sessions : starting incremental datafile backup set restore
Errors in file /u01/app/oracle/diag/rdbms/ttprod/ttprod1/trace/ttprod1_ora_69556.trc
ARC0: Archival started
Undo initialization finished
Undo initialization finished
Beginning log switch checkpoint up to RBA
ORA-16001: database already open for read-only access by another instance
Completed checkpoint up to RBA
RMAN-04034: source recovery catalog database Password:
Errors in file /u01/app/oracle/diag/rdbms/ttprod/ttprod1/trace/ttprod1_ora_44860.trc
Archived Log entry 786 added for thread 1 sequence 5772
Beginning log switch checkpoint up to RBA
Beginning log switch checkpoint up to RBA
DRG-11878: Loading New Rules Must Be Explicitly Acknowledged
Starting background process VKTM
Archived Log entry 233 added for thread 1 sequence 9340
Completed checkpoint up to RBA
Beginning log switch checkpoint up to RBA
Current log# 480 seq# 1374 mem# 0
INS-41521: Invalid Voting Disk location.
Completed checkpoint up to RBA
Undo initialization finished
RMAN-06819: current log archived at primary database
Starting background process VKTM
Completed checkpoint up to RBA
Beginning log switch checkpoint up to RBA
ORA-38877: required redo logs are available
Completed checkpoint up to RBA
ORA-26062: Can not continue from previous errors.
Completed checkpoint up to RBA
Beginning log switch checkpoint up to RBA
Starting background process VKTM
Beginning log switch checkpoint up to RBA
ORA-19013: Cannot create VARRAY columns containing XMLType
Completed checkpoint up to RBA
Undo initialization finished
ORA-21523: functionality not supported by the server (object mode only)
Completed checkpoint up to RBA
Beginning log switch checkpoint up to RBA
Completed checkpoint up to RBA
DRG-10504: primary key is required when using the DETAIL_DATASTORE
Errors in file /u01/app/oracle/diag/rdbms/ttprod/ttprod1/trace/ttprod1_ora_17428.trc
Current log# 196 seq# 5872 mem# 0
Archived Log entry 986 added for thread 1 sequence 1810
Completed checkpoint up to RBA
Thread 1 advanced to log sequence 500
ORA-07620: smscre: illegal database block size
Thread 1 advanced to log sequence 145
Thread 1 advanced to log sequence 370
Completed checkpoint up to RBA
ARC0: Archival started
Completed checkpoint up to RBA
ORA-31421: change table does not exist
Undo initialization finished
DRG-12229: special section ttprod1 already exists in this section group
Errors in file /u01/app/oracle/diag/rdbms/ttprod/ttprod1/trace/ttprod1_ora_77578.trc
ARC0: Archival started
Beginning log switch checkpoint up to RBA
Undo initialization finished
Beginning log switch checkpoint up to RBA
IMP-00059: Failure to initialize parameter manager
Thread 1 advanced to log sequence 631
Current log# 301 seq# 9496 mem# 0
PROT-00028: Cannot delete or replace the only configured Oracle Cluster Registry location
Starting background process VKTM
Archived Log entry 375 added for thread 1 sequence 3894
Starting background process VKTM
ORA-00399: corrupt change description in redo log
Completed checkpoint up to RBA
Current log# 26 seq# 1402 mem# 0
Thread 1 advanced to log sequence 939
ORA-09853: snyRemovePort: bad return code from request.
Starting background process VKTM
Current log# 11 seq# 5873 mem# 0
Archived Log entry 323 added for thread 1 sequence 6296
PRVF-04356: Resource hard limit check for "{0}" failed on node "{1}"
Current log# 121 seq# 3510 mem# 0
Archived Log entry 845 added for thread 1 sequence 5306
Completed checkpoint up to RBA
Completed checkpoint up to RBA
Undo initialization finished
XOQ-02513: A rewrite materialize view cannot be created for cube " USERS " because the aggregation from the consistent solve specification is incompatible.
Starting background process VKTM
Undo initialization finished
Completed checkpoint up to RBA
PRCD-01029: Disk group {0} for database {1} does not exist
Starting background process VKTM
ORA-30575: ConText Option not installed
Errors in file /u01/app/oracle/diag/rdbms/ttprod/ttprod1/trace/ttprod1_ora_27175.trc
Current log# 963 seq# 5894 mem# 0
Archived Log entry 857 added for thread 1 sequence 4023
Beginning log switch checkpoint up to RBA
Archived Log entry 379 added for thread 1 sequence 3141
Thread 1 advanced to log sequence 442
PLS-00355: use of pl/sql table not allowed in this context
Beginning log switch checkpoint up to RBA
ARC0: Archival started
Thread 1 advanced to log sequence 186
RMAN-08145: channel TNS_ADMIN : starting validation of archived log
Archived Log entry 89 added for thread 1 sequence 5020
Thread 1 advanced to log sequence 485
Undo initialization finished
Starting background process VKTM
ORA-24338: statement handle not executed
ARC0: Archival started
Current log# 826 seq# 7182 mem# 0
ARC0: Archival started
ARC0: Archival started
Beginning log switch checkpoint up to RBA
RMAN-05511: Datafile 42 skipped by request
Errors in file /u01/app/oracle/diag/rdbms/ttprod/ttprod1/trace/ttprod1_ora_99462.trc
Starting background process VKTM
Archived Log entry 350 added for thread 1 sequence 2598
Completed checkpoint up to RBA
Starting background process VKTM
ARC0: Archival started
DRG-12518: cannot use this option with MULTI_STOPLIST
Beginning log switch checkpoint up to RBA
Archived Log entry 118 added for thread 1 sequence 4998
ORA-07588: spdcr: $GETJPIW get image name failure
Undo initialization finished
Undo initialization finished
Thread 1 advanced to log sequence 486
PRKO-03119: Database {0} cannot be started since it has no configured instances.
Beginning log switch checkpoint up to RBA
RMAN-08106: channel 1024 : restoring block(s)
Undo initialization finished
Starting background process VKTM
Undo initialization finished
Archived Log entry 269 added for thread 1 sequence 7810
ARC0: Archival started
ORA-08498: Warning: picture mask ' ttprod2 ' overrides picture mask option 'USAGE IS ttprod2 ' to 'USAGE IS DISPLAY'
Starting background process VKTM
Archived Log entry 546 added for thread 1 sequence 3909
Current log# 858 seq# 6864 mem# 0
ORA-07564: sldext: wildcard in filename or extension
Errors in file /u01/app/oracle/diag/rdbms/ttprod/ttprod1/trace/ttprod1_ora_63060.trc
Beginning log switch checkpoint up to RBA
Undo initialization finished
Thread 1 advanced to log sequence 260
ORA-23306: schema SYSAUX does not exist
Completed checkpoint up to RBA
Completed checkpoint up to RBA
ORA-40213: contradictory values for settings: fk_order_customer , idx_users_email
Completed checkpoint up to RBA
Starting background process VKTM
ORA-48168: the ADR sub-system is not initialized
Errors in file /u01/app/oracle/diag/rdbms/ttprod/ttprod1/trace/ttprod1_ora_61465.trc
Archived Log entry 827 added for thread 1 sequence 9244
Archived Log entry 561 added for thread 1 sequence 1599
Current log# 458 seq# 4756 mem# 0
Thread 1 advanced to log sequence 49
RMAN-07501: searching for all files in the recovery area
Errors in file /u01/app/oracle/diag/rdbms/ttprod/ttprod1/trace/ttprod1_ora_78460.trc
Beginning log switch checkpoint up to RBA
CLST-01401: formatting voting device: pg_toast_12345
Thread 1 advanced to log sequence 638
Thread 1 advanced to log sequence 505
Undo initialization finished
Undo initialization finished
Current log# 161 seq# 4563 mem# 0
ORA-51110: buffer size [ user_sessions ] is too small - [ TNS_ADMIN ] is needed
Completed checkpoint up to RBA
ORA-36028: (XSHIERCK09) Hierarchy workspace object has multiple paths from number to number .
Errors in file /u01/app/oracle/diag/rdbms/ttprod/ttprod1/trace/ttprod1_ora_47972.trc
Starting background process VKTM
ARC0: Archival started
Undo initialization finished
Undo initialization finished
ARC0: Archival started
ORA-01426: numeric overflow
Beginning log switch checkpoint up to RBA
Completed checkpoint up to RBA
Starting background process VKTM
Beginning log switch checkpoint up to RBA
Completed checkpoint up to RBA
ORA-29558: JAccelerator (NCOMP) not installed. Refer to Install Guide for instructions.
ARC0: Archival started
ARC0: Archival started
Completed checkpoint up to RBA
Undo initialization finished
Thread 1 advanced to log sequence 411
ORA-36765: (XSAGGCNTMOVE03) A ttprod1 aggregation variable cannot have a DATA_TS01 AGGCOUNT.
Errors in file /u01/app/oracle/diag/rdbms/ttprod/ttprod1/trace/ttprod1_ora_46065.trc
Completed checkpoint up to RBA
Thread 1 advanced to log sequence 552
Beginning log switch checkpoint up to RBA
Beginning log switch checkpoint up to RBA
INS-08011: Route identifier ' BILLING.CUST_ORDERS ' mentioned in the transition may not exist.
Beginning log switch checkpoint up to RBA
Starting background process VKTM
ORA-37162: OLAP error
Undo initialization finished
Undo initialization finished
Beginning log switch checkpoint up to RBA
Starting background process VKTM
CLST-01903: configuring node: host name DATA_TS01 , private interconnect name fk_order_customer
Thread 1 advanced to log sequence 141
Completed checkpoint up to RBA
Beginning log switch checkpoint up to RBA
Archived Log entry 686 added for thread 1 sequence 2024
Thread 1 advanced to log sequence 65
ORA-16551: short CDR_STAGING copied
Undo initialization finished
PRKO-03119: Database {0} cannot be started since it has no configured instances.
Starting background process VKTM
Starting background process VKTM
Current log# 280 seq# 8784 mem# 0
Starting background process VKTM
Starting background process VKTM
ORA-12528: TNS:listener: all appropriate instances are blocking new connections
Errors in file /u01/app/oracle/diag/rdbms/ttprod/ttprod1/trace/ttprod1_ora_46492.trc
Thread 1 advanced to log sequence 551
Completed checkpoint up to RBA
Beginning log switch checkpoint up to RBA
Archived Log entry 548 added for thread 1 sequence 4309
NZE-28890: Entrust Login Failed
Current log# 655 seq# 1814 mem# 0
Current log# 107 seq# 8600 mem# 0
Undo initialization finished
ARC0: Archival started
NNO-00303: server " reporting_schema " started with process ID number
Errors in file /u01/app/oracle/diag/rdbms/ttprod/ttprod1/trace/ttprod1_ora_49079.trc
Beginning log switch checkpoint up to RBA
Undo initialization finished
Current log# 367 seq# 8719 mem# 0
ORA-39003: unable to get count of total workers alive
Beginning log switch checkpoint up to RBA
ORA-28398: cannot rewrap encryption key for this file
Starting background process VKTM
Current log# 817 seq# 1276 mem# 0
ARC0: Archival started
Current log# 102 seq# 3394 mem# 0
ORA-32821: subscriber queue and exception queue must have same payload type
Thread 1 advanced to log sequence 28
Undo initialization finished
RMAN-07520: Reason: Data pump dump file
Beginning log switch checkpoint up to RBA
RMAN-08601: channel 1024 : AUTOBACKUP app_db found in ASM disk group 1024
Archived Log entry 390 added for thread 1 sequence 6511
Thread 1 advanced to log sequence 741
Current log# 679 seq# 1700 mem# 0
ORA-39925: LOB segment 5000 . PK_CUSTOMER_ACCOUNTS in tablespace pk_orders points to table NETWORK_OPS.SIM_INVENTORY . CDR_STAGING in tablespace 42 .
Current log# 755 seq# 6711 mem# 0
Archived Log entry 573 added for thread 1 sequence 5814
Undo initialization finished
Archived Log entry 955 added for thread 1 sequence 9770
Undo initialization finished
QSM-02053: collection subquery in mv
Thread 1 advanced to log sequence 689
Current log# 600 seq# 2794 mem# 0
Archived Log entry 420 added for thread 1 sequence 4361
RMAN-06611: Following RMAN configuration applied before deleting logs:
Archived Log entry 953 added for thread 1 sequence 9817
Completed checkpoint up to RBA
Thread 1 advanced to log sequence 78
Undo initialization finished
Starting background process VKTM
PRCD-01031: Failed to determine whether the service {0} has cardinality
Starting background process VKTM
Undo initialization finished
Undo initialization finished
ARC0: Archival started
ORA-07640: smsget: SGA not yet valid. Initialization in progress
Starting background process VKTM
TNS-12664: Services required by server not available on the client
Thread 1 advanced to log sequence 119
PLS-00923: native compilation failed: ttstandby01 : USERS
Current log# 13 seq# 7964 mem# 0
Current log# 467 seq# 7676 mem# 0
Completed checkpoint up to RBA
ARC0: Archival started
Undo initialization finished
ORA-31425: subscription does not exist
Errors in file /u01/app/oracle/diag/rdbms/ttprod/ttprod1/trace/ttprod1_ora_33464.trc
ARC0: Archival started
Completed checkpoint up to RBA
CLST-01104: successfully determined required configuration for all components
Errors in file /u01/app/oracle/diag/rdbms/ttprod/ttprod1/trace/ttprod1_ora_72883.trc
Starting background process VKTM
Completed checkpoint up to RBA
Archived Log entry 318 added for thread 1 sequence 9314
Archived Log entry 252 added for thread 1 sequence 4196
DRG-50857: oracle error in session_1123
Current log# 131 seq# 2061 mem# 0
Undo initialization finished
Archived Log entry 763 added for thread 1 sequence 7778
Archived Log entry 934 added for thread 1 sequence 7563
Completed checkpoint up to RBA
ORA-16235: DDL skipped because import has occurred
Archived Log entry 429 added for thread 1 sequence 7937
ARC0: Archival started
Undo initialization finished
Archived Log entry 569 added for thread 1 sequence 6289
ARC0: Archival started
LFI-00149: Error on destroying hash table in function 42
Thread 1 advanced to log sequence 902
Starting background process VKTM
ORA-19802: cannot use DB_RECOVERY_FILE_DEST without DB_RECOVERY_FILE_DEST_SIZE
Completed checkpoint up to RBA
RMAN-08101: channel idx_users_email : proxy validation complete
Errors in file /u01/app/oracle/diag/rdbms/ttprod/ttprod1/trace/ttprod1_ora_84551.trc
Archived Log entry 890 added for thread 1 sequence 9500
Thread 1 advanced to log sequence 49
Beginning log switch checkpoint up to RBA
ORA-22866: cannot replace a type with table dependents
ARC0: Archival started
ARC0: Archival started
Undo initialization finished
Thread 1 advanced to log sequence 303
RMAN-08140: channel PK_CUSTOMER_ACCOUNTS : starting validation of datafile
Completed checkpoint up to RBA
Completed checkpoint up to RBA
Completed checkpoint up to RBA
ORA-00910: specified length too long for its datatype
Errors in file /u01/app/oracle/diag/rdbms/ttprod/ttprod1/trace/ttprod1_ora_79375.trc
Undo initialization finished
Undo initialization finished
Current log# 325 seq# 8770 mem# 0
Beginning log switch checkpoint up to RBA
ORA-28048: database is a member of multiple enterprise domains in OID
Beginning log switch checkpoint up to RBA
PRCS-01020: Failed to enable Single Client Access Name resources {0}
Current log# 533 seq# 1429 mem# 0
Completed checkpoint up to RBA
ARC0: Archival started
ARC0: Archival started
ORA-30733: cannot specify rowid constraint on scoped ref column
Undo initialization finished
ARC0: Archival started
Starting background process VKTM
NID-00320: Operation cancelled at user request
Archived Log entry 286 added for thread 1 sequence 5534
RMAN-05521: DUPLICATE without CATALOG and TARGET not open requires that UNDO TABLESPACE is specified
Errors in file /u01/app/oracle/diag/rdbms/ttprod/ttprod1/trace/ttprod1_ora_91443.trc
Beginning log switch checkpoint up to RBA
ARC0: Archival started
Completed checkpoint up to RBA
Beginning log switch checkpoint up to RBA
Archived Log entry 15 added for thread 1 sequence 6513
RMAN-06205: Uncataloged _SYSSMU12$ objects
Thread 1 advanced to log sequence 487
Beginning log switch checkpoint up to RBA
ARC0: Archival started
Completed checkpoint up to RBA
Archived Log entry 131 added for thread 1 sequence 3906
NNO-00329: server will save the config file in number seconds
Current log# 389 seq# 1195 mem# 0
Archived Log entry 574 added for thread 1 sequence 1541
Beginning log switch checkpoint up to RBA
ORA-30087: Adding two datetime values is not allowed
Archived Log entry 281 added for thread 1 sequence 4349
Current log# 70 seq# 8741 mem# 0
RMAN-08104: channel app_db : input backup set: count= UNDOTBS1 , stamp= reporting_schema , piece= PK_CUSTOMER_ACCOUNTS
Starting background process VKTM
Beginning log switch checkpoint up to RBA
ORA-29545: badly formed class: ttstandby01
Errors in file /u01/app/oracle/diag/rdbms/ttprod/ttprod1/trace/ttprod1_ora_73242.trc
Thread 1 advanced to log sequence 393
ARC0: Archival started
Current log# 100 seq# 1548 mem# 0
QSM-02146: see the reason why REFRESH_FAST_AFTER_INSERT is disabled
Archived Log entry 577 added for thread 1 sequence 2226
TNS-12234: TNS:Redirect to destination
Starting background process VKTM
PRVF-10017: Unable to check for the locations of Clusterware home and Oracle Base directory on node "{0}"
Current log# 803 seq# 8506 mem# 0
Completed checkpoint up to RBA
TNS-00236: Failed to initialize tracing
Errors in file /u01/app/oracle/diag/rdbms/ttprod/ttprod1/trace/ttprod1_ora_51773.trc
Current log# 511 seq# 8671 mem# 0
ORA-36671: (XSDPART09) Leaves of workspace object have different datatypes. A partition dimension cannot have more than one datatype when RANGE partitioning is used.
Errors in file /u01/app/oracle/diag/rdbms/ttprod/ttprod1/trace/ttprod1_ora_21187.trc
Beginning log switch checkpoint up to RBA
Current log# 913 seq# 5702 mem# 0
Archived Log entry 264 added for thread 1 sequence 4706
ORA-09756: osnpns: no port in the name server.
ARC0: Archival started
Starting background process VKTM
ORA-23369: value of " pk_orders " argument cannot be null
Errors in file /u01/app/oracle/diag/rdbms/ttprod/ttprod1/trace/ttprod1_ora_33545.trc
Starting background process VKTM
ARC0: Archival started
Undo initialization finished
Archived Log entry 726 added for thread 1 sequence 9311
ORA-12856: cannot run parallel query on a loopback connection
Errors in file /u01/app/oracle/diag/rdbms/ttprod/ttprod1/trace/ttprod1_ora_20353.trc
Starting background process VKTM
PROT-00049: The Oracle Cluster Registry (OCR) integrity check failed.
ARC0: Archival started
Thread 1 advanced to log sequence 593
Starting background process VKTM
Archived Log entry 17 added for thread 1 sequence 7571
RMAN-08613: channel 5000 : failover to piece handle= fk_order_customer tag= /u01/app/oracle/oradata/ttprod/users01.dbf
Completed checkpoint up to RBA
Archived Log entry 464 added for thread 1 sequence 9712
OCI-22303: type " 3 "." ttprod1 " not found
Starting background process VKTM
Archived Log entry 252 added for thread 1 sequence 6228
Archived Log entry 193 added for thread 1 sequence 9096
Beginning log switch checkpoint up to RBA
Undo initialization finished
ORA-19624: operation failed, retry possible
Archived Log entry 716 added for thread 1 sequence 9973
CLST-02911: failure pg_toast_12345 contacting the CSS daemon
Errors in file /u01/app/oracle/diag/rdbms/ttprod/ttprod1/trace/ttprod1_ora_33560.trc
Current log# 918 seq# 4532 mem# 0
ARC0: Archival started
ORA-47958: Running EXP with direct path option is disallowed when Oracle Database Vault is enabled.
Current log# 869 seq# 6346 mem# 0
Current log# 432 seq# 8934 mem# 0
Archived Log entry 424 added for thread 1 sequence 1543
Completed checkpoint up to RBA
Beginning log switch checkpoint up to RBA
LPX-01071: [XQST0071] Repeated namespace attribute
Undo initialization finished
Starting background process VKTM
Starting background process VKTM
Starting background process VKTM
Archived Log entry 702 added for thread 1 sequence 7854
DIA-48220: Too Many Keys Defined [ idx_users_email ] [ 3 ]
Archived Log entry 475 added for thread 1 sequence 4374
Completed checkpoint up to RBA
ARC0: Archival started
LFI-00134: Unable to protect a file for an append operation.
Archived Log entry 9 added for thread 1 sequence 8675
NID-00417: Change of database ID failed.
Undo initialization finished
Current log# 301 seq# 8518 mem# 0
NNO-00804: Error: OCI_STILL_EXECUTE
Errors in file /u01/app/oracle/diag/rdbms/ttprod/ttprod1/trace/ttprod1_ora_16692.trc
Completed checkpoint up to RBA
Completed checkpoint up to RBA
Thread 1 advanced to log sequence 619
Undo initialization finished
ORA-01317: Not attached to a Logminer session
Thread 1 advanced to log sequence 388
Completed checkpoint up to RBA
Completed checkpoint up to RBA
ORA-29876: failed in the execution of the ODCIINDEXDELETE routine
Errors in file /u01/app/oracle/diag/rdbms/ttprod/ttprod1/trace/ttprod1_ora_99574.trc
Undo initialization finished
Thread 1 advanced to log sequence 306
ARC0: Archival started
Thread 1 advanced to log sequence 731
Starting background process VKTM
ORA-31431: all source tables must belong to the synchronous change set
Beginning log switch checkpoint up to RBA
Starting background process VKTM
Starting background process VKTM
Current log# 558 seq# 9690 mem# 0
Current log# 784 seq# 2969 mem# 0
PGU-30604: missing session_1123 attribute for APP_USER42
Beginning log switch checkpoint up to RBA
Archived Log entry 964 added for thread 1 sequence 4337
CRS-04741: Insufficient permissions on OCR key
Beginning log switch checkpoint up to RBA
PCB-00319: EXEC ORACLE statements are an Oracle extension
Beginning log switch checkpoint up to RBA
Undo initialization finished
OCI-21300: objects option not installed
Undo initialization finished
RMAN-08040: full resync skipped, control file is not current or backup
Starting background process VKTM
Completed checkpoint up to RBA
Current log# 572 seq# 1683 mem# 0
ARC0: Archival started
LPX-00308: attribute ~S not found in ~S
ARC0: Archival started
Starting background process VKTM
ORA-39776: fatal Direct Path API error loading table shared pool
Starting background process VKTM
Undo initialization finished
RMAN-07212: skipping failure 3 because it was CLOSED
Beginning log switch checkpoint up to RBA
ORA-02165: invalid option for CREATE DATABASE
Errors in file /u01/app/oracle/diag/rdbms/ttprod/ttprod1/trace/ttprod1_ora_97657.trc
Beginning log switch checkpoint up to RBA
Current log# 832 seq# 7495 mem# 0
RMAN-06136: ORACLE error from auxiliary database: INVOICE_LINES_IDX
Current log# 458 seq# 2284 mem# 0
Completed checkpoint up to RBA
Current log# 144 seq# 9784 mem# 0
ARC0: Archival started
ORA-48191: user missing read or write permission on specified file
Thread 1 advanced to log sequence 979
Thread 1 advanced to log sequence 681
Archived Log entry 345 added for thread 1 sequence 7031
Undo initialization finished
PRVF-10209: VIPs "{0}" are active before Clusterware installation
Archived Log entry 715 added for thread 1 sequence 1228
Thread 1 advanced to log sequence 584
Starting background process VKTM
Thread 1 advanced to log sequence 776
ORA-31535: cannot support change source INVOICE_LINES_IDX in this configuration
Undo initialization finished
Beginning log switch checkpoint up to RBA
Undo initialization finished
ARC0: Archival started
ORA-30034: Undo tablespace cannot be specified as temporary tablespace
Starting background process VKTM
Current log# 370 seq# 5174 mem# 0
Thread 1 advanced to log sequence 184
Thread 1 advanced to log sequence 471
Beginning log switch checkpoint up to RBA
NNL-00563: timed_query [<timestamp>] : query all objects in the Names server's cache
Undo initialization finished
Starting background process VKTM
Current log# 280 seq# 7670 mem# 0
ORA-37108: (XSVPART08) workspace object has an AGGCOUNT, but workspace object does not.
Errors in file /u01/app/oracle/diag/rdbms/ttprod/ttprod1/trace/ttprod1_ora_60005.trc
Archived Log entry 252 added for thread 1 sequence 6808
Completed checkpoint up to RBA
Starting background process VKTM
Current log# 826 seq# 3061 mem# 0
TNS-04063: Remote administration disabled in the Oracle Connection Manager instance.
Archived Log entry 96 added for thread 1 sequence 7614
Archived Log entry 884 added for thread 1 sequence 7891
Thread 1 advanced to log sequence 900
NZE-29237: the cryptographic engine could not finish the algorithm
Archived Log entry 256 added for thread 1 sequence 1529
ARC0: Archival started
Undo initialization finished
ARC0: Archival started
Beginning log switch checkpoint up to RBA
DRG-10516: failed to perform DDL operation due to an Oracle error
Completed checkpoint up to RBA
ARC0: Archival started
Completed checkpoint up to RBA
Archived Log entry 9 added for thread 1 sequence 6420
ORA-39939: More than one set of token tables are used in tablespace CDR_STAGING .
Archived Log entry 840 added for thread 1 sequence 3937
Beginning log switch checkpoint up to RBA
Beginning log switch checkpoint up to RBA
ARC0: Archival started
CRS-05706: No more members to consider
Errors in file /u01/app/oracle/diag/rdbms/ttprod/ttprod1/trace/ttprod1_ora_39717.trc
ARC0: Archival started
TNS-01074: Error listening on: 3
Archived Log entry 468 added for thread 1 sequence 7300
Archived Log entry 52 added for thread 1 sequence 4338
Undo initialization finished
RMAN-08588: converted datafile= idx_users_email
Beginning log switch checkpoint up to RBA
Completed checkpoint up to RBA
Thread 1 advanced to log sequence 739
NNL-01032: Minimum TTL: shared pool
Completed checkpoint up to RBA
Undo initialization finished
Archived Log entry 632 added for thread 1 sequence 9159
Completed checkpoint up to RBA
ORA-16201: Skip procedure requested to apply statement
Current log# 545 seq# 6584 mem# 0
Completed checkpoint up to RBA
Undo initialization finished
Beginning log switch checkpoint up to RBA
CRS-01714: Unable to discover any voting files, retrying discovery in number seconds; Details at UNDOTBS1 in _SYSSMU12$
ARC0: Archival started
ORA-12823: default degree of parallelism may not be specified here
Current log# 62 seq# 4492 mem# 0
DIA-48189: OS command to create directory failed
ARC0: Archival started
ARC0: Archival started
Beginning log switch checkpoint up to RBA
Undo initialization finished
Beginning log switch checkpoint up to RBA
KUP-05007: Warning: Intra source concurrency disabled because the preprocessor option is being used.
Errors in file /u01/app/oracle/diag/rdbms/ttprod/ttprod1/trace/ttprod1_ora_62530.trc
ARC0: Archival started
Archived Log entry 554 added for thread 1 sequence 9587
Thread 1 advanced to log sequence 12
Starting background process VKTM
RMAN-06484: changed control file copy expired
Starting background process VKTM
ARC0: Archival started
Current log# 7 seq# 3236 mem# 0
Starting background process VKTM
ARC0: Archival started
ORA-32419: on commit materialized view is not supported on detail tables with commit SCN-based materialized view logs
Current log# 189 seq# 2569 mem# 0
ARC0: Archival started
Archived Log entry 122 added for thread 1 sequence 2847
Thread 1 advanced to log sequence 778
PLS-00302: component ' UNDOTBS1 ' must be declared
Beginning log switch checkpoint up to RBA
Starting background process VKTM
ORA-13468: invalid blockMBR
Completed checkpoint up to RBA
Current log# 361 seq# 7833 mem# 0
Completed checkpoint up to RBA
RMAN-05045: Performing import of metadata...
Archived Log entry 805 added for thread 1 sequence 7843
Completed checkpoint up to RBA
PCC-01201: Your Pro*C authorization is about to expire
Current log# 370 seq# 9234 mem# 0
Undo initialization finished
Starting background process VKTM
Thread 1 advanced to log sequence 990
Undo initialization finished
ORA-18171: FTST0012 FTContent not supported
Current log# 629 seq# 1802 mem# 0
Beginning log switch checkpoint up to RBA
ORA-12217: TNS:could not contact PREFERRED_CMANAGERS in TNSNAV.ORA
Undo initialization finished
Current log# 936 seq# 5988 mem# 0
Beginning log switch checkpoint up to RBA
Beginning log switch checkpoint up to RBA
NZE-29238: the cryptographic engine could not apply the algorithm
ARC0: Archival started
Current log# 277 seq# 6932 mem# 0
Archived Log entry 857 added for thread 1 sequence 5432
ORA-27244: unable to determine base value for data relocation from ELF file
Current log# 229 seq# 5607 mem# 0
ORA-12481: effective label not within program unit clearance range
Completed checkpoint up to RBA
Beginning log switch checkpoint up to RBA
ARC0: Archival started
Starting background process VKTM
ORA-09280: sllfcf: error closing file
Completed checkpoint up to RBA
Beginning log switch checkpoint up to RBA
ORA-02030: can only select from fixed tables/views
Thread 1 advanced to log sequence 423
ORA-24077: cannot create propagation schedule for EXCEPTION queue session_1123 . INVOICE_LINES_IDX
Current log# 348 seq# 1590 mem# 0
Undo initialization finished
Thread 1 advanced to log sequence 269
Completed checkpoint up to RBA
ARC0: Archival started
ORA-32420: unsupported fast refreshable materialized view defined on detail tables which have commit SCN-based materialized view logs
Errors in file /u01/app/oracle/diag/rdbms/ttprod/ttprod1/trace/ttprod1_ora_27918.trc
Undo initialization finished
CLSU-00223: Info printed by clsecho: NETWORK_OPS.SIM_INVENTORY
ARC0: Archival started
ARC0: Archival started
Archived Log entry 432 added for thread 1 sequence 5974
Archived Log entry 728 added for thread 1 sequence 7071
RMAN-06567: connected to auxiliary database: pk_orders (DBID= pg_toast_12345 , not open)
ARC0: Archival started
Thread 1 advanced to log sequence 59
Current log# 467 seq# 1801 mem# 0
Completed checkpoint up to RBA
INS-35379: The installer has detected that configured Oracle Restart software is not upgraded to current install version.
Beginning log switch checkpoint up to RBA
Thread 1 advanced to log sequence 342
Completed checkpoint up to RBA
NID-00312: Connected to server version pg_toast_12345
Errors in file /u01/app/oracle/diag/rdbms/ttprod/ttprod1/trace/ttprod1_ora_42040.trc
ARC0: Archival started
Completed checkpoint up to RBA
Undo initialization finished
ORA-41668: invalid operation for the rule class
ARC0: Archival started
ARC0: Archival started
Archived Log entry 221 added for thread 1 sequence 2093
Starting background process VKTM
RMAN-06002: command not allowed when not connected to a recovery catalog
Completed checkpoint up to RBA
Beginning log switch checkpoint up to RBA
Archived Log entry 393 added for thread 1 sequence 5092
Current log# 641 seq# 3007 mem# 0
Archived Log entry 363 added for thread 1 sequence 8692
PLS-00103: shared pool
Starting background process VKTM
PRKO-02420: VIP is already started on node(s): {0}
Errors in file /u01/app/oracle/diag/rdbms/ttprod/ttprod1/trace/ttprod1_ora_98222.trc
Undo initialization finished
Undo initialization finished
Starting background process VKTM
PCC-02154: Close file: _SYSSMU7$
Errors in file /u01/app/oracle/diag/rdbms/ttprod/ttprod1/trace/ttprod1_ora_96845.trc
Thread 1 advanced to log sequence 910
Completed checkpoint up to RBA
Starting background process VKTM
Undo initialization finished
ORA-47381: OLS Policy _SYSSMU12$ not found
ARC0: Archival started
Archived Log entry 562 added for thread 1 sequence 3354
Beginning log switch checkpoint up to RBA
Starting background process VKTM
PRKN-01040: Failed to remove directory "{0}" on node "{1}"
Errors in file /u01/app/oracle/diag/rdbms/ttprod/ttprod1/trace/ttprod1_ora_20531.trc
Current log# 573 seq# 2881 mem# 0
Starting background process VKTM
NDFN-00024: caught I/O exception: 5000
Starting background process VKTM
Completed checkpoint up to RBA
Thread 1 advanced to log sequence 9
Undo initialization finished
Current log# 91 seq# 7834 mem# 0
ORA-46011: The value of the "selectPrivilege" element is too long.
Errors in file /u01/app/oracle/diag/rdbms/ttprod/ttprod1/trace/ttprod1_ora_40804.trc
Completed checkpoint up to RBA
Beginning log switch checkpoint up to RBA
Completed checkpoint up to RBA
Current log# 629 seq# 1566 mem# 0
Current log# 377 seq# 1352 mem# 0
TNS-12599: TNS:cryptographic checksum mismatch
Undo initialization finished
Beginning log switch checkpoint up to RBA
Undo initialization finished
Completed checkpoint up to RBA
RMAN-06779: import validation complete
Starting background process VKTM
Starting background process VKTM
Beginning log switch checkpoint up to RBA
Current log# 631 seq# 2147 mem# 0
Undo initialization finished
ORA-16201: Skip procedure requested to apply statement
Thread 1 advanced to log sequence 85
Thread 1 advanced to log sequence 21
PGU-39303: QM warning rc %4li, number
Undo initialization finished
RMAN-06773: connected to source recovery catalog database
Beginning log switch checkpoint up to RBA
KUP-04102: record number discarded from file 17
Completed checkpoint up to RBA
Current log# 480 seq# 8017 mem# 0
Beginning log switch checkpoint up to RBA
Starting background process VKTM
ARC0: Archival started
NID-00321: Proceeding with operation
Completed checkpoint up to RBA
Starting background process VKTM
ORA-14620: DEFAULT subpartition already exists
Beginning log switch checkpoint up to RBA
Current log# 197 seq# 6605 mem# 0
ARC0: Archival started
ORA-16112: log mining and apply stopping
Archived Log entry 150 added for thread 1 sequence 6048
Beginning log switch checkpoint up to RBA
Undo initialization finished
Archived Log entry 139 added for thread 1 sequence 8976
PGU-39125: EP user_sessions , reporting_schema , USERS
Thread 1 advanced to log sequence 201
Completed checkpoint up to RBA
Thread 1 advanced to log sequence 23
Current log# 704 seq# 7057 mem# 0
ARC0: Archival started
PRVF-07723: Fixup cannot be generated for setting soft limit for resource "{0}" on node "{1}"
Errors in file /u01/app/oracle/diag/rdbms/ttprod/ttprod1/trace/ttprod1_ora_37508.trc
Archived Log entry 697 added for thread 1 sequence 7292
Starting background process VKTM
Archived Log entry 846 added for thread 1 sequence 8780
Undo initialization finished
NNL-00810: Queries received with no type: number
Current log# 394 seq# 7116 mem# 0
Starting background process VKTM
Undo initialization finished
ORA-13788: invalid recommendation type
Current log# 418 seq# 4787 mem# 0
ARC0: Archival started
Beginning log switch checkpoint up to RBA
ORA-01031: Insufficient privileges
ARC0: Archival started
Starting background process VKTM
Thread 1 advanced to log sequence 221
Completed checkpoint up to RBA
ARC0: Archival started
QSM-01307: Partition Containment Tracking (PCT) rewrite is not allowed
Completed checkpoint up to RBA
ARC0: Archival started
Completed checkpoint up to RBA
ARC0: Archival started
Archived Log entry 388 added for thread 1 sequence 4475
RMAN-06961: IMPDP> session_1123
Beginning log switch checkpoint up to RBA
Undo initialization finished
Beginning log switch checkpoint up to RBA
Current log# 121 seq# 3745 mem# 0
PCC-00108: This statement is not supported by ANSI
Current log# 154 seq# 7668 mem# 0
ORA-51003: run parameters not formatted correctly
Beginning log switch checkpoint up to RBA
Undo initialization finished
RMAN-06541: Tablespace TNS_ADMIN will be included in future whole database backups
Undo initialization finished
Undo initialization finished
Beginning log switch checkpoint up to RBA
ORA-39032: function 17 is not supported in NETWORK_OPS.SIM_INVENTORY jobs
Starting background process VKTM
Completed checkpoint up to RBA
ARC0: Archival started
Thread 1 advanced to log sequence 330
RMAN-08041: partial resync skipped, control file is not current or backup
Starting background process VKTM
Completed checkpoint up to RBA
Starting background process VKTM
ARC0: Archival started
Starting background process VKTM
ORA-07511: sscggtl: $enq unexpected return for master termination lock
Current log# 907 seq# 5589 mem# 0
Starting background process VKTM
Thread 1 advanced to log sequence 332
ORA-37577: Invalid cube operations log message name.
Errors in file /u01/app/oracle/diag/rdbms/ttprod/ttprod1/trace/ttprod1_ora_32685.trc
ARC0: Archival started
Beginning log switch checkpoint up to RBA
LCD-00111: value not in legal range [ 17 ]
Undo initialization finished
LFI-01514: ftell() failed in SP2-0552
Errors in file /u01/app/oracle/diag/rdbms/ttprod/ttprod1/trace/ttprod1_ora_30329.trc
Beginning log switch checkpoint up to RBA
Current log# 281 seq# 8741 mem# 0
Thread 1 advanced to log sequence 30
ORA-14269: cannot exchange partition other than a Range,List,System, or Hash partition
Starting background process VKTM
ORA-02213: duplicate PCTUSED option specification
Undo initialization finished
ARC0: Archival started
ARC0: Archival started
Archived Log entry 452 added for thread 1 sequence 6762
DIA-48434: No DDE commands are input
Beginning log switch checkpoint up to RBA
PRCR-01100: Cannot start resource {0} on {1} nodes because it would exceed the resource cardinality {2}
ARC0: Archival started
Starting background process VKTM
Current log# 474 seq# 5083 mem# 0
ORA-02484: Invalid _trace_buffers parameter specification ( NETWORK_OPS.SIM_INVENTORY )
Errors in file /u01/app/oracle/diag/rdbms/ttprod/ttprod1/trace/ttprod1_ora_75034.trc
Undo initialization finished
Current log# 464 seq# 1583 mem# 0
Starting background process VKTM
Beginning log switch checkpoint up to RBA
PRCR-01120: Resources are already running: {0}
Completed checkpoint up to RBA
Beginning log switch checkpoint up to RBA
ARC0: Archival started
ARC0: Archival started
PGU-00359: monitor already active
Completed checkpoint up to RBA
ARC0: Archival started
ORA-28134: object cannot have fine-grained access control policy
Archived Log entry 470 added for thread 1 sequence 6420
PRCD-01071: Failed to update startup options for database {0}
Undo initialization finished
Archived Log entry 423 added for thread 1 sequence 8660
TNS-04075: Cannot use ADMINISTER directly from the command line.
Undo initialization finished
ARC0: Archival started
ORA-22952: Nested Table equality requires a map method on the element ADT
Completed checkpoint up to RBA
Thread 1 advanced to log sequence 386
Archived Log entry 409 added for thread 1 sequence 9714
Thread 1 advanced to log sequence 802
Current log# 339 seq# 6859 mem# 0
ORA-13909: Invalid combination of threshold value and operator.
Errors in file /u01/app/oracle/diag/rdbms/ttprod/ttprod1/trace/ttprod1_ora_35353.trc
Current log# 929 seq# 9010 mem# 0
Starting background process VKTM
Starting background process VKTM
Current log# 846 seq# 4650 mem# 0
ORA-26872: must attach to an XStream outbound server before executing USERS function
ARC0: Archival started
ORA-19884: datafile ttprod1 is unable to use Unused Block Optimization because tablespace has been dropped
Completed checkpoint up to RBA
Starting background process VKTM
Beginning log switch checkpoint up to RBA
QSM-01091: cost based optimizer found query rewrite is more expensive
Starting background process VKTM
Archived Log entry 121 added for thread 1 sequence 3476
ORA-39940: Child reference partitioned table BILLING.CUST_ORDERS . pk_orders in tablespace DATA_TS01 or parent table CDR_STAGING . user_sessions in tablespace _SYSSMU12$ is included but not both.
Current log# 836 seq# 3060 mem# 0
QSM-00514: the size of must-retain summaries exceeds specified space limit
Current log# 870 seq# 2403 mem# 0
Current log# 502 seq# 6397 mem# 0
PLS-00404: cursor ' 5000 ' must be declared with FOR UPDATE to use with CURRENT OF
Current log# 265 seq# 4336 mem# 0
Current log# 848 seq# 3015 mem# 0
ARC0: Archival started
ARC0: Archival started
PCC-02210: C++ punctuation sequences are not permitted
Current log# 427 seq# 8623 mem# 0
Undo initialization finished
PLS-00131: Pragma fk_order_customer expects 2nd argument to be a procedure/function
Current log# 44 seq# 3852 mem# 0
Beginning log switch checkpoint up to RBA
Thread 1 advanced to log sequence 462
ORA-40113: insufficient number of distinct target values
Undo initialization finished
VID-00702: unable to initialize video processing environment
Starting background process VKTM
ARC0: Archival started
Archived Log entry 137 added for thread 1 sequence 1101
Archived Log entry 426 added for thread 1 sequence 5562
RMAN-06905: backup of backup set key number was cancelled
Archived Log entry 265 added for thread 1 sequence 7675
ARC0: Archival started
Thread 1 advanced to log sequence 13
Completed checkpoint up to RBA
ORA-01591: lock held by in-doubt distributed transaction shared pool
Errors in file /u01/app/oracle/diag/rdbms/ttprod/ttprod1/trace/ttprod1_ora_96996.trc
Thread 1 advanced to log sequence 791
Archived Log entry 991 added for thread 1 sequence 9904
Current log# 902 seq# 3799 mem# 0
Archived Log entry 674 added for thread 1 sequence 7588
Completed checkpoint up to RBA
NNO-00308: server will restart in number seconds
Current log# 444 seq# 4701 mem# 0
Archived Log entry 949 added for thread 1 sequence 6499
NID-00504: LOGFILE Output Log (NONE)
Thread 1 advanced to log sequence 617
Current log# 772 seq# 3760 mem# 0
Starting background process VKTM
Thread 1 advanced to log sequence 105
ORA-48217: Out of Space on Device
Errors in file /u01/app/oracle/diag/rdbms/ttprod/ttprod1/trace/ttprod1_ora_36613.trc
Starting background process VKTM
ORA-41687: attribute " shared pool " not allowed in the "groupby" specification
Errors in file /u01/app/oracle/diag/rdbms/ttprod/ttprod1/trace/ttprod1_ora_72437.trc
Thread 1 advanced to log sequence 913
Current log# 893 seq# 9447 mem# 0
Beginning log switch checkpoint up to RBA
Beginning log switch checkpoint up to RBA
NID-00451: Succesfully changed database name.
Thread 1 advanced to log sequence 589
Archived Log entry 663 added for thread 1 sequence 3901
Archived Log entry 288 added for thread 1 sequence 2491
ORA-16069: activation identifier mismatch
ARC0: Archival started
ARC0: Archival started
Starting background process VKTM
Current log# 577 seq# 4644 mem# 0
RMAN-00703: The cmdfile has no syntax errors
Thread 1 advanced to log sequence 998
Thread 1 advanced to log sequence 188
INS-41515: Insufficient space in shared file system for voting disk file.
Undo initialization finished
Archived Log entry 51 added for thread 1 sequence 3216
NNL-00294: No entries found
Errors in file /u01/app/oracle/diag/rdbms/ttprod/ttprod1/trace/ttprod1_ora_85715.trc
Completed checkpoint up to RBA
Archived Log entry 726 added for thread 1 sequence 2459
RMAN-06610: For record type shared pool RECIDS from number to number are re-used before resync
Current log# 71 seq# 8708 mem# 0
Completed checkpoint up to RBA
ORA-27488: unable to set pg_toast_12345 because ttprod1 was/were already set
Starting background process VKTM
Archived Log entry 148 added for thread 1 sequence 1727
PGU-41142: version parameter has already been specified
Archived Log entry 630 added for thread 1 sequence 7631
Archived Log entry 645 added for thread 1 sequence 1310
Archived Log entry 246 added for thread 1 sequence 8346
Completed checkpoint up to RBA
ORA-38770: FLASHBACK DATABASE failed during recovery.
Undo initialization finished
ORA-19571: fk_order_customer RECID DATA_TS01 STAMP APP_USER42 not found in control file
Current log# 430 seq# 7673 mem# 0
ORA-07850: sllfop: bad option
ARC0: Archival started
Completed checkpoint up to RBA
Undo initialization finished
PCC-02016: Absolute path to included file, " pg_toast_12345 " exceeds the limit of number characters
Thread 1 advanced to log sequence 184
RMAN-06020: connected to auxiliary database (not started)
Beginning log switch checkpoint up to RBA
Undo initialization finished
Beginning log switch checkpoint up to RBA
Archived Log entry 375 added for thread 1 sequence 7037
ORA-25118: invalid DUMP DATAFILE/TEMPFILE option
Errors in file /u01/app/oracle/diag/rdbms/ttprod/ttprod1/trace/ttprod1_ora_66361.trc
Undo initialization finished
ORA-04073: column list not valid for this trigger type
Errors in file /u01/app/oracle/diag/rdbms/ttprod/ttprod1/trace/ttprod1_ora_81984.trc
Thread 1 advanced to log sequence 105
Current log# 738 seq# 9875 mem# 0
Starting background process VKTM
ORA-33070: (XSAGDNGL34) In AGGMAP workspace object , all QDRs of dimension workspace object must map to the same dimension position.
Errors in file /u01/app/oracle/diag/rdbms/ttprod/ttprod1/trace/ttprod1_ora_57606.trc
Completed checkpoint up to RBA
RDE-00001: unspecified error
Current log# 846 seq# 2526 mem# 0
PRKA-02005: Netmasks are different for starting and ending IP addresses
Undo initialization finished
Beginning log switch checkpoint up to RBA
Thread 1 advanced to log sequence 239
Current log# 359 seq# 3635 mem# 0
Beginning log switch checkpoint up to RBA
NNO-00071: cannot construct cache checkpoint file name
Errors in file /u01/app/oracle/diag/rdbms/ttprod/ttprod1/trace/ttprod1_ora_68717.trc
Undo initialization finished
Archived Log entry 531 added for thread 1 sequence 8443
Current log# 640 seq# 9786 mem# 0
Undo initialization finished
Current log# 562 seq# 8577 mem# 0
ORA-16088: archive log has not been completely archived
ARC0: Archival started
PRCH-01042: Failed while checking status of database "{0}"
Undo initialization finished
Thread 1 advanced to log sequence 606
Current log# 984 seq# 3127 mem# 0
Completed checkpoint up to RBA
Archived Log entry 588 added for thread 1 sequence 4303
PRCA-01027: Failed to remove ACFS file system configuration for disk group {0} and volume {1}
Errors in file /u01/app/oracle/diag/rdbms/ttprod/ttprod1/trace/ttprod1_ora_86173.trc
ARC0: Archival started
Completed checkpoint up to RBA
ORA-07479: scgcmn: cannot open or convert lock.
Starting background process VKTM
CRS-01233: Failed to initialize batch handler for OCR. Details at 3 in ttstandby01 .
Errors in file /u01/app/oracle/diag/rdbms/ttprod/ttprod1/trace/ttprod1_ora_70351.trc
Thread 1 advanced to log sequence 341
Completed checkpoint up to RBA
Current log# 827 seq# 6955 mem# 0
Starting background process VKTM
RMAN-07520: Reason: Data pump dump file
Thread 1 advanced to log sequence 260
Starting background process VKTM
Undo initialization finished
Current log# 774 seq# 5387 mem# 0
Beginning log switch checkpoint up to RBA
PRCR-01116: {0} {1} cannot be created and registered now
Starting background process VKTM
Thread 1 advanced to log sequence 458
Archived Log entry 743 added for thread 1 sequence 2994
Completed checkpoint up to RBA
NID-00332: The following datafiles are in unknown state:
Completed checkpoint up to RBA
ORA-25103: NOPARALLEL option can only be used with ALTER INDEX REBUILD
Current log# 592 seq# 5129 mem# 0
Beginning log switch checkpoint up to RBA
Undo initialization finished
ARC0: Archival started
ARC0: Archival started
IMG-00601: out of memory while copying image
Errors in file /u01/app/oracle/diag/rdbms/ttprod/ttprod1/trace/ttprod1_ora_86787.trc
Beginning log switch checkpoint up to RBA
Beginning log switch checkpoint up to RBA
Starting background process VKTM
Current log# 15 seq# 8595 mem# 0
ARC0: Archival started
RMAN-05061: analyzing automatic repair options complete
Completed checkpoint up to RBA
Undo initialization finished
ORA-12032: cannot use rowid column from materialized view log on " TNS_ADMIN "." UNDOTBS1 "
Errors in file /u01/app/oracle/diag/rdbms/ttprod/ttprod1/trace/ttprod1_ora_95974.trc
Archived Log entry 907 added for thread 1 sequence 6521
Beginning log switch checkpoint up to RBA
Current log# 842 seq# 5255 mem# 0
ORA-22876: this user-defined type is not allowed or it cannot be used in this context
Thread 1 advanced to log sequence 478
Completed checkpoint up to RBA
Undo initialization finished
ORA-09741: spwat: error waiting for a post.
Errors in file /u01/app/oracle/diag/rdbms/ttprod/ttprod1/trace/ttprod1_ora_61325.trc
Undo initialization finished
Beginning log switch checkpoint up to RBA
Completed checkpoint up to RBA
Thread 1 advanced to log sequence 364
RMAN-03020: asynchronous RPC test will take 1 minute
Undo initialization finished
ORA-19659: incremental restore would advance file SYSAUX past RESETLOGS
Thread 1 advanced to log sequence 617
Undo initialization finished
ARC0: Archival started
NNO-00065: loading cached data from checkpoint file " NETWORK_OPS.SIM_INVENTORY "
Current log# 883 seq# 7566 mem# 0
Current log# 279 seq# 2007 mem# 0
Completed checkpoint up to RBA
ORA-12483: label not in OS system accreditation range
Archived Log entry 256 added for thread 1 sequence 4311
Archived Log entry 734 added for thread 1 sequence 8116
ARC0: Archival started
Current log# 684 seq# 9255 mem# 0
ARC0: Archival started
ORA-41660: ordering property for the rule class is too long
Beginning log switch checkpoint up to RBA
Starting background process VKTM
DRG-50400: maximum number of fuzzy match candidates exceeded: NETWORK_OPS.SIM_INVENTORY
Thread 1 advanced to log sequence 835
Starting background process VKTM
Undo initialization finished
ARC0: Archival started
PRCD-01097: Failed to retrieve the active servers of server pool {0} for database {1}
Errors in file /u01/app/oracle/diag/rdbms/ttprod/ttprod1/trace/ttprod1_ora_61041.trc
Undo initialization finished
Archived Log entry 8 added for thread 1 sequence 4528
LSX-00157: "~S" is abstract and cannot be used in an instance document
Undo initialization finished
RMAN-06946: executing repair script
ARC0: Archival started
Completed checkpoint up to RBA
Completed checkpoint up to RBA
ORA-01269: Destination parameter pg_toast_12345 is too long
Starting background process VKTM
ARC0: Archival started
Completed checkpoint up to RBA
RMAN-12016: using channel large pool
Errors in file /u01/app/oracle/diag/rdbms/ttprod/ttprod1/trace/ttprod1_ora_74123.trc
Completed checkpoint up to RBA
Current log# 392 seq# 2500 mem# 0
Starting background process VKTM
Archived Log entry 634 added for thread 1 sequence 1580
NNL-00561: register <name> [-t<type>] [-d<address>] [-h<hostname>] [-l<listener_name>] : register an object with Oracle Names
Archived Log entry 670 added for thread 1 sequence 7400
Starting background process VKTM
Beginning log switch checkpoint up to RBA
CRS-04207: Error writing IPMI credentials wallet: ' fk_order_customer '
Starting background process VKTM
Archived Log entry 335 added for thread 1 sequence 2157
ARC0: Archival started
Starting background process VKTM
Completed checkpoint up to RBA
LPX-00208: unknown DTD keyword "~s"
Beginning log switch checkpoint up to RBA
RMAN-06200: Changed PK_CUSTOMER_ACCOUNTS objects to AVAILABLE status
Undo initialization finished
Archived Log entry 834 added for thread 1 sequence 9992
Completed checkpoint up to RBA
Beginning log switch checkpoint up to RBA
PRCD-01223: The service name {0} contains illegal characters {1}
Current log# 558 seq# 8161 mem# 0
Archived Log entry 83 added for thread 1 sequence 3907
Completed checkpoint up to RBA
Starting background process VKTM
ARC0: Archival started
ORA-16817: unsynchronized fast-start failover configuration
Starting background process VKTM
Starting background process VKTM
RMAN-08106: channel CDR_STAGING : restoring block(s)
Thread 1 advanced to log sequence 291
ARC0: Archival started
Beginning log switch checkpoint up to RBA
XOQ-01946: BaseAttribute " CDR_STAGING " is mapped by more than one attribute map.
Completed checkpoint up to RBA
CLST-01303: successfully rolled back delete operation
Undo initialization finished
ORA-07245: sfccf: unable to lseek and write the last block.
Errors in file /u01/app/oracle/diag/rdbms/ttprod/ttprod1/trace/ttprod1_ora_15537.trc
Beginning log switch checkpoint up to RBA
Archived Log entry 369 added for thread 1 sequence 1993
NNO-00613: disabling FORWARDING-DESIRED on system queries
Current log# 970 seq# 2857 mem# 0
Beginning log switch checkpoint up to RBA
Thread 1 advanced to log sequence 821
Undo initialization finished
RMAN-06487: changed proxy copy expired
Beginning log switch checkpoint up to RBA
Undo initialization finished
Archived Log entry 591 added for thread 1 sequence 4875
Archived Log entry 241 added for thread 1 sequence 9402
ORA-31431: all source tables must belong to the synchronous change set
Errors in file /u01/app/oracle/diag/rdbms/ttprod/ttprod1/trace/ttprod1_ora_42045.trc
Archived Log entry 766 added for thread 1 sequence 4360
Beginning log switch checkpoint up to RBA
Current log# 57 seq# 3636 mem# 0
Thread 1 advanced to log sequence 887
RMAN-08121: keep attributes for the backup are deleted
Undo initialization finished
Archived Log entry 681 added for thread 1 sequence 4804
ARC0: Archival started
Current log# 757 seq# 3569 mem# 0
CRS-02792: Shutdown of Cluster Ready Services-managed resources on ' 5000 ' has completed
ARC0: Archival started
ARC0: Archival started
RMAN-06585: no copy of datafile number found
Undo initialization finished
Beginning log switch checkpoint up to RBA
RMAN-08121: keep attributes for the backup are deleted
Starting background process VKTM
Completed checkpoint up to RBA
Undo initialization finished
ORA-26655: Invalid pg_toast_12345 specified for idx_users_email procedure
Starting background process VKTM
Thread 1 advanced to log sequence 95
ARC0: Archival started
Thread 1 advanced to log sequence 243
ORA-39014: One or more workers have prematurely exited.
Errors in file /u01/app/oracle/diag/rdbms/ttprod/ttprod1/trace/ttprod1_ora_71656.trc
Undo initialization finished
Current log# 838 seq# 7554 mem# 0
Undo initialization finished
ARC0: Archival started
EXP-00041: INCTYPE parameter is obsolete
Current log# 410 seq# 1207 mem# 0
Beginning log switch checkpoint up to RBA
ORA-15488: volume USERS is open on instance PK_CUSTOMER_ACCOUNTS
Completed checkpoint up to RBA
ARC0: Archival started
Thread 1 advanced to log sequence 875
PRVF-02414: Failed to retrieve details of the device file "{0}" on node "{1}"
Current log# 616 seq# 2254 mem# 0
Beginning log switch checkpoint up to RBA
Starting background process VKTM
Current log# 148 seq# 1257 mem# 0
PROC-00030: Oracle Cluster Registry IDs do not match
ARC0: Archival started
Archived Log entry 890 added for thread 1 sequence 4252
PLS-00321: expression ' APP_USER42 ' is inappropriate as the left hand side of an assignment statement
Beginning log switch checkpoint up to RBA
Beginning log switch checkpoint up to RBA
ORA-31136: Resource configuration TNS_ADMIN is already associated with the resource 42
Beginning log switch checkpoint up to RBA
Archived Log entry 525 added for thread 1 sequence 1923
TNS-01159: Internal connection limit has been reached; listener has shut down
Archived Log entry 758 added for thread 1 sequence 8891
Beginning log switch checkpoint up to RBA
Current log# 700 seq# 4135 mem# 0
Completed checkpoint up to RBA
Thread 1 advanced to log sequence 53
DIA-48475: [ pg_toast_12345 ] is not a valid timestamp
Thread 1 advanced to log sequence 690
Starting background process VKTM
Undo initialization finished
ORA-02204: ALTER, INDEX and EXECUTE not allowed for views
Thread 1 advanced to log sequence 626
Current log# 495 seq# 8676 mem# 0
Current log# 408 seq# 4913 mem# 0
Completed checkpoint up to RBA
Thread 1 advanced to log sequence 959
PRVF-05254: Command "{0}" executed on node "{1}" produced no output
Errors in file /u01/app/oracle/diag/rdbms/ttprod/ttprod1/trace/ttprod1_ora_85744.trc
Current log# 252 seq# 8350 mem# 0
ARC0: Archival started
Completed checkpoint up to RBA
Current log# 142 seq# 6903 mem# 0
Thread 1 advanced to log sequence 15
RMAN-06549: connected to auxiliary database: ttstandby01 (not mounted)
Current log# 687 seq# 5982 mem# 0
RMAN-06210: List of Mismatched objects
Current log# 840 seq# 4358 mem# 0
Thread 1 advanced to log sequence 184
EXP-00022: must be SYS or SYSTEM to do incremental export
Completed checkpoint up to RBA
Thread 1 advanced to log sequence 478
Beginning log switch checkpoint up to RBA
Undo initialization finished
ORA-02064: distributed operation not supported
Current log# 701 seq# 8096 mem# 0
ORA-25008: no implicit conversion to LOB datatype in instead-of trigger
Beginning log switch checkpoint up to RBA
Thread 1 advanced to log sequence 202
Completed checkpoint up to RBA
Current log# 301 seq# 7797 mem# 0
ORA-23388: replication parallel push watermark error
Undo initialization finished
Undo initialization finished
Completed checkpoint up to RBA
Beginning log switch checkpoint up to RBA
Beginning log switch checkpoint up to RBA
RMAN-06519: backup will never be obsolete
ARC0: Archival started
ARC0: Archival started
Starting background process VKTM
CRS-01005: The Oracle Clusterware upgrade was completed. Version has changed from [ number , session_1123 ] to [ number , _SYSSMU7$ ]. Details in UNDOTBS1 .
Undo initialization finished
PRVF-00020: "{0}" is not writeable
Errors in file /u01/app/oracle/diag/rdbms/ttprod/ttprod1/trace/ttprod1_ora_22517.trc
Starting background process VKTM
Beginning log switch checkpoint up to RBA
Archived Log entry 736 added for thread 1 sequence 7540
Beginning log switch checkpoint up to RBA
ORA-33213: (CINSERT06) The target position for MAINTAIN ADD or MAINTAIN MOVE cannot fall in the range of session-only values.
Completed checkpoint up to RBA
Archived Log entry 862 added for thread 1 sequence 4788
Archived Log entry 951 added for thread 1 sequence 3540
Current log# 529 seq# 3864 mem# 0
ORA-32739: Hang analysis aborted due to failed heap re-grow
Starting background process VKTM
Starting background process VKTM
Current log# 810 seq# 4662 mem# 0
Starting background process VKTM
ORA-26023: index large pool . pk_orders partition USERS was made unusable due to:
Archived Log entry 44 added for thread 1 sequence 1423
ORA-12721: operation cannot execute when other sessions are active
Errors in file /u01/app/oracle/diag/rdbms/ttprod/ttprod1/trace/ttprod1_ora_36530.trc
ARC0: Archival started
Current log# 141 seq# 4015 mem# 0
Starting background process VKTM
Thread 1 advanced to log sequence 478
Undo initialization finished
ORA-13241: specified dimensionality does not match that of the data
Starting background process VKTM
ORA-12728: invalid range in regular expression
Errors in file /u01/app/oracle/diag/rdbms/ttprod/ttprod1/trace/ttprod1_ora_59912.trc
Beginning log switch checkpoint up to RBA
Completed checkpoint up to RBA
Completed checkpoint up to RBA
ORA-02402: PLAN_TABLE not found
Beginning log switch checkpoint up to RBA
ORA-10634: Segment is already being shrunk
ARC0: Archival started
ORA-27062: could not find pending async I/Os
ARC0: Archival started
ORA-00071: process number must be between 1 and ttprod1
Completed checkpoint up to RBA
Thread 1 advanced to log sequence 134
Undo initialization finished
ORA-02456: The HASH IS column specification must be NUMBER(*,0)
Starting background process VKTM
Archived Log entry 568 added for thread 1 sequence 9880
ARC0: Archival started
Undo initialization finished
Archived Log entry 835 added for thread 1 sequence 7553
TNS-02508: Encryption: server negotiation response in error
Completed checkpoint up to RBA
Current log# 334 seq# 3370 mem# 0
Undo initialization finished
PGU-42039: in line as follows
Thread 1 advanced to log sequence 823
ORA-30745: error occured while trying to add column " ttprod1 " in table " CRM.CALL_DETAIL_RECORDS "
Starting background process VKTM
Starting background process VKTM
Current log# 188 seq# 7874 mem# 0
ARC0: Archival started
Completed checkpoint up to RBA
ORA-34357: (MXDSS10) app_db is not an alias of analytic workspace _SYSSMU7$ .
Archived Log entry 229 added for thread 1 sequence 7658
Current log# 622 seq# 3433 mem# 0
ARC0: Archival started
Starting background process VKTM
Starting background process VKTM
IMP-00078: Cannot translate FILE locator to " session_1123 " " 3 " in server character set
Completed checkpoint up to RBA
Undo initialization finished
Undo initialization finished
ORA-10458: standby database requires recovery
ARC0: Archival started
Completed checkpoint up to RBA
Beginning log switch checkpoint up to RBA
Undo initialization finished
PRKO-03087: User: {0}
Completed checkpoint up to RBA
Undo initialization finished
ORA-02783: Both post and wait functions were not specified
Beginning log switch checkpoint up to RBA
RMAN-08536: channel pg_toast_12345 : AUTOBACKUP found: INVOICE_LINES_IDX
Beginning log switch checkpoint up to RBA
Current log# 555 seq# 2587 mem# 0
Starting background process VKTM
Starting background process VKTM
Starting background process VKTM
ORA-54506: compound curve not supported for 3-D geometries
Starting background process VKTM
Beginning log switch checkpoint up to RBA
ORA-28039: cannot validate Kerberos service ticket
Starting background process VKTM
RMAN-06899: updating recovery catalog with new database incarnation
Completed checkpoint up to RBA
ORA-39910: Partitioned Global index pk_orders . NETWORK_OPS.SIM_INVENTORY in tablespace SP2-0552 points to partition BILLING.CUST_ORDERS of table app_db . _SYSSMU7$ in tablespace session_1123 outside of transportable set.
Undo initialization finished
Beginning log switch checkpoint up to RBA
NID-00481: DBNEWID - Cancelled.
Beginning log switch checkpoint up to RBA
Thread 1 advanced to log sequence 153
Thread 1 advanced to log sequence 394
Starting background process VKTM
ORA-26820: INVOICE_LINES_IDX capture server for apply " session_1123 " and propagation " /u01/app/oracle/oradata/ttprod/users01.dbf " becomes active and needs join capture process " 17 ".
Starting background process VKTM
Completed checkpoint up to RBA
Current log# 43 seq# 2567 mem# 0
Undo initialization finished
ARC0: Archival started
ORA-31501: change source session_1123 is not an AutoLog change source
Thread 1 advanced to log sequence 361
Starting background process VKTM
Current log# 411 seq# 9340 mem# 0
Archived Log entry 730 added for thread 1 sequence 2603
Archived Log entry 217 added for thread 1 sequence 5101
NNC-00426: no such data type
Completed checkpoint up to RBA
ORA-28343: fails to encrypt data
Beginning log switch checkpoint up to RBA
Archived Log entry 918 added for thread 1 sequence 5142
ORA-29526: created Java class 1024 " TNS_ADMIN "
Starting background process VKTM
Archived Log entry 154 added for thread 1 sequence 6142
ARC0: Archival started
ORA-30726: cannot specify referenced column list here
ARC0: Archival started
ORA-39932: Extensible Index idx_users_email . 42 not fully contained in the transportable set.
ARC0: Archival started
Archived Log entry 291 added for thread 1 sequence 4863
Current log# 843 seq# 8657 mem# 0
SCLC-01030: {0} server is not running
Errors in file /u01/app/oracle/diag/rdbms/ttprod/ttprod1/trace/ttprod1_ora_39920.trc
Beginning log switch checkpoint up to RBA
Thread 1 advanced to log sequence 718
ORA-30979: Partitioned XML Index not yet supported.
Beginning log switch checkpoint up to RBA
Thread 1 advanced to log sequence 117
Thread 1 advanced to log sequence 420
Current log# 186 seq# 2473 mem# 0
Thread 1 advanced to log sequence 183
ORA-13013: the specified topology was not INTERIOR or BOUNDARY
ARC0: Archival started
Starting background process VKTM
Beginning log switch checkpoint up to RBA
Archived Log entry 629 added for thread 1 sequence 7749
PRIF-00024: Error in retrieving the network interface from GPnP profile
Errors in file /u01/app/oracle/diag/rdbms/ttprod/ttprod1/trace/ttprod1_ora_45933.trc
Starting background process VKTM
Archived Log entry 600 added for thread 1 sequence 8084
Archived Log entry 401 added for thread 1 sequence 7790
Current log# 117 seq# 5742 mem# 0
Current log# 760 seq# 1229 mem# 0
ORA-00110: invalid value ttstandby01 for attribute BILLING.CUST_ORDERS , must be between 17 and TNS_ADMIN
Archived Log entry 418 added for thread 1 sequence 9483
Beginning log switch checkpoint up to RBA
Completed checkpoint up to RBA
ARC0: Archival started
RDE-00047: no name specified for attribute.
Thread 1 advanced to log sequence 693
LPX-00052: LEH initialization failed
Errors in file /u01/app/oracle/diag/rdbms/ttprod/ttprod1/trace/ttprod1_ora_36578.trc
Archived Log entry 308 added for thread 1 sequence 9068
Archived Log entry 270 added for thread 1 sequence 5191
ORA-24808: streaming of lob data is not allowed when using lob buffering
Undo initialization finished
ORA-01692: unable to extend lob segment APP_USER42 . CRM.CALL_DETAIL_RECORDS partition CDR_STAGING by ttprod2 in tablespace user_sessions
Beginning log switch checkpoint up to RBA
Undo initialization finished
Undo initialization finished
Thread 1 advanced to log sequence 709
Starting background process VKTM
ORA-19730: can not convert offline plugged-in datafile SYSAUX
Undo initialization finished
Starting background process VKTM
Archived Log entry 690 added for thread 1 sequence 2734
Completed checkpoint up to RBA
Undo initialization finished
ORA-14450: attempt to access a transactional temp table already in use
Thread 1 advanced to log sequence 73
ARC0: Archival started
PRVF-07544: Check cannot be performed for kernel parameter "{0}" on node "{1}"
Errors in file /u01/app/oracle/diag/rdbms/ttprod/ttprod1/trace/ttprod1_ora_94374.trc
Thread 1 advanced to log sequence 902
Starting background process VKTM
ORA-48476: Cannot write the results out to a file, please check if the environment variable TMPDIR is set or the current directory is not writable
Starting background process VKTM
Archived Log entry 713 added for thread 1 sequence 8584
Beginning log switch checkpoint up to RBA
Thread 1 advanced to log sequence 596
ORA-39793: Attribute " 1024 " is not unique within the hierarchy being loaded.
Thread 1 advanced to log sequence 625
Starting background process VKTM
INS-41803: An entry for Oracle ASM is found in the system registry or oratab, but it is not associated with a software home location.
Errors in file /u01/app/oracle/diag/rdbms/ttprod/ttprod1/trace/ttprod1_ora_35123.trc
Current log# 275 seq# 7239 mem# 0
Undo initialization finished
Current log# 825 seq# 3447 mem# 0
Starting background process VKTM
ORA-30773: opaque types do not have default constructors
Completed checkpoint up to RBA
Current log# 885 seq# 5683 mem# 0
Completed checkpoint up to RBA
Thread 1 advanced to log sequence 331
NNO-00603: enabling all request processing
ARC0: Archival started
Archived Log entry 26 added for thread 1 sequence 1530
ARC0: Archival started
Thread 1 advanced to log sequence 361
ORA-49423: File outside ADR not allowed
Starting background process VKTM
ORA-44204: library cache object user_sessions . SP2-0552 found in an in-flux state
Thread 1 advanced to log sequence 4
Thread 1 advanced to log sequence 1
Starting background process VKTM
PLS-00133: Pragma 42 expects 1st argument to be an identifier or idx_users_email-literal
Undo initialization finished
Starting background process VKTM
RMAN-06036: datafile number is already restored to file reporting_schema
Undo initialization finished
ORA-00705: inconsistent state during start up; shut down the instance, then restart it
Thread 1 advanced to log sequence 643
Completed checkpoint up to RBA
Current log# 886 seq# 1773 mem# 0
Starting background process VKTM
Archived Log entry 188 added for thread 1 sequence 8449
ORA-16197: Invalid DB_UNIQUE_NAME parameter specification
Beginning log switch checkpoint up to RBA
Thread 1 advanced to log sequence 206
ORA-02794: Client unable to get key for shared memory
Archived Log entry 688 added for thread 1 sequence 1624
PCC-00118: Use of host variable initialization not supported by ANSI SQL
Undo initialization finished
Undo initialization finished
Current log# 292 seq# 1129 mem# 0
Beginning log switch checkpoint up to RBA
RMAN-08141: channel 17 : specifying datafile(s) for validation
Current log# 91 seq# 4105 mem# 0
ORA-07638: smsget: SGA pad area not large enough for created SGA
Archived Log entry 388 added for thread 1 sequence 9818
Completed checkpoint up to RBA
ORA-27607: Smart I/O failed because there were no online disks. tablespace number: " ttprod1 ", file number: " idx_users_email "
Completed checkpoint up to RBA
Starting background process VKTM
Thread 1 advanced to log sequence 460
Thread 1 advanced to log sequence 676
INS-32027: The ORACLE_HOME environment variable is currently set and this value is not same as the specified path for software location. This will impact the proper configuration of software.
ARC0: Archival started
Thread 1 advanced to log sequence 528
PCB-00006: Userid only used when SQLCHECK=FULL, userid ignored.
Undo initialization finished
Thread 1 advanced to log sequence 469
ARC0: Archival started
Current log# 207 seq# 4467 mem# 0
NID-00410: Reversion of database changes failed during validation - database is intact.
ARC0: Archival started
ARC0: Archival started
Archived Log entry 661 added for thread 1 sequence 4700
Beginning log switch checkpoint up to RBA
Starting background process VKTM
PLS-00437: FORALL bulk index cannot be used in TNS_ADMIN clause
Thread 1 advanced to log sequence 50
Undo initialization finished
ARC0: Archival started
Current log# 243 seq# 3034 mem# 0
LPX-01033: [XQST0033] Multiple bindings for the namespace prefix '~s'
Errors in file /u01/app/oracle/diag/rdbms/ttprod/ttprod1/trace/ttprod1_ora_26675.trc
Starting background process VKTM
ORA-01930: auditing the object is not supported
Beginning log switch checkpoint up to RBA
Thread 1 advanced to log sequence 896
Starting background process VKTM
RMAN-06520: archived logs will not be kept or backed up
Archived Log entry 794 added for thread 1 sequence 5079
Completed checkpoint up to RBA
Completed checkpoint up to RBA
TNS-12675: External user name not available yet
Completed checkpoint up to RBA
Starting background process VKTM
ARC0: Archival started
RMAN-00703: The cmdfile has no syntax errors
Completed checkpoint up to RBA
Completed checkpoint up to RBA
ARC0: Archival started
ARC0: Archival started
PGU-30122: level limit: field f#= large pool nest level NETWORK_OPS.SIM_INVENTORY exceeds CDR_STAGING of USERS
Undo initialization finished
Thread 1 advanced to log sequence 997
Archived Log entry 329 added for thread 1 sequence 5677
Beginning log switch checkpoint up to RBA
Completed checkpoint up to RBA
PCB-00303: Dynamic SQL and PL/SQL are Oracle extensions to ANSI SQL
ARC0: Archival started
ORA-02067: transaction or savepoint rollback required
Errors in file /u01/app/oracle/diag/rdbms/ttprod/ttprod1/trace/ttprod1_ora_65509.trc
ARC0: Archival started
Current log# 29 seq# 1345 mem# 0
Completed checkpoint up to RBA
NZE-29234: a key object was not extracted from encoding
Starting background process VKTM
RMAN-08620: uncataloged foreign archived log
Current log# 766 seq# 3131 mem# 0
Thread 1 advanced to log sequence 48
Thread 1 advanced to log sequence 602
ORA-41650: invalid composite event structure
Beginning log switch checkpoint up to RBA
Starting background process VKTM
Completed checkpoint up to RBA
Thread 1 advanced to log sequence 161
Current log# 177 seq# 9563 mem# 0
CRS-04685: Failed to set logfilesize number for Cluster Synchronization Services.
Completed checkpoint up to RBA
Current log# 511 seq# 9661 mem# 0
Current log# 806 seq# 9305 mem# 0
Completed checkpoint up to RBA
Archived Log entry 86 added for thread 1 sequence 8204
PCB-00318: ARRAYLEN is an Oracle extension
Undo initialization finished
Completed checkpoint up to RBA
ARC0: Archival started
DRG-11735: missing disambiguation
Completed checkpoint up to RBA
Archived Log entry 773 added for thread 1 sequence 8026
Thread 1 advanced to log sequence 112
Current log# 597 seq# 9798 mem# 0
Thread 1 advanced to log sequence 74
ORA-02375: conversion error loading table PK_CUSTOMER_ACCOUNTS . ttprod2 partition BILLING.CUST_ORDERS
ARC0: Archival started
Thread 1 advanced to log sequence 242
NID-00436: Modify parameter file and generate a new password file before restarting.
Completed checkpoint up to RBA
Undo initialization finished
Beginning log switch checkpoint up to RBA
ORA-36704: (XSRELTBL06) workspace object should be dimensioned by workspace object .
Errors in file /u01/app/oracle/diag/rdbms/ttprod/ttprod1/trace/ttprod1_ora_18409.trc
Thread 1 advanced to log sequence 115
Completed checkpoint up to RBA
DRG-50303: error in bufout
Errors in file /u01/app/oracle/diag/rdbms/ttprod/ttprod1/trace/ttprod1_ora_97384.trc
Undo initialization finished
Current log# 482 seq# 2498 mem# 0
Current log# 769 seq# 7798 mem# 0
Completed checkpoint up to RBA
Completed checkpoint up to RBA
TNS-01190: The user is not authorized to execute the requested listener command
Completed checkpoint up to RBA
Current log# 652 seq# 4097 mem# 0
ORA-12555: TNS:permission denied
Current log# 316 seq# 9031 mem# 0
ARC0: Archival started
ARC0: Archival started
Beginning log switch checkpoint up to RBA
Archived Log entry 951 added for thread 1 sequence 5356
PRCT-01005: Directory {0} does not exist
Current log# 912 seq# 7499 mem# 0
Beginning log switch checkpoint up to RBA
Thread 1 advanced to log sequence 100
Current log# 766 seq# 1175 mem# 0
ORA-30734: cannot specify scope constraint on ref column with rowid
Errors in file /u01/app/oracle/diag/rdbms/ttprod/ttprod1/trace/ttprod1_ora_32468.trc
Archived Log entry 165 added for thread 1 sequence 8775
ARC0: Archival started
ORA-31107: Action failed as resource " APP_USER42 " is locked by name lock
Errors in file /u01/app/oracle/diag/rdbms/ttprod/ttprod1/trace/ttprod1_ora_57042.trc
Starting background process VKTM
ORA-12464: invalid characters in label component pg_toast_12345
ARC0: Archival started
Current log# 104 seq# 7734 mem# 0
ORA-44425: XML DB needs to be installed for creating an XMLType table or column
Errors in file /u01/app/oracle/diag/rdbms/ttprod/ttprod1/trace/ttprod1_ora_26793.trc
Archived Log entry 305 added for thread 1 sequence 4269
ORA-13525: error with computing space usage for sysaux occupant
Current log# 222 seq# 7946 mem# 0
NNL-00346: Save_config_on_stop is now ON
Errors in file /u01/app/oracle/diag/rdbms/ttprod/ttprod1/trace/ttprod1_ora_41284.trc
Starting background process VKTM
Starting background process VKTM
Thread 1 advanced to log sequence 821
Current log# 109 seq# 3496 mem# 0
Starting background process VKTM
ORA-06525: Length Mismatch for CHAR or RAW data
Current log# 739 seq# 9612 mem# 0
Undo initialization finished
Undo initialization finished
Beginning log switch checkpoint up to RBA
Beginning log switch checkpoint up to RBA
CRS-02411: The Cluster Time Synchronization Service will take a long time to perform time synchronization as local time is significantly different from mean cluster time. Details in TNS_ADMIN .
Errors in file /u01/app/oracle/diag/rdbms/ttprod/ttprod1/trace/ttprod1_ora_84915.trc
Beginning log switch checkpoint up to RBA
ARC0: Archival started
ORA-15115: missing or invalid ASM disk size specifier
Completed checkpoint up to RBA
PRKC-01020: Exception while executing the operation on the remote node {0}
Undo initialization finished
ARC0: Archival started
Undo initialization finished
Starting background process VKTM
ARC0: Archival started
TNS-01404: Max Load: PK_CUSTOMER_ACCOUNTS
ARC0: Archival started
ORA-14306: List value ' UNDOTBS1 ' specified twice in partitions ' 42 ', ' idx_users_email '
Undo initialization finished
Starting background process VKTM
Starting background process VKTM
Current log# 454 seq# 7174 mem# 0
RMAN-08070: deleted datafile copy
Completed checkpoint up to RBA
Current log# 786 seq# 3674 mem# 0
Undo initialization finished
CRS-01319: Cluster Synchronization Service not available. Details at _SYSSMU7$ in CDR_STAGING .
Undo initialization finished
ORA-16737: the redo transport service for standby database " pg_toast_12345 " has an error
ARC0: Archival started
Beginning log switch checkpoint up to RBA
Beginning log switch checkpoint up to RBA
ORA-38799: Cannot drop guaranteed restore point internally created for snapshot standby
Undo initialization finished
Current log# 186 seq# 3069 mem# 0
Thread 1 advanced to log sequence 164
RMAN-20003: target database incarnation not found in recovery catalog
Starting background process VKTM
Thread 1 advanced to log sequence 807
Current log# 460 seq# 2000 mem# 0
ORA-46052: Invalid Session ID specified
Errors in file /u01/app/oracle/diag/rdbms/ttprod/ttprod1/trace/ttprod1_ora_89888.trc
ARC0: Archival started
Current log# 647 seq# 3758 mem# 0
Beginning log switch checkpoint up to RBA
ORA-31132: Cannot validate handler " /u01/app/oracle/oradata/ttprod/users01.dbf "." reporting_schema "
Current log# 281 seq# 9935 mem# 0
Starting background process VKTM
ARC0: Archival started
Completed checkpoint up to RBA
ORA-00081: address range [ _SYSSMU12$ , _SYSSMU12$ ) is not readable
Archived Log entry 754 added for thread 1 sequence 7666
Thread 1 advanced to log sequence 636
ARC0: Archival started
Archived Log entry 314 added for thread 1 sequence 2538
Starting background process VKTM
NNO-00613: disabling FORWARDING-DESIRED on system queries
Starting background process VKTM
Current log# 580 seq# 6752 mem# 0
ARC0: Archival started
ORA-16197: Invalid DB_UNIQUE_NAME parameter specification
Undo initialization finished
Current log# 413 seq# 2128 mem# 0
ORA-00255: error archiving log 17 of thread user_sessions , sequence # idx_users_email
Undo initialization finished
PCC-02445: USING clause valid only on a PREPAREd dynamic statement
Undo initialization finished
Thread 1 advanced to log sequence 223
DRG-12511: use ctx_ddl.create_stoplist to create stoplists
Archived Log entry 891 added for thread 1 sequence 4990
Starting background process VKTM
Undo initialization finished
ARC0: Archival started
Current log# 716 seq# 5070 mem# 0
RMAN-06442: enter UPGRADE CATALOG command again to confirm catalog upgrade
Undo initialization finished
Archived Log entry 741 added for thread 1 sequence 2919
Archived Log entry 419 added for thread 1 sequence 3264
Undo initialization finished
Completed checkpoint up to RBA
DIA-48107: invalid Bfile input, [ PK_CUSTOMER_ACCOUNTS ]
Current log# 862 seq# 4879 mem# 0
Completed checkpoint up to RBA
Archived Log entry 516 added for thread 1 sequence 2808
Thread 1 advanced to log sequence 621
PCC-02334: SQL identifier was not declared as a cursor
Errors in file /u01/app/oracle/diag/rdbms/ttprod/ttprod1/trace/ttprod1_ora_36651.trc
Completed checkpoint up to RBA
Thread 1 advanced to log sequence 596
Current log# 790 seq# 3598 mem# 0
ORA-16071: Archived log file 3 was not found at dependency destination.
Beginning log switch checkpoint up to RBA
Archived Log entry 741 added for thread 1 sequence 5084
Archived Log entry 643 added for thread 1 sequence 5398
RMAN-08102: channel pg_toast_12345 : located backup piece: TNS_ADMIN
Undo initialization finished
ARC0: Archival started
Starting background process VKTM
JMS-00444: This feature is not supported yet
Current log# 798 seq# 9885 mem# 0
RMAN-06452: idx_users_email package upgraded to version 42
Current log# 846 seq# 6027 mem# 0
Completed checkpoint up to RBA
Undo initialization finished
DRG-50922: PL/SQL execution failed for ttstandby01
ARC0: Archival started
Starting background process VKTM
Undo initialization finished
Archived Log entry 278 added for thread 1 sequence 4465
ORA-02261: such unique or primary key already exists in the table
Errors in file /u01/app/oracle/diag/rdbms/ttprod/ttprod1/trace/ttprod1_ora_36515.trc
Beginning log switch checkpoint up to RBA
Completed checkpoint up to RBA
RMAN-05000: CONFIGURE AUXNAME required for datafile PK_CUSTOMER_ACCOUNTS
Archived Log entry 911 added for thread 1 sequence 6806
Thread 1 advanced to log sequence 554
Starting background process VKTM
CRS-02628: Server pool ' shared pool ' may not be a parent of itself
Completed checkpoint up to RBA
Archived Log entry 599 added for thread 1 sequence 6895
Starting background process VKTM
ORA-02846: Unkillable server
Errors in file /u01/app/oracle/diag/rdbms/ttprod/ttprod1/trace/ttprod1_ora_27317.trc
Completed checkpoint up to RBA
Beginning log switch checkpoint up to RBA
Thread 1 advanced to log sequence 226
PRCT-01104: Failed to parse output {0} when executing acfsutil at file location {1}
Undo initialization finished
Archived Log entry 933 added for thread 1 sequence 8273
OCI-31079: unable to resolve reference to DATA_TS01 " 3 "
Thread 1 advanced to log sequence 316
Starting background process VKTM
Starting background process VKTM
Undo initialization finished
Undo initialization finished
RMAN-08142: including standby control file for validation
Completed checkpoint up to RBA
Beginning log switch checkpoint up to RBA
Current log# 23 seq# 3585 mem# 0
ORA-27067: size of I/O buffer is invalid
Beginning log switch checkpoint up to RBA
Undo initialization finished
Undo initialization finished
RMAN-08513: datafile copy file name= _SYSSMU12$ RECID= /u01/app/oracle/oradata/ttprod/users01.dbf STAMP= BILLING.CUST_ORDERS
Current log# 901 seq# 1274 mem# 0
Undo initialization finished
ORA-48411: The trace files exceeds the maximum number [ pk_orders ]
Thread 1 advanced to log sequence 83
Archived Log entry 91 added for thread 1 sequence 8353
Starting background process VKTM
Beginning log switch checkpoint up to RBA
TNS-00520: Syntax error
Completed checkpoint up to RBA
Undo initialization finished
Current log# 288 seq# 8795 mem# 0
ARC0: Archival started
INS-41502: Insufficient number of voting disk locations provided for normal redundancy configuration.
Archived Log entry 642 added for thread 1 sequence 4444
ORA-19655: cannot switch to incarnation with different RESETLOGS data
Completed checkpoint up to RBA
IMG-00604: unable to access destination image data
Thread 1 advanced to log sequence 876
Starting background process VKTM
Starting background process VKTM
PCB-00318: ARRAYLEN is an Oracle extension
Archived Log entry 231 added for thread 1 sequence 8523
Thread 1 advanced to log sequence 214
Undo initialization finished
CRS-04203: Hashing creation error during wallet credentials creation
Completed checkpoint up to RBA
ORA-06923: CMX: illegal break condition
Starting background process VKTM
ARC0: Archival started
ORA-07427: spstp: cannot change directory to dbs.
Thread 1 advanced to log sequence 282
Starting background process VKTM
Completed checkpoint up to RBA
Starting background process VKTM
ORA-16115: ttprod1 \% of LogMiner dictionary loading is done
Undo initialization finished
Thread 1 advanced to log sequence 45
LFI-00149: Error on destroying hash table in function CDR_STAGING
Starting background process VKTM
Undo initialization finished
Undo initialization finished
Starting background process VKTM
Beginning log switch checkpoint up to RBA
ORA-03127: no new operations allowed until the active operation ends
Errors in file /u01/app/oracle/diag/rdbms/ttprod/ttprod1/trace/ttprod1_ora_52865.trc
Beginning log switch checkpoint up to RBA
Starting background process VKTM
ORA-39067: Unable to close the log file.
Errors in file /u01/app/oracle/diag/rdbms/ttprod/ttprod1/trace/ttprod1_ora_93993.trc
Completed checkpoint up to RBA
Thread 1 advanced to log sequence 891
Starting background process VKTM
CRS-02715: Update to attribute AGENT_FILENAME is not currently supported. Please recreate the resource type with new value.
Beginning log switch checkpoint up to RBA
Undo initialization finished
RMAN-06102: no channel to restore a backup or copy of archived log for thread number with sequence number and starting SCN of shared pool
Archived Log entry 279 added for thread 1 sequence 4919
ARC0: Archival started
Beginning log switch checkpoint up to RBA
Completed checkpoint up to RBA
ORA-16237: SGA specified for Logical Standby is too small
Beginning log switch checkpoint up to RBA
Current log# 461 seq# 2913 mem# 0
Archived Log entry 955 added for thread 1 sequence 6016
Current log# 436 seq# 3949 mem# 0
Completed checkpoint up to RBA
NNL-00296: Controller's local trace level changed from number to number
Undo initialization finished
Starting background process VKTM
ARC0: Archival started
ORA-00395: online logs for the clone database must be renamed
Errors in file /u01/app/oracle/diag/rdbms/ttprod/ttprod1/trace/ttprod1_ora_46350.trc
Thread 1 advanced to log sequence 710
Starting background process VKTM
RMAN-08097: channel pg_toast_12345 : starting validation of archived log backup set
Undo initialization finished
Starting background process VKTM
DRG-11873: System Call Replies
Thread 1 advanced to log sequence 832
Beginning log switch checkpoint up to RBA
Archived Log entry 474 added for thread 1 sequence 7235
Undo initialization finished
RMAN-08085: created script PK_CUSTOMER_ACCOUNTS
Archived Log entry 519 added for thread 1 sequence 5990
Starting background process VKTM
Archived Log entry 503 added for thread 1 sequence 8690
ORA-39174: Encryption password must be supplied.
Current log# 193 seq# 1468 mem# 0
ORA-10919: Default temporary tablespace group must have at least one tablespace
Errors in file /u01/app/oracle/diag/rdbms/ttprod/ttprod1/trace/ttprod1_ora_79049.trc
Current log# 339 seq# 7783 mem# 0
ARC0: Archival started
ARC0: Archival started
Current log# 80 seq# 8974 mem# 0
CRS-02579: Value ' number ' may not be less than ' number '
Errors in file /u01/app/oracle/diag/rdbms/ttprod/ttprod1/trace/ttprod1_ora_55087.trc
Undo initialization finished
Archived Log entry 39 added for thread 1 sequence 4027
ARC0: Archival started
RMAN-08071: channel DATA_TS01 : deleting archived log(s)
Errors in file /u01/app/oracle/diag/rdbms/ttprod/ttprod1/trace/ttprod1_ora_93938.trc
ARC0: Archival started
CRS-01321: Oracle High Availability Service failed to retrieve local node name. Details at pg_toast_12345 in session_1123 .
Completed checkpoint up to RBA
Thread 1 advanced to log sequence 969
Completed checkpoint up to RBA
ORA-47381: OLS Policy _SYSSMU7$ not found
Beginning log switch checkpoint up to RBA
ORA-15256: user ' PK_CUSTOMER_ACCOUNTS ' is already a member of user group ' CDR_STAGING '
Completed checkpoint up to RBA
Current log# 845 seq# 4298 mem# 0
ORA-22978: only simple attribute name is allowed in the WITH OBJECT OID clause
Thread 1 advanced to log sequence 816
Current log# 605 seq# 2671 mem# 0
CRS-02796: The command may not proceed when Cluster Ready Services is not running
Thread 1 advanced to log sequence 381
ARC0: Archival started
Completed checkpoint up to RBA
RMAN-08534: channel reporting_schema : control file restore from AUTOBACKUP complete
Thread 1 advanced to log sequence 204
Archived Log entry 281 added for thread 1 sequence 9478
Completed checkpoint up to RBA
Beginning log switch checkpoint up to RBA
Beginning log switch checkpoint up to RBA
ORA-55315: batch load attempt failed: ttstandby01
Starting background process VKTM
Undo initialization finished
ORA-25255: incorrect subscription SYSAUX NETWORK_OPS.SIM_INVENTORY
Thread 1 advanced to log sequence 477
ARC0: Archival started
PCC-02414: This attribute does not exist in the specified Object
Undo initialization finished
Undo initialization finished
Current log# 104 seq# 1533 mem# 0
Undo initialization finished
ORA-08499: Warning: picture mask options ' DATA_TS01 ' ignored by UTL_PG
Errors in file /u01/app/oracle/diag/rdbms/ttprod/ttprod1/trace/ttprod1_ora_66627.trc
Completed checkpoint up to RBA
Thread 1 advanced to log sequence 281
Completed checkpoint up to RBA
TNS-00140: Interchange specified was not found in network tables
Errors in file /u01/app/oracle/diag/rdbms/ttprod/ttprod1/trace/ttprod1_ora_22884.trc
Beginning log switch checkpoint up to RBA
ARC0: Archival started
Thread 1 advanced to log sequence 952
Starting background process VKTM
LPX-01068: [XQST0068] Repeated boundary-space declaration
Errors in file /u01/app/oracle/diag/rdbms/ttprod/ttprod1/trace/ttprod1_ora_61752.trc
Completed checkpoint up to RBA
Undo initialization finished
Beginning log switch checkpoint up to RBA
XOQ-00104: not implemented
Archived Log entry 739 added for thread 1 sequence 5866
EVM-00036: Host " SP2-0552 " is unknown
Completed checkpoint up to RBA
Completed checkpoint up to RBA
Beginning log switch checkpoint up to RBA
Completed checkpoint up to RBA
PRVF-05451: Missing key data "{0}"
Current log# 805 seq# 2671 mem# 0
Archived Log entry 701 added for thread 1 sequence 6762
Archived Log entry 485 added for thread 1 sequence 6502
Thread 1 advanced to log sequence 321
EXP-00107: Feature ( shared pool ) of column SYSAUX in table 5000 . PK_CUSTOMER_ACCOUNTS is not supported. The table will not be exported.
Starting background process VKTM
Undo initialization finished
NNL-00300: Cancelled server cache dump
ARC0: Archival started
Beginning log switch checkpoint up to RBA
Archived Log entry 561 added for thread 1 sequence 2915
Completed checkpoint up to RBA
Starting background process VKTM
DRG-13504: 3 has no shadow index
ARC0: Archival started
Archived Log entry 942 added for thread 1 sequence 6914
CRS-08017: location: APP_USER42 has number reboot advisory log files, number were announced and number errors occurred
Errors in file /u01/app/oracle/diag/rdbms/ttprod/ttprod1/trace/ttprod1_ora_35327.trc
Archived Log entry 880 added for thread 1 sequence 8591
OCI-22276: invalid locator for LOB buffering
Thread 1 advanced to log sequence 2
Starting background process VKTM
DRG-52211: error while registering partition
Completed checkpoint up to RBA
ARC0: Archival started
Undo initialization finished
RMAN-06009: using target database control file instead of recovery catalog
Current log# 743 seq# 9999 mem# 0
ORA-30935: XML maxoccurs value ( pg_toast_12345 ) exceeded
Current log# 826 seq# 9257 mem# 0
Beginning log switch checkpoint up to RBA
Archived Log entry 165 added for thread 1 sequence 3101
NID-00508: HELP Displays these messages NO
Errors in file /u01/app/oracle/diag/rdbms/ttprod/ttprod1/trace/ttprod1_ora_51967.trc
Completed checkpoint up to RBA
ARC0: Archival started
ORA-00494: enqueue ttprod2 held for too long (more than 42 seconds) by 'inst 17 , osid CDR_STAGING '
Errors in file /u01/app/oracle/diag/rdbms/ttprod/ttprod1/trace/ttprod1_ora_96178.trc
Starting background process VKTM
Starting background process VKTM
Current log# 975 seq# 4516 mem# 0
Current log# 127 seq# 5636 mem# 0
Thread 1 advanced to log sequence 804
ORA-16060: Log file is current.
Thread 1 advanced to log sequence 369
Beginning log switch checkpoint up to RBA
Thread 1 advanced to log sequence 519
NNO-00612: enabling request forwarding
Thread 1 advanced to log sequence 703
Beginning log switch checkpoint up to RBA
Completed checkpoint up to RBA
Starting background process VKTM
PGU-00378: an item has to be selected before help can be sought for it
Starting background process VKTM
RMAN-08181: media recovery complete, elapsed time: APP_USER42
Errors in file /u01/app/oracle/diag/rdbms/ttprod/ttprod1/trace/ttprod1_ora_60822.trc
Archived Log entry 212 added for thread 1 sequence 8276
Archived Log entry 545 added for thread 1 sequence 9767
JMS-00136: Payload factory can only be specified for destinations with ADT payloads
Archived Log entry 969 added for thread 1 sequence 6258
ORA-04934: unable to obtain the current sequence number
Errors in file /u01/app/oracle/diag/rdbms/ttprod/ttprod1/trace/ttprod1_ora_67780.trc
Undo initialization finished
Starting background process VKTM
Starting background process VKTM
Current log# 749 seq# 7631 mem# 0
RMAN-06504: PROXY option with multiple backup copies is not supported
Starting background process VKTM
Archived Log entry 964 added for thread 1 sequence 3800
ARC0: Archival started
Starting background process VKTM
Thread 1 advanced to log sequence 173
PLS-00708: Pragma pk_orders must be declared in a package specification
ARC0: Archival started
Beginning log switch checkpoint up to RBA
Beginning log switch checkpoint up to RBA
Thread 1 advanced to log sequence 902
Archived Log entry 762 added for thread 1 sequence 1106
RMAN-06200: Changed user_sessions objects to AVAILABLE status
Starting background process VKTM
RMAN-08042: channel 5000 : copied standby control file
Errors in file /u01/app/oracle/diag/rdbms/ttprod/ttprod1/trace/ttprod1_ora_98008.trc
Beginning log switch checkpoint up to RBA
Starting background process VKTM
ARC0: Archival started
Completed checkpoint up to RBA
Starting background process VKTM
ORA-12157: TNS:internal network communication error
Current log# 998 seq# 7560 mem# 0
Undo initialization finished
Undo initialization finished
OCI-31096: validation failed for schema
ARC0: Archival started
ARC0: Archival started
Beginning log switch checkpoint up to RBA
ARC0: Archival started
ORA-47411: Cannot use idx_users_email due to Oracle Database Vault policy.
Errors in file /u01/app/oracle/diag/rdbms/ttprod/ttprod1/trace/ttprod1_ora_13391.trc
Undo initialization finished
Undo initialization finished
Thread 1 advanced to log sequence 732
Archived Log entry 938 added for thread 1 sequence 3905
Beginning log switch checkpoint up to RBA
ORA-13858: Invalid action name
Errors in file /u01/app/oracle/diag/rdbms/ttprod/ttprod1/trace/ttprod1_ora_34893.trc
Starting background process VKTM
RMAN-06578: INCREMENTAL LEVEL > 0 must be specified with FOR RECOVER OF
Starting background process VKTM
Undo initialization finished
Thread 1 advanced to log sequence 617
DRG-11444: valid gist maxPercent values are PK_CUSTOMER_ACCOUNTS
Undo initialization finished
CRS-02775: Failed to update resource ' 1024 '. Details at CRM.CALL_DETAIL_RECORDS in INVOICE_LINES_IDX .
Starting background process VKTM
Current log# 616 seq# 8496 mem# 0
Thread 1 advanced to log sequence 232
PRVF-04084: Make sure IP address "{0}" is up and is a valid IP address on node "{1}"
Undo initialization finished
Starting background process VKTM
ORA-24323: value not allowed
ARC0: Archival started
Current log# 679 seq# 4832 mem# 0
ORA-13754: "SQL Tuning Set" " 1024 " does not exist for user " TNS_ADMIN ".
Errors in file /u01/app/oracle/diag/rdbms/ttprod/ttprod1/trace/ttprod1_ora_91670.trc
Thread 1 advanced to log sequence 166
Thread 1 advanced to log sequence 579
Beginning log switch checkpoint up to RBA
Completed checkpoint up to RBA
ARC0: Archival started
ORA-09926: Unable to set effective privilege set of the server
Starting background process VKTM
Current log# 256 seq# 9208 mem# 0
Archived Log entry 946 added for thread 1 sequence 2871
Beginning log switch checkpoint up to RBA
RMAN-07501: searching for all files in the recovery area
Beginning log switch checkpoint up to RBA
ARC0: Archival started
Archived Log entry 482 added for thread 1 sequence 6704
RMAN-05061: analyzing automatic repair options complete
Thread 1 advanced to log sequence 751
Archived Log entry 62 added for thread 1 sequence 3157
ORA-36961: Oracle OLAP is not available.
Starting background process VKTM
Completed checkpoint up to RBA
Completed checkpoint up to RBA
Thread 1 advanced to log sequence 357
Current log# 23 seq# 4853 mem# 0
ORA-14037: partition bound of partition " PK_CUSTOMER_ACCOUNTS " is too high
ARC0: Archival started
Beginning log switch checkpoint up to RBA
Undo initialization finished
Starting background process VKTM
PGU-39601: TG TIP reporting_schema , SVD USERS
Beginning log switch checkpoint up to RBA
ORA-19999: skip_row procedure was called
Starting background process VKTM
Thread 1 advanced to log sequence 392
ORA-54509: solid not attached to composite solid
Completed checkpoint up to RBA
Undo initialization finished
Starting background process VKTM
Undo initialization finished
ORA-29313: tablespace ' pg_toast_12345 ' cannot be imported twice
ARC0: Archival started
Starting background process VKTM
Completed checkpoint up to RBA
Beginning log switch checkpoint up to RBA
RMAN-08113: including current SPFILE in backup set
Undo initialization finished
Starting background process VKTM
Undo initialization finished
Current log# 686 seq# 2567 mem# 0
Beginning log switch checkpoint up to RBA
ORA-38704: Checksum error in flashback database log file header.
Undo initialization finished
Beginning log switch checkpoint up to RBA
Current log# 434 seq# 4212 mem# 0
Current log# 398 seq# 9532 mem# 0
Undo initialization finished
RMAN-08542: channel CDR_STAGING : starting proxy archived log backup at pg_toast_12345
Completed checkpoint up to RBA
NNO-00605: enabling modification requests
Errors in file /u01/app/oracle/diag/rdbms/ttprod/ttprod1/trace/ttprod1_ora_98138.trc
Completed checkpoint up to RBA
ARC0: Archival started
ORA-13389: unable to compute buffers or intersections in analysis function
Beginning log switch checkpoint up to RBA
Current log# 750 seq# 1119 mem# 0
Undo initialization finished
Undo initialization finished
DRG-12440: document table read failed
Errors in file /u01/app/oracle/diag/rdbms/ttprod/ttprod1/trace/ttprod1_ora_89179.trc
ARC0: Archival started
Beginning log switch checkpoint up to RBA
Starting background process VKTM
ARC0: Archival started
TNS-01063: The db subagent is not started.
Errors in file /u01/app/oracle/diag/rdbms/ttprod/ttprod1/trace/ttprod1_ora_39815.trc
Current log# 804 seq# 3713 mem# 0
Thread 1 advanced to log sequence 956
OCI-21710: argument is expecting a valid memory address of an object
Thread 1 advanced to log sequence 189
QSM-02128: does not meet the requirements of a primary key mv
Errors in file /u01/app/oracle/diag/rdbms/ttprod/ttprod1/trace/ttprod1_ora_92663.trc
ARC0: Archival started
ARC0: Archival started
ORA-14263: new subpartition name must differ from that of any other subpartition of the object
Starting background process VKTM
Archived Log entry 968 added for thread 1 sequence 9621
ARC0: Archival started
Undo initialization finished
Thread 1 advanced to log sequence 881
TNS-01076: Opened trace file: /u01/app/oracle/oradata/ttprod/users01.dbf
Thread 1 advanced to log sequence 398
PRKO-02174: Instance {0} is already an available instance for service {1}.
Beginning log switch checkpoint up to RBA
Archived Log entry 549 added for thread 1 sequence 2371
Starting background process VKTM
ORA-48265: Incorrect number of arguments ( BILLING.CUST_ORDERS ) provided - expected ( APP_USER42 )
Thread 1 advanced to log sequence 60
Beginning log switch checkpoint up to RBA
Thread 1 advanced to log sequence 729
Starting background process VKTM
PGA-21216: last stored log name x' INVOICE_LINES_IDX '
Archived Log entry 304 added for thread 1 sequence 5957
ARC0: Archival started
OCI-21523: functionality not supported by the server (object mode only)
Completed checkpoint up to RBA
ARC0: Archival started
Undo initialization finished
Starting background process VKTM
PGA-21400: ORACLE_HOME environment variable not set
Current log# 665 seq# 8642 mem# 0
Beginning log switch checkpoint up to RBA
ORA-14280: all rows in table do not qualify for specified subpartition
Beginning log switch checkpoint up to RBA
Thread 1 advanced to log sequence 910
Starting background process VKTM
Beginning log switch checkpoint up to RBA
Archived Log entry 609 added for thread 1 sequence 1398
DIA-48340: operation not supported on view [ DATA_TS01 ]
Current log# 639 seq# 4995 mem# 0
NNO-00064: loading domain data from checkpoint file " fk_order_customer "
Undo initialization finished
Starting background process VKTM
OCI-31191: Resource shared pool is already checked out
Beginning log switch checkpoint up to RBA
Thread 1 advanced to log sequence 827
Starting background process VKTM
Archived Log entry 391 added for thread 1 sequence 2143
Archived Log entry 975 added for thread 1 sequence 3853
DIA-48503: Invalid Parameter Specified
ARC0: Archival started
Undo initialization finished
Archived Log entry 353 added for thread 1 sequence 5045
ORA-09960: Unable to establish signal handler for termination signal
Current log# 968 seq# 8512 mem# 0
Undo initialization finished
Starting background process VKTM
Starting background process VKTM
Thread 1 advanced to log sequence 571
RMAN-06448: uncataloged proxy copy
ARC0: Archival started
ARC0: Archival started
PLS-00993: Cursor variables cannot be passed as forwarded RPC arguments or results
ARC0: Archival started
Current log# 979 seq# 5342 mem# 0
Archived Log entry 962 added for thread 1 sequence 9870
ORA-36167: (XSAGGRFORM) workspace object is an illegal AGGMAP for aggregating a FORMULA.
Archived Log entry 381 added for thread 1 sequence 2581
Current log# 473 seq# 1370 mem# 0
Current log# 115 seq# 9555 mem# 0
Thread 1 advanced to log sequence 749
Thread 1 advanced to log sequence 452
PLS-00422: no PL/SQL translation for the bindtype given for this bind variable
Archived Log entry 971 added for thread 1 sequence 7221
Thread 1 advanced to log sequence 734
Beginning log switch checkpoint up to RBA
Completed checkpoint up to RBA
ORA-27167: Attempt to determine if Oracle binary image is stored on remote server failed
Thread 1 advanced to log sequence 690
Starting background process VKTM
Starting background process VKTM
RMAN-03028: fatal error code for command TNS_ADMIN : number
Errors in file /u01/app/oracle/diag/rdbms/ttprod/ttprod1/trace/ttprod1_ora_11391.trc
Current log# 209 seq# 5731 mem# 0
Current log# 26 seq# 1502 mem# 0
Undo initialization finished
Beginning log switch checkpoint up to RBA
ORA-28073: The column " ttstandby01 " has an unsupported data type.
Archived Log entry 713 added for thread 1 sequence 1053
ARC0: Archival started
ORA-06529: Version mismatch - PL/SQL profiler
Current log# 808 seq# 2862 mem# 0
Undo initialization finished
ORA-13335: LRS measure information not defined
Archived Log entry 706 added for thread 1 sequence 4539
Completed checkpoint up to RBA
Starting background process VKTM
Current log# 182 seq# 3238 mem# 0
Undo initialization finished
ORA-40392: PMML regression equation references an undefined field: large pool
Thread 1 advanced to log sequence 236
Completed checkpoint up to RBA
INS-35210: Installing a database with storage on Oracle Automatic Storage Management (Oracle ASM) is not supported on this system.
Starting background process VKTM
Current log# 13 seq# 6182 mem# 0
Completed checkpoint up to RBA
PLW-05014: Pragma SP2-0552 cannot be specified here
Errors in file /u01/app/oracle/diag/rdbms/ttprod/ttprod1/trace/ttprod1_ora_75183.trc
Undo initialization finished
Beginning log switch checkpoint up to RBA
ORA-29956: warning in the execution of ODCIINDEXEXCHANGEPARTITION routine
Errors in file /u01/app/oracle/diag/rdbms/ttprod/ttprod1/trace/ttprod1_ora_76699.trc
Current log# 141 seq# 4840 mem# 0
Current log# 421 seq# 8380 mem# 0
Archived Log entry 256 added for thread 1 sequence 1445
Undo initialization finished
Archived Log entry 703 added for thread 1 sequence 1200
RMAN-08042: channel APP_USER42 : copied standby control file
Beginning log switch checkpoint up to RBA
Starting background process VKTM
ORA-41619: rule manager feature currently not supported
Archived Log entry 617 added for thread 1 sequence 6294
Starting background process VKTM
Beginning log switch checkpoint up to RBA
ARC0: Archival started
Beginning log switch checkpoint up to RBA
DRG-10706: length of DATA_TS01 exceeds maximum size of _SYSSMU12$
Current log# 740 seq# 3017 mem# 0
Beginning log switch checkpoint up to RBA
Beginning log switch checkpoint up to RBA
ORA-38720: Missing log file name or number.
Beginning log switch checkpoint up to RBA
Beginning log switch checkpoint up to RBA
Current log# 342 seq# 2305 mem# 0
Archived Log entry 76 added for thread 1 sequence 1394
ORA-36951: (XSFCAST28) The ALLOCLAST parameter cannot be set to YES unless PERIODICITY specifies more than one cycle.
Errors in file /u01/app/oracle/diag/rdbms/ttprod/ttprod1/trace/ttprod1_ora_91997.trc
Starting background process VKTM
Starting background process VKTM
TNS-01304: ns secondary err code: number
Errors in file /u01/app/oracle/diag/rdbms/ttprod/ttprod1/trace/ttprod1_ora_29179.trc
Current log# 911 seq# 8558 mem# 0
Beginning log switch checkpoint up to RBA
Beginning log switch checkpoint up to RBA
Beginning log switch checkpoint up to RBA
Undo initialization finished
ORA-24092: invalid value USERS specified
Completed checkpoint up to RBA
Beginning log switch checkpoint up to RBA
RMAN-08060: unable to find archived log
Errors in file /u01/app/oracle/diag/rdbms/ttprod/ttprod1/trace/ttprod1_ora_50303.trc
Beginning log switch checkpoint up to RBA
Starting background process VKTM
Archived Log entry 403 added for thread 1 sequence 1142
Current log# 615 seq# 3246 mem# 0
ORA-25005: cannot CREATE INSTEAD OF trigger on a read-only view
Archived Log entry 97 added for thread 1 sequence 6839
PRCD-01082: Failed to modify service {0}: Unsupported attribute {1}
Archived Log entry 412 added for thread 1 sequence 7336
Thread 1 advanced to log sequence 791
Undo initialization finished
Starting background process VKTM
ORA-00303: cannot process Parallel Redo
Errors in file /u01/app/oracle/diag/rdbms/ttprod/ttprod1/trace/ttprod1_ora_95166.trc
Beginning log switch checkpoint up to RBA
Starting background process VKTM
Undo initialization finished
Beginning log switch checkpoint up to RBA
ORA-22311: type for attribute " fk_order_customer " does not exist
Undo initialization finished
Beginning log switch checkpoint up to RBA
ARC0: Archival started
Completed checkpoint up to RBA
QSM-03117: Cannot tune the materialized view to be fast refreshable
Errors in file /u01/app/oracle/diag/rdbms/ttprod/ttprod1/trace/ttprod1_ora_23469.trc
Thread 1 advanced to log sequence 891
Thread 1 advanced to log sequence 980
Undo initialization finished
ORA-16782: instance not open for read and write access
ARC0: Archival started
Starting background process VKTM
Completed checkpoint up to RBA
Current log# 202 seq# 1601 mem# 0
ORA-39278: Cannot alter table with segments to segment creation deferred.
Undo initialization finished
Completed checkpoint up to RBA
Completed checkpoint up to RBA
Undo initialization finished
ORA-12485: new effective label not within effective clearance
ARC0: Archival started
Completed checkpoint up to RBA
ARC0: Archival started
Thread 1 advanced to log sequence 863
KUP-03002: end position ( number ) <= start position ( number ) for field: ttstandby01
Errors in file /u01/app/oracle/diag/rdbms/ttprod/ttprod1/trace/ttprod1_ora_33566.trc
Completed checkpoint up to RBA
ORA-12202: TNS:internal navigation error
ARC0: Archival started
Current log# 127 seq# 5091 mem# 0
Thread 1 advanced to log sequence 821
Completed checkpoint up to RBA
Thread 1 advanced to log sequence 653
ORA-47222: error creating Label _SYSSMU7$ for Identity DATA_TS01 . ttstandby01 under OLS Policy shared pool , _SYSSMU12$
Thread 1 advanced to log sequence 878
Undo initialization finished
Archived Log entry 139 added for thread 1 sequence 8722
Undo initialization finished
IMG-00505: missing value in CUT rectangle
Starting background process VKTM
Starting background process VKTM
Starting background process VKTM
ARC0: Archival started
PCC-00103: AT clause is an Oracle extension
Errors in file /u01/app/oracle/diag/rdbms/ttprod/ttprod1/trace/ttprod1_ora_84398.trc
Archived Log entry 652 added for thread 1 sequence 7945
Starting background process VKTM
ARC0: Archival started
Beginning log switch checkpoint up to RBA
Beginning log switch checkpoint up to RBA
ORA-36290: (EIFMAKEF14) You cannot export object workspace object , because EIFVERSION is set to number . That version does not support SYSAUX 42 s.
Archived Log entry 383 added for thread 1 sequence 3457
Undo initialization finished
Completed checkpoint up to RBA
Beginning log switch checkpoint up to RBA
PRCI-01001: Failed to retrieve install information on remote node {0} using OUI location {1}
ARC0: Archival started
ORA-23609: unable to find directory object for directory PK_CUSTOMER_ACCOUNTS
Errors in file /u01/app/oracle/diag/rdbms/ttprod/ttprod1/trace/ttprod1_ora_16796.trc
Completed checkpoint up to RBA
Completed checkpoint up to RBA
Starting background process VKTM
LSX-00161: disallowed type substitution between "~S" and "~S"
ARC0: Archival started
Thread 1 advanced to log sequence 839
Beginning log switch checkpoint up to RBA
Starting background process VKTM
ORA-24049: invalid agent name shared pool , names with AQ$_ prefix are not valid
Archived Log entry 951 added for thread 1 sequence 8836
Thread 1 advanced to log sequence 629
Undo initialization finished
Beginning log switch checkpoint up to RBA
NID-00372: Change database ID and database name CRM.CALL_DETAIL_RECORDS to 5000 ? (Y/[N]) =>
ARC0: Archival started
Beginning log switch checkpoint up to RBA
Archived Log entry 952 added for thread 1 sequence 7312
RMAN-06040: control file is already restored to file fk_order_customer
Starting background process VKTM
Current log# 163 seq# 7260 mem# 0
ARC0: Archival started
CRS-04684: Successful set of parameter TNS_ADMIN to number for Cluster Synchronization Services.
Starting background process VKTM
NZE-29007: Bad Clear Key Length when using SSL 2.0
Undo initialization finished
Thread 1 advanced to log sequence 899
ORA-39928: _SYSSMU12$ app_db . shared pool in tablespace DATA_TS01 contains evolved type data that have not been upgraded.
Undo initialization finished
Thread 1 advanced to log sequence 332
DIA-49453: Invalid command invoking archiving utility [ TNS_ADMIN ] [ large pool ]
Errors in file /u01/app/oracle/diag/rdbms/ttprod/ttprod1/trace/ttprod1_ora_16573.trc
Starting background process VKTM
Archived Log entry 107 added for thread 1 sequence 6438
Thread 1 advanced to log sequence 920
Archived Log entry 871 added for thread 1 sequence 2061
Starting background process VKTM
ORA-12032: cannot use rowid column from materialized view log on " 1024 "." fk_order_customer "
Errors in file /u01/app/oracle/diag/rdbms/ttprod/ttprod1/trace/ttprod1_ora_76835.trc
Starting background process VKTM
Beginning log switch checkpoint up to RBA
Undo initialization finished
Beginning log switch checkpoint up to RBA
Completed checkpoint up to RBA
LPX-00604: Invalid attribute value '~1S', for attribute '~2s'.
Archived Log entry 835 added for thread 1 sequence 4485
Completed checkpoint up to RBA
Starting background process VKTM
ORA-26709: Streams RFS restart
Archived Log entry 460 added for thread 1 sequence 6752
RMAN-00211: Error occurred getting response - assuming NO response
Archived Log entry 258 added for thread 1 sequence 4577
Undo initialization finished
Current log# 551 seq# 5050 mem# 0
ARC0: Archival started
ORA-01030: SELECT ... INTO variable does not exist
Errors in file /u01/app/oracle/diag/rdbms/ttprod/ttprod1/trace/ttprod1_ora_36819.trc
Thread 1 advanced to log sequence 890
Archived Log entry 993 added for thread 1 sequence 2587
Starting background process VKTM
ORA-29807: specified operator does not exist
Thread 1 advanced to log sequence 537
Undo initialization finished
ORA-25429: Break request cannot be propagated over shared database link.
Thread 1 advanced to log sequence 135
Current log# 969 seq# 8726 mem# 0
Current log# 730 seq# 9072 mem# 0
Current log# 872 seq# 7109 mem# 0
ARC0: Archival started
NID-00431: DBNEWID - Reversion completed.
Errors in file /u01/app/oracle/diag/rdbms/ttprod/ttprod1/trace/ttprod1_ora_13093.trc
Thread 1 advanced to log sequence 126
ORA-15286: could not set disk group attribute user_sessions due to offline disks
Errors in file /u01/app/oracle/diag/rdbms/ttprod/ttprod1/trace/ttprod1_ora_26165.trc
Beginning log switch checkpoint up to RBA
Current log# 714 seq# 6130 mem# 0
Undo initialization finished
ARC0: Archival started
Starting background process VKTM
ORA-00094: pk_orders requires an integer value
Errors in file /u01/app/oracle/diag/rdbms/ttprod/ttprod1/trace/ttprod1_ora_38975.trc
Beginning log switch checkpoint up to RBA
Completed checkpoint up to RBA
Current log# 373 seq# 8078 mem# 0
Beginning log switch checkpoint up to RBA
NNO-00067: server reload check countdown aborted
Undo initialization finished
Thread 1 advanced to log sequence 466
Undo initialization finished
Archived Log entry 337 added for thread 1 sequence 5162
PCC-02443: This usage is only valid when DYNAMIC=ANSI is specified
Beginning log switch checkpoint up to RBA
Completed checkpoint up to RBA
Undo initialization finished
Starting background process VKTM
NCR-02007: NCRF: Invalid format descriptor received
Completed checkpoint up to RBA
ARC0: Archival started
Archived Log entry 768 added for thread 1 sequence 7280
ORA-48505: File Parameter Must be Specified
Archived Log entry 449 added for thread 1 sequence 5983
Thread 1 advanced to log sequence 391
Archived Log entry 573 added for thread 1 sequence 6897
ORA-15054: disk " TNS_ADMIN " does not exist in diskgroup " 42 "
Starting background process VKTM
RDE-00024: address invalid
ARC0: Archival started
Beginning log switch checkpoint up to RBA
Beginning log switch checkpoint up to RBA
ORA-33269: while operating on ' CRM.CALL_DETAIL_RECORDS '
Undo initialization finished
Archived Log entry 969 added for thread 1 sequence 5131
Starting background process VKTM
ORA-09988: error while detaching SGA
Completed checkpoint up to RBA
ARC0: Archival started
Completed checkpoint up to RBA
RMAN-08139: WARNING: archived redo log not deleted, needed for guaranteed restore point
ARC0: Archival started
Undo initialization finished
ORA-32151: Environment not specified
Completed checkpoint up to RBA
ARC0: Archival started
Archived Log entry 367 added for thread 1 sequence 9744
ORA-29871: invalid alter option for a domain index
Current log# 410 seq# 8566 mem# 0
ARC0: Archival started
Undo initialization finished
TNS-12675: External user name not available yet
Completed checkpoint up to RBA
Beginning log switch checkpoint up to RBA
RMAN-02004: quoted USERS too big
Errors in file /u01/app/oracle/diag/rdbms/ttprod/ttprod1/trace/ttprod1_ora_49545.trc
Starting background process VKTM
Current log# 824 seq# 5391 mem# 0
Undo initialization finished
ORA-29306: datafile large pool is not online
Current log# 960 seq# 2083 mem# 0
Thread 1 advanced to log sequence 651
Thread 1 advanced to log sequence 403
PRVF-04125: Failed to retrieve storage type for "{0}"
Starting background process VKTM
Completed checkpoint up to RBA
Undo initialization finished
LSX-00111: type "~S" contains invalid facets
Starting background process VKTM
Undo initialization finished
ORA-30752: column or table reporting_schema is not substitutable
Archived Log entry 515 added for thread 1 sequence 3008
ORA-19650: Offline-range record RECID ttprod1 STAMP SP2-0552 in file PK_CUSTOMER_ACCOUNTS has SCN 42
Undo initialization finished
ARC0: Archival started
ORA-36634: (XSDUNION02) INTEGER dimension workspace object cannot be used as a concat dimension base.
Starting background process VKTM
Undo initialization finished
Current log# 637 seq# 1492 mem# 0
Thread 1 advanced to log sequence 811
RMAN-08029: snapshot control file name set to default value: TNS_ADMIN
Errors in file /u01/app/oracle/diag/rdbms/ttprod/ttprod1/trace/ttprod1_ora_21369.trc
Thread 1 advanced to log sequence 40
Beginning log switch checkpoint up to RBA
ORA-12055: materialized view definition contains cyclic dependencies with existing materialized views
Errors in file /u01/app/oracle/diag/rdbms/ttprod/ttprod1/trace/ttprod1_ora_24932.trc
Completed checkpoint up to RBA
Current log# 499 seq# 4889 mem# 0
ARC0: Archival started
ORA-03216: Tablespace/Segment Verification cannot proceed
Beginning log switch checkpoint up to RBA
Thread 1 advanced to log sequence 956
Starting background process VKTM
NNO-00308: server will restart in number seconds
Errors in file /u01/app/oracle/diag/rdbms/ttprod/ttprod1/trace/ttprod1_ora_19010.trc
Thread 1 advanced to log sequence 223
Thread 1 advanced to log sequence 513
Current log# 464 seq# 6257 mem# 0
NNO-00153: warning: hint domain number has invalid name " app_db ", hint domain ignored
Beginning log switch checkpoint up to RBA
PGU-41019: COMPOPTS parameter was previously specified
ARC0: Archival started
Archived Log entry 533 added for thread 1 sequence 9539
ARC0: Archival started
ORA-23393: the user is already the propagator
Current log# 956 seq# 8797 mem# 0
Thread 1 advanced to log sequence 534
Thread 1 advanced to log sequence 885
RMAN-08612: channel session_1123 : failover to duplicate backup on device pg_toast_12345
Starting background process VKTM
Starting background process VKTM
ORA-15324: requested operation is not allowed on the password file SYSAUX
Completed checkpoint up to RBA
Current log# 812 seq# 8794 mem# 0
Thread 1 advanced to log sequence 348
RMAN-06446: changed proxy copy unavailable
Undo initialization finished
Thread 1 advanced to log sequence 189
Thread 1 advanced to log sequence 732
Completed checkpoint up to RBA
ORA-16241: Waiting for gap log file (thread# CRM.CALL_DETAIL_RECORDS , sequence# 42 )
ARC0: Archival started
Archived Log entry 567 added for thread 1 sequence 9964
Beginning log switch checkpoint up to RBA
Beginning log switch checkpoint up to RBA
ARC0: Archival started
RDE-00057: unregistration of service instance " CDR_STAGING " failed.
Starting background process VKTM
Archived Log entry 670 added for thread 1 sequence 9234
ORA-30690: timeout occurred while registering a TCP/IP connection for data traffic detection
Undo initialization finished
ORA-32113: Null object passed
Current log# 713 seq# 2835 mem# 0
Starting background process VKTM
ARC0: Archival started
ORA-25444: invalid ROWID: 1024 for table alias: _SYSSMU7$
Archived Log entry 227 added for thread 1 sequence 6489
Thread 1 advanced to log sequence 871
Beginning log switch checkpoint up to RBA
Thread 1 advanced to log sequence 742
PCC-02209: Macro invocation has incorrect number of arguments
Starting background process VKTM
Archived Log entry 833 added for thread 1 sequence 9083
Archived Log entry 903 added for thread 1 sequence 1768
Current log# 506 seq# 4221 mem# 0
Beginning log switch checkpoint up to RBA
ORA-33048: (XSAGDNGL23) In AGGMAP workspace object , the relation workspace object and the relation workspace object are both over the same base dimension.
ARC0: Archival started
Beginning log switch checkpoint up to RBA
Thread 1 advanced to log sequence 631
Archived Log entry 608 added for thread 1 sequence 4959
ARC0: Archival started
RMAN-06949: finished flashback log search, restored INVOICE_LINES_IDX blocks
Errors in file /u01/app/oracle/diag/rdbms/ttprod/ttprod1/trace/ttprod1_ora_98122.trc
Undo initialization finished
Undo initialization finished
Starting background process VKTM
Archived Log entry 863 added for thread 1 sequence 5792
ORA-19160: XPST0003 - syntax error: invalid variable name _SYSSMU7$
Errors in file /u01/app/oracle/diag/rdbms/ttprod/ttprod1/trace/ttprod1_ora_70636.trc
Undo initialization finished
Starting background process VKTM
Archived Log entry 208 added for thread 1 sequence 2899
Beginning log switch checkpoint up to RBA
PGA-21106: warm start complete for local LU _SYSSMU12$
Current log# 530 seq# 1966 mem# 0
Undo initialization finished
Thread 1 advanced to log sequence 504
RMAN-08555: channel ttprod2 : restoring section reporting_schema of idx_users_email
Thread 1 advanced to log sequence 434
CRS-00709: Oracle High Availability Service aborted due to failure to initialize ORA_CRS_HOME path. Details at SP2-0552 in fk_order_customer .
Completed checkpoint up to RBA
ORA-23625: Table shapes of 1024 . _SYSSMU12$ and 5000 . ttstandby01 @ DATA_TS01 did not match.
Current log# 772 seq# 3434 mem# 0
Completed checkpoint up to RBA
Current log# 3 seq# 6672 mem# 0
Completed checkpoint up to RBA
ARC0: Archival started
ORA-03205: partition name is required when partitioned type is specified
Completed checkpoint up to RBA
Starting background process VKTM
ARC0: Archival started
Beginning log switch checkpoint up to RBA
ORA-25952: join index must only contain inner equi-joins
Errors in file /u01/app/oracle/diag/rdbms/ttprod/ttprod1/trace/ttprod1_ora_11724.trc
Undo initialization finished
Thread 1 advanced to log sequence 941
Archived Log entry 494 added for thread 1 sequence 3977
ARC0: Archival started
Undo initialization finished
ORA-16138: end of log stream not received from primary
Undo initialization finished
Starting background process VKTM
Beginning log switch checkpoint up to RBA
Undo initialization finished
NNO-00708: cache flush countdown aborted
Archived Log entry 110 added for thread 1 sequence 4534
NID-00431: DBNEWID - Reversion completed.
Current log# 224 seq# 8534 mem# 0
Current log# 550 seq# 4202 mem# 0
Current log# 15 seq# 5906 mem# 0
Thread 1 advanced to log sequence 641
PCC-02346: PL/SQL found semantic errors
Errors in file /u01/app/oracle/diag/rdbms/ttprod/ttprod1/trace/ttprod1_ora_38592.trc
Completed checkpoint up to RBA
ARC0: Archival started
Archived Log entry 902 added for thread 1 sequence 4331
Beginning log switch checkpoint up to RBA
Undo initialization finished
ORA-31505: cannot alter or drop predefined change set
Archived Log entry 85 added for thread 1 sequence 7936
Beginning log switch checkpoint up to RBA
ARC0: Archival started
Archived Log entry 71 added for thread 1 sequence 6697
Archived Log entry 596 added for thread 1 sequence 5364
ORA-04050: invalid or missing procedure, function, or package name
Errors in file /u01/app/oracle/diag/rdbms/ttprod/ttprod1/trace/ttprod1_ora_65991.trc
Undo initialization finished
Beginning log switch checkpoint up to RBA
Thread 1 advanced to log sequence 782
RMAN-08109: channel 3 : restored block(s) from backup piece ttprod2
Archived Log entry 451 added for thread 1 sequence 6914
DGM-16909: Fatal error - quitting...
Completed checkpoint up to RBA
Starting background process VKTM
EXP-00071: QUERY parameter not compatible with Direct Path export
Beginning log switch checkpoint up to RBA
Current log# 240 seq# 2466 mem# 0
Archived Log entry 609 added for thread 1 sequence 8168
Starting background process VKTM
KUP-04047: error parsing record from external data source
Starting background process VKTM
ORA-28379: a different integrity algorithm has been chosen for the table
Errors in file /u01/app/oracle/diag/rdbms/ttprod/ttprod1/trace/ttprod1_ora_80882.trc
ARC0: Archival started
Undo initialization finished
Starting background process VKTM
Current log# 642 seq# 3839 mem# 0
RMAN-08096: channel user_sessions : starting validation of datafile backup set
Errors in file /u01/app/oracle/diag/rdbms/ttprod/ttprod1/trace/ttprod1_ora_48577.trc
Current log# 7 seq# 3962 mem# 0
Archived Log entry 837 added for thread 1 sequence 7288
Thread 1 advanced to log sequence 442
CLSS-02001: local node number shared pool , master node number 42
Beginning log switch checkpoint up to RBA
Current log# 572 seq# 1390 mem# 0
CRS-00230: Member ' 42 ' is not in the cluster.
Completed checkpoint up to RBA
Thread 1 advanced to log sequence 614
Archived Log entry 339 added for thread 1 sequence 3393
DRG-11508: bad or missing NETWORK_OPS.SIM_INVENTORY token on line app_db
Errors in file /u01/app/oracle/diag/rdbms/ttprod/ttprod1/trace/ttprod1_ora_28928.trc
Undo initialization finished
Thread 1 advanced to log sequence 814
Starting background process VKTM
Undo initialization finished
Starting background process VKTM
ORA-41103: Only the designated Cluster Director: BILLING.CUST_ORDERS can undesignate itself.
Current log# 907 seq# 4805 mem# 0
Starting background process VKTM
Beginning log switch checkpoint up to RBA
ARC0: Archival started
Thread 1 advanced to log sequence 344
CRS-04217: Unexpected error saving IPMI credentials wallet: BILLING.CUST_ORDERS
Current log# 547 seq# 5357 mem# 0
Undo initialization finished
RMAN-05561: CATALOG did not return information about tablespaces with undo segments
Undo initialization finished
Completed checkpoint up to RBA
Completed checkpoint up to RBA
Current log# 590 seq# 7052 mem# 0
KUP-11023: specified path for directory object " TNS_ADMIN " is invalid
Errors in file /u01/app/oracle/diag/rdbms/ttprod/ttprod1/trace/ttprod1_ora_74573.trc
Archived Log entry 760 added for thread 1 sequence 9075
Current log# 212 seq# 7131 mem# 0
Starting background process VKTM
ORA-30341: dropped level has references
Errors in file /u01/app/oracle/diag/rdbms/ttprod/ttprod1/trace/ttprod1_ora_10277.trc
Thread 1 advanced to log sequence 687
ORA-48503: Invalid Parameter Specified
Completed checkpoint up to RBA
ORA-13841: SQL profile named 3 already exists for a different signature/category pair
Archived Log entry 470 added for thread 1 sequence 2511
Current log# 949 seq# 7487 mem# 0
Undo initialization finished
NNO-00623: setting auto-refresh retry interval to number seconds
Errors in file /u01/app/oracle/diag/rdbms/ttprod/ttprod1/trace/ttprod1_ora_53402.trc
Undo initialization finished
Thread 1 advanced to log sequence 47
Current log# 603 seq# 7956 mem# 0
Current log# 64 seq# 4347 mem# 0
ORA-19905: log_archive_format must contain %s, %t and %r
Errors in file /u01/app/oracle/diag/rdbms/ttprod/ttprod1/trace/ttprod1_ora_93609.trc
Undo initialization finished
Completed checkpoint up to RBA
Thread 1 advanced to log sequence 627
Undo initialization finished
PRVF-05324: Could not find CRS installed on the node "{0}"
ARC0: Archival started
ARC0: Archival started
Thread 1 advanced to log sequence 763
ARC0: Archival started
Thread 1 advanced to log sequence 399
PRCC-01012: {0} was already disabled
Starting background process VKTM
RMAN-08599: channel 5000 : throttle time: large pool
Completed checkpoint up to RBA
ORA-33072: (XSAGDNGL35) In AGGMAP workspace object , the hierarchy dimension QDR over dimension workspace object must be specified for every relation dimensioned by that hierarchy dimension.
Undo initialization finished
Archived Log entry 695 added for thread 1 sequence 1069
ARC0: Archival started
Thread 1 advanced to log sequence 814
Beginning log switch checkpoint up to RBA
RMAN-06765: Tablespace USERS will be encrypted in future backup sets
Archived Log entry 389 added for thread 1 sequence 6564
Current log# 438 seq# 9906 mem# 0
ARC0: Archival started
Beginning log switch checkpoint up to RBA
Archived Log entry 488 added for thread 1 sequence 4798
ORA-22615: attribute is not a collection
Thread 1 advanced to log sequence 661
TNS-12618: TNS:versions are incompatible
Starting background process VKTM
Undo initialization finished
Completed checkpoint up to RBA
ARC0: Archival started
ORA-12403: invalid internal label
Archived Log entry 786 added for thread 1 sequence 3844
Current log# 860 seq# 4089 mem# 0
Starting background process VKTM
Undo initialization finished
Undo initialization finished
ORA-46072: Column width too small
Thread 1 advanced to log sequence 109
Thread 1 advanced to log sequence 620
NZE-28875: SSL: use server-gated cryptographic suites
Thread 1 advanced to log sequence 992
Starting background process VKTM
Thread 1 advanced to log sequence 772
Undo initialization finished
Completed checkpoint up to RBA
ORA-24481: Failed to initialize multithreaded environment
Current log# 311 seq# 5558 mem# 0
ORA-32584: missing LOG keyword
Archived Log entry 271 added for thread 1 sequence 1122
Undo initialization finished
Undo initialization finished
Completed checkpoint up to RBA
ORA-56503: DRCP: Pool is active
ARC0: Archival started
Beginning log switch checkpoint up to RBA
ORA-04070: invalid trigger name
Archived Log entry 61 added for thread 1 sequence 2323
Beginning log switch checkpoint up to RBA
Current log# 988 seq# 7962 mem# 0
Starting background process VKTM
ARC0: Archival started
IMP-00091: Above error occurred on the following function and object: SYSAUX . Remaining PL/SQL blocks for this object will be skipped.
Current log# 51 seq# 1837 mem# 0
Current log# 871 seq# 8257 mem# 0
Archived Log entry 512 added for thread 1 sequence 3936
PLS-00739: FORALL INSERT/UPDATE/DELETE not supported on remote tables
Errors in file /u01/app/oracle/diag/rdbms/ttprod/ttprod1/trace/ttprod1_ora_20111.trc
Starting background process VKTM
ORA-13018: bad distance type
Errors in file /u01/app/oracle/diag/rdbms/ttprod/ttprod1/trace/ttprod1_ora_67597.trc
Starting background process VKTM
XOQ-02118: Two new names for object " APP_USER42 " with type " session_1123 " are in the rename table.
Completed checkpoint up to RBA
Undo initialization finished
Current log# 422 seq# 4062 mem# 0
Starting background process VKTM
Beginning log switch checkpoint up to RBA
TNS-01412: Handler(s):
ARC0: Archival started
Beginning log switch checkpoint up to RBA
ORA-12676: Server received internal error from client
Errors in file /u01/app/oracle/diag/rdbms/ttprod/ttprod1/trace/ttprod1_ora_98800.trc
ARC0: Archival started
Thread 1 advanced to log sequence 18
ARC0: Archival started
ORA-18150: SQL input value cannot be modified in updating expression
ARC0: Archival started
Undo initialization finished
TNS-12628: TNS:no event callbacks
Archived Log entry 608 added for thread 1 sequence 5200
ORA-30750: cannot enable column large pool to store objects of type NETWORK_OPS.SIM_INVENTORY . NETWORK_OPS.SIM_INVENTORY
ARC0: Archival started
Undo initialization finished
Beginning log switch checkpoint up to RBA
Completed checkpoint up to RBA
ORA-15110: no diskgroups mounted
Thread 1 advanced to log sequence 802
RMAN-05555: Not connected to TARGET or TARGET not open, cannot verify that subset of tablespaces is self-contained
Archived Log entry 401 added for thread 1 sequence 6956
Thread 1 advanced to log sequence 230
RMAN-08531: channel _SYSSMU7$ : proxy copy TNS_ADMIN is DATA_TS01 in media management catalog
Thread 1 advanced to log sequence 24
CRS-04017: Failed to get the value for key ' idx_users_email ' from OCR.
Undo initialization finished
ARC0: Archival started
Beginning log switch checkpoint up to RBA
Completed checkpoint up to RBA
Undo initialization finished
ORA-25342: cannot downgrade because there are apply processes for user buffered messages
Archived Log entry 146 added for thread 1 sequence 5835
Thread 1 advanced to log sequence 510
Archived Log entry 735 added for thread 1 sequence 8827
ORA-40232: transactional input - incompatible datatype for column user_sessions
Undo initialization finished
Undo initialization finished
Thread 1 advanced to log sequence 793
Beginning log switch checkpoint up to RBA
Starting background process VKTM
ORA-19906: recovery target incarnation changed during recovery
Undo initialization finished
Undo initialization finished
Completed checkpoint up to RBA
Starting background process VKTM
Archived Log entry 66 added for thread 1 sequence 4482
ORA-15329: cluster identification user_sessions ' fk_order_customer ' exceeds limit of /u01/app/oracle/oradata/ttprod/users01.dbf characters
ARC0: Archival started
ARC0: Archival started
Thread 1 advanced to log sequence 19
Current log# 853 seq# 7328 mem# 0
RMAN-08101: channel 17 : proxy validation complete
Beginning log switch checkpoint up to RBA
Thread 1 advanced to log sequence 256
Archived Log entry 369 added for thread 1 sequence 8994
CLSS-00200: local node INVOICE_LINES_IDX not listed in configuration
Current log# 375 seq# 7389 mem# 0
ARC0: Archival started
PGU-30605: TIP generation: invalid COBOL syntax in unknown field:
Errors in file /u01/app/oracle/diag/rdbms/ttprod/ttprod1/trace/ttprod1_ora_46414.trc
Completed checkpoint up to RBA
Thread 1 advanced to log sequence 297
Current log# 604 seq# 7901 mem# 0
Thread 1 advanced to log sequence 303
Completed checkpoint up to RBA
ORA-19691: ttprod2 is from different database: id= ttprod2 , name= PK_CUSTOMER_ACCOUNTS
Starting background process VKTM
Starting background process VKTM
XOQ-01708: SOLVE command cannot run on a dimension.
Completed checkpoint up to RBA
Thread 1 advanced to log sequence 170
Starting background process VKTM
Starting background process VKTM
ORA-12716: Cannot ALTER DATABASE CHARACTER SET when CLOB data exists
Errors in file /u01/app/oracle/diag/rdbms/ttprod/ttprod1/trace/ttprod1_ora_94601.trc
Undo initialization finished
Beginning log switch checkpoint up to RBA
PRCD-01115: Failed to disable service {0} on one or more instances
Undo initialization finished
Undo initialization finished
ORA-36833: (XSLMGEN03) View token cannot be blank
Archived Log entry 788 added for thread 1 sequence 7277
Thread 1 advanced to log sequence 301
ARC0: Archival started
ORA-29932: the type being dropped is a statistics type
Undo initialization finished
Undo initialization finished
RMAN-05547: Checking that duplicated tablespaces are self-contained
Beginning log switch checkpoint up to RBA
Completed checkpoint up to RBA
Thread 1 advanced to log sequence 651
ORA-25138: reporting_schema initialization parameter has been made obsolete
Undo initialization finished
DRG-11720: too many synonyms per synonym ring
Thread 1 advanced to log sequence 209
Archived Log entry 96 added for thread 1 sequence 3850
QSM-01112: WHERE clause of mv, SP2-0552 , is more restrictive than query
Completed checkpoint up to RBA
Completed checkpoint up to RBA
ARC0: Archival started
Starting background process VKTM
TNS-04212: Trace Assistant Internal ERROR: NACOM Type Error
Errors in file /u01/app/oracle/diag/rdbms/ttprod/ttprod1/trace/ttprod1_ora_47989.trc
Current log# 201 seq# 5664 mem# 0
Archived Log entry 67 added for thread 1 sequence 5120
QSM-01068: no dimensions present
Errors in file /u01/app/oracle/diag/rdbms/ttprod/ttprod1/trace/ttprod1_ora_50736.trc
Current log# 217 seq# 6410 mem# 0
Completed checkpoint up to RBA
Current log# 940 seq# 7576 mem# 0
ORA-14631: the partition bounds do not match the subpartition bounds of the partition
ARC0: Archival started
Completed checkpoint up to RBA
ARC0: Archival started
Current log# 221 seq# 9045 mem# 0
Archived Log entry 695 added for thread 1 sequence 4601
PCB-00636: This attribute is only valid for External LOB types
Undo initialization finished
Current log# 633 seq# 2098 mem# 0
RMAN-06541: Tablespace APP_USER42 will be included in future whole database backups
Thread 1 advanced to log sequence 388
Current log# 472 seq# 2041 mem# 0
Current log# 729 seq# 2441 mem# 0
Starting background process VKTM
RMAN-08582: channel shared pool : starting archived log copy
Completed checkpoint up to RBA
Current log# 515 seq# 4175 mem# 0
Undo initialization finished
ORA-55302: insufficient privileges SP2-0552
Archived Log entry 618 added for thread 1 sequence 5910
Archived Log entry 321 added for thread 1 sequence 1067
Beginning log switch checkpoint up to RBA
Beginning log switch checkpoint up to RBA
Beginning log switch checkpoint up to RBA
ORA-23310: object group " 17 "." APP_USER42 " is not quiesced
Undo initialization finished
ORA-28043: invalid bind credentials for DB-OID connection
Errors in file /u01/app/oracle/diag/rdbms/ttprod/ttprod1/trace/ttprod1_ora_40523.trc
Thread 1 advanced to log sequence 936
Beginning log switch checkpoint up to RBA
Starting background process VKTM
Starting background process VKTM
ORA-19184: FOTY0021: invalid node type
Thread 1 advanced to log sequence 926
CRS-02784: Internal error, invalid server ' _SYSSMU12$ ' in local placement policy. Details at NETWORK_OPS.SIM_INVENTORY in _SYSSMU7$ .
Current log# 148 seq# 7372 mem# 0
Completed checkpoint up to RBA
ORA-24390: Unsupported scrollable cursor operation
Completed checkpoint up to RBA
Starting background process VKTM
Archived Log entry 521 added for thread 1 sequence 8158
ORA-44748: Invalid name for GROUP.
Archived Log entry 329 added for thread 1 sequence 5328
TNS-01046: Saved ttstandby01 configuration parameters.
ARC0: Archival started
ORA-09240: smpalo: error allocating PGA memory
Errors in file /u01/app/oracle/diag/rdbms/ttprod/ttprod1/trace/ttprod1_ora_42392.trc
Archived Log entry 22 added for thread 1 sequence 6152
Undo initialization finished
Thread 1 advanced to log sequence 883
Undo initialization finished
Thread 1 advanced to log sequence 765
ORA-39311: Cannot alter tablespace blocksize.
Archived Log entry 148 added for thread 1 sequence 1397
ORA-64116: XMLIndex Exchange Partition: incompatible XPath subsets
Thread 1 advanced to log sequence 318
ORA-13917: Posting system alert with reason_id INVOICE_LINES_IDX failed with code [ BILLING.CUST_ORDERS ] [ pg_toast_12345 ]
Beginning log switch checkpoint up to RBA
ORA-00851: SGA_MAX_SIZE ttprod1 cannot be set to more than MEMORY_TARGET pk_orders .
Current log# 737 seq# 9851 mem# 0
ORA-30033: Undo tablespace cannot be specified as default user tablespace
Beginning log switch checkpoint up to RBA
ORA-02194: event specification syntax error DATA_TS01 (minor error pk_orders ) near ' 1024 '
Errors in file /u01/app/oracle/diag/rdbms/ttprod/ttprod1/trace/ttprod1_ora_96918.trc
Current log# 833 seq# 3709 mem# 0
Beginning log switch checkpoint up to RBA
Current log# 984 seq# 1151 mem# 0
Undo initialization finished
PCB-00638: This attribute is only valid for internal or external LOB types
Completed checkpoint up to RBA
ORA-16426: Recovery requested an incorrect log from which to apply redo data.
Thread 1 advanced to log sequence 168
ORA-19583: conversation terminated due to error
Thread 1 advanced to log sequence 732
CRS-08006: an error occurred opening reboot advisory log file: pg_toast_12345
Undo initialization finished
Completed checkpoint up to RBA
Completed checkpoint up to RBA
Archived Log entry 935 added for thread 1 sequence 1229
RMAN-08621: deleted foreign archived log
Undo initialization finished
Archived Log entry 613 added for thread 1 sequence 2185
Beginning log switch checkpoint up to RBA
Starting background process VKTM
ORA-15293: operation disallowed by ASM_POWER_LIMIT
Current log# 596 seq# 6279 mem# 0
Undo initialization finished
Archived Log entry 468 added for thread 1 sequence 9149
ARC0: Archival started
ORA-02372: data for row: idx_users_email
Beginning log switch checkpoint up to RBA
ORA-01156: recovery or flashback in progress may need access to files
Errors in file /u01/app/oracle/diag/rdbms/ttprod/ttprod1/trace/ttprod1_ora_74160.trc
Undo initialization finished
Undo initialization finished
Completed checkpoint up to RBA
ARC0: Archival started
PRKO-02079: OC4J could not be started
ARC0: Archival started
Starting background process VKTM
ORA-13910: Parameter BILLING.CUST_ORDERS cannot be NULL.
Thread 1 advanced to log sequence 84
Current log# 346 seq# 9666 mem# 0
Completed checkpoint up to RBA
ARC0: Archival started
NCR-01012: NCRS: Receive message failure.
Thread 1 advanced to log sequence 234
Thread 1 advanced to log sequence 88
ORA-22977: missing or invalid attribute
Starting background process VKTM
Undo initialization finished
Undo initialization finished
Starting background process VKTM
Archived Log entry 700 added for thread 1 sequence 9123
NNL-00045: No host given for LDAP server
Starting background process VKTM
ARC0: Archival started
Current log# 371 seq# 5755 mem# 0
Archived Log entry 457 added for thread 1 sequence 9502
ORA-19552: device type idx_users_email is invalid
ARC0: Archival started
Starting background process VKTM
ORA-24433: This statement has already been prepared using OCIStmtPrepare2.
Completed checkpoint up to RBA
Archived Log entry 804 added for thread 1 sequence 7696
PLS-00542: CLOB and NCLOB cannot use varying-width character sets in the server
Errors in file /u01/app/oracle/diag/rdbms/ttprod/ttprod1/trace/ttprod1_ora_70838.trc
ARC0: Archival started
DRG-13306: 'len' attribute value must be in the range pg_toast_12345 .. BILLING.CUST_ORDERS , at line ttstandby01
Thread 1 advanced to log sequence 478
ARC0: Archival started
CRS-00255: CRSD is not running in privileged mode. Insufficient permissions to run this command.
Starting background process VKTM
ARC0: Archival started
Beginning log switch checkpoint up to RBA
RMAN-05071: TRANSPORT_SET_CHECK completed successfully
Current log# 246 seq# 1397 mem# 0
Thread 1 advanced to log sequence 515
Thread 1 advanced to log sequence 890
Beginning log switch checkpoint up to RBA
NNL-00047: LDAP modify returned error: 0x number , INVOICE_LINES_IDX
Completed checkpoint up to RBA
Completed checkpoint up to RBA
Thread 1 advanced to log sequence 743
Starting background process VKTM
Beginning log switch checkpoint up to RBA
ORA-28110: policy function or package USERS . NETWORK_OPS.SIM_INVENTORY has error
Thread 1 advanced to log sequence 977
Undo initialization finished
ARC0: Archival started
NID-00421: Change of database name failed during validation - database is intact.
Completed checkpoint up to RBA
Starting background process VKTM
Undo initialization finished
Archived Log entry 462 added for thread 1 sequence 3669
RMAN-08054: starting media recovery
Starting background process VKTM
Starting background process VKTM
ARC0: Archival started
Thread 1 advanced to log sequence 127
PRCH-01051: Failed while checking status of GNS "{0}"
Current log# 922 seq# 5591 mem# 0
Thread 1 advanced to log sequence 121
Thread 1 advanced to log sequence 936
ARC0: Archival started
ORA-16128: User initiated stop apply successfully completed
Errors in file /u01/app/oracle/diag/rdbms/ttprod/ttprod1/trace/ttprod1_ora_35088.trc
Current log# 403 seq# 8768 mem# 0
Undo initialization finished
Thread 1 advanced to log sequence 84
ARC0: Archival started
Beginning log switch checkpoint up to RBA
QSM-02019: mv references another mv in FROM clause
Completed checkpoint up to RBA
Current log# 847 seq# 8415 mem# 0
Beginning log switch checkpoint up to RBA
Undo initialization finished
Undo initialization finished
ORA-24420: OCISessionRelease must be used to release this session.
Current log# 937 seq# 3709 mem# 0
Starting background process VKTM
RMAN-00211: Error occurred getting response - assuming NO response
ARC0: Archival started
Beginning log switch checkpoint up to RBA
Current log# 739 seq# 6202 mem# 0
Current log# 865 seq# 6237 mem# 0
Thread 1 advanced to log sequence 284
ORA-30071: conversion between datetime/interval and BILLING.CUST_ORDERS fail
Errors in file /u01/app/oracle/diag/rdbms/ttprod/ttprod1/trace/ttprod1_ora_47899.trc
Beginning log switch checkpoint up to RBA
Beginning log switch checkpoint up to RBA
ORA-13602: The specified parameter SP2-0552 is not valid for task or object app_db .
ARC0: Archival started
Thread 1 advanced to log sequence 678
DRG-11852: Can't Locate Remote Host
Undo initialization finished
ARC0: Archival started
PLS-01472: In a set_function_specification, if DISTINCT is present, the expression must be a column_specification
Completed checkpoint up to RBA
Archived Log entry 890 added for thread 1 sequence 2172
Undo initialization finished
ARC0: Archival started
Starting background process VKTM
RMAN-08306: channel NETWORK_OPS.SIM_INVENTORY : datafile checking complete, elapsed time: large pool
Starting background process VKTM
Beginning log switch checkpoint up to RBA
Starting background process VKTM
Current log# 162 seq# 3538 mem# 0
PCC-00126: Could not find or open system configuration file
Starting background process VKTM
Undo initialization finished
Archived Log entry 312 added for thread 1 sequence 9282
Starting background process VKTM
ARC0: Archival started
ORA-16816: incorrect database role
Current log# 896 seq# 4880 mem# 0
Completed checkpoint up to RBA
Completed checkpoint up to RBA
Thread 1 advanced to log sequence 411
Starting background process VKTM
NNO-00617: enabling AUTHORITY-REQUIRED on system queries
Starting background process VKTM
INS-08110: Invalid checkpoint file ' NETWORK_OPS.SIM_INVENTORY '.
Errors in file /u01/app/oracle/diag/rdbms/ttprod/ttprod1/trace/ttprod1_ora_51255.trc
Current log# 485 seq# 1265 mem# 0
Archived Log entry 674 added for thread 1 sequence 8973
Archived Log entry 377 added for thread 1 sequence 5536
Beginning log switch checkpoint up to RBA
PGU-41016: LANGUAGE parameter was previously specified
Starting background process VKTM
Archived Log entry 370 added for thread 1 sequence 4690
Beginning log switch checkpoint up to RBA
Starting background process VKTM
QSM-00502: OCI error
Undo initialization finished
Undo initialization finished
Archived Log entry 447 added for thread 1 sequence 8665
Thread 1 advanced to log sequence 928
ORA-42032: cannot online redefine table " 17 "." _SYSSMU7$ " with Flashback Data Archive enabled
Completed checkpoint up to RBA
Undo initialization finished
Beginning log switch checkpoint up to RBA
Archived Log entry 149 added for thread 1 sequence 7861
Archived Log entry 825 added for thread 1 sequence 6330
TNS-00002: INTCTL: error while starting the Interchange
Archived Log entry 40 added for thread 1 sequence 1145
Thread 1 advanced to log sequence 435
Current log# 860 seq# 5415 mem# 0
Beginning log switch checkpoint up to RBA
ORA-32733: Error occurred when executing Parallel Oradebug
Errors in file /u01/app/oracle/diag/rdbms/ttprod/ttprod1/trace/ttprod1_ora_37028.trc
Completed checkpoint up to RBA
Starting background process VKTM
Completed checkpoint up to RBA
OCI-01882: time zone region not found
Beginning log switch checkpoint up to RBA
Current log# 467 seq# 8693 mem# 0
Completed checkpoint up to RBA
ORA-46071: Error occurred while executing the event handler
Beginning log switch checkpoint up to RBA
Current log# 717 seq# 5347 mem# 0
Starting background process VKTM
ORA-17517: Database cloning using storage snapshot failed on file SYSAUX : large pool
Undo initialization finished
Current log# 525 seq# 5125 mem# 0
Starting background process VKTM
Starting background process VKTM
Undo initialization finished
SQL-02147: ANSI Dynamic occurrence value out of range
Beginning log switch checkpoint up to RBA
Archived Log entry 803 added for thread 1 sequence 7044
Starting background process VKTM
ARC0: Archival started
Undo initialization finished
TNS-12654: Authentication conversion failed
Completed checkpoint up to RBA
ARC0: Archival started
ARC0: Archival started
Current log# 155 seq# 1505 mem# 0
Undo initialization finished
DRG-11605: URL store: document specified by CRM.CALL_DETAIL_RECORDS not found
Thread 1 advanced to log sequence 493
Starting background process VKTM
Archived Log entry 198 added for thread 1 sequence 2368
Archived Log entry 917 added for thread 1 sequence 8607
ORA-02878: sou2o: Variable smpdidini overwritten
Completed checkpoint up to RBA
Completed checkpoint up to RBA
Archived Log entry 96 added for thread 1 sequence 1609
JMS-00180: Invalid Queue Type
Undo initialization finished
Undo initialization finished
CRS-01007: The OCR/OCR mirror location was replaced by 17 .
Thread 1 advanced to log sequence 195
Completed checkpoint up to RBA
Completed checkpoint up to RBA
Beginning log switch checkpoint up to RBA
DRG-11126: context index is empty
Completed checkpoint up to RBA
ARC0: Archival started
Thread 1 advanced to log sequence 616
Starting background process VKTM
ORA-24181: The type /u01/app/oracle/oradata/ttprod/users01.dbf does not exist
Current log# 18 seq# 6459 mem# 0
Thread 1 advanced to log sequence 595
Starting background process VKTM
Undo initialization finished
RMAN-06147: no obsolete backups found
Undo initialization finished
Beginning log switch checkpoint up to RBA
INS-35379: The installer has detected that configured Oracle Restart software is not upgraded to current install version.
Errors in file /u01/app/oracle/diag/rdbms/ttprod/ttprod1/trace/ttprod1_ora_40618.trc
Thread 1 advanced to log sequence 419
PRCT-01104: Failed to parse output {0} when executing acfsutil at file location {1}
Errors in file /u01/app/oracle/diag/rdbms/ttprod/ttprod1/trace/ttprod1_ora_23161.trc
ARC0: Archival started
Beginning log switch checkpoint up to RBA
Undo initialization finished
Starting background process VKTM
Undo initialization finished
RMAN-05513: cannot duplicate, control file is not current or standby
Completed checkpoint up to RBA
Current log# 13 seq# 8621 mem# 0
Thread 1 advanced to log sequence 694
Archived Log entry 457 added for thread 1 sequence 5079
Current log# 760 seq# 9418 mem# 0
KUP-01007: at line number column number
Errors in file /u01/app/oracle/diag/rdbms/ttprod/ttprod1/trace/ttprod1_ora_69046.trc
ARC0: Archival started
Starting background process VKTM
DRG-11608: URL store: host portion of _SYSSMU12$ specified incorrectly
Completed checkpoint up to RBA
Thread 1 advanced to log sequence 583
Thread 1 advanced to log sequence 888
ARC0: Archival started
Beginning log switch checkpoint up to RBA
ORA-27127: unable to unlock shared memory segment
Starting background process VKTM
ARC0: Archival started
Archived Log entry 151 added for thread 1 sequence 6585
Completed checkpoint up to RBA
ORA-14029: GLOBAL partitioned index must be prefixed
Starting background process VKTM
Starting background process VKTM
Current log# 415 seq# 4775 mem# 0
INS-32104: The installer is unable to locate the software updates in the specified directory.
ARC0: Archival started
Beginning log switch checkpoint up to RBA
Completed checkpoint up to RBA
ORA-51106: check failed to complete due to an error. See error below
Beginning log switch checkpoint up to RBA
ARC0: Archival started
Beginning log switch checkpoint up to RBA
Completed checkpoint up to RBA
CRS-09020: Error pk_orders : No master node name given
Archived Log entry 125 added for thread 1 sequence 9625
Thread 1 advanced to log sequence 62
Undo initialization finished
Completed checkpoint up to RBA
PGU-30304: TIP generation warning: UNDOTBS1 name truncated to BILLING.CUST_ORDERS characters
Errors in file /u01/app/oracle/diag/rdbms/ttprod/ttprod1/trace/ttprod1_ora_29075.trc
Completed checkpoint up to RBA
Completed checkpoint up to RBA
Beginning log switch checkpoint up to RBA
Completed checkpoint up to RBA
DGM-16916: Missing site name, try "help"
Thread 1 advanced to log sequence 862
ARC0: Archival started
Starting background process VKTM
Thread 1 advanced to log sequence 265
Starting background process VKTM
ORA-48600: HM run with name [ /u01/app/oracle/oradata/ttprod/users01.dbf ] already exists
Starting background process VKTM
Completed checkpoint up to RBA
Starting background process VKTM
INS-30604: Required drivers are not found to perform the operation.
Archived Log entry 397 added for thread 1 sequence 6805
Undo initialization finished
NNO-00310: server restart countdown aborted
ARC0: Archival started
Starting background process VKTM
Completed checkpoint up to RBA
Archived Log entry 395 added for thread 1 sequence 5199
PGU-41029: invalid TRANSACTION CALL cname specified
Errors in file /u01/app/oracle/diag/rdbms/ttprod/ttprod1/trace/ttprod1_ora_38489.trc
Undo initialization finished
INS-30011: The APP_USER42 password entered does not conform to the Oracle recommended standards.
Errors in file /u01/app/oracle/diag/rdbms/ttprod/ttprod1/trace/ttprod1_ora_92240.trc
Completed checkpoint up to RBA
Starting background process VKTM
RMAN-06900: WARNING: unable to generate V$RMAN_STATUS or V$RMAN_OUTPUT row
Errors in file /u01/app/oracle/diag/rdbms/ttprod/ttprod1/trace/ttprod1_ora_76216.trc
Thread 1 advanced to log sequence 857
Starting background process VKTM
Thread 1 advanced to log sequence 886
Thread 1 advanced to log sequence 271
ORA-48489: The input exceeds the maximum length [ USERS ]
Thread 1 advanced to log sequence 446
Undo initialization finished
Starting background process VKTM
Beginning log switch checkpoint up to RBA
Current log# 819 seq# 3495 mem# 0
OCI-31102: Already locked in exclusive mode. Cannot add lock.
Completed checkpoint up to RBA
RMAN-03033: current log archived
Beginning log switch checkpoint up to RBA
Archived Log entry 821 added for thread 1 sequence 9505
Current log# 787 seq# 6192 mem# 0
Current log# 826 seq# 7928 mem# 0
Archived Log entry 328 added for thread 1 sequence 4348
ORA-41602: insufficient privileges
Starting background process VKTM
Archived Log entry 253 added for thread 1 sequence 9609
Current log# 704 seq# 7876 mem# 0
Archived Log entry 182 added for thread 1 sequence 8259
Thread 1 advanced to log sequence 312
CLSW-00007: Cannot perform cluster wallet operation because one of the parameters is invalid. [ number ] [ large pool ]
Completed checkpoint up to RBA
Undo initialization finished
Thread 1 advanced to log sequence 89
Completed checkpoint up to RBA
NID-00307: Control File ttprod1 - dbid changed, wrote new name
Errors in file /u01/app/oracle/diag/rdbms/ttprod/ttprod1/trace/ttprod1_ora_41652.trc
Thread 1 advanced to log sequence 155
ORA-25206: enqueue failed, enqueue to exception queue shared pool . TNS_ADMIN not permitted
Errors in file /u01/app/oracle/diag/rdbms/ttprod/ttprod1/trace/ttprod1_ora_28876.trc
Archived Log entry 58 added for thread 1 sequence 3943
ARC0: Archival started
Thread 1 advanced to log sequence 616
QSM-02032: no joins are present in the WHERE clause
Starting background process VKTM
Beginning log switch checkpoint up to RBA
Starting background process VKTM
Thread 1 advanced to log sequence 888
Thread 1 advanced to log sequence 589
ORA-39916: Subpartition /u01/app/oracle/oradata/ttprod/users01.dbf of table PK_CUSTOMER_ACCOUNTS . BILLING.CUST_ORDERS in tablespace /u01/app/oracle/oradata/ttprod/users01.dbf points to LOB segment 17 . _SYSSMU7$ in tablespace 42 .
Errors in file /u01/app/oracle/diag/rdbms/ttprod/ttprod1/trace/ttprod1_ora_90138.trc
Starting background process VKTM
Starting background process VKTM
Undo initialization finished
CRS-01117: Error upgrading the Oracle Clusterware.
Beginning log switch checkpoint up to RBA
ORA-03113: End-of-file on communication channel
Archived Log entry 403 added for thread 1 sequence 7611
Beginning log switch checkpoint up to RBA
Beginning log switch checkpoint up to RBA
Thread 1 advanced to log sequence 96
ORA-22984: view query cannot contain references to a super view
Current log# 721 seq# 8072 mem# 0
Completed checkpoint up to RBA
Beginning log switch checkpoint up to RBA
Beginning log switch checkpoint up to RBA
ORA-32483: duplicate name found in sort specification list for SEARCH clause of WITH clause
Errors in file /u01/app/oracle/diag/rdbms/ttprod/ttprod1/trace/ttprod1_ora_64372.trc
ARC0: Archival started
Completed checkpoint up to RBA
Undo initialization finished
RMAN-08156: printing stored script: CDR_STAGING
Completed checkpoint up to RBA
ORA-40322: bin number too large
ARC0: Archival started
Current log# 988 seq# 9723 mem# 0
Current log# 790 seq# 2206 mem# 0
ARC0: Archival started
Undo initialization finished
NID-00417: Change of database ID failed.
Starting background process VKTM
Completed checkpoint up to RBA
Starting background process VKTM
Archived Log entry 339 added for thread 1 sequence 2392
ORA-25960: join index cannot be based on a temporary table
Current log# 299 seq# 5466 mem# 0
ORA-46016: Number of columns of foreignKey does not match primaryKey.
Starting background process VKTM
ARC0: Archival started
Current log# 129 seq# 3686 mem# 0
Archived Log entry 14 added for thread 1 sequence 1762
ORA-22927: invalid LOB locator specified
Beginning log switch checkpoint up to RBA
ARC0: Archival started
CRS-04691: Oracle Clusterware is already running
ARC0: Archival started
Completed checkpoint up to RBA
Thread 1 advanced to log sequence 930
Undo initialization finished
Completed checkpoint up to RBA
ORA-04061: existing state of ttprod1 has been invalidated
Completed checkpoint up to RBA
ORA-29387: no top-plans found in the pending area
Errors in file /u01/app/oracle/diag/rdbms/ttprod/ttprod1/trace/ttprod1_ora_38374.trc
ARC0: Archival started
RMAN-06905: backup of backup set key number was cancelled
Beginning log switch checkpoint up to RBA
DRG-11861: CSO-server Replies
Errors in file /u01/app/oracle/diag/rdbms/ttprod/ttprod1/trace/ttprod1_ora_11326.trc
Thread 1 advanced to log sequence 579
Thread 1 advanced to log sequence 752
Thread 1 advanced to log sequence 761
ARC0: Archival started
ORA-29517: recursive resolution failed for a referenced class
ARC0: Archival started
Completed checkpoint up to RBA
ORA-19046: Out-of-line table cannot be shared by two top-level tables (table ' reporting_schema . fk_order_customer ' and the current table being created).
Completed checkpoint up to RBA
Current log# 230 seq# 2666 mem# 0
Archived Log entry 404 added for thread 1 sequence 2317
NCR-04004: NCRR: Invalid interface instance handle
Thread 1 advanced to log sequence 377
Undo initialization finished
Starting background process VKTM
Undo initialization finished
ORA-55367: invalid maintenance operation for VPD metadata
Archived Log entry 626 added for thread 1 sequence 7808
Thread 1 advanced to log sequence 934
RMAN-06175: deleted script: BILLING.CUST_ORDERS
Undo initialization finished
Current log# 606 seq# 6876 mem# 0
Completed checkpoint up to RBA
Completed checkpoint up to RBA
RMAN-08304: To change the internal database identifier, use DBNEWID Utility
Undo initialization finished
ORA-22163: left hand and right hand side collections are not of same type
Errors in file /u01/app/oracle/diag/rdbms/ttprod/ttprod1/trace/ttprod1_ora_61524.trc
Archived Log entry 38 added for thread 1 sequence 3271
Undo initialization finished
Beginning log switch checkpoint up to RBA
ORA-39703: server version and script version do not match
Thread 1 advanced to log sequence 298
Archived Log entry 707 added for thread 1 sequence 8525
ARC0: Archival started
Thread 1 advanced to log sequence 257
Starting background process VKTM
ORA-08315: sllfrb: Error reading file
Undo initialization finished
Current log# 900 seq# 2953 mem# 0
CLST-01903: configuring node: host name UNDOTBS1 , private interconnect name reporting_schema
Starting background process VKTM
ORA-38776: cannot begin flashback generation - recovery area is disabled
Archived Log entry 452 added for thread 1 sequence 7057
Starting background process VKTM
Thread 1 advanced to log sequence 336
NNL-00833: Fastest delete processing time: BILLING.CUST_ORDERS
Thread 1 advanced to log sequence 373
Undo initialization finished
Starting background process VKTM
ORA-15210: conflicting or duplicate PERMISSION options
Beginning log switch checkpoint up to RBA
ORA-39765: stream must be reset before used in a column array conversion
Thread 1 advanced to log sequence 967
Starting background process VKTM
Current log# 636 seq# 8128 mem# 0
ORA-07713: sksamtd: could not mount archival device (SYS$MOUNT failure)
Undo initialization finished
ARC0: Archival started
OCI-04054: database link INVOICE_LINES_IDX does not exist
Starting background process VKTM
ORA-01469: PRIOR can only be followed by a column name
Beginning log switch checkpoint up to RBA
Beginning log switch checkpoint up to RBA
ORA-28518: data dictionary translation has illegal translation type
Archived Log entry 387 added for thread 1 sequence 7764
Archived Log entry 886 added for thread 1 sequence 9594
Undo initialization finished
Starting background process VKTM
ORA-25152: TEMPFILE cannot be dropped at this time
Completed checkpoint up to RBA
Completed checkpoint up to RBA
ORA-55640: Insufficient privilege to perform the Flashback Data Archive operation
Starting background process VKTM
Undo initialization finished
Beginning log switch checkpoint up to RBA
RMAN-08301: Edit init.ora file user_sessions . This PFILE will be used to create the database on the target platform
Starting background process VKTM
Thread 1 advanced to log sequence 988
Undo initialization finished
ORA-42007: dependent object unregistration not supported during a partition redefinition
Thread 1 advanced to log sequence 312
Archived Log entry 312 added for thread 1 sequence 9746
ORA-12214: TNS:missing local communities entry in TNSNAV.ORA
Errors in file /u01/app/oracle/diag/rdbms/ttprod/ttprod1/trace/ttprod1_ora_11153.trc
Thread 1 advanced to log sequence 193
Undo initialization finished
Starting background process VKTM
Archived Log entry 488 added for thread 1 sequence 8977
RMAN-06616: RMAN output not resynced for database with DB_UNIQUE_NAME CDR_STAGING
Undo initialization finished
ORA-02045: too many local sessions participating in global transaction
Beginning log switch checkpoint up to RBA
ORA-29399: user 3 does not have privilege to switch to consumer group 42
Thread 1 advanced to log sequence 463
Undo initialization finished
Archived Log entry 260 added for thread 1 sequence 7334
Starting background process VKTM
Completed checkpoint up to RBA
ORA-09933: Deletion of old password file failed.
Archived Log entry 142 added for thread 1 sequence 1773
Current log# 624 seq# 6863 mem# 0
Current log# 279 seq# 7359 mem# 0
ORA-07470: snclget: cannot get cluster number.
Current log# 886 seq# 6486 mem# 0
Beginning log switch checkpoint up to RBA
Current log# 136 seq# 7493 mem# 0
ORA-38608: FI itemset minimum-length( session_1123 ) should not be greater than maximum length( BILLING.CUST_ORDERS )
Errors in file /u01/app/oracle/diag/rdbms/ttprod/ttprod1/trace/ttprod1_ora_45892.trc
Beginning log switch checkpoint up to RBA
ORA-15114: missing or invalid ASM file name
Errors in file /u01/app/oracle/diag/rdbms/ttprod/ttprod1/trace/ttprod1_ora_81431.trc
Undo initialization finished
Undo initialization finished
Completed checkpoint up to RBA
Undo initialization finished
PRKU-01037: As the privileged user, execute "{0}" and then execute "{1}" on this node to remove the configuration of the Oracle Restart and to completely remove the Oracle software
Thread 1 advanced to log sequence 596
Starting background process VKTM
Current log# 833 seq# 1071 mem# 0
ARC0: Archival started
ARC0: Archival started
NNO-00710: server's cache will be dumped to the trace file in number seconds
Archived Log entry 274 added for thread 1 sequence 1385
Thread 1 advanced to log sequence 294
Undo initialization finished
RMAN-08556: channel fk_order_customer : backup piece complete, elapsed time: INVOICE_LINES_IDX
Errors in file /u01/app/oracle/diag/rdbms/ttprod/ttprod1/trace/ttprod1_ora_66380.trc
Archived Log entry 871 added for thread 1 sequence 8646
ORA-03132: two-task default value overflow
Completed checkpoint up to RBA
Beginning log switch checkpoint up to RBA
RMAN-08586: output file name= CDR_STAGING tag= large pool RECID= ttprod1 STAMP= /u01/app/oracle/oradata/ttprod/users01.dbf
Archived Log entry 535 added for thread 1 sequence 4771
ORA-25319: Queue table repartitioning aborted
Errors in file /u01/app/oracle/diag/rdbms/ttprod/ttprod1/trace/ttprod1_ora_44547.trc
Beginning log switch checkpoint up to RBA
Starting background process VKTM
Completed checkpoint up to RBA
Starting background process VKTM
Undo initialization finished
RMAN-08503: piece handle= fk_order_customer comment= CDR_STAGING
ARC0: Archival started
ARC0: Archival started
ARC0: Archival started
ORA-03176: NETWORK_OPS.SIM_INVENTORY only works on an open physical standby database
Errors in file /u01/app/oracle/diag/rdbms/ttprod/ttprod1/trace/ttprod1_ora_98003.trc
Completed checkpoint up to RBA
PCC-02154: Close file: 5000
Beginning log switch checkpoint up to RBA
Current log# 645 seq# 9949 mem# 0
NID-00451: Succesfully changed database name.
Archived Log entry 265 added for thread 1 sequence 9538
ARC0: Archival started
Thread 1 advanced to log sequence 15
NNL-00222: Statistic counter logging is now disabled
Undo initialization finished
ARC0: Archival started
Current log# 327 seq# 6375 mem# 0
Beginning log switch checkpoint up to RBA
Thread 1 advanced to log sequence 978
PRIF-00008: failed to initialize the prifcg context
Archived Log entry 119 added for thread 1 sequence 8475
Starting background process VKTM
Undo initialization finished
Starting background process VKTM
PLS-01908: RETURNING INTO buffer too small
Thread 1 advanced to log sequence 981
Undo initialization finished
Archived Log entry 265 added for thread 1 sequence 1536
RMAN-07207: changed UNDOTBS1 failures to HIGH priority
Completed checkpoint up to RBA
Thread 1 advanced to log sequence 634
RMAN-06215: List of objects that must perform same operation at other database
ARC0: Archival started
Archived Log entry 631 added for thread 1 sequence 4867
ARC0: Archival started
Completed checkpoint up to RBA
PRCH-01004: Failed to stop service
Undo initialization finished
ARC0: Archival started
ORA-14268: subpartition ' 42 ' of the partition resides in offlined tablespace
Errors in file /u01/app/oracle/diag/rdbms/ttprod/ttprod1/trace/ttprod1_ora_20990.trc
ARC0: Archival started
Beginning log switch checkpoint up to RBA
Current log# 810 seq# 1715 mem# 0
Undo initialization finished
Thread 1 advanced to log sequence 10
RMAN-05547: Checking that duplicated tablespaces are self-contained
Completed checkpoint up to RBA
Completed checkpoint up to RBA
Current log# 268 seq# 4483 mem# 0
ARC0: Archival started
PLS-01901: host bind array too small
Errors in file /u01/app/oracle/diag/rdbms/ttprod/ttprod1/trace/ttprod1_ora_51648.trc
Archived Log entry 688 added for thread 1 sequence 4645
ARC0: Archival started
Thread 1 advanced to log sequence 359
ORA-09936: Open of ORACLE password file for write failed.
Errors in file /u01/app/oracle/diag/rdbms/ttprod/ttprod1/trace/ttprod1_ora_80877.trc
Current log# 963 seq# 3127 mem# 0
Completed checkpoint up to RBA
Current log# 802 seq# 4433 mem# 0
LCD-00204: left parenth and no parameter specified [ session_1123 ]
Thread 1 advanced to log sequence 113
Completed checkpoint up to RBA
Current log# 385 seq# 7460 mem# 0
ORA-15467: volume operation is already in progress
Undo initialization finished
RMAN-06765: Tablespace NETWORK_OPS.SIM_INVENTORY will be encrypted in future backup sets
Errors in file /u01/app/oracle/diag/rdbms/ttprod/ttprod1/trace/ttprod1_ora_38644.trc
ARC0: Archival started
NNL-00216: Disabled auto-refresh for specified index number
Completed checkpoint up to RBA
TNS-01102: TNS application contacted was not the listener
Current log# 15 seq# 6887 mem# 0
ARC0: Archival started
Thread 1 advanced to log sequence 381
Completed checkpoint up to RBA
Beginning log switch checkpoint up to RBA
LPX-01028: [XQDY0028]
ARC0: Archival started
Archived Log entry 188 added for thread 1 sequence 5293
Thread 1 advanced to log sequence 643
Current log# 742 seq# 7909 mem# 0
RMAN-06134: host command complete
Undo initialization finished
Current log# 395 seq# 3095 mem# 0
Completed checkpoint up to RBA
ORA-06010: NETASY: dialogue file too long
Completed checkpoint up to RBA
Thread 1 advanced to log sequence 544
Thread 1 advanced to log sequence 654
IMP-00014: option " large pool " is needed, but not present in database
Current log# 418 seq# 9856 mem# 0
Undo initialization finished
Completed checkpoint up to RBA
DIA-48433: Unknown help topic
Thread 1 advanced to log sequence 602
Current log# 590 seq# 9084 mem# 0
Undo initialization finished
Thread 1 advanced to log sequence 249
Thread 1 advanced to log sequence 490
ORA-02288: invalid OPEN mode
Starting background process VKTM
Completed checkpoint up to RBA
Undo initialization finished
Current log# 857 seq# 2056 mem# 0
RMAN-08057: channel NETWORK_OPS.SIM_INVENTORY : backup cancelled because all files were skipped
Errors in file /u01/app/oracle/diag/rdbms/ttprod/ttprod1/trace/ttprod1_ora_26264.trc
Undo initialization finished
Archived Log entry 832 added for thread 1 sequence 9599
ORA-12902: default temporary tablespace must be SYSTEM or of TEMPORARY type
Beginning log switch checkpoint up to RBA
RMAN-04032: using contents of file ttprod2
Archived Log entry 853 added for thread 1 sequence 4157
Undo initialization finished
PCC-00120: File I/O error during code generation
Errors in file /u01/app/oracle/diag/rdbms/ttprod/ttprod1/trace/ttprod1_ora_74224.trc
Beginning log switch checkpoint up to RBA
Current log# 938 seq# 6230 mem# 0
ARC0: Archival started
CLST-02306: private interconnect name 1024 for node CRM.CALL_DETAIL_RECORDS does not match session_1123
Beginning log switch checkpoint up to RBA
Completed checkpoint up to RBA
ORA-13373: invalid line segment in geodetic data
ARC0: Archival started
Thread 1 advanced to log sequence 426
Current log# 80 seq# 9166 mem# 0
Beginning log switch checkpoint up to RBA
Archived Log entry 131 added for thread 1 sequence 8898
ORA-44903: Cannot create hard link to specified resource
Completed checkpoint up to RBA
Beginning log switch checkpoint up to RBA
Beginning log switch checkpoint up to RBA
Beginning log switch checkpoint up to RBA
Thread 1 advanced to log sequence 269
RMAN-08163: validation succeeded for backup piece
Errors in file /u01/app/oracle/diag/rdbms/ttprod/ttprod1/trace/ttprod1_ora_55001.trc
Beginning log switch checkpoint up to RBA
Archived Log entry 378 added for thread 1 sequence 4953
ORA-16261: Identification key mismatch for table " large pool "." idx_users_email ".
Starting background process VKTM
Beginning log switch checkpoint up to RBA
Completed checkpoint up to RBA
Undo initialization finished
Current log# 211 seq# 7240 mem# 0
ORA-01954: DEFAULT ROLE clause not valid for CREATE USER
ARC0: Archival started
Starting background process VKTM
Beginning log switch checkpoint up to RBA
Beginning log switch checkpoint up to RBA
Archived Log entry 111 added for thread 1 sequence 1506
ORA-39183: internal error _SYSSMU12$ ocurred during decompression phase shared pool
Starting background process VKTM
Beginning log switch checkpoint up to RBA
Thread 1 advanced to log sequence 436
ARC0: Archival started
Completed checkpoint up to RBA
ORA-29844: duplicate operator name specified
Current log# 828 seq# 2285 mem# 0
Beginning log switch checkpoint up to RBA
Current log# 648 seq# 1773 mem# 0
Beginning log switch checkpoint up to RBA
PCC-00103: AT clause is an Oracle extension
Undo initialization finished
ARC0: Archival started
RMAN-06481: WARNING: backup piece ' NETWORK_OPS.SIM_INVENTORY ' cannot be found on the storage medium
Archived Log entry 778 added for thread 1 sequence 9348
ORA-26024: SKIP_UNUSABLE_INDEXES requested and index segment was initially unusable
Thread 1 advanced to log sequence 911
NID-00145: nls subsystem initialization failure for product= session_1123 , facility= app_db
Thread 1 advanced to log sequence 794
Undo initialization finished
Undo initialization finished
Beginning log switch checkpoint up to RBA
Archived Log entry 76 added for thread 1 sequence 5592
TNS-02402: Bad CLBGNAMES parameter in tnsnames.ora
Current log# 659 seq# 8789 mem# 0
Thread 1 advanced to log sequence 11
ORA-02372: data for row: 42
Beginning log switch checkpoint up to RBA
ORA-24405: error occured while trying to create connections in the pool
Errors in file /u01/app/oracle/diag/rdbms/ttprod/ttprod1/trace/ttprod1_ora_91820.trc
Current log# 474 seq# 6730 mem# 0
Archived Log entry 16 added for thread 1 sequence 8979
Undo initialization finished
Completed checkpoint up to RBA
ARC0: Archival started
ORA-09786: sllfop: open error, unable to open file.
Errors in file /u01/app/oracle/diag/rdbms/ttprod/ttprod1/trace/ttprod1_ora_14536.trc
Archived Log entry 525 added for thread 1 sequence 9850
Undo initialization finished
Starting background process VKTM
Current log# 527 seq# 7830 mem# 0
PCC-02338: structure contains a nested struct or union
ARC0: Archival started
Completed checkpoint up to RBA
Starting background process VKTM
PRCR-01101: Cannot stop resource {0} on {1} nodes, it is running on {2} nodes.
Thread 1 advanced to log sequence 457
Completed checkpoint up to RBA
Undo initialization finished
LSX-00175: a complex base within "simpleContent" must have simple content
ARC0: Archival started
Archived Log entry 8 added for thread 1 sequence 9471
Completed checkpoint up to RBA
DRG-10562: missing alter index parameter
Beginning log switch checkpoint up to RBA
QSM-02011: a HAVING clause is present
Completed checkpoint up to RBA
Starting background process VKTM
Thread 1 advanced to log sequence 672
OCI-31017: Error generating unique OID for XML document
Beginning log switch checkpoint up to RBA
Beginning log switch checkpoint up to RBA
Current log# 709 seq# 3253 mem# 0
Starting background process VKTM
ARC0: Archival started
DRG-50924: PL/SQL inside PL/SQL not supported
Undo initialization finished
Beginning log switch checkpoint up to RBA
Beginning log switch checkpoint up to RBA
Current log# 277 seq# 9778 mem# 0
NZE-29186: ldap_get_values_len failed
Beginning log switch checkpoint up to RBA
ARC0: Archival started
Current log# 236 seq# 2591 mem# 0
Archived Log entry 121 added for thread 1 sequence 8084
RMAN-08187: WARNING: media recovery until SCN app_db complete
Archived Log entry 200 added for thread 1 sequence 1135
Beginning log switch checkpoint up to RBA
LPX-00123: duplicate ID "~S"
Archived Log entry 444 added for thread 1 sequence 9394
Thread 1 advanced to log sequence 417
Beginning log switch checkpoint up to RBA
ORA-19920: RMAN does not support PKI-based master key for encryption.
ARC0: Archival started
Thread 1 advanced to log sequence 563
Thread 1 advanced to log sequence 496
PRCA-01050: Unable to retrieve the canonical form of the volume device for disk group {0} and volume {1}
Errors in file /u01/app/oracle/diag/rdbms/ttprod/ttprod1/trace/ttprod1_ora_16878.trc
Completed checkpoint up to RBA
Thread 1 advanced to log sequence 591
RMAN-06187: control file copy USERS not found or out of sync with catalog
Beginning log switch checkpoint up to RBA
ARC0: Archival started
Beginning log switch checkpoint up to RBA
Thread 1 advanced to log sequence 663
Completed checkpoint up to RBA
ORA-28002: the password will expire within _SYSSMU7$ days
Current log# 77 seq# 7725 mem# 0
Completed checkpoint up to RBA
ORA-09368: Windows 3.1 Two-Task driver unable to spawn ORACLE
Beginning log switch checkpoint up to RBA
Archived Log entry 792 added for thread 1 sequence 7051
Thread 1 advanced to log sequence 714
Thread 1 advanced to log sequence 586
QSM-01344: general inline view rewrite not possible on this WHERE clause construct
ARC0: Archival started
Thread 1 advanced to log sequence 432
Beginning log switch checkpoint up to RBA
Current log# 766 seq# 7914 mem# 0
Current log# 152 seq# 1945 mem# 0
ORA-08310: sllfop: Bad value for recsize
Completed checkpoint up to RBA
Thread 1 advanced to log sequence 624
ARC0: Archival started
Current log# 309 seq# 6985 mem# 0
Thread 1 advanced to log sequence 711
RMAN-05507: standby control file checkpoint ( /u01/app/oracle/oradata/ttprod/users01.dbf ) is more recent than duplication point-in-time ( _SYSSMU7$ )
Undo initialization finished
ARC0: Archival started
RMAN-06521: archived logs required to recover from this backup will expire when this backup expires
Errors in file /u01/app/oracle/diag/rdbms/ttprod/ttprod1/trace/ttprod1_ora_20778.trc
Thread 1 advanced to log sequence 216
Starting background process VKTM
Undo initialization finished
ARC0: Archival started
Starting background process VKTM
DRG-10706: length of reporting_schema exceeds maximum size of CRM.CALL_DETAIL_RECORDS
Archived Log entry 806 added for thread 1 sequence 5269
Undo initialization finished
Beginning log switch checkpoint up to RBA
ARC0: Archival started
CRS-02572: ' idx_users_email ' is not a supported Special Value
Thread 1 advanced to log sequence 327
RMAN-06178: datafile number not processed because file is offline
Starting background process VKTM
Starting background process VKTM
RMAN-06109: changed archived log unavailable
Current log# 428 seq# 3734 mem# 0
Completed checkpoint up to RBA
Thread 1 advanced to log sequence 251
RMAN-05525: SKIP TABLESPACE cannot be used when using DUPLICATE TABLESPACE
Thread 1 advanced to log sequence 621
Current log# 718 seq# 8617 mem# 0
PRVF-04578: Failed to check existence of node applications on nodes "{0}"
ARC0: Archival started
Starting background process VKTM
Archived Log entry 664 added for thread 1 sequence 6703
ARC0: Archival started
Undo initialization finished
DRG-10849: catsearch does not support functional invocation
Archived Log entry 327 added for thread 1 sequence 4520
Current log# 325 seq# 8934 mem# 0
Beginning log switch checkpoint up to RBA
Thread 1 advanced to log sequence 548
Completed checkpoint up to RBA
CRS-01613: No I/O has completed after 90% of the maximum interval. Voting file reporting_schema will be considered not functional in number milliseconds
Current log# 471 seq# 2472 mem# 0
ARC0: Archival started
Thread 1 advanced to log sequence 359
PRCH-01040: Failed to start CVU resource
ARC0: Archival started
Current log# 256 seq# 8170 mem# 0
Starting background process VKTM
Undo initialization finished
Completed checkpoint up to RBA
PCC-01003: Invalid continuation at line number in file fk_order_customer
Current log# 386 seq# 3299 mem# 0
Archived Log entry 458 added for thread 1 sequence 9455
DIA-48115: error encountered while seeking a file position
Beginning log switch checkpoint up to RBA
Current log# 64 seq# 7584 mem# 0
ORA-19171: FORG0007: invalid argument to aggregate function
Errors in file /u01/app/oracle/diag/rdbms/ttprod/ttprod1/trace/ttprod1_ora_99343.trc
Starting background process VKTM
Current log# 110 seq# 5165 mem# 0
Beginning log switch checkpoint up to RBA
DIA-48109: invalid lock mode for file descriptor, [ USERS ]
Completed checkpoint up to RBA
ORA-25293: Lob attributes must be null for buffered operations
Errors in file /u01/app/oracle/diag/rdbms/ttprod/ttprod1/trace/ttprod1_ora_15586.trc
Starting background process VKTM
ORA-12817: parallel query option must be enabled
Errors in file /u01/app/oracle/diag/rdbms/ttprod/ttprod1/trace/ttprod1_ora_39613.trc
Starting background process VKTM
Starting background process VKTM
Starting background process VKTM
Beginning log switch checkpoint up to RBA
Completed checkpoint up to RBA
XOQ-00702: no OLAP DML code to compile
ARC0: Archival started
Thread 1 advanced to log sequence 835
ARC0: Archival started
Thread 1 advanced to log sequence 454
Archived Log entry 296 added for thread 1 sequence 6947
ORA-31140: Illegal operation: PK_CUSTOMER_ACCOUNTS
Undo initialization finished
Undo initialization finished
Starting background process VKTM
Undo initialization finished
Beginning log switch checkpoint up to RBA
ORA-22955: The cardinality parameter is not within the allowed limits
Current log# 666 seq# 9140 mem# 0
Current log# 866 seq# 2168 mem# 0
Completed checkpoint up to RBA
Starting background process VKTM
ORA-39702: database not open for UPGRADE or DOWNGRADE
Undo initialization finished
IMG-00840: image structure allocation failed
Undo initialization finished
Archived Log entry 556 added for thread 1 sequence 3334
RMAN-07519: Reason: Error while cataloging. See alert.log.
Starting background process VKTM
Completed checkpoint up to RBA
Undo initialization finished
Thread 1 advanced to log sequence 279
ORA-23357: the propagator does not exist
Archived Log entry 745 added for thread 1 sequence 2046
Starting background process VKTM
Archived Log entry 698 added for thread 1 sequence 7958
Undo initialization finished
Starting background process VKTM
AUD-00705: unsupported input format
Completed checkpoint up to RBA
Completed checkpoint up to RBA
Undo initialization finished
Thread 1 advanced to log sequence 82
DRG-11514: user idx_users_email does not have UPDATE or SELECT privilege on user_sessions
Thread 1 advanced to log sequence 692
Starting background process VKTM
Completed checkpoint up to RBA
ORA-37531: (XSCCLOAD02) When aggregating between compressed partitions the source partitions were aggregated with a different AGGMAP, or the RELATIONS have changed since the source partitions were aggregated.
Undo initialization finished
ORA-14274: partitions being merged are not adjacent
Current log# 473 seq# 8681 mem# 0
Starting background process VKTM
ARC0: Archival started
Archived Log entry 804 added for thread 1 sequence 8953
Current log# 288 seq# 3008 mem# 0
ORA-09368: Windows 3.1 Two-Task driver unable to spawn ORACLE
Thread 1 advanced to log sequence 525
ARC0: Archival started
Undo initialization finished
Beginning log switch checkpoint up to RBA
RMAN-07507: cataloging files...
ARC0: Archival started
ARC0: Archival started
PLS-01713: The constraints on these types do not match
Errors in file /u01/app/oracle/diag/rdbms/ttprod/ttprod1/trace/ttprod1_ora_56604.trc
Beginning log switch checkpoint up to RBA
Thread 1 advanced to log sequence 791
Completed checkpoint up to RBA
Beginning log switch checkpoint up to RBA
Archived Log entry 514 added for thread 1 sequence 6368
CRS-05504: Node down event reported for node ' session_1123 '.
Starting background process VKTM
ORA-29874: warning in the execution of ODCIINDEXALTER routine
Archived Log entry 125 added for thread 1 sequence 2093
Beginning log switch checkpoint up to RBA
Archived Log entry 900 added for thread 1 sequence 6950
Archived Log entry 231 added for thread 1 sequence 3140
ORA-00021: session attached to some other process; cannot switch session
Beginning log switch checkpoint up to RBA
Starting background process VKTM
Beginning log switch checkpoint up to RBA
Current log# 489 seq# 8444 mem# 0
CRS-02326: GPnP profile is different across cluster nodes. 42 .
Undo initialization finished
Archived Log entry 537 added for thread 1 sequence 1086
Undo initialization finished
LPX-01128: [FOTY0012] Argument node does not have a typed value
Archived Log entry 629 added for thread 1 sequence 1481
Archived Log entry 209 added for thread 1 sequence 3526
ORA-02804: Allocation of memory failed for log file name
Starting background process VKTM
ORA-18129: XUDY0030 - Invalid insertion of an attribute node
Starting background process VKTM
CLSR-00523: Resource ttprod1 is not enabled
ARC0: Archival started
Completed checkpoint up to RBA
Starting background process VKTM
Completed checkpoint up to RBA
ORA-06708: TLI Driver: message receive failure
Archived Log entry 275 added for thread 1 sequence 4672
Starting background process VKTM
RMAN-11001: Oracle Error: APP_USER42
Starting background process VKTM
ARC0: Archival started
LSX-00167: defining form of "~S" must occur at the top level
Errors in file /u01/app/oracle/diag/rdbms/ttprod/ttprod1/trace/ttprod1_ora_46026.trc
Completed checkpoint up to RBA
ORA-00122: cannot initialize network configuration
Current log# 172 seq# 8559 mem# 0
Thread 1 advanced to log sequence 442
ARC0: Archival started
Starting background process VKTM
Current log# 768 seq# 2911 mem# 0
RMAN-08012: including control file copy in backup set
Current log# 554 seq# 7250 mem# 0
Starting background process VKTM
Completed checkpoint up to RBA
CLSR-00512: Invalid CAA trigger event type [ ttprod1 ]
Undo initialization finished
ARC0: Archival started
Thread 1 advanced to log sequence 84
Thread 1 advanced to log sequence 975
DIA-48110: error encountered while attempting to get a file lock [ user_sessions ] [ SYSAUX ]
Archived Log entry 422 added for thread 1 sequence 4516
ORA-19048: Cannot specify VARRAY storage in tableProps
Errors in file /u01/app/oracle/diag/rdbms/ttprod/ttprod1/trace/ttprod1_ora_97416.trc
Current log# 290 seq# 2434 mem# 0
Starting background process VKTM
ORA-22315: type " _SYSSMU7$ " does not contain a map or order function
Undo initialization finished
NNL-00242: Processing of modification requests is currently disabled
Thread 1 advanced to log sequence 648
Beginning log switch checkpoint up to RBA
Current log# 695 seq# 2751 mem# 0
ORA-29963: missing BINDING keyword
Archived Log entry 451 added for thread 1 sequence 8137
ARC0: Archival started
Beginning log switch checkpoint up to RBA
Completed checkpoint up to RBA
ARC0: Archival started
ORA-10979: trace flags for join index implementation
Starting background process VKTM
ORA-64202: remote temporary or abstract LOB locator is encountered
Thread 1 advanced to log sequence 850
Completed checkpoint up to RBA
ORA-07574: szrfc: $GETUAI failure
Errors in file /u01/app/oracle/diag/rdbms/ttprod/ttprod1/trace/ttprod1_ora_33810.trc
Current log# 943 seq# 8926 mem# 0
Beginning log switch checkpoint up to RBA
DRG-13714: Duplicate Stop Entity
Errors in file /u01/app/oracle/diag/rdbms/ttprod/ttprod1/trace/ttprod1_ora_89903.trc
ARC0: Archival started
Starting background process VKTM
RMAN-06701: could not construct path for file: " 42 "
Archived Log entry 669 added for thread 1 sequence 6019
Current log# 971 seq# 2538 mem# 0
Completed checkpoint up to RBA
PRVF-10409: Path "{0}" is not suitable for usage as Single Instance database file
Thread 1 advanced to log sequence 550
ARC0: Archival started
Beginning log switch checkpoint up to RBA
Current log# 122 seq# 8478 mem# 0
RMAN-06436: enter DROP CATALOG command again to confirm catalog removal
Completed checkpoint up to RBA
Undo initialization finished
Beginning log switch checkpoint up to RBA
ORA-23670: Duplicate column name " 17 "
Beginning log switch checkpoint up to RBA
Current log# 802 seq# 4369 mem# 0
Current log# 236 seq# 7171 mem# 0
NNO-00074: downloading region from server INVOICE_LINES_IDX
Archived Log entry 333 added for thread 1 sequence 1986
PROT-00301: Dump is not feasible when clusterware is running
Starting background process VKTM
Thread 1 advanced to log sequence 168
Undo initialization finished
Thread 1 advanced to log sequence 738
ORA-19704: file name exceeds maximum length of 1024
Thread 1 advanced to log sequence 33
ARC0: Archival started
Completed checkpoint up to RBA
Thread 1 advanced to log sequence 69
ORA-54521: inner ring is not inside or is touching outer ring more than once
Undo initialization finished
Beginning log switch checkpoint up to RBA
Undo initialization finished
XOQ-00234: error obtaining the module version
Thread 1 advanced to log sequence 100
Current log# 870 seq# 1419 mem# 0
ARC0: Archival started
NZE-29019: The protocol version is incorrect.
Completed checkpoint up to RBA
RMAN-06133: recovery catalog may have obsolete data for datafile pg_toast_12345
Beginning log switch checkpoint up to RBA
PRCH-01030: One or more resources failed to stop: {0}
Errors in file /u01/app/oracle/diag/rdbms/ttprod/ttprod1/trace/ttprod1_ora_91172.trc
Beginning log switch checkpoint up to RBA
Undo initialization finished
ARC0: Archival started
RMAN-06532: redundancy count must be greater than zero
ARC0: Archival started
Beginning log switch checkpoint up to RBA
Starting background process VKTM
Thread 1 advanced to log sequence 371
Undo initialization finished
NID-00401: Must finish REVERT changes before attempting any database operation.
Current log# 911 seq# 1235 mem# 0
RMAN-00703: The cmdfile has no syntax errors
Errors in file /u01/app/oracle/diag/rdbms/ttprod/ttprod1/trace/ttprod1_ora_41496.trc
Archived Log entry 632 added for thread 1 sequence 1594
Completed checkpoint up to RBA
Current log# 449 seq# 3057 mem# 0
Starting background process VKTM
PRCH-01049: Failed while checking status of disk group "{0}"
Undo initialization finished
Thread 1 advanced to log sequence 197
ORA-16223: DDL skipped, unsupported in current version
Starting background process VKTM
Archived Log entry 458 added for thread 1 sequence 9425
Archived Log entry 904 added for thread 1 sequence 4175
Current log# 178 seq# 1613 mem# 0
Current log# 562 seq# 5526 mem# 0
ORA-25298: Only immediate visibility mode supported for buffered message enqueue or dequeue
ARC0: Archival started
Completed checkpoint up to RBA
Archived Log entry 140 added for thread 1 sequence 9567
Current log# 412 seq# 4409 mem# 0
ORA-34179: (MXCHGDCL20) workspace object is not a PARTITION TEMPLATE.
Completed checkpoint up to RBA
Current log# 184 seq# 6667 mem# 0
Archived Log entry 397 added for thread 1 sequence 6459
PRCT-01400: getcrshome execution failed. Detailed error: {0}
Archived Log entry 1 added for thread 1 sequence 4633
Current log# 902 seq# 2433 mem# 0
ARC0: Archival started
Thread 1 advanced to log sequence 199
ORA-31021: Element definition not found
Errors in file /u01/app/oracle/diag/rdbms/ttprod/ttprod1/trace/ttprod1_ora_80473.trc
Starting background process VKTM
Starting background process VKTM
Undo initialization finished
Current log# 402 seq# 9404 mem# 0
RMAN-06957: finished standby search, restored 3 blocks
Completed checkpoint up to RBA
Thread 1 advanced to log sequence 616
Starting background process VKTM
ARC0: Archival started
ORA-30726: cannot specify referenced column list here
Undo initialization finished
Thread 1 advanced to log sequence 451
Beginning log switch checkpoint up to RBA
ORA-26793: Number of capture processes that enqueued message to queue " 1024 "." APP_USER42 " not equal to one
Errors in file /u01/app/oracle/diag/rdbms/ttprod/ttprod1/trace/ttprod1_ora_27623.trc
ARC0: Archival started
Completed checkpoint up to RBA
Beginning log switch checkpoint up to RBA
Beginning log switch checkpoint up to RBA
Thread 1 advanced to log sequence 162
TNS-01180: Missing listener object UNDOTBS1 in Directory Server
Archived Log entry 613 added for thread 1 sequence 5545
Completed checkpoint up to RBA
Starting background process VKTM
ORA-27455: Only "SYS" is a valid schema for a UNDOTBS1 .
Undo initialization finished
Current log# 372 seq# 6225 mem# 0
Thread 1 advanced to log sequence 168
Archived Log entry 870 added for thread 1 sequence 8160
Starting background process VKTM
ORA-46053: Invalid Cookie specified
Current log# 190 seq# 4488 mem# 0
RMAN-06447: changed proxy copy available
Undo initialization finished
Thread 1 advanced to log sequence 19
Completed checkpoint up to RBA
Archived Log entry 82 added for thread 1 sequence 4457
PRVF-05401: Clock synchronization check using Network Time Protocol(NTP) failed
Completed checkpoint up to RBA
Beginning log switch checkpoint up to RBA
ARC0: Archival started
ORA-24032: object 3 exists, index could not be created for queue table ttprod2
Beginning log switch checkpoint up to RBA
Undo initialization finished
Archived Log entry 608 added for thread 1 sequence 9274
KUP-05005: Warning: Intra source concurrency disabled because a field of type RECNUM exists.
Current log# 825 seq# 8470 mem# 0
Archived Log entry 67 added for thread 1 sequence 9494
ORA-16501: the Data Guard broker operation failed
Errors in file /u01/app/oracle/diag/rdbms/ttprod/ttprod1/trace/ttprod1_ora_56528.trc
Beginning log switch checkpoint up to RBA
RMAN-06518: backup will be obsolete on date PK_CUSTOMER_ACCOUNTS
Beginning log switch checkpoint up to RBA
DRG-13008: cannot remove the DEFAULT sub lexer
Thread 1 advanced to log sequence 383
DRG-10759: invalid role
Completed checkpoint up to RBA
Starting background process VKTM
Beginning log switch checkpoint up to RBA
CRS-04223: Username is greater than number bytes
Completed checkpoint up to RBA
Current log# 378 seq# 2268 mem# 0
Thread 1 advanced to log sequence 396
ORA-13230: failed to create temporary table [ _SYSSMU12$ ] during R-tree creation
Undo initialization finished
Beginning log switch checkpoint up to RBA
Completed checkpoint up to RBA
Completed checkpoint up to RBA
Completed checkpoint up to RBA
TNS-12504: TNS:listener was not given the SERVICE_NAME in CONNECT_DATA
Thread 1 advanced to log sequence 49
Thread 1 advanced to log sequence 923
Starting background process VKTM
ORA-29288: invalid file name
Completed checkpoint up to RBA
RMAN-06616: RMAN output not resynced for database with DB_UNIQUE_NAME idx_users_email
Starting background process VKTM
Archived Log entry 786 added for thread 1 sequence 9946
ARC0: Archival started
Archived Log entry 711 added for thread 1 sequence 9053
RMAN-06519: backup will never be obsolete
Archived Log entry 830 added for thread 1 sequence 5782
Archived Log entry 423 added for thread 1 sequence 1852
PLS-00563: illegal use of CAST expression
Completed checkpoint up to RBA
Starting background process VKTM
DIA-48208: Duplicate Field Names [ pg_toast_12345 ]
Completed checkpoint up to RBA
ARC0: Archival started
Undo initialization finished
Beginning log switch checkpoint up to RBA
Undo initialization finished
ORA-02380: profile session_1123 does not exist
Thread 1 advanced to log sequence 248
Beginning log switch checkpoint up to RBA
NNO-00618: disabling AUTHORITY-REQUIRED on system queries
Errors in file /u01/app/oracle/diag/rdbms/ttprod/ttprod1/trace/ttprod1_ora_42673.trc
Completed checkpoint up to RBA
Beginning log switch checkpoint up to RBA
ORA-39912: Partitioned index 17 . SYSAUX in tablespace 5000 points to table SYSAUX . /u01/app/oracle/oradata/ttprod/users01.dbf in tablespace INVOICE_LINES_IDX outside of transportable set.
Undo initialization finished
Archived Log entry 883 added for thread 1 sequence 3156
PROC-00026: Error while accessing the physical storage
Undo initialization finished
PLS-00585: declared support library for opaque type is not a library
Starting background process VKTM
Starting background process VKTM
Starting background process VKTM
DIA-49427: No such file or file not accessible [ 1024 ]
Current log# 953 seq# 7342 mem# 0
Archived Log entry 417 added for thread 1 sequence 2415
Completed checkpoint up to RBA
RMAN-08119: skipping backup piece handle fk_order_customer ; already exists
ARC0: Archival started
ORA-00314: log CDR_STAGING of thread APP_USER42 , expected sequence# user_sessions doesn't match ttstandby01
Beginning log switch checkpoint up to RBA
Current log# 202 seq# 5901 mem# 0
Completed checkpoint up to RBA
Beginning log switch checkpoint up to RBA
Current log# 936 seq# 3957 mem# 0
TNS-12165: TNS:Trying to write trace file into swap space.
Beginning log switch checkpoint up to RBA
Completed checkpoint up to RBA
Starting background process VKTM
Thread 1 advanced to log sequence 804
Starting background process VKTM
CRS-04261: Diskgroup UNDOTBS1 is already configured with voting files
Thread 1 advanced to log sequence 268
Beginning log switch checkpoint up to RBA
Beginning log switch checkpoint up to RBA
ARC0: Archival started
NNL-00577: list_domains: list authoritative domains in the region or subtree
Archived Log entry 860 added for thread 1 sequence 3590
Current log# 221 seq# 2043 mem# 0
Starting background process VKTM
Thread 1 advanced to log sequence 843
Beginning log switch checkpoint up to RBA
CRS-04688: Oracle Clusterware is already stopped on server ' UNDOTBS1 '
Thread 1 advanced to log sequence 790
Current log# 144 seq# 3374 mem# 0
Thread 1 advanced to log sequence 412
ARC0: Archival started
Completed checkpoint up to RBA
DIA-48247: Predicate Conversion Error _SYSSMU7$
Errors in file /u01/app/oracle/diag/rdbms/ttprod/ttprod1/trace/ttprod1_ora_16484.trc
Completed checkpoint up to RBA
Undo initialization finished
ARC0: Archival started
Starting background process VKTM
RMAN-08157: script 5000 written to file ttprod1
Undo initialization finished
ORA-60019: Creating initial extent of size DATA_TS01 in tablespace of extent size /u01/app/oracle/oradata/ttprod/users01.dbf
Errors in file /u01/app/oracle/diag/rdbms/ttprod/ttprod1/trace/ttprod1_ora_88705.trc
Completed checkpoint up to RBA
Thread 1 advanced to log sequence 978
ARC0: Archival started
Thread 1 advanced to log sequence 67
ORA-25316: Late in the current transaction to begin an Enqueue/Dequeue operation
ARC0: Archival started
Current log# 970 seq# 5713 mem# 0
Thread 1 advanced to log sequence 897
PLS-00496: too few columns in SELECT...INTO statement after bursting record targets
Errors in file /u01/app/oracle/diag/rdbms/ttprod/ttprod1/trace/ttprod1_ora_10525.trc
Starting background process VKTM
UDE-00052: incorrect Data Pump client for operation: APP_USER42
Current log# 680 seq# 5860 mem# 0
Beginning log switch checkpoint up to RBA
ARC0: Archival started
Archived Log entry 376 added for thread 1 sequence 1980
Starting background process VKTM
NID-00482: Database is not aware of previous backups and archived logs in Recovery Area.
Current log# 278 seq# 6430 mem# 0
Archived Log entry 656 added for thread 1 sequence 6465
ORA-02457: The HASH IS option must specify a valid column
ARC0: Archival started
Undo initialization finished
ORA-31065: Cannot modify read-only property [ SP2-0552 ]
Current log# 446 seq# 6888 mem# 0
Completed checkpoint up to RBA
Completed checkpoint up to RBA
Completed checkpoint up to RBA
Starting background process VKTM
CRS-01710: Lease acquisition failed for node SP2-0552 because CSSD failed to access majority of voting files; Details at TNS_ADMIN in USERS
Starting background process VKTM
ORA-31496: must use DBMS_CDC_PUBLISH.DROP_CHANGE_TABLE to drop change tables
Errors in file /u01/app/oracle/diag/rdbms/ttprod/ttprod1/trace/ttprod1_ora_28678.trc
ARC0: Archival started
Starting background process VKTM
Undo initialization finished
Thread 1 advanced to log sequence 95
ORA-16205: DDL skipped due to skip setting
Current log# 825 seq# 6615 mem# 0
Thread 1 advanced to log sequence 950
Undo initialization finished
Completed checkpoint up to RBA
ORA-19125: FORG0005: fn:exactly-one() called with a sequence containing zero or more than one item
Current log# 105 seq# 4024 mem# 0
Beginning log switch checkpoint up to RBA
Completed checkpoint up to RBA
Beginning log switch checkpoint up to RBA
ARC0: Archival started
CRS-04741: Insufficient permissions on OCR key
Errors in file /u01/app/oracle/diag/rdbms/ttprod/ttprod1/trace/ttprod1_ora_55446.trc
Completed checkpoint up to RBA
Undo initialization finished
ARC0: Archival started
Thread 1 advanced to log sequence 723
Completed checkpoint up to RBA
RMAN-20206: log sequence not found in the repository
ARC0: Archival started
Thread 1 advanced to log sequence 439
Beginning log switch checkpoint up to RBA
Beginning log switch checkpoint up to RBA
ORA-64300: Invalid compression level specified
Undo initialization finished
Thread 1 advanced to log sequence 906
CLST-01303: successfully rolled back delete operation
Thread 1 advanced to log sequence 82
Archived Log entry 586 added for thread 1 sequence 3486
JMS-00157: IO Exception {0}
Errors in file /u01/app/oracle/diag/rdbms/ttprod/ttprod1/trace/ttprod1_ora_12660.trc
Starting background process VKTM
ARC0: Archival started
ARC0: Archival started
Thread 1 advanced to log sequence 966
Completed checkpoint up to RBA
NID-00407: Reversion of database ID failed.
Errors in file /u01/app/oracle/diag/rdbms/ttprod/ttprod1/trace/ttprod1_ora_27407.trc
Thread 1 advanced to log sequence 239
ORA-29815: object being associated is not present
Starting background process VKTM
KUP-11011: the following file is not valid for this load operation
Errors in file /u01/app/oracle/diag/rdbms/ttprod/ttprod1/trace/ttprod1_ora_81382.trc
ARC0: Archival started
Starting background process VKTM
ORA-56501: DRCP: Pool startup failed
Archived Log entry 682 added for thread 1 sequence 4749
Starting background process VKTM
Thread 1 advanced to log sequence 426
INS-40945: The specified public host INVOICE_LINES_IDX could not be resolved using TCP/IP host name lookup. It is recommended that the public host name is resolvable using TCP/IP lookup. This may avoid configuration failures at a later stage.
Errors in file /u01/app/oracle/diag/rdbms/ttprod/ttprod1/trace/ttprod1_ora_87516.trc
ARC0: Archival started
ARC0: Archival started
PCC-02102: Fatal error while doing C preprocessing
Errors in file /u01/app/oracle/diag/rdbms/ttprod/ttprod1/trace/ttprod1_ora_34340.trc
ARC0: Archival started
Completed checkpoint up to RBA
Archived Log entry 951 added for thread 1 sequence 8001
PRKR-01021: writing of version information failed, {0}, {1}
Beginning log switch checkpoint up to RBA
Beginning log switch checkpoint up to RBA
PGA-21114: cold starting for partner LU SP2-0552
Thread 1 advanced to log sequence 274
ORA-16127: stalled waiting for additional transactions to be applied
Starting background process VKTM
Starting background process VKTM
ORA-02056: 2PC: pk_orders : bad two-phase command number ttprod2 from ttprod1
Starting background process VKTM
Starting background process VKTM
Thread 1 advanced to log sequence 505
DRG-11100: unable to connect to the database
Undo initialization finished
RMAN-08303: To recompile all PL/SQL modules, run utlirp.sql and utlrp.sql on the target platform
ARC0: Archival started
Beginning log switch checkpoint up to RBA
Undo initialization finished
Undo initialization finished
ARC0: Archival started
RMAN-06485: changed archived log expired
Thread 1 advanced to log sequence 591
Completed checkpoint up to RBA
Beginning log switch checkpoint up to RBA
Undo initialization finished
ORA-02372: data for row: app_db
Completed checkpoint up to RBA
Thread 1 advanced to log sequence 37
ORA-06957: No SID is currently available
Beginning log switch checkpoint up to RBA
Beginning log switch checkpoint up to RBA
TNS-00134: Missing COMMUNITY component in addresses for the Navigator in TNSNAV.ORA
Completed checkpoint up to RBA
Current log# 715 seq# 7576 mem# 0
Archived Log entry 603 added for thread 1 sequence 8230
PLS-00495: too many columns in SELECT...INTO statement after bursting record targets
Errors in file /u01/app/oracle/diag/rdbms/ttprod/ttprod1/trace/ttprod1_ora_27549.trc
Archived Log entry 168 added for thread 1 sequence 3163
Starting background process VKTM
Current log# 511 seq# 8224 mem# 0
PLS-00601: partition extended object names may only be used with tables
Undo initialization finished
Starting background process VKTM
Starting background process VKTM
Thread 1 advanced to log sequence 249
RMAN-06773: connected to source recovery catalog database
Beginning log switch checkpoint up to RBA
Beginning log switch checkpoint up to RBA
IMP-00070: Lob definitions in dump file are inconsistent with database.
ARC0: Archival started
NNO-00308: server will restart in number seconds
Thread 1 advanced to log sequence 879
Undo initialization finished
Current log# 951 seq# 6233 mem# 0
Undo initialization finished
Beginning log switch checkpoint up to RBA
ORA-07252: spcre: semget error, could not allocate semaphores.
Completed checkpoint up to RBA
Undo initialization finished
Undo initialization finished
RMAN-06412: no proxy copy channel found
Errors in file /u01/app/oracle/diag/rdbms/ttprod/ttprod1/trace/ttprod1_ora_18106.trc
Thread 1 advanced to log sequence 301
Thread 1 advanced to log sequence 126
Beginning log switch checkpoint up to RBA
Archived Log entry 267 added for thread 1 sequence 4841
Starting background process VKTM
NID-00405: Reversion of database name and database ID failed.
Archived Log entry 134 added for thread 1 sequence 1930
ARC0: Archival started
ORA-32135: Cannot assign FILEs
Starting background process VKTM
Beginning log switch checkpoint up to RBA
Thread 1 advanced to log sequence 374
KUP-04092: attempt to audit directory object 42 returned internal error number
ARC0: Archival started
INS-30515: Insufficient space available in the selected disks.
Errors in file /u01/app/oracle/diag/rdbms/ttprod/ttprod1/trace/ttprod1_ora_19437.trc
Current log# 640 seq# 1545 mem# 0
Starting background process VKTM
Undo initialization finished
ARC0: Archival started
Current log# 102 seq# 2320 mem# 0
ORA-31604: invalid shared pool parameter " SYSAUX " for object type /u01/app/oracle/oradata/ttprod/users01.dbf in function pk_orders
Completed checkpoint up to RBA
RMAN-05017: no copy of datafile number found to recover
Starting background process VKTM
ORA-00123: idle public server terminating
Archived Log entry 373 added for thread 1 sequence 3783
Beginning log switch checkpoint up to RBA
DIA-49426: Directory inside ADR not allowed
Completed checkpoint up to RBA
PRKO-03032: Invalid instance name(s): {0}
Errors in file /u01/app/oracle/diag/rdbms/ttprod/ttprod1/trace/ttprod1_ora_20432.trc
ARC0: Archival started
NNF-04009: Usage: tns2nis <filename>
Starting background process VKTM
Beginning log switch checkpoint up to RBA
Archived Log entry 401 added for thread 1 sequence 3409
Current log# 942 seq# 5603 mem# 0
ORA-26526: materialized view sql ddl parse/expansion failed for ttstandby01 . UNDOTBS1
Beginning log switch checkpoint up to RBA
Starting background process VKTM
ARC0: Archival started
Current log# 200 seq# 5359 mem# 0
ORA-30040: Undo tablespace is offline
Undo initialization finished
ARC0: Archival started
Undo initialization finished
Starting background process VKTM
Starting background process VKTM
ORA-23615: Block number BILLING.CUST_ORDERS does not exist for script session_1123
Current log# 873 seq# 3798 mem# 0
Current log# 2 seq# 3821 mem# 0
Completed checkpoint up to RBA
Archived Log entry 327 added for thread 1 sequence 6701
CLST-01302: successfully deleted 5000 of _SYSSMU12$ configuration keys
Beginning log switch checkpoint up to RBA
Beginning log switch checkpoint up to RBA
Archived Log entry 363 added for thread 1 sequence 7901
Current log# 772 seq# 3145 mem# 0
ORA-41700: a conditions table already exists for the event structure
Archived Log entry 47 added for thread 1 sequence 2884
Undo initialization finished
ORA-00445: background process " 5000 " did not start after shared pool seconds
Completed checkpoint up to RBA
Completed checkpoint up to RBA
Completed checkpoint up to RBA
NZE-29000: Certificate not installed
Undo initialization finished
Completed checkpoint up to RBA
Current log# 407 seq# 8338 mem# 0
LPX-00013: wrong node type
Beginning log switch checkpoint up to RBA
Beginning log switch checkpoint up to RBA
Current log# 531 seq# 7167 mem# 0
Beginning log switch checkpoint up to RBA
Current log# 988 seq# 4744 mem# 0
PRVF-05614: 'nameserver' entry in file "{0}" on node "{1}" is "{2}" which differs from reference node
Errors in file /u01/app/oracle/diag/rdbms/ttprod/ttprod1/trace/ttprod1_ora_95513.trc
Beginning log switch checkpoint up to RBA
Starting background process VKTM
Beginning log switch checkpoint up to RBA
ORA-39960: scope can only be SYSTEM or SESSION
Thread 1 advanced to log sequence 146
Beginning log switch checkpoint up to RBA
Archived Log entry 235 added for thread 1 sequence 4765
Undo initialization finished
PRVF-04144: Media Sensing status check for TCP/IP cannot be performed on nodes:
Undo initialization finished
Current log# 657 seq# 8000 mem# 0
Starting background process VKTM
ORA-27071: unable to seek to desired position in file
Errors in file /u01/app/oracle/diag/rdbms/ttprod/ttprod1/trace/ttprod1_ora_99762.trc
ARC0: Archival started
ORA-00282: UPI fk_order_customer call not supported, use ALTER DATABASE RECOVER
Undo initialization finished
ARC0: Archival started
Thread 1 advanced to log sequence 120
ORA-32021: parameter value longer than session_1123 characters
