Fri Aug 14 02:00:00 2026
Undo initialization finished
Current log# 492 seq# 9862 mem# 0
Undo initialization finished
ARC0: Archival started
ORA-13052: unsupported geometric type for geometry APP_USER42 . pk_orders
Archived Log entry 852 added for thread 1 sequence 8591
Current log# 979 seq# 3637 mem# 0
PRCA-01000: ASM Disk Group {0} does not exist
Archived Log entry 299 added for thread 1 sequence 1109
Archived Log entry 331 added for thread 1 sequence 6528
Thread 1 advanced to log sequence 623
ORA-19709: numeric parameter must be non-negative integer
Current log# 613 seq# 1591 mem# 0
Thread 1 advanced to log sequence 834
Beginning log switch checkpoint up to RBA
Archived Log entry 459 added for thread 1 sequence 3522
ORA-00366: log PK_CUSTOMER_ACCOUNTS of thread APP_USER42 , checksum error in the file header
Archived Log entry 1 added for thread 1 sequence 8635
ARC0: Archival started
Starting background process VKTM
ARC0: Archival started
Undo initialization finished
LSX-00124: "list" element is improperly defined
Archived Log entry 10 added for thread 1 sequence 1024
Starting background process VKTM
ARC0: Archival started
Completed checkpoint up to RBA
Current log# 167 seq# 9963 mem# 0
ORA-12437: invalid policy option: app_db
ARC0: Archival started
Undo initialization finished
Thread 1 advanced to log sequence 424
PGA-21100: RRM initializing for local LU pk_orders
Archived Log entry 502 added for thread 1 sequence 3652
Starting background process VKTM
Current log# 266 seq# 2504 mem# 0
DIA-51108: unable to access diagnostic repository - retry command
Completed checkpoint up to RBA
Beginning log switch checkpoint up to RBA
Archived Log entry 987 added for thread 1 sequence 4183
Current log# 412 seq# 7368 mem# 0
XOQ-00500: no metadata provider "( SYSAUX )" available
Archived Log entry 819 added for thread 1 sequence 8745
Completed checkpoint up to RBA
Completed checkpoint up to RBA
Completed checkpoint up to RBA
Beginning log switch checkpoint up to RBA
RMAN-07500: searching for all files that match the pattern DATA_TS01
ARC0: Archival started
Current log# 831 seq# 7738 mem# 0
Thread 1 advanced to log sequence 256
Thread 1 advanced to log sequence 317
Thread 1 advanced to log sequence 594
ORA-14659: Partitioning method of the parent table is not supported
Beginning log switch checkpoint up to RBA
RMAN-04020: target database name " session_1123 " does not match channel's name: " BILLING.CUST_ORDERS "
Starting background process VKTM
Thread 1 advanced to log sequence 526
Starting background process VKTM
Completed checkpoint up to RBA
RMAN-10000: error parsing target database connect session_1123 " UNDOTBS1 "
Beginning log switch checkpoint up to RBA
Current log# 488 seq# 4312 mem# 0
ORA-07561: szprv: $IDTOASC failure
Errors in file /u01/app/oracle/diag/rdbms/ttprod/ttprod1/trace/ttprod1_ora_52133.trc
Thread 1 advanced to log sequence 225
Archived Log entry 147 added for thread 1 sequence 3827
Undo initialization finished
Undo initialization finished
Completed checkpoint up to RBA
ORA-24504: data length larger than expected
Archived Log entry 112 added for thread 1 sequence 7277
Starting background process VKTM
ORA-32576: missing TYPE keyword
Starting background process VKTM
Starting background process VKTM
Starting background process VKTM
Starting background process VKTM
Archived Log entry 328 added for thread 1 sequence 7161
XOQ-01974: Attribute map " pk_orders " is invalid.
Starting background process VKTM
Completed checkpoint up to RBA
ORA-53900: I/O failure pk_orders .
Errors in file /u01/app/oracle/diag/rdbms/ttprod/ttprod1/trace/ttprod1_ora_68262.trc
Completed checkpoint up to RBA
Completed checkpoint up to RBA
Thread 1 advanced to log sequence 566
PCC-02153: Open file: ttstandby01
Starting background process VKTM
NID-00407: Reversion of database ID failed.
Starting background process VKTM
ARC0: Archival started
ORA-04034: unable to shrink pool to specified size
ARC0: Archival started
Thread 1 advanced to log sequence 558
SQL-02152: Invalid numeric variable for use in an array GET/SET statement
Beginning log switch checkpoint up to RBA
Thread 1 advanced to log sequence 685
Thread 1 advanced to log sequence 358
NID-00404: DBNEWID - Completed succesfully.
Completed checkpoint up to RBA
Beginning log switch checkpoint up to RBA
Beginning log switch checkpoint up to RBA
Undo initialization finished
ORA-02167: LOGFILE clause specified more than once
ARC0: Archival started
Current log# 105 seq# 6947 mem# 0
Current log# 325 seq# 5146 mem# 0
DIA-48433: Unknown help topic
Archived Log entry 33 added for thread 1 sequence 6748
Archived Log entry 861 added for thread 1 sequence 6731
Current log# 1 seq# 2215 mem# 0
Completed checkpoint up to RBA
ORA-12619: TNS:unable to grant requested service
ARC0: Archival started
Thread 1 advanced to log sequence 286
RMAN-08300: Run SQL script PK_CUSTOMER_ACCOUNTS on the target platform to create database
Errors in file /u01/app/oracle/diag/rdbms/ttprod/ttprod1/trace/ttprod1_ora_72556.trc
Undo initialization finished
ARC0: Archival started
RMAN-06460: control file copy shared pool cannot be backed up by proxy.
ARC0: Archival started
TNS-00044: INTCTL: You must have an INTCHG.ORA file to contact the Connection Manager
Thread 1 advanced to log sequence 9
ARC0: Archival started
RMAN-08017: channel /u01/app/oracle/oradata/ttprod/users01.dbf : starting archived log restore to default destination
Errors in file /u01/app/oracle/diag/rdbms/ttprod/ttprod1/trace/ttprod1_ora_53056.trc
Beginning log switch checkpoint up to RBA
ORA-16451: A remote archival request has timed out.
Beginning log switch checkpoint up to RBA
Beginning log switch checkpoint up to RBA
Beginning log switch checkpoint up to RBA
Undo initialization finished
ORA-12070: cannot offline instantiate materialized view " 5000 "." 17 "
Beginning log switch checkpoint up to RBA
Thread 1 advanced to log sequence 725
Beginning log switch checkpoint up to RBA
ORA-06043: NETDNT: message send failure
Errors in file /u01/app/oracle/diag/rdbms/ttprod/ttprod1/trace/ttprod1_ora_18270.trc
Beginning log switch checkpoint up to RBA
ORA-33271: simulated paging error
Starting background process VKTM
Undo initialization finished
Current log# 171 seq# 8555 mem# 0
ORA-14025: PARTITION may not be specified for a materialized view or a materialized view log
Current log# 576 seq# 8992 mem# 0
Current log# 437 seq# 6957 mem# 0
Thread 1 advanced to log sequence 212
Archived Log entry 815 added for thread 1 sequence 7784
RMAN-08053: channel BILLING.CUST_ORDERS : finished piece reporting_schema at fk_order_customer with APP_USER42 copies and tag _SYSSMU12$
Completed checkpoint up to RBA
Current log# 174 seq# 4800 mem# 0
Starting background process VKTM
PRKH-03301: Invalid arguments
Undo initialization finished
Current log# 759 seq# 9990 mem# 0
DIA-49430: No such problem [ DATA_TS01 ]
Archived Log entry 447 added for thread 1 sequence 4404
ARC0: Archival started
Thread 1 advanced to log sequence 419
ORA-30135: OCI Thread operation fails
Errors in file /u01/app/oracle/diag/rdbms/ttprod/ttprod1/trace/ttprod1_ora_69574.trc
Archived Log entry 377 added for thread 1 sequence 3728
Completed checkpoint up to RBA
ARC0: Archival started
ARC0: Archival started
ORA-23381: generated object for base object ttstandby01 . fk_order_customer @ /u01/app/oracle/oradata/ttprod/users01.dbf does not exist
Errors in file /u01/app/oracle/diag/rdbms/ttprod/ttprod1/trace/ttprod1_ora_91732.trc
Beginning log switch checkpoint up to RBA
ORA-34342: (MXDSS01) IMPORTANT: Analytic workspace 1024 is read-only. Therefore, you will not be able to use the UPDATE command to save changes to it.
Thread 1 advanced to log sequence 471
ORA-30569: data type of given column is not supported in a log group
ARC0: Archival started
Current log# 603 seq# 6901 mem# 0
Starting background process VKTM
Archived Log entry 461 added for thread 1 sequence 9354
ORA-16269: PL/SQL procedure skipped due to failure on primary database
Undo initialization finished
Completed checkpoint up to RBA
Completed checkpoint up to RBA
Current log# 944 seq# 9796 mem# 0
PCC-00070: Illegal syntax, Exponential value in SQL statement: session_1123
Errors in file /u01/app/oracle/diag/rdbms/ttprod/ttprod1/trace/ttprod1_ora_17482.trc
ARC0: Archival started
Starting background process VKTM
Undo initialization finished
Completed checkpoint up to RBA
ARC0: Archival started
NMP-00008: SNMP message has incorrect version, version 0 is required
Archived Log entry 751 added for thread 1 sequence 3897
LPX-00269: all three access functions (open/close/read) must be provided
Errors in file /u01/app/oracle/diag/rdbms/ttprod/ttprod1/trace/ttprod1_ora_54013.trc
Undo initialization finished
Archived Log entry 53 added for thread 1 sequence 5866
ORA-02279: duplicate or conflicting MINVALUE/NOMINVALUE specifications
Archived Log entry 833 added for thread 1 sequence 6889
Undo initialization finished
OCI-00601: cleanup lock conflict
Beginning log switch checkpoint up to RBA
ARC0: Archival started
Completed checkpoint up to RBA
Archived Log entry 395 added for thread 1 sequence 8826
ARC0: Archival started
PLS-00232: nested packages not permitted
Errors in file /u01/app/oracle/diag/rdbms/ttprod/ttprod1/trace/ttprod1_ora_71061.trc
Thread 1 advanced to log sequence 882
ARC0: Archival started
ORA-02260: table can have only one primary key
Undo initialization finished
PRCH-01011: Failed to start Listener
Starting background process VKTM
Undo initialization finished
Thread 1 advanced to log sequence 334
Starting background process VKTM
RMAN-08605: channel _SYSSMU7$ : SID= app_db instance= APP_USER42 device type= ttprod1
Completed checkpoint up to RBA
ORA-31069: Cannot apply typed changes to non-schema-based XMLType nodes
Errors in file /u01/app/oracle/diag/rdbms/ttprod/ttprod1/trace/ttprod1_ora_86795.trc
Undo initialization finished
Current log# 746 seq# 7723 mem# 0
ARC0: Archival started
ARC0: Archival started
Starting background process VKTM
NID-00398: Changing database ID from number to number
ARC0: Archival started
Thread 1 advanced to log sequence 873
EXP-00017: feature " INVOICE_LINES_IDX " is needed, but not present in database
Thread 1 advanced to log sequence 302
Archived Log entry 727 added for thread 1 sequence 2720
Current log# 208 seq# 8043 mem# 0
Beginning log switch checkpoint up to RBA
Undo initialization finished
ORA-31666: Master process _SYSSMU7$ had an unhandled exception.
Current log# 667 seq# 1283 mem# 0
Thread 1 advanced to log sequence 542
Undo initialization finished
Archived Log entry 297 added for thread 1 sequence 8092
ORA-31128: The event handler calls cannot exceed the depth of shared pool
Starting background process VKTM
Archived Log entry 988 added for thread 1 sequence 4069
Current log# 842 seq# 8479 mem# 0
Thread 1 advanced to log sequence 277
Thread 1 advanced to log sequence 175
ORA-16662: network timeout when contacting a database
Archived Log entry 481 added for thread 1 sequence 1902
PLS-00147: LIBRARY or ASSEMBLY file specification session_1123 is empty
Thread 1 advanced to log sequence 419
Current log# 461 seq# 7979 mem# 0
Starting background process VKTM
Thread 1 advanced to log sequence 675
Thread 1 advanced to log sequence 642
ORA-12707: error while getting create database NLS parameter 1024
Errors in file /u01/app/oracle/diag/rdbms/ttprod/ttprod1/trace/ttprod1_ora_62321.trc
Completed checkpoint up to RBA
Current log# 811 seq# 2372 mem# 0
Current log# 4 seq# 7823 mem# 0
Starting background process VKTM
JMS-00240: Illegal attempt to call setClientID after other actions.
Errors in file /u01/app/oracle/diag/rdbms/ttprod/ttprod1/trace/ttprod1_ora_22146.trc
ARC0: Archival started
Completed checkpoint up to RBA
ORA-09207: sfsrd: error reading from file
Errors in file /u01/app/oracle/diag/rdbms/ttprod/ttprod1/trace/ttprod1_ora_13889.trc
Completed checkpoint up to RBA
Starting background process VKTM
Archived Log entry 443 added for thread 1 sequence 9444
Undo initialization finished
RDE-00050: provider initialization for universe " idx_users_email " failed.
Thread 1 advanced to log sequence 403
Thread 1 advanced to log sequence 955
ORA-28028: could not authenticate remote server
ARC0: Archival started
ORA-42030: cannot online redefine table " reporting_schema "." 42 " with commit SCN-based MV log
Errors in file /u01/app/oracle/diag/rdbms/ttprod/ttprod1/trace/ttprod1_ora_19713.trc
Current log# 984 seq# 2319 mem# 0
Starting background process VKTM
Thread 1 advanced to log sequence 585
Undo initialization finished
ARC0: Archival started
PRCD-01226: Failed to retrieve ASM Cluster Filesystem resource {0} for database {1}.
Completed checkpoint up to RBA
Starting background process VKTM
Starting background process VKTM
Archived Log entry 862 added for thread 1 sequence 1531
Undo initialization finished
ORA-26853: invalid cca maximum percentage DATA_TS01
Errors in file /u01/app/oracle/diag/rdbms/ttprod/ttprod1/trace/ttprod1_ora_50518.trc
ARC0: Archival started
Beginning log switch checkpoint up to RBA
Completed checkpoint up to RBA
RMAN-06098: the target database must be mounted when issuing a BACKUP command
Thread 1 advanced to log sequence 111
Undo initialization finished
Thread 1 advanced to log sequence 161
Thread 1 advanced to log sequence 643
Thread 1 advanced to log sequence 246
RMAN-06060: WARNING: skipping datafile compromises tablespace USERS recoverability
Current log# 103 seq# 8112 mem# 0
Completed checkpoint up to RBA
Starting background process VKTM
ORA-16201: Skip procedure requested to apply statement
Errors in file /u01/app/oracle/diag/rdbms/ttprod/ttprod1/trace/ttprod1_ora_72307.trc
Beginning log switch checkpoint up to RBA
ARC0: Archival started
ARC0: Archival started
Completed checkpoint up to RBA
ORA-13500: SYSAUX DATAFILE clause specified more than once
ARC0: Archival started
Archived Log entry 828 added for thread 1 sequence 8284
Undo initialization finished
TNS-00224: No more connections available
Completed checkpoint up to RBA
Completed checkpoint up to RBA
Undo initialization finished
PLS-00312: a positional parameter association may not follow a named association
Starting background process VKTM
Undo initialization finished
Completed checkpoint up to RBA
Completed checkpoint up to RBA
ORA-46062: Namespace not specified
ARC0: Archival started
Beginning log switch checkpoint up to RBA
Completed checkpoint up to RBA
Completed checkpoint up to RBA
ORA-13145: failed to generate range list
Errors in file /u01/app/oracle/diag/rdbms/ttprod/ttprod1/trace/ttprod1_ora_25854.trc
Beginning log switch checkpoint up to RBA
Thread 1 advanced to log sequence 477
Current log# 279 seq# 8929 mem# 0
Starting background process VKTM
Undo initialization finished
ORA-19756: corrupt block number _SYSSMU7$ found in change tracking file
Archived Log entry 680 added for thread 1 sequence 7061
Starting background process VKTM
NNL-00549: Displays stream usage statistics
Current log# 556 seq# 2852 mem# 0
Thread 1 advanced to log sequence 398
ORA-07826: sspscm: SYS$GETDVIW failure
Beginning log switch checkpoint up to RBA
RMAN-04032: using contents of file 17
Thread 1 advanced to log sequence 146
ARC0: Archival started
Completed checkpoint up to RBA
Completed checkpoint up to RBA
ORA-02705: osnpol: polling of communication channel failed
Archived Log entry 257 added for thread 1 sequence 3792
Completed checkpoint up to RBA
ARC0: Archival started
Thread 1 advanced to log sequence 848
ORA-16202: Skip procedure requested to replace statement
Undo initialization finished
ORA-27033: failed to obtain file size limit
Thread 1 advanced to log sequence 919
ARC0: Archival started
JMS-00210: XML Parse Exception
Errors in file /u01/app/oracle/diag/rdbms/ttprod/ttprod1/trace/ttprod1_ora_53641.trc
Starting background process VKTM
Starting background process VKTM
Current log# 918 seq# 8853 mem# 0
ORA-36912: (XSAGDNGL48) In AGGMAP workspace object , MODEL workspace object cannot be simultaneous.
Current log# 572 seq# 6924 mem# 0
Beginning log switch checkpoint up to RBA
Undo initialization finished
Completed checkpoint up to RBA
ARC0: Archival started
ORA-15053: diskgroup " app_db " contains existing files
ARC0: Archival started
Current log# 208 seq# 5319 mem# 0
Undo initialization finished
Beginning log switch checkpoint up to RBA
DIA-49405: Cannot change package name [ DATA_TS01 ] [ BILLING.CUST_ORDERS ]
Completed checkpoint up to RBA
Thread 1 advanced to log sequence 629
Current log# 210 seq# 2530 mem# 0
RMAN-06947: searching flashback logs for block images until SCN ttprod1
Starting background process VKTM
Completed checkpoint up to RBA
RMAN-08616: validating blocks 1024 through _SYSSMU7$
ARC0: Archival started
ARC0: Archival started
Undo initialization finished
Archived Log entry 459 added for thread 1 sequence 6427
Archived Log entry 675 added for thread 1 sequence 2729
ORA-06733: TLI Driver: failed to receive disconnect
Errors in file /u01/app/oracle/diag/rdbms/ttprod/ttprod1/trace/ttprod1_ora_97610.trc
Beginning log switch checkpoint up to RBA
ARC0: Archival started
ARC0: Archival started
Completed checkpoint up to RBA
RMAN-08554: channel NETWORK_OPS.SIM_INVENTORY : restoring spfile from AUTOBACKUP 1024
Errors in file /u01/app/oracle/diag/rdbms/ttprod/ttprod1/trace/ttprod1_ora_61528.trc
Starting background process VKTM
ORA-55306: internal error: invalid reporting_schema : value_name= /u01/app/oracle/oradata/ttprod/users01.dbf value_type= APP_USER42
Thread 1 advanced to log sequence 17
PRVF-05436: The NTP daemon running on one or more nodes lacks the slewing option "{0}"
Errors in file /u01/app/oracle/diag/rdbms/ttprod/ttprod1/trace/ttprod1_ora_19378.trc
ARC0: Archival started
KUP-05007: Warning: Intra source concurrency disabled because the preprocessor option is being used.
Completed checkpoint up to RBA
Thread 1 advanced to log sequence 531
Thread 1 advanced to log sequence 238
PCC-02458: Outline name length exceeds the allowed limit
Thread 1 advanced to log sequence 332
Undo initialization finished
Current log# 179 seq# 3963 mem# 0
Beginning log switch checkpoint up to RBA
ORA-30078: partition bound must be TIME/TIMESTAMP WITH TIME ZONE literals
Starting background process VKTM
ARC0: Archival started
EXP-00012: _SYSSMU7$ is not a valid export mode
Archived Log entry 497 added for thread 1 sequence 2086
Archived Log entry 884 added for thread 1 sequence 5993
ARC0: Archival started
PCC-02103: Password:
Beginning log switch checkpoint up to RBA
Beginning log switch checkpoint up to RBA
Thread 1 advanced to log sequence 536
Beginning log switch checkpoint up to RBA
Archived Log entry 46 added for thread 1 sequence 1800
PROT-00603: Oracle Cluster Registry is logically corrupted
Starting background process VKTM
Current log# 167 seq# 5763 mem# 0
ARC0: Archival started
Starting background process VKTM
RMAN-08129: failover to piece handle= TNS_ADMIN tag= 5000
Archived Log entry 92 added for thread 1 sequence 7709
ARC0: Archival started
Thread 1 advanced to log sequence 864
ORA-47222: error creating Label BILLING.CUST_ORDERS for Identity _SYSSMU12$ . TNS_ADMIN under OLS Policy DATA_TS01 , session_1123
Errors in file /u01/app/oracle/diag/rdbms/ttprod/ttprod1/trace/ttprod1_ora_92259.trc
Starting background process VKTM
INS-08110: Invalid checkpoint file ' 42 '.
ARC0: Archival started
Current log# 197 seq# 8120 mem# 0
Starting background process VKTM
Beginning log switch checkpoint up to RBA
ORA-02084: database name is missing a component
Archived Log entry 743 added for thread 1 sequence 1965
ORA-39945: Token conflicting with existing tokens.
Beginning log switch checkpoint up to RBA
ARC0: Archival started
Current log# 234 seq# 2245 mem# 0
Starting background process VKTM
NCR-04023: NCRR: Invalid object descriptor
Errors in file /u01/app/oracle/diag/rdbms/ttprod/ttprod1/trace/ttprod1_ora_72651.trc
Thread 1 advanced to log sequence 786
Completed checkpoint up to RBA
ARC0: Archival started
Thread 1 advanced to log sequence 193
ARC0: Archival started
ORA-19921: maximum number of ttprod1 rows exceeded
Current log# 713 seq# 2139 mem# 0
Archived Log entry 54 added for thread 1 sequence 1004
ORA-29502: NAMED keyword required in CREATE JAVA RESOURCE
Errors in file /u01/app/oracle/diag/rdbms/ttprod/ttprod1/trace/ttprod1_ora_92555.trc
Beginning log switch checkpoint up to RBA
Starting background process VKTM
Current log# 438 seq# 1240 mem# 0
Starting background process VKTM
Archived Log entry 615 added for thread 1 sequence 7595
ORA-31644: unable to position to block number SYSAUX in dump file " ttprod1 "
Errors in file /u01/app/oracle/diag/rdbms/ttprod/ttprod1/trace/ttprod1_ora_72732.trc
Starting background process VKTM
RMAN-06608: RMAN configuration has no stored or default parameters
Errors in file /u01/app/oracle/diag/rdbms/ttprod/ttprod1/trace/ttprod1_ora_75196.trc
Beginning log switch checkpoint up to RBA
Undo initialization finished
Undo initialization finished
Current log# 489 seq# 9899 mem# 0
NNO-00310: server restart countdown aborted
Beginning log switch checkpoint up to RBA
Undo initialization finished
ARC0: Archival started
ARC0: Archival started
Beginning log switch checkpoint up to RBA
PLS-00178: a static character expression must be used
ARC0: Archival started
Current log# 919 seq# 8110 mem# 0
Current log# 912 seq# 7556 mem# 0
ORA-16128: User initiated stop apply successfully completed
Errors in file /u01/app/oracle/diag/rdbms/ttprod/ttprod1/trace/ttprod1_ora_60883.trc
Undo initialization finished
Starting background process VKTM
Undo initialization finished
ORA-28071: The action is not valid.
Current log# 683 seq# 3176 mem# 0
Current log# 651 seq# 6128 mem# 0
Thread 1 advanced to log sequence 675
Starting background process VKTM
ORA-28122: can not update SYS_DEFAULT policy group
Errors in file /u01/app/oracle/diag/rdbms/ttprod/ttprod1/trace/ttprod1_ora_71332.trc
Archived Log entry 212 added for thread 1 sequence 2438
Starting background process VKTM
ORA-31093: null or invalid value specified for parameter : 3
ARC0: Archival started
RMAN-06446: changed proxy copy unavailable
Errors in file /u01/app/oracle/diag/rdbms/ttprod/ttprod1/trace/ttprod1_ora_37600.trc
Undo initialization finished
Completed checkpoint up to RBA
Archived Log entry 422 added for thread 1 sequence 7923
ARC0: Archival started
ARC0: Archival started
ORA-22814: attribute or element value is larger than specified in type
Completed checkpoint up to RBA
Thread 1 advanced to log sequence 817
Current log# 550 seq# 3519 mem# 0
Beginning log switch checkpoint up to RBA
Undo initialization finished
RMAN-06024: no backup or copy of the control file found to restore
Undo initialization finished
Starting background process VKTM
Current log# 246 seq# 1964 mem# 0
Completed checkpoint up to RBA
Completed checkpoint up to RBA
PCC-00140: CREATE FUNCTION/PROCEDURE/PACKAGE/TRIGGER are Oracle extensions
Errors in file /u01/app/oracle/diag/rdbms/ttprod/ttprod1/trace/ttprod1_ora_77187.trc
ARC0: Archival started
Beginning log switch checkpoint up to RBA
Thread 1 advanced to log sequence 319
Beginning log switch checkpoint up to RBA
Current log# 317 seq# 6306 mem# 0
ORA-08007: Further changes to this block by this transaction not allowed
Errors in file /u01/app/oracle/diag/rdbms/ttprod/ttprod1/trace/ttprod1_ora_88156.trc
ARC0: Archival started
ARC0: Archival started
NID-00372: Change database ID and database name SYSAUX to large pool ? (Y/[N]) =>
Errors in file /u01/app/oracle/diag/rdbms/ttprod/ttprod1/trace/ttprod1_ora_94822.trc
Archived Log entry 84 added for thread 1 sequence 9478
Current log# 584 seq# 6059 mem# 0
Starting background process VKTM
Undo initialization finished
ARC0: Archival started
ORA-15268: internal Oracle file SP2-0552 already exists.
Archived Log entry 150 added for thread 1 sequence 5027
RMAN-06906: backup of control file was cancelled
Completed checkpoint up to RBA
Current log# 945 seq# 4336 mem# 0
PGA-22010: userid SYSAUX length of number is invalid; maximum length is number
Archived Log entry 802 added for thread 1 sequence 8949
Current log# 968 seq# 9586 mem# 0
Starting background process VKTM
Thread 1 advanced to log sequence 331
Current log# 696 seq# 7664 mem# 0
ORA-27543: Failed to cancel outstanding IPC request
Errors in file /u01/app/oracle/diag/rdbms/ttprod/ttprod1/trace/ttprod1_ora_17201.trc
Undo initialization finished
Current log# 937 seq# 1439 mem# 0
Archived Log entry 557 added for thread 1 sequence 9068
Thread 1 advanced to log sequence 53
Thread 1 advanced to log sequence 930
ORA-16282: operation not permitted during rolling upgrade
Archived Log entry 37 added for thread 1 sequence 5570
Current log# 52 seq# 7347 mem# 0
Starting background process VKTM
ORA-10917: TABLESPACE GROUP cannot be specified
Archived Log entry 789 added for thread 1 sequence 1556
ARC0: Archival started
NID-00503: DBNAME New database name (NONE)
Starting background process VKTM
Completed checkpoint up to RBA
Starting background process VKTM
ORA-28664: a partitioned table may not be coalesced as a whole
Current log# 224 seq# 4800 mem# 0
Archived Log entry 91 added for thread 1 sequence 2506
Current log# 535 seq# 2978 mem# 0
ORA-13462: invalid blocking specification
Completed checkpoint up to RBA
ARC0: Archival started
Starting background process VKTM
Completed checkpoint up to RBA
ORA-22882: object creation failed
Errors in file /u01/app/oracle/diag/rdbms/ttprod/ttprod1/trace/ttprod1_ora_78978.trc
Completed checkpoint up to RBA
Completed checkpoint up to RBA
Current log# 189 seq# 7637 mem# 0
Starting background process VKTM
ORA-26565: Call to <type>_arg made before calling dbms_defer.call
Thread 1 advanced to log sequence 575
ORA-12229: TNS:Interchange has no more free connections
Undo initialization finished
Undo initialization finished
ORA-31664: unable to construct unique job name when defaulted
Undo initialization finished
Completed checkpoint up to RBA
NNO-00627: cancelling auto-refresh of name " NETWORK_OPS.SIM_INVENTORY ", type " large pool "
Undo initialization finished
Thread 1 advanced to log sequence 719
Starting background process VKTM
Current log# 239 seq# 9832 mem# 0
Thread 1 advanced to log sequence 378
DIA-48458: "show incident" failed due to the following errors
Starting background process VKTM
Current log# 758 seq# 4325 mem# 0
ARC0: Archival started
LPX-01119: [FODT0001] Overflow/underflow in date/time operation
Beginning log switch checkpoint up to RBA
Archived Log entry 78 added for thread 1 sequence 5076
RMAN-06226: Automatic instance removed
Beginning log switch checkpoint up to RBA
Undo initialization finished
Undo initialization finished
ORA-03174: STANDBY_MAX_DATA_DELAY does not apply to SYS users
Current log# 32 seq# 8153 mem# 0
Archived Log entry 980 added for thread 1 sequence 3151
Beginning log switch checkpoint up to RBA
Current log# 665 seq# 8980 mem# 0
NPL-00309: requested ASN.1 type tag pk_orders does not match received type tag pk_orders
Starting background process VKTM
RMAN-05050: flashing back control file to SCN APP_USER42
Starting background process VKTM
Current log# 931 seq# 6176 mem# 0
ORA-14636: only 2 resulting subpartition can be specified for SPLIT SUBPARTITION
Errors in file /u01/app/oracle/diag/rdbms/ttprod/ttprod1/trace/ttprod1_ora_34671.trc
Thread 1 advanced to log sequence 175
Beginning log switch checkpoint up to RBA
Archived Log entry 468 added for thread 1 sequence 2519
RMAN-03015: error occurred in stored script /u01/app/oracle/oradata/ttprod/users01.dbf
Thread 1 advanced to log sequence 817
Starting background process VKTM
Archived Log entry 282 added for thread 1 sequence 7678
ORA-01326: compatability of 9.0 or greater required to build into the logstream
Starting background process VKTM
Starting background process VKTM
Archived Log entry 69 added for thread 1 sequence 8350
Undo initialization finished
Thread 1 advanced to log sequence 543
QSM-01054: no join match between query and summary, _SYSSMU7$
Undo initialization finished
ORA-37016: (XSACQUIRE01) You must specify objects to acquire for the ACQUIRE command.
Undo initialization finished
Undo initialization finished
ORA-26058: unexpected error fetching metadata for column pk_orders in table CRM.CALL_DETAIL_RECORDS
Beginning log switch checkpoint up to RBA
Starting background process VKTM
Completed checkpoint up to RBA
NID-00121: Database should not be open
Archived Log entry 316 added for thread 1 sequence 1886
ORA-39930: Violation 17 .
Thread 1 advanced to log sequence 383
Archived Log entry 335 added for thread 1 sequence 4358
Thread 1 advanced to log sequence 407
Current log# 740 seq# 7587 mem# 0
PRKO-02430: -A <name|ip>/netmask[/if1[|if2] should be specified with -n <node_name> for modifying VIP.
ARC0: Archival started
Completed checkpoint up to RBA
ORA-16204: DDL successfully applied
Starting background process VKTM
Thread 1 advanced to log sequence 471
Undo initialization finished
Undo initialization finished
ORA-02226: invalid MAXEXTENTS value (max allowed: session_1123 )
Archived Log entry 367 added for thread 1 sequence 4003
Beginning log switch checkpoint up to RBA
ORA-32338: on commit refresh grab all the detailed tables
Errors in file /u01/app/oracle/diag/rdbms/ttprod/ttprod1/trace/ttprod1_ora_10163.trc
Current log# 247 seq# 6341 mem# 0
Current log# 92 seq# 1302 mem# 0
Current log# 282 seq# 1361 mem# 0
ORA-22130: buffer size [ NETWORK_OPS.SIM_INVENTORY ] is less than the required size [ DATA_TS01 ]
Thread 1 advanced to log sequence 157
Completed checkpoint up to RBA
Current log# 965 seq# 9911 mem# 0
ORA-38757: Database must be mounted and not open to FLASHBACK.
Completed checkpoint up to RBA
Current log# 88 seq# 3683 mem# 0
Archived Log entry 927 added for thread 1 sequence 8127
Thread 1 advanced to log sequence 309
ORA-08210: Requested I/O error
Errors in file /u01/app/oracle/diag/rdbms/ttprod/ttprod1/trace/ttprod1_ora_14794.trc
Starting background process VKTM
Undo initialization finished
ARC0: Archival started
LPX-00103: document structure does not match DTD
Archived Log entry 552 added for thread 1 sequence 6818
Undo initialization finished
Thread 1 advanced to log sequence 804
Archived Log entry 13 added for thread 1 sequence 6284
ORA-07842: sllfcl: SYS$CLOSE failure
Beginning log switch checkpoint up to RBA
Completed checkpoint up to RBA
Completed checkpoint up to RBA
Undo initialization finished
ORA-14023: creation of GLOBAL partitioned cluster indices is not supported
Current log# 977 seq# 4137 mem# 0
ARC0: Archival started
Thread 1 advanced to log sequence 785
Archived Log entry 845 added for thread 1 sequence 9088
ORA-07507: scgcm: unexpected lock status condition
Archived Log entry 932 added for thread 1 sequence 4365
Thread 1 advanced to log sequence 972
Thread 1 advanced to log sequence 53
Completed checkpoint up to RBA
ORA-16516: current state is invalid for the attempted operation
Completed checkpoint up to RBA
Thread 1 advanced to log sequence 549
Starting background process VKTM
Current log# 6 seq# 4694 mem# 0
Current log# 822 seq# 9828 mem# 0
ORA-19110: unsupported XQuery expression
Current log# 597 seq# 1448 mem# 0
ORA-44711: XPath refers to an untranslatable element
Starting background process VKTM
Beginning log switch checkpoint up to RBA
RMAN-08527: channel 42 : starting BILLING.CUST_ORDERS proxy datafile backup at 42
Errors in file /u01/app/oracle/diag/rdbms/ttprod/ttprod1/trace/ttprod1_ora_27522.trc
Beginning log switch checkpoint up to RBA
Completed checkpoint up to RBA
Current log# 55 seq# 3240 mem# 0
PRVF-04529: Host-guid of node "{0}" is not unique
Current log# 180 seq# 3224 mem# 0
XOQ-01980: Dimension " NETWORK_OPS.SIM_INVENTORY " is created before the attribute cube GID relation is added.
Archived Log entry 729 added for thread 1 sequence 5925
Thread 1 advanced to log sequence 393
Current log# 545 seq# 7600 mem# 0
ORA-13251: duplicate entry PK_CUSTOMER_ACCOUNTS in metadata table
Thread 1 advanced to log sequence 416
Undo initialization finished
Starting background process VKTM
Undo initialization finished
Archived Log entry 792 added for thread 1 sequence 5129
ORA-32588: supplemental logging attribute USERS exists
Undo initialization finished
Completed checkpoint up to RBA
Undo initialization finished
IMG-00716: source image format does not support process options
Thread 1 advanced to log sequence 430
ARC0: Archival started
TNS-00302: Connection Manager: Unknown Request
Thread 1 advanced to log sequence 419
Undo initialization finished
Current log# 733 seq# 1118 mem# 0
ORA-06959: Buffer I/O quota is too small
Completed checkpoint up to RBA
ORA-55610: Invalid DDL statement on history-tracked table
Archived Log entry 145 added for thread 1 sequence 1573
Completed checkpoint up to RBA
Current log# 761 seq# 2389 mem# 0
Undo initialization finished
ARC0: Archival started
PRIF-00010: failed to initialize the cluster registry
Errors in file /u01/app/oracle/diag/rdbms/ttprod/ttprod1/trace/ttprod1_ora_90676.trc
Starting background process VKTM
Beginning log switch checkpoint up to RBA
Beginning log switch checkpoint up to RBA
RMAN-05545: WARNING: Until SCN APP_USER42 is ahead of SCN of last full resync of recovery catalog: 1024
Completed checkpoint up to RBA
ARC0: Archival started
ARC0: Archival started
Completed checkpoint up to RBA
ORA-31217: DBMS_LDAP: PL/SQL - Invalid LDAP newparent.
Completed checkpoint up to RBA
Completed checkpoint up to RBA
NNL-00517: Insert-replaces a data item under an existing name
Archived Log entry 855 added for thread 1 sequence 2338
RMAN-08044: channel _SYSSMU12$ : finished piece CDR_STAGING at 17
Beginning log switch checkpoint up to RBA
ARC0: Archival started
Thread 1 advanced to log sequence 88
ORA-38417: attribute set session_1123 does not exist
Archived Log entry 954 added for thread 1 sequence 1076
Archived Log entry 286 added for thread 1 sequence 6728
ORA-48004: unable to allocate BILLING.CUST_ORDERS bytes of shared memory (" pg_toast_12345 "," 5000 "," large pool "," pk_orders ")
Completed checkpoint up to RBA
Thread 1 advanced to log sequence 649
OCI-31159: XML DB is in an invalid state
Undo initialization finished
ARC0: Archival started
Thread 1 advanced to log sequence 188
Completed checkpoint up to RBA
Starting background process VKTM
ORA-30746: error occured while trying to drop column " ttprod2 " in table " 5000 "
Thread 1 advanced to log sequence 219
Starting background process VKTM
ARC0: Archival started
Archived Log entry 313 added for thread 1 sequence 6914
Beginning log switch checkpoint up to RBA
ORA-16401: archive log rejected by Remote File Server (RFS)
Completed checkpoint up to RBA
ARC0: Archival started
Archived Log entry 457 added for thread 1 sequence 3556
ARC0: Archival started
Undo initialization finished
PRKO-03116: '-g' or '-r' option should be provided
Thread 1 advanced to log sequence 632
Thread 1 advanced to log sequence 700
Archived Log entry 83 added for thread 1 sequence 2218
Undo initialization finished
Archived Log entry 235 added for thread 1 sequence 5971
IMG-00586: output format does not support the specified pixelOrder
Completed checkpoint up to RBA
Archived Log entry 507 added for thread 1 sequence 2567
Beginning log switch checkpoint up to RBA
Thread 1 advanced to log sequence 596
ARC0: Archival started
ORA-39112: Dependent object type CDR_STAGING skipped, base object type TNS_ADMIN creation failed
Beginning log switch checkpoint up to RBA
Undo initialization finished
Current log# 583 seq# 6908 mem# 0
Thread 1 advanced to log sequence 527
ORA-32642: non-unique cell values from the ORDER BY clause
Undo initialization finished
Beginning log switch checkpoint up to RBA
PLW-05013: second parameter to pragma INLINE ' session_1123 ' is not 'YES' or 'NO'
Errors in file /u01/app/oracle/diag/rdbms/ttprod/ttprod1/trace/ttprod1_ora_69723.trc
Thread 1 advanced to log sequence 248
Current log# 628 seq# 4690 mem# 0
Beginning log switch checkpoint up to RBA
ARC0: Archival started
ORA-39929: Table 42 . ttprod1 in tablespace TNS_ADMIN has encrypted columns which are not supported.
Errors in file /u01/app/oracle/diag/rdbms/ttprod/ttprod1/trace/ttprod1_ora_91960.trc
Thread 1 advanced to log sequence 542
Beginning log switch checkpoint up to RBA
ORA-00359: logfile group ttstandby01 does not exist
Thread 1 advanced to log sequence 788
PRCI-01131: Failed to check CRS configuration state on node {1}
Completed checkpoint up to RBA
Beginning log switch checkpoint up to RBA
Thread 1 advanced to log sequence 623
Thread 1 advanced to log sequence 665
ORA-10970: backout event for bug 2133357
Current log# 959 seq# 9163 mem# 0
ARC0: Archival started
Beginning log switch checkpoint up to RBA
ARC0: Archival started
ARC0: Archival started
ORA-12668: Dedicated server: outbound protocol does not support proxies
Undo initialization finished
Current log# 477 seq# 5060 mem# 0
Starting background process VKTM
ORA-01949: ROLE keyword expected
Errors in file /u01/app/oracle/diag/rdbms/ttprod/ttprod1/trace/ttprod1_ora_20159.trc
Undo initialization finished
Completed checkpoint up to RBA
Thread 1 advanced to log sequence 970
TNS-04209: Trace Assistant Internal ERROR: Type Error
Undo initialization finished
Beginning log switch checkpoint up to RBA
ORA-27059: could not reduce file size
Errors in file /u01/app/oracle/diag/rdbms/ttprod/ttprod1/trace/ttprod1_ora_10722.trc
ARC0: Archival started
ORA-13511: invalid INTERVAL _SYSSMU12$ , must be in the range ( large pool , _SYSSMU12$ )
Archived Log entry 646 added for thread 1 sequence 3019
Completed checkpoint up to RBA
ARC0: Archival started
Current log# 305 seq# 5247 mem# 0
PCC-02440: This attribute is valid for either internal or external LOBs
Thread 1 advanced to log sequence 995
ORA-16205: DDL skipped due to skip setting
Errors in file /u01/app/oracle/diag/rdbms/ttprod/ttprod1/trace/ttprod1_ora_91103.trc
Thread 1 advanced to log sequence 828
Undo initialization finished
ORA-44305: service idx_users_email is running
ARC0: Archival started
ARC0: Archival started
Undo initialization finished
Thread 1 advanced to log sequence 904
ARC0: Archival started
NID-00309: Control File CRM.CALL_DETAIL_RECORDS - wrote new name
Errors in file /u01/app/oracle/diag/rdbms/ttprod/ttprod1/trace/ttprod1_ora_80752.trc
Current log# 83 seq# 9772 mem# 0
INS-35086: Invalid value specified for Global Database Name.
Errors in file /u01/app/oracle/diag/rdbms/ttprod/ttprod1/trace/ttprod1_ora_56246.trc
Archived Log entry 150 added for thread 1 sequence 3585
Starting background process VKTM
Archived Log entry 284 added for thread 1 sequence 9517
Current log# 870 seq# 7471 mem# 0
Beginning log switch checkpoint up to RBA
RMAN-06600: old RMAN configuration parameters:
Completed checkpoint up to RBA
CRS-01219: Cluster Synchronization Service not available. Details at idx_users_email in 5000 .
Starting background process VKTM
Archived Log entry 363 added for thread 1 sequence 4473
ARC0: Archival started
LPX-00904: Invalid inputs were supplied to XmlDiff or XmlPatch
Undo initialization finished
Undo initialization finished
Thread 1 advanced to log sequence 919
Undo initialization finished
ORA-16111: log mining and apply setting up
Starting background process VKTM
Thread 1 advanced to log sequence 58
Starting background process VKTM
Undo initialization finished
DIA-48248: Function CRM.CALL_DETAIL_RECORDS type check error; ityp = CDR_STAGING typ = ttprod1 arg = TNS_ADMIN
Undo initialization finished
Archived Log entry 327 added for thread 1 sequence 7807
ORA-01176: data dictionary has more than the fk_order_customer files allowed by the controlfie
Archived Log entry 674 added for thread 1 sequence 6044
Archived Log entry 901 added for thread 1 sequence 9227
Starting background process VKTM
Completed checkpoint up to RBA
ORA-55345: invalid use of label generator with no OLS policy
Thread 1 advanced to log sequence 424
Archived Log entry 450 added for thread 1 sequence 5282
Undo initialization finished
Beginning log switch checkpoint up to RBA
Archived Log entry 401 added for thread 1 sequence 5139
EXP-00045: Cannot export SYSTEM Tablespace for Point-in-time Recovery or Transportable Tablespace
Thread 1 advanced to log sequence 861
CRS-04232: Configuration data stored but IPMI authorization information is required to complete the change. The change cannot be validated until the information is complete.
Current log# 719 seq# 8463 mem# 0
Completed checkpoint up to RBA
RMAN-07210: new failures after most recent LIST FAILURE command
Current log# 750 seq# 7471 mem# 0
Completed checkpoint up to RBA
Starting background process VKTM
ORA-38493: feature not enabled : Expression Filter index
Beginning log switch checkpoint up to RBA
Beginning log switch checkpoint up to RBA
ARC0: Archival started
Beginning log switch checkpoint up to RBA
RMAN-06062: can not backup SPFILE because the instance was not started with SPFILE
Starting background process VKTM
Undo initialization finished
Starting background process VKTM
Completed checkpoint up to RBA
ORA-30391: the specified rewrite equivalence does not exist
Current log# 996 seq# 8467 mem# 0
Thread 1 advanced to log sequence 474
ORA-08187: snapshot expression not allowed here
Undo initialization finished
Archived Log entry 285 added for thread 1 sequence 3327
Beginning log switch checkpoint up to RBA
Thread 1 advanced to log sequence 170
Beginning log switch checkpoint up to RBA
NNL-01009: Outbound message contexts freed: number
Current log# 838 seq# 9772 mem# 0
Thread 1 advanced to log sequence 918
Current log# 26 seq# 9863 mem# 0
Archived Log entry 459 added for thread 1 sequence 4866
Completed checkpoint up to RBA
LPX-00406: object of incorrect type passed to the function
Errors in file /u01/app/oracle/diag/rdbms/ttprod/ttprod1/trace/ttprod1_ora_18506.trc
Archived Log entry 905 added for thread 1 sequence 5531
ARC0: Archival started
DRG-51028: unexpected error in fuzzy match expansion: %(1)
Archived Log entry 194 added for thread 1 sequence 5204
RMAN-05048: specified file name session_1123 conflicts with a file used by the target database
Thread 1 advanced to log sequence 621
ARC0: Archival started
ARC0: Archival started
ORA-15520: Directory is corrupted. Two WMD files are found at " fk_order_customer " and " 3 "
Errors in file /u01/app/oracle/diag/rdbms/ttprod/ttprod1/trace/ttprod1_ora_61479.trc
Archived Log entry 403 added for thread 1 sequence 8295
Current log# 186 seq# 3557 mem# 0
Starting background process VKTM
INS-35205: Specified data file storage location is invalid.
Beginning log switch checkpoint up to RBA
Beginning log switch checkpoint up to RBA
Current log# 159 seq# 1894 mem# 0
Undo initialization finished
ORA-25144: invalid option for CREATE TABLESPACE with TEMPORARY contents
Undo initialization finished
ARC0: Archival started
Thread 1 advanced to log sequence 845
Undo initialization finished
DRG-10764: only SYS can modify FILE_ACCESS_ROLE
Starting background process VKTM
Beginning log switch checkpoint up to RBA
Beginning log switch checkpoint up to RBA
CRS-02849: Authorization failure: Resource ' INVOICE_LINES_IDX '
Errors in file /u01/app/oracle/diag/rdbms/ttprod/ttprod1/trace/ttprod1_ora_42764.trc
ARC0: Archival started
Thread 1 advanced to log sequence 724
Starting background process VKTM
ORA-19025: EXTRACTVALUE returns value of only one node
Starting background process VKTM
ARC0: Archival started
PCC-00128: Command line processor severe error
Completed checkpoint up to RBA
Completed checkpoint up to RBA
Starting background process VKTM
PCC-02411: Invalid type for INDICATOR descriptor item host variable
Starting background process VKTM
Undo initialization finished
Starting background process VKTM
Thread 1 advanced to log sequence 775
XOQ-02530: A maintain dimension command cannot be specified as part of a default build specification or named build specification.
Starting background process VKTM
Completed checkpoint up to RBA
Starting background process VKTM
Undo initialization finished
Archived Log entry 504 added for thread 1 sequence 9576
INS-42021: Multibyte characters in SCAN Name
Completed checkpoint up to RBA
Archived Log entry 768 added for thread 1 sequence 3516
ORA-39157: error appending extension to file " fk_order_customer "
Undo initialization finished
Thread 1 advanced to log sequence 189
RMAN-07251: Repair script: SYSAUX
Beginning log switch checkpoint up to RBA
Undo initialization finished
Undo initialization finished
ORA-54555: invalid geometry dimension
Completed checkpoint up to RBA
ARC0: Archival started
Current log# 937 seq# 1328 mem# 0
Current log# 976 seq# 2806 mem# 0
RMAN-05044: Performing export of metadata...
Errors in file /u01/app/oracle/diag/rdbms/ttprod/ttprod1/trace/ttprod1_ora_98597.trc
Undo initialization finished
Thread 1 advanced to log sequence 85
Thread 1 advanced to log sequence 287
ORA-25310: Subscriber is Notification only; dequeue not supported
Beginning log switch checkpoint up to RBA
Starting background process VKTM
Thread 1 advanced to log sequence 26
DRG-11222: Third-party filter does not support this known document format.
ARC0: Archival started
Undo initialization finished
Archived Log entry 589 added for thread 1 sequence 6489
ARC0: Archival started
Archived Log entry 211 added for thread 1 sequence 5144
OCI-31092: invalid SQL name " UNDOTBS1 "
Thread 1 advanced to log sequence 305
Beginning log switch checkpoint up to RBA
Beginning log switch checkpoint up to RBA
Completed checkpoint up to RBA
Archived Log entry 846 added for thread 1 sequence 1996
RMAN-06733: database unregistered from the recovery catalog
Errors in file /u01/app/oracle/diag/rdbms/ttprod/ttprod1/trace/ttprod1_ora_16333.trc
Thread 1 advanced to log sequence 619
Thread 1 advanced to log sequence 162
Current log# 90 seq# 9317 mem# 0
RMAN-20505: create datafile during recovery
Errors in file /u01/app/oracle/diag/rdbms/ttprod/ttprod1/trace/ttprod1_ora_74801.trc
Starting background process VKTM
Thread 1 advanced to log sequence 828
Archived Log entry 203 added for thread 1 sequence 1622
Beginning log switch checkpoint up to RBA
RMAN-06094: datafile 5000 must be restored
Starting background process VKTM
Undo initialization finished
Starting background process VKTM
Completed checkpoint up to RBA
ARC0: Archival started
RMAN-06782: Datafile headers of locally managed datafiles need to be updated.
Current log# 397 seq# 9538 mem# 0
Starting background process VKTM
Beginning log switch checkpoint up to RBA
ARC0: Archival started
ORA-15168: rolling downgrade prevented by _SYSSMU7$
Starting background process VKTM
Beginning log switch checkpoint up to RBA
PRCH-01011: Failed to start Listener
Current log# 964 seq# 6317 mem# 0
Thread 1 advanced to log sequence 393
DIA-48490: The field number exceeds the maximum number [ CRM.CALL_DETAIL_RECORDS ]
Starting background process VKTM
Undo initialization finished
Undo initialization finished
KUP-04002: error getting file size for file shared pool
Current log# 404 seq# 4885 mem# 0
Current log# 533 seq# 3320 mem# 0
ARC0: Archival started
Completed checkpoint up to RBA
ORA-39902: Subpartitioned table PK_CUSTOMER_ACCOUNTS . BILLING.CUST_ORDERS is partially contained in the transportable set.
Errors in file /u01/app/oracle/diag/rdbms/ttprod/ttprod1/trace/ttprod1_ora_76077.trc
Archived Log entry 363 added for thread 1 sequence 7253
Starting background process VKTM
Thread 1 advanced to log sequence 261
ORA-16734: error executing DBMS_LOGSTDBY.SKIP_ERROR procedure
Beginning log switch checkpoint up to RBA
Current log# 791 seq# 9404 mem# 0
ORA-02244: invalid ALTER ROLLBACK SEGMENT option
Starting background process VKTM
Completed checkpoint up to RBA
ORA-07447: ssarena: usinit failed.
Current log# 174 seq# 5746 mem# 0
Beginning log switch checkpoint up to RBA
ORA-00566: cannot request processor group - NUMA not enabled
Beginning log switch checkpoint up to RBA
Current log# 746 seq# 8923 mem# 0
ARC0: Archival started
ORA-24198: attempt to use an invalid operation ID
Errors in file /u01/app/oracle/diag/rdbms/ttprod/ttprod1/trace/ttprod1_ora_65989.trc
Beginning log switch checkpoint up to RBA
Starting background process VKTM
ORA-21560: argument 17 is null, invalid, or out of range
Current log# 362 seq# 5160 mem# 0
Starting background process VKTM
Starting background process VKTM
Thread 1 advanced to log sequence 201
ORA-15206: duplicate diskgroup DATA_TS01 specified
Current log# 878 seq# 8017 mem# 0
Beginning log switch checkpoint up to RBA
Current log# 475 seq# 5552 mem# 0
ARC0: Archival started
Completed checkpoint up to RBA
IMG-00714: internal error
Errors in file /u01/app/oracle/diag/rdbms/ttprod/ttprod1/trace/ttprod1_ora_79505.trc
Starting background process VKTM
ORA-27478: job " user_sessions . BILLING.CUST_ORDERS " is running
Completed checkpoint up to RBA
Beginning log switch checkpoint up to RBA
Thread 1 advanced to log sequence 970
Archived Log entry 37 added for thread 1 sequence 4808
ORA-26821: No propagation process found between source queue " pk_orders "." shared pool " and destination queue " 1024 "." APP_USER42 ".
Errors in file /u01/app/oracle/diag/rdbms/ttprod/ttprod1/trace/ttprod1_ora_43474.trc
Undo initialization finished
Archived Log entry 170 added for thread 1 sequence 1607
Current log# 674 seq# 6913 mem# 0
Current log# 818 seq# 8243 mem# 0
Undo initialization finished
PCC-00042: Must EXEC SQL INCLUDE SQLCA when mode=ANSI and WHENEVER SQLWARNING used
Undo initialization finished
Current log# 495 seq# 1753 mem# 0
Thread 1 advanced to log sequence 373
DRG-10309: not enough job queue processes
Undo initialization finished
ARC0: Archival started
Completed checkpoint up to RBA
ARC0: Archival started
Undo initialization finished
DRG-10520: failed to drop index: PK_CUSTOMER_ACCOUNTS
Completed checkpoint up to RBA
NID-00452: Succesfully changed database ID.
Undo initialization finished
Beginning log switch checkpoint up to RBA
Beginning log switch checkpoint up to RBA
ARC0: Archival started
RMAN-06005: connected to target database: user_sessions (DBID= ttprod2 )
Errors in file /u01/app/oracle/diag/rdbms/ttprod/ttprod1/trace/ttprod1_ora_97338.trc
Completed checkpoint up to RBA
Archived Log entry 534 added for thread 1 sequence 8998
Undo initialization finished
PGU-30319: TIP generation: ttprod1 DATA_TS01
Completed checkpoint up to RBA
Starting background process VKTM
NID-00310: Control File reporting_schema - reverted
Undo initialization finished
Archived Log entry 92 added for thread 1 sequence 8377
Starting background process VKTM
PGU-41084: call definition pg_toast_12345 version number deleted from PG DD
ARC0: Archival started
Undo initialization finished
TNS-00557: unsupported wallet retrieval method
Undo initialization finished
Beginning log switch checkpoint up to RBA
Current log# 685 seq# 7359 mem# 0
ARC0: Archival started
NCR-03015: NCRO: No transport address
Thread 1 advanced to log sequence 785
ORA-53990: internal error TNS_ADMIN .
Current log# 405 seq# 2153 mem# 0
Archived Log entry 967 added for thread 1 sequence 2678
ORA-16280: cannot change master key on a logical standby database
Errors in file /u01/app/oracle/diag/rdbms/ttprod/ttprod1/trace/ttprod1_ora_12072.trc
Beginning log switch checkpoint up to RBA
RMAN-06711: global scripts require a TARGET connection
Archived Log entry 138 added for thread 1 sequence 5848
Archived Log entry 720 added for thread 1 sequence 1086
Thread 1 advanced to log sequence 571
NID-00435: Database name changed to ttprod2 .
Thread 1 advanced to log sequence 426
Archived Log entry 160 added for thread 1 sequence 9551
ORA-12318: database (link name pk_orders ) is already mounted
Completed checkpoint up to RBA
Current log# 865 seq# 9931 mem# 0
NZE-29141: Cannot import in the der format.
Thread 1 advanced to log sequence 785
Thread 1 advanced to log sequence 270
ORA-09706: slsget: get_process_stats error.
Thread 1 advanced to log sequence 430
Current log# 322 seq# 3634 mem# 0
Current log# 658 seq# 3878 mem# 0
Current log# 33 seq# 5632 mem# 0
ORA-32550: Replacement occured despite hint to the contrary
Starting background process VKTM
ORA-48104: read mismatch on blocks requested and returned, [ fk_order_customer ], [ ttprod1 ]
Thread 1 advanced to log sequence 446
Completed checkpoint up to RBA
Completed checkpoint up to RBA
Completed checkpoint up to RBA
Archived Log entry 718 added for thread 1 sequence 9545
ORA-15562: workload replay client cannot read the DBA_WORKLOAD_CONNECTION_MAP view
Completed checkpoint up to RBA
ARC0: Archival started
Completed checkpoint up to RBA
ORA-56511: DRCP: Cross instance synchronization failed
Archived Log entry 868 added for thread 1 sequence 1590
Beginning log switch checkpoint up to RBA
Archived Log entry 66 added for thread 1 sequence 5029
ARC0: Archival started
Thread 1 advanced to log sequence 956
ORA-13520: Database id ( SYSAUX ) not registered, Status = CRM.CALL_DETAIL_RECORDS
Starting background process VKTM
CRS-04735: Expected OCR key does not exist
Errors in file /u01/app/oracle/diag/rdbms/ttprod/ttprod1/trace/ttprod1_ora_34626.trc
Thread 1 advanced to log sequence 372
ORA-35569: (XSRWLD05) An error was encountered in converting data pg_toast_12345 to SP2-0552 in column number .
Current log# 130 seq# 6423 mem# 0
Thread 1 advanced to log sequence 621
PCC-00098: Scale specification cannot be used in this context
Errors in file /u01/app/oracle/diag/rdbms/ttprod/ttprod1/trace/ttprod1_ora_48013.trc
Completed checkpoint up to RBA
Archived Log entry 87 added for thread 1 sequence 9459
Starting background process VKTM
Starting background process VKTM
Completed checkpoint up to RBA
ORA-18123: XUDY0024 - Updating expression introduces a namespace conflict
Completed checkpoint up to RBA
Beginning log switch checkpoint up to RBA
ORA-23434: master site fk_order_customer not known for object group
Current log# 391 seq# 7970 mem# 0
Thread 1 advanced to log sequence 448
Completed checkpoint up to RBA
ORA-64130: XMLIndex: invalid namespace mapping " TNS_ADMIN "
Archived Log entry 342 added for thread 1 sequence 8086
Beginning log switch checkpoint up to RBA
PGU-00132: null hostname/password specified
Undo initialization finished
PRCN-02037: Failed to retrieve Oracle home for {0}
Beginning log switch checkpoint up to RBA
Undo initialization finished
ORA-16005: database requires recovery
Thread 1 advanced to log sequence 254
ARC0: Archival started
Archived Log entry 686 added for thread 1 sequence 5216
ORA-00278: log file ' APP_USER42 ' no longer needed for this recovery
Archived Log entry 426 added for thread 1 sequence 4672
NNO-00327: server statistic counter dump ends
Thread 1 advanced to log sequence 951
Undo initialization finished
RMAN-08517: backup piece handle= 3 RECID= fk_order_customer STAMP= ttstandby01
Archived Log entry 327 added for thread 1 sequence 4053
Starting background process VKTM
Archived Log entry 336 added for thread 1 sequence 6840
RMAN-06980: The following errors need to be fixed before peforming this command
Beginning log switch checkpoint up to RBA
Current log# 209 seq# 6696 mem# 0
Current log# 518 seq# 8594 mem# 0
ORA-54505: ring does not lie on a plane
Archived Log entry 532 added for thread 1 sequence 7914
Starting background process VKTM
ORA-28500: connection from ORACLE to a non-Oracle system returned this message:
Thread 1 advanced to log sequence 778
Beginning log switch checkpoint up to RBA
Completed checkpoint up to RBA
XOQ-01799: unspecified error
Undo initialization finished
Beginning log switch checkpoint up to RBA
Beginning log switch checkpoint up to RBA
Thread 1 advanced to log sequence 347
PCC-00145: This statement can only be used with THREADS=YES
ARC0: Archival started
Thread 1 advanced to log sequence 575
ARC0: Archival started
ORA-39829: function-based index on columnar data made unusable
Errors in file /u01/app/oracle/diag/rdbms/ttprod/ttprod1/trace/ttprod1_ora_69666.trc
Starting background process VKTM
Beginning log switch checkpoint up to RBA
ARC0: Archival started
ORA-36222: (XSLPDSC03) duplicate IGNORE or DENSE information for dimension workspace object
Current log# 215 seq# 6698 mem# 0
ARC0: Archival started
Archived Log entry 823 added for thread 1 sequence 5361
RMAN-06055: could not find archived log with sequence reporting_schema for thread DATA_TS01
Errors in file /u01/app/oracle/diag/rdbms/ttprod/ttprod1/trace/ttprod1_ora_90619.trc
ARC0: Archival started
NNL-00299: Scheduled server cache dump to occur in 3
Errors in file /u01/app/oracle/diag/rdbms/ttprod/ttprod1/trace/ttprod1_ora_75199.trc
Starting background process VKTM
Undo initialization finished
PRKH-01052: Invalid arguments
Beginning log switch checkpoint up to RBA
Archived Log entry 563 added for thread 1 sequence 7669
Starting background process VKTM
ORA-02459: Hashkey value must be a positive integer
Archived Log entry 657 added for thread 1 sequence 6101
Undo initialization finished
Archived Log entry 120 added for thread 1 sequence 8176
ORA-37043: (XSACQUIRE_DEP_OLDGEN) Composite, concat, dimension map, or internal partition workspace object cannot be locked, since another user has committed a new one already.
Thread 1 advanced to log sequence 262
Completed checkpoint up to RBA
Thread 1 advanced to log sequence 42
RMAN-08300: Run SQL script 17 on the target platform to create database
ARC0: Archival started
Beginning log switch checkpoint up to RBA
RMAN-08552: backup and output file names are identical: session_1123
Errors in file /u01/app/oracle/diag/rdbms/ttprod/ttprod1/trace/ttprod1_ora_48740.trc
Beginning log switch checkpoint up to RBA
Current log# 386 seq# 8691 mem# 0
Archived Log entry 773 added for thread 1 sequence 6748
RMAN-06520: archived logs will not be kept or backed up
Archived Log entry 323 added for thread 1 sequence 5167
Beginning log switch checkpoint up to RBA
Starting background process VKTM
ORA-39019: invalid operation type 3
Errors in file /u01/app/oracle/diag/rdbms/ttprod/ttprod1/trace/ttprod1_ora_86115.trc
Archived Log entry 794 added for thread 1 sequence 9580
Thread 1 advanced to log sequence 300
Completed checkpoint up to RBA
ARC0: Archival started
ARC0: Archival started
PRIF-00011: cluster registry error
Undo initialization finished
ARC0: Archival started
Starting background process VKTM
Completed checkpoint up to RBA
NID-00309: Control File idx_users_email - wrote new name
Completed checkpoint up to RBA
ARC0: Archival started
ORA-02800: Requests timed out
Current log# 514 seq# 9462 mem# 0
Archived Log entry 322 added for thread 1 sequence 5445
Beginning log switch checkpoint up to RBA
Beginning log switch checkpoint up to RBA
Beginning log switch checkpoint up to RBA
QSM-01046: complex join back on correlated columns not allowed ( _SYSSMU7$ )
Thread 1 advanced to log sequence 772
Completed checkpoint up to RBA
Beginning log switch checkpoint up to RBA
ORA-02221: invalid MAXEXTENTS storage option value
Completed checkpoint up to RBA
ARC0: Archival started
ARC0: Archival started
Thread 1 advanced to log sequence 939
Thread 1 advanced to log sequence 830
ORA-38875: FLASHBACK DATABASE not started; in test mode
Starting background process VKTM
Undo initialization finished
ORA-31486: cannot support column large pool in this configuration
Errors in file /u01/app/oracle/diag/rdbms/ttprod/ttprod1/trace/ttprod1_ora_92879.trc
Archived Log entry 776 added for thread 1 sequence 8406
Beginning log switch checkpoint up to RBA
ARC0: Archival started
PGA-21111: partner log name is x' pg_toast_12345 '
ARC0: Archival started
Thread 1 advanced to log sequence 89
Archived Log entry 660 added for thread 1 sequence 8261
Completed checkpoint up to RBA
Beginning log switch checkpoint up to RBA
PLS-00204: function or pseudo-column ' 3 ' may be used inside a SQL statement only
ARC0: Archival started
Completed checkpoint up to RBA
Current log# 935 seq# 7594 mem# 0
Undo initialization finished
ARC0: Archival started
RMAN-06953: no automatic repairs were listed by ADVISE FAILURE
Errors in file /u01/app/oracle/diag/rdbms/ttprod/ttprod1/trace/ttprod1_ora_53851.trc
Starting background process VKTM
Undo initialization finished
ORA-28370: ENCRYPT storage option not allowed
Completed checkpoint up to RBA
Beginning log switch checkpoint up to RBA
Starting background process VKTM
Beginning log switch checkpoint up to RBA
CRS-04219: Failed to open the wallet. User must be the creator of the wallet: 17
Errors in file /u01/app/oracle/diag/rdbms/ttprod/ttprod1/trace/ttprod1_ora_27574.trc
Thread 1 advanced to log sequence 550
Completed checkpoint up to RBA
Completed checkpoint up to RBA
Undo initialization finished
QSM-02032: no joins are present in the WHERE clause
Undo initialization finished
Completed checkpoint up to RBA
ORA-39937: Unsupported operation, default token tables used for binary XML data.
ARC0: Archival started
RMAN-06406: deleted archived log
Current log# 836 seq# 9409 mem# 0
Starting background process VKTM
TNS-12585: TNS:data truncation
ARC0: Archival started
Starting background process VKTM
RMAN-20205: incomplete UNTIL clause
ARC0: Archival started
Thread 1 advanced to log sequence 214
RMAN-05547: Checking that duplicated tablespaces are self-contained
Beginning log switch checkpoint up to RBA
Completed checkpoint up to RBA
RMAN-07501: searching for all files in the recovery area
Beginning log switch checkpoint up to RBA
Starting background process VKTM
Beginning log switch checkpoint up to RBA
Current log# 964 seq# 3884 mem# 0
Thread 1 advanced to log sequence 857
ORA-54603: CREATE_PC: specified total dimensionality cannot exceed 8
Errors in file /u01/app/oracle/diag/rdbms/ttprod/ttprod1/trace/ttprod1_ora_36038.trc
Current log# 764 seq# 7534 mem# 0
Thread 1 advanced to log sequence 751
Thread 1 advanced to log sequence 281
RMAN-08629: waiting for resources on Oracle Availability Machine for /u01/app/oracle/oradata/ttprod/users01.dbf channels
Completed checkpoint up to RBA
Beginning log switch checkpoint up to RBA
XOQ-01492: invalid order of steps for consistent solve
Errors in file /u01/app/oracle/diag/rdbms/ttprod/ttprod1/trace/ttprod1_ora_48023.trc
Starting background process VKTM
Thread 1 advanced to log sequence 742
NNL-00560: Shows or sets the server's request-processing delay
Beginning log switch checkpoint up to RBA
Undo initialization finished
ARC0: Archival started
ORA-23496: can not change disabled status for " _SYSSMU7$ " and " CRM.CALL_DETAIL_RECORDS "
Completed checkpoint up to RBA
Current log# 851 seq# 6650 mem# 0
OCI-31084: error while creating table " 42 "." shared pool " for element " 42 "
ARC0: Archival started
Completed checkpoint up to RBA
Beginning log switch checkpoint up to RBA
Archived Log entry 547 added for thread 1 sequence 7215
ORA-54027: cannot modify data-type of virtual column
Current log# 37 seq# 9408 mem# 0
ARC0: Archival started
Completed checkpoint up to RBA
Beginning log switch checkpoint up to RBA
ORA-27043: unable to seek to beginning of file
Errors in file /u01/app/oracle/diag/rdbms/ttprod/ttprod1/trace/ttprod1_ora_81469.trc
Completed checkpoint up to RBA
Starting background process VKTM
Beginning log switch checkpoint up to RBA
Current log# 57 seq# 2606 mem# 0
Beginning log switch checkpoint up to RBA
PRCT-01056: Fail to retrieve ASM instance type. kfod execution failed at location {0}. Detailed error: {1}
Starting background process VKTM
ORA-13774: insufficient privileges to select data from the workload repository
Current log# 839 seq# 3638 mem# 0
Starting background process VKTM
Current log# 74 seq# 5895 mem# 0
Current log# 569 seq# 1503 mem# 0
ORA-02799: Unable to arm signal handler
Errors in file /u01/app/oracle/diag/rdbms/ttprod/ttprod1/trace/ttprod1_ora_10031.trc
Completed checkpoint up to RBA
Starting background process VKTM
ORA-31132: Cannot validate handler " pg_toast_12345 "." TNS_ADMIN "
Beginning log switch checkpoint up to RBA
Archived Log entry 391 added for thread 1 sequence 6295
Starting background process VKTM
RMAN-08106: channel 17 : restoring block(s)
Beginning log switch checkpoint up to RBA
Archived Log entry 826 added for thread 1 sequence 1214
Current log# 968 seq# 2021 mem# 0
ORA-16261: Identification key mismatch for table " 3 "." 3 ".
Undo initialization finished
Undo initialization finished
DRG-50930: parser memory failure on line pg_toast_12345 on column 3
Completed checkpoint up to RBA
RMAN-07505: no files found to be unknown to the database
Completed checkpoint up to RBA
Beginning log switch checkpoint up to RBA
ORA-41633: specified rule class configuration not supported: " pk_orders "
Errors in file /u01/app/oracle/diag/rdbms/ttprod/ttprod1/trace/ttprod1_ora_95858.trc
Undo initialization finished
ORA-37183: illegal value user_sessions for PARTBY
ARC0: Archival started
Completed checkpoint up to RBA
Completed checkpoint up to RBA
Beginning log switch checkpoint up to RBA
Completed checkpoint up to RBA
RMAN-06498: skipping datafile 42 ; already backed up BILLING.CUST_ORDERS time(s)
Archived Log entry 317 added for thread 1 sequence 1815
Starting background process VKTM
Starting background process VKTM
TNS-04210: Trace Assistant Internal ERROR: End of File
Beginning log switch checkpoint up to RBA
Starting background process VKTM
ARC0: Archival started
Beginning log switch checkpoint up to RBA
RMAN-06947: searching flashback logs for block images until SCN pg_toast_12345
Current log# 506 seq# 8508 mem# 0
Undo initialization finished
ORA-44748: Invalid name for GROUP.
Thread 1 advanced to log sequence 487
Completed checkpoint up to RBA
Thread 1 advanced to log sequence 331
RMAN-08097: channel _SYSSMU12$ : starting validation of archived log backup set
Thread 1 advanced to log sequence 975
Beginning log switch checkpoint up to RBA
Undo initialization finished
Beginning log switch checkpoint up to RBA
ORA-06107: NETTCP: ORACLE network server not found
Current log# 336 seq# 2721 mem# 0
Undo initialization finished
Archived Log entry 106 added for thread 1 sequence 1583
Beginning log switch checkpoint up to RBA
RMAN-08009: channel ttstandby01 : starting archived log backup set
Errors in file /u01/app/oracle/diag/rdbms/ttprod/ttprod1/trace/ttprod1_ora_12386.trc
Thread 1 advanced to log sequence 295
Current log# 955 seq# 8070 mem# 0
Current log# 447 seq# 3619 mem# 0
Beginning log switch checkpoint up to RBA
ORA-09204: sfotf: error opening temporary file
Current log# 563 seq# 5997 mem# 0
ARC0: Archival started
ORA-22286: insufficient privileges on file or directory to perform UNDOTBS1 operation
Undo initialization finished
LPX-00306: inputed NETWORK_OPS.SIM_INVENTORY ended with no corresponding closing '}'
Errors in file /u01/app/oracle/diag/rdbms/ttprod/ttprod1/trace/ttprod1_ora_98368.trc
Beginning log switch checkpoint up to RBA
Beginning log switch checkpoint up to RBA
Thread 1 advanced to log sequence 290
Archived Log entry 940 added for thread 1 sequence 8524
ORA-02197: file list already specified
Current log# 508 seq# 9537 mem# 0
Beginning log switch checkpoint up to RBA
Beginning log switch checkpoint up to RBA
Current log# 171 seq# 1700 mem# 0
DRG-10002: can not insert into result table
Completed checkpoint up to RBA
Beginning log switch checkpoint up to RBA
Current log# 783 seq# 5975 mem# 0
TNS-01187: No proxy service handler available
Starting background process VKTM
Current log# 981 seq# 8227 mem# 0
Archived Log entry 112 added for thread 1 sequence 5630
Thread 1 advanced to log sequence 398
KUP-05004: Warning: Intra source concurrency disabled because parallel select was not requested.
ARC0: Archival started
ARC0: Archival started
NCR-03009: NCRO: Protocol version mismatch
Current log# 651 seq# 7466 mem# 0
NNO-00316: statistic counter reset disabled
Thread 1 advanced to log sequence 99
Current log# 94 seq# 7801 mem# 0
Completed checkpoint up to RBA
Current log# 564 seq# 9340 mem# 0
ORA-10873: file TNS_ADMIN needs to be either taken out of backup mode or media recovered
ARC0: Archival started
Archived Log entry 55 added for thread 1 sequence 9684
ORA-25465: variable name not specified
Starting background process VKTM
Current log# 415 seq# 1170 mem# 0
Beginning log switch checkpoint up to RBA
ORA-30751: cannot disable column _SYSSMU7$ from storing objects of type 3 . NETWORK_OPS.SIM_INVENTORY
Archived Log entry 165 added for thread 1 sequence 8315
Thread 1 advanced to log sequence 950
Archived Log entry 427 added for thread 1 sequence 1429
Undo initialization finished
ORA-19562: file PK_CUSTOMER_ACCOUNTS is empty
Starting background process VKTM
ARC0: Archival started
Archived Log entry 528 added for thread 1 sequence 6718
RMAN-06115: changed backup piece available
Beginning log switch checkpoint up to RBA
Current log# 227 seq# 9362 mem# 0
Undo initialization finished
ORA-07670: $IDTOASC failed translating a secrecy category
Completed checkpoint up to RBA
Current log# 235 seq# 6391 mem# 0
Starting background process VKTM
Beginning log switch checkpoint up to RBA
ORA-19593: datafile number ttprod1 already included as _SYSSMU12$
Starting background process VKTM
Beginning log switch checkpoint up to RBA
Thread 1 advanced to log sequence 262
Current log# 793 seq# 9926 mem# 0
ORA-48262: Sequence references not allowed in predicates
Thread 1 advanced to log sequence 967
Starting background process VKTM
Starting background process VKTM
Archived Log entry 347 added for thread 1 sequence 4308
KUP-01006: error signalled during parse of access parameters
Current log# 238 seq# 1976 mem# 0
PGU-39125: EP shared pool , USERS , user_sessions
Completed checkpoint up to RBA
Completed checkpoint up to RBA
ORA-36201: (XSAGGR35) Cannot aggregate workspace object (partition workspace object ) because the subpartition is itself partitioned.
Completed checkpoint up to RBA
Current log# 883 seq# 5285 mem# 0
Undo initialization finished
RMAN-06008: connected to recovery catalog database
Errors in file /u01/app/oracle/diag/rdbms/ttprod/ttprod1/trace/ttprod1_ora_26991.trc
Beginning log switch checkpoint up to RBA
Completed checkpoint up to RBA
ORA-38708: not enough space for first flashback database log file
Thread 1 advanced to log sequence 247
Undo initialization finished
Archived Log entry 932 added for thread 1 sequence 2391
ORA-02059: ORA-2PC-CRASH-TEST- 5000 in commit comment
Errors in file /u01/app/oracle/diag/rdbms/ttprod/ttprod1/trace/ttprod1_ora_10623.trc
Current log# 608 seq# 4684 mem# 0
Thread 1 advanced to log sequence 840
Archived Log entry 343 added for thread 1 sequence 1276
Beginning log switch checkpoint up to RBA
Starting background process VKTM
ORA-37551: (XSHIERSP05) Leaf value DIMENSION_MEMBER is not on the same level as the rest of leaf dimension values.
Undo initialization finished
Completed checkpoint up to RBA
Current log# 579 seq# 1316 mem# 0
INS-30015: An error occurred during setting permission.
Errors in file /u01/app/oracle/diag/rdbms/ttprod/ttprod1/trace/ttprod1_ora_66927.trc
Undo initialization finished
ARC0: Archival started
Thread 1 advanced to log sequence 218
Completed checkpoint up to RBA
KUP-04063: unable to open log file CDR_STAGING OS error SP2-0552
Completed checkpoint up to RBA
Thread 1 advanced to log sequence 337
Current log# 298 seq# 2711 mem# 0
RMAN-08549: database name (or database unique name) used for search: SYSAUX
Thread 1 advanced to log sequence 54
Undo initialization finished
Beginning log switch checkpoint up to RBA
ORA-06793: TLI Driver: server cannot create new process
Undo initialization finished
Thread 1 advanced to log sequence 279
Completed checkpoint up to RBA
Undo initialization finished
ORA-39297: Cannot alter materialized view attribute: CRM.CALL_DETAIL_RECORDS
Starting background process VKTM
Beginning log switch checkpoint up to RBA
Thread 1 advanced to log sequence 329
Undo initialization finished
VID-00706: unsupported or corrupted input format
Archived Log entry 465 added for thread 1 sequence 4385
Undo initialization finished
Thread 1 advanced to log sequence 259
ARC0: Archival started
ORA-16007: invalid backup control file checkpoint
Beginning log switch checkpoint up to RBA
Undo initialization finished
Current log# 726 seq# 2864 mem# 0
Starting background process VKTM
Undo initialization finished
ORA-13040: failed to subdivide tile
Errors in file /u01/app/oracle/diag/rdbms/ttprod/ttprod1/trace/ttprod1_ora_76628.trc
ARC0: Archival started
Current log# 509 seq# 5016 mem# 0
Beginning log switch checkpoint up to RBA
Starting background process VKTM
Undo initialization finished
RMAN-06175: deleted script: 1024
Starting background process VKTM
DIA-49416: Earlier package sequence applied with FORCE option [ USERS ] [ 42 ]
Errors in file /u01/app/oracle/diag/rdbms/ttprod/ttprod1/trace/ttprod1_ora_33058.trc
Undo initialization finished
PRKC-01149: Failed to get OCR locations
Errors in file /u01/app/oracle/diag/rdbms/ttprod/ttprod1/trace/ttprod1_ora_55734.trc
Beginning log switch checkpoint up to RBA
Beginning log switch checkpoint up to RBA
Archived Log entry 52 added for thread 1 sequence 3336
ARC0: Archival started
Beginning log switch checkpoint up to RBA
RMAN-02009: unexpected end of command file reached
Archived Log entry 888 added for thread 1 sequence 2374
Completed checkpoint up to RBA
RMAN-10003: unable to connect to target database
Completed checkpoint up to RBA
Completed checkpoint up to RBA
Archived Log entry 80 added for thread 1 sequence 7571
Beginning log switch checkpoint up to RBA
RMAN-08099: specifying standby control file for proxy backup
Current log# 638 seq# 8927 mem# 0
Starting background process VKTM
Archived Log entry 91 added for thread 1 sequence 6296
Current log# 619 seq# 1987 mem# 0
RMAN-06783: Update of datafile headers of locally managed datafiles finished.
ARC0: Archival started
Beginning log switch checkpoint up to RBA
ORA-26818: SYSAUX capture process _SYSSMU7$ receives an error from capture server.
Thread 1 advanced to log sequence 287
ORA-32824: schedule exists for source UNDOTBS1 and destination 5000
Completed checkpoint up to RBA
ARC0: Archival started
ARC0: Archival started
Thread 1 advanced to log sequence 577
Beginning log switch checkpoint up to RBA
DRG-10754: memory size must be between pg_toast_12345 and USERS
Errors in file /u01/app/oracle/diag/rdbms/ttprod/ttprod1/trace/ttprod1_ora_38160.trc
Current log# 206 seq# 8661 mem# 0
Current log# 100 seq# 1725 mem# 0
RMAN-06144: FROM or UNTIL may not be specified with LIST INCARNATION
Errors in file /u01/app/oracle/diag/rdbms/ttprod/ttprod1/trace/ttprod1_ora_49992.trc
Undo initialization finished
Completed checkpoint up to RBA
Undo initialization finished
Beginning log switch checkpoint up to RBA
Beginning log switch checkpoint up to RBA
ORA-12551: TNS:missing keyword
Archived Log entry 923 added for thread 1 sequence 3686
Archived Log entry 647 added for thread 1 sequence 9222
ORA-12066: invalid CREATE MATERIALIZED VIEW command
Thread 1 advanced to log sequence 979
RMAN-06102: no channel to restore a backup or copy of archived log for thread number with sequence number and starting SCN of large pool
Errors in file /u01/app/oracle/diag/rdbms/ttprod/ttprod1/trace/ttprod1_ora_89123.trc
Current log# 66 seq# 3954 mem# 0
ARC0: Archival started
Starting background process VKTM
Archived Log entry 593 added for thread 1 sequence 7829
TNS-00218: Current Bytes/Sec. : number
ARC0: Archival started
Archived Log entry 835 added for thread 1 sequence 4126
Completed checkpoint up to RBA
Current log# 655 seq# 1891 mem# 0
ORA-01032: no such userid
Undo initialization finished
Archived Log entry 866 added for thread 1 sequence 9149
Current log# 272 seq# 1277 mem# 0
ORA-12674: Shared server: proxy context not saved
Completed checkpoint up to RBA
Beginning log switch checkpoint up to RBA
Starting background process VKTM
Completed checkpoint up to RBA
Archived Log entry 672 added for thread 1 sequence 6871
DIA-51703: Missing <body> tag from HTML
Starting background process VKTM
PCB-00240: Group item containing this host variable cannot be table
Archived Log entry 871 added for thread 1 sequence 8275
Beginning log switch checkpoint up to RBA
Current log# 883 seq# 9407 mem# 0
ORA-26012: header in file _SYSSMU7$ has an incompatible version number
Completed checkpoint up to RBA
ORA-16434: Archive log for branch INVOICE_LINES_IDX thread large pool sequence 1024 cannot be queued.
Thread 1 advanced to log sequence 365
ARC0: Archival started
TNS-01064: Listener configuration changes will not be persistent
Current log# 880 seq# 4787 mem# 0
ARC0: Archival started
TNS-12668: Dedicated server: outbound protocol does not support proxies
Thread 1 advanced to log sequence 318
Beginning log switch checkpoint up to RBA
Archived Log entry 120 added for thread 1 sequence 7785
Completed checkpoint up to RBA
Beginning log switch checkpoint up to RBA
ORA-01935: missing user or role name
Archived Log entry 782 added for thread 1 sequence 2964
ARC0: Archival started
ARC0: Archival started
ARC0: Archival started
Undo initialization finished
PGA-20948: unable to prepare the statement for transaction logging
ARC0: Archival started
Undo initialization finished
ORA-41648: invalid sequence of child elements in " PK_CUSTOMER_ACCOUNTS " element
Current log# 689 seq# 8109 mem# 0
Starting background process VKTM
KUP-05008: Warning: Intra source concurrency disabled because the input data is in DELIMITED record format and the characterset is neither fixed width nor UTF8.
Errors in file /u01/app/oracle/diag/rdbms/ttprod/ttprod1/trace/ttprod1_ora_62782.trc
Undo initialization finished
Archived Log entry 259 added for thread 1 sequence 3193
Archived Log entry 241 added for thread 1 sequence 9843
ORA-14057: partition " large pool ": sum of PCTUSED and PCTFREE may not exceed 100
Errors in file /u01/app/oracle/diag/rdbms/ttprod/ttprod1/trace/ttprod1_ora_24307.trc
Current log# 449 seq# 1164 mem# 0
ARC0: Archival started
Thread 1 advanced to log sequence 259
Archived Log entry 670 added for thread 1 sequence 9243
Starting background process VKTM
ORA-53067: validation failed for manifest file: USERS
Errors in file /u01/app/oracle/diag/rdbms/ttprod/ttprod1/trace/ttprod1_ora_53034.trc
Undo initialization finished
Completed checkpoint up to RBA
ARC0: Archival started
Starting background process VKTM
NID-00302: Datafile SYSAUX - dbid changed
Archived Log entry 452 added for thread 1 sequence 7335
ARC0: Archival started
Starting background process VKTM
ARC0: Archival started
Beginning log switch checkpoint up to RBA
CLST-01101: assigning default private interconnect name reporting_schema for node _SYSSMU7$
ARC0: Archival started
Thread 1 advanced to log sequence 749
ORA-02015: cannot select FOR UPDATE from remote table
Starting background process VKTM
Undo initialization finished
RMAN-08009: channel _SYSSMU12$ : starting archived log backup set
ARC0: Archival started
Starting background process VKTM
ARC0: Archival started
Completed checkpoint up to RBA
ORA-14125: REVERSE/NOREVERSE may not be specified in this context
Errors in file /u01/app/oracle/diag/rdbms/ttprod/ttprod1/trace/ttprod1_ora_61597.trc
Beginning log switch checkpoint up to RBA
Thread 1 advanced to log sequence 691
Thread 1 advanced to log sequence 174
NID-00390: These files must be writable by this utility.
Errors in file /u01/app/oracle/diag/rdbms/ttprod/ttprod1/trace/ttprod1_ora_65212.trc
Thread 1 advanced to log sequence 426
Completed checkpoint up to RBA
Current log# 933 seq# 7843 mem# 0
ORA-31078: error in SQL mapping information
Errors in file /u01/app/oracle/diag/rdbms/ttprod/ttprod1/trace/ttprod1_ora_89719.trc
Undo initialization finished
Undo initialization finished
Archived Log entry 114 added for thread 1 sequence 6050
ORA-30448: internal data of the advisor repository is inconsistent
Thread 1 advanced to log sequence 95
Completed checkpoint up to RBA
Current log# 47 seq# 8030 mem# 0
ARC0: Archival started
ORA-47005: error renaming Factor Type /u01/app/oracle/oradata/ttprod/users01.dbf , idx_users_email
Errors in file /u01/app/oracle/diag/rdbms/ttprod/ttprod1/trace/ttprod1_ora_76094.trc
Completed checkpoint up to RBA
Archived Log entry 307 added for thread 1 sequence 8496
ARC0: Archival started
Archived Log entry 285 added for thread 1 sequence 9627
INS-35352: There are no disk groups selected for storage and backup.
Thread 1 advanced to log sequence 526
Beginning log switch checkpoint up to RBA
Undo initialization finished
Starting background process VKTM
Thread 1 advanced to log sequence 422
RMAN-06024: no backup or copy of the control file found to restore
Errors in file /u01/app/oracle/diag/rdbms/ttprod/ttprod1/trace/ttprod1_ora_22636.trc
Archived Log entry 229 added for thread 1 sequence 9552
ARC0: Archival started
Completed checkpoint up to RBA
Beginning log switch checkpoint up to RBA
Current log# 959 seq# 7530 mem# 0
ORA-01115: IO error reading block from file TNS_ADMIN (block # pk_orders )
Beginning log switch checkpoint up to RBA
Archived Log entry 374 added for thread 1 sequence 2263
Beginning log switch checkpoint up to RBA
Current log# 791 seq# 6620 mem# 0
RMAN-06913: validate cancelled because there are no files to validate
Archived Log entry 398 added for thread 1 sequence 6847
Completed checkpoint up to RBA
ARC0: Archival started
Thread 1 advanced to log sequence 597
ORA-31698: Error stack buffer size must be specified and must be greater than 0.
Errors in file /u01/app/oracle/diag/rdbms/ttprod/ttprod1/trace/ttprod1_ora_93489.trc
Archived Log entry 525 added for thread 1 sequence 8184
ARC0: Archival started
Undo initialization finished
RMAN-08119: skipping backup piece handle idx_users_email ; already exists
Thread 1 advanced to log sequence 695
Completed checkpoint up to RBA
Thread 1 advanced to log sequence 756
Starting background process VKTM
Archived Log entry 47 added for thread 1 sequence 2005
ORA-37016: (XSACQUIRE01) You must specify objects to acquire for the ACQUIRE command.
Beginning log switch checkpoint up to RBA
Beginning log switch checkpoint up to RBA
Thread 1 advanced to log sequence 903
Current log# 71 seq# 2094 mem# 0
ARC0: Archival started
ORA-39914: Index pk_orders . NETWORK_OPS.SIM_INVENTORY in tablespace _SYSSMU7$ points to subpartition 42 of table CDR_STAGING . 3 in tablespace user_sessions outside of transportable set.
ARC0: Archival started
ARC0: Archival started
Completed checkpoint up to RBA
ORA-27000: skgfqsbi: failed to initialize storage subsystem (SBT) layer
Errors in file /u01/app/oracle/diag/rdbms/ttprod/ttprod1/trace/ttprod1_ora_96853.trc
Archived Log entry 82 added for thread 1 sequence 8636
Starting background process VKTM
Undo initialization finished
ARC0: Archival started
Starting background process VKTM
DRG-13613: Missing index name
Thread 1 advanced to log sequence 307
Archived Log entry 303 added for thread 1 sequence 4098
ARC0: Archival started
ORA-00304: requested INSTANCE_NUMBER is busy
Archived Log entry 441 added for thread 1 sequence 6761
RMAN-08017: channel large pool : starting archived log restore to default destination
Thread 1 advanced to log sequence 806
ORA-48108: invalid value given for the diagnostic_dest init.ora parameter
Errors in file /u01/app/oracle/diag/rdbms/ttprod/ttprod1/trace/ttprod1_ora_67292.trc
Current log# 885 seq# 3193 mem# 0
Current log# 660 seq# 4545 mem# 0
Current log# 411 seq# 6722 mem# 0
PRVF-00048: Unable to execute the Secure Copy command "{0}" requested by the client
Thread 1 advanced to log sequence 976
Archived Log entry 463 added for thread 1 sequence 8652
Completed checkpoint up to RBA
Beginning log switch checkpoint up to RBA
ORA-44422: nonschema XML disallowed for this column
Archived Log entry 593 added for thread 1 sequence 2059
Beginning log switch checkpoint up to RBA
CRS-04690: Oracle Clusterware is already running on ' BILLING.CUST_ORDERS '
Undo initialization finished
PRCD-01193: Service {0} defined for RAC One Node database {1} cannot be started on more than one node
Beginning log switch checkpoint up to RBA
ARC0: Archival started
ARC0: Archival started
Beginning log switch checkpoint up to RBA
Current log# 570 seq# 5574 mem# 0
PCC-01100: You are not authorized to run Pro*FORTRAN
Thread 1 advanced to log sequence 429
CLST-01301: successfully deleted large pool of ttstandby01 configuration values
Thread 1 advanced to log sequence 194
ORA-01544: cannot drop system rollback segment
Errors in file /u01/app/oracle/diag/rdbms/ttprod/ttprod1/trace/ttprod1_ora_95672.trc
Archived Log entry 820 added for thread 1 sequence 7701
DRG-11732: phrase does not have any translations
ARC0: Archival started
QSM-00777: the specified directive 1024 is unsupported at this time
Completed checkpoint up to RBA
Starting background process VKTM
Thread 1 advanced to log sequence 796
PRVF-04363: Persistent configuration check for cluster nodes failed
Beginning log switch checkpoint up to RBA
PRVF-07596: CSS is probably working with a non-clustered, local-only configuration on node "{0}"
Undo initialization finished
Beginning log switch checkpoint up to RBA
Archived Log entry 703 added for thread 1 sequence 8503
Completed checkpoint up to RBA
Beginning log switch checkpoint up to RBA
NZE-29156: conditional RNG self-test failure
Archived Log entry 954 added for thread 1 sequence 4533
Completed checkpoint up to RBA
Archived Log entry 384 added for thread 1 sequence 3636
NNF-04000: File succesfully converted
Current log# 89 seq# 2316 mem# 0
Archived Log entry 974 added for thread 1 sequence 9764
ARC0: Archival started
Thread 1 advanced to log sequence 121
ORA-24342: unable to destroy a mutex
ARC0: Archival started
Starting background process VKTM
Thread 1 advanced to log sequence 968
Starting background process VKTM
CLSU-00911: Signal TNS_ADMIN received
Beginning log switch checkpoint up to RBA
DRG-12015: The source document for this operation has moved - continue?
Errors in file /u01/app/oracle/diag/rdbms/ttprod/ttprod1/trace/ttprod1_ora_26729.trc
Current log# 101 seq# 2432 mem# 0
Beginning log switch checkpoint up to RBA
RMAN-07212: skipping failure PK_CUSTOMER_ACCOUNTS because it was CLOSED
Starting background process VKTM
NZE-28804: Data source cannot close.
Completed checkpoint up to RBA
Starting background process VKTM
Archived Log entry 656 added for thread 1 sequence 8329
PCB-00201: Indicator variable CDR_STAGING not a group item
Completed checkpoint up to RBA
Archived Log entry 573 added for thread 1 sequence 3490
RMAN-06404: database dismounted
Errors in file /u01/app/oracle/diag/rdbms/ttprod/ttprod1/trace/ttprod1_ora_63104.trc
Beginning log switch checkpoint up to RBA
Undo initialization finished
ORA-23477: unable to alter propagation mode for object group " 1024 "." 42 "
Errors in file /u01/app/oracle/diag/rdbms/ttprod/ttprod1/trace/ttprod1_ora_99850.trc
ARC0: Archival started
Beginning log switch checkpoint up to RBA
Undo initialization finished
ORA-54619: CLIP_PC: query and BLKID parameters cannot both be null
Completed checkpoint up to RBA
Undo initialization finished
Archived Log entry 828 added for thread 1 sequence 1732
Completed checkpoint up to RBA
Thread 1 advanced to log sequence 994
PGA-21056: tracing suspended due to error on trace file
Undo initialization finished
ARC0: Archival started
Current log# 166 seq# 8946 mem# 0
ORA-24032: object ttprod2 exists, index could not be created for queue table ttstandby01
ARC0: Archival started
ARC0: Archival started
ORA-33016: (XSAGDNGL07) In AGGMAP workspace object , workspace object is not a valid operator or variable name.
Archived Log entry 238 added for thread 1 sequence 5553
Archived Log entry 760 added for thread 1 sequence 7331
ORA-14097: column type or size mismatch in ALTER TABLE EXCHANGE PARTITION
Archived Log entry 483 added for thread 1 sequence 4872
Archived Log entry 122 added for thread 1 sequence 6823
Thread 1 advanced to log sequence 623
PCB-00901: Pro*COBOL internal error condition detected (Code = number )
Thread 1 advanced to log sequence 123
Current log# 572 seq# 5832 mem# 0
Completed checkpoint up to RBA
Completed checkpoint up to RBA
ARC0: Archival started
NNL-01066: Statistic counter logging interval: idx_users_email
Errors in file /u01/app/oracle/diag/rdbms/ttprod/ttprod1/trace/ttprod1_ora_48237.trc
Undo initialization finished
ARC0: Archival started
ORA-29311: export dump file was not generated by this database, fk_order_customer does not match
Completed checkpoint up to RBA
ORA-29975: Cannot register a query in the middle of an active transaction
Archived Log entry 854 added for thread 1 sequence 1578
ORA-16216: Log stream sequence error
Errors in file /u01/app/oracle/diag/rdbms/ttprod/ttprod1/trace/ttprod1_ora_55385.trc
Completed checkpoint up to RBA
ARC0: Archival started
RMAN-00554: initialization of internal recovery manager package failed
Errors in file /u01/app/oracle/diag/rdbms/ttprod/ttprod1/trace/ttprod1_ora_29473.trc
Beginning log switch checkpoint up to RBA
ARC0: Archival started
Current log# 175 seq# 6912 mem# 0
Current log# 196 seq# 2139 mem# 0
Completed checkpoint up to RBA
PGA-21043: error opening log file fk_order_customer
Current log# 59 seq# 6136 mem# 0
Completed checkpoint up to RBA
Current log# 101 seq# 2482 mem# 0
Beginning log switch checkpoint up to RBA
Archived Log entry 441 added for thread 1 sequence 5052
QSM-01050: roll-up check failed for materialized view, CRM.CALL_DETAIL_RECORDS
ARC0: Archival started
Current log# 255 seq# 3276 mem# 0
CRS-02675: Stop of ' shared pool ' on ' TNS_ADMIN ' failed
Beginning log switch checkpoint up to RBA
Starting background process VKTM
RMAN-08531: channel ttstandby01 : proxy copy SP2-0552 is 17 in media management catalog
Thread 1 advanced to log sequence 974
RMAN-06122: CHANGE .. UNCATALOG not supported for BACKUPSET
Completed checkpoint up to RBA
ARC0: Archival started
Current log# 780 seq# 7070 mem# 0
RMAN-08616: validating blocks CDR_STAGING through /u01/app/oracle/oradata/ttprod/users01.dbf
Starting background process VKTM
NNL-00048: Error opening file: PK_CUSTOMER_ACCOUNTS
Archived Log entry 611 added for thread 1 sequence 4407
Undo initialization finished
Current log# 459 seq# 5865 mem# 0
QSM-02082: problem with mv log
Undo initialization finished
ARC0: Archival started
Completed checkpoint up to RBA
Starting background process VKTM
Thread 1 advanced to log sequence 453
RMAN-06209: List of failed objects
Completed checkpoint up to RBA
Current log# 441 seq# 4026 mem# 0
Archived Log entry 209 added for thread 1 sequence 2747
ORA-16595: process 3 failed to terminate
Errors in file /u01/app/oracle/diag/rdbms/ttprod/ttprod1/trace/ttprod1_ora_94579.trc
Undo initialization finished
RMAN-06207: WARNING: reporting_schema objects could not be deleted for UNDOTBS1 channel(s) due
Undo initialization finished
PGA-21205: error deleting PGA_2PC_LUS rows for partner LUs
Errors in file /u01/app/oracle/diag/rdbms/ttprod/ttprod1/trace/ttprod1_ora_58947.trc
Completed checkpoint up to RBA
DRG-13301: syntax error in token data when expecting DATA_TS01 , at line 42
Completed checkpoint up to RBA
Undo initialization finished
Completed checkpoint up to RBA
ORA-06530: Reference to uninitialized composite
Starting background process VKTM
Beginning log switch checkpoint up to RBA
Undo initialization finished
DRG-12223: section name fk_order_customer is a reserved name
Current log# 800 seq# 5280 mem# 0
PRCO-00008: Unable to retrieve local node number
Beginning log switch checkpoint up to RBA
Starting background process VKTM
Archived Log entry 352 added for thread 1 sequence 7087
KUP-05007: Warning: Intra source concurrency disabled because the preprocessor option is being used.
Completed checkpoint up to RBA
ORA-16022: LOG_ARCHIVE_DEST cannot be NULL because LOG_ARCHIVE_DUPLEX_DEST is non-NULL
Undo initialization finished
ARC0: Archival started
Beginning log switch checkpoint up to RBA
Archived Log entry 965 added for thread 1 sequence 7944
ORA-13753: "SQL Tuning Set" " CRM.CALL_DETAIL_RECORDS " already exists for user " idx_users_email ".
Errors in file /u01/app/oracle/diag/rdbms/ttprod/ttprod1/trace/ttprod1_ora_85928.trc
Starting background process VKTM
Beginning log switch checkpoint up to RBA
Starting background process VKTM
ORA-47401: Realm violation for shared pool on TNS_ADMIN . idx_users_email
Thread 1 advanced to log sequence 21
Beginning log switch checkpoint up to RBA
Current log# 498 seq# 8633 mem# 0
ORA-53432: The DICOM object attribute PK_CUSTOMER_ACCOUNTS has invalid definer name.
Undo initialization finished
Completed checkpoint up to RBA
NCR-03028: NCRO: Partner refused request for sender-makes-right.
Starting background process VKTM
ARC0: Archival started
Current log# 94 seq# 5677 mem# 0
Current log# 529 seq# 8552 mem# 0
RMAN-07212: skipping failure 42 because it was CLOSED
Thread 1 advanced to log sequence 397
Current log# 995 seq# 3541 mem# 0
Completed checkpoint up to RBA
ORA-01346: LogMiner processed redo beyond specified reset log scn
Errors in file /u01/app/oracle/diag/rdbms/ttprod/ttprod1/trace/ttprod1_ora_56571.trc
Undo initialization finished
RMAN-05510: Duplicate finished
Completed checkpoint up to RBA
Beginning log switch checkpoint up to RBA
Thread 1 advanced to log sequence 795
Archived Log entry 605 added for thread 1 sequence 2572
Starting background process VKTM
ORA-19652: cannot apply offline-range record to datafile pk_orders : file is fuzzy
Current log# 423 seq# 2819 mem# 0
Starting background process VKTM
Starting background process VKTM
ARC0: Archival started
Current log# 345 seq# 5692 mem# 0
NID-00306: Datafile BILLING.CUST_ORDERS - no revert needed
Starting background process VKTM
Completed checkpoint up to RBA
ORA-06555: this name is currently reserved for use by user SYS
Current log# 145 seq# 3551 mem# 0
Thread 1 advanced to log sequence 18
Undo initialization finished
ARC0: Archival started
ARC0: Archival started
ORA-30955: The XML Index does not exist or is not asynchronous
Starting background process VKTM
ORA-12659: Error received from other process
Thread 1 advanced to log sequence 676
Current log# 995 seq# 9264 mem# 0
Beginning log switch checkpoint up to RBA
DGM-17009: New primary database " user_sessions " is opening...
Beginning log switch checkpoint up to RBA
KUP-04071: record discarded from file NETWORK_OPS.SIM_INVENTORY
Completed checkpoint up to RBA
Completed checkpoint up to RBA
PCC-00103: AT clause is an Oracle extension
ARC0: Archival started
Archived Log entry 875 added for thread 1 sequence 7320
Completed checkpoint up to RBA
Archived Log entry 168 added for thread 1 sequence 7595
Thread 1 advanced to log sequence 564
TNS-02511: Invalid data type
Errors in file /u01/app/oracle/diag/rdbms/ttprod/ttprod1/trace/ttprod1_ora_46911.trc
Thread 1 advanced to log sequence 388
Thread 1 advanced to log sequence 720
Beginning log switch checkpoint up to RBA
ORA-55630: Flashback Data Archive cannot be enabled on this object
Thread 1 advanced to log sequence 9
Archived Log entry 242 added for thread 1 sequence 5645
Completed checkpoint up to RBA
Beginning log switch checkpoint up to RBA
Beginning log switch checkpoint up to RBA
ORA-01666: control file is for a standby database
Undo initialization finished
Completed checkpoint up to RBA
Thread 1 advanced to log sequence 342
Starting background process VKTM
RMAN-06207: WARNING: TNS_ADMIN objects could not be deleted for idx_users_email channel(s) due
Errors in file /u01/app/oracle/diag/rdbms/ttprod/ttprod1/trace/ttprod1_ora_70635.trc
ARC0: Archival started
Thread 1 advanced to log sequence 491
Completed checkpoint up to RBA
Beginning log switch checkpoint up to RBA
ORA-19806: cannot make duplex backups in recovery area
Archived Log entry 886 added for thread 1 sequence 5182
ARC0: Archival started
Current log# 372 seq# 9835 mem# 0
Beginning log switch checkpoint up to RBA
Current log# 715 seq# 3345 mem# 0
IMG-00549: invalid pixelOrder specfied
Current log# 904 seq# 2794 mem# 0
Thread 1 advanced to log sequence 709
Completed checkpoint up to RBA
RMAN-07521: cannot create recovery catalog in database version NETWORK_OPS.SIM_INVENTORY ; version _SYSSMU7$ required
Starting background process VKTM
Completed checkpoint up to RBA
Completed checkpoint up to RBA
NZE-29177: certificate serial number is not in CRL
Undo initialization finished
ARC0: Archival started
ARC0: Archival started
ORA-01917: user or role ' large pool ' does not exist
Archived Log entry 998 added for thread 1 sequence 9066
Beginning log switch checkpoint up to RBA
ARC0: Archival started
Undo initialization finished
Thread 1 advanced to log sequence 240
ORA-01250: Error _SYSSMU12$ occurred during termination of file header access
Errors in file /u01/app/oracle/diag/rdbms/ttprod/ttprod1/trace/ttprod1_ora_61866.trc
ARC0: Archival started
Undo initialization finished
KUP-04013: other system error
Current log# 234 seq# 2934 mem# 0
RMAN-08128: uncataloged backup piece
Undo initialization finished
ORA-19528: redo logs being cleared may need access to files
Undo initialization finished
ARC0: Archival started
Current log# 138 seq# 5404 mem# 0
Current log# 679 seq# 8055 mem# 0
Current log# 789 seq# 8987 mem# 0
JMS-00155: AQ Exception {0}
Completed checkpoint up to RBA
Undo initialization finished
Completed checkpoint up to RBA
QSM-02139: agg(expr) requires correspondng agg(expr+expr) function
Beginning log switch checkpoint up to RBA
Beginning log switch checkpoint up to RBA
PROT-00012: Oracle Cluster Registry to be upgraded has an unsupported version
Thread 1 advanced to log sequence 903
TNS-01422: Default Service /u01/app/oracle/oradata/ttprod/users01.dbf
Thread 1 advanced to log sequence 326
Current log# 653 seq# 8254 mem# 0
RMAN-06515: archived logs required to recover from this copy will expire when this copy expires
Beginning log switch checkpoint up to RBA
RMAN-06028: duplicate operand specified in restore specification: idx_users_email
ARC0: Archival started
ARC0: Archival started
Current log# 881 seq# 7169 mem# 0
Archived Log entry 505 added for thread 1 sequence 8308
Thread 1 advanced to log sequence 417
ORA-29537: class or resource cannot be created or dropped directly
Thread 1 advanced to log sequence 702
Completed checkpoint up to RBA
ARC0: Archival started
Starting background process VKTM
Current log# 33 seq# 7138 mem# 0
NZE-29000: Certificate not installed
Archived Log entry 980 added for thread 1 sequence 8599
Thread 1 advanced to log sequence 185
Starting background process VKTM
Archived Log entry 151 added for thread 1 sequence 6824
ORA-27089: unable to release advisory lock
Errors in file /u01/app/oracle/diag/rdbms/ttprod/ttprod1/trace/ttprod1_ora_80338.trc
Beginning log switch checkpoint up to RBA
Current log# 373 seq# 1621 mem# 0
Archived Log entry 48 added for thread 1 sequence 6540
Thread 1 advanced to log sequence 621
ORA-48213: Incorrect Access Mode for Operation [ fk_order_customer ] [ DATA_TS01 ]
Starting background process VKTM
PRKO-02412: ONS is already disabled on node(s): {0}
Beginning log switch checkpoint up to RBA
ORA-55466: one or more triples have incompatible sensitivity label
Current log# 588 seq# 9539 mem# 0
PCC-00109: Dynamic SQL and PL/SQL are Oracle extensions to ANSI SQL
Starting background process VKTM
ARC0: Archival started
Undo initialization finished
Beginning log switch checkpoint up to RBA
ARC0: Archival started
ORA-32613: not a MODEL cell
Completed checkpoint up to RBA
Beginning log switch checkpoint up to RBA
PGA-21100: RRM initializing for local LU 17
Completed checkpoint up to RBA
ARC0: Archival started
Thread 1 advanced to log sequence 356
Undo initialization finished
PGU-41081: transaction definition pk_orders version number inserted into PG DD
Undo initialization finished
Completed checkpoint up to RBA
Thread 1 advanced to log sequence 902
Current log# 652 seq# 4930 mem# 0
ORA-31666: Master process APP_USER42 had an unhandled exception.
Starting background process VKTM
Starting background process VKTM
Undo initialization finished
ORA-12986: columns in partially dropped state. Submit ALTER TABLE DROP COLUMNS CONTINUE
ARC0: Archival started
Completed checkpoint up to RBA
Thread 1 advanced to log sequence 134
RMAN-05053: AUXILIARY DESTINATION is only valid when using a RMAN-managed auxiliary instance
Beginning log switch checkpoint up to RBA
Starting background process VKTM
RMAN-08520: channel PK_CUSTOMER_ACCOUNTS : scanning archived log PK_CUSTOMER_ACCOUNTS
Beginning log switch checkpoint up to RBA
Completed checkpoint up to RBA
Current log# 62 seq# 3936 mem# 0
Beginning log switch checkpoint up to RBA
Archived Log entry 558 added for thread 1 sequence 9135
PGU-42021: unterminated record definition found
Archived Log entry 98 added for thread 1 sequence 4237
PGU-41135: no PGAU fk_order_customer objects named APP_USER42 satisfied the REPORT request
ARC0: Archival started
GIPC-00000: general success.
Errors in file /u01/app/oracle/diag/rdbms/ttprod/ttprod1/trace/ttprod1_ora_64317.trc
Thread 1 advanced to log sequence 199
Starting background process VKTM
Undo initialization finished
Completed checkpoint up to RBA
PRCN-03003: Failed to unregister EONS resource type
Starting background process VKTM
ORA-12005: may not schedule automatic refresh for times in the past
ARC0: Archival started
Starting background process VKTM
Beginning log switch checkpoint up to RBA
INS-41511: One or more of the locations you specified for voting disk files are the same as an Oracle 9i quorum location.
Current log# 190 seq# 5222 mem# 0
Beginning log switch checkpoint up to RBA
Completed checkpoint up to RBA
Undo initialization finished
PCC-00109: Dynamic SQL and PL/SQL are Oracle extensions to ANSI SQL
ARC0: Archival started
ARC0: Archival started
ARC0: Archival started
ARC0: Archival started
Undo initialization finished
ORA-29271: not connected
Undo initialization finished
Beginning log switch checkpoint up to RBA
UDE-00004: operation generated ORACLE error number
Beginning log switch checkpoint up to RBA
Completed checkpoint up to RBA
Starting background process VKTM
Thread 1 advanced to log sequence 471
Undo initialization finished
PCC-01300: You are not authorized to run Pro*PL/I
Errors in file /u01/app/oracle/diag/rdbms/ttprod/ttprod1/trace/ttprod1_ora_83770.trc
Beginning log switch checkpoint up to RBA
Undo initialization finished
Current log# 917 seq# 9256 mem# 0
ARC0: Archival started
RMAN-06452: idx_users_email package upgraded to version large pool
Current log# 445 seq# 6671 mem# 0
Undo initialization finished
Completed checkpoint up to RBA
Current log# 416 seq# 4078 mem# 0
Completed checkpoint up to RBA
RMAN-06729: no backup of the SPFILE found to restore
Beginning log switch checkpoint up to RBA
Thread 1 advanced to log sequence 798
Current log# 343 seq# 5761 mem# 0
Beginning log switch checkpoint up to RBA
RMAN-06520: archived logs will not be kept or backed up
Beginning log switch checkpoint up to RBA
ARC0: Archival started
Current log# 64 seq# 9591 mem# 0
ARC0: Archival started
TNS-00219: Pump Strategy : 42
Thread 1 advanced to log sequence 525
Beginning log switch checkpoint up to RBA
Undo initialization finished
ORA-13265: geometry identifier column ttstandby01 in table fk_order_customer is not of type NUMBER
Archived Log entry 565 added for thread 1 sequence 3641
Current log# 734 seq# 2551 mem# 0
Archived Log entry 789 added for thread 1 sequence 4365
ARC0: Archival started
Archived Log entry 693 added for thread 1 sequence 6599
PRVF-04567: Failed to check existence of VIP node application on nodes "{0}"
Current log# 645 seq# 8596 mem# 0
Archived Log entry 232 added for thread 1 sequence 5558
PGA-21041: error creating name object for log file
Thread 1 advanced to log sequence 102
Starting background process VKTM
DRG-11875: Access Scheme Is Not Allowed
Current log# 967 seq# 3770 mem# 0
Current log# 204 seq# 9556 mem# 0
Starting background process VKTM
Beginning log switch checkpoint up to RBA
Undo initialization finished
PGU-39602: TG 3 for app_db = SP2-0552 SP2-0552 , APP_USER42 l= UNDOTBS1 o= ttprod2
Beginning log switch checkpoint up to RBA
Completed checkpoint up to RBA
ORA-31110: Action failed as resource _SYSSMU7$ is locked by name
Archived Log entry 479 added for thread 1 sequence 8762
ORA-29349: tablespace ' reporting_schema ' already exists
Completed checkpoint up to RBA
Thread 1 advanced to log sequence 987
Archived Log entry 571 added for thread 1 sequence 5438
ARC0: Archival started
CRS-09108: Threshold out of acceptable range
Errors in file /u01/app/oracle/diag/rdbms/ttprod/ttprod1/trace/ttprod1_ora_64430.trc
ARC0: Archival started
Completed checkpoint up to RBA
Archived Log entry 133 added for thread 1 sequence 5202
ORA-40116: NULL values found in weights table
Completed checkpoint up to RBA
Current log# 846 seq# 5415 mem# 0
ORA-13795: missing task execution
Starting background process VKTM
Completed checkpoint up to RBA
DRG-50864: number assignment failed
Thread 1 advanced to log sequence 463
Undo initialization finished
Beginning log switch checkpoint up to RBA
Current log# 495 seq# 7255 mem# 0
PCB-00317: Group item host variables are Oracle extensions
Errors in file /u01/app/oracle/diag/rdbms/ttprod/ttprod1/trace/ttprod1_ora_78596.trc
Completed checkpoint up to RBA
Starting background process VKTM
PGU-42026: COPY copies a COPY REPLACING or vice versa
ARC0: Archival started
Thread 1 advanced to log sequence 846
Beginning log switch checkpoint up to RBA
ARC0: Archival started
NNO-00066: server will perform reload check of administrative region in number seconds
Beginning log switch checkpoint up to RBA
Completed checkpoint up to RBA
Beginning log switch checkpoint up to RBA
Current log# 210 seq# 8849 mem# 0
CRS-00232: Cluster member is down. Cannot perform operation.
Current log# 696 seq# 2774 mem# 0
ORA-18126: XUDY0027 - Invalid target expression
Starting background process VKTM
Starting background process VKTM
Thread 1 advanced to log sequence 458
PGU-41113: invalid WITH operand
Beginning log switch checkpoint up to RBA
Beginning log switch checkpoint up to RBA
Completed checkpoint up to RBA
Completed checkpoint up to RBA
Archived Log entry 808 added for thread 1 sequence 1130
ORA-23417: unknown materialized view type: SP2-0552
Archived Log entry 480 added for thread 1 sequence 6937
ARC0: Archival started
Thread 1 advanced to log sequence 323
NNO-00627: cancelling auto-refresh of name " 3 ", type " SYSAUX "
Current log# 103 seq# 6811 mem# 0
ORA-16275: prior failed CTAS detected and pre-existing table dropped
Archived Log entry 512 added for thread 1 sequence 3574
ORA-14308: partition bound element must be one of: pg_toast_12345, datetime or interval literal, number, or NULL
Current log# 80 seq# 2966 mem# 0
ORA-24045: invalid agent address PK_CUSTOMER_ACCOUNTS , agent address should be of the form [SCHEMA.]NAME[@DATABASE LINK]
Current log# 372 seq# 9538 mem# 0
RMAN-04031: initialization parameters used for automatic instance: CRM.CALL_DETAIL_RECORDS
Archived Log entry 688 added for thread 1 sequence 6441
ARC0: Archival started
INS-01004: USERS is not directory.
Archived Log entry 674 added for thread 1 sequence 5530
Completed checkpoint up to RBA
ORA-16072: a minimum of one standby database destination is required
Starting background process VKTM
ARC0: Archival started
TNS-01062: The db subagent is already running.
Errors in file /u01/app/oracle/diag/rdbms/ttprod/ttprod1/trace/ttprod1_ora_89710.trc
Starting background process VKTM
Undo initialization finished
Thread 1 advanced to log sequence 480
Thread 1 advanced to log sequence 620
ORA-25022: cannot reference a trigger of a different type
Beginning log switch checkpoint up to RBA
Archived Log entry 747 added for thread 1 sequence 6128
Beginning log switch checkpoint up to RBA
PRCD-01103: Failed to retrieve the maximum cardinality for database {0}
Thread 1 advanced to log sequence 14
Completed checkpoint up to RBA
ORA-60006: adding ( 5000 ) blocks to index reporting_schema . 42 partition fk_order_customer with MAXSIZE ( large pool )
Errors in file /u01/app/oracle/diag/rdbms/ttprod/ttprod1/trace/ttprod1_ora_29031.trc
ARC0: Archival started
ARC0: Archival started
Undo initialization finished
PRKO-02109: Options '-e', '-i', or '-w' should be supplied with option '-c'
Undo initialization finished
Archived Log entry 643 added for thread 1 sequence 5922
Thread 1 advanced to log sequence 232
Thread 1 advanced to log sequence 901
ORA-39018: master process received invalid message number idx_users_email
Starting background process VKTM
Current log# 37 seq# 5656 mem# 0
Undo initialization finished
Undo initialization finished
Thread 1 advanced to log sequence 932
ORA-16067: activation identifier mismatch in archive log NETWORK_OPS.SIM_INVENTORY
Errors in file /u01/app/oracle/diag/rdbms/ttprod/ttprod1/trace/ttprod1_ora_82363.trc
Archived Log entry 880 added for thread 1 sequence 6373
RMAN-06421: sent command to channel: reporting_schema
Current log# 581 seq# 9010 mem# 0
Current log# 960 seq# 2955 mem# 0
ORA-10921: Cannot drop tablespace belonging to default temporary tablespace group
Beginning log switch checkpoint up to RBA
PCC-02373: Invalid declaration in EXEC SQL DECLARE section
Undo initialization finished
Undo initialization finished
Current log# 967 seq# 1891 mem# 0
ORA-16151: Managed Standby Recovery not available
Current log# 60 seq# 5087 mem# 0
Completed checkpoint up to RBA
Current log# 710 seq# 5579 mem# 0
Completed checkpoint up to RBA
JMS-00162: Message not Readable
Starting background process VKTM
Starting background process VKTM
Current log# 404 seq# 9435 mem# 0
NNO-00066: server will perform reload check of administrative region in number seconds
Undo initialization finished
ORA-39004: invalid state
Archived Log entry 895 added for thread 1 sequence 3764
Current log# 177 seq# 4361 mem# 0
ARC0: Archival started
ORA-25279: dequeue as select not supported before 8.2
Completed checkpoint up to RBA
Archived Log entry 192 added for thread 1 sequence 1457
Beginning log switch checkpoint up to RBA
ORA-26684: invalid value for value_type
Current log# 881 seq# 4624 mem# 0
Completed checkpoint up to RBA
Thread 1 advanced to log sequence 67
Starting background process VKTM
ORA-15456: missing or invalid volume usage specifier
Undo initialization finished
Undo initialization finished
Current log# 301 seq# 5171 mem# 0
Undo initialization finished
Starting background process VKTM
RMAN-08056: skipping datafile pk_orders because it has not changed
Errors in file /u01/app/oracle/diag/rdbms/ttprod/ttprod1/trace/ttprod1_ora_11649.trc
Thread 1 advanced to log sequence 377
Undo initialization finished
DIA-48223: Interrupt Requested - Fetch Aborted - Return Code [ session_1123 ] [ session_1123 ]
Errors in file /u01/app/oracle/diag/rdbms/ttprod/ttprod1/trace/ttprod1_ora_30812.trc
Archived Log entry 813 added for thread 1 sequence 3588
Undo initialization finished
ARC0: Archival started
Current log# 958 seq# 3809 mem# 0
ORA-16129: unsupported DML encountered
Completed checkpoint up to RBA
Archived Log entry 354 added for thread 1 sequence 8214
Beginning log switch checkpoint up to RBA
Thread 1 advanced to log sequence 244
Thread 1 advanced to log sequence 948
ORA-32519: insufficient privileges to execute ORADEBUG command: CRM.CALL_DETAIL_RECORDS
Errors in file /u01/app/oracle/diag/rdbms/ttprod/ttprod1/trace/ttprod1_ora_76813.trc
Archived Log entry 607 added for thread 1 sequence 8490
Undo initialization finished
ARC0: Archival started
QSM-02006: subquery in FROM list
ARC0: Archival started
ARC0: Archival started
ARC0: Archival started
ARC0: Archival started
INS-41109: Configured network mask session_1123 for the interface ttprod2 is not same across all cluster nodes.
ARC0: Archival started
Undo initialization finished
NNO-00107: line APP_USER42 : ignoring stale checkpoint data
Completed checkpoint up to RBA
NID-00450: Succesfully changed database name and ID.
ARC0: Archival started
Archived Log entry 755 added for thread 1 sequence 4855
ORA-47324: error updating Rule fk_order_customer , ttprod1
ARC0: Archival started
ORA-14624: DEFAULT subpartition must be last subpartition specified
Thread 1 advanced to log sequence 172
Current log# 124 seq# 8270 mem# 0
ARC0: Archival started
Starting background process VKTM
Beginning log switch checkpoint up to RBA
PCC-00079: ANSI requires colon on label in WHENEVER statement
Starting background process VKTM
Completed checkpoint up to RBA
PCC-02398: Indicator ignored in this statement for this type
Undo initialization finished
Beginning log switch checkpoint up to RBA
ORA-55358: model " ttstandby01 " is not empty
Errors in file /u01/app/oracle/diag/rdbms/ttprod/ttprod1/trace/ttprod1_ora_67080.trc
Undo initialization finished
Archived Log entry 665 added for thread 1 sequence 1881
Beginning log switch checkpoint up to RBA
TNS-03509: OK ( number msec)
Errors in file /u01/app/oracle/diag/rdbms/ttprod/ttprod1/trace/ttprod1_ora_27364.trc
Thread 1 advanced to log sequence 173
IMG-00515: incorrect number of input channels
Completed checkpoint up to RBA
Archived Log entry 770 added for thread 1 sequence 1980
Completed checkpoint up to RBA
Completed checkpoint up to RBA
Current log# 559 seq# 5762 mem# 0
ORA-14160: this physical attribute may not be specified for a table subpartition
Errors in file /u01/app/oracle/diag/rdbms/ttprod/ttprod1/trace/ttprod1_ora_61175.trc
Completed checkpoint up to RBA
Starting background process VKTM
Beginning log switch checkpoint up to RBA
Starting background process VKTM
Current log# 665 seq# 2902 mem# 0
RMAN-06177: restore not done; all files read only, offline, or already restored
Beginning log switch checkpoint up to RBA
Thread 1 advanced to log sequence 530
ORA-13920: Threshold cannot be set when database is in read-only mode.
Starting background process VKTM
CRS-02787: Server pool ' APP_USER42 ' has fallen below its minimum size. Details at TNS_ADMIN in 3 .
Undo initialization finished
ARC0: Archival started
ORA-00358: Too many file members specified, the maximum is DATA_TS01
Beginning log switch checkpoint up to RBA
ARC0: Archival started
ARC0: Archival started
Beginning log switch checkpoint up to RBA
Completed checkpoint up to RBA
ORA-57000: TimesTen IMDB error: SYSAUX
Current log# 687 seq# 2526 mem# 0
Undo initialization finished
Starting background process VKTM
ORA-55321: network already exists
Starting background process VKTM
ARC0: Archival started
Starting background process VKTM
Starting background process VKTM
ORA-24203: operation failed, queue table ttprod1 . 5000 has errors
Errors in file /u01/app/oracle/diag/rdbms/ttprod/ttprod1/trace/ttprod1_ora_31466.trc
Current log# 248 seq# 2193 mem# 0
ARC0: Archival started
Starting background process VKTM
ORA-34350: (MXDSS06) INVOICE_LINES_IDX is an open analytic workspace.
Thread 1 advanced to log sequence 3
Thread 1 advanced to log sequence 576
Undo initialization finished
Starting background process VKTM
ORA-24327: need explicit attach before authenticating a user
ARC0: Archival started
Archived Log entry 863 added for thread 1 sequence 8030
Current log# 263 seq# 6705 mem# 0
Completed checkpoint up to RBA
ORA-16068: redo log file activation identifier mismatch
Starting background process VKTM
ORA-48480: No incidents are created
ARC0: Archival started
Beginning log switch checkpoint up to RBA
Current log# 339 seq# 7168 mem# 0
ORA-06564: object ttprod2 does not exist
Beginning log switch checkpoint up to RBA
PGU-41145: default PLSDNAME parameter truncated to 5000
Errors in file /u01/app/oracle/diag/rdbms/ttprod/ttprod1/trace/ttprod1_ora_52794.trc
ARC0: Archival started
ORA-12438: repeated policy option: pg_toast_12345
Errors in file /u01/app/oracle/diag/rdbms/ttprod/ttprod1/trace/ttprod1_ora_69794.trc
Starting background process VKTM
ARC0: Archival started
ARC0: Archival started
ORA-28156: Proxy user ' /u01/app/oracle/oradata/ttprod/users01.dbf ' not authorized to set role ' fk_order_customer ' for client ' fk_order_customer '
ARC0: Archival started
ARC0: Archival started
Completed checkpoint up to RBA
ORA-19566: exceeded limit of user_sessions corrupt blocks for file SP2-0552
Thread 1 advanced to log sequence 417
Archived Log entry 593 added for thread 1 sequence 3117
Archived Log entry 914 added for thread 1 sequence 9390
ORA-29809: cannot drop an operator with dependent objects
Archived Log entry 240 added for thread 1 sequence 1598
Completed checkpoint up to RBA
Starting background process VKTM
ARC0: Archival started
PGU-00365: object BILLING.CUST_ORDERS is invalid, it may not be described
Thread 1 advanced to log sequence 730
Undo initialization finished
Current log# 969 seq# 5600 mem# 0
ORA-16307: TSE key _SYSSMU12$ successfully applied
Beginning log switch checkpoint up to RBA
Thread 1 advanced to log sequence 756
Current log# 559 seq# 1176 mem# 0
Beginning log switch checkpoint up to RBA
Starting background process VKTM
ORA-29937: domain index cannot be system-managed
Current log# 767 seq# 3228 mem# 0
Starting background process VKTM
Undo initialization finished
ORA-39909: Index INVOICE_LINES_IDX . APP_USER42 in tablespace TNS_ADMIN points to table/cluster user_sessions . ttprod1 in tablespace TNS_ADMIN .
Thread 1 advanced to log sequence 876
ORA-26918: Must use ' DATA_TS01 ' procedure for outbound server " 42 ".
ARC0: Archival started
Current log# 31 seq# 3011 mem# 0
PRCD-01030: Failed to determine whether the database {0} has cardinality
ARC0: Archival started
Current log# 944 seq# 3802 mem# 0
Completed checkpoint up to RBA
Starting background process VKTM
PGU-00363: procedure or function shared pool not found in the package
Beginning log switch checkpoint up to RBA
Starting background process VKTM
Completed checkpoint up to RBA
Current log# 725 seq# 1113 mem# 0
ORA-13712: Cannot perform ADDM analysis on AWR snapshots from previous releases. Snapshot version " 5000 " do not match the database version " SP2-0552 ".
Beginning log switch checkpoint up to RBA
Thread 1 advanced to log sequence 984
ORA-32415: fast refreshable remote materialized view on a detail table with commit SCN-based materialized view log is not supported
Errors in file /u01/app/oracle/diag/rdbms/ttprod/ttprod1/trace/ttprod1_ora_56986.trc
Completed checkpoint up to RBA
Beginning log switch checkpoint up to RBA
Thread 1 advanced to log sequence 296
ORA-29863: warning in the execution of ODCIINDEXCREATE routine
Beginning log switch checkpoint up to RBA
RMAN-06145: control file is not current - obsolete file list may be incomplete
Errors in file /u01/app/oracle/diag/rdbms/ttprod/ttprod1/trace/ttprod1_ora_74624.trc
Completed checkpoint up to RBA
CRS-01213: Cluster Ready Service failed to retrieve user information. Details at user_sessions in pg_toast_12345 .
Undo initialization finished
Beginning log switch checkpoint up to RBA
Undo initialization finished
Thread 1 advanced to log sequence 394
Starting background process VKTM
RMAN-06954: REPAIR command must be preceded by ADVISE command in same session
Undo initialization finished
Completed checkpoint up to RBA
ORA-07635: smsdbp: $SETPRT failure
Undo initialization finished
ARC0: Archival started
Archived Log entry 589 added for thread 1 sequence 8839
Current log# 938 seq# 2896 mem# 0
Current log# 981 seq# 2360 mem# 0
QSM-02038: Partition Change Tracking (PCT) is enabled
Beginning log switch checkpoint up to RBA
Archived Log entry 171 added for thread 1 sequence 4543
PRKO-02458: ONS does not exist
Beginning log switch checkpoint up to RBA
Completed checkpoint up to RBA
PRVF-05321: Failed to get the CRS or Oracle Restart home
Archived Log entry 587 added for thread 1 sequence 9044
Beginning log switch checkpoint up to RBA
Starting background process VKTM
Undo initialization finished
Beginning log switch checkpoint up to RBA
RMAN-06519: backup will never be obsolete
Archived Log entry 140 added for thread 1 sequence 3341
ARC0: Archival started
ARC0: Archival started
Starting background process VKTM
TNS-12658: ANO service required but TNS version is incompatible
Thread 1 advanced to log sequence 815
Completed checkpoint up to RBA
NID-00415: Change of database name and database ID failed.
Beginning log switch checkpoint up to RBA
ORA-12992: cannot drop parent key column
Beginning log switch checkpoint up to RBA
Starting background process VKTM
Current log# 150 seq# 5928 mem# 0
Current log# 725 seq# 9191 mem# 0
DRG-10583: TRUNCATE INDEX failed: 3
Undo initialization finished
TNS-12154: TNS: could not resolve the connect identifier specified
Errors in file /u01/app/oracle/diag/rdbms/ttprod/ttprod1/trace/ttprod1_ora_36774.trc
Current log# 887 seq# 6926 mem# 0
Undo initialization finished
ORA-01200: actual file size of ttstandby01 is smaller than correct size of user_sessions blocks
Completed checkpoint up to RBA
Beginning log switch checkpoint up to RBA
ORA-14755: Invalid partition specification for FOR VALUES clause.
Completed checkpoint up to RBA
Starting background process VKTM
Archived Log entry 903 added for thread 1 sequence 9148
Undo initialization finished
RMAN-06008: connected to recovery catalog database
Beginning log switch checkpoint up to RBA
Archived Log entry 99 added for thread 1 sequence 6072
Starting background process VKTM
Starting background process VKTM
ORA-02066: missing or invalid DISPATCHERS text
Undo initialization finished
Current log# 960 seq# 6875 mem# 0
Undo initialization finished
ARC0: Archival started
RMAN-07208: changed PK_CUSTOMER_ACCOUNTS failures to LOW priority
Completed checkpoint up to RBA
ORA-24239: object could not be invalidated
Undo initialization finished
Starting background process VKTM
Archived Log entry 964 added for thread 1 sequence 6120
Starting background process VKTM
Current log# 908 seq# 1407 mem# 0
ORA-27096: fail to get file size
ARC0: Archival started
Beginning log switch checkpoint up to RBA
Thread 1 advanced to log sequence 209
ORA-24181: The type SYSAUX does not exist
Starting background process VKTM
Beginning log switch checkpoint up to RBA
ARC0: Archival started
RMAN-08044: channel 1024 : finished piece INVOICE_LINES_IDX at reporting_schema
ARC0: Archival started
Undo initialization finished
Starting background process VKTM
RMAN-06162: sql statement: 42
Current log# 972 seq# 5532 mem# 0
Current log# 148 seq# 7665 mem# 0
Starting background process VKTM
PRVF-07019: OCFS file system does not exist on location "{0}"
Current log# 34 seq# 5303 mem# 0
Completed checkpoint up to RBA
ORA-30453: summary contains AVG without corresponding COUNT
Beginning log switch checkpoint up to RBA
Beginning log switch checkpoint up to RBA
ORA-39924: Default Composite Partition (Index) Tablespace 3 for fk_order_customer not contained in transportable set.
Starting background process VKTM
RMAN-08552: backup and output file names are identical: INVOICE_LINES_IDX
Thread 1 advanced to log sequence 9
Starting background process VKTM
ARC0: Archival started
Beginning log switch checkpoint up to RBA
ORA-10920: Cannot offline tablespace belonging to default temporary tablespace group
Errors in file /u01/app/oracle/diag/rdbms/ttprod/ttprod1/trace/ttprod1_ora_25459.trc
Beginning log switch checkpoint up to RBA
Completed checkpoint up to RBA
Archived Log entry 506 added for thread 1 sequence 5528
Current log# 345 seq# 3463 mem# 0
Archived Log entry 595 added for thread 1 sequence 9082
ORA-39308: Cannot alter attribute of view: _SYSSMU12$
Starting background process VKTM
Completed checkpoint up to RBA
CRS-10015: VIP type SP2-0552 is invalid
Errors in file /u01/app/oracle/diag/rdbms/ttprod/ttprod1/trace/ttprod1_ora_54382.trc
Archived Log entry 324 added for thread 1 sequence 1824
ORA-37093: (XSOBJORG_BAD_CUBE) invalid property " session_1123 " specified for cube " app_db . _SYSSMU12$ "
ARC0: Archival started
Thread 1 advanced to log sequence 985
KFOD-00401: OS failure message: 1024
Thread 1 advanced to log sequence 451
Undo initialization finished
Undo initialization finished
Completed checkpoint up to RBA
QSM-02171: the materialized view has a join operation in the outer UNION block
Beginning log switch checkpoint up to RBA
ARC0: Archival started
Current log# 264 seq# 7183 mem# 0
Beginning log switch checkpoint up to RBA
CRS-04678: Successful get pg_toast_12345 number for Cluster Synchronization Services.
Errors in file /u01/app/oracle/diag/rdbms/ttprod/ttprod1/trace/ttprod1_ora_95149.trc
Beginning log switch checkpoint up to RBA
Completed checkpoint up to RBA
Undo initialization finished
Beginning log switch checkpoint up to RBA
Beginning log switch checkpoint up to RBA
RMAN-06487: changed proxy copy expired
Starting background process VKTM
Undo initialization finished
Completed checkpoint up to RBA
Completed checkpoint up to RBA
ORA-37039: (XSMLTDCL05) You cannot maintain triggers in analytic workspace ttstandby01 because it is attached in MULTI mode.
Current log# 505 seq# 5933 mem# 0
ORA-02381: cannot drop PUBLIC_DEFAULT profile
ARC0: Archival started
ORA-39922: Default Partition (Index) Tablespace APP_USER42 for PK_CUSTOMER_ACCOUNTS not contained in transportable set.
Errors in file /u01/app/oracle/diag/rdbms/ttprod/ttprod1/trace/ttprod1_ora_57127.trc
Completed checkpoint up to RBA
Current log# 737 seq# 2508 mem# 0
Undo initialization finished
ARC0: Archival started
Current log# 927 seq# 4897 mem# 0
CLSR-00518: Failed to register a preconnect service name
Thread 1 advanced to log sequence 227
ARC0: Archival started
NNO-00268: warning: configuration database is not used, using checkpoint data instead
Starting background process VKTM
Current log# 107 seq# 8079 mem# 0
Completed checkpoint up to RBA
Beginning log switch checkpoint up to RBA
ORA-14020: this physical attribute may not be specified for a table partition
ARC0: Archival started
Current log# 172 seq# 3383 mem# 0
Archived Log entry 694 added for thread 1 sequence 4232
ORA-37166: (XSOQ_BAD_OBJ) OLAP object " DATA_TS01 . ttprod2 " does not exist
Completed checkpoint up to RBA
Beginning log switch checkpoint up to RBA
Thread 1 advanced to log sequence 30
Archived Log entry 23 added for thread 1 sequence 9192
Completed checkpoint up to RBA
ORA-15473: access to a volume's storage through an unsupported interface
ARC0: Archival started
Undo initialization finished
Current log# 684 seq# 8900 mem# 0
Completed checkpoint up to RBA
ORA-14270: table is not partitioned by Range, System, Hash or List method
Archived Log entry 313 added for thread 1 sequence 8618
PLS-00124: name of exception expected for first arg in exception_init pragma
Errors in file /u01/app/oracle/diag/rdbms/ttprod/ttprod1/trace/ttprod1_ora_77771.trc
Thread 1 advanced to log sequence 89
Completed checkpoint up to RBA
Starting background process VKTM
Beginning log switch checkpoint up to RBA
ORA-23375: feature is incompatible with database version at ttprod1
Errors in file /u01/app/oracle/diag/rdbms/ttprod/ttprod1/trace/ttprod1_ora_77021.trc
Thread 1 advanced to log sequence 503
ORA-02091: transaction rolled back
Thread 1 advanced to log sequence 520
PLS-00102: parser stack overflow because nesting is too deep
Current log# 265 seq# 7644 mem# 0
Archived Log entry 489 added for thread 1 sequence 9533
Archived Log entry 782 added for thread 1 sequence 3481
Completed checkpoint up to RBA
ORA-13046: invalid number of arguments
Completed checkpoint up to RBA
ORA-16548: database not enabled
Beginning log switch checkpoint up to RBA
ARC0: Archival started
ORA-13005: recursive HHCODE function error
Starting background process VKTM
PLS-00667: Element type of associative array should be pls_integer or binary_integer
Undo initialization finished
Beginning log switch checkpoint up to RBA
IMP-00039: VOLSIZE does not match the value used for export: pk_orders
Beginning log switch checkpoint up to RBA
Archived Log entry 983 added for thread 1 sequence 8065
Undo initialization finished
NNL-00533: ping [<server_list>] : ping one or more Names servers
Completed checkpoint up to RBA
CLST-02104: TCP port TNS_ADMIN is out of bounds.
Undo initialization finished
ARC0: Archival started
Current log# 831 seq# 7416 mem# 0
Starting background process VKTM
PRKH-03150: Unexpected error ({0}) returned from DHCP module
Archived Log entry 634 added for thread 1 sequence 8711
Completed checkpoint up to RBA
Undo initialization finished
Thread 1 advanced to log sequence 939
ORA-01463: cannot modify column datatype with current constraint(s)
ARC0: Archival started
Current log# 826 seq# 6128 mem# 0
CRS-09029: Error shared pool : No PID given
Archived Log entry 679 added for thread 1 sequence 4502
Current log# 974 seq# 4266 mem# 0
Undo initialization finished
Current log# 151 seq# 4772 mem# 0
NZE-28765: Data method list does not exist.
ARC0: Archival started
ARC0: Archival started
ARC0: Archival started
Starting background process VKTM
Beginning log switch checkpoint up to RBA
TNS-00528: Protocol Adapter not loaded
Thread 1 advanced to log sequence 985
PRVF-10014: Clusterware home "{0}" is located under Oracle base directory "{1}" on nodes "{2}"
ARC0: Archival started
Undo initialization finished
Completed checkpoint up to RBA
Starting background process VKTM
Thread 1 advanced to log sequence 406
ORA-13787: missing SQL profile for statement object " DATA_TS01 " for tuning task " CDR_STAGING "
Current log# 222 seq# 8261 mem# 0
ORA-38769: FLASHBACK DATABASE failed after modifying data.
Thread 1 advanced to log sequence 566
Completed checkpoint up to RBA
Completed checkpoint up to RBA
Thread 1 advanced to log sequence 661
CRS-01660: The CSS daemon shutdown has completed
Thread 1 advanced to log sequence 482
Undo initialization finished
ARC0: Archival started
Starting background process VKTM
Thread 1 advanced to log sequence 647
ORA-41618: specified rule does not exist
Undo initialization finished
Thread 1 advanced to log sequence 831
Thread 1 advanced to log sequence 849
RMAN-06209: List of failed objects
Completed checkpoint up to RBA
Current log# 994 seq# 9449 mem# 0
Archived Log entry 84 added for thread 1 sequence 7300
ORA-29708: error occurred in Cluster Synchronization Services
Current log# 853 seq# 1532 mem# 0
ORA-01934: circular role grant detected
Archived Log entry 611 added for thread 1 sequence 3566
ORA-32050: PK_CUSTOMER_ACCOUNTS operation failed
Beginning log switch checkpoint up to RBA
Archived Log entry 533 added for thread 1 sequence 6451
ARC0: Archival started
Undo initialization finished
Thread 1 advanced to log sequence 865
ORA-13447: GeoRaster metadata BRS error
Archived Log entry 465 added for thread 1 sequence 4666
SCLC-01006: Failed to get cluster tier instance, {0}
Thread 1 advanced to log sequence 882
Thread 1 advanced to log sequence 189
IMG-00811: fail queue initialization failed
Errors in file /u01/app/oracle/diag/rdbms/ttprod/ttprod1/trace/ttprod1_ora_78028.trc
Beginning log switch checkpoint up to RBA
Beginning log switch checkpoint up to RBA
Completed checkpoint up to RBA
RMAN-06901: WARNING: disabling update of the V$RMAN_STATUS and V$RMAN_OUTPUT rows
Undo initialization finished
Beginning log switch checkpoint up to RBA
Thread 1 advanced to log sequence 672
ARC0: Archival started
Archived Log entry 723 added for thread 1 sequence 3403
RMAN-08153: deleted global script: idx_users_email
Beginning log switch checkpoint up to RBA
QSM-00790: the workload large pool cannot be modified or changed because it is being used by task SP2-0552
Beginning log switch checkpoint up to RBA
Current log# 595 seq# 2448 mem# 0
Starting background process VKTM
Starting background process VKTM
ORA-22810: cannot modify object attributes with REF dereferencing
ARC0: Archival started
Thread 1 advanced to log sequence 486
ORA-23625: Table shapes of 5000 . fk_order_customer and DATA_TS01 . CRM.CALL_DETAIL_RECORDS @ NETWORK_OPS.SIM_INVENTORY did not match.
Errors in file /u01/app/oracle/diag/rdbms/ttprod/ttprod1/trace/ttprod1_ora_56095.trc
Completed checkpoint up to RBA
Beginning log switch checkpoint up to RBA
Current log# 81 seq# 9983 mem# 0
Thread 1 advanced to log sequence 512
ARC0: Archival started
DRG-50400: maximum number of fuzzy match candidates exceeded: session_1123
Beginning log switch checkpoint up to RBA
Completed checkpoint up to RBA
Completed checkpoint up to RBA
Thread 1 advanced to log sequence 236
PRKR-01082: Failed to get OCR locations
Starting background process VKTM
Thread 1 advanced to log sequence 448
Undo initialization finished
Thread 1 advanced to log sequence 778
Thread 1 advanced to log sequence 797
RMAN-06061: WARNING: skipping archived log compromises recoverability
Current log# 973 seq# 2363 mem# 0
ORA-33557: (MAINTCHK01) You cannot session_1123 values of dimension workspace object during a loop over it.
Errors in file /u01/app/oracle/diag/rdbms/ttprod/ttprod1/trace/ttprod1_ora_84002.trc
Archived Log entry 465 added for thread 1 sequence 7820
Completed checkpoint up to RBA
Thread 1 advanced to log sequence 542
Beginning log switch checkpoint up to RBA
ORA-19389: LOB types are not supported for SQL binds
Archived Log entry 770 added for thread 1 sequence 1152
Current log# 329 seq# 5263 mem# 0
Completed checkpoint up to RBA
Undo initialization finished
ORA-01163: SIZE clause indicates 1024 (blocks), but should match header pk_orders
ARC0: Archival started
Current log# 163 seq# 6020 mem# 0
PLS-00572: improper constraint form used
Errors in file /u01/app/oracle/diag/rdbms/ttprod/ttprod1/trace/ttprod1_ora_25154.trc
ARC0: Archival started
ARC0: Archival started
Starting background process VKTM
Starting background process VKTM
ORA-35587: (SQLOUT20) The nesting of table functions and SQL commands has exceeded the maximum of number levels.
Completed checkpoint up to RBA
Current log# 505 seq# 9886 mem# 0
Archived Log entry 310 added for thread 1 sequence 1428
Beginning log switch checkpoint up to RBA
ORA-39206: A parallel degree of pk_orders is invalid.
Undo initialization finished
Completed checkpoint up to RBA
Undo initialization finished
ARC0: Archival started
Current log# 95 seq# 3417 mem# 0
OCI-31071: Invalid database username or GUID SP2-0552
Completed checkpoint up to RBA
Thread 1 advanced to log sequence 464
Completed checkpoint up to RBA
Starting background process VKTM
ORA-55484: circular dependency not allowed in RDF metadata
Completed checkpoint up to RBA
Thread 1 advanced to log sequence 621
Undo initialization finished
ORA-14658: specified dependent table is not affected by this operation
Current log# 8 seq# 7203 mem# 0
ORA-13479: cannot reproject
Current log# 314 seq# 4062 mem# 0
Completed checkpoint up to RBA
Completed checkpoint up to RBA
Current log# 717 seq# 1051 mem# 0
ARC0: Archival started
PGU-41008: invalid DATA definition dname specified
Archived Log entry 151 added for thread 1 sequence 5763
Thread 1 advanced to log sequence 104
Beginning log switch checkpoint up to RBA
Undo initialization finished
ORA-39263: Cannot alter PARALLEL INSTANCES.
Thread 1 advanced to log sequence 829
ARC0: Archival started
ARC0: Archival started
ARC0: Archival started
ORA-39099: cannot create index for " PK_CUSTOMER_ACCOUNTS " on master table APP_USER42
ARC0: Archival started
ARC0: Archival started
Archived Log entry 795 added for thread 1 sequence 8491
Completed checkpoint up to RBA
Completed checkpoint up to RBA
RMAN-06549: connected to auxiliary database: pk_orders (not mounted)
Archived Log entry 968 added for thread 1 sequence 3322
Archived Log entry 563 added for thread 1 sequence 2329
Beginning log switch checkpoint up to RBA
NID-00302: Datafile large pool - dbid changed
Errors in file /u01/app/oracle/diag/rdbms/ttprod/ttprod1/trace/ttprod1_ora_91367.trc
Undo initialization finished
ARC0: Archival started
ARC0: Archival started
Beginning log switch checkpoint up to RBA
ORA-16133: Datafile shared pool has incorrect terminal recovery stamp.
Errors in file /u01/app/oracle/diag/rdbms/ttprod/ttprod1/trace/ttprod1_ora_43388.trc
Archived Log entry 338 added for thread 1 sequence 7831
Thread 1 advanced to log sequence 141
Starting background process VKTM
Archived Log entry 798 added for thread 1 sequence 3224
Undo initialization finished
CRS-09037: 17 Error: Node name not given. -disk, -nic and -proc need node name
Undo initialization finished
Current log# 310 seq# 6569 mem# 0
Archived Log entry 130 added for thread 1 sequence 5698
Undo initialization finished
Archived Log entry 903 added for thread 1 sequence 5039
RMAN-07520: Reason: Data pump dump file
Undo initialization finished
Current log# 40 seq# 3341 mem# 0
Beginning log switch checkpoint up to RBA
Beginning log switch checkpoint up to RBA
Beginning log switch checkpoint up to RBA
PRVF-04190: Verification of the hosts config file failed
Errors in file /u01/app/oracle/diag/rdbms/ttprod/ttprod1/trace/ttprod1_ora_99233.trc
Undo initialization finished
Beginning log switch checkpoint up to RBA
ARC0: Archival started
ARC0: Archival started
Archived Log entry 286 added for thread 1 sequence 2318
ORA-29850: invalid option for creation of domain indexes
Errors in file /u01/app/oracle/diag/rdbms/ttprod/ttprod1/trace/ttprod1_ora_87498.trc
ARC0: Archival started
PCB-00308: FOR clause is an Oracle extension
Starting background process VKTM
LPX-01154: [XUST0026] Revalidation mode '~s' is not supported
Thread 1 advanced to log sequence 858
Starting background process VKTM
Archived Log entry 182 added for thread 1 sequence 7625
ORA-16747: logical standby database guard could not be turned on
ARC0: Archival started
Completed checkpoint up to RBA
Undo initialization finished
DRG-50962: Query operators are not allowed in transform input 3
Beginning log switch checkpoint up to RBA
Undo initialization finished
Undo initialization finished
Current log# 26 seq# 4172 mem# 0
XOQ-01701: Dimension " idx_users_email " is not part of an analytic workspace.
Starting background process VKTM
Archived Log entry 16 added for thread 1 sequence 2079
Beginning log switch checkpoint up to RBA
Current log# 224 seq# 7213 mem# 0
NID-00300: Connected to database SP2-0552 (DBID= number )
Undo initialization finished
Thread 1 advanced to log sequence 96
Beginning log switch checkpoint up to RBA
Archived Log entry 224 added for thread 1 sequence 8819
ORA-31645: unable to read from dump file " ttstandby01 "
Archived Log entry 803 added for thread 1 sequence 8875
ORA-08238: smsfre: cannot detach from SGA
Beginning log switch checkpoint up to RBA
ARC0: Archival started
Beginning log switch checkpoint up to RBA
ORA-39052: cannot specify SKIP_CURRENT on initial start of a job.
Errors in file /u01/app/oracle/diag/rdbms/ttprod/ttprod1/trace/ttprod1_ora_68983.trc
Current log# 92 seq# 8310 mem# 0
Starting background process VKTM
LPX-01090: [XQST0090] Invalid character reference
Current log# 63 seq# 9153 mem# 0
Completed checkpoint up to RBA
Current log# 752 seq# 3641 mem# 0
RMAN-06741: database name is " _SYSSMU7$ " and DBID is SYSAUX
Beginning log switch checkpoint up to RBA
ARC0: Archival started
Beginning log switch checkpoint up to RBA
ORA-02282: duplicate or conflicting ORDER/NOORDER specifications
ARC0: Archival started
Completed checkpoint up to RBA
Archived Log entry 289 added for thread 1 sequence 9232
RMAN-06512: copy will be obsolete on date _SYSSMU12$
Thread 1 advanced to log sequence 169
Undo initialization finished
RMAN-06213: --------------- ---------------------------------------------------
Archived Log entry 981 added for thread 1 sequence 2303
Archived Log entry 54 added for thread 1 sequence 8440
Beginning log switch checkpoint up to RBA
Completed checkpoint up to RBA
Beginning log switch checkpoint up to RBA
RMAN-01007: at line number column number file: INVOICE_LINES_IDX
Starting background process VKTM
Beginning log switch checkpoint up to RBA
Current log# 416 seq# 5572 mem# 0
LPX-01027: [XQDY0027] Invalid PSVI validity property of the root element
Undo initialization finished
Completed checkpoint up to RBA
ORA-12233: TNS:Failure to accept a connection
Errors in file /u01/app/oracle/diag/rdbms/ttprod/ttprod1/trace/ttprod1_ora_85735.trc
Undo initialization finished
Undo initialization finished
Thread 1 advanced to log sequence 489
ORA-53072: even group number is not allowed in private tag: ttprod2
ARC0: Archival started
Beginning log switch checkpoint up to RBA
Current log# 219 seq# 7335 mem# 0
Completed checkpoint up to RBA
ORA-55365: invalid metadata for VPD policy
Errors in file /u01/app/oracle/diag/rdbms/ttprod/ttprod1/trace/ttprod1_ora_87153.trc
Undo initialization finished
Undo initialization finished
ARC0: Archival started
ORA-12805: parallel query server died unexpectedly
Archived Log entry 985 added for thread 1 sequence 5969
Thread 1 advanced to log sequence 979
ORA-23466: flavor requires missing object " shared pool "." DATA_TS01 "
Errors in file /u01/app/oracle/diag/rdbms/ttprod/ttprod1/trace/ttprod1_ora_46537.trc
Beginning log switch checkpoint up to RBA
RDE-00068: length of universe component " fk_order_customer " ( number ) is longer than the maximum: number .
Thread 1 advanced to log sequence 21
ORA-26006: Incorrect bind variable in column 42 's sql expression - fk_order_customer
Completed checkpoint up to RBA
ARC0: Archival started
Thread 1 advanced to log sequence 925
ARC0: Archival started
ORA-47203: error deleting Integration Policy Factor for factor CRM.CALL_DETAIL_RECORDS and policy app_db , _SYSSMU7$
ARC0: Archival started
Archived Log entry 63 added for thread 1 sequence 2945
Beginning log switch checkpoint up to RBA
ORA-18128: XUDY0029 - INSERT expression target node doesn't have a parent
Completed checkpoint up to RBA
ARC0: Archival started
ORA-23324: error _SYSSMU7$ , while creating deferror entry at " CDR_STAGING " with error USERS
Beginning log switch checkpoint up to RBA
NNO-00627: cancelling auto-refresh of name " pk_orders ", type " session_1123 "
Archived Log entry 203 added for thread 1 sequence 4499
Starting background process VKTM
Current log# 871 seq# 8626 mem# 0
Beginning log switch checkpoint up to RBA
ORA-29367: object _SYSSMU7$ does not exist
Completed checkpoint up to RBA
ARC0: Archival started
Current log# 26 seq# 1057 mem# 0
ORA-14012: resulting partition name conflicts with that of an existing partition
ARC0: Archival started
Undo initialization finished
Thread 1 advanced to log sequence 845
Current log# 150 seq# 4266 mem# 0
ORA-08179: concurrency check failed
Errors in file /u01/app/oracle/diag/rdbms/ttprod/ttprod1/trace/ttprod1_ora_17550.trc
Thread 1 advanced to log sequence 553
Current log# 400 seq# 5891 mem# 0
ARC0: Archival started
ARC0: Archival started
Starting background process VKTM
ORA-08498: Warning: picture mask ' SP2-0552 ' overrides picture mask option 'USAGE IS USERS ' to 'USAGE IS DISPLAY'
Archived Log entry 810 added for thread 1 sequence 3577
Thread 1 advanced to log sequence 264
Thread 1 advanced to log sequence 293
Beginning log switch checkpoint up to RBA
ORA-13527: invalid baseline name
Starting background process VKTM
Undo initialization finished
Starting background process VKTM
Archived Log entry 455 added for thread 1 sequence 8231
ARC0: Archival started
ORA-09814: Unable to expand file name
ARC0: Archival started
PGU-41031: parameter ' APP_USER42 ' specifies undefined Oracle NLS name ' DATA_TS01 '
Errors in file /u01/app/oracle/diag/rdbms/ttprod/ttprod1/trace/ttprod1_ora_57664.trc
Thread 1 advanced to log sequence 920
Archived Log entry 249 added for thread 1 sequence 1613
Beginning log switch checkpoint up to RBA
Undo initialization finished
ORA-24067: exceeded maximum number of subscribers for queue ttprod1
Errors in file /u01/app/oracle/diag/rdbms/ttprod/ttprod1/trace/ttprod1_ora_76835.trc
ARC0: Archival started
Current log# 513 seq# 5880 mem# 0
RMAN-06127: skipping read-only file pg_toast_12345
Beginning log switch checkpoint up to RBA
Thread 1 advanced to log sequence 398
Current log# 450 seq# 3897 mem# 0
PRCH-01024: Failed to stop SCAN Listener resource
Archived Log entry 69 added for thread 1 sequence 7543
TNS-12689: Server Authentication required, but not supported
Completed checkpoint up to RBA
Completed checkpoint up to RBA
TNS-01154: SID detected in old format that is no longer supported
Completed checkpoint up to RBA
Thread 1 advanced to log sequence 373
Thread 1 advanced to log sequence 606
RMAN-08608: Initiated recall for the following list of remote backup files
Completed checkpoint up to RBA
Archived Log entry 68 added for thread 1 sequence 9937
Thread 1 advanced to log sequence 335
ORA-16213: ddl encountered, stopping apply engine
Undo initialization finished
Archived Log entry 552 added for thread 1 sequence 2545
Current log# 714 seq# 7528 mem# 0
RMAN-08099: specifying standby control file for proxy backup
Errors in file /u01/app/oracle/diag/rdbms/ttprod/ttprod1/trace/ttprod1_ora_84558.trc
Thread 1 advanced to log sequence 371
Completed checkpoint up to RBA
Current log# 883 seq# 9687 mem# 0
Current log# 553 seq# 1387 mem# 0
Completed checkpoint up to RBA
ORA-01229: data file ttstandby01 is inconsistent with logs
ARC0: Archival started
Undo initialization finished
Thread 1 advanced to log sequence 471
ORA-30995: DOM streams operations cannot be performed on null/invalid node
Starting background process VKTM
Undo initialization finished
Thread 1 advanced to log sequence 191
ORA-35031: (QFSVNS00) The IMPORT command has terminated because of a defect in the EIF file.
Errors in file /u01/app/oracle/diag/rdbms/ttprod/ttprod1/trace/ttprod1_ora_25834.trc
Archived Log entry 152 added for thread 1 sequence 2295
ARC0: Archival started
Thread 1 advanced to log sequence 754
ORA-12318: database (link name UNDOTBS1 ) is already mounted
ARC0: Archival started
Thread 1 advanced to log sequence 87
Undo initialization finished
RMAN-06450: crosschecked proxy copy: found to be ' BILLING.CUST_ORDERS '
Errors in file /u01/app/oracle/diag/rdbms/ttprod/ttprod1/trace/ttprod1_ora_87793.trc
Current log# 421 seq# 8446 mem# 0
Thread 1 advanced to log sequence 102
Thread 1 advanced to log sequence 255
Archived Log entry 724 added for thread 1 sequence 8156
Starting background process VKTM
ORA-12323: unable to open database (link name ttprod1 )
Completed checkpoint up to RBA
ARC0: Archival started
Current log# 215 seq# 2767 mem# 0
Beginning log switch checkpoint up to RBA
Thread 1 advanced to log sequence 277
ORA-22604: TDS handle already generated
Undo initialization finished
Completed checkpoint up to RBA
RMAN-08094: channel PK_CUSTOMER_ACCOUNTS : specifying datafile(s) for proxy restore
Thread 1 advanced to log sequence 594
ORA-39907: Index 5000 . DATA_TS01 in tablespace user_sessions points to table DATA_TS01 . ttprod1 in tablespace BILLING.CUST_ORDERS .
ARC0: Archival started
ARC0: Archival started
Undo initialization finished
Current log# 715 seq# 8248 mem# 0
XOQ-01921: The dimensionality does not reference a primary dimension.
Thread 1 advanced to log sequence 899
Undo initialization finished
Completed checkpoint up to RBA
ARC0: Archival started
ARC0: Archival started
RDJ-00053: deletion of trace output file failed:
Errors in file /u01/app/oracle/diag/rdbms/ttprod/ttprod1/trace/ttprod1_ora_41266.trc
Current log# 827 seq# 5192 mem# 0
Current log# 598 seq# 3747 mem# 0
Current log# 781 seq# 5435 mem# 0
Undo initialization finished
Archived Log entry 536 added for thread 1 sequence 9683
RMAN-08129: failover to piece handle= DATA_TS01 tag= CDR_STAGING
Starting background process VKTM
ORA-19193: XQST0045: It is a static error if the function name in a function declaration is in one of the following namespaces: http://www.w3.org/XML/1998/namespace, http://www.w3.org/2001/XMLSchema, http://www.w3.org/2001/XMLSchema-instance, http://www.w3.org/2005/04/xpath-functions, http://www.w3.org/2005/04/xpath-datatypes
Thread 1 advanced to log sequence 109
ORA-55203: Tag data translation level not found
ARC0: Archival started
Beginning log switch checkpoint up to RBA
DRG-11312: source and new policy must have same owner
Current log# 789 seq# 7694 mem# 0
Completed checkpoint up to RBA
Current log# 458 seq# 6309 mem# 0
RMAN-06565: WARNING: ttprod1 : sqlcode number was caught, automatic retry # number
Completed checkpoint up to RBA
Completed checkpoint up to RBA
Starting background process VKTM
ORA-36166: (XSMXAGGR08) workspace object is not a VARIABLE.
Starting background process VKTM
Starting background process VKTM
Starting background process VKTM
Current log# 610 seq# 1080 mem# 0
Current log# 994 seq# 1398 mem# 0
JMS-00233: The required subscriber information is not available
Errors in file /u01/app/oracle/diag/rdbms/ttprod/ttprod1/trace/ttprod1_ora_30691.trc
Archived Log entry 788 added for thread 1 sequence 5269
Current log# 498 seq# 1544 mem# 0
LPX-00766: unsupported transfer-coding values: ~s
Errors in file /u01/app/oracle/diag/rdbms/ttprod/ttprod1/trace/ttprod1_ora_81748.trc
Archived Log entry 797 added for thread 1 sequence 9250
Current log# 914 seq# 2608 mem# 0
Beginning log switch checkpoint up to RBA
ARC0: Archival started
Archived Log entry 735 added for thread 1 sequence 7849
ORA-13194: failed to decode supercell
Undo initialization finished
ORA-39094: Parallel execution not supported in this database edition.
Undo initialization finished
Undo initialization finished
Thread 1 advanced to log sequence 545
Current log# 32 seq# 5602 mem# 0
LPX-00276: bad HTTP/Mime header
Archived Log entry 630 added for thread 1 sequence 7375
ORA-26847: Found invalid idx_users_email type: " USERS "
Archived Log entry 839 added for thread 1 sequence 9255
Current log# 396 seq# 2575 mem# 0
Starting background process VKTM
RMAN-06780: database unregistered from the source recovery catalog
Undo initialization finished
Archived Log entry 115 added for thread 1 sequence 8241
ORA-39128: unexpected DbmsJava error number from statement app_db
ARC0: Archival started
Archived Log entry 575 added for thread 1 sequence 3098
Beginning log switch checkpoint up to RBA
ORA-00449: background process ' ttstandby01 ' unexpectedly terminated with error 5000
Errors in file /u01/app/oracle/diag/rdbms/ttprod/ttprod1/trace/ttprod1_ora_19448.trc
Beginning log switch checkpoint up to RBA
Archived Log entry 240 added for thread 1 sequence 5184
ORA-23318: a ddl failure has occurred
Archived Log entry 432 added for thread 1 sequence 4222
ORA-01409: NOSORT option may not be used; rows are not in ascending order
Starting background process VKTM
PLS-00740: ASSEMBLY identity specification exceeds the maximum allowed length
Thread 1 advanced to log sequence 622
Thread 1 advanced to log sequence 554
ARC0: Archival started
Archived Log entry 43 added for thread 1 sequence 3816
Starting background process VKTM
ORA-08342: sropen: failed to open a redo server connection
Beginning log switch checkpoint up to RBA
ORA-26020: index CDR_STAGING . APP_USER42 loaded successfully with NETWORK_OPS.SIM_INVENTORY keys
ARC0: Archival started
NNL-00896: Requests refused, modifications disabled: number
Errors in file /u01/app/oracle/diag/rdbms/ttprod/ttprod1/trace/ttprod1_ora_45007.trc
Completed checkpoint up to RBA
Undo initialization finished
Beginning log switch checkpoint up to RBA
Completed checkpoint up to RBA
ORA-39919: Object SP2-0552 . CDR_STAGING in tablespace _SYSSMU7$ not contained within transportable set.
Thread 1 advanced to log sequence 632
Beginning log switch checkpoint up to RBA
Archived Log entry 817 added for thread 1 sequence 7317
Starting background process VKTM
PRVF-07597: Unable to obtain OCR integrity details from node "{0}"
ARC0: Archival started
Completed checkpoint up to RBA
ORA-02826: Illegal block size
Errors in file /u01/app/oracle/diag/rdbms/ttprod/ttprod1/trace/ttprod1_ora_98668.trc
Archived Log entry 26 added for thread 1 sequence 1538
Completed checkpoint up to RBA
ARC0: Archival started
Archived Log entry 835 added for thread 1 sequence 4096
RMAN-20211: FROM TIME is before RESETLOGS time
Thread 1 advanced to log sequence 566
Current log# 562 seq# 8565 mem# 0
ARC0: Archival started
ARC0: Archival started
DRG-10752: DEFAULT_INDEX_MEMORY cannot be greater than MAX_INDEX_MEMORY
Undo initialization finished
ORA-14801: Hash composite partitioning is not supported
Starting background process VKTM
Archived Log entry 422 added for thread 1 sequence 2206
Archived Log entry 524 added for thread 1 sequence 1565
Thread 1 advanced to log sequence 511
Completed checkpoint up to RBA
RMAN-06782: Datafile headers of locally managed datafiles need to be updated.
Undo initialization finished
RMAN-06100: no channel to restore a backup or copy of datafile number
Archived Log entry 592 added for thread 1 sequence 6964
Undo initialization finished
Current log# 889 seq# 8188 mem# 0
Beginning log switch checkpoint up to RBA
ARC0: Archival started
ORA-19003: Missing XML root element name
Thread 1 advanced to log sequence 462
Current log# 849 seq# 5044 mem# 0
ORA-01052: required destination LOG_ARCHIVE_DUPLEX_DEST is not specified
Completed checkpoint up to RBA
Undo initialization finished
ORA-14608: Tablespace was specified for the previous lob segments of column UNDOTBS1 in template but is not specified for idx_users_email
Errors in file /u01/app/oracle/diag/rdbms/ttprod/ttprod1/trace/ttprod1_ora_24999.trc
Completed checkpoint up to RBA
LFI-00114: Append is not allowed with APP_USER42 .
Errors in file /u01/app/oracle/diag/rdbms/ttprod/ttprod1/trace/ttprod1_ora_13165.trc
Current log# 212 seq# 7608 mem# 0
ORA-53023: cannot delete or update a referenced rule or macro 42
Errors in file /u01/app/oracle/diag/rdbms/ttprod/ttprod1/trace/ttprod1_ora_27524.trc
Beginning log switch checkpoint up to RBA
ARC0: Archival started
Undo initialization finished
Undo initialization finished
RMAN-05037: FOR DB_UNIQUE_NAME option cannot be used in nocatalog mode
Beginning log switch checkpoint up to RBA
Thread 1 advanced to log sequence 658
Starting background process VKTM
Starting background process VKTM
ORA-19117: XQST0070 - invalid redefinition of predefined namespace prefix ' TNS_ADMIN '
Beginning log switch checkpoint up to RBA
Beginning log switch checkpoint up to RBA
Thread 1 advanced to log sequence 4
NNC-00420: operation not allowed
Thread 1 advanced to log sequence 710
Beginning log switch checkpoint up to RBA
Archived Log entry 305 added for thread 1 sequence 5615
Starting background process VKTM
Beginning log switch checkpoint up to RBA
PRKO-02211: ASM listener was not found
Starting background process VKTM
Current log# 181 seq# 7879 mem# 0
Completed checkpoint up to RBA
Undo initialization finished
ARC0: Archival started
ORA-47202: error creating Integration Policy Factor for factor SYSAUX and policy reporting_schema , SYSAUX
Undo initialization finished
Beginning log switch checkpoint up to RBA
ARC0: Archival started
Thread 1 advanced to log sequence 126
Current log# 487 seq# 8775 mem# 0
RMAN-08040: full resync skipped, control file is not current or backup
Errors in file /u01/app/oracle/diag/rdbms/ttprod/ttprod1/trace/ttprod1_ora_38030.trc
Beginning log switch checkpoint up to RBA
Completed checkpoint up to RBA
ARC0: Archival started
PCC-00039: Unable to open input file " 1024 "
Completed checkpoint up to RBA
Current log# 612 seq# 4136 mem# 0
CRS-01011: OCR cannot determine that the OCR content contains the latest updates. Details in 3 .
Beginning log switch checkpoint up to RBA
RDE-06014: memory allocation failed
ARC0: Archival started
SCLC-01030: {0} server is not running
Thread 1 advanced to log sequence 465
RMAN-06921: Convert database check failed
Undo initialization finished
ORA-40392: PMML regression equation references an undefined field: /u01/app/oracle/oradata/ttprod/users01.dbf
Completed checkpoint up to RBA
Completed checkpoint up to RBA
CLST-01303: successfully rolled back delete operation
Starting background process VKTM
Starting background process VKTM
Current log# 312 seq# 8201 mem# 0
ARC0: Archival started
JMS-00204: An error occurred in the AQ JNI layer
Errors in file /u01/app/oracle/diag/rdbms/ttprod/ttprod1/trace/ttprod1_ora_29930.trc
ARC0: Archival started
Starting background process VKTM
ARC0: Archival started
Thread 1 advanced to log sequence 510
PGU-41145: default PLSDNAME parameter truncated to USERS
Errors in file /u01/app/oracle/diag/rdbms/ttprod/ttprod1/trace/ttprod1_ora_95123.trc
Archived Log entry 568 added for thread 1 sequence 8634
RMAN-08616: validating blocks SP2-0552 through BILLING.CUST_ORDERS
Completed checkpoint up to RBA
Archived Log entry 947 added for thread 1 sequence 3616
ARC0: Archival started
ORA-47220: Label SYSAUX for Identity CRM.CALL_DETAIL_RECORDS . ttstandby01 under OLS Policy ttprod1 already defined
Archived Log entry 628 added for thread 1 sequence 1579
ARC0: Archival started
Undo initialization finished
LRM-00108: invalid positional parameter value ' ttprod2 '
Current log# 919 seq# 7489 mem# 0
Starting background process VKTM
Starting background process VKTM
ORA-19625: error identifying file idx_users_email
Current log# 448 seq# 1180 mem# 0
Beginning log switch checkpoint up to RBA
Archived Log entry 910 added for thread 1 sequence 3439
ORA-26054: Direct Path Context prepared for a different mode than operation requested.
Thread 1 advanced to log sequence 945
Completed checkpoint up to RBA
RMAN-06161: error when inspecting auxiliary file name: PK_CUSTOMER_ACCOUNTS
Undo initialization finished
Archived Log entry 671 added for thread 1 sequence 2049
Undo initialization finished
Starting background process VKTM
Starting background process VKTM
OCI-31059: Cannot insert root XML document node if it already exists
Errors in file /u01/app/oracle/diag/rdbms/ttprod/ttprod1/trace/ttprod1_ora_64191.trc
Undo initialization finished
ORA-38471: ROWIDs for table aliases cannot be null
Undo initialization finished
Thread 1 advanced to log sequence 104
Starting background process VKTM
ORA-22634: Error adding new instance to AnyDataSet
Errors in file /u01/app/oracle/diag/rdbms/ttprod/ttprod1/trace/ttprod1_ora_96573.trc
Current log# 544 seq# 4181 mem# 0
Completed checkpoint up to RBA
Current log# 174 seq# 5430 mem# 0
Undo initialization finished
DRG-11104: Oracle Text error:
Errors in file /u01/app/oracle/diag/rdbms/ttprod/ttprod1/trace/ttprod1_ora_26336.trc
ARC0: Archival started
KUP-04049: record number discarded from file reporting_schema
Undo initialization finished
Completed checkpoint up to RBA
Completed checkpoint up to RBA
Current log# 98 seq# 9330 mem# 0
RMAN-06783: Update of datafile headers of locally managed datafiles finished.
ARC0: Archival started
Current log# 634 seq# 8882 mem# 0
Thread 1 advanced to log sequence 180
Completed checkpoint up to RBA
Archived Log entry 427 added for thread 1 sequence 8013
CRS-02731: Resource ' APP_USER42 ' is already running on server ' APP_USER42 '
Undo initialization finished
Undo initialization finished
Current log# 733 seq# 5050 mem# 0
Thread 1 advanced to log sequence 532
PRCT-01117: Received empty result while getting ACFS Disk Groups on node {1}
Thread 1 advanced to log sequence 571
ORA-13917: Posting system alert with reason_id BILLING.CUST_ORDERS failed with code [ BILLING.CUST_ORDERS ] [ ttprod1 ]
Beginning log switch checkpoint up to RBA
ARC0: Archival started
ORA-31616: unable to write to dump file " user_sessions "
Completed checkpoint up to RBA
Thread 1 advanced to log sequence 570
NMP-00011: internal SNMP program interface error
Thread 1 advanced to log sequence 425
ARC0: Archival started
Thread 1 advanced to log sequence 111
ORA-13426: invalid window parameter
Errors in file /u01/app/oracle/diag/rdbms/ttprod/ttprod1/trace/ttprod1_ora_90115.trc
Starting background process VKTM
Archived Log entry 556 added for thread 1 sequence 9005
KUP-05008: Warning: Intra source concurrency disabled because the input data is in DELIMITED record format and the characterset is neither fixed width nor UTF8.
Completed checkpoint up to RBA
Thread 1 advanced to log sequence 29
Current log# 602 seq# 4548 mem# 0
ORA-38912: An index must be specified in the index hint
Current log# 400 seq# 6358 mem# 0
Archived Log entry 751 added for thread 1 sequence 1145
DIA-48188: user missing read, write, or exec permission on specified directory
Current log# 853 seq# 9425 mem# 0
ORA-28231: no data passed to obfuscation toolkit
Thread 1 advanced to log sequence 532
TNS-01160: Trace level was not specified
Errors in file /u01/app/oracle/diag/rdbms/ttprod/ttprod1/trace/ttprod1_ora_60734.trc
ARC0: Archival started
Beginning log switch checkpoint up to RBA
Completed checkpoint up to RBA
Current log# 183 seq# 2314 mem# 0
Current log# 754 seq# 7517 mem# 0
ORA-31631: privileges are required
ARC0: Archival started
ARC0: Archival started
ORA-48162: TNS_ADMIN buffer too small to hold input, [ _SYSSMU7$ ], [ NETWORK_OPS.SIM_INVENTORY ], [ 17 ]
Errors in file /u01/app/oracle/diag/rdbms/ttprod/ttprod1/trace/ttprod1_ora_57737.trc
Current log# 275 seq# 5171 mem# 0
Completed checkpoint up to RBA
Archived Log entry 169 added for thread 1 sequence 8072
Starting background process VKTM
ORA-01919: role ' pg_toast_12345 ' does not exist
Undo initialization finished
Starting background process VKTM
Thread 1 advanced to log sequence 928
Thread 1 advanced to log sequence 334
Current log# 301 seq# 4301 mem# 0
DIA-48153: error encountered when getting ADR base directory default
Current log# 626 seq# 7954 mem# 0
ORA-25146: EXTENT MANAGEMENT option already specified
ARC0: Archival started
Undo initialization finished
Completed checkpoint up to RBA
Completed checkpoint up to RBA
NID-00302: Datafile BILLING.CUST_ORDERS - dbid changed
Beginning log switch checkpoint up to RBA
Thread 1 advanced to log sequence 212
Archived Log entry 651 added for thread 1 sequence 6409
Archived Log entry 667 added for thread 1 sequence 8279
RMAN-06150: auxiliary name for datafile number set to: fk_order_customer
Archived Log entry 451 added for thread 1 sequence 2281
Starting background process VKTM
ARC0: Archival started
Archived Log entry 320 added for thread 1 sequence 8609
NNL-00547: Displays rename request statistics
Beginning log switch checkpoint up to RBA
Thread 1 advanced to log sequence 811
Thread 1 advanced to log sequence 841
NID-00406: Reversion of database name failed.
Current log# 224 seq# 8187 mem# 0
Archived Log entry 677 added for thread 1 sequence 1514
Thread 1 advanced to log sequence 905
Beginning log switch checkpoint up to RBA
NID-00480: Database is intact - database is ready to be open or shut down.
Errors in file /u01/app/oracle/diag/rdbms/ttprod/ttprod1/trace/ttprod1_ora_53254.trc
Current log# 932 seq# 7609 mem# 0
Undo initialization finished
Completed checkpoint up to RBA
ORA-25265: specified signature for a queue which does not support reciever non-repudiation
Archived Log entry 89 added for thread 1 sequence 6797
ARC0: Archival started
PLS-00628: ' ttprod2 ' must be a valid record attribute
Archived Log entry 635 added for thread 1 sequence 5802
Beginning log switch checkpoint up to RBA
Beginning log switch checkpoint up to RBA
LSX-00164: no content specified in "~S"
Errors in file /u01/app/oracle/diag/rdbms/ttprod/ttprod1/trace/ttprod1_ora_76487.trc
Archived Log entry 853 added for thread 1 sequence 8431
DRG-12803: invalid text datatype
Beginning log switch checkpoint up to RBA
Current log# 935 seq# 6083 mem# 0
Undo initialization finished
ORA-13483: insufficient memory for the specified GeoRaster data
Archived Log entry 472 added for thread 1 sequence 3333
Current log# 869 seq# 8608 mem# 0
ARC0: Archival started
Thread 1 advanced to log sequence 458
TNS-00296: Stoppable : SP2-0552
Thread 1 advanced to log sequence 855
Starting background process VKTM
Undo initialization finished
Beginning log switch checkpoint up to RBA
KUP-04050: error while attempting to allocate number bytes of memory
Errors in file /u01/app/oracle/diag/rdbms/ttprod/ttprod1/trace/ttprod1_ora_15102.trc
Completed checkpoint up to RBA
Completed checkpoint up to RBA
Current log# 481 seq# 1401 mem# 0
Thread 1 advanced to log sequence 143
ORA-13647: Setting of parameter PK_CUSTOMER_ACCOUNTS is disallowed during task execution.
ARC0: Archival started
Completed checkpoint up to RBA
Archived Log entry 144 added for thread 1 sequence 9899
ORA-19579: archived log record for 5000 not found
Errors in file /u01/app/oracle/diag/rdbms/ttprod/ttprod1/trace/ttprod1_ora_58738.trc
Completed checkpoint up to RBA
Undo initialization finished
Thread 1 advanced to log sequence 533
RMAN-07505: no files found to be unknown to the database
Beginning log switch checkpoint up to RBA
Starting background process VKTM
Archived Log entry 233 added for thread 1 sequence 6179
ORA-48802: The options " NETWORK_OPS.SIM_INVENTORY " and " USERS " are mutual exclusive
Starting background process VKTM
Completed checkpoint up to RBA
ORA-00492: GTX* process terminated with error
Archived Log entry 211 added for thread 1 sequence 5556
Completed checkpoint up to RBA
Undo initialization finished
PCB-00301: Use of non-ANSI function is an Oracle extension
Undo initialization finished
Starting background process VKTM
Thread 1 advanced to log sequence 530
NID-00332: The following datafiles are in unknown state:
Errors in file /u01/app/oracle/diag/rdbms/ttprod/ttprod1/trace/ttprod1_ora_79595.trc
ARC0: Archival started
Current log# 861 seq# 5904 mem# 0
Current log# 906 seq# 5601 mem# 0
ORA-31402: unrecognized parameter SP2-0552
Errors in file /u01/app/oracle/diag/rdbms/ttprod/ttprod1/trace/ttprod1_ora_65964.trc
Current log# 637 seq# 7851 mem# 0
Current log# 60 seq# 4128 mem# 0
Current log# 567 seq# 2352 mem# 0
Current log# 566 seq# 1316 mem# 0
ARC0: Archival started
ORA-19646: cannot change size of datafile /u01/app/oracle/oradata/ttprod/users01.dbf from CDR_STAGING to SP2-0552
ARC0: Archival started
Current log# 398 seq# 3495 mem# 0
RMAN-05044: Performing export of metadata...
Errors in file /u01/app/oracle/diag/rdbms/ttprod/ttprod1/trace/ttprod1_ora_12772.trc
Thread 1 advanced to log sequence 420
Thread 1 advanced to log sequence 66
Starting background process VKTM
Starting background process VKTM
Current log# 763 seq# 5996 mem# 0
PCB-00310: AT clause is an Oracle extension
Archived Log entry 797 added for thread 1 sequence 1084
NNL-00039: no RRs
Archived Log entry 292 added for thread 1 sequence 5013
Thread 1 advanced to log sequence 993
Completed checkpoint up to RBA
Thread 1 advanced to log sequence 894
ORA-48172: unable to find a valid ADR base
Beginning log switch checkpoint up to RBA
ORA-10979: trace flags for join index implementation
Beginning log switch checkpoint up to RBA
ARC0: Archival started
Archived Log entry 759 added for thread 1 sequence 3125
Current log# 402 seq# 2061 mem# 0
ORA-12150: TNS:unable to send data
Errors in file /u01/app/oracle/diag/rdbms/ttprod/ttprod1/trace/ttprod1_ora_72131.trc
Current log# 896 seq# 9773 mem# 0
ORA-07248: sfwfb: write error, unable to write database block.
ARC0: Archival started
Undo initialization finished
Undo initialization finished
Completed checkpoint up to RBA
Completed checkpoint up to RBA
ORA-01289: cannot add duplicate logfile shared pool
Undo initialization finished
ARC0: Archival started
Current log# 461 seq# 8479 mem# 0
Current log# 826 seq# 5357 mem# 0
Beginning log switch checkpoint up to RBA
ORA-19570: file number CRM.CALL_DETAIL_RECORDS is outside valid range of 1 through CDR_STAGING
ARC0: Archival started
ARC0: Archival started
RMAN-08156: printing stored script: 5000
Completed checkpoint up to RBA
Current log# 710 seq# 7129 mem# 0
ORA-15186: ASMLIB error function = [ user_sessions ], error = [ BILLING.CUST_ORDERS ], mesg = [ CRM.CALL_DETAIL_RECORDS ]
Beginning log switch checkpoint up to RBA
ORA-13951: MMON sub-action time limit exceeded
Errors in file /u01/app/oracle/diag/rdbms/ttprod/ttprod1/trace/ttprod1_ora_42173.trc
Archived Log entry 564 added for thread 1 sequence 6343
Thread 1 advanced to log sequence 224
Starting background process VKTM
Current log# 770 seq# 1944 mem# 0
Archived Log entry 996 added for thread 1 sequence 3212
ORA-29250: Invalid index specifed in call to dbms_sql.bind_array
ARC0: Archival started
ARC0: Archival started
Archived Log entry 937 added for thread 1 sequence 7707
TNS-12229: TNS:Interchange has no more free connections
Undo initialization finished
Beginning log switch checkpoint up to RBA
Beginning log switch checkpoint up to RBA
ORA-02143: invalid STORAGE option
Thread 1 advanced to log sequence 279
ARC0: Archival started
Current log# 92 seq# 6695 mem# 0
Completed checkpoint up to RBA
RMAN-06534: archived logs required to recover from this backup will be backed up
Beginning log switch checkpoint up to RBA
RMAN-06106: this command requires that target database be mounted
Errors in file /u01/app/oracle/diag/rdbms/ttprod/ttprod1/trace/ttprod1_ora_16559.trc
Current log# 934 seq# 5969 mem# 0
Current log# 947 seq# 7780 mem# 0
Beginning log switch checkpoint up to RBA
Thread 1 advanced to log sequence 131
Completed checkpoint up to RBA
PGA-21111: partner log name is x' session_1123 '
Errors in file /u01/app/oracle/diag/rdbms/ttprod/ttprod1/trace/ttprod1_ora_48294.trc
Beginning log switch checkpoint up to RBA
ORA-14146: Old CONNECT BY does not support partitioned tables
Errors in file /u01/app/oracle/diag/rdbms/ttprod/ttprod1/trace/ttprod1_ora_99188.trc
Undo initialization finished
Completed checkpoint up to RBA
Undo initialization finished
RMAN-08612: channel ttprod2 : failover to duplicate backup on device TNS_ADMIN
Starting background process VKTM
ORA-36804: (XSTBLFUNC02) The OLAP_TABLE function encountered an error while parsing the LIMITMAP.
Current log# 556 seq# 5115 mem# 0
Undo initialization finished
ARC0: Archival started
PGU-41065: invalid PGANODE name specified
Completed checkpoint up to RBA
Current log# 979 seq# 1952 mem# 0
Thread 1 advanced to log sequence 273
Starting background process VKTM
ORA-16307: TSE key 1024 successfully applied
Current log# 189 seq# 4854 mem# 0
Thread 1 advanced to log sequence 381
LPX-00207: expected "[" at the start of conditional section
Errors in file /u01/app/oracle/diag/rdbms/ttprod/ttprod1/trace/ttprod1_ora_58854.trc
Starting background process VKTM
Completed checkpoint up to RBA
Starting background process VKTM
Completed checkpoint up to RBA
Starting background process VKTM
ORA-03212: Temporary Segment cannot be created in locally-managed tablespace
Thread 1 advanced to log sequence 288
Undo initialization finished
Beginning log switch checkpoint up to RBA
RMAN-08122: keep attributes for the backup are changed
Starting background process VKTM
Starting background process VKTM
Thread 1 advanced to log sequence 438
Beginning log switch checkpoint up to RBA
RMAN-08122: keep attributes for the backup are changed
ARC0: Archival started
Undo initialization finished
INS-20811: DATA_TS01 parameters are not initialized
Completed checkpoint up to RBA
Thread 1 advanced to log sequence 276
Thread 1 advanced to log sequence 137
Thread 1 advanced to log sequence 925
Archived Log entry 926 added for thread 1 sequence 6981
QSM-01124: set operator materialized view, user_sessions , doesn't have a marker column
Thread 1 advanced to log sequence 164
ARC0: Archival started
Beginning log switch checkpoint up to RBA
CLSS-02202: voting device access took an excessive amount of time. ( 17 sec)
Starting background process VKTM
Beginning log switch checkpoint up to RBA
Beginning log switch checkpoint up to RBA
Current log# 142 seq# 9294 mem# 0
NID-00422: Change of database ID failed during validation - database is intact.
Starting background process VKTM
Beginning log switch checkpoint up to RBA
PRVF-07540: Group existence check cannot be performed on node "{0}"
Current log# 348 seq# 9347 mem# 0
Archived Log entry 277 added for thread 1 sequence 8217
Undo initialization finished
TNS-00110: Could not initialize network from file TNSNET.ORA
Beginning log switch checkpoint up to RBA
Starting background process VKTM
Beginning log switch checkpoint up to RBA
Current log# 939 seq# 3563 mem# 0
Starting background process VKTM
DRG-50300: error sending message from server to client
Errors in file /u01/app/oracle/diag/rdbms/ttprod/ttprod1/trace/ttprod1_ora_75465.trc
Archived Log entry 259 added for thread 1 sequence 3369
Beginning log switch checkpoint up to RBA
ORA-54548: input geometry gtype must be GTYPE_POLYGON for extrusion
Errors in file /u01/app/oracle/diag/rdbms/ttprod/ttprod1/trace/ttprod1_ora_33816.trc
Beginning log switch checkpoint up to RBA
Starting background process VKTM
PRVF-05499: There are more than one NTP daemons or Services running on various nodes of the cluster
Errors in file /u01/app/oracle/diag/rdbms/ttprod/ttprod1/trace/ttprod1_ora_94018.trc
Completed checkpoint up to RBA
Completed checkpoint up to RBA
Starting background process VKTM
Starting background process VKTM
Archived Log entry 556 added for thread 1 sequence 8055
CRS-05601: MDNS: fk_order_customer
ARC0: Archival started
CRS-05825: Agent ' NETWORK_OPS.SIM_INVENTORY ' is unresponsive and will be restarted. Details at _SYSSMU12$ in reporting_schema .
ARC0: Archival started
ORA-41102: No database has currently been designated as Cluster Director.
ARC0: Archival started
RMAN-06700: error parsing text script in file CRM.CALL_DETAIL_RECORDS
Errors in file /u01/app/oracle/diag/rdbms/ttprod/ttprod1/trace/ttprod1_ora_85360.trc
Starting background process VKTM
INS-35088: The specified Global database name exceeds DATA_TS01 characters.
Errors in file /u01/app/oracle/diag/rdbms/ttprod/ttprod1/trace/ttprod1_ora_29932.trc
Thread 1 advanced to log sequence 651
DIA-48179: OS file synchronization failure
ARC0: Archival started
ARC0: Archival started
Current log# 145 seq# 2703 mem# 0
RMAN-10009: error logging off of Oracle
ARC0: Archival started
Archived Log entry 109 added for thread 1 sequence 9940
Undo initialization finished
ORA-38906: insert into DML Error Logging table " shared pool " failed
Archived Log entry 776 added for thread 1 sequence 3153
Current log# 660 seq# 8314 mem# 0
Starting background process VKTM
Starting background process VKTM
Completed checkpoint up to RBA
RMAN-08057: channel idx_users_email : backup cancelled because all files were skipped
Starting background process VKTM
Beginning log switch checkpoint up to RBA
ORA-25950: missing where clause in join index specification
Completed checkpoint up to RBA
Beginning log switch checkpoint up to RBA
Archived Log entry 725 added for thread 1 sequence 3301
Archived Log entry 473 added for thread 1 sequence 6334
Thread 1 advanced to log sequence 130
ORA-30155: An I/O Error occured during an OCIFile function call
Archived Log entry 342 added for thread 1 sequence 3970
Thread 1 advanced to log sequence 818
Current log# 161 seq# 3963 mem# 0
Undo initialization finished
Completed checkpoint up to RBA
ORA-09932: Close of ORACLE password file failed.
Completed checkpoint up to RBA
Starting background process VKTM
Thread 1 advanced to log sequence 839
PRCR-01013: Failed to start resource {0}
Archived Log entry 682 added for thread 1 sequence 7705
Beginning log switch checkpoint up to RBA
Undo initialization finished
Archived Log entry 146 added for thread 1 sequence 1319
ORA-28538: result set not found
Current log# 234 seq# 2654 mem# 0
Undo initialization finished
ARC0: Archival started
Thread 1 advanced to log sequence 845
Thread 1 advanced to log sequence 96
LPX-00702: invalid SOAP connection binding
Current log# 59 seq# 2576 mem# 0
ARC0: Archival started
ORA-01147: SYSTEM tablespace file APP_USER42 is offline
Current log# 294 seq# 1506 mem# 0
ORA-16800: redo transport service for a standby database incorrectly set to ALTERNATE
Starting background process VKTM
Completed checkpoint up to RBA
Undo initialization finished
Thread 1 advanced to log sequence 163
TNS-12536: TNS:operation would block
Starting background process VKTM
Completed checkpoint up to RBA
Undo initialization finished
CRS-02673: Attempting to stop ' UNDOTBS1 ' on ' _SYSSMU12$ '
Beginning log switch checkpoint up to RBA
Completed checkpoint up to RBA
Undo initialization finished
Beginning log switch checkpoint up to RBA
ORA-19009: Missing XMLSchema keyword
ARC0: Archival started
Thread 1 advanced to log sequence 521
Undo initialization finished
ARC0: Archival started
ORA-02766: Invalid maximum of request descriptors
Errors in file /u01/app/oracle/diag/rdbms/ttprod/ttprod1/trace/ttprod1_ora_94945.trc
Archived Log entry 215 added for thread 1 sequence 4749
Current log# 213 seq# 4984 mem# 0
ORA-30929: ORDER SIBLINGS BY clause not allowed here
Errors in file /u01/app/oracle/diag/rdbms/ttprod/ttprod1/trace/ttprod1_ora_70566.trc
ARC0: Archival started
Undo initialization finished
Current log# 677 seq# 1817 mem# 0
RMAN-05526: datafile number not processed because file is OFFLINE IMMEDIATE
Errors in file /u01/app/oracle/diag/rdbms/ttprod/ttprod1/trace/ttprod1_ora_92524.trc
Starting background process VKTM
Undo initialization finished
Undo initialization finished
Current log# 39 seq# 7089 mem# 0
Archived Log entry 992 added for thread 1 sequence 7408
RMAN-08158: executing script: user_sessions
Undo initialization finished
Starting background process VKTM
Archived Log entry 209 added for thread 1 sequence 1134
Thread 1 advanced to log sequence 544
ORA-16267: Cannot instantiate a Logical Standby during a switchover
Errors in file /u01/app/oracle/diag/rdbms/ttprod/ttprod1/trace/ttprod1_ora_10057.trc
ARC0: Archival started
ORA-16649: possible failover to another database prevents this database from being opened
ARC0: Archival started
Thread 1 advanced to log sequence 686
Starting background process VKTM
RMAN-08519: channel session_1123 : scanning datafile copy BILLING.CUST_ORDERS
Current log# 928 seq# 8619 mem# 0
Thread 1 advanced to log sequence 34
Starting background process VKTM
Completed checkpoint up to RBA
Thread 1 advanced to log sequence 416
RMAN-08008: channel _SYSSMU12$ : starting full datafile backup set
Errors in file /u01/app/oracle/diag/rdbms/ttprod/ttprod1/trace/ttprod1_ora_18302.trc
Thread 1 advanced to log sequence 868
Archived Log entry 498 added for thread 1 sequence 2702
DRG-50913: first document requested reporting_schema is not a positive number
Errors in file /u01/app/oracle/diag/rdbms/ttprod/ttprod1/trace/ttprod1_ora_27482.trc
Thread 1 advanced to log sequence 194
Completed checkpoint up to RBA
Starting background process VKTM
Current log# 828 seq# 3278 mem# 0
Beginning log switch checkpoint up to RBA
ORA-31043: Element ' CRM.CALL_DETAIL_RECORDS ' not globally defined in schema ' _SYSSMU7$ '
Thread 1 advanced to log sequence 975
Beginning log switch checkpoint up to RBA
Undo initialization finished
Starting background process VKTM
Thread 1 advanced to log sequence 844
ORA-26785: Object has a NULL value
Beginning log switch checkpoint up to RBA
ARC0: Archival started
Archived Log entry 620 added for thread 1 sequence 2751
ORA-00841: MEMORY_TARGET not supported on this system
Errors in file /u01/app/oracle/diag/rdbms/ttprod/ttprod1/trace/ttprod1_ora_76944.trc
Beginning log switch checkpoint up to RBA
Beginning log switch checkpoint up to RBA
Archived Log entry 932 added for thread 1 sequence 7051
ORA-54664: TO_GEOMETRY: internal error [ number , app_db ]
Current log# 888 seq# 5551 mem# 0
Starting background process VKTM
Current log# 670 seq# 6285 mem# 0
ORA-14099: all rows in table do not qualify for specified partition
Undo initialization finished
Current log# 22 seq# 8924 mem# 0
Archived Log entry 297 added for thread 1 sequence 3735
Completed checkpoint up to RBA
ORA-02803: Retrieval of current time failed
Errors in file /u01/app/oracle/diag/rdbms/ttprod/ttprod1/trace/ttprod1_ora_45039.trc
Beginning log switch checkpoint up to RBA
Undo initialization finished
Beginning log switch checkpoint up to RBA
Current log# 560 seq# 4954 mem# 0
CLST-01301: successfully deleted PK_CUSTOMER_ACCOUNTS of DATA_TS01 configuration values
Errors in file /u01/app/oracle/diag/rdbms/ttprod/ttprod1/trace/ttprod1_ora_38203.trc
ARC0: Archival started
Current log# 84 seq# 3105 mem# 0
Undo initialization finished
Undo initialization finished
CRS-04738: Size of file BILLING.CUST_ORDERS is too large
Completed checkpoint up to RBA
Thread 1 advanced to log sequence 460
Undo initialization finished
Completed checkpoint up to RBA
PRIF-00051: interface [ 3 ] is set to both public and cluster_interconnect
Undo initialization finished
Archived Log entry 201 added for thread 1 sequence 7989
Completed checkpoint up to RBA
Beginning log switch checkpoint up to RBA
Current log# 561 seq# 5697 mem# 0
NZE-29041: The callback is NULL.
Errors in file /u01/app/oracle/diag/rdbms/ttprod/ttprod1/trace/ttprod1_ora_43455.trc
Beginning log switch checkpoint up to RBA
Starting background process VKTM
ORA-14515: only one aubpartition name can be specified
Current log# 255 seq# 9378 mem# 0
Completed checkpoint up to RBA
Undo initialization finished
Completed checkpoint up to RBA
ORA-03143: Process ID: 5000 Thread ID: DATA_TS01
Thread 1 advanced to log sequence 628
Archived Log entry 739 added for thread 1 sequence 7504
ARC0: Archival started
Completed checkpoint up to RBA
ORA-39504: failed to notify CRS of a Startup/Shutdown event [ TNS_ADMIN ] (ignored)
Thread 1 advanced to log sequence 348
ORA-37566: invalid log location
ARC0: Archival started
Starting background process VKTM
PGU-39120: EP c- number , p- number , f- number
Completed checkpoint up to RBA
Beginning log switch checkpoint up to RBA
Archived Log entry 205 added for thread 1 sequence 9464
Current log# 954 seq# 6491 mem# 0
Current log# 93 seq# 5243 mem# 0
RMAN-06513: copy will never be obsolete
Thread 1 advanced to log sequence 780
Current log# 902 seq# 9147 mem# 0
Archived Log entry 537 added for thread 1 sequence 9407
LSX-00247: invalid language specification "~S"
Errors in file /u01/app/oracle/diag/rdbms/ttprod/ttprod1/trace/ttprod1_ora_72193.trc
Thread 1 advanced to log sequence 209
ORA-23292: The constraint does not exist
Current log# 336 seq# 6155 mem# 0
Undo initialization finished
DRG-13710: Syntax Error in Dictionary
Beginning log switch checkpoint up to RBA
Current log# 49 seq# 4564 mem# 0
Archived Log entry 564 added for thread 1 sequence 2961
Undo initialization finished
ORA-37549: (XSHIERSP03) The level of DIMENSION_MEMBER is not lower than the level of MEMBER_ANCESTOR.
Errors in file /u01/app/oracle/diag/rdbms/ttprod/ttprod1/trace/ttprod1_ora_44009.trc
Thread 1 advanced to log sequence 781
ARC0: Archival started
Completed checkpoint up to RBA
Archived Log entry 733 added for thread 1 sequence 3935
Archived Log entry 37 added for thread 1 sequence 7162
ORA-39933: Parent table session_1123 . ttstandby01 and its nested table columns are not fully contained in the transportable set.
Starting background process VKTM
Beginning log switch checkpoint up to RBA
Archived Log entry 998 added for thread 1 sequence 2057
Undo initialization finished
Starting background process VKTM
CRS-01715: A failure occurred in the CSS daemon during initialization; Details at UNDOTBS1 in ttprod1
Errors in file /u01/app/oracle/diag/rdbms/ttprod/ttprod1/trace/ttprod1_ora_60993.trc
Archived Log entry 738 added for thread 1 sequence 7930
Starting background process VKTM
Starting background process VKTM
ORA-33625: (FRASSIGN02) You cannot use the APPEND keyword with concat dimension workspace object .
Archived Log entry 10 added for thread 1 sequence 5742
XOQ-02004: object 1024 " CDR_STAGING " not found
Starting background process VKTM
Beginning log switch checkpoint up to RBA
ARC0: Archival started
Beginning log switch checkpoint up to RBA
RMAN-06548: connected to auxiliary database: DATA_TS01 (DBID= pk_orders )
Completed checkpoint up to RBA
Current log# 126 seq# 7707 mem# 0
OCI-01861: literal does not match format ttprod2
Thread 1 advanced to log sequence 678
Starting background process VKTM
Completed checkpoint up to RBA
ORA-27034: maximum length of ORACLE_SID exceeded
Current log# 619 seq# 3966 mem# 0
Starting background process VKTM
Beginning log switch checkpoint up to RBA
Thread 1 advanced to log sequence 779
Beginning log switch checkpoint up to RBA
PLS-00155: Only a function may be a MAP, ORDER or CONSTRUCTOR method.
Thread 1 advanced to log sequence 17
ORA-16076: unknown standby database destination
Errors in file /u01/app/oracle/diag/rdbms/ttprod/ttprod1/trace/ttprod1_ora_77518.trc
Current log# 19 seq# 5763 mem# 0
Current log# 110 seq# 9238 mem# 0
NID-00451: Succesfully changed database name.
Thread 1 advanced to log sequence 53
Starting background process VKTM
NNL-00910: VERSION SKEW responses sent: number
Archived Log entry 691 added for thread 1 sequence 9318
ORA-08243: recursive audit operation attempted
Beginning log switch checkpoint up to RBA
Current log# 962 seq# 2454 mem# 0
RMAN-05046: Export completed
Completed checkpoint up to RBA
Beginning log switch checkpoint up to RBA
Undo initialization finished
ORA-15493: target ADVM compatibility ( large pool ) exceeds ASM compatibility ( shared pool )
Current log# 453 seq# 8471 mem# 0
Beginning log switch checkpoint up to RBA
Thread 1 advanced to log sequence 263
Completed checkpoint up to RBA
Completed checkpoint up to RBA
PRKO-02405: Network resource does not exist on the cluster nodes.
Errors in file /u01/app/oracle/diag/rdbms/ttprod/ttprod1/trace/ttprod1_ora_84153.trc
Beginning log switch checkpoint up to RBA
Archived Log entry 711 added for thread 1 sequence 2218
ORA-09817: Write to audit file failed.
Current log# 451 seq# 4449 mem# 0
Beginning log switch checkpoint up to RBA
Completed checkpoint up to RBA
Current log# 27 seq# 1082 mem# 0
Current log# 527 seq# 9050 mem# 0
RMAN-08614: channel 3 : errors found reading piece handle= ttprod1
Current log# 185 seq# 4454 mem# 0
Completed checkpoint up to RBA
Starting background process VKTM
ORA-31660: metadata filter name can not be defaulted
Starting background process VKTM
Completed checkpoint up to RBA
Beginning log switch checkpoint up to RBA
Thread 1 advanced to log sequence 644
ORA-01060: array binds or executes not allowed
Errors in file /u01/app/oracle/diag/rdbms/ttprod/ttprod1/trace/ttprod1_ora_63127.trc
Starting background process VKTM
Beginning log switch checkpoint up to RBA
Completed checkpoint up to RBA
Beginning log switch checkpoint up to RBA
PRCD-01238: Failed to get attributes for database {0}
Errors in file /u01/app/oracle/diag/rdbms/ttprod/ttprod1/trace/ttprod1_ora_29848.trc
Archived Log entry 618 added for thread 1 sequence 7971
Starting background process VKTM
Archived Log entry 844 added for thread 1 sequence 8320
ARC0: Archival started
ORA-15270: disk APP_USER42 is not a quorum disk
Thread 1 advanced to log sequence 878
IMG-00513: missing value in scaling operation
Thread 1 advanced to log sequence 611
ORA-24439: success with PLSQL compilation warning
Archived Log entry 486 added for thread 1 sequence 9783
ARC0: Archival started
Beginning log switch checkpoint up to RBA
Completed checkpoint up to RBA
Undo initialization finished
RMAN-00211: Error occurred getting response - assuming NO response
Completed checkpoint up to RBA
ARC0: Archival started
Thread 1 advanced to log sequence 191
XOQ-02534: The data type " 3 " of the base attribute or base measure " CDR_STAGING " is different from the mapped expression " idx_users_email ".
Archived Log entry 221 added for thread 1 sequence 9047
Beginning log switch checkpoint up to RBA
Current log# 803 seq# 2591 mem# 0
Undo initialization finished
PLS-00552: flexible character set is not allowed on component element
Archived Log entry 95 added for thread 1 sequence 1809
Current log# 524 seq# 5224 mem# 0
PROC-00033: Oracle Cluster Registry is not configured
Thread 1 advanced to log sequence 155
Thread 1 advanced to log sequence 829
ARC0: Archival started
Thread 1 advanced to log sequence 126
Starting background process VKTM
XOQ-00507: source definition not found with ID "( session_1123 )"
Thread 1 advanced to log sequence 465
Undo initialization finished
Undo initialization finished
Completed checkpoint up to RBA
ORA-38901: column " app_db " of table " _SYSSMU12$ " must be one of the first " DATA_TS01 " columns
Starting background process VKTM
Beginning log switch checkpoint up to RBA
Completed checkpoint up to RBA
Completed checkpoint up to RBA
NNL-00536: set|show requests_enabled [<on|off>] [<server_list>] : enable, disable or show server request processing
Errors in file /u01/app/oracle/diag/rdbms/ttprod/ttprod1/trace/ttprod1_ora_80252.trc
Completed checkpoint up to RBA
Starting background process VKTM
ARC0: Archival started
RMAN-06570: datafile number switched to datafile copy " shared pool "
Starting background process VKTM
Thread 1 advanced to log sequence 915
ORA-01652: Unable to extend temp segment
Thread 1 advanced to log sequence 420
Archived Log entry 587 added for thread 1 sequence 6145
NNL-00266: Round trip time is PK_CUSTOMER_ACCOUNTS
Errors in file /u01/app/oracle/diag/rdbms/ttprod/ttprod1/trace/ttprod1_ora_14675.trc
Undo initialization finished
ARC0: Archival started
Starting background process VKTM
Archived Log entry 826 added for thread 1 sequence 5867
TNS-00267: Navigator: Internal Error
Completed checkpoint up to RBA
CRS-04690: Oracle Clusterware is already running on ' NETWORK_OPS.SIM_INVENTORY '
Current log# 580 seq# 4818 mem# 0
Beginning log switch checkpoint up to RBA
Completed checkpoint up to RBA
ORA-02253: constraint specification not allowed here
Thread 1 advanced to log sequence 464
Archived Log entry 970 added for thread 1 sequence 7561
Archived Log entry 237 added for thread 1 sequence 8606
ORA-22805: cannot insert NULL object into object tables or nested tables
Beginning log switch checkpoint up to RBA
Thread 1 advanced to log sequence 841
PCC-02367: This indicator variable must be declared as type short
Undo initialization finished
Undo initialization finished
ARC0: Archival started
ORA-30551: The index depends on a package/type body which does not exist
Errors in file /u01/app/oracle/diag/rdbms/ttprod/ttprod1/trace/ttprod1_ora_65321.trc
Archived Log entry 574 added for thread 1 sequence 3724
Undo initialization finished
Completed checkpoint up to RBA
Starting background process VKTM
Completed checkpoint up to RBA
ORA-13633: The task APP_USER42 was interrupted and needs to be resumed.
Starting background process VKTM
Undo initialization finished
Current log# 189 seq# 5536 mem# 0
Beginning log switch checkpoint up to RBA
PRVF-04048: Version of OCR found "{0}", expected version of OCR for this release is "{1}"
Completed checkpoint up to RBA
Undo initialization finished
Current log# 384 seq# 9474 mem# 0
Beginning log switch checkpoint up to RBA
Current log# 434 seq# 3392 mem# 0
NID-00396: Reverting database ID from number to number
Errors in file /u01/app/oracle/diag/rdbms/ttprod/ttprod1/trace/ttprod1_ora_58411.trc
Archived Log entry 755 added for thread 1 sequence 2776
Completed checkpoint up to RBA
Current log# 916 seq# 1148 mem# 0
RMAN-03042: error while analyzing automatic repair options
Undo initialization finished
Archived Log entry 365 added for thread 1 sequence 5412
Current log# 765 seq# 5738 mem# 0
Archived Log entry 570 added for thread 1 sequence 9780
ARC0: Archival started
ORA-48485: The file exceeds the maximum length [ BILLING.CUST_ORDERS ]
Thread 1 advanced to log sequence 391
RMAN-06566: target database incarnation not found in control file
Current log# 895 seq# 6802 mem# 0
ARC0: Archival started
Archived Log entry 626 added for thread 1 sequence 8379
Thread 1 advanced to log sequence 396
ARC0: Archival started
PRCR-01072: Failed to unregister {0} {1}
Thread 1 advanced to log sequence 118
Starting background process VKTM
ORA-29922: Invalid rowid returned by the user-defined query methods
Undo initialization finished
ORA-06537: OUT bind variable bound to an IN position
Thread 1 advanced to log sequence 181
Undo initialization finished
Completed checkpoint up to RBA
NNL-00807: Queries received, type SOA: number
Errors in file /u01/app/oracle/diag/rdbms/ttprod/ttprod1/trace/ttprod1_ora_57835.trc
Beginning log switch checkpoint up to RBA
Current log# 750 seq# 2240 mem# 0
ARC0: Archival started
Thread 1 advanced to log sequence 527
Undo initialization finished
NID-00330: The following datafiles are offline immediate:
Errors in file /u01/app/oracle/diag/rdbms/ttprod/ttprod1/trace/ttprod1_ora_93758.trc
Completed checkpoint up to RBA
ARC0: Archival started
ARC0: Archival started
RMAN-20029: cannot make a snapshot control file
ARC0: Archival started
Beginning log switch checkpoint up to RBA
Starting background process VKTM
Current log# 231 seq# 6040 mem# 0
ORA-16110: user procedure processing of logical standby apply DDL
Archived Log entry 802 added for thread 1 sequence 3281
Thread 1 advanced to log sequence 715
Undo initialization finished
Current log# 279 seq# 8937 mem# 0
Undo initialization finished
NZE-29117: Cannot add PKCS #12 attributes.
Undo initialization finished
Current log# 270 seq# 7503 mem# 0
Beginning log switch checkpoint up to RBA
Completed checkpoint up to RBA
Starting background process VKTM
RMAN-10009: error logging off of Oracle
Starting background process VKTM
Beginning log switch checkpoint up to RBA
ORA-18100: XUST0001 - Updating expression in a wrong position
ARC0: Archival started
Completed checkpoint up to RBA
Starting background process VKTM
Completed checkpoint up to RBA
ORA-25228: timeout or end-of-fetch during message dequeue from SYSAUX . _SYSSMU7$
Current log# 871 seq# 3275 mem# 0
Completed checkpoint up to RBA
Undo initialization finished
Undo initialization finished
PRKO-02159: Option '-i' should be specified to convert an administrator-managed RAC database to its equivalent RAC One Node database configuration
ARC0: Archival started
Archived Log entry 80 added for thread 1 sequence 4552
Beginning log switch checkpoint up to RBA
Starting background process VKTM
ARC0: Archival started
RMAN-08584: copying current control file
Errors in file /u01/app/oracle/diag/rdbms/ttprod/ttprod1/trace/ttprod1_ora_73762.trc
Completed checkpoint up to RBA
Completed checkpoint up to RBA
Undo initialization finished
Current log# 727 seq# 8604 mem# 0
ORA-24055: cannot delete propagation status rows that are in prepared state
Thread 1 advanced to log sequence 864
ARC0: Archival started
Beginning log switch checkpoint up to RBA
Archived Log entry 866 added for thread 1 sequence 7444
Thread 1 advanced to log sequence 488
ORA-29664: Unable to generate the helper class for the defined type
Errors in file /u01/app/oracle/diag/rdbms/ttprod/ttprod1/trace/ttprod1_ora_50998.trc
ARC0: Archival started
Current log# 841 seq# 9923 mem# 0
RMAN-20010: database incarnation not found
Undo initialization finished
Thread 1 advanced to log sequence 137
Starting background process VKTM
Beginning log switch checkpoint up to RBA
ARC0: Archival started
ORA-19656: cannot backup, copy, or delete online log 3
Errors in file /u01/app/oracle/diag/rdbms/ttprod/ttprod1/trace/ttprod1_ora_11301.trc
Starting background process VKTM
ARC0: Archival started
RMAN-08012: including control file copy in backup set
Archived Log entry 497 added for thread 1 sequence 3229
Starting background process VKTM
ORA-16963: The given user or schema is not supported by this feature.
Current log# 463 seq# 2532 mem# 0
Current log# 370 seq# 8144 mem# 0
RDE-00058: confirmation of service instance " pk_orders " failed.
Errors in file /u01/app/oracle/diag/rdbms/ttprod/ttprod1/trace/ttprod1_ora_81678.trc
Completed checkpoint up to RBA
Thread 1 advanced to log sequence 921
Archived Log entry 898 added for thread 1 sequence 5379
ORA-00279: change fk_order_customer generated at USERS needed for thread DATA_TS01
Thread 1 advanced to log sequence 719
XOQ-01937: incompatible HierarchyConsistencyRule and MVOption
Errors in file /u01/app/oracle/diag/rdbms/ttprod/ttprod1/trace/ttprod1_ora_78924.trc
Archived Log entry 330 added for thread 1 sequence 3919
Thread 1 advanced to log sequence 424
Starting background process VKTM
ORA-02284: duplicate INCREMENT BY specifications
Archived Log entry 982 added for thread 1 sequence 7468
Current log# 864 seq# 6809 mem# 0
Beginning log switch checkpoint up to RBA
ORA-01696: control file is not a clone control file
Errors in file /u01/app/oracle/diag/rdbms/ttprod/ttprod1/trace/ttprod1_ora_93232.trc
Current log# 269 seq# 5918 mem# 0
Starting background process VKTM
Archived Log entry 611 added for thread 1 sequence 1277
ARC0: Archival started
RDE-00054: invalid operation: number .
Undo initialization finished
Undo initialization finished
ARC0: Archival started
Archived Log entry 129 added for thread 1 sequence 3559
RMAN-08073: deleted backup piece
Current log# 601 seq# 6743 mem# 0
Starting background process VKTM
Thread 1 advanced to log sequence 926
Starting background process VKTM
PCC-02365: Indicator array size cannot be smaller than host array size
Errors in file /u01/app/oracle/diag/rdbms/ttprod/ttprod1/trace/ttprod1_ora_27078.trc
Completed checkpoint up to RBA
Current log# 311 seq# 2428 mem# 0
Archived Log entry 66 added for thread 1 sequence 7758
Completed checkpoint up to RBA
PLS-00362: invalid cursor return type; ' CDR_STAGING ' must be a record type
Undo initialization finished
Starting background process VKTM
Starting background process VKTM
ORA-38819: user USERS owns one or more objects whose type is editionable and that have noneditioned dependent objects
Archived Log entry 26 added for thread 1 sequence 9168
ORA-09774: osnmui: cannot send break message
Errors in file /u01/app/oracle/diag/rdbms/ttprod/ttprod1/trace/ttprod1_ora_51509.trc
Thread 1 advanced to log sequence 835
Starting background process VKTM
ORA-15241: attribute app_db is read only
ARC0: Archival started
ORA-13450: GeoRaster metadata layerInfo error
ARC0: Archival started
ARC0: Archival started
RMAN-06463: Backup set key SYSAUX cannot be backed up by proxy.
Errors in file /u01/app/oracle/diag/rdbms/ttprod/ttprod1/trace/ttprod1_ora_34542.trc
Starting background process VKTM
Starting background process VKTM
Undo initialization finished
Archived Log entry 617 added for thread 1 sequence 3137
Beginning log switch checkpoint up to RBA
ORA-15033: disk ' ttprod1 ' belongs to diskgroup " /u01/app/oracle/oradata/ttprod/users01.dbf "
Current log# 986 seq# 1724 mem# 0
Beginning log switch checkpoint up to RBA
ARC0: Archival started
Starting background process VKTM
Thread 1 advanced to log sequence 417
RMAN-08185: renamed tempfile ttprod2 to CRM.CALL_DETAIL_RECORDS in control file
Completed checkpoint up to RBA
ARC0: Archival started
ORA-32852: agent large pool is referenced by a message system link
Errors in file /u01/app/oracle/diag/rdbms/ttprod/ttprod1/trace/ttprod1_ora_87514.trc
Current log# 890 seq# 8248 mem# 0
ARC0: Archival started
Archived Log entry 418 added for thread 1 sequence 7727
DIA-48492: The report component name is not defined
ARC0: Archival started
Current log# 544 seq# 5409 mem# 0
Completed checkpoint up to RBA
Completed checkpoint up to RBA
Completed checkpoint up to RBA
ORA-33066: (XSAGDNGL32) In AGGMAP workspace object , the hierarchy dimension QDR workspace object must be a hierarchy dimension of the relation.
ARC0: Archival started
Beginning log switch checkpoint up to RBA
ARC0: Archival started
ORA-12221: TNS:illegal ADDRESS parameters
Starting background process VKTM
DIA-48317: ADR Relation [ NETWORK_OPS.SIM_INVENTORY ] of version= APP_USER42 is obsolete
Errors in file /u01/app/oracle/diag/rdbms/ttprod/ttprod1/trace/ttprod1_ora_93250.trc
Completed checkpoint up to RBA
Beginning log switch checkpoint up to RBA
Starting background process VKTM
ORA-01658: Unable to create INITIAL extent for segment in tablespace
Errors in file /u01/app/oracle/diag/rdbms/ttprod/ttprod1/trace/ttprod1_ora_81802.trc
Completed checkpoint up to RBA
ARC0: Archival started
RMAN-08031: released channel: user_sessions
Errors in file /u01/app/oracle/diag/rdbms/ttprod/ttprod1/trace/ttprod1_ora_69021.trc
Starting background process VKTM
ORA-39913: APP_USER42 user_sessions . ttprod2 in tablespace DATA_TS01 not allowed in transportable set.
Undo initialization finished
Beginning log switch checkpoint up to RBA
ORA-24940: invalid combination of PK_CUSTOMER_ACCOUNTS namespace, ttprod2 presentation and /u01/app/oracle/oradata/ttprod/users01.dbf receive protocol
Beginning log switch checkpoint up to RBA
PLS-00590: attempting to create a subtype UNDER a FINAL type
ARC0: Archival started
Undo initialization finished
ARC0: Archival started
Completed checkpoint up to RBA
LPX-01062: [XQDY0062]
Undo initialization finished
Starting background process VKTM
DIA-48802: The options " DATA_TS01 " and " _SYSSMU12$ " are mutual exclusive
Starting background process VKTM
Archived Log entry 872 added for thread 1 sequence 8304
ARC0: Archival started
Starting background process VKTM
NZE-28830: no identity type specified
Current log# 661 seq# 6644 mem# 0
KFED-00402: failure occurred at: 3
Errors in file /u01/app/oracle/diag/rdbms/ttprod/ttprod1/trace/ttprod1_ora_45997.trc
Thread 1 advanced to log sequence 438
PCC-00012: Not in a declare section at line number in file SYSAUX
Errors in file /u01/app/oracle/diag/rdbms/ttprod/ttprod1/trace/ttprod1_ora_96609.trc
Thread 1 advanced to log sequence 149
TNS-01188: Listener cannot operate with incompatible transport protocols
Beginning log switch checkpoint up to RBA
Starting background process VKTM
ORA-25177: UNRECOVERABLE option not permitted
ARC0: Archival started
Current log# 583 seq# 5023 mem# 0
Starting background process VKTM
Thread 1 advanced to log sequence 340
Thread 1 advanced to log sequence 885
ORA-30770: Cannot specify storage options for fixed size opaque type
Archived Log entry 715 added for thread 1 sequence 3309
NNO-00628: setting maximum reforwards per query to number
Undo initialization finished
Archived Log entry 358 added for thread 1 sequence 8186
Completed checkpoint up to RBA
Beginning log switch checkpoint up to RBA
Beginning log switch checkpoint up to RBA
TNS-00137: Failed to get TNS error message file entry
ARC0: Archival started
Current log# 159 seq# 2516 mem# 0
Undo initialization finished
Completed checkpoint up to RBA
ORA-01155: the database is being opened, closed, mounted or dismounted
Undo initialization finished
Completed checkpoint up to RBA
INS-41318: One or more files 1024 already exist. The installer will attempt to replace existing files.
Thread 1 advanced to log sequence 596
ORA-06145: NETTCP: unable to start ORASRV: images not installed
Starting background process VKTM
Current log# 330 seq# 9333 mem# 0
Completed checkpoint up to RBA
ORA-01571: redo version CDR_STAGING incompatible with ORACLE version ttprod2
Completed checkpoint up to RBA
Thread 1 advanced to log sequence 962
Archived Log entry 538 added for thread 1 sequence 2845
Completed checkpoint up to RBA
ORA-02758: Allocation of internal array failed
Thread 1 advanced to log sequence 620
ORA-14327: Some index [sub]partitions could not be rebuilt
Undo initialization finished
Thread 1 advanced to log sequence 100
Archived Log entry 985 added for thread 1 sequence 5554
Beginning log switch checkpoint up to RBA
ORA-02281: duplicate or conflicting CACHE/NOCACHE specifications
Errors in file /u01/app/oracle/diag/rdbms/ttprod/ttprod1/trace/ttprod1_ora_83015.trc
ARC0: Archival started
Completed checkpoint up to RBA
Starting background process VKTM
Starting background process VKTM
Starting background process VKTM
QSM-01522: a more optimal equivlanece than ttprod2 was used to rewrite
Thread 1 advanced to log sequence 106
Thread 1 advanced to log sequence 770
Completed checkpoint up to RBA
Completed checkpoint up to RBA
CRS-09017: Error: Invalid or unknown reply received from the Cluster Logger Service
Beginning log switch checkpoint up to RBA
ORA-13468: invalid blockMBR
Errors in file /u01/app/oracle/diag/rdbms/ttprod/ttprod1/trace/ttprod1_ora_98678.trc
Current log# 433 seq# 4999 mem# 0
Completed checkpoint up to RBA
Beginning log switch checkpoint up to RBA
Current log# 31 seq# 8568 mem# 0
Beginning log switch checkpoint up to RBA
ORA-00451: foreground process died unexpectedly
Current log# 359 seq# 7500 mem# 0
ARC0: Archival started
ORA-06129: NETTCP: unable to transfer socket ownership to ORASRV
ARC0: Archival started
Starting background process VKTM
Starting background process VKTM
Undo initialization finished
ORA-00363: log is not the archived version
Errors in file /u01/app/oracle/diag/rdbms/ttprod/ttprod1/trace/ttprod1_ora_71898.trc
Thread 1 advanced to log sequence 801
Beginning log switch checkpoint up to RBA
ORA-09272: remote os logon is not allowed
ARC0: Archival started
ORA-40228: scoring cost matrix already exists
Errors in file /u01/app/oracle/diag/rdbms/ttprod/ttprod1/trace/ttprod1_ora_38683.trc
Current log# 500 seq# 5242 mem# 0
Completed checkpoint up to RBA
CRS-04209: IPMI credentials not contained in the wallet
Thread 1 advanced to log sequence 397
Undo initialization finished
Starting background process VKTM
Current log# 920 seq# 4550 mem# 0
ARC0: Archival started
NNL-00578: dump_ldap: dump addresses in the domain or region to LDAP
Starting background process VKTM
RMAN-08096: channel 17 : starting validation of datafile backup set
Undo initialization finished
Archived Log entry 853 added for thread 1 sequence 9969
ORA-22060: argument [ DATA_TS01 ] is an invalid or uninitialized number
Beginning log switch checkpoint up to RBA
Thread 1 advanced to log sequence 864
Beginning log switch checkpoint up to RBA
Archived Log entry 369 added for thread 1 sequence 2944
Undo initialization finished
PGA-21015: invalid character(s) found in LU name ' shared pool '
Starting background process VKTM
Thread 1 advanced to log sequence 808
Archived Log entry 120 added for thread 1 sequence 7932
Thread 1 advanced to log sequence 304
ORA-07254: spdcr: translation error while expanding ?/bin/oracle.
Current log# 396 seq# 5768 mem# 0
ARC0: Archival started
Undo initialization finished
ORA-03263: cannot drop the first file of tablespace INVOICE_LINES_IDX
Starting background process VKTM
Undo initialization finished
RMAN-05599: PASSWORD clause is not needed when duplicating for standby database from active database
Errors in file /u01/app/oracle/diag/rdbms/ttprod/ttprod1/trace/ttprod1_ora_81277.trc
Completed checkpoint up to RBA
Undo initialization finished
Thread 1 advanced to log sequence 782
Thread 1 advanced to log sequence 263
Completed checkpoint up to RBA
ORA-32424: materialized view log on " BILLING.CUST_ORDERS "." ttprod1 " already has this purge option
Beginning log switch checkpoint up to RBA
Undo initialization finished
ARC0: Archival started
Completed checkpoint up to RBA
ORA-30041: Cannot grant quota on the tablespace
Starting background process VKTM
Thread 1 advanced to log sequence 626
ORA-16098: Primary database has been shut down to prevent data loss.
ARC0: Archival started
ORA-26697: LCR contains extra column ' INVOICE_LINES_IDX '
Current log# 952 seq# 3455 mem# 0
Archived Log entry 885 added for thread 1 sequence 5050
Undo initialization finished
PCB-00307: DROP TABLE statement is an Oracle extension
Errors in file /u01/app/oracle/diag/rdbms/ttprod/ttprod1/trace/ttprod1_ora_10434.trc
Completed checkpoint up to RBA
Beginning log switch checkpoint up to RBA
Completed checkpoint up to RBA
Current log# 257 seq# 3513 mem# 0
Current log# 193 seq# 2842 mem# 0
PGU-42032: state value 5000 is 42
Undo initialization finished
Completed checkpoint up to RBA
ORA-19221: XPST0001 - XQuery static context component shared pool not initialized
Starting background process VKTM
ORA-38780: Restore point ' APP_USER42 ' does not exist.
Beginning log switch checkpoint up to RBA
ARC0: Archival started
Current log# 923 seq# 1586 mem# 0
ORA-32019: The parameter SPFILE cannot be updated in the server parameter file.
Errors in file /u01/app/oracle/diag/rdbms/ttprod/ttprod1/trace/ttprod1_ora_23857.trc
Beginning log switch checkpoint up to RBA
Thread 1 advanced to log sequence 631
Archived Log entry 906 added for thread 1 sequence 7427
Thread 1 advanced to log sequence 908
RMAN-06103: duplicate qualifier found in REPORT command: idx_users_email
Thread 1 advanced to log sequence 907
Thread 1 advanced to log sequence 858
Starting background process VKTM
Undo initialization finished
ARC0: Archival started
NZE-28890: Entrust Login Failed
Completed checkpoint up to RBA
Thread 1 advanced to log sequence 751
Thread 1 advanced to log sequence 805
Beginning log switch checkpoint up to RBA
Beginning log switch checkpoint up to RBA
XOQ-01923: Assignment " reporting_schema " has no member expression and does not correspond to a custom member.
ARC0: Archival started
Beginning log switch checkpoint up to RBA
Starting background process VKTM
Current log# 592 seq# 4759 mem# 0
Current log# 451 seq# 5446 mem# 0
ORA-15210: conflicting or duplicate PERMISSION options
Undo initialization finished
NNO-00630: setting request-processing delay to number seconds
Beginning log switch checkpoint up to RBA
Completed checkpoint up to RBA
QSM-00508: statistics missing on tables/columns
Errors in file /u01/app/oracle/diag/rdbms/ttprod/ttprod1/trace/ttprod1_ora_98690.trc
ARC0: Archival started
Archived Log entry 66 added for thread 1 sequence 3177
Undo initialization finished
ARC0: Archival started
NNC-00004: connection is broken
Thread 1 advanced to log sequence 498
Current log# 157 seq# 1593 mem# 0
INS-32021: Insufficient disk space on this volume for the selected Oracle home.
Errors in file /u01/app/oracle/diag/rdbms/ttprod/ttprod1/trace/ttprod1_ora_50669.trc
ARC0: Archival started
Completed checkpoint up to RBA
Thread 1 advanced to log sequence 371
ARC0: Archival started
ORA-44305: service reporting_schema is running
Archived Log entry 303 added for thread 1 sequence 1200
Thread 1 advanced to log sequence 779
Archived Log entry 601 added for thread 1 sequence 8037
Completed checkpoint up to RBA
Beginning log switch checkpoint up to RBA
ORA-01262: Stat failed on a file destination directory
Beginning log switch checkpoint up to RBA
Starting background process VKTM
Undo initialization finished
Undo initialization finished
NNC-00426: no such data type
ARC0: Archival started
Thread 1 advanced to log sequence 354
ORA-30683: failure establishing connection to debugger
Errors in file /u01/app/oracle/diag/rdbms/ttprod/ttprod1/trace/ttprod1_ora_92063.trc
Beginning log switch checkpoint up to RBA
Beginning log switch checkpoint up to RBA
Undo initialization finished
Archived Log entry 656 added for thread 1 sequence 3446
ORA-02253: constraint specification not allowed here
Errors in file /u01/app/oracle/diag/rdbms/ttprod/ttprod1/trace/ttprod1_ora_59038.trc
Completed checkpoint up to RBA
Beginning log switch checkpoint up to RBA
Beginning log switch checkpoint up to RBA
Beginning log switch checkpoint up to RBA
Thread 1 advanced to log sequence 17
XOQ-01995: Object " SP2-0552 " does not exist.
Undo initialization finished
ORA-27080: too many files open
Completed checkpoint up to RBA
Undo initialization finished
ORA-10701: Dump direct loader index keys
Undo initialization finished
ARC0: Archival started
Thread 1 advanced to log sequence 227
Archived Log entry 501 added for thread 1 sequence 7283
ORA-07269: spdcr: detached process died after exec.
Undo initialization finished
ARC0: Archival started
Undo initialization finished
RMAN-08064: Reconnection with the recovery catalog is successful.
Errors in file /u01/app/oracle/diag/rdbms/ttprod/ttprod1/trace/ttprod1_ora_69286.trc
Completed checkpoint up to RBA
Archived Log entry 712 added for thread 1 sequence 7243
Thread 1 advanced to log sequence 506
Completed checkpoint up to RBA
PLS-00543: a PLSQL Table may not contain a nested table type or VARRAY.
Beginning log switch checkpoint up to RBA
Beginning log switch checkpoint up to RBA
ORA-13142: invalid PROXIMITY window definition
Thread 1 advanced to log sequence 213
KUP-04006: file operation failed
Completed checkpoint up to RBA
Undo initialization finished
Undo initialization finished
INS-40713: Installer will use \" /u01/app/oracle/oradata/ttprod/users01.dbf \" as cluster name.
Errors in file /u01/app/oracle/diag/rdbms/ttprod/ttprod1/trace/ttprod1_ora_60676.trc
Beginning log switch checkpoint up to RBA
PLS-00411: Number of values in aggregate and in subquery don't match
Archived Log entry 243 added for thread 1 sequence 5761
ARC0: Archival started
Current log# 229 seq# 7033 mem# 0
PLS-00226: package ' _SYSSMU7$ ' used as variable reference
Errors in file /u01/app/oracle/diag/rdbms/ttprod/ttprod1/trace/ttprod1_ora_87612.trc
Thread 1 advanced to log sequence 218
Beginning log switch checkpoint up to RBA
Thread 1 advanced to log sequence 270
RMAN-06201: Deleted ttstandby01 objects
Errors in file /u01/app/oracle/diag/rdbms/ttprod/ttprod1/trace/ttprod1_ora_89728.trc
Undo initialization finished
ARC0: Archival started
Current log# 909 seq# 7864 mem# 0
Thread 1 advanced to log sequence 254
RMAN-08187: WARNING: media recovery until SCN APP_USER42 complete
Thread 1 advanced to log sequence 73
ORA-22613: buflen does not match the size of the scalar
Errors in file /u01/app/oracle/diag/rdbms/ttprod/ttprod1/trace/ttprod1_ora_11929.trc
Thread 1 advanced to log sequence 295
Thread 1 advanced to log sequence 758
ORA-38485: invalid object type for the user-defined function
Undo initialization finished
Current log# 216 seq# 8970 mem# 0
Thread 1 advanced to log sequence 878
Undo initialization finished
Undo initialization finished
ORA-01281: SCN range specified is invalid
Current log# 766 seq# 6569 mem# 0
NID-00508: HELP Displays these messages NO
Archived Log entry 507 added for thread 1 sequence 6906
Completed checkpoint up to RBA
ORA-02465: Inappropriate use of the HASH IS option
ARC0: Archival started
Current log# 991 seq# 5864 mem# 0
ARC0: Archival started
Current log# 631 seq# 9006 mem# 0
Beginning log switch checkpoint up to RBA
ORA-01192: must have at least one enabled thread
Thread 1 advanced to log sequence 55
ARC0: Archival started
Current log# 254 seq# 7787 mem# 0
ORA-55481: VPD policy may not be applied for OLS-enabled RDF repository
Completed checkpoint up to RBA
IMP-00045: using VOLSIZE value from export file of 17
Beginning log switch checkpoint up to RBA
Beginning log switch checkpoint up to RBA
Starting background process VKTM
Archived Log entry 685 added for thread 1 sequence 7341
Completed checkpoint up to RBA
ORA-15046: ASM file name ' pg_toast_12345 ' is not in single-file creation form
Thread 1 advanced to log sequence 267
Thread 1 advanced to log sequence 572
ARC0: Archival started
ORA-34344: (MXDSS03) Analytic workspace pk_orders is not attached.
Undo initialization finished
Thread 1 advanced to log sequence 254
Archived Log entry 782 added for thread 1 sequence 1511
ARC0: Archival started
Undo initialization finished
ORA-29323: ALTER DATABASE SET COMPATIBILITY command not supported by CRM.CALL_DETAIL_RECORDS
Errors in file /u01/app/oracle/diag/rdbms/ttprod/ttprod1/trace/ttprod1_ora_94442.trc
Starting background process VKTM
Undo initialization finished
ARC0: Archival started
Starting background process VKTM
DRG-52103: the Oracle Text environment could not reset
Errors in file /u01/app/oracle/diag/rdbms/ttprod/ttprod1/trace/ttprod1_ora_55620.trc
Beginning log switch checkpoint up to RBA
Starting background process VKTM
ORA-12036: updatable materialized view log is not empty, refresh materialized view
Errors in file /u01/app/oracle/diag/rdbms/ttprod/ttprod1/trace/ttprod1_ora_88097.trc
Starting background process VKTM
Undo initialization finished
Undo initialization finished
TNS-04001: _SYSSMU7$
Undo initialization finished
ORA-36380: (AGGRECURSE) AGGREGATE was called recursively, which is not allowed.
Beginning log switch checkpoint up to RBA
Archived Log entry 444 added for thread 1 sequence 7607
Beginning log switch checkpoint up to RBA
Completed checkpoint up to RBA
ORA-06809: TLI Driver: could not clear the IPX ethernet SAP at init
ARC0: Archival started
Current log# 739 seq# 6522 mem# 0
ORA-09834: snyGetPortSet: failed to collect info on a port.
ARC0: Archival started
ORA-22880: invalid REF
Starting background process VKTM
Current log# 968 seq# 5990 mem# 0
TNS-01090: No longer listening on: idx_users_email
Archived Log entry 806 added for thread 1 sequence 1828
Current log# 800 seq# 1223 mem# 0
Archived Log entry 852 added for thread 1 sequence 5739
Archived Log entry 706 added for thread 1 sequence 4050
ORA-44809: No expression is present for classifier
ARC0: Archival started
Thread 1 advanced to log sequence 957
Starting background process VKTM
ORA-12628: TNS:no event callbacks
Thread 1 advanced to log sequence 743
Completed checkpoint up to RBA
Archived Log entry 606 added for thread 1 sequence 2892
Thread 1 advanced to log sequence 663
RMAN-06100: no channel to restore a backup or copy of datafile number
Errors in file /u01/app/oracle/diag/rdbms/ttprod/ttprod1/trace/ttprod1_ora_49119.trc
Current log# 922 seq# 3236 mem# 0
ARC0: Archival started
TNS-04201: Trace Assistant Usage ERROR: Missing File name
Starting background process VKTM
Archived Log entry 831 added for thread 1 sequence 8868
Starting background process VKTM
ORA-01167: two files are the same file/group number or the same file
Starting background process VKTM
Beginning log switch checkpoint up to RBA
RMAN-08043: channel ttstandby01 : copy standby control file failed
Archived Log entry 989 added for thread 1 sequence 9923
PCB-00556: Unrecoverable error. Fix previous errors and re-precompile
ARC0: Archival started
Current log# 773 seq# 5201 mem# 0
ORA-07224: sfnfy: failed to obtain file size limit; errno = _SYSSMU12$ .
Current log# 548 seq# 4123 mem# 0
ORA-41619: rule manager feature currently not supported
Beginning log switch checkpoint up to RBA
Starting background process VKTM
Undo initialization finished
PRCD-01191: Cannot update server pool to {0} for database service {1}
Errors in file /u01/app/oracle/diag/rdbms/ttprod/ttprod1/trace/ttprod1_ora_27073.trc
Beginning log switch checkpoint up to RBA
Archived Log entry 219 added for thread 1 sequence 5992
Archived Log entry 775 added for thread 1 sequence 2021
Archived Log entry 464 added for thread 1 sequence 6019
CRS-01217: Cluster Ready Service unable to get node name. Details at USERS in fk_order_customer .
Archived Log entry 994 added for thread 1 sequence 1317
ARC0: Archival started
Thread 1 advanced to log sequence 2
ARC0: Archival started
Beginning log switch checkpoint up to RBA
NID-00301: Datafile 17 - dbid changed, wrote new name
Errors in file /u01/app/oracle/diag/rdbms/ttprod/ttprod1/trace/ttprod1_ora_24465.trc
Undo initialization finished
Completed checkpoint up to RBA
Completed checkpoint up to RBA
Beginning log switch checkpoint up to RBA
Completed checkpoint up to RBA
RMAN-07259: large pool critical failures exist; cannot exclude from ADVISE FAILURE
Errors in file /u01/app/oracle/diag/rdbms/ttprod/ttprod1/trace/ttprod1_ora_22383.trc
Current log# 654 seq# 8969 mem# 0
ORA-17620: failed to register the network adapter with Oracle Disk Manager library: session_1123
Errors in file /u01/app/oracle/diag/rdbms/ttprod/ttprod1/trace/ttprod1_ora_86304.trc
Undo initialization finished
Undo initialization finished
Undo initialization finished
ORA-01336: specified dictionary file cannot be opened
Thread 1 advanced to log sequence 527
Completed checkpoint up to RBA
Undo initialization finished
PCB-00103: Unable to open generated outline sql file " user_sessions "
ARC0: Archival started
Thread 1 advanced to log sequence 733
ARC0: Archival started
Undo initialization finished
ARC0: Archival started
QSM-00757: the specified workload ttstandby01 is not referenced by task BILLING.CUST_ORDERS
Thread 1 advanced to log sequence 541
ARC0: Archival started
Beginning log switch checkpoint up to RBA
NID-00501: ----------------------------------------------------
ARC0: Archival started
Current log# 883 seq# 3268 mem# 0
Completed checkpoint up to RBA
RMAN-06949: finished flashback log search, restored ttstandby01 blocks
Undo initialization finished
Starting background process VKTM
Current log# 264 seq# 8585 mem# 0
Starting background process VKTM
ARC0: Archival started
ORA-06973: X.25 Driver: invalid buffer size
Thread 1 advanced to log sequence 695
Completed checkpoint up to RBA
SQL-02119: Invalid HSTDEF argument
ARC0: Archival started
Completed checkpoint up to RBA
Current log# 314 seq# 1727 mem# 0
ORA-25139: invalid option for CREATE TEMPORARY TABLESPACE
Beginning log switch checkpoint up to RBA
CRS-04258: Addition and deletion of voting files are not allowed because the voting files are on ASM
ARC0: Archival started
Starting background process VKTM
Current log# 71 seq# 5818 mem# 0
Undo initialization finished
Starting background process VKTM
PRKO-02018: No databases are configured
Current log# 856 seq# 5066 mem# 0
Thread 1 advanced to log sequence 99
Thread 1 advanced to log sequence 211
QSM-02191: types of MV logs are not compatible
Errors in file /u01/app/oracle/diag/rdbms/ttprod/ttprod1/trace/ttprod1_ora_18694.trc
Current log# 426 seq# 4355 mem# 0
ARC0: Archival started
Thread 1 advanced to log sequence 543
Archived Log entry 447 added for thread 1 sequence 5921
RMAN-06201: Deleted BILLING.CUST_ORDERS objects
Errors in file /u01/app/oracle/diag/rdbms/ttprod/ttprod1/trace/ttprod1_ora_37033.trc
Archived Log entry 402 added for thread 1 sequence 8612
Starting background process VKTM
Undo initialization finished
Starting background process VKTM
CRS-02799: Failed to shut down resource ' reporting_schema ' on ' app_db '
Errors in file /u01/app/oracle/diag/rdbms/ttprod/ttprod1/trace/ttprod1_ora_90058.trc
Current log# 86 seq# 5445 mem# 0
Thread 1 advanced to log sequence 980
Current log# 929 seq# 9653 mem# 0
Undo initialization finished
PCC-02445: USING clause valid only on a PREPAREd dynamic statement
Current log# 386 seq# 9389 mem# 0
Beginning log switch checkpoint up to RBA
ORA-46268: Conflicting operation on audit table(s)
Thread 1 advanced to log sequence 821
Undo initialization finished
Archived Log entry 232 added for thread 1 sequence 4269
OCI-01862: wrong number of digits for this format item
Beginning log switch checkpoint up to RBA
ARC0: Archival started
ARC0: Archival started
Undo initialization finished
NNO-00851: LDAP open/bind failed: error = number
Current log# 34 seq# 3214 mem# 0
Completed checkpoint up to RBA
NNO-00634: received authoritative name " 17 " when we are its authority
Beginning log switch checkpoint up to RBA
ORA-01257: cannot reuse database file app_db , unknown file size
Archived Log entry 59 added for thread 1 sequence 1428
CRS-06007: Could not communicate with Event Manager.
Starting background process VKTM
Thread 1 advanced to log sequence 294
ARC0: Archival started
Archived Log entry 364 added for thread 1 sequence 2652
RMAN-06526: KEEP option cannot be used with incremental backup
Archived Log entry 373 added for thread 1 sequence 1609
Starting background process VKTM
Beginning log switch checkpoint up to RBA
ARC0: Archival started
ORA-15321: cannot set attribute with connected clients
Starting background process VKTM
ARC0: Archival started
Beginning log switch checkpoint up to RBA
Thread 1 advanced to log sequence 360
ORA-07454: queue timeout, TNS_ADMIN second(s), exceeded
Errors in file /u01/app/oracle/diag/rdbms/ttprod/ttprod1/trace/ttprod1_ora_29671.trc
ARC0: Archival started
ORA-17513: dNFS package call failed
Beginning log switch checkpoint up to RBA
Undo initialization finished
Thread 1 advanced to log sequence 308
RMAN-06779: import validation complete
Current log# 76 seq# 2280 mem# 0
NNO-00712: warning: group user_sessions cache checkpoint failed
Current log# 897 seq# 1454 mem# 0
Beginning log switch checkpoint up to RBA
PRKO-09068: Invalid port number {0}
Archived Log entry 944 added for thread 1 sequence 6503
Current log# 154 seq# 2515 mem# 0
ORA-06744: TLI Driver: listener cannot bind
Undo initialization finished
Starting background process VKTM
Archived Log entry 675 added for thread 1 sequence 5991
Thread 1 advanced to log sequence 889
ORA-25112: maximum number of BITMAP index columns is 30
Undo initialization finished
Archived Log entry 787 added for thread 1 sequence 9502
ARC0: Archival started
ORA-12663: Services required by client not available on the server
Completed checkpoint up to RBA
ORA-47963: Oracle Scheduler Job authorization for Oracle Database Vault to 1024 is not found
Errors in file /u01/app/oracle/diag/rdbms/ttprod/ttprod1/trace/ttprod1_ora_63691.trc
Undo initialization finished
Current log# 343 seq# 7480 mem# 0
Thread 1 advanced to log sequence 342
Completed checkpoint up to RBA
Current log# 405 seq# 4598 mem# 0
ORA-14756: Table is not partitioned by Interval method.
Undo initialization finished
RDE-00063: operation failed.
Current log# 845 seq# 6252 mem# 0
Starting background process VKTM
ORA-26915: Unable to return Logical Change Record (LCR) information due to missing data dictionary.
ARC0: Archival started
Beginning log switch checkpoint up to RBA
Beginning log switch checkpoint up to RBA
Completed checkpoint up to RBA
RMAN-06792: database db_unique_name is " fk_order_customer ", db_name is " ttstandby01 " and DBID is INVOICE_LINES_IDX
Errors in file /u01/app/oracle/diag/rdbms/ttprod/ttprod1/trace/ttprod1_ora_36612.trc
Completed checkpoint up to RBA
Thread 1 advanced to log sequence 535
Completed checkpoint up to RBA
Current log# 274 seq# 9820 mem# 0
Current log# 698 seq# 8018 mem# 0
RMAN-08050: cataloged datafile copy
Errors in file /u01/app/oracle/diag/rdbms/ttprod/ttprod1/trace/ttprod1_ora_18894.trc
ARC0: Archival started
Undo initialization finished
Completed checkpoint up to RBA
RMAN-07507: cataloging files...
Errors in file /u01/app/oracle/diag/rdbms/ttprod/ttprod1/trace/ttprod1_ora_90097.trc
ARC0: Archival started
IMP-00033: Warning: Table " shared pool " not found in export file
Errors in file /u01/app/oracle/diag/rdbms/ttprod/ttprod1/trace/ttprod1_ora_51092.trc
Beginning log switch checkpoint up to RBA
ARC0: Archival started
Archived Log entry 767 added for thread 1 sequence 7890
Completed checkpoint up to RBA
Beginning log switch checkpoint up to RBA
DRG-11349: FORWARD INDEX only supported for context index
ARC0: Archival started
ORA-38405: quotes not allowed in the attribute set name
Undo initialization finished
Beginning log switch checkpoint up to RBA
ARC0: Archival started
NZE-28856: Buffer overflow error
Beginning log switch checkpoint up to RBA
Archived Log entry 70 added for thread 1 sequence 6655
Starting background process VKTM
Thread 1 advanced to log sequence 957
ORA-41207: Cannot restore session state due to reason ( user_sessions , shared pool )
Archived Log entry 386 added for thread 1 sequence 8708
OCI-31193: This versioning feature isn't supported for resource USERS
Undo initialization finished
Thread 1 advanced to log sequence 119
Archived Log entry 572 added for thread 1 sequence 4277
ORA-18116: XUDY0017 - Duplicate REPLACE for the same target node
Errors in file /u01/app/oracle/diag/rdbms/ttprod/ttprod1/trace/ttprod1_ora_35519.trc
Completed checkpoint up to RBA
Current log# 418 seq# 5222 mem# 0
NNO-00624: setting auto-refresh expiration period to number seconds
Beginning log switch checkpoint up to RBA
Archived Log entry 447 added for thread 1 sequence 8287
Completed checkpoint up to RBA
Completed checkpoint up to RBA
ORA-29302: database is not open clone
Errors in file /u01/app/oracle/diag/rdbms/ttprod/ttprod1/trace/ttprod1_ora_42003.trc
Starting background process VKTM
Archived Log entry 632 added for thread 1 sequence 2197
Completed checkpoint up to RBA
ORA-39709: incomplete component downgrade; reporting_schema downgrade aborted
Errors in file /u01/app/oracle/diag/rdbms/ttprod/ttprod1/trace/ttprod1_ora_39756.trc
Archived Log entry 708 added for thread 1 sequence 5013
Starting background process VKTM
CLST-01303: successfully rolled back delete operation
Undo initialization finished
Completed checkpoint up to RBA
Archived Log entry 123 added for thread 1 sequence 2868
Current log# 884 seq# 8282 mem# 0
Starting background process VKTM
ORA-30737: cannot create subtable of a type which is not a subtype of the type of the supertable
Undo initialization finished
Starting background process VKTM
CRS-02592: A type name may not be empty or contain spaces
Current log# 810 seq# 9885 mem# 0
Beginning log switch checkpoint up to RBA
RMAN-06733: database unregistered from the recovery catalog
Current log# 20 seq# 4008 mem# 0
Undo initialization finished
Thread 1 advanced to log sequence 640
Current log# 126 seq# 5226 mem# 0
ORA-25122: Only LOCAL bitmap indexes are permitted on partitioned tables
Archived Log entry 927 added for thread 1 sequence 7485
Current log# 533 seq# 6241 mem# 0
Completed checkpoint up to RBA
Undo initialization finished
Current log# 86 seq# 7092 mem# 0
ORA-16110: user procedure processing of logical standby apply DDL
Completed checkpoint up to RBA
Current log# 355 seq# 9578 mem# 0
Completed checkpoint up to RBA
Archived Log entry 817 added for thread 1 sequence 6368
ARC0: Archival started
PGU-30000: transaction 42 , version app_db specification generated to file large pool
ARC0: Archival started
NNO-00117: line pk_orders : missing data type, data ignored
Starting background process VKTM
Completed checkpoint up to RBA
ORA-38750: FLASHBACK DATABASE may not be performed using a dispatcher.
Beginning log switch checkpoint up to RBA
RMAN-06448: uncataloged proxy copy
Undo initialization finished
Completed checkpoint up to RBA
Archived Log entry 697 added for thread 1 sequence 1899
LFI-00110: Unable to initialize the Buffer Manager.
Current log# 294 seq# 3025 mem# 0
ORA-01576: The instance TNS_ADMIN is not enabled
Errors in file /u01/app/oracle/diag/rdbms/ttprod/ttprod1/trace/ttprod1_ora_28075.trc
Starting background process VKTM
Archived Log entry 51 added for thread 1 sequence 3065
Archived Log entry 893 added for thread 1 sequence 5537
Thread 1 advanced to log sequence 881
PLS-01468: The first argument of the like-predicate must be a column of type character NETWORK_OPS.SIM_INVENTORY
Completed checkpoint up to RBA
Archived Log entry 519 added for thread 1 sequence 7687
Beginning log switch checkpoint up to RBA
Archived Log entry 873 added for thread 1 sequence 7597
Completed checkpoint up to RBA
PGA-21054: error writing to trace file ttprod1
Current log# 358 seq# 5043 mem# 0
Archived Log entry 303 added for thread 1 sequence 7415
ORA-29548: Java system class reported: _SYSSMU7$
Thread 1 advanced to log sequence 436
Beginning log switch checkpoint up to RBA
KUP-04077: unknown format specifier in file name SYSAUX
Starting background process VKTM
ARC0: Archival started
Current log# 238 seq# 1146 mem# 0
Undo initialization finished
Completed checkpoint up to RBA
PGU-30000: transaction pg_toast_12345 , version NETWORK_OPS.SIM_INVENTORY specification generated to file UNDOTBS1
Archived Log entry 918 added for thread 1 sequence 8671
ORA-01535: rollback segment ' 42 ' already exists or given name has prefix _SYSSMU
Current log# 961 seq# 4678 mem# 0
ARC0: Archival started
Completed checkpoint up to RBA
ORA-39262: Cannot alter size for hash cluster.
Starting background process VKTM
Thread 1 advanced to log sequence 59
Thread 1 advanced to log sequence 573
Starting background process VKTM
ORA-30201: Unable to load NLS data object
Archived Log entry 817 added for thread 1 sequence 9350
Current log# 552 seq# 3498 mem# 0
RMAN-06472: channel id TNS_ADMIN is automatically allocated
Current log# 412 seq# 4925 mem# 0
Archived Log entry 186 added for thread 1 sequence 9863
ORA-31627: API call succeeded but more information is available
Thread 1 advanced to log sequence 337
PRCT-01118: Received empty result while getting total space at file location {0} on node {1}
Archived Log entry 954 added for thread 1 sequence 7569
Starting background process VKTM
Thread 1 advanced to log sequence 102
PLW-05018: unit 5000 omitted optional AUTHID clause; default value DEFINER used
Completed checkpoint up to RBA
Undo initialization finished
Starting background process VKTM
XOQ-01909: The hierarchy level has an invalid or no associated dimension level.
Completed checkpoint up to RBA
Thread 1 advanced to log sequence 398
Thread 1 advanced to log sequence 550
PGA-20923: unexpected status, number ( DATA_TS01 ), received after TNS_ADMIN
Errors in file /u01/app/oracle/diag/rdbms/ttprod/ttprod1/trace/ttprod1_ora_79669.trc
Undo initialization finished
Beginning log switch checkpoint up to RBA
Undo initialization finished
Current log# 840 seq# 2581 mem# 0
Thread 1 advanced to log sequence 978
TNS-00093: argument is only supplied to either status or trace_on
Starting background process VKTM
ARC0: Archival started
Thread 1 advanced to log sequence 987
ORA-28551: pass-through SQL: SQL parse error
Errors in file /u01/app/oracle/diag/rdbms/ttprod/ttprod1/trace/ttprod1_ora_25472.trc
Archived Log entry 247 added for thread 1 sequence 8572
ARC0: Archival started
Beginning log switch checkpoint up to RBA
Thread 1 advanced to log sequence 962
ORA-13541: system moving window baseline size ( shared pool ) greater than retention ( 42 )
Completed checkpoint up to RBA
Completed checkpoint up to RBA
Archived Log entry 503 added for thread 1 sequence 2258
Starting background process VKTM
ORA-29710: Current operation aborted by Cluster Synchronization Services
Errors in file /u01/app/oracle/diag/rdbms/ttprod/ttprod1/trace/ttprod1_ora_41602.trc
Current log# 673 seq# 7697 mem# 0
Thread 1 advanced to log sequence 796
Undo initialization finished
Thread 1 advanced to log sequence 208
PGA-21200: connect to Oracle Server as TNS_ADMIN failed
Archived Log entry 370 added for thread 1 sequence 7990
Undo initialization finished
ORA-48203: Illegal Data Type [ TNS_ADMIN ]
Current log# 106 seq# 6388 mem# 0
ARC0: Archival started
Undo initialization finished
Completed checkpoint up to RBA
ORA-02198: ONLINE/OFFLINE option already specified
Errors in file /u01/app/oracle/diag/rdbms/ttprod/ttprod1/trace/ttprod1_ora_66920.trc
Archived Log entry 873 added for thread 1 sequence 8853
PRCR-01025: Resource {0} is still running
Beginning log switch checkpoint up to RBA
ORA-55465: resource position session_1123 not secured with OLS policy
Errors in file /u01/app/oracle/diag/rdbms/ttprod/ttprod1/trace/ttprod1_ora_54310.trc
Thread 1 advanced to log sequence 210
ORA-37185: length of USERS ( APP_USER42 ) exceeds maximum ( TNS_ADMIN )
Thread 1 advanced to log sequence 479
Undo initialization finished
Undo initialization finished
Starting background process VKTM
Starting background process VKTM
NNL-00970: System query index number: number
Errors in file /u01/app/oracle/diag/rdbms/ttprod/ttprod1/trace/ttprod1_ora_70011.trc
Thread 1 advanced to log sequence 137
Archived Log entry 45 added for thread 1 sequence 7800
Starting background process VKTM
RMAN-08143: including current control file for validation
Beginning log switch checkpoint up to RBA
Undo initialization finished
Completed checkpoint up to RBA
XOQ-01432: Primary dimension and union hierarchy map are inconsistent: union hierarchy map does not contain hierarchy map for "( session_1123 )".
ARC0: Archival started
Beginning log switch checkpoint up to RBA
Current log# 238 seq# 5745 mem# 0
Archived Log entry 60 added for thread 1 sequence 8878
ARC0: Archival started
ORA-48206: Ilegal Number of Fields [ 42 ] [ pk_orders ] [ ttstandby01 ]
Current log# 283 seq# 8559 mem# 0
Undo initialization finished
Starting background process VKTM
Thread 1 advanced to log sequence 643
RMAN-06946: executing repair script
ARC0: Archival started
Completed checkpoint up to RBA
Completed checkpoint up to RBA
NNL-00808: Queries received, all user-defined types: number
Thread 1 advanced to log sequence 982
ARC0: Archival started
ARC0: Archival started
ARC0: Archival started
RMAN-06519: backup will never be obsolete
Completed checkpoint up to RBA
ARC0: Archival started
Beginning log switch checkpoint up to RBA
Undo initialization finished
DIA-48315: ADR unavailable
Current log# 690 seq# 1292 mem# 0
QSM-02047: window function in mv
Undo initialization finished
NNO-00066: server will perform reload check of administrative region in number seconds
Errors in file /u01/app/oracle/diag/rdbms/ttprod/ttprod1/trace/ttprod1_ora_15103.trc
ARC0: Archival started
ORA-02720: osnfop: shmat failed
Thread 1 advanced to log sequence 759
Undo initialization finished
ARC0: Archival started
Current log# 799 seq# 2896 mem# 0
Starting background process VKTM
ORA-48318: ADR Relation [ USERS ] of version= 1024 cannot be supported
Archived Log entry 347 added for thread 1 sequence 6038
Archived Log entry 535 added for thread 1 sequence 4851
Starting background process VKTM
ARC0: Archival started
Current log# 928 seq# 2635 mem# 0
LPX-01101: External Error '~s' occurs
Undo initialization finished
Current log# 99 seq# 7809 mem# 0
ARC0: Archival started
RMAN-06446: changed proxy copy unavailable
Undo initialization finished
ARC0: Archival started
Current log# 8 seq# 6849 mem# 0
ORA-28165: proxy ' 3 ' may not specify password-protected role ' /u01/app/oracle/oradata/ttprod/users01.dbf ' for client ' SP2-0552 '
Starting background process VKTM
ORA-01227: log session_1123 is inconsistent with other logs
Errors in file /u01/app/oracle/diag/rdbms/ttprod/ttprod1/trace/ttprod1_ora_55711.trc
Beginning log switch checkpoint up to RBA
Archived Log entry 883 added for thread 1 sequence 1241
ARC0: Archival started
Completed checkpoint up to RBA
ORA-34061: (MSEXECUT11) Session-only values cannot be added to non-unique concat dimension workspace object , or any of its base dimensions.
Starting background process VKTM
Starting background process VKTM
Starting background process VKTM
Undo initialization finished
Starting background process VKTM
NNO-00301: server will shut down in number seconds
Completed checkpoint up to RBA
ARC0: Archival started
Beginning log switch checkpoint up to RBA
Thread 1 advanced to log sequence 38
Beginning log switch checkpoint up to RBA
PRVF-09041: String has bad format: "{0}"
Completed checkpoint up to RBA
RMAN-08304: To change the internal database identifier, use DBNEWID Utility
Archived Log entry 90 added for thread 1 sequence 8609
PGU-41092: data name pg_toast_12345 or specified version ( number ) of data name shared pool does not exist
ARC0: Archival started
ARC0: Archival started
Beginning log switch checkpoint up to RBA
RMAN-08162: executing Memory Script
Archived Log entry 217 added for thread 1 sequence 5213
Archived Log entry 263 added for thread 1 sequence 1133
Undo initialization finished
Beginning log switch checkpoint up to RBA
Completed checkpoint up to RBA
NNO-00618: disabling AUTHORITY-REQUIRED on system queries
Starting background process VKTM
Undo initialization finished
Beginning log switch checkpoint up to RBA
IMG-00614: I/O error during export
Starting background process VKTM
Starting background process VKTM
Thread 1 advanced to log sequence 761
Beginning log switch checkpoint up to RBA
Thread 1 advanced to log sequence 345
ORA-15015: Specified path ' TNS_ADMIN ' conflicts with path ' reporting_schema '
Undo initialization finished
Current log# 202 seq# 4647 mem# 0
ORA-09317: szprv: insufficient privileges
Completed checkpoint up to RBA
Archived Log entry 891 added for thread 1 sequence 9279
Undo initialization finished
Completed checkpoint up to RBA
Current log# 630 seq# 1794 mem# 0
RMAN-07000: List of SPFILE Backups
Beginning log switch checkpoint up to RBA
PCC-02115: Unable to open output file for writing
Beginning log switch checkpoint up to RBA
Completed checkpoint up to RBA
Completed checkpoint up to RBA
Starting background process VKTM
NNL-00855: Slowest rename processing time: user_sessions
Starting background process VKTM
Completed checkpoint up to RBA
Undo initialization finished
ORA-31119: XDB configuration cannot be udpated on all instances
Thread 1 advanced to log sequence 45
ORA-19202: Error occurred in XML processing USERS
Current log# 432 seq# 8934 mem# 0
DRG-10763: value idx_users_email is not a valid character set
Current log# 173 seq# 5640 mem# 0
Beginning log switch checkpoint up to RBA
Undo initialization finished
Completed checkpoint up to RBA
Completed checkpoint up to RBA
NZE-29189: No entry found in OID
Starting background process VKTM
Beginning log switch checkpoint up to RBA
PRIF-00016: invalid syntax for the iflist command option
Beginning log switch checkpoint up to RBA
Archived Log entry 479 added for thread 1 sequence 1843
Beginning log switch checkpoint up to RBA
Current log# 875 seq# 3648 mem# 0
Archived Log entry 799 added for thread 1 sequence 2936
ORA-31436: duplicate change source 3
Completed checkpoint up to RBA
Starting background process VKTM
ARC0: Archival started
ARC0: Archival started
PRKH-03013: An improper buffer argument was supplied to Cluster Synchronization Services
ARC0: Archival started
ARC0: Archival started
Archived Log entry 931 added for thread 1 sequence 3320
Archived Log entry 7 added for thread 1 sequence 1399
ARC0: Archival started
ORA-33030: (XSAGDNGL14) In AGGMAP workspace object , you can have either a single independent PROTECT statement or PROTECT statements in your RELATION statements.
Completed checkpoint up to RBA
Completed checkpoint up to RBA
Starting background process VKTM
PRVF-05405: The NTP configuration file "{0}" does not exist on all nodes
Completed checkpoint up to RBA
Archived Log entry 599 added for thread 1 sequence 1797
LPX-00101: parameter-entity markup cannot be split up
Completed checkpoint up to RBA
RMAN-06116: cannot crosscheck unavailable object
Errors in file /u01/app/oracle/diag/rdbms/ttprod/ttprod1/trace/ttprod1_ora_45466.trc
Beginning log switch checkpoint up to RBA
ARC0: Archival started
ARC0: Archival started
ARC0: Archival started
ARC0: Archival started
RMAN-08086: replaced script 3
Completed checkpoint up to RBA
Undo initialization finished
Completed checkpoint up to RBA
Current log# 295 seq# 9253 mem# 0
Current log# 683 seq# 1868 mem# 0
PRCD-01162: Invalid online relocation status {0}
Starting background process VKTM
ORA-06402: NETCMN: error receiving break message
Starting background process VKTM
Archived Log entry 231 added for thread 1 sequence 1715
Undo initialization finished
ORA-16089: archive log has already been registered
Current log# 165 seq# 5483 mem# 0
ARC0: Archival started
ARC0: Archival started
Undo initialization finished
ORA-10627: Dump the content of the index leaf block
Errors in file /u01/app/oracle/diag/rdbms/ttprod/ttprod1/trace/ttprod1_ora_32711.trc
Thread 1 advanced to log sequence 905
Beginning log switch checkpoint up to RBA
Beginning log switch checkpoint up to RBA
ORA-12628: TNS:no event callbacks
Errors in file /u01/app/oracle/diag/rdbms/ttprod/ttprod1/trace/ttprod1_ora_93551.trc
Starting background process VKTM
Current log# 72 seq# 3126 mem# 0
Thread 1 advanced to log sequence 422
Thread 1 advanced to log sequence 701
ORA-41013: instance name not specified
Archived Log entry 472 added for thread 1 sequence 7826
Beginning log switch checkpoint up to RBA
SCLC-01011: Failed to get Discovery Server reference, {0}
Archived Log entry 622 added for thread 1 sequence 1786
ORA-39795: Subtype index is not first attribute for object table or column, PK_CUSTOMER_ACCOUNTS .
Errors in file /u01/app/oracle/diag/rdbms/ttprod/ttprod1/trace/ttprod1_ora_78448.trc
Undo initialization finished
Starting background process VKTM
Starting background process VKTM
ARC0: Archival started
ARC0: Archival started
RMAN-08011: including current control file in backup set
Completed checkpoint up to RBA
ARC0: Archival started
NNL-00403: Number of answers: number
Errors in file /u01/app/oracle/diag/rdbms/ttprod/ttprod1/trace/ttprod1_ora_67852.trc
Current log# 376 seq# 7033 mem# 0
Beginning log switch checkpoint up to RBA
ORA-09775: osnmrs: reset protocol error
Current log# 768 seq# 7802 mem# 0
ARC0: Archival started
Thread 1 advanced to log sequence 999
Current log# 801 seq# 1468 mem# 0
DRG-50957: Missing <textquery> element in query template fk_order_customer
Completed checkpoint up to RBA
Archived Log entry 802 added for thread 1 sequence 7121
ARC0: Archival started
RMAN-06219: List of objects not associated with all known db_unique_names
Current log# 865 seq# 8385 mem# 0
Archived Log entry 899 added for thread 1 sequence 5173
Undo initialization finished
Completed checkpoint up to RBA
ORA-01206: file is not part of this database - wrong database id
Undo initialization finished
Archived Log entry 628 added for thread 1 sequence 3441
ORA-16307: TSE key pg_toast_12345 successfully applied
Errors in file /u01/app/oracle/diag/rdbms/ttprod/ttprod1/trace/ttprod1_ora_25478.trc
Thread 1 advanced to log sequence 814
Thread 1 advanced to log sequence 820
Completed checkpoint up to RBA
Undo initialization finished
ORA-09796: szrbuild: malloc of role name failed.
ARC0: Archival started
Beginning log switch checkpoint up to RBA
Current log# 465 seq# 3212 mem# 0
ORA-39921: Default Partition (Table) Tablespace SP2-0552 for 42 not contained in transportable set.
Errors in file /u01/app/oracle/diag/rdbms/ttprod/ttprod1/trace/ttprod1_ora_59100.trc
Current log# 962 seq# 4114 mem# 0
Completed checkpoint up to RBA
ORA-26021: index UNDOTBS1 . 42 partition NETWORK_OPS.SIM_INVENTORY loaded successfully with BILLING.CUST_ORDERS keys
ARC0: Archival started
ARC0: Archival started
PLS-01400: Use of '||' token
Undo initialization finished
ARC0: Archival started
Archived Log entry 173 added for thread 1 sequence 9074
Starting background process VKTM
Completed checkpoint up to RBA
ORA-26727: Cannot alter queue_to_queue property of existing propagation.
Thread 1 advanced to log sequence 659
Beginning log switch checkpoint up to RBA
LCD-00212: runaway quoted user_sessions [ reporting_schema ]
Starting background process VKTM
RMAN-06083: error when loading stored script /u01/app/oracle/oradata/ttprod/users01.dbf
ARC0: Archival started
ORA-19560: app_db is not a valid device limit name
Errors in file /u01/app/oracle/diag/rdbms/ttprod/ttprod1/trace/ttprod1_ora_55475.trc
Starting background process VKTM
TNS-01175: Password unchanged
Starting background process VKTM
ARC0: Archival started
Completed checkpoint up to RBA
NMP-00006: uninitialized SNMP context
Archived Log entry 374 added for thread 1 sequence 1995
Starting background process VKTM
Undo initialization finished
Starting background process VKTM
Starting background process VKTM
ORA-19299: XQST0066: A static error is raised if a Prolog contains more than one default element/type namespace declaration, or more than one default function namespace declaration
Errors in file /u01/app/oracle/diag/rdbms/ttprod/ttprod1/trace/ttprod1_ora_26063.trc
Thread 1 advanced to log sequence 550
Current log# 149 seq# 1317 mem# 0
Starting background process VKTM
Completed checkpoint up to RBA
PRVF-07501: Sufficient space is not available at location "{0}" on node "{1}" [Required space = {2}]
Completed checkpoint up to RBA
ARC0: Archival started
DRG-12441: counting the number of highlights failed
Beginning log switch checkpoint up to RBA
Archived Log entry 872 added for thread 1 sequence 2819
Completed checkpoint up to RBA
Completed checkpoint up to RBA
Starting background process VKTM
ORA-13504: No SYSAUX datafile clause specified
Thread 1 advanced to log sequence 823
Archived Log entry 428 added for thread 1 sequence 8836
ORA-32014: error processing parameter " NETWORK_OPS.SIM_INVENTORY " from the SPFILE restore image
Thread 1 advanced to log sequence 350
Thread 1 advanced to log sequence 63
RMAN-05045: Performing import of metadata...
Thread 1 advanced to log sequence 10
ARC0: Archival started
Thread 1 advanced to log sequence 151
Current log# 220 seq# 5746 mem# 0
ORA-38781: cannot disable media recovery - have guaranteed restore points
Errors in file /u01/app/oracle/diag/rdbms/ttprod/ttprod1/trace/ttprod1_ora_25395.trc
Completed checkpoint up to RBA
Archived Log entry 452 added for thread 1 sequence 7359
NNO-00614: enabling FORWARDING-DESIRED on system queries
Errors in file /u01/app/oracle/diag/rdbms/ttprod/ttprod1/trace/ttprod1_ora_64636.trc
Current log# 25 seq# 6908 mem# 0
Undo initialization finished
RMAN-08599: channel CDR_STAGING : throttle time: user_sessions
Starting background process VKTM
DRG-12008: Location has moved, continue?
Current log# 429 seq# 9782 mem# 0
Undo initialization finished
Thread 1 advanced to log sequence 844
PLS-00512: Implementation Restriction: ' shared pool ': Cannot directly access remote package variable or cursor
Beginning log switch checkpoint up to RBA
ORA-32107: internal OCI memory allocation failure
Errors in file /u01/app/oracle/diag/rdbms/ttprod/ttprod1/trace/ttprod1_ora_26457.trc
Undo initialization finished
Thread 1 advanced to log sequence 949
Current log# 888 seq# 8786 mem# 0
Completed checkpoint up to RBA
Thread 1 advanced to log sequence 897
ORA-36024: (XSHIERCK05) Valueset workspace object must contain values of one of the extra dimensions of relation workspace object .
Archived Log entry 297 added for thread 1 sequence 7505
Current log# 774 seq# 3315 mem# 0
Thread 1 advanced to log sequence 817
Starting background process VKTM
Current log# 380 seq# 8327 mem# 0
ORA-19509: failed to delete sequential file, handle=" CRM.CALL_DETAIL_RECORDS ", parms=" TNS_ADMIN "
Errors in file /u01/app/oracle/diag/rdbms/ttprod/ttprod1/trace/ttprod1_ora_47048.trc
Thread 1 advanced to log sequence 88
ARC0: Archival started
Current log# 338 seq# 5737 mem# 0
Thread 1 advanced to log sequence 111
ORA-19722: datafile shared pool is an incorrect version
Archived Log entry 907 added for thread 1 sequence 1042
Undo initialization finished
ARC0: Archival started
Undo initialization finished
OCI-04062: timestamp of user_sessions has been changed
Current log# 413 seq# 6117 mem# 0
Beginning log switch checkpoint up to RBA
Undo initialization finished
Archived Log entry 365 added for thread 1 sequence 3109
PRCD-01077: Failed to update the management policy for database {0}
Thread 1 advanced to log sequence 738
NZE-29007: Bad Clear Key Length when using SSL 2.0
Undo initialization finished
Undo initialization finished
Completed checkpoint up to RBA
ARC0: Archival started
KUP-11004: requested version user_sessions not supported by ORACLE_DATAPUMP
Errors in file /u01/app/oracle/diag/rdbms/ttprod/ttprod1/trace/ttprod1_ora_71252.trc
ARC0: Archival started
Archived Log entry 875 added for thread 1 sequence 3481
Current log# 473 seq# 2481 mem# 0
Starting background process VKTM
LFI-00146: copy does not expect the file DATA_TS01 . CRM.CALL_DETAIL_RECORDS to exist
Errors in file /u01/app/oracle/diag/rdbms/ttprod/ttprod1/trace/ttprod1_ora_37567.trc
Starting background process VKTM
Beginning log switch checkpoint up to RBA
Current log# 11 seq# 2338 mem# 0
Thread 1 advanced to log sequence 335
NDFN-00024: caught I/O exception: _SYSSMU7$
Thread 1 advanced to log sequence 872
ORA-37543: Hierarchy member DIMENSION_MEMBER is inconsistent across HIERARCHY1 and HIERARCHY2.
Errors in file /u01/app/oracle/diag/rdbms/ttprod/ttprod1/trace/ttprod1_ora_21997.trc
Beginning log switch checkpoint up to RBA
ARC0: Archival started
ORA-08413: invalid compiler type in FORMAT parameter at NETWORK_OPS.SIM_INVENTORY
Current log# 947 seq# 9267 mem# 0
Starting background process VKTM
Archived Log entry 403 added for thread 1 sequence 4860
Starting background process VKTM
Beginning log switch checkpoint up to RBA
ORA-30341: dropped level has references
Errors in file /u01/app/oracle/diag/rdbms/ttprod/ttprod1/trace/ttprod1_ora_24815.trc
ARC0: Archival started
Undo initialization finished
Completed checkpoint up to RBA
ORA-47304: error updating Role SYSAUX , APP_USER42
Starting background process VKTM
Completed checkpoint up to RBA
Beginning log switch checkpoint up to RBA
Current log# 781 seq# 9675 mem# 0
EXP-00087: Problem with internal hash table of schema/table names
Errors in file /u01/app/oracle/diag/rdbms/ttprod/ttprod1/trace/ttprod1_ora_63460.trc
Archived Log entry 955 added for thread 1 sequence 9971
RMAN-07515: File Name: _SYSSMU7$
Starting background process VKTM
ORA-44502: QMEL: Lock not found.
Errors in file /u01/app/oracle/diag/rdbms/ttprod/ttprod1/trace/ttprod1_ora_83624.trc
Thread 1 advanced to log sequence 54
Thread 1 advanced to log sequence 216
Undo initialization finished
Thread 1 advanced to log sequence 218
Archived Log entry 413 added for thread 1 sequence 6950
RMAN-06081: error reading datafile header for datafile session_1123 , code UNDOTBS1
Archived Log entry 665 added for thread 1 sequence 6044
RMAN-06773: connected to source recovery catalog database
Archived Log entry 144 added for thread 1 sequence 2654
PRVF-07617: Node connectivity between "{0}" and "{1}" failed
Beginning log switch checkpoint up to RBA
Undo initialization finished
XOQ-01703: error during parse of build process script: " BILLING.CUST_ORDERS ", " _SYSSMU7$ "
Errors in file /u01/app/oracle/diag/rdbms/ttprod/ttprod1/trace/ttprod1_ora_92706.trc
Current log# 118 seq# 1311 mem# 0
Archived Log entry 799 added for thread 1 sequence 6280
Thread 1 advanced to log sequence 150
ORA-07608: szprv: $GETUAI failure
Undo initialization finished
ARC0: Archival started
Thread 1 advanced to log sequence 638
Archived Log entry 936 added for thread 1 sequence 5898
PGU-41076: repeated TRACE or PKGEX parameter
Starting background process VKTM
ORA-19279: XPTY0004 - XQuery dynamic type mismatch: expected singleton sequence - got multi-item sequence
Completed checkpoint up to RBA
Thread 1 advanced to log sequence 567
Completed checkpoint up to RBA
RMAN-08610: channel user_sessions : restoring datafile fk_order_customer to session_1123
Current log# 377 seq# 3646 mem# 0
ORA-36710: (XSMXALLOC01) TARGETLOG variable workspace object must be dimensioned identically to TARGET variable workspace object .
Thread 1 advanced to log sequence 841
Current log# 649 seq# 9202 mem# 0
Beginning log switch checkpoint up to RBA
Current log# 832 seq# 5201 mem# 0
Starting background process VKTM
ORA-15060: template " TNS_ADMIN " does not exist
ARC0: Archival started
Archived Log entry 567 added for thread 1 sequence 4480
ARC0: Archival started
Completed checkpoint up to RBA
ORA-28673: Merge operation not allowed on an index-organized table
Undo initialization finished
Beginning log switch checkpoint up to RBA
ORA-39901: Partitioned table SYSAUX . pg_toast_12345 is partially contained in the transportable set.
Thread 1 advanced to log sequence 995
Undo initialization finished
Undo initialization finished
Beginning log switch checkpoint up to RBA
ORA-02470: TO_DATE, USERENV, or SYSDATE incorrectly used in hash expression.
Errors in file /u01/app/oracle/diag/rdbms/ttprod/ttprod1/trace/ttprod1_ora_88457.trc
Beginning log switch checkpoint up to RBA
Thread 1 advanced to log sequence 846
ARC0: Archival started
Current log# 731 seq# 7533 mem# 0
RMAN-08554: channel _SYSSMU12$ : restoring spfile from AUTOBACKUP UNDOTBS1
ARC0: Archival started
Starting background process VKTM
ARC0: Archival started
Current log# 667 seq# 1221 mem# 0
Archived Log entry 205 added for thread 1 sequence 8885
RMAN-06402: Oracle instance shut down
Thread 1 advanced to log sequence 562
ORA-24767: transaction branch prepare returns read-only
ARC0: Archival started
OCI-30157: An invalid argument was given to operating system call
Completed checkpoint up to RBA
Current log# 347 seq# 8675 mem# 0
Current log# 613 seq# 3925 mem# 0
Completed checkpoint up to RBA
Archived Log entry 214 added for thread 1 sequence 8859
ORA-13114: [ 3 ]_NODE$ table does not exist
Undo initialization finished
Archived Log entry 201 added for thread 1 sequence 1691
Starting background process VKTM
Current log# 7 seq# 1373 mem# 0
Starting background process VKTM
RMAN-06958: Executing: reporting_schema
Current log# 397 seq# 9523 mem# 0
Completed checkpoint up to RBA
QSM-02125: subquery join conditions don't meet requirements for capability
Beginning log switch checkpoint up to RBA
Archived Log entry 847 added for thread 1 sequence 2721
RMAN-00568: user interrupt received
Completed checkpoint up to RBA
Current log# 55 seq# 1287 mem# 0
Beginning log switch checkpoint up to RBA
Current log# 17 seq# 4441 mem# 0
ARC0: Archival started
PGU-30636: TIP generation: pg_toast_12345 BILLING.CUST_ORDERS , _SYSSMU12$ attribute value ( NETWORK_OPS.SIM_INVENTORY ) ignored
Starting background process VKTM
ORA-44501: QMEL: Too much concurrency.
Beginning log switch checkpoint up to RBA
ORA-16136: Managed Standby Recovery not active
Current log# 73 seq# 7202 mem# 0
Current log# 540 seq# 5379 mem# 0
Completed checkpoint up to RBA
Archived Log entry 50 added for thread 1 sequence 8308
ARC0: Archival started
DRG-50903: invalid weight UNDOTBS1
Thread 1 advanced to log sequence 690
Thread 1 advanced to log sequence 195
RMAN-08101: channel UNDOTBS1 : proxy validation complete
Thread 1 advanced to log sequence 98
Current log# 735 seq# 5447 mem# 0
Thread 1 advanced to log sequence 66
RMAN-05070: Running TRANSPORT_SET_CHECK on recovery set tablespaces
Beginning log switch checkpoint up to RBA
Archived Log entry 203 added for thread 1 sequence 3630
CRS-00015: An error occurred while attempting to flush file " pk_orders " during log file rotation. Additional diagnostics: pg_toast_12345
Current log# 437 seq# 8030 mem# 0
ORA-28280: Multiple entries for ORACLE database password exist.
Errors in file /u01/app/oracle/diag/rdbms/ttprod/ttprod1/trace/ttprod1_ora_13786.trc
Undo initialization finished
Beginning log switch checkpoint up to RBA
NID-00481: DBNEWID - Cancelled.
ARC0: Archival started
Starting background process VKTM
Beginning log switch checkpoint up to RBA
Completed checkpoint up to RBA
RMAN-06215: List of objects that must perform same operation at other database
Completed checkpoint up to RBA
Current log# 158 seq# 3886 mem# 0
Current log# 914 seq# 6057 mem# 0
Starting background process VKTM
ORA-14276: EXCHANGE SUBPARTITION requires a non-partitioned, non-clustered table
Errors in file /u01/app/oracle/diag/rdbms/ttprod/ttprod1/trace/ttprod1_ora_86653.trc
Current log# 806 seq# 9646 mem# 0
Starting background process VKTM
RMAN-06114: changed control file copy available
Current log# 910 seq# 7562 mem# 0
Archived Log entry 289 added for thread 1 sequence 5055
ORA-39920: Rollback segment ttprod1 in tablespace reporting_schema not allowed in transportable set.
Undo initialization finished
Beginning log switch checkpoint up to RBA
Archived Log entry 413 added for thread 1 sequence 5399
ARC0: Archival started
XOQ-02105: invalid XML element " TNS_ADMIN " for object " /u01/app/oracle/oradata/ttprod/users01.dbf "
Thread 1 advanced to log sequence 717
Current log# 678 seq# 2881 mem# 0
ORA-12850: Could not allocate slaves on all specified instances: app_db needed, _SYSSMU7$ allocated
Beginning log switch checkpoint up to RBA
Starting background process VKTM
Completed checkpoint up to RBA
Completed checkpoint up to RBA
Completed checkpoint up to RBA
ORA-10707: Simulate process death for instance registration
Starting background process VKTM
Undo initialization finished
Current log# 248 seq# 1599 mem# 0
Beginning log switch checkpoint up to RBA
INS-40943: Local node 42 could not be resolved using TCP/IP host name lookup. It is recommended that the local node is resolvable using TCP/IP lookup. This may avoid configuration failures at a later stage.
Starting background process VKTM
ORA-10943: trace name context forever
Archived Log entry 177 added for thread 1 sequence 9561
Starting background process VKTM
ORA-16143: RFS connections not allowed during or after terminal recovery
Thread 1 advanced to log sequence 833
Current log# 922 seq# 9809 mem# 0
Archived Log entry 766 added for thread 1 sequence 6242
Completed checkpoint up to RBA
Thread 1 advanced to log sequence 405
ORA-39114: Dump files are not supported for network jobs.
Completed checkpoint up to RBA
ORA-22997: VARRAY | OPAQUE stored as LOB is not specified at the table level
Errors in file /u01/app/oracle/diag/rdbms/ttprod/ttprod1/trace/ttprod1_ora_11035.trc
Thread 1 advanced to log sequence 516
ORA-16080: invalid LogMiner session _SYSSMU12$ for APPLY
Thread 1 advanced to log sequence 134
Beginning log switch checkpoint up to RBA
Beginning log switch checkpoint up to RBA
Starting background process VKTM
ORA-39907: Index INVOICE_LINES_IDX . reporting_schema in tablespace _SYSSMU7$ points to table UNDOTBS1 . UNDOTBS1 in tablespace CDR_STAGING .
ARC0: Archival started
Current log# 747 seq# 1970 mem# 0
ORA-31399: Cannot contact LDAP server 5000 at port number
Current log# 6 seq# 9505 mem# 0
Undo initialization finished
Starting background process VKTM
Completed checkpoint up to RBA
Starting background process VKTM
ORA-26925: cannot configure outbound server " _SYSSMU7$ " with capture " SYSAUX " because it is not using apply-state checkpoint
Undo initialization finished
Current log# 409 seq# 8710 mem# 0
PRVF-09667: CTSS is in Observer state. Switching over to Windows-specific time synchronization checks
ARC0: Archival started
Archived Log entry 909 added for thread 1 sequence 3572
Beginning log switch checkpoint up to RBA
RMAN-06521: archived logs required to recover from this backup will expire when this backup expires
Undo initialization finished
RMAN-08186: tempfile SYSAUX size altered in control file
ARC0: Archival started
ARC0: Archival started
Undo initialization finished
Thread 1 advanced to log sequence 954
Starting background process VKTM
ORA-01544: cannot drop system rollback segment
Errors in file /u01/app/oracle/diag/rdbms/ttprod/ttprod1/trace/ttprod1_ora_38001.trc
Current log# 974 seq# 9597 mem# 0
Archived Log entry 301 added for thread 1 sequence 3367
Undo initialization finished
Undo initialization finished
Thread 1 advanced to log sequence 658
ORA-16222: automatic Logical Standby retry of last action
Archived Log entry 546 added for thread 1 sequence 8232
Thread 1 advanced to log sequence 569
Undo initialization finished
ORA-00285: TIME not given as a SYSAUX constant
Completed checkpoint up to RBA
Completed checkpoint up to RBA
ORA-14142: ALTER INDEX VISIBLE|INVISIBLE may not be used with certain types of index
ARC0: Archival started
Beginning log switch checkpoint up to RBA
ARC0: Archival started
Starting background process VKTM
Thread 1 advanced to log sequence 175
ORA-12986: columns in partially dropped state. Submit ALTER TABLE DROP COLUMNS CONTINUE
Beginning log switch checkpoint up to RBA
KUP-04078: invalid file name specified: app_db
Errors in file /u01/app/oracle/diag/rdbms/ttprod/ttprod1/trace/ttprod1_ora_11238.trc
Beginning log switch checkpoint up to RBA
Current log# 563 seq# 6790 mem# 0
DRG-11218: malformed mail line, line CRM.CALL_DETAIL_RECORDS
Completed checkpoint up to RBA
Undo initialization finished
Beginning log switch checkpoint up to RBA
ORA-12609: TNS: Receive timeout occurred
Beginning log switch checkpoint up to RBA
Beginning log switch checkpoint up to RBA
Starting background process VKTM
Current log# 917 seq# 3510 mem# 0
PLS-00543: a PLSQL Table may not contain a nested table type or VARRAY.
Archived Log entry 665 added for thread 1 sequence 8292
Completed checkpoint up to RBA
ARC0: Archival started
ARC0: Archival started
ORA-39912: Partitioned index app_db . 17 in tablespace NETWORK_OPS.SIM_INVENTORY points to table CRM.CALL_DETAIL_RECORDS . 1024 in tablespace BILLING.CUST_ORDERS outside of transportable set.
Current log# 286 seq# 3341 mem# 0
Beginning log switch checkpoint up to RBA
NZE-28799: failure to allocate shared memory
Errors in file /u01/app/oracle/diag/rdbms/ttprod/ttprod1/trace/ttprod1_ora_80722.trc
ARC0: Archival started
Thread 1 advanced to log sequence 406
Completed checkpoint up to RBA
ARC0: Archival started
IMG-00854: internal image data free failed
Archived Log entry 264 added for thread 1 sequence 4568
ARC0: Archival started
Undo initialization finished
Archived Log entry 25 added for thread 1 sequence 3302
Current log# 512 seq# 5100 mem# 0
PRCN-02064: Found {0} VIPs for {1}
Errors in file /u01/app/oracle/diag/rdbms/ttprod/ttprod1/trace/ttprod1_ora_58633.trc
ARC0: Archival started
Archived Log entry 362 added for thread 1 sequence 3876
ORA-33282: (DBERR11) Cannot wait for analytic workspace 1024 to become available since doing so would cause a deadlock.
Completed checkpoint up to RBA
ORA-13800: concurrent DDL failure on SQL repository objects
Undo initialization finished
Starting background process VKTM
ARC0: Archival started
Starting background process VKTM
RMAN-20246: new db_unique_name is already known to the recovery catalog
Completed checkpoint up to RBA
Beginning log switch checkpoint up to RBA
Beginning log switch checkpoint up to RBA
ORA-54500: invalid combination of elements
Beginning log switch checkpoint up to RBA
Current log# 896 seq# 5929 mem# 0
Beginning log switch checkpoint up to RBA
Archived Log entry 712 added for thread 1 sequence 4928
XOQ-02209: cannot process aggregation " SP2-0552 ": APP_USER42
Archived Log entry 500 added for thread 1 sequence 1834
Completed checkpoint up to RBA
Archived Log entry 724 added for thread 1 sequence 4630
Starting background process VKTM
Undo initialization finished
ORA-51190: Internal error [ pg_toast_12345 ], [ 17 ] from DBMS_IR
Starting background process VKTM
RMAN-08610: channel PK_CUSTOMER_ACCOUNTS : restoring datafile app_db to ttstandby01
Completed checkpoint up to RBA
Thread 1 advanced to log sequence 112
Beginning log switch checkpoint up to RBA
Starting background process VKTM
RMAN-06102: no channel to restore a backup or copy of archived log for thread number with sequence number and starting SCN of 42
Thread 1 advanced to log sequence 17
ORA-39923: Default Composite Partition (Table) Tablespace _SYSSMU12$ for ttprod2 not contained in transportable set.
Undo initialization finished
Undo initialization finished
NNL-01077: Save Config on Stop user_sessions
Errors in file /u01/app/oracle/diag/rdbms/ttprod/ttprod1/trace/ttprod1_ora_90854.trc
Undo initialization finished
ARC0: Archival started
ORA-54024: expression column is not supported for an organization cube table
Undo initialization finished
Current log# 855 seq# 5906 mem# 0
ARC0: Archival started
Beginning log switch checkpoint up to RBA
Undo initialization finished
RMAN-06607: RMAN configuration parameters for database with db_unique_name ttprod1 are:
ARC0: Archival started
Archived Log entry 623 added for thread 1 sequence 2161
Beginning log switch checkpoint up to RBA
Thread 1 advanced to log sequence 777
PRCD-01214: Administrator-managed RAC database {0} has more than one instance
Errors in file /u01/app/oracle/diag/rdbms/ttprod/ttprod1/trace/ttprod1_ora_73515.trc
Beginning log switch checkpoint up to RBA
RMAN-06201: Deleted 3 objects
Starting background process VKTM
Thread 1 advanced to log sequence 99
TNS-00287: Min Connect Time (secs) : number
Current log# 737 seq# 4941 mem# 0
Archived Log entry 923 added for thread 1 sequence 3105
Beginning log switch checkpoint up to RBA
CRS-01207: There are no more restart attempts left for resource USERS . Restart the resource manually using the crsctl command.
Beginning log switch checkpoint up to RBA
Thread 1 advanced to log sequence 73
Undo initialization finished
DRG-52200: invalid state during export
Thread 1 advanced to log sequence 225
Thread 1 advanced to log sequence 591
Completed checkpoint up to RBA
Beginning log switch checkpoint up to RBA
RMAN-20507: some targets are remote - aborting restore
Starting background process VKTM
Completed checkpoint up to RBA
Starting background process VKTM
Starting background process VKTM
ORA-38740: Usable blocks value UNDOTBS1 is not valid.
Starting background process VKTM
Archived Log entry 321 added for thread 1 sequence 9902
Thread 1 advanced to log sequence 150
Undo initialization finished
Thread 1 advanced to log sequence 721
DRG-13717: Null entry or alternate form in user dict
Current log# 391 seq# 6145 mem# 0
ARC0: Archival started
ORA-30152: File does not exist
Current log# 214 seq# 5235 mem# 0
Undo initialization finished
Starting background process VKTM
Current log# 943 seq# 9621 mem# 0
PRVF-04661: Found inconsistent 'hosts' entry in /etc/nsswitch.conf on node {0}
ARC0: Archival started
Current log# 416 seq# 3699 mem# 0
PROC-00031: Storage device for the cluster registry is too small
Beginning log switch checkpoint up to RBA
Undo initialization finished
Completed checkpoint up to RBA
ARC0: Archival started
Archived Log entry 140 added for thread 1 sequence 8488
ORA-13838: invalid ADDRESS value
Completed checkpoint up to RBA
Thread 1 advanced to log sequence 298
ORA-19884: datafile BILLING.CUST_ORDERS is unable to use Unused Block Optimization because tablespace has been dropped
ARC0: Archival started
Beginning log switch checkpoint up to RBA
Starting background process VKTM
Thread 1 advanced to log sequence 635
Starting background process VKTM
RMAN-06787: WARNING: TAG fk_order_customer option is ignored; backups will be tagged with ttprod2
Completed checkpoint up to RBA
Beginning log switch checkpoint up to RBA
ORA-02307: cannot alter with REPLACE option a type that is not valid
Current log# 666 seq# 5264 mem# 0
Undo initialization finished
Thread 1 advanced to log sequence 775
CLSR-00517: Failed to register a service name
Errors in file /u01/app/oracle/diag/rdbms/ttprod/ttprod1/trace/ttprod1_ora_39196.trc
Starting background process VKTM
ORA-32643: invalid use of window function in MODEL rule
Starting background process VKTM
INS-32118: Proxy information required for the connection to My Oracle Support is not provided.
Undo initialization finished
ARC0: Archival started
Archived Log entry 765 added for thread 1 sequence 3445
Thread 1 advanced to log sequence 877
RMAN-06819: current log archived at primary database
Archived Log entry 592 added for thread 1 sequence 7502
Thread 1 advanced to log sequence 738
Completed checkpoint up to RBA
Undo initialization finished
ARC0: Archival started
INS-01003: Copy failed as the source path ttstandby01 do not correspond to a file.
Current log# 55 seq# 6512 mem# 0
ORA-22910: cannot specify schema name for nested tables
Current log# 540 seq# 3478 mem# 0
Archived Log entry 527 added for thread 1 sequence 3067
Archived Log entry 734 added for thread 1 sequence 9549
Current log# 958 seq# 3640 mem# 0
Completed checkpoint up to RBA
RMAN-08118: WARNING: could not delete the following archived redo log
Errors in file /u01/app/oracle/diag/rdbms/ttprod/ttprod1/trace/ttprod1_ora_37250.trc
Completed checkpoint up to RBA
Beginning log switch checkpoint up to RBA
ORA-16733: error executing DBMS_LOGSTDBY.UNSKIP procedure
Errors in file /u01/app/oracle/diag/rdbms/ttprod/ttprod1/trace/ttprod1_ora_55183.trc
ARC0: Archival started
Current log# 43 seq# 8802 mem# 0
Beginning log switch checkpoint up to RBA
Starting background process VKTM
Beginning log switch checkpoint up to RBA
CRS-10035: invalid name server ' 42 ' specified in command line
Completed checkpoint up to RBA
Thread 1 advanced to log sequence 709
ORA-30729: maximum number of columns exceeded
Errors in file /u01/app/oracle/diag/rdbms/ttprod/ttprod1/trace/ttprod1_ora_20261.trc
Archived Log entry 566 added for thread 1 sequence 6796
Undo initialization finished
ARC0: Archival started
Completed checkpoint up to RBA
RMAN-07215: Automated Repair Options
Errors in file /u01/app/oracle/diag/rdbms/ttprod/ttprod1/trace/ttprod1_ora_96691.trc
Beginning log switch checkpoint up to RBA
Thread 1 advanced to log sequence 181
ARC0: Archival started
Thread 1 advanced to log sequence 532
Thread 1 advanced to log sequence 552
PLS-00313: ' /u01/app/oracle/oradata/ttprod/users01.dbf ' not declared in this scope
Undo initialization finished
Starting background process VKTM
ORA-15462: STRIPE_WIDTH of shared pool bytes is greater than the maximum of shared pool bytes
Undo initialization finished
Current log# 103 seq# 4027 mem# 0
ARC0: Archival started
Thread 1 advanced to log sequence 86
ORA-15053: diskgroup " fk_order_customer " contains existing files
Completed checkpoint up to RBA
Current log# 248 seq# 2015 mem# 0
Thread 1 advanced to log sequence 63
Starting background process VKTM
ORA-16821: logical standby database dictionary not yet loaded
Archived Log entry 600 added for thread 1 sequence 8169
PGU-00337: missing instance name
Starting background process VKTM
ARC0: Archival started
Archived Log entry 239 added for thread 1 sequence 8491
Beginning log switch checkpoint up to RBA
ARC0: Archival started
LPX-01054: [XQST0054] The variable depends on itself
Starting background process VKTM
ARC0: Archival started
ORA-10563: Test recovery had to corrupt data block (file# pg_toast_12345 , block# 17 ) in order to proceed
Thread 1 advanced to log sequence 344
Current log# 202 seq# 1596 mem# 0
Thread 1 advanced to log sequence 324
Beginning log switch checkpoint up to RBA
ARC0: Archival started
OCI-30158: The OCIFileWrite causes the file to exceed the maximum allowed size
Current log# 635 seq# 9185 mem# 0
Current log# 615 seq# 3284 mem# 0
Current log# 655 seq# 6343 mem# 0
ORA-36696: (XSRELTBL02) QDR dimension workspace object should not be the related dimension of the relation.
Errors in file /u01/app/oracle/diag/rdbms/ttprod/ttprod1/trace/ttprod1_ora_14063.trc
Beginning log switch checkpoint up to RBA
Completed checkpoint up to RBA
Thread 1 advanced to log sequence 298
RMAN-08608: Initiated recall for the following list of remote backup files
Archived Log entry 105 added for thread 1 sequence 7144
ARC0: Archival started
Thread 1 advanced to log sequence 962
Archived Log entry 344 added for thread 1 sequence 5592
ARC0: Archival started
NID-00304: Datafile pk_orders - reverted
Errors in file /u01/app/oracle/diag/rdbms/ttprod/ttprod1/trace/ttprod1_ora_24450.trc
Beginning log switch checkpoint up to RBA
OCI-01890: NLS error detected
Beginning log switch checkpoint up to RBA
Thread 1 advanced to log sequence 917
CLST-01103: existing configuration version ( reporting_schema ) detected
Current log# 717 seq# 1694 mem# 0
Thread 1 advanced to log sequence 798
Starting background process VKTM
ARC0: Archival started
ORA-15025: could not open disk " NETWORK_OPS.SIM_INVENTORY "
Beginning log switch checkpoint up to RBA
Undo initialization finished
ARC0: Archival started
ORA-39923: Default Composite Partition (Table) Tablespace BILLING.CUST_ORDERS for user_sessions not contained in transportable set.
Undo initialization finished
Starting background process VKTM
NID-00415: Change of database name and database ID failed.
Current log# 216 seq# 9094 mem# 0
Completed checkpoint up to RBA
Starting background process VKTM
ORA-12704: character set mismatch
Beginning log switch checkpoint up to RBA
ORA-25504: the system is already in quiesced state
Thread 1 advanced to log sequence 559
ORA-32307: must use FROM ONLY clause when referencing an object table
Errors in file /u01/app/oracle/diag/rdbms/ttprod/ttprod1/trace/ttprod1_ora_94529.trc
Thread 1 advanced to log sequence 568
ARC0: Archival started
ORA-31223: DBMS_LDAP: cannot open more than CRM.CALL_DETAIL_RECORDS LDAP server connections
Completed checkpoint up to RBA
PRCO-00016: Cluster node membership interface for retrieving nodes list returned error code number
Completed checkpoint up to RBA
Starting background process VKTM
Beginning log switch checkpoint up to RBA
PGA-20932: invalid function code, CDR_STAGING , passed to pgatctl
Beginning log switch checkpoint up to RBA
ORA-02717: osnpfs: incorrect number of bytes written
Errors in file /u01/app/oracle/diag/rdbms/ttprod/ttprod1/trace/ttprod1_ora_31505.trc
Archived Log entry 302 added for thread 1 sequence 5662
ARC0: Archival started
Thread 1 advanced to log sequence 721
ORA-16075: standby database destination mismatch
Beginning log switch checkpoint up to RBA
Completed checkpoint up to RBA
Thread 1 advanced to log sequence 469
Current log# 358 seq# 5014 mem# 0
Completed checkpoint up to RBA
PRKO-02005: Failure in getting Cluster Database Configuration for:
ARC0: Archival started
Beginning log switch checkpoint up to RBA
ORA-23324: error idx_users_email , while creating deferror entry at " idx_users_email " with error 1024
Completed checkpoint up to RBA
ARC0: Archival started
Current log# 207 seq# 9625 mem# 0
ARC0: Archival started
Starting background process VKTM
ORA-41304: Failed to connect to file driver
Errors in file /u01/app/oracle/diag/rdbms/ttprod/ttprod1/trace/ttprod1_ora_89290.trc
ARC0: Archival started
Completed checkpoint up to RBA
Starting background process VKTM
Current log# 870 seq# 7570 mem# 0
DRG-13702: Rule not found
ARC0: Archival started
ORA-38754: FLASHBACK DATABASE not started; required redo log is not available
Archived Log entry 293 added for thread 1 sequence 7759
KUP-04006: file operation failed
Current log# 893 seq# 6932 mem# 0
Starting background process VKTM
Completed checkpoint up to RBA
Thread 1 advanced to log sequence 72
ORA-16114: applying DDL transaction with commit SCN shared pool
Archived Log entry 200 added for thread 1 sequence 9665
Archived Log entry 348 added for thread 1 sequence 3598
Current log# 368 seq# 5173 mem# 0
ORA-10482: Automatic block repair cannot repair an offline or read-only data file
Starting background process VKTM
Current log# 431 seq# 2441 mem# 0
Current log# 339 seq# 1213 mem# 0
Thread 1 advanced to log sequence 215
RMAN-07505: no files found to be unknown to the database
Starting background process VKTM
Undo initialization finished
Thread 1 advanced to log sequence 113
ORA-00215: must be at least one control file
Starting background process VKTM
Starting background process VKTM
Thread 1 advanced to log sequence 48
Thread 1 advanced to log sequence 474
ORA-24758: not attached to the requested transaction
Undo initialization finished
Archived Log entry 76 added for thread 1 sequence 4442
Undo initialization finished
ARC0: Archival started
Starting background process VKTM
XOQ-01756: Member " 17 " appears inconsistently in level " ttprod1 " across hierarchies of dimension " DATA_TS01 ".
Thread 1 advanced to log sequence 185
Current log# 940 seq# 6766 mem# 0
Completed checkpoint up to RBA
ORA-30995: DOM streams operations cannot be performed on null/invalid node
Beginning log switch checkpoint up to RBA
Thread 1 advanced to log sequence 847
ORA-38756: Flashback is already turned off for this tablespace.
Completed checkpoint up to RBA
ORA-15162: cluster in rolling downgrade
ARC0: Archival started
Completed checkpoint up to RBA
ORA-39125: Worker unexpected fatal error in APP_USER42 while calling 3 [ SYSAUX ]
Beginning log switch checkpoint up to RBA
PCC-02101: Unable to open input file
Current log# 603 seq# 4877 mem# 0
PLS-00182: Identifier cannot be an empty shared pool
Archived Log entry 979 added for thread 1 sequence 2587
Beginning log switch checkpoint up to RBA
ORA-31632: master table " 1024 . 3 " not found, invalid, or inaccessible
Beginning log switch checkpoint up to RBA
Archived Log entry 770 added for thread 1 sequence 8068
Starting background process VKTM
Undo initialization finished
ORA-48196: OS command to release advisory lock failed
Errors in file /u01/app/oracle/diag/rdbms/ttprod/ttprod1/trace/ttprod1_ora_34736.trc
Archived Log entry 774 added for thread 1 sequence 6633
Archived Log entry 347 added for thread 1 sequence 4762
Completed checkpoint up to RBA
ORA-39122: Unprivileged users may not perform SP2-0552 remappings.
Errors in file /u01/app/oracle/diag/rdbms/ttprod/ttprod1/trace/ttprod1_ora_87757.trc
Archived Log entry 918 added for thread 1 sequence 1838
Undo initialization finished
ORA-41619: rule manager feature currently not supported
Archived Log entry 694 added for thread 1 sequence 1763
Archived Log entry 611 added for thread 1 sequence 5697
ORA-13784: cannot accept SQL profiles for all statements in the " USERS "
Archived Log entry 168 added for thread 1 sequence 3093
Starting background process VKTM
ARC0: Archival started
Starting background process VKTM
Archived Log entry 112 added for thread 1 sequence 9721
ORA-30996: Streams operations over non-existent stream
Current log# 950 seq# 3428 mem# 0
Current log# 121 seq# 3254 mem# 0
Completed checkpoint up to RBA
JMS-00242: Illegal attempt to enqueue message with both immediate visibility and three phase enqueue process.
Undo initialization finished
ARC0: Archival started
Undo initialization finished
Completed checkpoint up to RBA
Archived Log entry 861 added for thread 1 sequence 6405
ORA-09882: sstasfre/sstasdel: shmctl error, unable to remove tas shm page
Starting background process VKTM
Completed checkpoint up to RBA
Completed checkpoint up to RBA
Current log# 54 seq# 7506 mem# 0
JMS-00425: Property name must be specified
Undo initialization finished
Thread 1 advanced to log sequence 980
CLST-02904: failure PK_CUSTOMER_ACCOUNTS in SCLS API at INVOICE_LINES_IDX
Starting background process VKTM
Undo initialization finished
Archived Log entry 724 added for thread 1 sequence 2660
Current log# 724 seq# 6619 mem# 0
PRCD-01183: Failed to upgrade configuration of service type to version {0}
Undo initialization finished
Current log# 960 seq# 6187 mem# 0
Undo initialization finished
LSX-00136: "maxOccurs" is less than "minOccurs"
Errors in file /u01/app/oracle/diag/rdbms/ttprod/ttprod1/trace/ttprod1_ora_36097.trc
Starting background process VKTM
Starting background process VKTM
Starting background process VKTM
DRG-13014: base table has rows with language column value USERS
Starting background process VKTM
Undo initialization finished
Current log# 143 seq# 4213 mem# 0
Current log# 322 seq# 6850 mem# 0
ORA-28403: file NETWORK_OPS.SIM_INVENTORY cannot be modified because it is an online data file
Thread 1 advanced to log sequence 698
ARC0: Archival started
ARC0: Archival started
ARC0: Archival started
Beginning log switch checkpoint up to RBA
ORA-02308: invalid option session_1123 for object type column
Starting background process VKTM
ARC0: Archival started
ORA-37076: (XSMCSESS04) workspace object is not the type of dimension that can have session-only values. Valid types are TEXT, NTEXT, ID, NUMBER, and CONCAT with the UNIQUE attribute.
Current log# 575 seq# 5407 mem# 0
Archived Log entry 466 added for thread 1 sequence 1291
Archived Log entry 172 added for thread 1 sequence 9466
Undo initialization finished
Archived Log entry 553 added for thread 1 sequence 1601
PROT-00034: The Oracle Cluster Registry location to be deleted is not configured
Archived Log entry 312 added for thread 1 sequence 3478
Archived Log entry 557 added for thread 1 sequence 8733
ARC0: Archival started
Undo initialization finished
ORA-39793: Attribute " NETWORK_OPS.SIM_INVENTORY " is not unique within the hierarchy being loaded.
Starting background process VKTM
Starting background process VKTM
Current log# 748 seq# 9110 mem# 0
Completed checkpoint up to RBA
ORA-39924: Default Composite Partition (Index) Tablespace ttprod2 for DATA_TS01 not contained in transportable set.
Current log# 899 seq# 1307 mem# 0
Starting background process VKTM
Archived Log entry 542 added for thread 1 sequence 8954
Starting background process VKTM
ORA-00139: duplicate attribute app_db
Thread 1 advanced to log sequence 747
ORA-32800: internal error CRM.CALL_DETAIL_RECORDS
Thread 1 advanced to log sequence 281
ARC0: Archival started
Thread 1 advanced to log sequence 212
ORA-14629: cannot drop the only subpartition of a partition
Undo initialization finished
Undo initialization finished
Completed checkpoint up to RBA
Undo initialization finished
RMAN-05601: Failed to restore original settings to server parameter file
ARC0: Archival started
ARC0: Archival started
ARC0: Archival started
Archived Log entry 349 added for thread 1 sequence 9064
Completed checkpoint up to RBA
ORA-13367: wrong orientation for interior/exterior rings
Beginning log switch checkpoint up to RBA
DRG-12512: invalid stop class UNDOTBS1
Thread 1 advanced to log sequence 132
RMAN-20501: redo logs from parent database incarnation cannot be applied
ARC0: Archival started
Completed checkpoint up to RBA
Thread 1 advanced to log sequence 748
Beginning log switch checkpoint up to RBA
ORA-00117: PROTOCOL, ADDRESS or DESCRIPTION must be specified
ARC0: Archival started
Starting background process VKTM
Current log# 167 seq# 4715 mem# 0
Undo initialization finished
RMAN-08000: channel 42 : copied datafile shared pool
Errors in file /u01/app/oracle/diag/rdbms/ttprod/ttprod1/trace/ttprod1_ora_86264.trc
Beginning log switch checkpoint up to RBA
Archived Log entry 838 added for thread 1 sequence 4962
Archived Log entry 493 added for thread 1 sequence 7567
RMAN-08123: keep attributes for the datafile/control file copy are deleted
ARC0: Archival started
ORA-26059: Data is too large for column reporting_schema
Beginning log switch checkpoint up to RBA
Undo initialization finished
Undo initialization finished
ORA-09747: pw_detachPorts: server call pws_detach failed.
Archived Log entry 908 added for thread 1 sequence 9385
Current log# 969 seq# 6668 mem# 0
Current log# 472 seq# 1578 mem# 0
XOQ-01717: illegal parent for calculated member " 42 "
Errors in file /u01/app/oracle/diag/rdbms/ttprod/ttprod1/trace/ttprod1_ora_33045.trc
Archived Log entry 290 added for thread 1 sequence 3965
NNO-00332: warning: region store serial number reduced from number to number
Errors in file /u01/app/oracle/diag/rdbms/ttprod/ttprod1/trace/ttprod1_ora_55091.trc
Undo initialization finished
Beginning log switch checkpoint up to RBA
Starting background process VKTM
Current log# 839 seq# 9198 mem# 0
Current log# 492 seq# 7262 mem# 0
ORA-30180: argument index is too large
ARC0: Archival started
Beginning log switch checkpoint up to RBA
Starting background process VKTM
Starting background process VKTM
Beginning log switch checkpoint up to RBA
NNO-00256: using administrative region " pk_orders "
Errors in file /u01/app/oracle/diag/rdbms/ttprod/ttprod1/trace/ttprod1_ora_92058.trc
Completed checkpoint up to RBA
Completed checkpoint up to RBA
ARC0: Archival started
Archived Log entry 528 added for thread 1 sequence 6287
Current log# 714 seq# 1026 mem# 0
NZE-28864: SSL connection closed gracefully
Errors in file /u01/app/oracle/diag/rdbms/ttprod/ttprod1/trace/ttprod1_ora_83256.trc
Current log# 315 seq# 2246 mem# 0
ARC0: Archival started
Archived Log entry 880 added for thread 1 sequence 1692
EXP-00073: dump file size too small
Completed checkpoint up to RBA
Starting background process VKTM
ARC0: Archival started
Completed checkpoint up to RBA
Beginning log switch checkpoint up to RBA
PCB-00101: Could not find or open system configuration file
Thread 1 advanced to log sequence 941
ARC0: Archival started
Beginning log switch checkpoint up to RBA
Archived Log entry 192 added for thread 1 sequence 8801
ORA-25147: UNIFORM SIZE value greater than maximum extent size
Current log# 816 seq# 1057 mem# 0
Thread 1 advanced to log sequence 210
RMAN-06102: no channel to restore a backup or copy of archived log for thread number with sequence number and starting SCN of user_sessions
Starting background process VKTM
Undo initialization finished
Undo initialization finished
ARC0: Archival started
Archived Log entry 106 added for thread 1 sequence 6303
ORA-25236: buffer too small for user data
Current log# 375 seq# 2887 mem# 0
ORA-04011: sequence ttprod1 must range between pg_toast_12345 and 17
Undo initialization finished
IMG-00713: unsupported destination image format
Beginning log switch checkpoint up to RBA
Beginning log switch checkpoint up to RBA
Archived Log entry 697 added for thread 1 sequence 2150
ARC0: Archival started
ORA-00243: failed to expand control file filename section by user_sessions records
Errors in file /u01/app/oracle/diag/rdbms/ttprod/ttprod1/trace/ttprod1_ora_47626.trc
Undo initialization finished
Archived Log entry 904 added for thread 1 sequence 5268
CLST-01901: configuring TCP ports reporting_schema , ttstandby01 , pg_toast_12345 , and SP2-0552
Errors in file /u01/app/oracle/diag/rdbms/ttprod/ttprod1/trace/ttprod1_ora_61330.trc
Archived Log entry 82 added for thread 1 sequence 7420
Starting background process VKTM
Undo initialization finished
EVM-00701: Check that the event is registered and you are authorized to post it
Beginning log switch checkpoint up to RBA
ORA-29507: query derived from USING clause found zero or many rows
ARC0: Archival started
Starting background process VKTM
Beginning log switch checkpoint up to RBA
Completed checkpoint up to RBA
LCD-00114: illegal boolean response [ 3 ]
Undo initialization finished
Undo initialization finished
CLST-03200: internal error: [ BILLING.CUST_ORDERS ] [ USERS ] [ USERS ] [ user_sessions ] [ fk_order_customer ]
Completed checkpoint up to RBA
Starting background process VKTM
Completed checkpoint up to RBA
ARC0: Archival started
Undo initialization finished
ORA-40385: Target has more than two categories
Completed checkpoint up to RBA
DIA-48217: Out of Space on Device
Current log# 38 seq# 5975 mem# 0
Current log# 221 seq# 9663 mem# 0
Undo initialization finished
TNS-00109: Message could not be printed; not enough memory
Current log# 199 seq# 8956 mem# 0
Beginning log switch checkpoint up to RBA
Completed checkpoint up to RBA
Beginning log switch checkpoint up to RBA
ARC0: Archival started
ORA-48243: Additional Fields must be declared nulls allowed
Completed checkpoint up to RBA
Current log# 609 seq# 1414 mem# 0
Current log# 820 seq# 7425 mem# 0
CRS-02597: Server ' 42 ' may not be moved to pool ' 42 '
Archived Log entry 347 added for thread 1 sequence 9373
Archived Log entry 425 added for thread 1 sequence 1529
PGA-21105: startup for local LU UNDOTBS1 is warm
Thread 1 advanced to log sequence 192
Starting background process VKTM
Undo initialization finished
ORA-02047: cannot join the distributed transaction in progress
Archived Log entry 453 added for thread 1 sequence 2313
ARC0: Archival started
PLS-01402: Use of quoted identifier
Current log# 961 seq# 6974 mem# 0
Beginning log switch checkpoint up to RBA
Completed checkpoint up to RBA
Completed checkpoint up to RBA
NNL-00566: set|show log_file_name [<filename>] [<server_list>] : set|show the log file name on one or more servers
Completed checkpoint up to RBA
Completed checkpoint up to RBA
Archived Log entry 456 added for thread 1 sequence 9008
Archived Log entry 234 added for thread 1 sequence 7923
ORA-07222: slspool: line printer spooler command exited with an error.
Starting background process VKTM
Beginning log switch checkpoint up to RBA
ORA-01476: Divisor is equal to zero
Undo initialization finished
Completed checkpoint up to RBA
ORA-23501: refresh template cannot be instantiated for database with compatibilty equal to or less than 8.0
Beginning log switch checkpoint up to RBA
Undo initialization finished
Current log# 257 seq# 3358 mem# 0
Beginning log switch checkpoint up to RBA
ORA-29383: all leaves of top-plan PK_CUSTOMER_ACCOUNTS must be consumer groups
Archived Log entry 44 added for thread 1 sequence 5356
Beginning log switch checkpoint up to RBA
Starting background process VKTM
Current log# 954 seq# 2038 mem# 0
Current log# 663 seq# 9887 mem# 0
RMAN-05046: Export completed
Current log# 27 seq# 6075 mem# 0
ORA-00370: potential deadlock during kcbchange operation
Archived Log entry 462 added for thread 1 sequence 5788
ARC0: Archival started
Beginning log switch checkpoint up to RBA
ORA-06960: Failed to access log file
Undo initialization finished
Completed checkpoint up to RBA
ORA-00130: invalid listener address ' reporting_schema '
Completed checkpoint up to RBA
Undo initialization finished
Undo initialization finished
Thread 1 advanced to log sequence 359
ORA-12636: Packet send failed
Thread 1 advanced to log sequence 277
Archived Log entry 700 added for thread 1 sequence 3540
Archived Log entry 633 added for thread 1 sequence 1824
ORA-09771: osnmwrtbrkmsg: bad return code from msg_send.
Undo initialization finished
Beginning log switch checkpoint up to RBA
Thread 1 advanced to log sequence 587
Thread 1 advanced to log sequence 259
Current log# 122 seq# 7347 mem# 0
ORA-42005: invalid type of redefinition method
Undo initialization finished
Current log# 737 seq# 5392 mem# 0
Undo initialization finished
Completed checkpoint up to RBA
RMAN-06131: SKIP OFFLINE/READONLY only allowed with current control file
Beginning log switch checkpoint up to RBA
ARC0: Archival started
Thread 1 advanced to log sequence 804
PGA-21100: RRM initializing for local LU user_sessions
Current log# 47 seq# 6973 mem# 0
Beginning log switch checkpoint up to RBA
Starting background process VKTM
ARC0: Archival started
Thread 1 advanced to log sequence 146
INS-40917: Host name cannot be in IP Address format.
Current log# 549 seq# 8576 mem# 0
ORA-48130: invalid lock parameters for get file lock [ session_1123 ]
Archived Log entry 197 added for thread 1 sequence 5391
Thread 1 advanced to log sequence 973
Beginning log switch checkpoint up to RBA
NNO-00304: listen address CRM.CALL_DETAIL_RECORDS length 5000 exceeds maximum of fk_order_customer
Beginning log switch checkpoint up to RBA
ARC0: Archival started
CRS-00006: file rotation processing continues for file: " idx_users_email "
Completed checkpoint up to RBA
Current log# 897 seq# 3988 mem# 0
ORA-25293: Lob attributes must be null for buffered operations
Errors in file /u01/app/oracle/diag/rdbms/ttprod/ttprod1/trace/ttprod1_ora_74190.trc
Beginning log switch checkpoint up to RBA
Completed checkpoint up to RBA
TNS-01184: Listener rejected registration or update of service handler " 5000 "
Thread 1 advanced to log sequence 729
RMAN-05601: Failed to restore original settings to server parameter file
Errors in file /u01/app/oracle/diag/rdbms/ttprod/ttprod1/trace/ttprod1_ora_20504.trc
Undo initialization finished
PLS-01406: An identifier has been found that is considered a keyword in ANSI's grammar but not in PL/SQL's
Current log# 443 seq# 5227 mem# 0
Current log# 251 seq# 7614 mem# 0
ARC0: Archival started
Undo initialization finished
Starting background process VKTM
DRG-11131: Error from Oracle XML parser: DATA_TS01
Completed checkpoint up to RBA
Archived Log entry 171 added for thread 1 sequence 9991
Undo initialization finished
RMAN-08161: contents of Memory Script:
ARC0: Archival started
Thread 1 advanced to log sequence 610
ORA-39938: Operation not supported, tablespace _SYSSMU12$ contains binary XML data.
Thread 1 advanced to log sequence 991
Undo initialization finished
CRS-01642: Node number is using a different CSS configuration from the one used by this node; this node is terminating to preserve integrity; details at /u01/app/oracle/oradata/ttprod/users01.dbf in USERS
Starting background process VKTM
Completed checkpoint up to RBA
ORA-12482: internal MLS error: PK_CUSTOMER_ACCOUNTS Error: NETWORK_OPS.SIM_INVENTORY
Errors in file /u01/app/oracle/diag/rdbms/ttprod/ttprod1/trace/ttprod1_ora_60513.trc
Archived Log entry 257 added for thread 1 sequence 2699
Starting background process VKTM
Beginning log switch checkpoint up to RBA
Current log# 966 seq# 4234 mem# 0
Archived Log entry 558 added for thread 1 sequence 6523
RMAN-06425: <datafile pathname not available>
Errors in file /u01/app/oracle/diag/rdbms/ttprod/ttprod1/trace/ttprod1_ora_10451.trc
Undo initialization finished
Starting background process VKTM
Thread 1 advanced to log sequence 615
ARC0: Archival started
CRS-01210: Cluster Ready Service failed to update group data. Details at SYSAUX in user_sessions .
Starting background process VKTM
Beginning log switch checkpoint up to RBA
ORA-02751: osnfsmmap: cannot map shared memory file
Completed checkpoint up to RBA
Undo initialization finished
Undo initialization finished
NZE-28767: invalid version number
Starting background process VKTM
Archived Log entry 513 added for thread 1 sequence 5873
Completed checkpoint up to RBA
TNS-00260: -------------------------------------------------------------------
Beginning log switch checkpoint up to RBA
Current log# 556 seq# 3502 mem# 0
ORA-16736: unable to find the destination entry of standby database " 3 " in V$ARCHIVE_DEST
ARC0: Archival started
ARC0: Archival started
Starting background process VKTM
CRS-08017: location: ttprod1 has number reboot advisory log files, number were announced and number errors occurred
Current log# 955 seq# 5667 mem# 0
ARC0: Archival started
Undo initialization finished
Beginning log switch checkpoint up to RBA
Beginning log switch checkpoint up to RBA
ORA-36176: (XSMXAGGR25) Relation workspace object must be a one-dimensional self-relation to be used as a weight for AGGREGATE.
Errors in file /u01/app/oracle/diag/rdbms/ttprod/ttprod1/trace/ttprod1_ora_97766.trc
ARC0: Archival started
Beginning log switch checkpoint up to RBA
Current log# 232 seq# 1979 mem# 0
Completed checkpoint up to RBA
Current log# 590 seq# 1118 mem# 0
ORA-16110: user procedure processing of logical standby apply DDL
Thread 1 advanced to log sequence 656
ORA-48437: No IPS commands are input
Starting background process VKTM
DRG-11337: Index does not have SEPARATE_OFFSETS set
Archived Log entry 753 added for thread 1 sequence 5229
Thread 1 advanced to log sequence 880
Beginning log switch checkpoint up to RBA
ORA-12502: TNS:listener received no CONNECT_DATA from client
Undo initialization finished
Starting background process VKTM
Undo initialization finished
Completed checkpoint up to RBA
PGU-41083: data definition app_db version number deleted from PG DD
Current log# 193 seq# 6636 mem# 0
Beginning log switch checkpoint up to RBA
Completed checkpoint up to RBA
Beginning log switch checkpoint up to RBA
ORA-01311: Illegal invocation of the mine_value function
Current log# 739 seq# 5006 mem# 0
Thread 1 advanced to log sequence 48
ARC0: Archival started
Current log# 982 seq# 5663 mem# 0
Thread 1 advanced to log sequence 847
ORA-12159: TNS:trace file not writeable
Beginning log switch checkpoint up to RBA
DRG-51020: out of memory in fuzzy matcher
Errors in file /u01/app/oracle/diag/rdbms/ttprod/ttprod1/trace/ttprod1_ora_54989.trc
Current log# 273 seq# 5264 mem# 0
Archived Log entry 319 added for thread 1 sequence 2229
Archived Log entry 569 added for thread 1 sequence 6783
Completed checkpoint up to RBA
ORA-37542: DIMENSION_MEMBER makes hierarchy HIERARCHY1 unbalanced.
Thread 1 advanced to log sequence 97
ORA-35171: you may not signal error number 17 with the SIGNAL command
Completed checkpoint up to RBA
ORA-33305: (DBVALID06) Note: Record number was allocated but not used. This can result in wasted space. (PS number )
Starting background process VKTM
RMAN-06158: validation succeeded for archived log
Errors in file /u01/app/oracle/diag/rdbms/ttprod/ttprod1/trace/ttprod1_ora_26158.trc
Current log# 276 seq# 6770 mem# 0
ARC0: Archival started
CLST-01304: node deletion successful
ARC0: Archival started
ARC0: Archival started
ORA-13375: the layer is of type [ idx_users_email ] while geometry inserted has type [ USERS ]
Beginning log switch checkpoint up to RBA
Starting background process VKTM
Beginning log switch checkpoint up to RBA
Completed checkpoint up to RBA
RMAN-06209: List of failed objects
ARC0: Archival started
Completed checkpoint up to RBA
Current log# 882 seq# 8866 mem# 0
Current log# 411 seq# 1934 mem# 0
OCI-01874: time zone hour must be between -12 and 14
Beginning log switch checkpoint up to RBA
Current log# 206 seq# 8599 mem# 0
ARC0: Archival started
Starting background process VKTM
Thread 1 advanced to log sequence 512
OCI-04068: existing state of packages CDR_STAGING BILLING.CUST_ORDERS SP2-0552 has been discarded
Undo initialization finished
PCC-00016: Unable to open a cursor at line number in file idx_users_email
Starting background process VKTM
Undo initialization finished
RMAN-08141: channel pk_orders : specifying datafile(s) for validation
Thread 1 advanced to log sequence 713
ORA-30930: NOCYCLE keyword is required with CONNECT_BY_ISCYCLE pseudocolumn
ARC0: Archival started
Starting background process VKTM
Starting background process VKTM
Archived Log entry 851 added for thread 1 sequence 7740
Archived Log entry 511 added for thread 1 sequence 4169
ORA-27603: Cell storage I/O error, I/O failed on disk USERS at offset PK_CUSTOMER_ACCOUNTS for data length USERS
Beginning log switch checkpoint up to RBA
Beginning log switch checkpoint up to RBA
Starting background process VKTM
Starting background process VKTM
CRS-10041: subnet ' pg_toast_12345 ' is not configured on the node
Undo initialization finished
Beginning log switch checkpoint up to RBA
ORA-12597: TNS:connect descriptor already in use
Thread 1 advanced to log sequence 154
Undo initialization finished
Beginning log switch checkpoint up to RBA
Completed checkpoint up to RBA
ORA-44311: service BILLING.CUST_ORDERS not running
Errors in file /u01/app/oracle/diag/rdbms/ttprod/ttprod1/trace/ttprod1_ora_25664.trc
Thread 1 advanced to log sequence 741
ARC0: Archival started
Undo initialization finished
Undo initialization finished
INS-35092: The service name provided for RAC One cannot be the same as the global database name.
Thread 1 advanced to log sequence 559
Starting background process VKTM
ARC0: Archival started
Beginning log switch checkpoint up to RBA
ARC0: Archival started
ORA-12602: TNS: Connection Pooling limit reached
Beginning log switch checkpoint up to RBA
Starting background process VKTM
Thread 1 advanced to log sequence 698
Starting background process VKTM
Archived Log entry 214 added for thread 1 sequence 1485
JMS-00223: Payload factory must be null for destinations with Sys.AnyData payload - use typemap instead
Thread 1 advanced to log sequence 827
Beginning log switch checkpoint up to RBA
ARC0: Archival started
ORA-28392: invalid close wallet syntax
ARC0: Archival started
Beginning log switch checkpoint up to RBA
ARC0: Archival started
ORA-38854: cannot mark instance session_1123 (redo thread _SYSSMU7$ ) as disabled
Current log# 294 seq# 6766 mem# 0
Current log# 977 seq# 3004 mem# 0
INS-41319: File(s) 42 already exist(s).
ARC0: Archival started
Beginning log switch checkpoint up to RBA
ORA-47986: password length must be 8 characters or more
ARC0: Archival started
ORA-02400: explain plan output buffer size limit exceeded
Errors in file /u01/app/oracle/diag/rdbms/ttprod/ttprod1/trace/ttprod1_ora_99661.trc
Starting background process VKTM
Undo initialization finished
Beginning log switch checkpoint up to RBA
Undo initialization finished
ORA-19042: Enclosing tag large pool cannot be xml in any case combination
Completed checkpoint up to RBA
DRG-11808: Reset Content
Thread 1 advanced to log sequence 293
ARC0: Archival started
PRCA-01021: Unable to retrieve ACFS file system for the volume device {0}
ARC0: Archival started
Completed checkpoint up to RBA
Beginning log switch checkpoint up to RBA
Beginning log switch checkpoint up to RBA
LSX-00213: only ~1d occurrences of particle "~2S", minimum is ~3d
Archived Log entry 932 added for thread 1 sequence 8012
Current log# 506 seq# 8674 mem# 0
ORA-02455: The number of cluster key column must be 1
Starting background process VKTM
Archived Log entry 300 added for thread 1 sequence 4796
NZE-28863: SSL session not found
Errors in file /u01/app/oracle/diag/rdbms/ttprod/ttprod1/trace/ttprod1_ora_92935.trc
Starting background process VKTM
Completed checkpoint up to RBA
Undo initialization finished
Undo initialization finished
RMAN-06606: RMAN configuration parameters are successfully reset to default value
Archived Log entry 89 added for thread 1 sequence 3187
Archived Log entry 87 added for thread 1 sequence 6471
RMAN-08106: channel fk_order_customer : restoring block(s)
Current log# 812 seq# 8154 mem# 0
Thread 1 advanced to log sequence 816
ORA-41030: Session id not specified
Starting background process VKTM
Thread 1 advanced to log sequence 855
Archived Log entry 835 added for thread 1 sequence 4271
ORA-31207: DBMS_LDAP: PL/SQL - Invalid LDAP search time value.
Starting background process VKTM
ARC0: Archival started
Starting background process VKTM
Beginning log switch checkpoint up to RBA
RMAN-06036: datafile number is already restored to file TNS_ADMIN
Starting background process VKTM
Starting background process VKTM
Archived Log entry 630 added for thread 1 sequence 4265
Completed checkpoint up to RBA
Current log# 728 seq# 4196 mem# 0
RMAN-06483: changed datafile copy expired
Undo initialization finished
Current log# 120 seq# 4596 mem# 0
Beginning log switch checkpoint up to RBA
ARC0: Archival started
Starting background process VKTM
ORA-24776: cannot start a new transaction
Archived Log entry 518 added for thread 1 sequence 1439
ORA-12675: External user name not available yet
Thread 1 advanced to log sequence 454
Current log# 2 seq# 7377 mem# 0
Starting background process VKTM
PRVF-04095: Unable to reach any of the nodes
ARC0: Archival started
Starting background process VKTM
Beginning log switch checkpoint up to RBA
Current log# 588 seq# 3980 mem# 0
Undo initialization finished
CLSR-01011: Invalid instance startup mode [ _SYSSMU7$ ] is specified
Completed checkpoint up to RBA
ARC0: Archival started
Completed checkpoint up to RBA
Thread 1 advanced to log sequence 696
Thread 1 advanced to log sequence 484
ORA-38865: cannot create restore point for a future SCN or time.
Archived Log entry 525 added for thread 1 sequence 9195
Undo initialization finished
Completed checkpoint up to RBA
Beginning log switch checkpoint up to RBA
RMAN-08614: channel user_sessions : errors found reading piece handle= fk_order_customer
Undo initialization finished
Archived Log entry 613 added for thread 1 sequence 4167
Thread 1 advanced to log sequence 19
Archived Log entry 701 added for thread 1 sequence 9466
Thread 1 advanced to log sequence 380
ORA-30687: session terminated by debugger
Archived Log entry 165 added for thread 1 sequence 2687
Archived Log entry 508 added for thread 1 sequence 7239
Current log# 460 seq# 1178 mem# 0
ORA-29952: cannot issue DDL on a domain index partition marked as LOADING
Starting background process VKTM
Starting background process VKTM
ARC0: Archival started
ORA-25119: LOGGING/NOLOGGING option already specified
Thread 1 advanced to log sequence 586
Undo initialization finished
ARC0: Archival started
ORA-13146: could not find table substitution variable USERS
Starting background process VKTM
KUP-04049: record number discarded from file SP2-0552
Errors in file /u01/app/oracle/diag/rdbms/ttprod/ttprod1/trace/ttprod1_ora_25723.trc
Current log# 611 seq# 6125 mem# 0
Beginning log switch checkpoint up to RBA
Completed checkpoint up to RBA
Completed checkpoint up to RBA
IMG-00735: incorrect transparencyFillColor values
ARC0: Archival started
OCI-31083: error while creating SQL type " fk_order_customer "." NETWORK_OPS.SIM_INVENTORY "
Undo initialization finished
Undo initialization finished
Undo initialization finished
Thread 1 advanced to log sequence 825
NNO-00322: statistic counter dump interval changed to number seconds
ARC0: Archival started
ARC0: Archival started
INS-42004: No free drive letters available
Current log# 833 seq# 3472 mem# 0
Completed checkpoint up to RBA
Current log# 732 seq# 8094 mem# 0
Undo initialization finished
ORA-19911: datafile 5000 contains future changes at the incarnation boundary
Beginning log switch checkpoint up to RBA
Undo initialization finished
ORA-31020: The operation is not allowed, Reason: 42
Undo initialization finished
Beginning log switch checkpoint up to RBA
Thread 1 advanced to log sequence 210
Beginning log switch checkpoint up to RBA
TNS-00012: INTCTL: error while processing Connection Manager request
Completed checkpoint up to RBA
ORA-12829: Deadlock - itls occupied by siblings at block 3 of file large pool
Archived Log entry 412 added for thread 1 sequence 6879
Undo initialization finished
ORA-32032: free temporary object number not available
Current log# 214 seq# 5686 mem# 0
ARC0: Archival started
Starting background process VKTM
Undo initialization finished
Completed checkpoint up to RBA
TNS-12648: Encryption or data integrity algorithm list empty
ARC0: Archival started
TNS-01201: Listener cannot find executable _SYSSMU7$ for SID 5000
Starting background process VKTM
UDI-00015: invalid context or job state for parameter, ' CDR_STAGING '.
Completed checkpoint up to RBA
Completed checkpoint up to RBA
Current log# 967 seq# 6854 mem# 0
Current log# 375 seq# 4201 mem# 0
ORA-29862: cannot specify FORCE option for dropping non-domain index
Beginning log switch checkpoint up to RBA
RMAN-05047: Import completed
Undo initialization finished
Thread 1 advanced to log sequence 213
LFI-00129: Invalid option SYSAUX were specified on an input only file.
Starting background process VKTM
Starting background process VKTM
PRVF-05439: NTP daemon does not have slewing option "{0}" set on node "{1}"
Beginning log switch checkpoint up to RBA
Starting background process VKTM
Completed checkpoint up to RBA
PRKO-03242: The '-s <state_file>' option value "{0}" is a directory
Starting background process VKTM
Thread 1 advanced to log sequence 33
ORA-29527: created Java source idx_users_email " ttprod2 "
Completed checkpoint up to RBA
Beginning log switch checkpoint up to RBA
ARC0: Archival started
Current log# 370 seq# 3930 mem# 0
Beginning log switch checkpoint up to RBA
NNC-00421: invalid modification directive ttstandby01 , must be between _SYSSMU7$ and NETWORK_OPS.SIM_INVENTORY
Archived Log entry 865 added for thread 1 sequence 9134
Beginning log switch checkpoint up to RBA
Current log# 907 seq# 5126 mem# 0
Starting background process VKTM
Completed checkpoint up to RBA
ORA-31071: Invalid database username or GUID user_sessions
Errors in file /u01/app/oracle/diag/rdbms/ttprod/ttprod1/trace/ttprod1_ora_76349.trc
Beginning log switch checkpoint up to RBA
Undo initialization finished
Archived Log entry 823 added for thread 1 sequence 3275
DRG-50925: could not parse return value of PL/SQL
Current log# 117 seq# 7141 mem# 0
Undo initialization finished
ARC0: Archival started
ORA-26724: only SYS is allowed to set the Capture or Apply user to SYS.
Errors in file /u01/app/oracle/diag/rdbms/ttprod/ttprod1/trace/ttprod1_ora_41502.trc
Thread 1 advanced to log sequence 345
Completed checkpoint up to RBA
ORA-12061: invalid ALTER MATERIALIZED VIEW option
Completed checkpoint up to RBA
Completed checkpoint up to RBA
Beginning log switch checkpoint up to RBA
Completed checkpoint up to RBA
Beginning log switch checkpoint up to RBA
ORA-12040: master rollback segment option not support by master site CRM.CALL_DETAIL_RECORDS
Starting background process VKTM
Current log# 658 seq# 9380 mem# 0
Thread 1 advanced to log sequence 491
Archived Log entry 159 added for thread 1 sequence 1645
Starting background process VKTM
ORA-24149: invalid rule name
Beginning log switch checkpoint up to RBA
Current log# 673 seq# 2114 mem# 0
Completed checkpoint up to RBA
NNO-00328: server has reset statistic counters to zero
ARC0: Archival started
Undo initialization finished
Beginning log switch checkpoint up to RBA
ORA-44003: invalid SQL name
Completed checkpoint up to RBA
Undo initialization finished
ARC0: Archival started
Archived Log entry 462 added for thread 1 sequence 5232
Undo initialization finished
ORA-02144: no option specified for ALTER CLUSTER
ARC0: Archival started
Completed checkpoint up to RBA
Thread 1 advanced to log sequence 325
Beginning log switch checkpoint up to RBA
RMAN-06212: Object Type Filename/Handle
Starting background process VKTM
Thread 1 advanced to log sequence 861
Completed checkpoint up to RBA
ARC0: Archival started
Current log# 646 seq# 3258 mem# 0
ORA-23656: Timeout occurred while ttstandby01 PK_CUSTOMER_ACCOUNTS process large pool
Thread 1 advanced to log sequence 236
Completed checkpoint up to RBA
Archived Log entry 80 added for thread 1 sequence 6978
Current log# 675 seq# 7965 mem# 0
ARC0: Archival started
PCC-00110: Oracle extension to the WHENEVER statement
Undo initialization finished
ARC0: Archival started
Current log# 109 seq# 2888 mem# 0
ARC0: Archival started
ARC0: Archival started
XOQ-01411: attribute mapping not defined for hierarchy "( SYSAUX )"
Thread 1 advanced to log sequence 599
Completed checkpoint up to RBA
ORA-36698: (XSRELTBL03) QDR dimension workspace object should be in the dimension list that dimensions the relation.
Thread 1 advanced to log sequence 601
Current log# 908 seq# 1719 mem# 0
ORA-16401: archive log rejected by Remote File Server (RFS)
Completed checkpoint up to RBA
ORA-39928: /u01/app/oracle/oradata/ttprod/users01.dbf PK_CUSTOMER_ACCOUNTS . 1024 in tablespace large pool contains evolved type data that have not been upgraded.
ARC0: Archival started
Starting background process VKTM
Starting background process VKTM
Thread 1 advanced to log sequence 647
PGU-39502: DD rc %4li, number CDR_STAGING UNDOTBS1 17 _SYSSMU7$
Beginning log switch checkpoint up to RBA
Beginning log switch checkpoint up to RBA
Starting background process VKTM
Archived Log entry 813 added for thread 1 sequence 6243
ORA-00706: error changing format of file ' _SYSSMU12$ '
Undo initialization finished
ARC0: Archival started
Archived Log entry 447 added for thread 1 sequence 3878
XOQ-01999: More than one ORDER BY element is specified in the CUSTOMORDER clause.
Starting background process VKTM
Current log# 349 seq# 1707 mem# 0
ORA-07598: spwat: $SETIMR failure
Beginning log switch checkpoint up to RBA
Current log# 438 seq# 1513 mem# 0
RMAN-12015: configuration for TNS_ADMIN channel number is ignored
Archived Log entry 749 added for thread 1 sequence 3321
Archived Log entry 886 added for thread 1 sequence 9626
Current log# 707 seq# 2909 mem# 0
Archived Log entry 754 added for thread 1 sequence 7610
Thread 1 advanced to log sequence 213
CRS-02511: Attribute ' fk_order_customer ' cannot be specified on per-X basis for resource ' user_sessions '
Undo initialization finished
DRG-50917: escape on at end of text query 1024
Undo initialization finished
ARC0: Archival started
Beginning log switch checkpoint up to RBA
Thread 1 advanced to log sequence 335
ORA-25472: maximum open iterators exceeded
Errors in file /u01/app/oracle/diag/rdbms/ttprod/ttprod1/trace/ttprod1_ora_84445.trc
Completed checkpoint up to RBA
PGA-21016: RRM initialization failed for LU USERS
Current log# 142 seq# 8641 mem# 0
ARC0: Archival started
ARC0: Archival started
ARC0: Archival started
NID-00104: Need to specify TARGET connection parameter in command line
Errors in file /u01/app/oracle/diag/rdbms/ttprod/ttprod1/trace/ttprod1_ora_95908.trc
Starting background process VKTM
Thread 1 advanced to log sequence 549
ARC0: Archival started
Current log# 586 seq# 7031 mem# 0
ARC0: Archival started
TNS-00081: * trace_on - ask process name to turn tracing on
Errors in file /u01/app/oracle/diag/rdbms/ttprod/ttprod1/trace/ttprod1_ora_34718.trc
Current log# 267 seq# 7553 mem# 0
DRG-12011: Authentication failed - retry?
Starting background process VKTM
Undo initialization finished
Completed checkpoint up to RBA
Beginning log switch checkpoint up to RBA
ORA-28137: Invalid FGA audit Handler
Thread 1 advanced to log sequence 753
Current log# 982 seq# 1386 mem# 0
ORA-02352: error setting an OCI attribute: reporting_schema
Archived Log entry 892 added for thread 1 sequence 7494
ORA-64140: missing chaining XMLTABLE for VIRTUAL column in the index
Starting background process VKTM
Beginning log switch checkpoint up to RBA
Undo initialization finished
ARC0: Archival started
ORA-01635: rollback segment # APP_USER42 specified not available
Starting background process VKTM
CRS-02304: GPnP profile signature verification failed. reporting_schema request aborted.
Current log# 491 seq# 6348 mem# 0
Starting background process VKTM
Completed checkpoint up to RBA
Undo initialization finished
ARC0: Archival started
ORA-29981: Cannot register query: conflicting DDL in progress
Beginning log switch checkpoint up to RBA
ORA-53408: The DICOM object encoding is wrong pk_orders .
ARC0: Archival started
ORA-38747: corrupt before image (file# DATA_TS01 , block# 17 )
Archived Log entry 102 added for thread 1 sequence 2575
Undo initialization finished
Current log# 981 seq# 8372 mem# 0
Archived Log entry 368 added for thread 1 sequence 9006
Undo initialization finished
CRS-01332: Could not get security attribute for system key ' TNS_ADMIN ' in OLR. Details at DATA_TS01 in SP2-0552 .
Beginning log switch checkpoint up to RBA
Current log# 223 seq# 4063 mem# 0
ORA-29307: datafile CRM.CALL_DETAIL_RECORDS error, _SYSSMU12$
Errors in file /u01/app/oracle/diag/rdbms/ttprod/ttprod1/trace/ttprod1_ora_52680.trc
Starting background process VKTM
ORA-40301: invalid cost matrix specification
Archived Log entry 758 added for thread 1 sequence 8311
Completed checkpoint up to RBA
Undo initialization finished
ORA-46002: Privilege " ttprod1 " is not valid in Data Security Document for " reporting_schema "
Errors in file /u01/app/oracle/diag/rdbms/ttprod/ttprod1/trace/ttprod1_ora_43446.trc
ARC0: Archival started
Current log# 163 seq# 2124 mem# 0
Archived Log entry 601 added for thread 1 sequence 1720
Thread 1 advanced to log sequence 724
ORA-36399: (XSSPROPDTYPE) The data type of property TNS_ADMIN must be session_1123 .
Thread 1 advanced to log sequence 589
ARC0: Archival started
Current log# 483 seq# 4156 mem# 0
Beginning log switch checkpoint up to RBA
Thread 1 advanced to log sequence 747
ORA-39119: worker process interrupt for delete worker processes call by master process
Errors in file /u01/app/oracle/diag/rdbms/ttprod/ttprod1/trace/ttprod1_ora_67312.trc
Beginning log switch checkpoint up to RBA
Thread 1 advanced to log sequence 349
Archived Log entry 965 added for thread 1 sequence 3332
Starting background process VKTM
ORA-39933: Parent table ttstandby01 . PK_CUSTOMER_ACCOUNTS and its nested table columns are not fully contained in the transportable set.
Completed checkpoint up to RBA
Starting background process VKTM
Beginning log switch checkpoint up to RBA
Current log# 158 seq# 4203 mem# 0
ARC0: Archival started
JMS-00222: Invalid Payload factory type
Undo initialization finished
Beginning log switch checkpoint up to RBA
Starting background process VKTM
DIA-48509: Error occurred during operation. See the following errors
Thread 1 advanced to log sequence 116
Archived Log entry 744 added for thread 1 sequence 5617
Undo initialization finished
Completed checkpoint up to RBA
Beginning log switch checkpoint up to RBA
NID-00397: Changing database name from ttprod1 to 42
Errors in file /u01/app/oracle/diag/rdbms/ttprod/ttprod1/trace/ttprod1_ora_57981.trc
Starting background process VKTM
Archived Log entry 409 added for thread 1 sequence 1856
NID-00450: Succesfully changed database name and ID.
Archived Log entry 973 added for thread 1 sequence 8579
Beginning log switch checkpoint up to RBA
Beginning log switch checkpoint up to RBA
ORA-10902: disable seghdr conversion for ro operation
Undo initialization finished
Starting background process VKTM
Beginning log switch checkpoint up to RBA
ORA-29336: Internal error [ 5000 ] [ fk_order_customer ] from DBMS_PLUGTS
Thread 1 advanced to log sequence 3
Current log# 964 seq# 9601 mem# 0
Beginning log switch checkpoint up to RBA
Starting background process VKTM
DRG-11711: too much data for term APP_USER42
Starting background process VKTM
Completed checkpoint up to RBA
TNS-00235: Aborting connection: Protocol Apapter errors: _SYSSMU7$ ; number , number large pool ; number , number
ARC0: Archival started
Archived Log entry 526 added for thread 1 sequence 6078
Current log# 345 seq# 9512 mem# 0
Starting background process VKTM
ORA-39915: Partition fk_order_customer of table NETWORK_OPS.SIM_INVENTORY . reporting_schema in tablespace pg_toast_12345 points to LOB segment 3 . PK_CUSTOMER_ACCOUNTS in tablespace UNDOTBS1 .
Undo initialization finished
Current log# 541 seq# 5561 mem# 0
ARC0: Archival started
Beginning log switch checkpoint up to RBA
ORA-40293: input class is invalid for the specified predictive model
Beginning log switch checkpoint up to RBA
Completed checkpoint up to RBA
Thread 1 advanced to log sequence 76
PRKU-01039: Can't deconfigure Oracle Restart before removing or downgrading managed Oracle databases.
Errors in file /u01/app/oracle/diag/rdbms/ttprod/ttprod1/trace/ttprod1_ora_92763.trc
Current log# 179 seq# 5124 mem# 0
Current log# 959 seq# 2430 mem# 0
Current log# 311 seq# 3022 mem# 0
Completed checkpoint up to RBA
ORA-01935: missing user or role name
Archived Log entry 443 added for thread 1 sequence 5999
Thread 1 advanced to log sequence 376
Thread 1 advanced to log sequence 575
Undo initialization finished
PRKO-02421: Network resource is already started on node(s): {0}
Current log# 282 seq# 5363 mem# 0
Beginning log switch checkpoint up to RBA
Thread 1 advanced to log sequence 655
Archived Log entry 646 added for thread 1 sequence 5762
RMAN-06006: connected to target database: ttprod1 (not mounted)
Starting background process VKTM
Beginning log switch checkpoint up to RBA
Undo initialization finished
Starting background process VKTM
Current log# 661 seq# 7895 mem# 0
ORA-48459: "describe" command only supports one ADR home path
Archived Log entry 826 added for thread 1 sequence 4240
Completed checkpoint up to RBA
Beginning log switch checkpoint up to RBA
PROC-00101: Operating System error [ USERS ]
