Wed Jul 01 15:00:00 2026
ARC0: Archival started
Archived Log entry 539 added for thread 1 sequence 9607
Thread 1 advanced to log sequence 31
Thread 1 advanced to log sequence 432
Beginning log switch checkpoint up to RBA
NNC-00404: supplied buffer of size idx_users_email is smaller than minimum size session_1123
Archived Log entry 500 added for thread 1 sequence 3406
Thread 1 advanced to log sequence 77
Starting background process VKTM
Starting background process VKTM
XOQ-02003: Expression " PK_CUSTOMER_ACCOUNTS " is only valid within a model.
Current log# 1 seq# 4548 mem# 0
PRCH-01053: Failed while checking status of Network "{0}"
Errors in file /u01/app/oracle/diag/rdbms/ttprod/ttprod1/trace/ttprod1_ora_34204.trc
Archived Log entry 749 added for thread 1 sequence 4401
Current log# 739 seq# 3842 mem# 0
ARC0: Archival started
Current log# 321 seq# 8930 mem# 0
Completed checkpoint up to RBA
PCC-02457: Unable to open Outline LOG file
Starting background process VKTM
ARC0: Archival started
Thread 1 advanced to log sequence 574
ORA-55494: input model set may only have a unique VPD policy
Archived Log entry 98 added for thread 1 sequence 5147
Archived Log entry 440 added for thread 1 sequence 2711
Thread 1 advanced to log sequence 246
ORA-16242: Processing log file (thread# pk_orders , sequence# UNDOTBS1 )
Starting background process VKTM
Undo initialization finished
ORA-19005: Duplicate XMLType LOB storage option
Undo initialization finished
Archived Log entry 3 added for thread 1 sequence 6378
Current log# 461 seq# 8865 mem# 0
ORA-23496: can not change disabled status for " pg_toast_12345 " and " DATA_TS01 "
ARC0: Archival started
ORA-12083: must use DROP MATERIALIZED VIEW to drop " NETWORK_OPS.SIM_INVENTORY "." 5000 "
ARC0: Archival started
Completed checkpoint up to RBA
ARC0: Archival started
Archived Log entry 144 added for thread 1 sequence 5157
Current log# 3 seq# 7559 mem# 0
ORA-56608: DRCP: Server Group feature is not supported
Errors in file /u01/app/oracle/diag/rdbms/ttprod/ttprod1/trace/ttprod1_ora_85074.trc
ARC0: Archival started
ORA-10572: Test recovery canceled due to errors
Starting background process VKTM
Thread 1 advanced to log sequence 370
Thread 1 advanced to log sequence 409
RMAN-03015: error occurred in stored script _SYSSMU12$
ARC0: Archival started
Undo initialization finished
Archived Log entry 357 added for thread 1 sequence 4296
Beginning log switch checkpoint up to RBA
Undo initialization finished
INS-20813: reporting_schema not found
Beginning log switch checkpoint up to RBA
ORA-28071: The action is not valid.
Undo initialization finished
Thread 1 advanced to log sequence 538
ARC0: Archival started
Starting background process VKTM
ORA-06701: TLI Driver: incorrect number of bytes written
Current log# 909 seq# 5953 mem# 0
ORA-23384: replication parallel push pk_orders argument out of range
Errors in file /u01/app/oracle/diag/rdbms/ttprod/ttprod1/trace/ttprod1_ora_88506.trc
Beginning log switch checkpoint up to RBA
Current log# 578 seq# 2518 mem# 0
Undo initialization finished
Starting background process VKTM
ORA-16551: short INVOICE_LINES_IDX copied
Completed checkpoint up to RBA
Beginning log switch checkpoint up to RBA
KUP-04041: error generating full file name for idx_users_email in PK_CUSTOMER_ACCOUNTS
Current log# 822 seq# 4920 mem# 0
ARC0: Archival started
Beginning log switch checkpoint up to RBA
Thread 1 advanced to log sequence 18
Starting background process VKTM
ORA-29879: cannot create multiple domain indexes on a column list using same indextype
ARC0: Archival started
ORA-26078: file " 5000 " is not part of database being loaded
Completed checkpoint up to RBA
RMAN-08096: channel PK_CUSTOMER_ACCOUNTS : starting validation of datafile backup set
Thread 1 advanced to log sequence 182
Undo initialization finished
Beginning log switch checkpoint up to RBA
Beginning log switch checkpoint up to RBA
NNO-00711: cache dump countdown aborted
Beginning log switch checkpoint up to RBA
Starting background process VKTM
Current log# 308 seq# 3303 mem# 0
ORA-01162: block size idx_users_email in file header does not match configured block sizes
Completed checkpoint up to RBA
Undo initialization finished
Starting background process VKTM
Current log# 37 seq# 6262 mem# 0
Beginning log switch checkpoint up to RBA
CRS-01701: Initialization of the required component GIPC failed; details at idx_users_email in ttstandby01
Archived Log entry 761 added for thread 1 sequence 6085
Beginning log switch checkpoint up to RBA
Starting background process VKTM
Starting background process VKTM
NZE-29084: The parameter specified is illegal.
ARC0: Archival started
Starting background process VKTM
Beginning log switch checkpoint up to RBA
ORA-28397: cannot online file user_sessions since it has a passphrase-wrapped key
Starting background process VKTM
Beginning log switch checkpoint up to RBA
Current log# 567 seq# 2597 mem# 0
Starting background process VKTM
ORA-21709: cannot refresh an object that has been modified
Thread 1 advanced to log sequence 870
ARC0: Archival started
Undo initialization finished
Undo initialization finished
Starting background process VKTM
ORA-31638: cannot attach to job 1024 for user 17
Errors in file /u01/app/oracle/diag/rdbms/ttprod/ttprod1/trace/ttprod1_ora_16491.trc
Undo initialization finished
Thread 1 advanced to log sequence 118
Archived Log entry 707 added for thread 1 sequence 3201
Archived Log entry 951 added for thread 1 sequence 3301
Thread 1 advanced to log sequence 150
DRG-10801: cannot create an SQE for another user
Completed checkpoint up to RBA
Thread 1 advanced to log sequence 987
Current log# 874 seq# 6072 mem# 0
Undo initialization finished
Starting background process VKTM
ORA-13108: spatial table BILLING.CUST_ORDERS not found
ARC0: Archival started
PCC-02035: CMD-LINE: CONFIG= option is invalid in a config file
Archived Log entry 249 added for thread 1 sequence 3011
Completed checkpoint up to RBA
Thread 1 advanced to log sequence 181
Archived Log entry 943 added for thread 1 sequence 3148
Beginning log switch checkpoint up to RBA
ORA-12701: CREATE DATABASE character set is not known
Errors in file /u01/app/oracle/diag/rdbms/ttprod/ttprod1/trace/ttprod1_ora_38375.trc
Beginning log switch checkpoint up to RBA
Undo initialization finished
ARC0: Archival started
CRS-04261: Diskgroup user_sessions is already configured with voting files
ARC0: Archival started
Completed checkpoint up to RBA
RMAN-06157: validation failed for archived log
Current log# 640 seq# 6646 mem# 0
Completed checkpoint up to RBA
Starting background process VKTM
Starting background process VKTM
PCC-02375: SQL statement found outside the body of a function
Starting background process VKTM
Beginning log switch checkpoint up to RBA
Current log# 142 seq# 3569 mem# 0
LSX-00238: invalid Nmtoken "~S"
Current log# 294 seq# 2894 mem# 0
Starting background process VKTM
Beginning log switch checkpoint up to RBA
ORA-30136: Drop-in compatibility is not supported for this application
Completed checkpoint up to RBA
Beginning log switch checkpoint up to RBA
NNL-00225: Currently managing name server " INVOICE_LINES_IDX "
Archived Log entry 875 added for thread 1 sequence 2737
Thread 1 advanced to log sequence 413
Undo initialization finished
TNS-00313: Navigator: Failed to get version information
ARC0: Archival started
Beginning log switch checkpoint up to RBA
ORA-00265: instance recovery required, cannot set ARCHIVELOG mode
Thread 1 advanced to log sequence 456
Thread 1 advanced to log sequence 806
Current log# 260 seq# 2465 mem# 0
ARC0: Archival started
Archived Log entry 228 added for thread 1 sequence 5087
ORA-01583: unable to get block size of control file to be backed up
Errors in file /u01/app/oracle/diag/rdbms/ttprod/ttprod1/trace/ttprod1_ora_39247.trc
ARC0: Archival started
Undo initialization finished
ORA-37158: Bad clob or varray IN-args: (case idx_users_email )
Errors in file /u01/app/oracle/diag/rdbms/ttprod/ttprod1/trace/ttprod1_ora_56560.trc
Starting background process VKTM
ORA-13773: insufficient privileges to select data from the cursor cache
Undo initialization finished
ORA-39361: Source time zone is /u01/app/oracle/oradata/ttprod/users01.dbf and target time zone is 5000 .
Errors in file /u01/app/oracle/diag/rdbms/ttprod/ttprod1/trace/ttprod1_ora_29007.trc
Completed checkpoint up to RBA
Archived Log entry 977 added for thread 1 sequence 2764
Completed checkpoint up to RBA
ORA-16589: Data Guard broker detected network transfer error
Current log# 686 seq# 5408 mem# 0
ORA-31216: DBMS_LDAP: PL/SQL - Invalid LDAP rdn.
Beginning log switch checkpoint up to RBA
Starting background process VKTM
Thread 1 advanced to log sequence 657
ORA-12806: could not get background process to hold enqueue
Completed checkpoint up to RBA
ARC0: Archival started
Thread 1 advanced to log sequence 441
Archived Log entry 636 added for thread 1 sequence 9550
XOQ-01951: A time dimension requires at least two of the following attributes: END_DATE, START_DATE and TIMESPAN.
Undo initialization finished
Undo initialization finished
ORA-27058: file I/O question parameter is invalid
Completed checkpoint up to RBA
Completed checkpoint up to RBA
Archived Log entry 269 added for thread 1 sequence 1992
Undo initialization finished
Thread 1 advanced to log sequence 499
ORA-01570: MINEXTENTS must be no larger than the ttstandby01 extents currently allocated
Starting background process VKTM
Completed checkpoint up to RBA
Thread 1 advanced to log sequence 369
ORA-16962: SQL statement attempted to begin an autonomous transaction
Current log# 676 seq# 4460 mem# 0
RMAN-05518: Automatically adding tablespace USERS
Beginning log switch checkpoint up to RBA
Current log# 813 seq# 4460 mem# 0
Current log# 985 seq# 8286 mem# 0
ARC0: Archival started
Archived Log entry 830 added for thread 1 sequence 3267
ORA-12922: concurrent ALTER DATABASE [NO] FORCE LOGGING command is running
Archived Log entry 921 added for thread 1 sequence 7701
ORA-13864: Statistics aggregation for service (module/action) /u01/app/oracle/oradata/ttprod/users01.dbf is already enabled
Errors in file /u01/app/oracle/diag/rdbms/ttprod/ttprod1/trace/ttprod1_ora_51676.trc
Starting background process VKTM
Undo initialization finished
DGM-16910: Unable to issue command to server
Undo initialization finished
Current log# 434 seq# 2291 mem# 0
ARC0: Archival started
Current log# 185 seq# 9843 mem# 0
IMG-00540: contentFormat and interleave conflict
Beginning log switch checkpoint up to RBA
Archived Log entry 264 added for thread 1 sequence 4864
Starting background process VKTM
NNF-02005: NIS key 17 does not exist in map APP_USER42
Errors in file /u01/app/oracle/diag/rdbms/ttprod/ttprod1/trace/ttprod1_ora_34457.trc
Current log# 603 seq# 7930 mem# 0
Archived Log entry 877 added for thread 1 sequence 3012
Undo initialization finished
DRG-50915: last document number /u01/app/oracle/oradata/ttprod/users01.dbf is not an integer
Undo initialization finished
Current log# 635 seq# 6877 mem# 0
Starting background process VKTM
ORA-25102: PARALLEL option can only be used with ALTER INDEX REBUILD
Thread 1 advanced to log sequence 946
Thread 1 advanced to log sequence 664
Completed checkpoint up to RBA
Current log# 218 seq# 6743 mem# 0
Beginning log switch checkpoint up to RBA
EXP-00049: APP_USER42 option is not compatible with Point-in-time Recovery or Transportable Tablespace Export
Starting background process VKTM
Current log# 362 seq# 6417 mem# 0
NMP-00007: I/O failure
Completed checkpoint up to RBA
Current log# 147 seq# 2078 mem# 0
Undo initialization finished
ARC0: Archival started
RMAN-12019: continuing other job steps, job failed will not be re-run
ARC0: Archival started
Beginning log switch checkpoint up to RBA
LSX-00320: missing required elements in <all>
Undo initialization finished
RMAN-08013: channel PK_CUSTOMER_ACCOUNTS : backup piece 17
Undo initialization finished
Thread 1 advanced to log sequence 181
Archived Log entry 393 added for thread 1 sequence 1556
Beginning log switch checkpoint up to RBA
ORA-00443: background process " TNS_ADMIN " did not start
Beginning log switch checkpoint up to RBA
Beginning log switch checkpoint up to RBA
Beginning log switch checkpoint up to RBA
RMAN-08524: input control file copy name= BILLING.CUST_ORDERS
Thread 1 advanced to log sequence 170
Undo initialization finished
ORA-36982: (XSRELGID03) The destination variable/relation workspace object must be dimensioned by all dimensions of the source relation workspace object that have more than one value in status.
Errors in file /u01/app/oracle/diag/rdbms/ttprod/ttprod1/trace/ttprod1_ora_48991.trc
Thread 1 advanced to log sequence 696
Beginning log switch checkpoint up to RBA
Undo initialization finished
Thread 1 advanced to log sequence 673
Thread 1 advanced to log sequence 599
ORA-03202: the scan limit specification is invalid
Thread 1 advanced to log sequence 276
Beginning log switch checkpoint up to RBA
Archived Log entry 135 added for thread 1 sequence 9783
Thread 1 advanced to log sequence 729
PRVF-04079: The number of addresses does not match the number of node
Errors in file /u01/app/oracle/diag/rdbms/ttprod/ttprod1/trace/ttprod1_ora_14061.trc
Thread 1 advanced to log sequence 623
Beginning log switch checkpoint up to RBA
Archived Log entry 783 added for thread 1 sequence 8933
Undo initialization finished
Current log# 790 seq# 2698 mem# 0
RMAN-06005: connected to target database: 3 (DBID= USERS )
Thread 1 advanced to log sequence 207
ORA-64101: Cannot alter both a structured and an unstructured component of an XMLIndex in the same ALTER INDEX statement.
Undo initialization finished
Starting background process VKTM
Current log# 594 seq# 8335 mem# 0
ORA-06704: TLI Driver: receive break message failed
Errors in file /u01/app/oracle/diag/rdbms/ttprod/ttprod1/trace/ttprod1_ora_35997.trc
Archived Log entry 939 added for thread 1 sequence 7853
ARC0: Archival started
Beginning log switch checkpoint up to RBA
Completed checkpoint up to RBA
Beginning log switch checkpoint up to RBA
ORA-24485: Invalid attributes in session pool authentication handle
Starting background process VKTM
Thread 1 advanced to log sequence 987
Beginning log switch checkpoint up to RBA
ORA-01149: cannot shutdown - file BILLING.CUST_ORDERS has online backup set
Current log# 434 seq# 2210 mem# 0
Current log# 433 seq# 2966 mem# 0
Beginning log switch checkpoint up to RBA
Current log# 327 seq# 1650 mem# 0
RMAN-06923: Directory app_db . session_1123 found in the database
Beginning log switch checkpoint up to RBA
Thread 1 advanced to log sequence 842
Starting background process VKTM
Beginning log switch checkpoint up to RBA
NNC-00051: message content error
Errors in file /u01/app/oracle/diag/rdbms/ttprod/ttprod1/trace/ttprod1_ora_88139.trc
Starting background process VKTM
Completed checkpoint up to RBA
Thread 1 advanced to log sequence 219
ARC0: Archival started
EXP-00108: NULL lob fetched
Completed checkpoint up to RBA
RMAN-08500: channel CDR_STAGING : SID= user_sessions device type= SP2-0552
Starting background process VKTM
Beginning log switch checkpoint up to RBA
ORA-16420: fast-start failover target cannot be converted to snapshot standby
Current log# 925 seq# 6499 mem# 0
ARC0: Archival started
Beginning log switch checkpoint up to RBA
Archived Log entry 107 added for thread 1 sequence 5053
RMAN-06006: connected to target database: pk_orders (not mounted)
Errors in file /u01/app/oracle/diag/rdbms/ttprod/ttprod1/trace/ttprod1_ora_25344.trc
ARC0: Archival started
Starting background process VKTM
Undo initialization finished
PROT-00036: Duplicate or previously used Oracle Cluster Registry location app_db cannot be added
Beginning log switch checkpoint up to RBA
Starting background process VKTM
Completed checkpoint up to RBA
ORA-64013: specified path is not a directory
Archived Log entry 370 added for thread 1 sequence 6126
Current log# 285 seq# 8377 mem# 0
Starting background process VKTM
ORA-36728: (XSALERR01) While performing the ALLOCATE command with AGGMAP workspace object , the error logging limit of number was exceeded.
Errors in file /u01/app/oracle/diag/rdbms/ttprod/ttprod1/trace/ttprod1_ora_29047.trc
ARC0: Archival started
Current log# 623 seq# 3353 mem# 0
Beginning log switch checkpoint up to RBA
ORA-22896: cannot have both scope and referential constraint on REF column " CDR_STAGING "
Errors in file /u01/app/oracle/diag/rdbms/ttprod/ttprod1/trace/ttprod1_ora_21853.trc
Beginning log switch checkpoint up to RBA
RMAN-06023: no backup or copy of datafile number found to restore
Starting background process VKTM
Starting background process VKTM
Completed checkpoint up to RBA
Current log# 398 seq# 8715 mem# 0
RMAN-06440: virtual catalog dropped
Current log# 500 seq# 5031 mem# 0
Starting background process VKTM
Beginning log switch checkpoint up to RBA
IMP-00074: The constraints flagged by ALL_CONSTRAINTS.BAD will break in 2000 A.D.
Undo initialization finished
Completed checkpoint up to RBA
Undo initialization finished
Undo initialization finished
ORA-39208: Parameter DATA_TS01 is invalid for PK_CUSTOMER_ACCOUNTS jobs.
Starting background process VKTM
Archived Log entry 301 added for thread 1 sequence 8462
Current log# 291 seq# 4813 mem# 0
RMAN-08519: channel ttprod2 : scanning datafile copy 1024
Archived Log entry 714 added for thread 1 sequence 4072
ARC0: Archival started
Undo initialization finished
Completed checkpoint up to RBA
Beginning log switch checkpoint up to RBA
ORA-13705: There was a instance shutdown/startup between the snapshots in the range [ 1024 , idx_users_email ].
ARC0: Archival started
Undo initialization finished
ARC0: Archival started
Completed checkpoint up to RBA
NNO-00712: warning: group 42 cache checkpoint failed
Beginning log switch checkpoint up to RBA
Beginning log switch checkpoint up to RBA
Thread 1 advanced to log sequence 155
Thread 1 advanced to log sequence 395
XOQ-01732: Object " SYSAUX " cannot build in a branch because it has a materialized view.
Beginning log switch checkpoint up to RBA
Thread 1 advanced to log sequence 307
ARC0: Archival started
ORA-53052: lock release returned error: session_1123
Thread 1 advanced to log sequence 500
RMAN-07520: Reason: Data pump dump file
ARC0: Archival started
Undo initialization finished
Undo initialization finished
Beginning log switch checkpoint up to RBA
LSX-00171: missing required sub-element "~S"
Current log# 2 seq# 5717 mem# 0
ORA-22635: time stamp with time zone type not supported
Archived Log entry 250 added for thread 1 sequence 7517
Current log# 955 seq# 9635 mem# 0
ARC0: Archival started
Thread 1 advanced to log sequence 916
Starting background process VKTM
ORA-00475: TRWR process terminated with error
Thread 1 advanced to log sequence 689
Undo initialization finished
PCC-02362: Host variable not declared within SQL DECLARE section
Starting background process VKTM
ARC0: Archival started
Starting background process VKTM
ARC0: Archival started
ORA-15217: missing or invalid timeout value after DROP AFTER
Current log# 429 seq# 6222 mem# 0
ARC0: Archival started
ARC0: Archival started
Starting background process VKTM
RMAN-08052: cataloged control file copy
ARC0: Archival started
ORA-28265: NameSpace beginning with 'sys_' is not allowed
ARC0: Archival started
Undo initialization finished
Undo initialization finished
RMAN-03009: failure of CRM.CALL_DETAIL_RECORDS command on TNS_ADMIN channel at NETWORK_OPS.SIM_INVENTORY
Archived Log entry 345 added for thread 1 sequence 5302
Current log# 897 seq# 9417 mem# 0
Beginning log switch checkpoint up to RBA
Beginning log switch checkpoint up to RBA
Completed checkpoint up to RBA
CRS-02539: A resource with the name ' pg_toast_12345 ' is already registered
Archived Log entry 556 added for thread 1 sequence 6983
ORA-38867: database not open: cannot create restore point with the specified timestamp
Beginning log switch checkpoint up to RBA
Beginning log switch checkpoint up to RBA
Undo initialization finished
CRS-02114: Failed to import Oracle Local Registry from file 3
Undo initialization finished
Beginning log switch checkpoint up to RBA
Beginning log switch checkpoint up to RBA
ORA-00250: archiver not started
Completed checkpoint up to RBA
LSX-00300: group must have name or ref but not both
Completed checkpoint up to RBA
ARC0: Archival started
Current log# 970 seq# 2354 mem# 0
ARC0: Archival started
ORA-28104: input value for 17 is not valid
Errors in file /u01/app/oracle/diag/rdbms/ttprod/ttprod1/trace/ttprod1_ora_14085.trc
Undo initialization finished
PCC-00105: Keyword WORK required here by ANSI
Current log# 549 seq# 2019 mem# 0
Starting background process VKTM
ORA-12500: TNS:listener failed to start a dedicated server process
ARC0: Archival started
Undo initialization finished
Starting background process VKTM
ORA-16745: unable to add DB_UNIQUE_NAME " BILLING.CUST_ORDERS " into the DG_CONFIG list because it is full
Errors in file /u01/app/oracle/diag/rdbms/ttprod/ttprod1/trace/ttprod1_ora_58363.trc
Current log# 179 seq# 1690 mem# 0
Starting background process VKTM
Undo initialization finished
Thread 1 advanced to log sequence 666
ORA-44825: Classifier plan does not match across instances
Thread 1 advanced to log sequence 56
Completed checkpoint up to RBA
Current log# 407 seq# 7776 mem# 0
Thread 1 advanced to log sequence 726
ORA-08002: sequence user_sessions .CURRVAL is not yet defined in this session
Archived Log entry 114 added for thread 1 sequence 5724
Starting background process VKTM
TNS-00141: Failed to get file stream information
Errors in file /u01/app/oracle/diag/rdbms/ttprod/ttprod1/trace/ttprod1_ora_30694.trc
Thread 1 advanced to log sequence 360
ORA-30749: column session_1123 not enabled to store objects of type ttprod2 . TNS_ADMIN
ARC0: Archival started
Undo initialization finished
Starting background process VKTM
Completed checkpoint up to RBA
RMAN-08580: channel TNS_ADMIN : starting datafile copy
Archived Log entry 815 added for thread 1 sequence 5321
Completed checkpoint up to RBA
Starting background process VKTM
Completed checkpoint up to RBA
ORA-55322: model(s) exist
Starting background process VKTM
Archived Log entry 526 added for thread 1 sequence 5648
DRG-13900: Auto_Optimize Process is already started
Completed checkpoint up to RBA
QSM-01008: no query rewrite for update queries
Starting background process VKTM
Completed checkpoint up to RBA
Thread 1 advanced to log sequence 834
CLST-02109: missing required parameter -c with a cluster name
Beginning log switch checkpoint up to RBA
ARC0: Archival started
DIA-48185: OS file size system call failure
Errors in file /u01/app/oracle/diag/rdbms/ttprod/ttprod1/trace/ttprod1_ora_47300.trc
Undo initialization finished
Undo initialization finished
Completed checkpoint up to RBA
KUP-04012: file length is too large for output field
Errors in file /u01/app/oracle/diag/rdbms/ttprod/ttprod1/trace/ttprod1_ora_34608.trc
Thread 1 advanced to log sequence 813
Undo initialization finished
Starting background process VKTM
Beginning log switch checkpoint up to RBA
Archived Log entry 475 added for thread 1 sequence 2936
ORA-55623: Flashback Archive " ttprod1 " is blocking and tracking on all tables is suspended
Archived Log entry 238 added for thread 1 sequence 6279
ORA-23462: flavor idx_users_email in use at site 17
Undo initialization finished
Starting background process VKTM
ARC0: Archival started
DIA-48218: Duplicate Key Name [ TNS_ADMIN ] [ ttprod1 ]
Current log# 247 seq# 8481 mem# 0
Archived Log entry 825 added for thread 1 sequence 2472
Completed checkpoint up to RBA
PRVF-02414: Failed to retrieve details of the device file "{0}" on node "{1}"
Errors in file /u01/app/oracle/diag/rdbms/ttprod/ttprod1/trace/ttprod1_ora_87411.trc
ARC0: Archival started
ARC0: Archival started
Beginning log switch checkpoint up to RBA
ORA-17632: file ' TNS_ADMIN ' is a formatted ASM disk
Starting background process VKTM
Beginning log switch checkpoint up to RBA
Current log# 589 seq# 1309 mem# 0
Thread 1 advanced to log sequence 69
PRCS-01075: GNS Domain name {0} ends with invalid character {1}
Completed checkpoint up to RBA
Completed checkpoint up to RBA
Beginning log switch checkpoint up to RBA
ORA-48900: Illegal Input Argument [ large pool ]
Completed checkpoint up to RBA
Current log# 644 seq# 2284 mem# 0
Starting background process VKTM
Completed checkpoint up to RBA
Thread 1 advanced to log sequence 636
ORA-29519: name pg_toast_12345 resolved via a synonym in schema CDR_STAGING to a class with a different name
Errors in file /u01/app/oracle/diag/rdbms/ttprod/ttprod1/trace/ttprod1_ora_63558.trc
Undo initialization finished
Starting background process VKTM
Thread 1 advanced to log sequence 481
ORA-22372: Event for type dictionary upgrade
Errors in file /u01/app/oracle/diag/rdbms/ttprod/ttprod1/trace/ttprod1_ora_51730.trc
Archived Log entry 84 added for thread 1 sequence 9154
Current log# 284 seq# 1572 mem# 0
Completed checkpoint up to RBA
Completed checkpoint up to RBA
Current log# 634 seq# 4640 mem# 0
PRKH-01051: Cluster software (skgxn) error
Errors in file /u01/app/oracle/diag/rdbms/ttprod/ttprod1/trace/ttprod1_ora_88921.trc
Completed checkpoint up to RBA
Beginning log switch checkpoint up to RBA
ORA-38792: encountered unknown flashback record from release pg_toast_12345
Starting background process VKTM
Beginning log switch checkpoint up to RBA
Undo initialization finished
DRG-10015: id exceeds limit(2147483642) of a number
Archived Log entry 65 added for thread 1 sequence 8144
Starting background process VKTM
Archived Log entry 845 added for thread 1 sequence 9964
ORA-16204: DDL successfully applied
Thread 1 advanced to log sequence 265
Current log# 262 seq# 2865 mem# 0
Starting background process VKTM
Thread 1 advanced to log sequence 76
ARC0: Archival started
RMAN-06435: recovery catalog owner is CRM.CALL_DETAIL_RECORDS
Errors in file /u01/app/oracle/diag/rdbms/ttprod/ttprod1/trace/ttprod1_ora_64625.trc
Beginning log switch checkpoint up to RBA
Current log# 565 seq# 6621 mem# 0
Current log# 84 seq# 1167 mem# 0
Archived Log entry 829 added for thread 1 sequence 4824
ORA-12711: this CREATE CONTROLFILE character set is not allowed
Errors in file /u01/app/oracle/diag/rdbms/ttprod/ttprod1/trace/ttprod1_ora_10177.trc
ARC0: Archival started
ORA-19870: error while restoring backup piece DATA_TS01
Current log# 117 seq# 2958 mem# 0
Archived Log entry 886 added for thread 1 sequence 9776
Undo initialization finished
Thread 1 advanced to log sequence 203
NNO-00053: duplicate domain description for domain " fk_order_customer "
Errors in file /u01/app/oracle/diag/rdbms/ttprod/ttprod1/trace/ttprod1_ora_64705.trc
ARC0: Archival started
Completed checkpoint up to RBA
ARC0: Archival started
RMAN-05032: datafile 17 will be created automatically during restore operation
Errors in file /u01/app/oracle/diag/rdbms/ttprod/ttprod1/trace/ttprod1_ora_62749.trc
Completed checkpoint up to RBA
PCC-02376: You may not declare SQLCODE when DEF_SQLCODE = TRUE
Starting background process VKTM
Archived Log entry 586 added for thread 1 sequence 2551
Thread 1 advanced to log sequence 198
Archived Log entry 6 added for thread 1 sequence 2419
ARC0: Archival started
ORA-26001: Index 1024 specified in SORTED INDEXES does not exist on table APP_USER42
Beginning log switch checkpoint up to RBA
Thread 1 advanced to log sequence 965
CRS-00451: CRS configuration error, unable to initialize Oracle Cluster Registry.
Current log# 24 seq# 2290 mem# 0
Completed checkpoint up to RBA
Starting background process VKTM
RMAN-06189: current DBID number does not match target mounted database ( number )
Current log# 778 seq# 5039 mem# 0
Undo initialization finished
ARC0: Archival started
ARC0: Archival started
NID-00390: These files must be writable by this utility.
Errors in file /u01/app/oracle/diag/rdbms/ttprod/ttprod1/trace/ttprod1_ora_22920.trc
Beginning log switch checkpoint up to RBA
Current log# 369 seq# 2600 mem# 0
PGU-30003: transaction /u01/app/oracle/oradata/ttprod/users01.dbf , version CRM.CALL_DETAIL_RECORDS body generated to file CRM.CALL_DETAIL_RECORDS
Thread 1 advanced to log sequence 908
Completed checkpoint up to RBA
ARC0: Archival started
Undo initialization finished
Current log# 754 seq# 3304 mem# 0
NID-00353: ttprod1
Errors in file /u01/app/oracle/diag/rdbms/ttprod/ttprod1/trace/ttprod1_ora_62277.trc
Undo initialization finished
Undo initialization finished
OCI-31092: invalid SQL name " INVOICE_LINES_IDX "
Thread 1 advanced to log sequence 584
Archived Log entry 902 added for thread 1 sequence 2265
PCB-00314: DECLARE DATABASE is an Oracle extension
Beginning log switch checkpoint up to RBA
ORA-55443: a virtual model cannot be used with a rulebase in a SEM_MATCH query
Completed checkpoint up to RBA
Starting background process VKTM
NID-00310: Control File ttprod1 - reverted
ARC0: Archival started
Thread 1 advanced to log sequence 619
LSX-00272: BASE64-encoded binary grouped improperly (not 4's)
ARC0: Archival started
ORA-07820: sspscn: SYS$CRELNM failure
Thread 1 advanced to log sequence 495
Thread 1 advanced to log sequence 796
Beginning log switch checkpoint up to RBA
LPX-00122: undefined ID "~S" in IDREF
Beginning log switch checkpoint up to RBA
ARC0: Archival started
Completed checkpoint up to RBA
RMAN-05551: Not connected to TARGET, cannot verify that set of tablespaces being duplicated does not have SYS objects
Thread 1 advanced to log sequence 471
Undo initialization finished
Current log# 862 seq# 2642 mem# 0
NZE-28864: SSL connection closed gracefully
Errors in file /u01/app/oracle/diag/rdbms/ttprod/ttprod1/trace/ttprod1_ora_60112.trc
Starting background process VKTM
ARC0: Archival started
ORA-15316: Previous client instance PK_CUSTOMER_ACCOUNTS has not fully exited.
Thread 1 advanced to log sequence 152
Beginning log switch checkpoint up to RBA
RMAN-08017: channel DATA_TS01 : starting archived log restore to default destination
Errors in file /u01/app/oracle/diag/rdbms/ttprod/ttprod1/trace/ttprod1_ora_37181.trc
Completed checkpoint up to RBA
Current log# 794 seq# 9545 mem# 0
Current log# 44 seq# 3389 mem# 0
Archived Log entry 172 added for thread 1 sequence 8582
PCC-02151: Line number column number file _SYSSMU12$ :
Errors in file /u01/app/oracle/diag/rdbms/ttprod/ttprod1/trace/ttprod1_ora_13955.trc
Completed checkpoint up to RBA
Starting background process VKTM
ORA-07588: spdcr: $GETJPIW get image name failure
Errors in file /u01/app/oracle/diag/rdbms/ttprod/ttprod1/trace/ttprod1_ora_50887.trc
Beginning log switch checkpoint up to RBA
Undo initialization finished
Undo initialization finished
ARC0: Archival started
ORA-35078: (QFHEAD05) An EIF extension file header for fk_order_customer is not in the correct format.
Beginning log switch checkpoint up to RBA
Archived Log entry 404 added for thread 1 sequence 1908
Undo initialization finished
NID-00440: Database ID for database app_db changed to number .
Errors in file /u01/app/oracle/diag/rdbms/ttprod/ttprod1/trace/ttprod1_ora_53436.trc
Beginning log switch checkpoint up to RBA
Starting background process VKTM
RMAN-08522: input datafile file number= pk_orders name= 3
Errors in file /u01/app/oracle/diag/rdbms/ttprod/ttprod1/trace/ttprod1_ora_18710.trc
ARC0: Archival started
NID-00134: Datafile " USERS " is not consistent
Errors in file /u01/app/oracle/diag/rdbms/ttprod/ttprod1/trace/ttprod1_ora_72712.trc
Undo initialization finished
Starting background process VKTM
Current log# 366 seq# 3549 mem# 0
Current log# 826 seq# 4087 mem# 0
ORA-39921: Default Partition (Table) Tablespace ttprod1 for fk_order_customer not contained in transportable set.
Beginning log switch checkpoint up to RBA
Completed checkpoint up to RBA
Archived Log entry 237 added for thread 1 sequence 1968
Thread 1 advanced to log sequence 520
Current log# 662 seq# 1428 mem# 0
ORA-25959: join index must be of the bitmap type
Undo initialization finished
Archived Log entry 589 added for thread 1 sequence 3857
ARC0: Archival started
Current log# 106 seq# 5846 mem# 0
ORA-44319: Cannot delete AQ service
Undo initialization finished
Starting background process VKTM
INS-08108: Failed while localizing the view
Current log# 378 seq# 9577 mem# 0
Beginning log switch checkpoint up to RBA
Current log# 39 seq# 4385 mem# 0
PLS-00551: character set ANY_CS is only allowed on a subprogram parameter
ARC0: Archival started
Beginning log switch checkpoint up to RBA
Starting background process VKTM
ORA-16205: DDL skipped due to skip setting
Archived Log entry 802 added for thread 1 sequence 2437
Undo initialization finished
Current log# 394 seq# 5440 mem# 0
ORA-28394: decryption of data of length INVOICE_LINES_IDX failed
Undo initialization finished
Starting background process VKTM
Completed checkpoint up to RBA
Current log# 337 seq# 5697 mem# 0
Undo initialization finished
PRVF-05827: The response time for name lookup for name "{1}" exceeded {0} seconds
Undo initialization finished
ORA-30568: cannot drop log group - nonexistent log group
Thread 1 advanced to log sequence 950
Current log# 41 seq# 3285 mem# 0
Completed checkpoint up to RBA
CRS-00005: log file " PK_CUSTOMER_ACCOUNTS " deleted after close failure
Completed checkpoint up to RBA
Archived Log entry 240 added for thread 1 sequence 3969
Completed checkpoint up to RBA
Undo initialization finished
Current log# 429 seq# 8120 mem# 0
ORA-04090: ' USERS ' specifies same table, event and trigger time as ' 17 '
ARC0: Archival started
Thread 1 advanced to log sequence 542
Thread 1 advanced to log sequence 584
ORA-31526: could not find source table ttprod1 . INVOICE_LINES_IDX for CDC change table pg_toast_12345 . _SYSSMU7$
Completed checkpoint up to RBA
Archived Log entry 708 added for thread 1 sequence 7229
Completed checkpoint up to RBA
Beginning log switch checkpoint up to RBA
PRVF-07726: Fixup cannot be generated for setting membership of user "{0}" with group "{1}" on node "{2}"
Beginning log switch checkpoint up to RBA
Thread 1 advanced to log sequence 866
ORA-01320: Invalid Logminer dictionar attribute
Starting background process VKTM
Archived Log entry 406 added for thread 1 sequence 6813
Beginning log switch checkpoint up to RBA
RMAN-06605: old RMAN configuration parameters are successfully deleted
ARC0: Archival started
Undo initialization finished
Undo initialization finished
Beginning log switch checkpoint up to RBA
INS-40901: The cluster node information table is unfilled.
ARC0: Archival started
Current log# 542 seq# 9454 mem# 0
Beginning log switch checkpoint up to RBA
Beginning log switch checkpoint up to RBA
ORA-09805: conversion of category number to /u01/app/oracle/oradata/ttprod/users01.dbf failed.
Thread 1 advanced to log sequence 338
PRVF-05452: Missing key reference data "{0}"
Thread 1 advanced to log sequence 437
Starting background process VKTM
ORA-06751: TLI Driver: bound addresses unequal
Undo initialization finished
Starting background process VKTM
ORA-26807: Database link is not NULL for Apply with the name " reporting_schema " .
Errors in file /u01/app/oracle/diag/rdbms/ttprod/ttprod1/trace/ttprod1_ora_19889.trc
Beginning log switch checkpoint up to RBA
Beginning log switch checkpoint up to RBA
Current log# 389 seq# 6492 mem# 0
Thread 1 advanced to log sequence 892
Thread 1 advanced to log sequence 642
RMAN-08153: deleted global script: TNS_ADMIN
Errors in file /u01/app/oracle/diag/rdbms/ttprod/ttprod1/trace/ttprod1_ora_60968.trc
Starting background process VKTM
ARC0: Archival started
ARC0: Archival started
Archived Log entry 253 added for thread 1 sequence 8275
Thread 1 advanced to log sequence 429
RMAN-20222: datafile name not found in recovery catalog or is ambiguous
Beginning log switch checkpoint up to RBA
Archived Log entry 875 added for thread 1 sequence 7343
Beginning log switch checkpoint up to RBA
Undo initialization finished
Undo initialization finished
XOQ-01703: error during parse of build process script: " INVOICE_LINES_IDX ", " ttprod1 "
Beginning log switch checkpoint up to RBA
ORA-12028: materialized view type is not supported by master site UNDOTBS1
Beginning log switch checkpoint up to RBA
Completed checkpoint up to RBA
Beginning log switch checkpoint up to RBA
NNO-00057: loading and verifying topology data
Undo initialization finished
ORA-39097: Data Pump job encountered unexpected error USERS
Errors in file /u01/app/oracle/diag/rdbms/ttprod/ttprod1/trace/ttprod1_ora_17464.trc
Archived Log entry 564 added for thread 1 sequence 4504
Completed checkpoint up to RBA
Beginning log switch checkpoint up to RBA
Beginning log switch checkpoint up to RBA
ORA-28115: policy with check option violation
Errors in file /u01/app/oracle/diag/rdbms/ttprod/ttprod1/trace/ttprod1_ora_56716.trc
Completed checkpoint up to RBA
Beginning log switch checkpoint up to RBA
ARC0: Archival started
ARC0: Archival started
TNS-00018: INTCTL: TNS_ADMIN not defined
Archived Log entry 886 added for thread 1 sequence 2822
ARC0: Archival started
ORA-06447: ssvpstp: Incorrect parameter passed to function call
Undo initialization finished
Thread 1 advanced to log sequence 946
Starting background process VKTM
Undo initialization finished
NNO-00854: error unbinding LDAP: error = number
ARC0: Archival started
Starting background process VKTM
ORA-01941: SEQUENCE keyword expected
Completed checkpoint up to RBA
Current log# 854 seq# 5768 mem# 0
Undo initialization finished
Current log# 496 seq# 9342 mem# 0
Beginning log switch checkpoint up to RBA
JMS-00160: EOF Exception {0}
Current log# 887 seq# 2981 mem# 0
ARC0: Archival started
NNO-00309: server restarting
Archived Log entry 513 added for thread 1 sequence 7687
Completed checkpoint up to RBA
ORA-24363: measurements in characters illegal here
ARC0: Archival started
Completed checkpoint up to RBA
PLS-01416: Use of <id> (<value>...) here
Undo initialization finished
Beginning log switch checkpoint up to RBA
Undo initialization finished
DRG-11806: Non-authoritative Information
ARC0: Archival started
Completed checkpoint up to RBA
ARC0: Archival started
Completed checkpoint up to RBA
Completed checkpoint up to RBA
ORA-16235: DDL skipped because import has occurred
Completed checkpoint up to RBA
Undo initialization finished
PGA-21110: XLN received from partner LU _SYSSMU12$
Undo initialization finished
Current log# 853 seq# 7410 mem# 0
ORA-01165: MAXDATAFILES may not exceed ttprod2
Errors in file /u01/app/oracle/diag/rdbms/ttprod/ttprod1/trace/ttprod1_ora_23921.trc
Thread 1 advanced to log sequence 610
ARC0: Archival started
ORA-01197: thread idx_users_email only contains one log
Errors in file /u01/app/oracle/diag/rdbms/ttprod/ttprod1/trace/ttprod1_ora_76336.trc
Beginning log switch checkpoint up to RBA
ARC0: Archival started
Undo initialization finished
JMS-00102: Feature not supported {0}
Archived Log entry 257 added for thread 1 sequence 7770
Current log# 399 seq# 8220 mem# 0
ORA-54008: expression column is not supported for an index organized table
Thread 1 advanced to log sequence 582
NNO-00606: disabling modification requests
ARC0: Archival started
Starting background process VKTM
Starting background process VKTM
ARC0: Archival started
PRCR-01006: Failed to add resource {0} for {1}
Completed checkpoint up to RBA
Thread 1 advanced to log sequence 287
Completed checkpoint up to RBA
XOQ-01929: incompatible values for PrecomputePercent and PrecomputePercentTop
Completed checkpoint up to RBA
Beginning log switch checkpoint up to RBA
Starting background process VKTM
ARC0: Archival started
Archived Log entry 285 added for thread 1 sequence 2670
RMAN-06226: Automatic instance removed
Errors in file /u01/app/oracle/diag/rdbms/ttprod/ttprod1/trace/ttprod1_ora_79369.trc
Thread 1 advanced to log sequence 698
Completed checkpoint up to RBA
ARC0: Archival started
Thread 1 advanced to log sequence 42
ORA-13366: invalid combination of interior exterior rings
Undo initialization finished
Completed checkpoint up to RBA
Archived Log entry 870 added for thread 1 sequence 6674
RMAN-00702: The command has no syntax errors
Beginning log switch checkpoint up to RBA
ARC0: Archival started
Thread 1 advanced to log sequence 824
PCB-00903: Pro*COBOL is unable to initialize its parser function
Undo initialization finished
PRCN-02041: Failed to retrieve properties of {0}
Thread 1 advanced to log sequence 943
Completed checkpoint up to RBA
Beginning log switch checkpoint up to RBA
Starting background process VKTM
Undo initialization finished
RMAN-08028: channel shared pool : copy current control file failed
Thread 1 advanced to log sequence 595
ARC0: Archival started
Completed checkpoint up to RBA
Archived Log entry 966 added for thread 1 sequence 6312
ORA-19194: XQDY0026: It is a dynamic error if the result of the content expression of a computed processing instruction constructor contains the app_db "?>"
Undo initialization finished
Beginning log switch checkpoint up to RBA
Undo initialization finished
Undo initialization finished
Current log# 107 seq# 8567 mem# 0
ORA-29555: Java source, class or resource is not allowed here
Completed checkpoint up to RBA
Thread 1 advanced to log sequence 356
Undo initialization finished
ORA-55364: invalid operation type 1024 for VPD policy
Errors in file /u01/app/oracle/diag/rdbms/ttprod/ttprod1/trace/ttprod1_ora_49287.trc
Starting background process VKTM
Undo initialization finished
Archived Log entry 898 added for thread 1 sequence 8977
Archived Log entry 984 added for thread 1 sequence 2288
ORA-13453: GeoRaster metadata layer error
Thread 1 advanced to log sequence 482
ORA-12411: invalid label value
Starting background process VKTM
Archived Log entry 943 added for thread 1 sequence 4457
Starting background process VKTM
Thread 1 advanced to log sequence 570
DIA-48251: Failed to open relation due to following error
Errors in file /u01/app/oracle/diag/rdbms/ttprod/ttprod1/trace/ttprod1_ora_64169.trc
Beginning log switch checkpoint up to RBA
Archived Log entry 324 added for thread 1 sequence 2304
ORA-12709: error while loading create database character set
Current log# 291 seq# 7228 mem# 0
Archived Log entry 58 added for thread 1 sequence 2145
ORA-09201: sfcopy: error copying file
Starting background process VKTM
Thread 1 advanced to log sequence 420
PGU-41013: invalid LANGUAGE parameter
Undo initialization finished
Completed checkpoint up to RBA
Starting background process VKTM
IMG-00583: output format does not support the specified compressionFormat
Errors in file /u01/app/oracle/diag/rdbms/ttprod/ttprod1/trace/ttprod1_ora_58640.trc
Current log# 887 seq# 6977 mem# 0
Beginning log switch checkpoint up to RBA
ARC0: Archival started
Completed checkpoint up to RBA
PCC-00101: Lower case 'e' in floating point number is not ANSI
Thread 1 advanced to log sequence 632
NCR-04007: NCRR: Invalid object handle
Undo initialization finished
Beginning log switch checkpoint up to RBA
Beginning log switch checkpoint up to RBA
Thread 1 advanced to log sequence 886
Completed checkpoint up to RBA
ORA-26836: The specified rules must be created from the same subsetting condition
Starting background process VKTM
Current log# 765 seq# 7646 mem# 0
Beginning log switch checkpoint up to RBA
PLS-00525: Within SQL statements, only equality comparisons of objects are allowed without a map or order function.
Errors in file /u01/app/oracle/diag/rdbms/ttprod/ttprod1/trace/ttprod1_ora_10148.trc
Undo initialization finished
Beginning log switch checkpoint up to RBA
ORA-38950: Source platform pg_toast_12345 not cross platform compliant
ARC0: Archival started
ARC0: Archival started
ORA-26876: invalid processed low-watermark (current position= 1024 ; new position= pk_orders )
Completed checkpoint up to RBA
Starting background process VKTM
Archived Log entry 108 added for thread 1 sequence 3290
Beginning log switch checkpoint up to RBA
Beginning log switch checkpoint up to RBA
LPX-01098: [FOCA0002] Invalid lexical value
Completed checkpoint up to RBA
Completed checkpoint up to RBA
Starting background process VKTM
RMAN-05547: Checking that duplicated tablespaces are self-contained
Starting background process VKTM
Thread 1 advanced to log sequence 632
Beginning log switch checkpoint up to RBA
Archived Log entry 150 added for thread 1 sequence 2871
Thread 1 advanced to log sequence 444
OCI-19201: Datatype not supported
Current log# 325 seq# 7139 mem# 0
Thread 1 advanced to log sequence 606
Starting background process VKTM
ORA-39231: invalid data remap name: NETWORK_OPS.SIM_INVENTORY
Errors in file /u01/app/oracle/diag/rdbms/ttprod/ttprod1/trace/ttprod1_ora_92821.trc
Archived Log entry 213 added for thread 1 sequence 9861
ORA-26825: STREAMS process " INVOICE_LINES_IDX " is not configured as an XStream outbound server.
Starting background process VKTM
Thread 1 advanced to log sequence 768
ORA-39938: Operation not supported, tablespace ttprod1 contains binary XML data.
Errors in file /u01/app/oracle/diag/rdbms/ttprod/ttprod1/trace/ttprod1_ora_65989.trc
Current log# 661 seq# 3961 mem# 0
Current log# 121 seq# 9973 mem# 0
Thread 1 advanced to log sequence 897
Beginning log switch checkpoint up to RBA
RMAN-08580: channel ttstandby01 : starting datafile copy
Errors in file /u01/app/oracle/diag/rdbms/ttprod/ttprod1/trace/ttprod1_ora_76381.trc
ARC0: Archival started
Beginning log switch checkpoint up to RBA
Undo initialization finished
PRCS-01001: Failed to enable {0}
Completed checkpoint up to RBA
Beginning log switch checkpoint up to RBA
Completed checkpoint up to RBA
IMG-00581: output format does not support the specified contentFormat
Archived Log entry 758 added for thread 1 sequence 1239
Undo initialization finished
ARC0: Archival started
Thread 1 advanced to log sequence 631
NID-00336: The following datafiles are offline clean:
Errors in file /u01/app/oracle/diag/rdbms/ttprod/ttprod1/trace/ttprod1_ora_69776.trc
ARC0: Archival started
Current log# 981 seq# 7906 mem# 0
Starting background process VKTM
Starting background process VKTM
Current log# 918 seq# 8990 mem# 0
TNS-01095: 42 * 5000 * ttprod1 * number
Current log# 348 seq# 8537 mem# 0
PGU-00362: object shared pool is a package; use 'DESCRIBE <package>.<procedure>'
Current log# 564 seq# 1545 mem# 0
Undo initialization finished
Current log# 515 seq# 1616 mem# 0
ARC0: Archival started
ORA-26016: Virtual column large pool in table ttstandby01 . SYSAUX cannot be loaded by direct path
Archived Log entry 986 added for thread 1 sequence 3190
Starting background process VKTM
Current log# 257 seq# 9397 mem# 0
Current log# 947 seq# 1586 mem# 0
Current log# 30 seq# 5712 mem# 0
RMAN-06513: copy will never be obsolete
Errors in file /u01/app/oracle/diag/rdbms/ttprod/ttprod1/trace/ttprod1_ora_11050.trc
Undo initialization finished
ARC0: Archival started
Thread 1 advanced to log sequence 985
DRG-10200: invalid server personality mask: reporting_schema
Errors in file /u01/app/oracle/diag/rdbms/ttprod/ttprod1/trace/ttprod1_ora_56222.trc
Beginning log switch checkpoint up to RBA
Thread 1 advanced to log sequence 625
Current log# 767 seq# 2963 mem# 0
Beginning log switch checkpoint up to RBA
Completed checkpoint up to RBA
ORA-07658: slsprom:$QIOW read failure
Thread 1 advanced to log sequence 560
ORA-01364: waiting for branch at SCN shared pool
Current log# 335 seq# 7080 mem# 0
Beginning log switch checkpoint up to RBA
ORA-48216: Field Len Exceeds Max Field Length [ reporting_schema ] [ USERS ] [ SYSAUX ] [ ttstandby01 ]
Beginning log switch checkpoint up to RBA
Starting background process VKTM
Beginning log switch checkpoint up to RBA
ORA-00131: network protocol does not support registration ' DATA_TS01 '
Starting background process VKTM
Beginning log switch checkpoint up to RBA
Completed checkpoint up to RBA
Beginning log switch checkpoint up to RBA
NZE-29106: Cannot import PKCS #12 wallet.
Completed checkpoint up to RBA
Starting background process VKTM
ORA-13521: Unregister operation on local Database id ( DATA_TS01 ) not allowed
Starting background process VKTM
ARC0: Archival started
Thread 1 advanced to log sequence 125
Starting background process VKTM
Completed checkpoint up to RBA
ORA-39908: Index fk_order_customer . 17 in tablespace app_db enforces primary constraints session_1123 of table /u01/app/oracle/oradata/ttprod/users01.dbf . fk_order_customer in tablespace CRM.CALL_DETAIL_RECORDS .
ARC0: Archival started
Thread 1 advanced to log sequence 857
Undo initialization finished
Archived Log entry 959 added for thread 1 sequence 6219
ARC0: Archival started
RMAN-08031: released channel: SP2-0552
Current log# 129 seq# 3553 mem# 0
Completed checkpoint up to RBA
Beginning log switch checkpoint up to RBA
Undo initialization finished
ORA-39295: Cannot alter index base cluster.
Thread 1 advanced to log sequence 581
Starting background process VKTM
ORA-22888: duplicate SCOPE clauses for a REF column
Beginning log switch checkpoint up to RBA
OCI-21700: object does not exist or is marked for delete
Thread 1 advanced to log sequence 841
Completed checkpoint up to RBA
ARC0: Archival started
ORA-47242: error creating Realm 1024 , ttprod1
Current log# 114 seq# 6132 mem# 0
Starting background process VKTM
Thread 1 advanced to log sequence 124
Archived Log entry 719 added for thread 1 sequence 9161
ORA-56706: The specified Resource Manager plan is a subplan and cannot be set as a top-level plan
Undo initialization finished
Beginning log switch checkpoint up to RBA
QSM-00800: the specified workload name /u01/app/oracle/oradata/ttprod/users01.dbf is invalid
Archived Log entry 522 added for thread 1 sequence 2711
Completed checkpoint up to RBA
Current log# 387 seq# 7623 mem# 0
NNO-00703: checkpoint interval changed to number seconds
Completed checkpoint up to RBA
Current log# 504 seq# 6760 mem# 0
Beginning log switch checkpoint up to RBA
Current log# 555 seq# 9077 mem# 0
NNL-00296: Controller's local trace level changed from number to number
Starting background process VKTM
Beginning log switch checkpoint up to RBA
Completed checkpoint up to RBA
ARC0: Archival started
LPX-00012: Unicode data alignment error
Starting background process VKTM
Thread 1 advanced to log sequence 577
Undo initialization finished
Undo initialization finished
XOQ-02511: The cube storage DATE data type is incompatible with materialized views.
Undo initialization finished
Completed checkpoint up to RBA
Current log# 277 seq# 7188 mem# 0
LPX-00125: duplicate entity "~S" (ignored)
Current log# 999 seq# 1534 mem# 0
ARC0: Archival started
Starting background process VKTM
Undo initialization finished
ORA-38403: attribute set name may not be longer than 22 characters
Starting background process VKTM
ORA-18122: XUDY0023 - Updating expression introduces a namespace conflict
Errors in file /u01/app/oracle/diag/rdbms/ttprod/ttprod1/trace/ttprod1_ora_49816.trc
Completed checkpoint up to RBA
Undo initialization finished
Undo initialization finished
RMAN-03001: recovery manager command sequencer component initialization failed
Errors in file /u01/app/oracle/diag/rdbms/ttprod/ttprod1/trace/ttprod1_ora_51371.trc
Completed checkpoint up to RBA
Beginning log switch checkpoint up to RBA
Beginning log switch checkpoint up to RBA
ARC0: Archival started
Completed checkpoint up to RBA
INS-32091: Software installation was successful. But some configuration assistants failed, were cancelled or skipped.
Current log# 632 seq# 1217 mem# 0
Archived Log entry 99 added for thread 1 sequence 2953
Undo initialization finished
Completed checkpoint up to RBA
CRS-00813: Cluster Ready Service aborted due to failure to initialize the network layer with error [ 17 ]. Details at ttprod1 in BILLING.CUST_ORDERS .
Errors in file /u01/app/oracle/diag/rdbms/ttprod/ttprod1/trace/ttprod1_ora_85847.trc
Completed checkpoint up to RBA
Current log# 84 seq# 5396 mem# 0
Beginning log switch checkpoint up to RBA
IMG-00516: default channel out of range
Errors in file /u01/app/oracle/diag/rdbms/ttprod/ttprod1/trace/ttprod1_ora_48907.trc
ARC0: Archival started
ORA-07609: szprv: $HASH_PASSWORD failure
Undo initialization finished
RMAN-06191: PL/SQL package 17 . DATA_TS01 version TNS_ADMIN in CRM.CALL_DETAIL_RECORDS database is too new
Undo initialization finished
Thread 1 advanced to log sequence 536
Starting background process VKTM
Thread 1 advanced to log sequence 68
ORA-00330: archived log ends at change 1024 , need change 42
ARC0: Archival started
Archived Log entry 547 added for thread 1 sequence 6813
Undo initialization finished
Completed checkpoint up to RBA
PGU-41021: PKGCALL parameter was previously specified
Starting background process VKTM
Current log# 701 seq# 2057 mem# 0
Thread 1 advanced to log sequence 32
Undo initialization finished
ORA-06913: CMX: error during redirection of connection
Undo initialization finished
Thread 1 advanced to log sequence 281
Beginning log switch checkpoint up to RBA
ARC0: Archival started
Completed checkpoint up to RBA
ORA-47343: error deleting Rule Set 17 , USERS
Beginning log switch checkpoint up to RBA
Archived Log entry 529 added for thread 1 sequence 7357
Archived Log entry 200 added for thread 1 sequence 6651
Thread 1 advanced to log sequence 702
PRCS-01007: Server pool {0} already exists
Completed checkpoint up to RBA
Undo initialization finished
Completed checkpoint up to RBA
Archived Log entry 801 added for thread 1 sequence 4774
ORA-02751: osnfsmmap: cannot map shared memory file
Starting background process VKTM
ARC0: Archival started
Starting background process VKTM
ORA-49427: No such file or file not accessible [ APP_USER42 ]
Current log# 6 seq# 2647 mem# 0
Current log# 230 seq# 2410 mem# 0
ORA-14521: Default tablespace 5000 block size [ pg_toast_12345 ] for user_sessions DATA_TS01 does not match existing APP_USER42 block size [ USERS ]
Completed checkpoint up to RBA
Beginning log switch checkpoint up to RBA
Undo initialization finished
Archived Log entry 523 added for thread 1 sequence 3602
ORA-56508: DRCP: Pool startup failed
ARC0: Archival started
Beginning log switch checkpoint up to RBA
Starting background process VKTM
Undo initialization finished
Beginning log switch checkpoint up to RBA
ORA-37578: Invalid cube operations log operation value.
Beginning log switch checkpoint up to RBA
Undo initialization finished
Undo initialization finished
Completed checkpoint up to RBA
Undo initialization finished
PCC-02407: Object and REF types do not match
Thread 1 advanced to log sequence 564
Thread 1 advanced to log sequence 185
Starting background process VKTM
ORA-55632: Tablespace has Flashback Archive tables
Errors in file /u01/app/oracle/diag/rdbms/ttprod/ttprod1/trace/ttprod1_ora_98628.trc
Beginning log switch checkpoint up to RBA
Starting background process VKTM
ORA-13862: Statistics aggregation for client identifier fk_order_customer is not enabled
Current log# 442 seq# 9947 mem# 0
Archived Log entry 757 added for thread 1 sequence 6910
Thread 1 advanced to log sequence 126
DRG-11850: Transformation Applied
Thread 1 advanced to log sequence 675
Current log# 874 seq# 7224 mem# 0
XOQ-01991: The data type of this measure in cube " 1024 " or its mapped expression is incompatible with materialized views.
Undo initialization finished
Thread 1 advanced to log sequence 32
Thread 1 advanced to log sequence 375
Beginning log switch checkpoint up to RBA
Completed checkpoint up to RBA
EXP-00064: shared pool is an inner nested table and cannot be exported.
Current log# 4 seq# 5886 mem# 0
Undo initialization finished
Beginning log switch checkpoint up to RBA
Archived Log entry 634 added for thread 1 sequence 3006
Undo initialization finished
IMP-00090: Unexpected DbmsJava error number at step number while creating SP2-0552
Errors in file /u01/app/oracle/diag/rdbms/ttprod/ttprod1/trace/ttprod1_ora_55383.trc
Thread 1 advanced to log sequence 150
Starting background process VKTM
Current log# 303 seq# 1712 mem# 0
Thread 1 advanced to log sequence 222
ORA-55310: parse failed for the CDR_STAGING lexical value: NETWORK_OPS.SIM_INVENTORY
Starting background process VKTM
Thread 1 advanced to log sequence 221
ARC0: Archival started
Starting background process VKTM
Archived Log entry 957 added for thread 1 sequence 5636
NCR-01007: NCRS: Operation is not supported in a given mode.
Beginning log switch checkpoint up to RBA
Starting background process VKTM
Starting background process VKTM
Starting background process VKTM
Archived Log entry 157 added for thread 1 sequence 4978
RMAN-05051: analyzing automatic repair options; this may take some time
Errors in file /u01/app/oracle/diag/rdbms/ttprod/ttprod1/trace/ttprod1_ora_48833.trc
Starting background process VKTM
ORA-46257: Property ' APP_USER42 ' cannot be cleared
Archived Log entry 110 added for thread 1 sequence 9184
Beginning log switch checkpoint up to RBA
Completed checkpoint up to RBA
PLS-00110: bind variable ' pg_toast_12345 ' not allowed in this context
ARC0: Archival started
ORA-40023: sufficient memory could not be allocated given the number of attributes
Errors in file /u01/app/oracle/diag/rdbms/ttprod/ttprod1/trace/ttprod1_ora_90324.trc
Current log# 931 seq# 8543 mem# 0
Starting background process VKTM
ORA-19958: potential deadlock involving DIAG process
Errors in file /u01/app/oracle/diag/rdbms/ttprod/ttprod1/trace/ttprod1_ora_51019.trc
ARC0: Archival started
Thread 1 advanced to log sequence 759
Starting background process VKTM
RMAN-06404: database dismounted
ARC0: Archival started
Thread 1 advanced to log sequence 226
Completed checkpoint up to RBA
ORA-40116: NULL values found in weights table
Completed checkpoint up to RBA
Archived Log entry 790 added for thread 1 sequence 9643
Starting background process VKTM
Beginning log switch checkpoint up to RBA
LPX-00230: invalid character ~1u (~2x) found in a Name or Nmtoken
Completed checkpoint up to RBA
Beginning log switch checkpoint up to RBA
Thread 1 advanced to log sequence 998
RMAN-06949: finished flashback log search, restored session_1123 blocks
Errors in file /u01/app/oracle/diag/rdbms/ttprod/ttprod1/trace/ttprod1_ora_59014.trc
Completed checkpoint up to RBA
Starting background process VKTM
Completed checkpoint up to RBA
Archived Log entry 17 added for thread 1 sequence 1418
Thread 1 advanced to log sequence 577
RMAN-06405: database closed
Starting background process VKTM
Completed checkpoint up to RBA
Starting background process VKTM
Undo initialization finished
XOQ-01705: CLEAR command cannot run on a dimension.
Thread 1 advanced to log sequence 748
RMAN-05514: Tablespace UNDOTBS1 has undo information, cannot skip
Starting background process VKTM
Undo initialization finished
ORA-54560: query element cannot be a collection or multitype geometry
Archived Log entry 913 added for thread 1 sequence 9742
ARC0: Archival started
Completed checkpoint up to RBA
Thread 1 advanced to log sequence 305
Starting background process VKTM
ORA-01555: Snapshot too old
Thread 1 advanced to log sequence 330
Completed checkpoint up to RBA
PRVF-07037: Reserve_policy setting prevents sharing of {0} on nodes:
Thread 1 advanced to log sequence 436
Completed checkpoint up to RBA
PLS-01458: The set clause in an UPDATE statement requires a column name of length 1
Thread 1 advanced to log sequence 48
Beginning log switch checkpoint up to RBA
Current log# 595 seq# 4649 mem# 0
Thread 1 advanced to log sequence 254
Completed checkpoint up to RBA
QSM-01273: query rewrite not possible because materialized view app_db has a join not found in query
Thread 1 advanced to log sequence 301
Thread 1 advanced to log sequence 79
Thread 1 advanced to log sequence 728
ARC0: Archival started
ORA-39020: invalid mode type 3
Errors in file /u01/app/oracle/diag/rdbms/ttprod/ttprod1/trace/ttprod1_ora_34987.trc
ARC0: Archival started
ORA-46072: Column width too small
Current log# 210 seq# 2286 mem# 0
Undo initialization finished
Beginning log switch checkpoint up to RBA
Undo initialization finished
XOQ-01700: Cube " NETWORK_OPS.SIM_INVENTORY " is not part of an analytic workspace.
Beginning log switch checkpoint up to RBA
DRG-13014: base table has rows with language column value idx_users_email
Starting background process VKTM
Undo initialization finished
ORA-19620: DATA_TS01 is not of session_1123 type
Archived Log entry 441 added for thread 1 sequence 4709
ARC0: Archival started
ORA-19030: Method invalid for non-schema based XML Documents.
Current log# 508 seq# 7872 mem# 0
Archived Log entry 64 added for thread 1 sequence 3133
Archived Log entry 656 added for thread 1 sequence 3169
ORA-55625: Cannot grant Flashback Archive privilege to a role
Errors in file /u01/app/oracle/diag/rdbms/ttprod/ttprod1/trace/ttprod1_ora_24702.trc
Current log# 392 seq# 4795 mem# 0
Beginning log switch checkpoint up to RBA
RMAN-08536: channel CDR_STAGING : AUTOBACKUP found: user_sessions
Archived Log entry 559 added for thread 1 sequence 4719
Beginning log switch checkpoint up to RBA
ARC0: Archival started
Completed checkpoint up to RBA
CLST-01902: configuring node: node number user_sessions , node name BILLING.CUST_ORDERS
Starting background process VKTM
Starting background process VKTM
Completed checkpoint up to RBA
ORA-03131: an invalid buffer was provided for the next piece
Thread 1 advanced to log sequence 801
Archived Log entry 9 added for thread 1 sequence 9028
Current log# 585 seq# 4346 mem# 0
TNS-00580: Read failed due to closed or invalid transport connection
Current log# 393 seq# 7944 mem# 0
Archived Log entry 420 added for thread 1 sequence 7551
ORA-02775: Invalid request done signal
Completed checkpoint up to RBA
Completed checkpoint up to RBA
Archived Log entry 748 added for thread 1 sequence 9893
ARC0: Archival started
Archived Log entry 979 added for thread 1 sequence 9525
ORA-12520: TNS:listener could not find available handler for requested type of server
ARC0: Archival started
Completed checkpoint up to RBA
RMAN-06957: finished standby search, restored SP2-0552 blocks
Thread 1 advanced to log sequence 351
Beginning log switch checkpoint up to RBA
NID-00132: CHECKPOINT_CHANGE# in datafile " ttstandby01 ": 1024 in the future of controlfile: 17
Archived Log entry 368 added for thread 1 sequence 7787
Thread 1 advanced to log sequence 214
NID-00402: Must finish change or REVERT changes before attempting any database operation.
Beginning log switch checkpoint up to RBA
Thread 1 advanced to log sequence 698
Starting background process VKTM
ORA-31148: 3 is not a valid resource configuration
Undo initialization finished
RDE-04013: service name conflict
Beginning log switch checkpoint up to RBA
Thread 1 advanced to log sequence 551
Archived Log entry 899 added for thread 1 sequence 9222
RMAN-08028: channel 3 : copy current control file failed
ARC0: Archival started
CRS-02555: Resource ' SP2-0552 ' cannot be relocated as it is a local resource
Beginning log switch checkpoint up to RBA
Completed checkpoint up to RBA
Undo initialization finished
ARC0: Archival started
Beginning log switch checkpoint up to RBA
RMAN-05522: Skipping tablespace idx_users_email
Errors in file /u01/app/oracle/diag/rdbms/ttprod/ttprod1/trace/ttprod1_ora_41281.trc
Archived Log entry 206 added for thread 1 sequence 5182
Completed checkpoint up to RBA
Current log# 535 seq# 5160 mem# 0
TNS-02526: server proxy type does not match client type
Starting background process VKTM
Starting background process VKTM
CRS-05817: Caught exception from user code for command ' 17 '. Details at INVOICE_LINES_IDX in TNS_ADMIN .
Archived Log entry 216 added for thread 1 sequence 5591
ORA-25235: fetched all messages in current transaction from session_1123 . ttprod1
Errors in file /u01/app/oracle/diag/rdbms/ttprod/ttprod1/trace/ttprod1_ora_61426.trc
Thread 1 advanced to log sequence 90
ARC0: Archival started
Archived Log entry 760 added for thread 1 sequence 1234
Current log# 879 seq# 4474 mem# 0
ORA-07849: sllfsk: $GET failure
Errors in file /u01/app/oracle/diag/rdbms/ttprod/ttprod1/trace/ttprod1_ora_20015.trc
Starting background process VKTM
Thread 1 advanced to log sequence 448
Archived Log entry 237 added for thread 1 sequence 3729
PCC-00062: Must use option SQLCHECK=SEMANTICS(FULL) when there is embedded PL/SQL
Errors in file /u01/app/oracle/diag/rdbms/ttprod/ttprod1/trace/ttprod1_ora_89602.trc
Completed checkpoint up to RBA
RMAN-06787: WARNING: TAG large pool option is ignored; backups will be tagged with DATA_TS01
Errors in file /u01/app/oracle/diag/rdbms/ttprod/ttprod1/trace/ttprod1_ora_92692.trc
ARC0: Archival started
Thread 1 advanced to log sequence 49
Archived Log entry 639 added for thread 1 sequence 1799
ORA-23446: duplicate template site
Archived Log entry 400 added for thread 1 sequence 4209
Undo initialization finished
ORA-21705: service context is invalid
ARC0: Archival started
PCC-00102: FOR UPDATE is an Oracle extension
ARC0: Archival started
Beginning log switch checkpoint up to RBA
ARC0: Archival started
Completed checkpoint up to RBA
Archived Log entry 722 added for thread 1 sequence 7633
ORA-01805: possible error in date/time operation
Archived Log entry 493 added for thread 1 sequence 5280
PCC-02310: formal parameter VARCHARs should be declared as pointers
Starting background process VKTM
Thread 1 advanced to log sequence 107
Thread 1 advanced to log sequence 554
ARC0: Archival started
RMAN-07222: =======================
Archived Log entry 501 added for thread 1 sequence 6412
RMAN-07507: cataloging files...
Undo initialization finished
Undo initialization finished
Completed checkpoint up to RBA
TNS-00137: Failed to get TNS error message file entry
Errors in file /u01/app/oracle/diag/rdbms/ttprod/ttprod1/trace/ttprod1_ora_99044.trc
Starting background process VKTM
CLSR-00528: RACGONS: host and port number already configured in OCR
ARC0: Archival started
Thread 1 advanced to log sequence 987
ORA-13273: dimension metadata table TNS_ADMIN does not exist
Errors in file /u01/app/oracle/diag/rdbms/ttprod/ttprod1/trace/ttprod1_ora_17122.trc
Thread 1 advanced to log sequence 42
Starting background process VKTM
Archived Log entry 116 added for thread 1 sequence 8465
ORA-31461: logfile location 5000 contains no files that match pattern idx_users_email
Thread 1 advanced to log sequence 754
Completed checkpoint up to RBA
Completed checkpoint up to RBA
Undo initialization finished
Current log# 943 seq# 1390 mem# 0
ORA-31629: unable to allocate additional memory
ARC0: Archival started
Undo initialization finished
Current log# 504 seq# 9918 mem# 0
Undo initialization finished
ARC0: Archival started
NCR-01009: NCRS: Record handling error.
Current log# 480 seq# 6166 mem# 0
ARC0: Archival started
Thread 1 advanced to log sequence 178
ORA-21611: key length [ APP_USER42 ] is invalid
Beginning log switch checkpoint up to RBA
Completed checkpoint up to RBA
ARC0: Archival started
Beginning log switch checkpoint up to RBA
ORA-32818: AQ queue 1024 does not exist
Starting background process VKTM
Starting background process VKTM
KUP-03018: invalid date mask " PK_CUSTOMER_ACCOUNTS " specified for column DATA_TS01
Starting background process VKTM
Undo initialization finished
Beginning log switch checkpoint up to RBA
Beginning log switch checkpoint up to RBA
QSM-01018: single table materialized join view rewrite not required
Completed checkpoint up to RBA
Starting background process VKTM
Archived Log entry 308 added for thread 1 sequence 6666
RMAN-08191: See trace file CDR_STAGING for details
Beginning log switch checkpoint up to RBA
OCI-31105: User does not own lock " TNS_ADMIN "
Completed checkpoint up to RBA
Starting background process VKTM
Archived Log entry 694 added for thread 1 sequence 7150
IMP-00055: Warning: partition or subpartition " 17 ":" 5000 " not found in export file
Completed checkpoint up to RBA
ORA-16624: broker protocol version mismatch detected
Archived Log entry 684 added for thread 1 sequence 5247
ORA-26826: ttprod1 apply coordinator and apply slave are unable to communicate.
ARC0: Archival started
PCC-02104: Unable to connect to Oracle
Archived Log entry 962 added for thread 1 sequence 4088
Current log# 825 seq# 6972 mem# 0
RMAN-08129: failover to piece handle= ttprod2 tag= ttstandby01
Archived Log entry 732 added for thread 1 sequence 2658
Current log# 522 seq# 9769 mem# 0
CRS-09014: Error: Corrupt reply from the Cluster Logger Service
Current log# 917 seq# 3168 mem# 0
RMAN-08580: channel session_1123 : starting datafile copy
Undo initialization finished
ARC0: Archival started
ORA-48187: specified directory does not exist
Undo initialization finished
Thread 1 advanced to log sequence 986
ARC0: Archival started
ARC0: Archival started
ORA-37079: (XSMCSESS07) Aggmap workspace object cannot be used for AGGREGATE.
Undo initialization finished
Thread 1 advanced to log sequence 761
CRS-04686: Successful set logfilesize number for Cluster Synchronization Services.
Undo initialization finished
Archived Log entry 970 added for thread 1 sequence 5307
Beginning log switch checkpoint up to RBA
Beginning log switch checkpoint up to RBA
ORA-53032: The default preference document cannot be found.
Current log# 443 seq# 5898 mem# 0
Undo initialization finished
Undo initialization finished
Starting background process VKTM
ORA-30019: Illegal rollback Segment operation in Automatic Undo mode
Errors in file /u01/app/oracle/diag/rdbms/ttprod/ttprod1/trace/ttprod1_ora_53183.trc
Undo initialization finished
Archived Log entry 502 added for thread 1 sequence 9232
Thread 1 advanced to log sequence 415
Current log# 426 seq# 9343 mem# 0
Archived Log entry 458 added for thread 1 sequence 6882
NID-00506: SETNAME Set a new database name only NO
Starting background process VKTM
CRS-00020: An error occurred while attempting to create a file name object for file " SYSAUX " during file open processing. Additional diagnostics: BILLING.CUST_ORDERS
Starting background process VKTM
ARC0: Archival started
Undo initialization finished
ORA-13190: recursive SQL fetch failed
Undo initialization finished
Starting background process VKTM
Thread 1 advanced to log sequence 877
Starting background process VKTM
Undo initialization finished
RMAN-01008: the bad identifier was: USERS
Errors in file /u01/app/oracle/diag/rdbms/ttprod/ttprod1/trace/ttprod1_ora_64693.trc
Undo initialization finished
Thread 1 advanced to log sequence 506
Beginning log switch checkpoint up to RBA
Thread 1 advanced to log sequence 467
PCC-02437: Expecting an expression having binary integral type
Starting background process VKTM
Starting background process VKTM
QSM-01347: a query inline view could not be matched with any materialized view inline view
Errors in file /u01/app/oracle/diag/rdbms/ttprod/ttprod1/trace/ttprod1_ora_46787.trc
Archived Log entry 722 added for thread 1 sequence 4836
Beginning log switch checkpoint up to RBA
Beginning log switch checkpoint up to RBA
PGU-42022: VALUES clause must be the only clause at level 88
Errors in file /u01/app/oracle/diag/rdbms/ttprod/ttprod1/trace/ttprod1_ora_81182.trc
Archived Log entry 140 added for thread 1 sequence 5110
Beginning log switch checkpoint up to RBA
Undo initialization finished
Starting background process VKTM
Completed checkpoint up to RBA
ORA-41703: invalid child node in "object" element with "ref" attribute
Completed checkpoint up to RBA
Thread 1 advanced to log sequence 100
Archived Log entry 770 added for thread 1 sequence 1396
Current log# 498 seq# 6244 mem# 0
Thread 1 advanced to log sequence 711
RMAN-03037: Spooling started in log file: 17
Archived Log entry 538 added for thread 1 sequence 3653
Archived Log entry 298 added for thread 1 sequence 5984
ORA-47393: Factor APP_USER42 value not allowed
Completed checkpoint up to RBA
Beginning log switch checkpoint up to RBA
Starting background process VKTM
Thread 1 advanced to log sequence 343
Undo initialization finished
RMAN-08007: channel INVOICE_LINES_IDX : copied datafile copy of datafile fk_order_customer
Errors in file /u01/app/oracle/diag/rdbms/ttprod/ttprod1/trace/ttprod1_ora_98215.trc
Thread 1 advanced to log sequence 207
ARC0: Archival started
Current log# 822 seq# 1740 mem# 0
Archived Log entry 470 added for thread 1 sequence 9785
Thread 1 advanced to log sequence 616
ORA-00960: ambiguous column naming in select list
Starting background process VKTM
ARC0: Archival started
Thread 1 advanced to log sequence 560
Archived Log entry 930 added for thread 1 sequence 6796
Beginning log switch checkpoint up to RBA
OCI-31062: Cannot delete an unsaved resource
Completed checkpoint up to RBA
Current log# 639 seq# 8676 mem# 0
Starting background process VKTM
ORA-13768: Snapshot ID must be between CDR_STAGING and ttprod1 .
Beginning log switch checkpoint up to RBA
Undo initialization finished
Thread 1 advanced to log sequence 301
Completed checkpoint up to RBA
ORA-56929: Ending an upgrade window failed
Starting background process VKTM
ARC0: Archival started
Thread 1 advanced to log sequence 762
IMG-00505: missing value in CUT rectangle
Undo initialization finished
RMAN-08097: channel reporting_schema : starting validation of archived log backup set
Archived Log entry 490 added for thread 1 sequence 5960
Archived Log entry 151 added for thread 1 sequence 4360
Starting background process VKTM
ORA-08414: error encountered in SP2-0552
Beginning log switch checkpoint up to RBA
Undo initialization finished
Current log# 699 seq# 1824 mem# 0
Thread 1 advanced to log sequence 208
ARC0: Archival started
XOQ-02514: The attribute " ttprod2 " is mapped to different expressions on the two HierarchyLevels " reporting_schema " and " SP2-0552 ".
ARC0: Archival started
ORA-55321: network already exists
Archived Log entry 434 added for thread 1 sequence 8589
ARC0: Archival started
Thread 1 advanced to log sequence 753
ORA-15103: conflicting or duplicate REPAIR options
Errors in file /u01/app/oracle/diag/rdbms/ttprod/ttprod1/trace/ttprod1_ora_46151.trc
Undo initialization finished
ORA-26031: index maintenance error, the load cannot continue
Beginning log switch checkpoint up to RBA
Undo initialization finished
Starting background process VKTM
ORA-53017: The installation file PK_CUSTOMER_ACCOUNTS has an incorrect document type
Archived Log entry 688 added for thread 1 sequence 3109
ORA-12800: system appears too busy for parallel query execution
Archived Log entry 222 added for thread 1 sequence 4564
Archived Log entry 758 added for thread 1 sequence 8341
ARC0: Archival started
Current log# 11 seq# 9990 mem# 0
RMAN-08106: channel SP2-0552 : restoring block(s)
Completed checkpoint up to RBA
Archived Log entry 52 added for thread 1 sequence 2513
ORA-39936: Token manager for the CSX tablespace shared pool not fully contained in the transportable set.
Archived Log entry 631 added for thread 1 sequence 5082
ORA-12677: Authentication service not supported by database link
Starting background process VKTM
Starting background process VKTM
Undo initialization finished
Starting background process VKTM
Archived Log entry 730 added for thread 1 sequence 1240
ORA-09370: Windows 3.1 Two-Task driver ORACLE task timed out
Errors in file /u01/app/oracle/diag/rdbms/ttprod/ttprod1/trace/ttprod1_ora_73825.trc
Thread 1 advanced to log sequence 234
Undo initialization finished
ARC0: Archival started
Undo initialization finished
PCB-00312: Keyword WORK required here by ANSI
Undo initialization finished
Completed checkpoint up to RBA
Completed checkpoint up to RBA
RMAN-06040: control file is already restored to file SYSAUX
Starting background process VKTM
Undo initialization finished
Undo initialization finished
Starting background process VKTM
Beginning log switch checkpoint up to RBA
RMAN-02008: no value exists for variable " pk_orders "
Starting background process VKTM
Undo initialization finished
Starting background process VKTM
NID-00371: Change database name of database CDR_STAGING to shared pool ? (Y/[N]) =>
Starting background process VKTM
Undo initialization finished
Completed checkpoint up to RBA
PCB-00320: VARYING host variable " 17 " is an Oracle extension
Errors in file /u01/app/oracle/diag/rdbms/ttprod/ttprod1/trace/ttprod1_ora_84200.trc
ARC0: Archival started
ORA-38869: datafile app_db has been restored from an RMAN backup with undo block compression.
Completed checkpoint up to RBA
Completed checkpoint up to RBA
Thread 1 advanced to log sequence 485
Starting background process VKTM
Beginning log switch checkpoint up to RBA
CLSR-00005: Error encountered during memory allocation
Completed checkpoint up to RBA
ORA-08499: Warning: picture mask options ' 42 ' ignored by UTL_PG
Undo initialization finished
RDE-00009: data too large for buffer. Buffer length: number . Required: number .
ARC0: Archival started
ARC0: Archival started
ORA-12913: Cannot create dictionary managed tablespace
Starting background process VKTM
Archived Log entry 311 added for thread 1 sequence 5664
Beginning log switch checkpoint up to RBA
Current log# 627 seq# 8325 mem# 0
Starting background process VKTM
ORA-13753: "SQL Tuning Set" " pk_orders " already exists for user " 5000 ".
Starting background process VKTM
Undo initialization finished
PRKO-02703: CVU is already enabled
Errors in file /u01/app/oracle/diag/rdbms/ttprod/ttprod1/trace/ttprod1_ora_72100.trc
Completed checkpoint up to RBA
RMAN-08017: channel NETWORK_OPS.SIM_INVENTORY : starting archived log restore to default destination
Completed checkpoint up to RBA
Completed checkpoint up to RBA
Beginning log switch checkpoint up to RBA
Thread 1 advanced to log sequence 584
ORA-26709: Streams RFS restart
ARC0: Archival started
Starting background process VKTM
NNL-00240: Starting " large pool "...
Errors in file /u01/app/oracle/diag/rdbms/ttprod/ttprod1/trace/ttprod1_ora_11693.trc
Thread 1 advanced to log sequence 177
PCC-00001: Unable to open file /u01/app/oracle/oradata/ttprod/users01.dbf
Errors in file /u01/app/oracle/diag/rdbms/ttprod/ttprod1/trace/ttprod1_ora_87703.trc
Thread 1 advanced to log sequence 244
Archived Log entry 981 added for thread 1 sequence 3278
Archived Log entry 817 added for thread 1 sequence 1052
Beginning log switch checkpoint up to RBA
ORA-47996: The RECYCLEBIN is turned on
Thread 1 advanced to log sequence 231
KUP-11009: data for row: DATA_TS01
Completed checkpoint up to RBA
Archived Log entry 733 added for thread 1 sequence 5977
Beginning log switch checkpoint up to RBA
Starting background process VKTM
CLSU-00222: WARNING printed by clsecho: 5000
Current log# 406 seq# 3770 mem# 0
Beginning log switch checkpoint up to RBA
Undo initialization finished
PRVF-04144: Media Sensing status check for TCP/IP cannot be performed on nodes:
Thread 1 advanced to log sequence 25
Undo initialization finished
Beginning log switch checkpoint up to RBA
Starting background process VKTM
Thread 1 advanced to log sequence 787
ORA-36204: (XSAGOP04N) In AGGMAP workspace object , the NAOPERATOR DATA_TS01 must be HFIRST, HLAST or HEVEN.
Archived Log entry 313 added for thread 1 sequence 6097
ARC0: Archival started
Thread 1 advanced to log sequence 510
Beginning log switch checkpoint up to RBA
ARC0: Archival started
PLS-00554: character set has already been determined
Errors in file /u01/app/oracle/diag/rdbms/ttprod/ttprod1/trace/ttprod1_ora_64550.trc
Beginning log switch checkpoint up to RBA
Completed checkpoint up to RBA
PLS-01501: Options in CREATE TABLE statement is non-ANSI.
Beginning log switch checkpoint up to RBA
ARC0: Archival started
Archived Log entry 918 added for thread 1 sequence 2053
Undo initialization finished
ORA-41646: missing " shared pool " attribute for " fk_order_customer " element in the rule condition
Archived Log entry 566 added for thread 1 sequence 7535
Thread 1 advanced to log sequence 840
Beginning log switch checkpoint up to RBA
ORA-19135: XQST0075: An implementation that does not support the Validation Feature must raise a static error if it encounters a validate expression
Undo initialization finished
Undo initialization finished
NID-00315: Operation already in progress, continuing
Starting background process VKTM
Archived Log entry 933 added for thread 1 sequence 8697
LPX-00207: expected "[" at the start of conditional section
Undo initialization finished
Thread 1 advanced to log sequence 647
Archived Log entry 413 added for thread 1 sequence 1424
Thread 1 advanced to log sequence 829
Starting background process VKTM
PRCD-01037: Failed to set Oracle home {0} for database {1} on node {2}
Undo initialization finished
Beginning log switch checkpoint up to RBA
NNO-00603: enabling all request processing
Errors in file /u01/app/oracle/diag/rdbms/ttprod/ttprod1/trace/ttprod1_ora_93911.trc
Beginning log switch checkpoint up to RBA
ARC0: Archival started
Starting background process VKTM
ORA-29510: name, ttstandby01 . APP_USER42 , already used by an existing object
Errors in file /u01/app/oracle/diag/rdbms/ttprod/ttprod1/trace/ttprod1_ora_33591.trc
Beginning log switch checkpoint up to RBA
Beginning log switch checkpoint up to RBA
ORA-19708: log destination exceeds maximum length of /u01/app/oracle/oradata/ttprod/users01.dbf characters
Errors in file /u01/app/oracle/diag/rdbms/ttprod/ttprod1/trace/ttprod1_ora_30997.trc
Starting background process VKTM
Thread 1 advanced to log sequence 523
Thread 1 advanced to log sequence 805
Thread 1 advanced to log sequence 660
Completed checkpoint up to RBA
KUP-04061: directory object TNS_ADMIN specified for LOBFILE column 1024 is not valid
Archived Log entry 751 added for thread 1 sequence 4317
Completed checkpoint up to RBA
ORA-03293: Cluster to be truncated is a HASH CLUSTER
Archived Log entry 643 added for thread 1 sequence 6397
Beginning log switch checkpoint up to RBA
Starting background process VKTM
Beginning log switch checkpoint up to RBA
Current log# 197 seq# 5431 mem# 0
ORA-44412: Invalid ACL: Cyclic ACL inheritance is not allowed
Current log# 832 seq# 4933 mem# 0
Current log# 777 seq# 3441 mem# 0
Completed checkpoint up to RBA
Thread 1 advanced to log sequence 674
ORA-14753: Interval cannot be zero
Errors in file /u01/app/oracle/diag/rdbms/ttprod/ttprod1/trace/ttprod1_ora_88547.trc
Thread 1 advanced to log sequence 137
Thread 1 advanced to log sequence 703
Thread 1 advanced to log sequence 464
EVM-00007: Failed to write to temporary file
Errors in file /u01/app/oracle/diag/rdbms/ttprod/ttprod1/trace/ttprod1_ora_62925.trc
Completed checkpoint up to RBA
Current log# 249 seq# 3869 mem# 0
Completed checkpoint up to RBA
OCI-22337: the type of accessed object has been evolved
ARC0: Archival started
Completed checkpoint up to RBA
Starting background process VKTM
ORA-29549: class SYSAUX . APP_USER42 has changed, Java session state cleared
Undo initialization finished
Archived Log entry 955 added for thread 1 sequence 5453
Archived Log entry 337 added for thread 1 sequence 5489
Completed checkpoint up to RBA
ORA-16551: short user_sessions copied
Beginning log switch checkpoint up to RBA
Archived Log entry 669 added for thread 1 sequence 1287
Archived Log entry 564 added for thread 1 sequence 9109
Starting background process VKTM
Starting background process VKTM
RMAN-08300: Run SQL script NETWORK_OPS.SIM_INVENTORY on the target platform to create database
Current log# 481 seq# 3001 mem# 0
Current log# 974 seq# 1418 mem# 0
ORA-19225: XPST0005 - XQuery static type error: expected non empty type got empty sequence
Completed checkpoint up to RBA
Completed checkpoint up to RBA
Archived Log entry 384 added for thread 1 sequence 2160
Thread 1 advanced to log sequence 315
Thread 1 advanced to log sequence 981
LPX-01052: [XQDY0052]
Thread 1 advanced to log sequence 425
ORA-19373: invalid staging table or tablespace
Current log# 173 seq# 5261 mem# 0
Archived Log entry 876 added for thread 1 sequence 5319
Completed checkpoint up to RBA
Thread 1 advanced to log sequence 281
ORA-31007: Attempted to delete non-empty container CRM.CALL_DETAIL_RECORDS / USERS
Starting background process VKTM
Undo initialization finished
Current log# 159 seq# 5347 mem# 0
Completed checkpoint up to RBA
DIA-48003: out of process memory when trying to allocate CDR_STAGING bytes ( 42 , app_db )
Thread 1 advanced to log sequence 940
Current log# 167 seq# 7877 mem# 0
Undo initialization finished
Starting background process VKTM
Current log# 914 seq# 8077 mem# 0
SQL-02139: Unable to get the OCI handles
Errors in file /u01/app/oracle/diag/rdbms/ttprod/ttprod1/trace/ttprod1_ora_76680.trc
Thread 1 advanced to log sequence 240
Archived Log entry 16 added for thread 1 sequence 8237
LSX-00024: unknown attribute group "~S"
Errors in file /u01/app/oracle/diag/rdbms/ttprod/ttprod1/trace/ttprod1_ora_19387.trc
Starting background process VKTM
Thread 1 advanced to log sequence 985
ORA-13986: Error \ USERS received from XPath engine
Thread 1 advanced to log sequence 144
Current log# 639 seq# 7318 mem# 0
Thread 1 advanced to log sequence 879
Completed checkpoint up to RBA
Completed checkpoint up to RBA
PGU-00111: illegal SHOW option
Starting background process VKTM
Undo initialization finished
NNL-00035: File _SYSSMU7$ or nested IFILEs not found.
Thread 1 advanced to log sequence 647
Beginning log switch checkpoint up to RBA
ORA-39940: Child reference partitioned table large pool . 42 in tablespace user_sessions or parent table BILLING.CUST_ORDERS . TNS_ADMIN in tablespace INVOICE_LINES_IDX is included but not both.
Thread 1 advanced to log sequence 499
Completed checkpoint up to RBA
ORA-26020: index CDR_STAGING . _SYSSMU12$ loaded successfully with idx_users_email keys
Undo initialization finished
Archived Log entry 626 added for thread 1 sequence 1540
PGU-42022: VALUES clause must be the only clause at level 88
Completed checkpoint up to RBA
Completed checkpoint up to RBA
Beginning log switch checkpoint up to RBA
ARC0: Archival started
KUP-04057: internal error: OCI error while fetching record.
Archived Log entry 46 added for thread 1 sequence 1861
Completed checkpoint up to RBA
Completed checkpoint up to RBA
ARC0: Archival started
ORA-09818: Number is too large
Current log# 385 seq# 1889 mem# 0
Thread 1 advanced to log sequence 824
ARC0: Archival started
Beginning log switch checkpoint up to RBA
Archived Log entry 80 added for thread 1 sequence 4037
RMAN-08054: starting media recovery
Archived Log entry 157 added for thread 1 sequence 5722
ARC0: Archival started
Beginning log switch checkpoint up to RBA
Starting background process VKTM
Starting background process VKTM
DRG-11439: index name length exceeds maximum of _SYSSMU12$ bytes
Archived Log entry 429 added for thread 1 sequence 4680
RMAN-06201: Deleted pg_toast_12345 objects
Archived Log entry 280 added for thread 1 sequence 7309
Thread 1 advanced to log sequence 242
ARC0: Archival started
ARC0: Archival started
Current log# 710 seq# 9859 mem# 0
XOQ-00504: cannot execute the query
Completed checkpoint up to RBA
Undo initialization finished
Undo initialization finished
Current log# 106 seq# 9726 mem# 0
NNO-00333: warning: ROS admin_region types obsolete; using SQL
Archived Log entry 545 added for thread 1 sequence 4131
Starting background process VKTM
Starting background process VKTM
Completed checkpoint up to RBA
Beginning log switch checkpoint up to RBA
XOQ-01729: Explicit SCN build is not allowed.
Starting background process VKTM
Archived Log entry 806 added for thread 1 sequence 7635
Starting background process VKTM
Archived Log entry 165 added for thread 1 sequence 6250
Starting background process VKTM
ORA-39174: Encryption password must be supplied.
Thread 1 advanced to log sequence 775
OCI-31099: XDB Security Internal Error
Archived Log entry 519 added for thread 1 sequence 9987
Starting background process VKTM
Completed checkpoint up to RBA
CRS-02563: Attempt to start resource ' 3 ' on ' UNDOTBS1 ' has failed. Will re-retry on ' 5000 ' now.
Completed checkpoint up to RBA
Beginning log switch checkpoint up to RBA
Undo initialization finished
Archived Log entry 716 added for thread 1 sequence 7413
Current log# 750 seq# 1473 mem# 0
IMP-00092: Java object " PK_CUSTOMER_ACCOUNTS "." 1024 " already exists, cannot be created
Completed checkpoint up to RBA
Current log# 125 seq# 9384 mem# 0
RMAN-08184: added tempfile pg_toast_12345 to tablespace idx_users_email in control file
ARC0: Archival started
Thread 1 advanced to log sequence 205
Undo initialization finished
ORA-16813: log apply service not running on apply instance 5000 recorded by the broker
Current log# 281 seq# 9514 mem# 0
ORA-06919: CMX: error during write request (unknown event)
Errors in file /u01/app/oracle/diag/rdbms/ttprod/ttprod1/trace/ttprod1_ora_10492.trc
Current log# 387 seq# 4099 mem# 0
Undo initialization finished
Archived Log entry 64 added for thread 1 sequence 8271
ARC0: Archival started
PRCD-01102: Failed to create preconnect service for service {0}
Starting background process VKTM
ARC0: Archival started
DRG-13103: index table _SYSSMU12$ is partitioned
Starting background process VKTM
ORA-54605: CREATE_PC: scratch-tables/views ( SYSAUX ) exist and need to be dropped
Beginning log switch checkpoint up to RBA
Completed checkpoint up to RBA
PGU-00360: object to be described does not exist
Undo initialization finished
Current log# 298 seq# 9720 mem# 0
Beginning log switch checkpoint up to RBA
Starting background process VKTM
Archived Log entry 271 added for thread 1 sequence 3292
PCB-00204: Group items cannot be used except in INTO or VALUES clause
Starting background process VKTM
Undo initialization finished
RMAN-08615: channel 1024
Starting background process VKTM
Thread 1 advanced to log sequence 365
ARC0: Archival started
Archived Log entry 685 added for thread 1 sequence 5452
ORA-30191: missing argument list
Errors in file /u01/app/oracle/diag/rdbms/ttprod/ttprod1/trace/ttprod1_ora_95984.trc
Starting background process VKTM
Beginning log switch checkpoint up to RBA
PGA-21105: startup for local LU ttprod2 is warm
Errors in file /u01/app/oracle/diag/rdbms/ttprod/ttprod1/trace/ttprod1_ora_89537.trc
Thread 1 advanced to log sequence 371
Thread 1 advanced to log sequence 28
Archived Log entry 662 added for thread 1 sequence 4856
Beginning log switch checkpoint up to RBA
Undo initialization finished
ORA-13061: topology with the name PK_CUSTOMER_ACCOUNTS does not exist
Errors in file /u01/app/oracle/diag/rdbms/ttprod/ttprod1/trace/ttprod1_ora_95154.trc
Completed checkpoint up to RBA
ORA-14214: VALUES (<value list>) cannot be used for Range subpartitioned tables
Beginning log switch checkpoint up to RBA
Starting background process VKTM
ARC0: Archival started
Thread 1 advanced to log sequence 442
NID-00331: The following datafiles are disabled:
Current log# 101 seq# 1737 mem# 0
RMAN-08528: channel SP2-0552 : proxy copy complete, elapsed time: SYSAUX
Beginning log switch checkpoint up to RBA
ORA-09976: skxfqdini: Error Creating Port
Undo initialization finished
ARC0: Archival started
PRCN-02047: VIP {0} exists
Completed checkpoint up to RBA
ARC0: Archival started
Beginning log switch checkpoint up to RBA
Undo initialization finished
CRS-00006: file rotation processing continues for file: " /u01/app/oracle/oradata/ttprod/users01.dbf "
Undo initialization finished
Completed checkpoint up to RBA
Thread 1 advanced to log sequence 933
ORA-16227: DDL skipped due to missing object
Current log# 963 seq# 2090 mem# 0
Beginning log switch checkpoint up to RBA
Current log# 734 seq# 9028 mem# 0
Starting background process VKTM
Completed checkpoint up to RBA
ORA-36989: (XSRELGID23) GROUPSET and ROLLUP options in GROUPINGID require the destination relation.
Beginning log switch checkpoint up to RBA
CRS-02583: Value ' number ' must be in the ' number ' - ' number ' range
Errors in file /u01/app/oracle/diag/rdbms/ttprod/ttprod1/trace/ttprod1_ora_17184.trc
Beginning log switch checkpoint up to RBA
ORA-12920: database is already in force logging mode
Archived Log entry 738 added for thread 1 sequence 3290
ARC0: Archival started
Thread 1 advanced to log sequence 959
ARC0: Archival started
PROC-00025: Error in the NLS services
Completed checkpoint up to RBA
Thread 1 advanced to log sequence 600
Undo initialization finished
ARC0: Archival started
Beginning log switch checkpoint up to RBA
NCR-04017: NCRR: Unable to find the interface instance handle
ARC0: Archival started
ARC0: Archival started
Starting background process VKTM
Undo initialization finished
Undo initialization finished
PLS-00417: unable to resolve " ttprod1 " as a column
Current log# 452 seq# 3717 mem# 0
Beginning log switch checkpoint up to RBA
Starting background process VKTM
NNL-01010: Forwarding contexts allocated: number
Thread 1 advanced to log sequence 223
Thread 1 advanced to log sequence 161
Archived Log entry 489 added for thread 1 sequence 8779
Archived Log entry 143 added for thread 1 sequence 1511
Archived Log entry 971 added for thread 1 sequence 5960
TNS-12550: TNS:syntax error
Errors in file /u01/app/oracle/diag/rdbms/ttprod/ttprod1/trace/ttprod1_ora_65448.trc
Starting background process VKTM
ARC0: Archival started
ORA-06440: ssaio: the asynchronous read returned incorrect number of bytes
Completed checkpoint up to RBA
Completed checkpoint up to RBA
Thread 1 advanced to log sequence 868
Undo initialization finished
Thread 1 advanced to log sequence 541
NNO-00327: server statistic counter dump ends
Undo initialization finished
Completed checkpoint up to RBA
RMAN-05551: Not connected to TARGET, cannot verify that set of tablespaces being duplicated does not have SYS objects
Errors in file /u01/app/oracle/diag/rdbms/ttprod/ttprod1/trace/ttprod1_ora_91387.trc
Undo initialization finished
Thread 1 advanced to log sequence 92
PLS-00726: MODIFY ELEMENT is supported only on schema-level varray and nested tables
Current log# 968 seq# 4942 mem# 0
Starting background process VKTM
Thread 1 advanced to log sequence 931
Archived Log entry 549 added for thread 1 sequence 2191
Thread 1 advanced to log sequence 707
ORA-14258: invalid partition description
Current log# 445 seq# 1605 mem# 0
Beginning log switch checkpoint up to RBA
Archived Log entry 979 added for thread 1 sequence 1195
Starting background process VKTM
ARC0: Archival started
RMAN-06611: Following RMAN configuration applied before deleting logs:
Thread 1 advanced to log sequence 582
Completed checkpoint up to RBA
ORA-29662: Unable to find a field that matches one or more of the attributes
Current log# 778 seq# 9929 mem# 0
Archived Log entry 186 added for thread 1 sequence 7615
ORA-19884: datafile _SYSSMU7$ is unable to use Unused Block Optimization because tablespace has been dropped
Undo initialization finished
Current log# 722 seq# 5365 mem# 0
PRVF-04663: Found configuration issue with the 'hosts' entry in the /etc/nsswitch.conf file
Completed checkpoint up to RBA
Archived Log entry 299 added for thread 1 sequence 8698
Thread 1 advanced to log sequence 338
Starting background process VKTM
Thread 1 advanced to log sequence 643
LPX-01113: [FOCH0004] Collation does not support collation units
Current log# 855 seq# 6148 mem# 0
PRCD-01102: Failed to create preconnect service for service {0}
Errors in file /u01/app/oracle/diag/rdbms/ttprod/ttprod1/trace/ttprod1_ora_90283.trc
Archived Log entry 104 added for thread 1 sequence 6065
Completed checkpoint up to RBA
Starting background process VKTM
ORA-37044: (XSACQUIRE_OLDGEN) Cannot acquire object workspace object without resync.
Errors in file /u01/app/oracle/diag/rdbms/ttprod/ttprod1/trace/ttprod1_ora_61959.trc
ARC0: Archival started
Undo initialization finished
ORA-32600: RETENTION and PCTVERSION cannot be used together
Completed checkpoint up to RBA
ORA-06000: NETASY: port open failure
Archived Log entry 400 added for thread 1 sequence 2392
Archived Log entry 356 added for thread 1 sequence 5296
Thread 1 advanced to log sequence 874
Undo initialization finished
Beginning log switch checkpoint up to RBA
RMAN-08181: media recovery complete, elapsed time: UNDOTBS1
Archived Log entry 970 added for thread 1 sequence 4993
ORA-23368: name APP_USER42 cannot be null or the empty TNS_ADMIN
ARC0: Archival started
Beginning log switch checkpoint up to RBA
Archived Log entry 120 added for thread 1 sequence 2247
RMAN-08094: channel ttprod1 : specifying datafile(s) for proxy restore
Completed checkpoint up to RBA
Thread 1 advanced to log sequence 972
Thread 1 advanced to log sequence 64
ORA-28007: the password cannot be reused
Undo initialization finished
XOQ-01986: The LevelHierarchy " 3 " contains more than one HierarchyLevel for DimensionLevel " _SYSSMU12$ ".
Beginning log switch checkpoint up to RBA
ARC0: Archival started
Current log# 403 seq# 5347 mem# 0
Completed checkpoint up to RBA
ORA-29892: indextypes with array DML do not support the given data type
Thread 1 advanced to log sequence 905
Current log# 939 seq# 9775 mem# 0
Undo initialization finished
Archived Log entry 63 added for thread 1 sequence 9173
ARC0: Archival started
CRS-10035: invalid name server ' pk_orders ' specified in command line
Thread 1 advanced to log sequence 27
Undo initialization finished
Current log# 468 seq# 4539 mem# 0
Undo initialization finished
PRCI-01134: Applying subnet mask {0} to IP address {1} resulted in an invalid IP address format
Undo initialization finished
ARC0: Archival started
Archived Log entry 397 added for thread 1 sequence 3539
Starting background process VKTM
RMAN-08304: To change the internal database identifier, use DBNEWID Utility
Errors in file /u01/app/oracle/diag/rdbms/ttprod/ttprod1/trace/ttprod1_ora_36209.trc
Current log# 912 seq# 9806 mem# 0
Current log# 892 seq# 6434 mem# 0
ORA-26906: No change handler exists.
Errors in file /u01/app/oracle/diag/rdbms/ttprod/ttprod1/trace/ttprod1_ora_73212.trc
Beginning log switch checkpoint up to RBA
Current log# 755 seq# 4319 mem# 0
ARC0: Archival started
Starting background process VKTM
Beginning log switch checkpoint up to RBA
RMAN-08520: channel PK_CUSTOMER_ACCOUNTS : scanning archived log fk_order_customer
Current log# 452 seq# 1019 mem# 0
Current log# 997 seq# 8923 mem# 0
ORA-07683: sou2os: $SETPRV reset error
Beginning log switch checkpoint up to RBA
Starting background process VKTM
PRVF-10107: Failed to retrieve ASMLib information on the nodes:
Errors in file /u01/app/oracle/diag/rdbms/ttprod/ttprod1/trace/ttprod1_ora_55848.trc
Thread 1 advanced to log sequence 260
ORA-56708: Could not find any datafiles with asynchronous i/o capability
Beginning log switch checkpoint up to RBA
Archived Log entry 284 added for thread 1 sequence 2605
Thread 1 advanced to log sequence 179
ARC0: Archival started
DRG-11007: multiple stopwords specified
Undo initialization finished
Beginning log switch checkpoint up to RBA
RMAN-06216: WARNING: db_unique_name mismatch - UNDOTBS1 objects could not be updated
Beginning log switch checkpoint up to RBA
ORA-01515: error dropping log group NETWORK_OPS.SIM_INVENTORY : no such log
Archived Log entry 780 added for thread 1 sequence 7600
ARC0: Archival started
ORA-19140: XPST0083: It is a static error if the target type of a cast expression or constructor function is xs:QName or a type derived from xs:QName or xs:NOTATION, and the argument of the cast expression or constructor function is not a 42 literal
Errors in file /u01/app/oracle/diag/rdbms/ttprod/ttprod1/trace/ttprod1_ora_95239.trc
Archived Log entry 45 added for thread 1 sequence 8674
Completed checkpoint up to RBA
TNS-12158: TNS:could not initialize parameter subsystem
ARC0: Archival started
Current log# 753 seq# 2588 mem# 0
Starting background process VKTM
ARC0: Archival started
Completed checkpoint up to RBA
RMAN-08525: backing up blocks BILLING.CUST_ORDERS through USERS
Current log# 678 seq# 1061 mem# 0
Undo initialization finished
Beginning log switch checkpoint up to RBA
PCB-00321: Implicit varchar host variables are an Oracle extension
Thread 1 advanced to log sequence 718
Archived Log entry 176 added for thread 1 sequence 5699
ORA-14632: cannot specify PARALLEL clause when adding a List subpartition
Thread 1 advanced to log sequence 664
ORA-14611: Duplicate subpartition name SP2-0552 in template
Archived Log entry 485 added for thread 1 sequence 4043
Completed checkpoint up to RBA
Thread 1 advanced to log sequence 229
ORA-13524: error encountered while retrieving baseline information
Thread 1 advanced to log sequence 806
Beginning log switch checkpoint up to RBA
DRG-11446: supplied knowledge base file pg_toast_12345 not installed
Undo initialization finished
PCC-00103: AT clause is an Oracle extension
Archived Log entry 930 added for thread 1 sequence 2036
Starting background process VKTM
Beginning log switch checkpoint up to RBA
PGU-41103: INFILE parameter was previously specified
Starting background process VKTM
Starting background process VKTM
ORA-16671: instance-specific property must be set uniquely for instances of an Oracle RAC database
Errors in file /u01/app/oracle/diag/rdbms/ttprod/ttprod1/trace/ttprod1_ora_25194.trc
Beginning log switch checkpoint up to RBA
Completed checkpoint up to RBA
DRG-51025: an invalid character was passed to the stemmer
Completed checkpoint up to RBA
Completed checkpoint up to RBA
Completed checkpoint up to RBA
ARC0: Archival started
ARC0: Archival started
ORA-13786: missing SQL text of statement object " CRM.CALL_DETAIL_RECORDS " for tuning task " _SYSSMU12$ "
Undo initialization finished
Current log# 636 seq# 8866 mem# 0
NNL-00555: Displays meta data statistics
Completed checkpoint up to RBA
Current log# 176 seq# 9653 mem# 0
Undo initialization finished
Beginning log switch checkpoint up to RBA
RMAN-08064: Reconnection with the recovery catalog is successful.
Current log# 915 seq# 2319 mem# 0
ARC0: Archival started
ORA-07484: snlkput: cannot convert(put) lock.
Archived Log entry 681 added for thread 1 sequence 6921
Thread 1 advanced to log sequence 933
Undo initialization finished
Beginning log switch checkpoint up to RBA
ARC0: Archival started
RMAN-08038: channel PK_CUSTOMER_ACCOUNTS : starting piece large pool at NETWORK_OPS.SIM_INVENTORY
Undo initialization finished
Beginning log switch checkpoint up to RBA
Beginning log switch checkpoint up to RBA
RMAN-06806: compression algorithm ' TNS_ADMIN ' of release NETWORK_OPS.SIM_INVENTORY not found
Current log# 603 seq# 3553 mem# 0
Completed checkpoint up to RBA
RMAN-06797: Grant succeeded.
Errors in file /u01/app/oracle/diag/rdbms/ttprod/ttprod1/trace/ttprod1_ora_62256.trc
ARC0: Archival started
Undo initialization finished
Undo initialization finished
QSM-01102: materialized view, NETWORK_OPS.SIM_INVENTORY , requires join back to table, UNDOTBS1 , on column, session_1123
ARC0: Archival started
Archived Log entry 519 added for thread 1 sequence 2639
ORA-46102: Privilege pk_orders aggregated in security class pk_orders is not found
Undo initialization finished
Beginning log switch checkpoint up to RBA
Starting background process VKTM
NNO-00316: statistic counter reset disabled
Errors in file /u01/app/oracle/diag/rdbms/ttprod/ttprod1/trace/ttprod1_ora_43323.trc
Completed checkpoint up to RBA
Undo initialization finished
Undo initialization finished
PRCC-01012: {0} was already disabled
Completed checkpoint up to RBA
Archived Log entry 205 added for thread 1 sequence 4896
Undo initialization finished
ORA-16642: DB_UNIQUE_NAME mismatch
Thread 1 advanced to log sequence 71
ORA-13769: Snapshots TNS_ADMIN and SYSAUX do not exist.
Errors in file /u01/app/oracle/diag/rdbms/ttprod/ttprod1/trace/ttprod1_ora_43588.trc
Archived Log entry 268 added for thread 1 sequence 3204
ARC0: Archival started
Current log# 950 seq# 9573 mem# 0
Beginning log switch checkpoint up to RBA
Archived Log entry 337 added for thread 1 sequence 4843
EVM-00303: Keyword " fk_order_customer " is invalid in this position
Errors in file /u01/app/oracle/diag/rdbms/ttprod/ttprod1/trace/ttprod1_ora_20644.trc
Current log# 240 seq# 6391 mem# 0
Thread 1 advanced to log sequence 192
ORA-23347: datatype DATA_TS01 for column 42 table 42 not supported
Undo initialization finished
Undo initialization finished
Undo initialization finished
Thread 1 advanced to log sequence 501
Starting background process VKTM
RMAN-08071: channel _SYSSMU7$ : deleting archived log(s)
Errors in file /u01/app/oracle/diag/rdbms/ttprod/ttprod1/trace/ttprod1_ora_19470.trc
Starting background process VKTM
Completed checkpoint up to RBA
RMAN-06400: database opened
Current log# 111 seq# 5574 mem# 0
Undo initialization finished
Archived Log entry 158 added for thread 1 sequence 7364
Thread 1 advanced to log sequence 768
RMAN-06957: finished standby search, restored idx_users_email blocks
Undo initialization finished
Completed checkpoint up to RBA
Current log# 362 seq# 2864 mem# 0
Thread 1 advanced to log sequence 273
Current log# 328 seq# 6518 mem# 0
ORA-01176: data dictionary has more than the 17 files allowed by the controlfie
Errors in file /u01/app/oracle/diag/rdbms/ttprod/ttprod1/trace/ttprod1_ora_42978.trc
Beginning log switch checkpoint up to RBA
ORA-24853: failed to connect thread to shared subsystem
Beginning log switch checkpoint up to RBA
RMAN-06461: current control file cannot be backed up by proxy.
Current log# 7 seq# 7164 mem# 0
Current log# 51 seq# 7404 mem# 0
Archived Log entry 846 added for thread 1 sequence 9996
ORA-06906: CMX: cannot get maximum packet size from CMX
ARC0: Archival started
Thread 1 advanced to log sequence 338
ARC0: Archival started
ORA-08314: sllfcf: Error closing file
Errors in file /u01/app/oracle/diag/rdbms/ttprod/ttprod1/trace/ttprod1_ora_90384.trc
Archived Log entry 431 added for thread 1 sequence 8621
Beginning log switch checkpoint up to RBA
Archived Log entry 290 added for thread 1 sequence 6502
Thread 1 advanced to log sequence 18
PCC-00117: Invalid ARRAYLEN length variable type
Completed checkpoint up to RBA
Current log# 628 seq# 6642 mem# 0
Thread 1 advanced to log sequence 582
Beginning log switch checkpoint up to RBA
Thread 1 advanced to log sequence 63
CRS-02553: Server pool ' app_db ' cannot be unregistered as it does not exist
Completed checkpoint up to RBA
ORA-09370: Windows 3.1 Two-Task driver ORACLE task timed out
Starting background process VKTM
Undo initialization finished
Undo initialization finished
Beginning log switch checkpoint up to RBA
Beginning log switch checkpoint up to RBA
RMAN-05590: Reenabling controlfile options for auxiliary database
Beginning log switch checkpoint up to RBA
Starting background process VKTM
Thread 1 advanced to log sequence 911
Completed checkpoint up to RBA
Archived Log entry 73 added for thread 1 sequence 8229
RMAN-08102: channel pk_orders : located backup piece: 3
Completed checkpoint up to RBA
Beginning log switch checkpoint up to RBA
Archived Log entry 34 added for thread 1 sequence 7548
PLS-01417: Use of %attribute
Thread 1 advanced to log sequence 446
Completed checkpoint up to RBA
ARC0: Archival started
Current log# 944 seq# 8376 mem# 0
RMAN-08112: archived log failover was done on user_sessions , check alert log for more info
Current log# 627 seq# 6013 mem# 0
ORA-60010: adding ( PK_CUSTOMER_ACCOUNTS ) blocks to LOB segment ttprod2 . session_1123 with MAXSIZE ( USERS )
ARC0: Archival started
Archived Log entry 623 added for thread 1 sequence 1844
LPX-00400: an internal error has occurred in XPATH
ARC0: Archival started
JMS-00151: Topics cannot be of type EXCEPTION
Current log# 828 seq# 1390 mem# 0
TNS-00521: Missing keyword
Undo initialization finished
Archived Log entry 217 added for thread 1 sequence 8101
RMAN-06967: finished primary search, recovered 3 blocks
Errors in file /u01/app/oracle/diag/rdbms/ttprod/ttprod1/trace/ttprod1_ora_46437.trc
Thread 1 advanced to log sequence 910
Starting background process VKTM
Starting background process VKTM
XOQ-01977: Measure " large pool " does not exist in cube " PK_CUSTOMER_ACCOUNTS ".
Undo initialization finished
Undo initialization finished
ARC0: Archival started
XOQ-01749: Dimension member " CDR_STAGING " is not a member of dimension " _SYSSMU7$ ".
Errors in file /u01/app/oracle/diag/rdbms/ttprod/ttprod1/trace/ttprod1_ora_47712.trc
Beginning log switch checkpoint up to RBA
Starting background process VKTM
Current log# 862 seq# 3628 mem# 0
Thread 1 advanced to log sequence 160
ARC0: Archival started
ORA-39095: Dump file space has been exhausted: Unable to allocate pk_orders bytes
Completed checkpoint up to RBA
Beginning log switch checkpoint up to RBA
Undo initialization finished
Archived Log entry 788 added for thread 1 sequence 2707
ORA-47904: OLS session label does not exist
Undo initialization finished
Current log# 429 seq# 8590 mem# 0
Beginning log switch checkpoint up to RBA
Starting background process VKTM
Completed checkpoint up to RBA
ORA-19738: cannot find language information for character set: ' SYSAUX '
Thread 1 advanced to log sequence 79
Undo initialization finished
Thread 1 advanced to log sequence 871
Current log# 15 seq# 5709 mem# 0
ORA-30368: ATTRIBUTE cannot determine column in a different relation
Archived Log entry 965 added for thread 1 sequence 3882
Thread 1 advanced to log sequence 147
Completed checkpoint up to RBA
CRS-02542: The tag ' DATA_TS01 ' is mentioned in both ' CRM.CALL_DETAIL_RECORDS ' and ' ttprod1 ' attributes, which is conflicting
Starting background process VKTM
ORA-26911: invalid oldest position (current position= UNDOTBS1 ; new position= USERS )
Beginning log switch checkpoint up to RBA
Current log# 741 seq# 8930 mem# 0
Undo initialization finished
Current log# 645 seq# 8894 mem# 0
ORA-16625: cannot reach database " ttstandby01 "
Undo initialization finished
ARC0: Archival started
ARC0: Archival started
Thread 1 advanced to log sequence 721
Completed checkpoint up to RBA
ORA-33425: (EIFMAKEF15) CAUTION: Exporting NTEXT objects using app_db for the EIF file character set can cause loss of data. To preserve all NTEXT data, export using the UTF8 character set for the EIF file.
Current log# 285 seq# 2952 mem# 0
ORA-23317: a communication failure has occurred
Starting background process VKTM
Thread 1 advanced to log sequence 273
ORA-12910: cannot specify temporary tablespace as default tablespace
Starting background process VKTM
Undo initialization finished
Thread 1 advanced to log sequence 42
Starting background process VKTM
RMAN-08538: channel SYSAUX : no AUTOBACKUP in USERS days found
Beginning log switch checkpoint up to RBA
Starting background process VKTM
Undo initialization finished
ORA-13487: SRID not found for source coordinate system metadata
Thread 1 advanced to log sequence 24
ARC0: Archival started
Archived Log entry 95 added for thread 1 sequence 1348
Undo initialization finished
RMAN-08152: global script idx_users_email written to file TNS_ADMIN
Errors in file /u01/app/oracle/diag/rdbms/ttprod/ttprod1/trace/ttprod1_ora_12563.trc
Thread 1 advanced to log sequence 155
Current log# 914 seq# 2785 mem# 0
Starting background process VKTM
Current log# 62 seq# 3765 mem# 0
Completed checkpoint up to RBA
ORA-14050: invalid ALTER INDEX MODIFY PARTITION option
Beginning log switch checkpoint up to RBA
Thread 1 advanced to log sequence 906
Starting background process VKTM
Beginning log switch checkpoint up to RBA
CRS-01401: EVMD started on node shared pool .
Archived Log entry 203 added for thread 1 sequence 6413
Archived Log entry 853 added for thread 1 sequence 8412
RMAN-12018: channel APP_USER42 disabled, job failed on it will be run on another channel
Errors in file /u01/app/oracle/diag/rdbms/ttprod/ttprod1/trace/ttprod1_ora_78726.trc
Undo initialization finished
ARC0: Archival started
Beginning log switch checkpoint up to RBA
Completed checkpoint up to RBA
PLS-00674: references to fields of BULK In-BIND table of records or objects must have the form A(I).F
Thread 1 advanced to log sequence 728
ARC0: Archival started
Undo initialization finished
Beginning log switch checkpoint up to RBA
TNS-01004: reload [<listener_name>] : reload the parameter files and SIDs
Undo initialization finished
Archived Log entry 987 added for thread 1 sequence 6368
RMAN-06225: shutting down automatic instance DATA_TS01
Errors in file /u01/app/oracle/diag/rdbms/ttprod/ttprod1/trace/ttprod1_ora_89508.trc
Undo initialization finished
Completed checkpoint up to RBA
Thread 1 advanced to log sequence 706
Undo initialization finished
RMAN-06001: error parsing job step library
Archived Log entry 590 added for thread 1 sequence 6822
Archived Log entry 156 added for thread 1 sequence 5335
Completed checkpoint up to RBA
Beginning log switch checkpoint up to RBA
PCB-00319: EXEC ORACLE statements are an Oracle extension
Archived Log entry 908 added for thread 1 sequence 6781
ARC0: Archival started
ORA-32314: REFRESH FAST of " SYSAUX "." CRM.CALL_DETAIL_RECORDS " unsupported after deletes/updates
Undo initialization finished
Archived Log entry 51 added for thread 1 sequence 5755
Completed checkpoint up to RBA
Completed checkpoint up to RBA
ORA-29910: invalid callback operation
Thread 1 advanced to log sequence 767
Completed checkpoint up to RBA
Thread 1 advanced to log sequence 129
Archived Log entry 653 added for thread 1 sequence 4599
ORA-15703: invalid version number " number " for SQL tuning set staging table
Errors in file /u01/app/oracle/diag/rdbms/ttprod/ttprod1/trace/ttprod1_ora_80974.trc
ARC0: Archival started
Current log# 504 seq# 7668 mem# 0
Completed checkpoint up to RBA
Undo initialization finished
Archived Log entry 749 added for thread 1 sequence 9824
ORA-29787: SIHA attribute SET failed with error [ 5000 ]
Undo initialization finished
Thread 1 advanced to log sequence 789
ORA-31226: DBMS_LDAP: MOD_ARRAY size limit exceeded
Errors in file /u01/app/oracle/diag/rdbms/ttprod/ttprod1/trace/ttprod1_ora_39757.trc
Undo initialization finished
ARC0: Archival started
JMS-00173: Queue Table {0} not found
Thread 1 advanced to log sequence 727
Current log# 853 seq# 8378 mem# 0
Archived Log entry 921 added for thread 1 sequence 9788
ORA-32742: Hang analysis initialize failed
Archived Log entry 148 added for thread 1 sequence 9643
Archived Log entry 129 added for thread 1 sequence 4612
Undo initialization finished
ARC0: Archival started
Starting background process VKTM
RMAN-06407: auxiliary instance file SYSAUX deleted
Thread 1 advanced to log sequence 97
Thread 1 advanced to log sequence 514
Completed checkpoint up to RBA
TNS-04019: Starting Oracle Connection Manager instance pg_toast_12345 . Please wait...
ARC0: Archival started
Undo initialization finished
Beginning log switch checkpoint up to RBA
ORA-09367: Windows 3.1 Two-Task driver unable to deallocate shared memory
Starting background process VKTM
ARC0: Archival started
Archived Log entry 378 added for thread 1 sequence 5558
QSM-01042: anchor and matching join arc check failed for UNDOTBS1
Errors in file /u01/app/oracle/diag/rdbms/ttprod/ttprod1/trace/ttprod1_ora_60419.trc
Current log# 483 seq# 6059 mem# 0
Undo initialization finished
ORA-26836: The specified rules must be created from the same subsetting condition
ARC0: Archival started
Starting background process VKTM
Undo initialization finished
ARC0: Archival started
QSM-01120: recursive rewrite not allowed here
Completed checkpoint up to RBA
ARC0: Archival started
Current log# 404 seq# 9643 mem# 0
Archived Log entry 140 added for thread 1 sequence 7414
ORA-00261: log 1024 of thread user_sessions is being archived or modified
Starting background process VKTM
Beginning log switch checkpoint up to RBA
ARC0: Archival started
ARC0: Archival started
Beginning log switch checkpoint up to RBA
ORA-26865: must send a COMMIT LCR to end transaction ' pk_orders ' before sending another transaction
ARC0: Archival started
Completed checkpoint up to RBA
ARC0: Archival started
Starting background process VKTM
ORA-35276: (SNSYN163) The format of the ALLOCATE command is: ALLOCATE varname [SOURCE svarname] [BASIS bvarname [ACROSS dimname]] [TARGET tvarname [TARGETLOG logvarname]] [USING aggmap]
Starting background process VKTM
ARC0: Archival started
Thread 1 advanced to log sequence 100
Completed checkpoint up to RBA
Beginning log switch checkpoint up to RBA
PRIF-00031: Failed to delete the specified network interface because it is the last private interface
Errors in file /u01/app/oracle/diag/rdbms/ttprod/ttprod1/trace/ttprod1_ora_30377.trc
Thread 1 advanced to log sequence 223
Thread 1 advanced to log sequence 408
ORA-02255: obsolete 7.1.5
Starting background process VKTM
ARC0: Archival started
Completed checkpoint up to RBA
RMAN-06011: invalid level specified: number
Starting background process VKTM
Beginning log switch checkpoint up to RBA
Current log# 338 seq# 2869 mem# 0
LPX-01113: [FOCH0004] Collation does not support collation units
Completed checkpoint up to RBA
Completed checkpoint up to RBA
Beginning log switch checkpoint up to RBA
Archived Log entry 811 added for thread 1 sequence 6183
Current log# 498 seq# 2643 mem# 0
RMAN-08542: channel 17 : starting proxy archived log backup at pg_toast_12345
Thread 1 advanced to log sequence 749
Thread 1 advanced to log sequence 702
ARC0: Archival started
NNL-00987: Authoritative answers when authority: number
Beginning log switch checkpoint up to RBA
Completed checkpoint up to RBA
Undo initialization finished
Starting background process VKTM
XOQ-01912: The cube has no organization.
ARC0: Archival started
Starting background process VKTM
Thread 1 advanced to log sequence 543
RMAN-08555: channel ttprod2 : restoring section CDR_STAGING of INVOICE_LINES_IDX
Archived Log entry 488 added for thread 1 sequence 2877
Beginning log switch checkpoint up to RBA
Undo initialization finished
Starting background process VKTM
Beginning log switch checkpoint up to RBA
ORA-01230: cannot make read only - file DATA_TS01 is offline
Errors in file /u01/app/oracle/diag/rdbms/ttprod/ttprod1/trace/ttprod1_ora_33642.trc
Undo initialization finished
Thread 1 advanced to log sequence 25
ARC0: Archival started
RMAN-03018: asynchronous RPCs are working correctly
Errors in file /u01/app/oracle/diag/rdbms/ttprod/ttprod1/trace/ttprod1_ora_51667.trc
Thread 1 advanced to log sequence 762
Undo initialization finished
RMAN-06786: could not read file header for datafile 17 to do FLASHBACK.
Starting background process VKTM
Beginning log switch checkpoint up to RBA
Completed checkpoint up to RBA
Thread 1 advanced to log sequence 683
DIA-48151: error getting operating system time for a file
Completed checkpoint up to RBA
Thread 1 advanced to log sequence 817
Undo initialization finished
Thread 1 advanced to log sequence 358
Current log# 883 seq# 5363 mem# 0
RMAN-06139: WARNING: control file is not current for REPORT SCHEMA
Errors in file /u01/app/oracle/diag/rdbms/ttprod/ttprod1/trace/ttprod1_ora_81145.trc
Current log# 668 seq# 6011 mem# 0
OCI-21703: cannot flush an object that is not modified
Errors in file /u01/app/oracle/diag/rdbms/ttprod/ttprod1/trace/ttprod1_ora_15392.trc
Archived Log entry 658 added for thread 1 sequence 7333
Current log# 484 seq# 6185 mem# 0
Current log# 696 seq# 4968 mem# 0
ARC0: Archival started
QSM-01202: query rewrite not possible when OPTIMIZER_MODE is set to rule based
Archived Log entry 810 added for thread 1 sequence 2243
Current log# 15 seq# 8943 mem# 0
ARC0: Archival started
ORA-19884: datafile ttprod1 is unable to use Unused Block Optimization because tablespace has been dropped
Starting background process VKTM
TNS-01302: nr err code: number
Errors in file /u01/app/oracle/diag/rdbms/ttprod/ttprod1/trace/ttprod1_ora_11038.trc
Thread 1 advanced to log sequence 297
Undo initialization finished
Archived Log entry 997 added for thread 1 sequence 4504
Archived Log entry 956 added for thread 1 sequence 8939
IMG-00921: threshold out of range
Starting background process VKTM
Completed checkpoint up to RBA
Archived Log entry 76 added for thread 1 sequence 6222
ARC0: Archival started
Completed checkpoint up to RBA
CRS-04732: Could not be open file APP_USER42 .
Errors in file /u01/app/oracle/diag/rdbms/ttprod/ttprod1/trace/ttprod1_ora_60267.trc
Beginning log switch checkpoint up to RBA
Archived Log entry 82 added for thread 1 sequence 1467
ARC0: Archival started
PRCD-01076: Failed to retrieve the management policy for database {0}
Thread 1 advanced to log sequence 252
Beginning log switch checkpoint up to RBA
Beginning log switch checkpoint up to RBA
NNO-00700: warning: cannot checkpoint the cache, trying again in number seconds
Starting background process VKTM
Thread 1 advanced to log sequence 736
Archived Log entry 843 added for thread 1 sequence 6195
Current log# 956 seq# 1209 mem# 0
Undo initialization finished
ORA-22632: AnyDataSet parameter is not valid for the current operation
Starting background process VKTM
Undo initialization finished
Undo initialization finished
PROC-00048: Cannot perform the Oracle Cluster Registry operation due to a transient error.
Current log# 83 seq# 1854 mem# 0
Archived Log entry 949 added for thread 1 sequence 1404
Starting background process VKTM
ARC0: Archival started
ORA-10940: trace name context forever
Errors in file /u01/app/oracle/diag/rdbms/ttprod/ttprod1/trace/ttprod1_ora_21155.trc
ARC0: Archival started
Beginning log switch checkpoint up to RBA
Thread 1 advanced to log sequence 772
ORA-03222: average row size and row count must be greater than zero
Thread 1 advanced to log sequence 665
Archived Log entry 401 added for thread 1 sequence 9624
ORA-48315: ADR unavailable
Starting background process VKTM
Beginning log switch checkpoint up to RBA
Thread 1 advanced to log sequence 509
Thread 1 advanced to log sequence 731
RMAN-05047: Import completed
Completed checkpoint up to RBA
ARC0: Archival started
Current log# 620 seq# 2694 mem# 0
ORA-14163: subpartition number CDR_STAGING : INITRANS value must be less than MAXTRANS value
Current log# 358 seq# 3814 mem# 0
Undo initialization finished
Thread 1 advanced to log sequence 491
ORA-19104: invalid XQueryX: missing attribute _SYSSMU7$
Errors in file /u01/app/oracle/diag/rdbms/ttprod/ttprod1/trace/ttprod1_ora_63658.trc
Thread 1 advanced to log sequence 236
Beginning log switch checkpoint up to RBA
PLS-00337: " /u01/app/oracle/oradata/ttprod/users01.dbf " matches too many object table aliases
ARC0: Archival started
Undo initialization finished
Beginning log switch checkpoint up to RBA
Beginning log switch checkpoint up to RBA
Completed checkpoint up to RBA
RMAN-08026: channel USERS : copied archived log
Completed checkpoint up to RBA
Archived Log entry 528 added for thread 1 sequence 1909
Current log# 165 seq# 5280 mem# 0
ARC0: Archival started
ARC0: Archival started
PRCD-01011: Failed to identify whether this database {0} is a multi-instance database
Undo initialization finished
NNL-00225: Currently managing name server " ttprod1 "
Errors in file /u01/app/oracle/diag/rdbms/ttprod/ttprod1/trace/ttprod1_ora_64080.trc
Thread 1 advanced to log sequence 850
Current log# 198 seq# 8526 mem# 0
Completed checkpoint up to RBA
Beginning log switch checkpoint up to RBA
ORA-01240: too many data files to add in one command
Beginning log switch checkpoint up to RBA
ORA-02242: no options specified for ALTER INDEX
Archived Log entry 151 added for thread 1 sequence 7362
Archived Log entry 188 added for thread 1 sequence 8487
LPX-00054: LPU initialization failed, error ~u
Archived Log entry 954 added for thread 1 sequence 7545
Current log# 494 seq# 9114 mem# 0
NNL-00276: Trace level is now number
ARC0: Archival started
RMAN-06306: ====================
Beginning log switch checkpoint up to RBA
ARC0: Archival started
Thread 1 advanced to log sequence 124
ARC0: Archival started
NID-00121: Database should not be open
Archived Log entry 883 added for thread 1 sequence 2724
Completed checkpoint up to RBA
RDE-04011: no cache allocated
Beginning log switch checkpoint up to RBA
Completed checkpoint up to RBA
ARC0: Archival started
LPX-00220: the shared pool "]]>" cannot occur in character data
Archived Log entry 716 added for thread 1 sequence 9532
Beginning log switch checkpoint up to RBA
Starting background process VKTM
Starting background process VKTM
ORA-38424: no attribute set currently assigned to the expression set
Errors in file /u01/app/oracle/diag/rdbms/ttprod/ttprod1/trace/ttprod1_ora_22874.trc
Thread 1 advanced to log sequence 800
Completed checkpoint up to RBA
Thread 1 advanced to log sequence 606
Beginning log switch checkpoint up to RBA
ARC0: Archival started
RMAN-06219: List of objects not associated with all known db_unique_names
Starting background process VKTM
Undo initialization finished
Archived Log entry 128 added for thread 1 sequence 1440
Thread 1 advanced to log sequence 348
ORA-16123: transaction ttprod2 PK_CUSTOMER_ACCOUNTS fk_order_customer is waiting for commit approval
Undo initialization finished
ORA-39325: TABLE_EXISTS_ACTION cannot be applied to 1024 .
Current log# 676 seq# 4867 mem# 0
Starting background process VKTM
ARC0: Archival started
Archived Log entry 401 added for thread 1 sequence 6533
Completed checkpoint up to RBA
ORA-53215: cannot access ORDDataSource object with invalid source type
Current log# 100 seq# 3967 mem# 0
Completed checkpoint up to RBA
Thread 1 advanced to log sequence 650
Undo initialization finished
ORA-22872: OID INDEX clause not allowed on tables with primary key based object identifiers
Thread 1 advanced to log sequence 574
Undo initialization finished
Beginning log switch checkpoint up to RBA
Thread 1 advanced to log sequence 601
KUP-04014: invalid SLF parameter
Completed checkpoint up to RBA
Undo initialization finished
Current log# 449 seq# 8826 mem# 0
NNL-01074: ApplTable Index: number
Thread 1 advanced to log sequence 291
Current log# 41 seq# 6733 mem# 0
RMAN-08531: channel large pool : proxy copy CRM.CALL_DETAIL_RECORDS is USERS in media management catalog
Current log# 457 seq# 4339 mem# 0
Thread 1 advanced to log sequence 207
ORA-36235: (XSANALYZ05) the database compatibility must be 11.0.0.0 or higher
Errors in file /u01/app/oracle/diag/rdbms/ttprod/ttprod1/trace/ttprod1_ora_75340.trc
ARC0: Archival started
Current log# 479 seq# 9834 mem# 0
Beginning log switch checkpoint up to RBA
Undo initialization finished
ARC0: Archival started
ORA-02772: Invalid maximum server idle time
ARC0: Archival started
Completed checkpoint up to RBA
PRKO-02006: Invalid node name: {0}
Thread 1 advanced to log sequence 837
Completed checkpoint up to RBA
RMAN-06782: Datafile headers of locally managed datafiles need to be updated.
Completed checkpoint up to RBA
ARC0: Archival started
Archived Log entry 879 added for thread 1 sequence 1763
Completed checkpoint up to RBA
Beginning log switch checkpoint up to RBA
NNO-00158: warning: hint domain count number exceeds maximum of number , first number will be loaded
Thread 1 advanced to log sequence 88
Thread 1 advanced to log sequence 348
Thread 1 advanced to log sequence 279
RMAN-06025: no backup of archived log for thread number with sequence number and starting SCN of ttstandby01 found to restore
Undo initialization finished
ORA-55642: Table has column names that are reserved by Flashback Data Archive
ARC0: Archival started
Current log# 227 seq# 3013 mem# 0
Thread 1 advanced to log sequence 981
ARC0: Archival started
DRG-50608: unexpected end of data
Starting background process VKTM
Thread 1 advanced to log sequence 416
CRS-01605: CSSD voting file is online: SYSAUX ; details in CDR_STAGING .
Errors in file /u01/app/oracle/diag/rdbms/ttprod/ttprod1/trace/ttprod1_ora_70825.trc
ARC0: Archival started
ARC0: Archival started
Starting background process VKTM
Archived Log entry 7 added for thread 1 sequence 2380
Archived Log entry 702 added for thread 1 sequence 7300
ORA-39940: Child reference partitioned table shared pool . shared pool in tablespace large pool or parent table CRM.CALL_DETAIL_RECORDS . _SYSSMU12$ in tablespace ttprod2 is included but not both.
Errors in file /u01/app/oracle/diag/rdbms/ttprod/ttprod1/trace/ttprod1_ora_17158.trc
Thread 1 advanced to log sequence 459
Thread 1 advanced to log sequence 840
Current log# 957 seq# 4822 mem# 0
Archived Log entry 457 added for thread 1 sequence 4024
ORA-16745: unable to add DB_UNIQUE_NAME " ttprod2 " into the DG_CONFIG list because it is full
Archived Log entry 922 added for thread 1 sequence 7911
ORA-19800: Unable to initialize Oracle Managed Destination
ARC0: Archival started
Beginning log switch checkpoint up to RBA
ORA-01082: 'row_locking = always' requires the transaction processing option
ARC0: Archival started
Thread 1 advanced to log sequence 931
Completed checkpoint up to RBA
Archived Log entry 157 added for thread 1 sequence 7342
Starting background process VKTM
CRS-02624: One of ' 1024 ', ' session_1123 ' must be specified when ' shared pool ' is ' reporting_schema '
Completed checkpoint up to RBA
Thread 1 advanced to log sequence 809
TNS-00075: NOTE: the user may get the status info of a remote
Starting background process VKTM
Starting background process VKTM
Archived Log entry 354 added for thread 1 sequence 3004
Starting background process VKTM
ORA-38870: cannot backup a control file that may have incorrect data file structure.
Undo initialization finished
Starting background process VKTM
ARC0: Archival started
ARC0: Archival started
Starting background process VKTM
TNS-01110: Mismatch - password unchanged
Thread 1 advanced to log sequence 937
ORA-01715: UNIQUE may not be used with a cluster index
Current log# 534 seq# 6019 mem# 0
Beginning log switch checkpoint up to RBA
Undo initialization finished
Starting background process VKTM
EXP-00054: error on row number of subpartition DATA_TS01
Completed checkpoint up to RBA
ORA-47284: error adding Realm Object UNDOTBS1 . shared pool . ttprod2 is not a valid object type
ARC0: Archival started
Current log# 112 seq# 2405 mem# 0
Thread 1 advanced to log sequence 3
Current log# 562 seq# 5376 mem# 0
Archived Log entry 959 added for thread 1 sequence 1608
RMAN-08155: printing stored global script: CRM.CALL_DETAIL_RECORDS
Thread 1 advanced to log sequence 983
Current log# 155 seq# 4462 mem# 0
Completed checkpoint up to RBA
Completed checkpoint up to RBA
ORA-09206: sfrfb: error reading from file
Thread 1 advanced to log sequence 177
Starting background process VKTM
Completed checkpoint up to RBA
Starting background process VKTM
NID-00507: APPEND Append to output log NO
Completed checkpoint up to RBA
Completed checkpoint up to RBA
Beginning log switch checkpoint up to RBA
Starting background process VKTM
PGA-21100: RRM initializing for local LU CRM.CALL_DETAIL_RECORDS
Thread 1 advanced to log sequence 855
Starting background process VKTM
Current log# 579 seq# 8849 mem# 0
ORA-02036: too many variables to describe with automatic cursor open
Errors in file /u01/app/oracle/diag/rdbms/ttprod/ttprod1/trace/ttprod1_ora_98770.trc
Archived Log entry 653 added for thread 1 sequence 5617
RMAN-08187: WARNING: media recovery until SCN session_1123 complete
Completed checkpoint up to RBA
Undo initialization finished
TNS-01190: The user is not authorized to execute the requested listener command
Undo initialization finished
Starting background process VKTM
Current log# 386 seq# 4633 mem# 0
Archived Log entry 651 added for thread 1 sequence 3009
Undo initialization finished
NID-00442: Database has been shutdown, open database with RESETLOGS option.
Thread 1 advanced to log sequence 577
ARC0: Archival started
Completed checkpoint up to RBA
Beginning log switch checkpoint up to RBA
ORA-13715: " CRM.CALL_DETAIL_RECORDS " is not recognized by ADDM as a parameter name
Current log# 342 seq# 7755 mem# 0
Beginning log switch checkpoint up to RBA
Undo initialization finished
ORA-15024: discovered duplicately numbered ASM disk INVOICE_LINES_IDX
Errors in file /u01/app/oracle/diag/rdbms/ttprod/ttprod1/trace/ttprod1_ora_86320.trc
ARC0: Archival started
Undo initialization finished
ARC0: Archival started
ORA-25017: cannot reference NEW ROWID for movable rows in before triggers
Archived Log entry 309 added for thread 1 sequence 2450
Current log# 270 seq# 2311 mem# 0
ORA-01194: file NETWORK_OPS.SIM_INVENTORY needs more recovery to be consistent
Beginning log switch checkpoint up to RBA
Undo initialization finished
ORA-02768: Maximum number of files is invalid
Archived Log entry 475 added for thread 1 sequence 3645
Beginning log switch checkpoint up to RBA
Starting background process VKTM
OCI-21702: object is not instantiated or has been de-instantiated in cache
Starting background process VKTM
Completed checkpoint up to RBA
Undo initialization finished
ORA-19647: non-zero LEVEL cannot be specified when INCREMENTAL is FALSE
Errors in file /u01/app/oracle/diag/rdbms/ttprod/ttprod1/trace/ttprod1_ora_72190.trc
Completed checkpoint up to RBA
Undo initialization finished
JMS-00151: Topics cannot be of type EXCEPTION
Errors in file /u01/app/oracle/diag/rdbms/ttprod/ttprod1/trace/ttprod1_ora_25759.trc
Beginning log switch checkpoint up to RBA
Completed checkpoint up to RBA
Beginning log switch checkpoint up to RBA
ORA-19761: block size CRM.CALL_DETAIL_RECORDS is not valid for change tracking file
Errors in file /u01/app/oracle/diag/rdbms/ttprod/ttprod1/trace/ttprod1_ora_76296.trc
Beginning log switch checkpoint up to RBA
Current log# 879 seq# 9561 mem# 0
Undo initialization finished
ARC0: Archival started
ORA-09241: smsalo: error allocating SGA memory
Archived Log entry 455 added for thread 1 sequence 8266
Undo initialization finished
Current log# 410 seq# 1964 mem# 0
Current log# 75 seq# 4260 mem# 0
Archived Log entry 305 added for thread 1 sequence 2871
ORA-14605: Name missing for subpartition / lob segment in template
Undo initialization finished
ORA-14303: partitions or subpartitions are not in the right order
Completed checkpoint up to RBA
Completed checkpoint up to RBA
PLS-00146: duplicate external TRUSTED/UNTRUSTED specification in subprogram expression
Archived Log entry 564 added for thread 1 sequence 9110
ORA-16225: Missing LogMiner session name for Streams
Thread 1 advanced to log sequence 259
Current log# 253 seq# 2221 mem# 0
NNL-00342: Log file name is currently DATA_TS01
Starting background process VKTM
ARC0: Archival started
Undo initialization finished
Thread 1 advanced to log sequence 725
Current log# 977 seq# 3345 mem# 0
RMAN-06563: control file or SPFILE must be restored using FROM AUTOBACKUP
Thread 1 advanced to log sequence 605
Undo initialization finished
ARC0: Archival started
NNL-00809: Queries received, multiple types: number
Errors in file /u01/app/oracle/diag/rdbms/ttprod/ttprod1/trace/ttprod1_ora_18180.trc
Starting background process VKTM
Starting background process VKTM
Beginning log switch checkpoint up to RBA
INS-35351: Inconsistent versions detected.
Archived Log entry 90 added for thread 1 sequence 4579
Undo initialization finished
Archived Log entry 812 added for thread 1 sequence 2204
Archived Log entry 988 added for thread 1 sequence 4424
ARC0: Archival started
TNS-12219: TNS:missing community name from address in ADDRESS_LIST
Thread 1 advanced to log sequence 651
Undo initialization finished
Thread 1 advanced to log sequence 328
Completed checkpoint up to RBA
ORA-17628: Oracle error pg_toast_12345 returned by remote Oracle server
Errors in file /u01/app/oracle/diag/rdbms/ttprod/ttprod1/trace/ttprod1_ora_97732.trc
Undo initialization finished
Starting background process VKTM
Thread 1 advanced to log sequence 92
Archived Log entry 289 added for thread 1 sequence 9744
Archived Log entry 891 added for thread 1 sequence 7715
ORA-14195: ALLOCATE STORAGE may not be specified for RANGE or LIST partitioned object
ARC0: Archival started
Completed checkpoint up to RBA
RMAN-06060: WARNING: skipping datafile compromises tablespace 42 recoverability
Errors in file /u01/app/oracle/diag/rdbms/ttprod/ttprod1/trace/ttprod1_ora_90646.trc
Starting background process VKTM
Thread 1 advanced to log sequence 495
ORA-27148: spawn wait error
Thread 1 advanced to log sequence 890
Beginning log switch checkpoint up to RBA
Starting background process VKTM
DIA-48443: Trace Record type appears in the middle of the path
Beginning log switch checkpoint up to RBA
Undo initialization finished
Completed checkpoint up to RBA
ORA-14409: inserted partition key is outside specified subpartition
Thread 1 advanced to log sequence 802
RMAN-08050: cataloged datafile copy
Errors in file /u01/app/oracle/diag/rdbms/ttprod/ttprod1/trace/ttprod1_ora_83971.trc
Beginning log switch checkpoint up to RBA
Thread 1 advanced to log sequence 774
Undo initialization finished
Completed checkpoint up to RBA
ORA-10924: import storage parse error ignore event
ARC0: Archival started
ARC0: Archival started
Beginning log switch checkpoint up to RBA
Thread 1 advanced to log sequence 903
ORA-55320: model 17 drop attempt failed: PK_CUSTOMER_ACCOUNTS
Errors in file /u01/app/oracle/diag/rdbms/ttprod/ttprod1/trace/ttprod1_ora_43659.trc
Completed checkpoint up to RBA
ARC0: Archival started
Beginning log switch checkpoint up to RBA
ORA-36273: (XSCGMDLAGG12) Dimension workspace object appears more than once in the QDR.
Beginning log switch checkpoint up to RBA
Beginning log switch checkpoint up to RBA
ARC0: Archival started
PGU-41083: data definition session_1123 version number deleted from PG DD
ARC0: Archival started
Beginning log switch checkpoint up to RBA
Thread 1 advanced to log sequence 457
Starting background process VKTM
Thread 1 advanced to log sequence 650
ORA-12671: Shared server: adapter failed to save context
Beginning log switch checkpoint up to RBA
Thread 1 advanced to log sequence 68
Archived Log entry 303 added for thread 1 sequence 2554
Starting background process VKTM
ARC0: Archival started
INS-32026: The Software Location specified should not be under Oracle base location.
Thread 1 advanced to log sequence 518
Archived Log entry 322 added for thread 1 sequence 9237
Archived Log entry 701 added for thread 1 sequence 5855
Starting background process VKTM
Thread 1 advanced to log sequence 919
ORA-13853: Tracing for service (module/action) 42 is already enabled
Errors in file /u01/app/oracle/diag/rdbms/ttprod/ttprod1/trace/ttprod1_ora_48101.trc
Starting background process VKTM
Current log# 537 seq# 9607 mem# 0
Beginning log switch checkpoint up to RBA
ARC0: Archival started
Archived Log entry 30 added for thread 1 sequence 8257
ORA-15047: ASM file name ' 5000 ' is not in multiple-file creation form
Current log# 194 seq# 6142 mem# 0
Thread 1 advanced to log sequence 611
Beginning log switch checkpoint up to RBA
ARC0: Archival started
ORA-01139: RESETLOGS option only valid after an incomplete database recovery
Errors in file /u01/app/oracle/diag/rdbms/ttprod/ttprod1/trace/ttprod1_ora_84607.trc
Archived Log entry 650 added for thread 1 sequence 6239
Beginning log switch checkpoint up to RBA
Undo initialization finished
Completed checkpoint up to RBA
Thread 1 advanced to log sequence 207
PRCR-01062: Failed to retrieve attributes of resource {0} on node {1}
Undo initialization finished
Archived Log entry 529 added for thread 1 sequence 7031
Completed checkpoint up to RBA
Completed checkpoint up to RBA
ORA-01370: Specified restart SCN is too old
Current log# 556 seq# 5713 mem# 0
Completed checkpoint up to RBA
Completed checkpoint up to RBA
Completed checkpoint up to RBA
Starting background process VKTM
ORA-02707: osnacx: cannot allocate context area
Thread 1 advanced to log sequence 226
Undo initialization finished
ORA-49427: No such file or file not accessible [ 5000 ]
Errors in file /u01/app/oracle/diag/rdbms/ttprod/ttprod1/trace/ttprod1_ora_40373.trc
Starting background process VKTM
Undo initialization finished
Beginning log switch checkpoint up to RBA
Beginning log switch checkpoint up to RBA
Thread 1 advanced to log sequence 538
ORA-15590: encountered incomplete workload capture files
Current log# 319 seq# 7609 mem# 0
Thread 1 advanced to log sequence 22
ORA-13509: error encountered during updates to a AWR table
Errors in file /u01/app/oracle/diag/rdbms/ttprod/ttprod1/trace/ttprod1_ora_15610.trc
Undo initialization finished
Undo initialization finished
Archived Log entry 576 added for thread 1 sequence 2394
Starting background process VKTM
Beginning log switch checkpoint up to RBA
ORA-15488: volume 5000 is open on instance ttprod2
Beginning log switch checkpoint up to RBA
DRG-13302: number of wildcard offsets must be in the range INVOICE_LINES_IDX .. 17 , at line /u01/app/oracle/oradata/ttprod/users01.dbf
Undo initialization finished
Beginning log switch checkpoint up to RBA
ORA-14191: ALLOCATE EXTENT may not be specified for composite partitioned object
Archived Log entry 820 added for thread 1 sequence 2777
Beginning log switch checkpoint up to RBA
Undo initialization finished
ARC0: Archival started
Beginning log switch checkpoint up to RBA
ORA-39038: Object path " UNDOTBS1 " is not supported for INVOICE_LINES_IDX jobs.
Current log# 480 seq# 1339 mem# 0
Beginning log switch checkpoint up to RBA
ORA-01101: database being created currently mounted by some other instance
Archived Log entry 717 added for thread 1 sequence 1900
Current log# 421 seq# 1992 mem# 0
PLW-06007: procedure " NETWORK_OPS.SIM_INVENTORY " is removed because optimization removed calls
ARC0: Archival started
Beginning log switch checkpoint up to RBA
ORA-23443: missing template parameter
ARC0: Archival started
Current log# 933 seq# 8640 mem# 0
Archived Log entry 25 added for thread 1 sequence 8003
Completed checkpoint up to RBA
Current log# 728 seq# 5601 mem# 0
ORA-16119: building transaction at SCN /u01/app/oracle/oradata/ttprod/users01.dbf
Undo initialization finished
ARC0: Archival started
Starting background process VKTM
Completed checkpoint up to RBA
ORA-10946: trace name context forever
Errors in file /u01/app/oracle/diag/rdbms/ttprod/ttprod1/trace/ttprod1_ora_37184.trc
Beginning log switch checkpoint up to RBA
Completed checkpoint up to RBA
Undo initialization finished
ARC0: Archival started
Archived Log entry 852 added for thread 1 sequence 8486
DIA-49315: Invalid incident type specified [ 5000 ]
Undo initialization finished
ARC0: Archival started
PRVF-05704: No DHCP server were discovered on the public network listening on port {0}
Errors in file /u01/app/oracle/diag/rdbms/ttprod/ttprod1/trace/ttprod1_ora_76476.trc
Current log# 509 seq# 8030 mem# 0
Beginning log switch checkpoint up to RBA
Undo initialization finished
Undo initialization finished
Undo initialization finished
PGA-20966: syncpoint error: sent TNS_ADMIN , expecting APP_USER42 , received 5000
Errors in file /u01/app/oracle/diag/rdbms/ttprod/ttprod1/trace/ttprod1_ora_86552.trc
Current log# 662 seq# 2692 mem# 0
ARC0: Archival started
Thread 1 advanced to log sequence 657
Starting background process VKTM
Archived Log entry 751 added for thread 1 sequence 9603
DRG-10202: server failed to register
Starting background process VKTM
Completed checkpoint up to RBA
Current log# 402 seq# 9397 mem# 0
ORA-39917: SYS owned object idx_users_email in tablespace shared pool not allowed in pluggable set
Errors in file /u01/app/oracle/diag/rdbms/ttprod/ttprod1/trace/ttprod1_ora_77686.trc
Completed checkpoint up to RBA
ARC0: Archival started
Completed checkpoint up to RBA
Completed checkpoint up to RBA
DGM-16979: Unable to log on to the primary or standby database as SYSDBA
Archived Log entry 679 added for thread 1 sequence 6274
ORA-33452: (ESDREAD06) Discarding compiled code for workspace object because number is now dimensioned by workspace object . It was dimensioned by workspace object when the code was compiled.
Errors in file /u01/app/oracle/diag/rdbms/ttprod/ttprod1/trace/ttprod1_ora_63636.trc
Starting background process VKTM
Archived Log entry 392 added for thread 1 sequence 9067
Archived Log entry 647 added for thread 1 sequence 6685
Thread 1 advanced to log sequence 795
ORA-18110: XUTY0011 - Invalid replacement sequence for REPLACE
Starting background process VKTM
Beginning log switch checkpoint up to RBA
NID-00370: Change database ID of database ttprod2 ? (Y/[N]) =>
Starting background process VKTM
Beginning log switch checkpoint up to RBA
Completed checkpoint up to RBA
Thread 1 advanced to log sequence 611
NID-00350: app_db ( number ) DATA_TS01
Archived Log entry 467 added for thread 1 sequence 3201
ARC0: Archival started
Completed checkpoint up to RBA
DRG-10900: out of memory
Errors in file /u01/app/oracle/diag/rdbms/ttprod/ttprod1/trace/ttprod1_ora_98999.trc
Completed checkpoint up to RBA
Starting background process VKTM
CRS-02578: Value of ' BILLING.CUST_ORDERS ' ( number ) may not be greater than that of ' fk_order_customer ' ( number )
Beginning log switch checkpoint up to RBA
ORA-31403: change table 1024 already contains a column 42
Beginning log switch checkpoint up to RBA
Archived Log entry 685 added for thread 1 sequence 5583
Current log# 96 seq# 4503 mem# 0
Archived Log entry 588 added for thread 1 sequence 9898
RMAN-08518: channel APP_USER42 : scanning control file copy APP_USER42
Thread 1 advanced to log sequence 390
ARC0: Archival started
RMAN-08535: channel user_sessions : looking for AUTOBACKUP on day: UNDOTBS1
Archived Log entry 7 added for thread 1 sequence 8058
Thread 1 advanced to log sequence 780
ORA-23449: missing user name
Errors in file /u01/app/oracle/diag/rdbms/ttprod/ttprod1/trace/ttprod1_ora_96326.trc
Archived Log entry 330 added for thread 1 sequence 9288
Starting background process VKTM
RMAN-06029: the control file may be included only in a datafile backup set
ARC0: Archival started
ARC0: Archival started
Thread 1 advanced to log sequence 828
PRCR-01032: Current state of resource {0} is not valid
Undo initialization finished
Beginning log switch checkpoint up to RBA
Current log# 127 seq# 7249 mem# 0
Starting background process VKTM
ORA-01170: file not found ' ttstandby01 '
Undo initialization finished
Thread 1 advanced to log sequence 664
Current log# 396 seq# 2803 mem# 0
Beginning log switch checkpoint up to RBA
Completed checkpoint up to RBA
ORA-06039: NETDNT: connect failed
Undo initialization finished
Starting background process VKTM
Beginning log switch checkpoint up to RBA
ORA-32521: error parsing ORADEBUG command: _SYSSMU12$
Archived Log entry 641 added for thread 1 sequence 2098
Starting background process VKTM
Undo initialization finished
Thread 1 advanced to log sequence 854
JMS-00437: Invalid Destination
Current log# 161 seq# 3298 mem# 0
QSM-02117: missing GROUPING_ID or GROUPING functions on GROUP BY column(s)
Beginning log switch checkpoint up to RBA
RMAN-05535: WARNING: All redo log files were not defined properly.
Current log# 105 seq# 6466 mem# 0
TNS-12652: String truncated
Errors in file /u01/app/oracle/diag/rdbms/ttprod/ttprod1/trace/ttprod1_ora_38433.trc
Archived Log entry 995 added for thread 1 sequence 4377
Archived Log entry 332 added for thread 1 sequence 5622
Archived Log entry 544 added for thread 1 sequence 1505
Undo initialization finished
Completed checkpoint up to RBA
RMAN-06534: archived logs required to recover from this backup will be backed up
ARC0: Archival started
Undo initialization finished
PRCN-03018: Addition of listener version {0} is not allowed using srvctl version {1}
Thread 1 advanced to log sequence 525
ORA-19866: error writing file header for datafile PK_CUSTOMER_ACCOUNTS
Errors in file /u01/app/oracle/diag/rdbms/ttprod/ttprod1/trace/ttprod1_ora_47344.trc
Archived Log entry 312 added for thread 1 sequence 9776
Undo initialization finished
ORA-07841: sllfop: SYS$OPEN failure
ARC0: Archival started
Undo initialization finished
ORA-16657: reinstatement of database in progress
ARC0: Archival started
Completed checkpoint up to RBA
Beginning log switch checkpoint up to RBA
Thread 1 advanced to log sequence 555
Starting background process VKTM
TNS-00089: process_name is one of Interchange, CMANAGER, or Navigator
Errors in file /u01/app/oracle/diag/rdbms/ttprod/ttprod1/trace/ttprod1_ora_22643.trc
Starting background process VKTM
Thread 1 advanced to log sequence 60
Completed checkpoint up to RBA
ARC0: Archival started
RMAN-06119: uncataloged datafile copy
Completed checkpoint up to RBA
Beginning log switch checkpoint up to RBA
RMAN-07208: changed ttstandby01 failures to LOW priority
Starting background process VKTM
Archived Log entry 579 added for thread 1 sequence 8540
CRS-00814: Cluster Ready Service aborted due to failure to start thread with error [ number ]. Details at ttstandby01 in fk_order_customer .
Errors in file /u01/app/oracle/diag/rdbms/ttprod/ttprod1/trace/ttprod1_ora_90120.trc
ARC0: Archival started
Starting background process VKTM
Current log# 489 seq# 2172 mem# 0
ORA-16815: incorrect redo transport setting for AlternateLocation for standby database " CDR_STAGING "
Errors in file /u01/app/oracle/diag/rdbms/ttprod/ttprod1/trace/ttprod1_ora_33711.trc
Current log# 640 seq# 7109 mem# 0
INS-40718: Single Client Access Name (SCAN): UNDOTBS1 could not be resolved.
Current log# 956 seq# 1100 mem# 0
Undo initialization finished
Undo initialization finished
Starting background process VKTM
ORA-01141: error renaming data file ttstandby01 - new file ' 5000 ' not found
Archived Log entry 135 added for thread 1 sequence 6007
Archived Log entry 425 added for thread 1 sequence 4888
Completed checkpoint up to RBA
Undo initialization finished
TNS-12522: TNS:listener could not find available instance with given INSTANCE_ROLE
Starting background process VKTM
LFI-00006: Invalid parameter to function idx_users_email .
Current log# 593 seq# 6793 mem# 0
ARC0: Archival started
Archived Log entry 15 added for thread 1 sequence 2098
PLS-00528: The parameters to an ORDER function must have IN mode
ARC0: Archival started
Undo initialization finished
Completed checkpoint up to RBA
NNO-00070: administrative region has changed, reloading domain data
Undo initialization finished
PGU-00382: value UNDOTBS1 is not a recognizable file name for INVOICE_LINES_IDX
Current log# 192 seq# 2846 mem# 0
Completed checkpoint up to RBA
Archived Log entry 703 added for thread 1 sequence 9424
Starting background process VKTM
ORA-40210: invalid score criterion type when cost matrix is specified
Errors in file /u01/app/oracle/diag/rdbms/ttprod/ttprod1/trace/ttprod1_ora_15248.trc
ARC0: Archival started
ORA-16707: the value of the property pg_toast_12345 is invalid, valid values are PK_CUSTOMER_ACCOUNTS
Archived Log entry 272 added for thread 1 sequence 3522
Starting background process VKTM
RMAN-08035: partial resync skipped, target database not mounted
Starting background process VKTM
Starting background process VKTM
Completed checkpoint up to RBA
RMAN-08049: channel ttprod2 : starting compressed archived log backup set
Errors in file /u01/app/oracle/diag/rdbms/ttprod/ttprod1/trace/ttprod1_ora_58455.trc
ARC0: Archival started
Completed checkpoint up to RBA
Completed checkpoint up to RBA
ORA-13600: error encountered in Advisor NETWORK_OPS.SIM_INVENTORY
Completed checkpoint up to RBA
Archived Log entry 461 added for thread 1 sequence 6416
Starting background process VKTM
Current log# 664 seq# 1560 mem# 0
ORA-32331: type " CDR_STAGING "." UNDOTBS1 " is incompatible with the master site
Errors in file /u01/app/oracle/diag/rdbms/ttprod/ttprod1/trace/ttprod1_ora_58131.trc
ARC0: Archival started
RMAN-08610: channel 17 : restoring datafile SP2-0552 to BILLING.CUST_ORDERS
Beginning log switch checkpoint up to RBA
Starting background process VKTM
Thread 1 advanced to log sequence 453
SQL-02124: NULL value returned by EXEC TOOLS statement
Beginning log switch checkpoint up to RBA
NNO-00604: disabling all request processing
Errors in file /u01/app/oracle/diag/rdbms/ttprod/ttprod1/trace/ttprod1_ora_93248.trc
Thread 1 advanced to log sequence 680
Starting background process VKTM
Archived Log entry 411 added for thread 1 sequence 2523
Starting background process VKTM
Undo initialization finished
CLSR-00506: Unmatched resource name prefix pk_orders is specified
Starting background process VKTM
PRKO-02186: The command line parameter host port list should be in the form <host>[:<port>][,<host>:[<port>]...]
Errors in file /u01/app/oracle/diag/rdbms/ttprod/ttprod1/trace/ttprod1_ora_49296.trc
Archived Log entry 493 added for thread 1 sequence 1702
Beginning log switch checkpoint up to RBA
Archived Log entry 707 added for thread 1 sequence 8160
Archived Log entry 610 added for thread 1 sequence 1510
Thread 1 advanced to log sequence 147
TNS-00073: * stop/abort - stop the process_name
Beginning log switch checkpoint up to RBA
OCI-30940: Cannot resolve prefix ' SP2-0552 ' for QName node ' SYSAUX '
Archived Log entry 61 added for thread 1 sequence 9990
Archived Log entry 625 added for thread 1 sequence 1059
Archived Log entry 372 added for thread 1 sequence 3101
Current log# 874 seq# 6179 mem# 0
ORA-13850: Tracing for client identifier CRM.CALL_DETAIL_RECORDS is not enabled
Undo initialization finished
Current log# 40 seq# 1258 mem# 0
Current log# 953 seq# 9223 mem# 0
INS-42001: The same drive letter shared pool cannot be assigned to more than one partition
Beginning log switch checkpoint up to RBA
Current log# 283 seq# 9494 mem# 0
Completed checkpoint up to RBA
ARC0: Archival started
ORA-26091: requested direct path operation not supported
Completed checkpoint up to RBA
Thread 1 advanced to log sequence 589
ORA-10934: trace name context forever
Undo initialization finished
Undo initialization finished
Completed checkpoint up to RBA
Starting background process VKTM
ORA-13303: failure to retrieve a geometry object from a table
Thread 1 advanced to log sequence 383
Current log# 131 seq# 7643 mem# 0
Current log# 863 seq# 3654 mem# 0
Archived Log entry 959 added for thread 1 sequence 1755
Beginning log switch checkpoint up to RBA
ORA-23314: database is not a materialized view site for " 3 "." NETWORK_OPS.SIM_INVENTORY "
Completed checkpoint up to RBA
Beginning log switch checkpoint up to RBA
ORA-13656: The parameter was not found in directive /u01/app/oracle/oradata/ttprod/users01.dbf .
Undo initialization finished
Beginning log switch checkpoint up to RBA
Beginning log switch checkpoint up to RBA
ARC0: Archival started
Starting background process VKTM
AUD-00714: internal error
Thread 1 advanced to log sequence 669
Current log# 630 seq# 9318 mem# 0
Archived Log entry 186 added for thread 1 sequence 7736
Thread 1 advanced to log sequence 633
ORA-39915: Partition CDR_STAGING of table SYSAUX . reporting_schema in tablespace PK_CUSTOMER_ACCOUNTS points to LOB segment TNS_ADMIN . ttprod1 in tablespace /u01/app/oracle/oradata/ttprod/users01.dbf .
Undo initialization finished
ARC0: Archival started
Starting background process VKTM
Completed checkpoint up to RBA
Current log# 271 seq# 2576 mem# 0
ORA-15243: TNS_ADMIN is not a valid version number
Errors in file /u01/app/oracle/diag/rdbms/ttprod/ttprod1/trace/ttprod1_ora_11344.trc
Current log# 302 seq# 3715 mem# 0
Archived Log entry 276 added for thread 1 sequence 3797
Starting background process VKTM
Thread 1 advanced to log sequence 694
PCB-00322: EXEC SQL LOB statements an Oracle extension
Errors in file /u01/app/oracle/diag/rdbms/ttprod/ttprod1/trace/ttprod1_ora_14862.trc
ARC0: Archival started
Beginning log switch checkpoint up to RBA
Thread 1 advanced to log sequence 563
Thread 1 advanced to log sequence 575
INS-35086: Invalid value specified for Global Database Name.
Errors in file /u01/app/oracle/diag/rdbms/ttprod/ttprod1/trace/ttprod1_ora_66011.trc
Archived Log entry 403 added for thread 1 sequence 7946
ARC0: Archival started
ORA-06128: NETTCP: unable to create mailbox
Errors in file /u01/app/oracle/diag/rdbms/ttprod/ttprod1/trace/ttprod1_ora_57621.trc
Archived Log entry 164 added for thread 1 sequence 3632
Beginning log switch checkpoint up to RBA
Starting background process VKTM
Current log# 508 seq# 7774 mem# 0
Undo initialization finished
NNL-00990: DEFAULT-FORWARDERS-ONLY mode: NETWORK_OPS.SIM_INVENTORY
Completed checkpoint up to RBA
Completed checkpoint up to RBA
Archived Log entry 154 added for thread 1 sequence 9836
Thread 1 advanced to log sequence 895
RMAN-06175: deleted script: fk_order_customer
ARC0: Archival started
Archived Log entry 263 added for thread 1 sequence 1650
Beginning log switch checkpoint up to RBA
Starting background process VKTM
Thread 1 advanced to log sequence 613
RMAN-10036: RPC call OK on channel 17
Current log# 202 seq# 9012 mem# 0
Completed checkpoint up to RBA
Completed checkpoint up to RBA
Archived Log entry 730 added for thread 1 sequence 9724
PRKO-02176: ONS daemon does not exist on node(s): {0}
ARC0: Archival started
Completed checkpoint up to RBA
ARC0: Archival started
Undo initialization finished
NID-00452: Succesfully changed database ID.
Archived Log entry 467 added for thread 1 sequence 8612
Undo initialization finished
Beginning log switch checkpoint up to RBA
Current log# 571 seq# 2737 mem# 0
ORA-03174: STANDBY_MAX_DATA_DELAY does not apply to SYS users
Errors in file /u01/app/oracle/diag/rdbms/ttprod/ttprod1/trace/ttprod1_ora_11177.trc
ARC0: Archival started
Undo initialization finished
ORA-12675: External user name not available yet
Errors in file /u01/app/oracle/diag/rdbms/ttprod/ttprod1/trace/ttprod1_ora_72364.trc
Current log# 250 seq# 4786 mem# 0
Beginning log switch checkpoint up to RBA
PCB-00317: Group item host variables are Oracle extensions
Archived Log entry 655 added for thread 1 sequence 8230
Starting background process VKTM
Completed checkpoint up to RBA
Current log# 41 seq# 9361 mem# 0
Archived Log entry 913 added for thread 1 sequence 3475
ORA-33048: (XSAGDNGL23) In AGGMAP workspace object , the relation workspace object and the relation workspace object are both over the same base dimension.
Archived Log entry 955 added for thread 1 sequence 1392
Completed checkpoint up to RBA
Archived Log entry 864 added for thread 1 sequence 9425
Archived Log entry 987 added for thread 1 sequence 1175
Beginning log switch checkpoint up to RBA
PCC-02429: Expecting an expression of some internal LOB type
Archived Log entry 375 added for thread 1 sequence 7355
PCC-02315: cannot evaluate expression as constant
Current log# 4 seq# 5614 mem# 0
Current log# 577 seq# 8138 mem# 0
Archived Log entry 387 added for thread 1 sequence 1832
Completed checkpoint up to RBA
ARC0: Archival started
ORA-12525: TNS:listener has not received client's request in time allowed
Errors in file /u01/app/oracle/diag/rdbms/ttprod/ttprod1/trace/ttprod1_ora_44880.trc
Beginning log switch checkpoint up to RBA
Current log# 811 seq# 4515 mem# 0
Starting background process VKTM
Beginning log switch checkpoint up to RBA
Starting background process VKTM
ORA-02168: invalid value for FREELISTS
Beginning log switch checkpoint up to RBA
ARC0: Archival started
Starting background process VKTM
Undo initialization finished
RMAN-08538: channel NETWORK_OPS.SIM_INVENTORY : no AUTOBACKUP in /u01/app/oracle/oradata/ttprod/users01.dbf days found
Starting background process VKTM
ARC0: Archival started
Current log# 799 seq# 8297 mem# 0
Undo initialization finished
Current log# 130 seq# 1138 mem# 0
ORA-46266: Missing value for argument ' _SYSSMU12$ ' in Oracle RAC enabled database
Current log# 672 seq# 2945 mem# 0
Completed checkpoint up to RBA
Starting background process VKTM
Starting background process VKTM
ORA-25145: allocation policy already specified
ARC0: Archival started
INS-41809: Possible invalid choice for OSDBA Group.
Beginning log switch checkpoint up to RBA
ORA-33014: (XSAGDNGL06) In AGGMAP workspace object , variable operator workspace object cannot be dimensioned by rollup dimension workspace object .
Undo initialization finished
ORA-07482: snlmini: cannot create lock manager instance.
Starting background process VKTM
Current log# 630 seq# 1449 mem# 0
Undo initialization finished
Archived Log entry 235 added for thread 1 sequence 2855
NZE-28788: user provided invalid information, or an unknown error
Undo initialization finished
Starting background process VKTM
Starting background process VKTM
Starting background process VKTM
Thread 1 advanced to log sequence 827
ORA-12083: must use DROP MATERIALIZED VIEW to drop " reporting_schema "." BILLING.CUST_ORDERS "
Undo initialization finished
Beginning log switch checkpoint up to RBA
Archived Log entry 556 added for thread 1 sequence 9177
Starting background process VKTM
Undo initialization finished
ORA-12497: maximum combined categories exceeds 5000
Thread 1 advanced to log sequence 926
Undo initialization finished
XOQ-01489: Consistent solve has a model " SP2-0552 " with invalid explicit dimension " pg_toast_12345 ".
Starting background process VKTM
ARC0: Archival started
Thread 1 advanced to log sequence 828
Completed checkpoint up to RBA
ORA-08498: Warning: picture mask ' /u01/app/oracle/oradata/ttprod/users01.dbf ' overrides picture mask option 'USAGE IS app_db ' to 'USAGE IS DISPLAY'
Completed checkpoint up to RBA
Starting background process VKTM
Current log# 881 seq# 6714 mem# 0
Starting background process VKTM
PCC-02343: body of cursor must be a query expression
Completed checkpoint up to RBA
Thread 1 advanced to log sequence 603
Starting background process VKTM
Thread 1 advanced to log sequence 902
NID-00397: Changing database name from /u01/app/oracle/oradata/ttprod/users01.dbf to CRM.CALL_DETAIL_RECORDS
Undo initialization finished
ORA-29541: class reporting_schema . 1024 could not be resolved
Current log# 502 seq# 2116 mem# 0
Current log# 648 seq# 5918 mem# 0
ORA-01757: Must specify an object number
Undo initialization finished
Completed checkpoint up to RBA
Completed checkpoint up to RBA
RMAN-08123: keep attributes for the datafile/control file copy are deleted
Current log# 182 seq# 5541 mem# 0
ORA-30348: ADD and DROP cannot both be specified
Thread 1 advanced to log sequence 259
RMAN-08302: Run RMAN script USERS on target platform to convert datafiles
Undo initialization finished
Beginning log switch checkpoint up to RBA
Starting background process VKTM
Thread 1 advanced to log sequence 5
Thread 1 advanced to log sequence 38
ORA-02700: osnoraenv: error translating ORACLE_SID
Errors in file /u01/app/oracle/diag/rdbms/ttprod/ttprod1/trace/ttprod1_ora_45576.trc
Undo initialization finished
ORA-36844: (XSLMGEN14) Dimension UNDOTBS1 . ttprod2 is missing a ttprod1 property value
Completed checkpoint up to RBA
ORA-26826: BILLING.CUST_ORDERS apply coordinator and apply slave are unable to communicate.
Thread 1 advanced to log sequence 965
Starting background process VKTM
Archived Log entry 809 added for thread 1 sequence 4941
Archived Log entry 351 added for thread 1 sequence 3184
ORA-24043: destination reporting_schema uses a reserved name, names with AQ$_ prefix are not valid
Errors in file /u01/app/oracle/diag/rdbms/ttprod/ttprod1/trace/ttprod1_ora_35609.trc
Beginning log switch checkpoint up to RBA
Beginning log switch checkpoint up to RBA
Thread 1 advanced to log sequence 859
Undo initialization finished
Beginning log switch checkpoint up to RBA
ORA-37568: invalid log parameter
Archived Log entry 356 added for thread 1 sequence 6184
Thread 1 advanced to log sequence 826
Completed checkpoint up to RBA
Beginning log switch checkpoint up to RBA
QSM-00786: the name idx_users_email is invalid for directive pg_toast_12345
ARC0: Archival started
Undo initialization finished
ORA-39763: stream must be completely loaded before it is reset
Beginning log switch checkpoint up to RBA
Current log# 205 seq# 6256 mem# 0
Beginning log switch checkpoint up to RBA
ARC0: Archival started
DIA-48406: ECHO or TERMOUT status must be set to ON or OFF
Undo initialization finished
ARC0: Archival started
Thread 1 advanced to log sequence 745
Current log# 626 seq# 1843 mem# 0
RMAN-08630: allocating the required resources on Oracle Availability Machine
Current log# 498 seq# 9276 mem# 0
Completed checkpoint up to RBA
NID-00435: Database name changed to ttstandby01 .
Errors in file /u01/app/oracle/diag/rdbms/ttprod/ttprod1/trace/ttprod1_ora_74092.trc
Completed checkpoint up to RBA
Current log# 84 seq# 1537 mem# 0
Current log# 298 seq# 2799 mem# 0
ORA-24911: Cannot start listener thread at specified port
Starting background process VKTM
Undo initialization finished
RMAN-06798: Revoke succeeded.
Starting background process VKTM
Current log# 450 seq# 6074 mem# 0
PRVF-05175: Failed to retrieve ACFS driver version on node "{0}". Driver version compatibility check cannot be performed
Errors in file /u01/app/oracle/diag/rdbms/ttprod/ttprod1/trace/ttprod1_ora_13078.trc
Thread 1 advanced to log sequence 259
ORA-12508: TNS:listener could not resolve the COMMAND given
Completed checkpoint up to RBA
Current log# 689 seq# 9383 mem# 0
RMAN-06604: new RMAN configuration parameters are successfully stored
Beginning log switch checkpoint up to RBA
Starting background process VKTM
Current log# 30 seq# 3218 mem# 0
Completed checkpoint up to RBA
ORA-02185: a token other than WORK follows COMMIT
Errors in file /u01/app/oracle/diag/rdbms/ttprod/ttprod1/trace/ttprod1_ora_39466.trc
Starting background process VKTM
Starting background process VKTM
Completed checkpoint up to RBA
Beginning log switch checkpoint up to RBA
Beginning log switch checkpoint up to RBA
RMAN-20006: target database name is missing
ARC0: Archival started
Thread 1 advanced to log sequence 791
Undo initialization finished
ARC0: Archival started
ARC0: Archival started
DIA-48102: encountered the end-of-file when reading the file
Current log# 129 seq# 7532 mem# 0
PCC-02353: Semantic error at line number , column number , file large pool :
Completed checkpoint up to RBA
Thread 1 advanced to log sequence 831
Undo initialization finished
NNO-00618: disabling AUTHORITY-REQUIRED on system queries
Starting background process VKTM
Completed checkpoint up to RBA
Beginning log switch checkpoint up to RBA
DRG-52205: class large pool and object ttstandby01 already exists for this index
Current log# 664 seq# 8322 mem# 0
PRCD-01142: The {0} TAF policy is not valid for RAC One Node service {1}
Errors in file /u01/app/oracle/diag/rdbms/ttprod/ttprod1/trace/ttprod1_ora_93742.trc
Starting background process VKTM
ARC0: Archival started
Starting background process VKTM
Undo initialization finished
CRS-02324: Errors occurred while trying to push GPnP profile.
Completed checkpoint up to RBA
Completed checkpoint up to RBA
ORA-30343: level name is not unique within this dimension
Completed checkpoint up to RBA
ARC0: Archival started
NID-00337: The following datafiles are read-only:
Thread 1 advanced to log sequence 791
ARC0: Archival started
Starting background process VKTM
Completed checkpoint up to RBA
Beginning log switch checkpoint up to RBA
ORA-16051: parameter CDR_STAGING contains an invalid delay time
Current log# 356 seq# 1598 mem# 0
Completed checkpoint up to RBA
ORA-07619: $IDTOASC failed translating an integrity level
Undo initialization finished
Starting background process VKTM
Starting background process VKTM
ORA-14621: cannot add subpartition when DEFAULT subpartition exists
ARC0: Archival started
PRCS-01076: Invalid Single Client Access Name {0}. The subnet {1} of SCAN VIP {2} differs from the subnet {3} of network {4}
Undo initialization finished
Completed checkpoint up to RBA
Beginning log switch checkpoint up to RBA
RMAN-08507: input datafile copy RECID= BILLING.CUST_ORDERS STAMP= APP_USER42 file name= CDR_STAGING
Current log# 151 seq# 9010 mem# 0
Undo initialization finished
Current log# 175 seq# 6792 mem# 0
NID-00010: Password:
Undo initialization finished
UDI-00004: operation generated ORACLE error number
Beginning log switch checkpoint up to RBA
Starting background process VKTM
Completed checkpoint up to RBA
Beginning log switch checkpoint up to RBA
ORA-29323: ALTER DATABASE SET COMPATIBILITY command not supported by SP2-0552
ARC0: Archival started
RMAN-08042: channel USERS : copied standby control file
Completed checkpoint up to RBA
Thread 1 advanced to log sequence 543
NZE-29240: the cryptographic engine does not recognize the algorithm
Beginning log switch checkpoint up to RBA
Completed checkpoint up to RBA
ARC0: Archival started
Thread 1 advanced to log sequence 64
RMAN-06901: WARNING: disabling update of the V$RMAN_STATUS and V$RMAN_OUTPUT rows
Completed checkpoint up to RBA
ORA-37413: column referenced multiple times in ORGANIZATION CUBE clause
Errors in file /u01/app/oracle/diag/rdbms/ttprod/ttprod1/trace/ttprod1_ora_24463.trc
Thread 1 advanced to log sequence 294
ARC0: Archival started
OCI-31081: name not specified for global declaration
Current log# 550 seq# 2413 mem# 0
Thread 1 advanced to log sequence 450
Undo initialization finished
Archived Log entry 445 added for thread 1 sequence 8492
Beginning log switch checkpoint up to RBA
RMAN-08305: channel pk_orders : starting to check datafiles
Archived Log entry 653 added for thread 1 sequence 9137
ORA-19292: XQST0057: It is a static error if a schema import binds a namespace prefix but does not specify a target namespace other than a zero-length fk_order_customer
Thread 1 advanced to log sequence 718
LFI-00008: SLTS's initializing/terminating mutex failed for 17 .
Current log# 608 seq# 5376 mem# 0
Completed checkpoint up to RBA
Thread 1 advanced to log sequence 588
DIA-51102: cannot change priority of a critical failure _SYSSMU12$
Starting background process VKTM
Undo initialization finished
ORA-06929: CMX: error when sending ORACLE_SID
Archived Log entry 123 added for thread 1 sequence 6407
Archived Log entry 502 added for thread 1 sequence 8329
Starting background process VKTM
Completed checkpoint up to RBA
PCB-00309: The CONNECT statement is Oracle implementation dependent
Errors in file /u01/app/oracle/diag/rdbms/ttprod/ttprod1/trace/ttprod1_ora_70009.trc
ARC0: Archival started
ARC0: Archival started
PRVF-04317: User "{0}" is part of group "{1}". Check failed
Thread 1 advanced to log sequence 258
Current log# 935 seq# 2658 mem# 0
Beginning log switch checkpoint up to RBA
JMS-00191: sql_data_cl must be a class that implements SQLData interface
Errors in file /u01/app/oracle/diag/rdbms/ttprod/ttprod1/trace/ttprod1_ora_49625.trc
Undo initialization finished
Undo initialization finished
Archived Log entry 467 added for thread 1 sequence 2003
Starting background process VKTM
Thread 1 advanced to log sequence 479
PRCR-01072: Failed to unregister {0} {1}
Starting background process VKTM
Current log# 492 seq# 1801 mem# 0
Completed checkpoint up to RBA
Current log# 695 seq# 5586 mem# 0
Thread 1 advanced to log sequence 70
ORA-16797: database is not using a server parameter file
Current log# 530 seq# 6606 mem# 0
ORA-25224: sender name must be specified for enqueue into secure queues
Undo initialization finished
Archived Log entry 875 added for thread 1 sequence 3670
Undo initialization finished
Beginning log switch checkpoint up to RBA
RMAN-08112: archived log failover was done on 1024 , check alert log for more info
Archived Log entry 681 added for thread 1 sequence 9277
Undo initialization finished
ORA-25276: table specified is not a queue table
Current log# 938 seq# 1412 mem# 0
Archived Log entry 182 added for thread 1 sequence 4929
Undo initialization finished
NNL-00353: Not allowed
Thread 1 advanced to log sequence 199
ORA-14115: partition bound of partition number 17 is too long
Beginning log switch checkpoint up to RBA
ARC0: Archival started
Beginning log switch checkpoint up to RBA
RMAN-06800: found ineligible base catalog owned by ttprod1
Completed checkpoint up to RBA
Archived Log entry 722 added for thread 1 sequence 3611
Starting background process VKTM
ARC0: Archival started
CRS-00217: Could not relocate resource ' reporting_schema '.
Errors in file /u01/app/oracle/diag/rdbms/ttprod/ttprod1/trace/ttprod1_ora_30482.trc
Starting background process VKTM
NNO-00603: enabling all request processing
Completed checkpoint up to RBA
Beginning log switch checkpoint up to RBA
Starting background process VKTM
Beginning log switch checkpoint up to RBA
Beginning log switch checkpoint up to RBA
XOQ-01751: Dimension member " ttstandby01 " is not a member of hierarchy " _SYSSMU7$ ".
Starting background process VKTM
Starting background process VKTM
Completed checkpoint up to RBA
PLS-00428: an INTO clause is expected in this SELECT statement
Undo initialization finished
RMAN-06223: starting up automatic instance SYSAUX
Starting background process VKTM
Beginning log switch checkpoint up to RBA
Archived Log entry 967 added for thread 1 sequence 4630
ARC0: Archival started
Undo initialization finished
ORA-23329: successful user-provided ddl but no materialized view " SP2-0552 "." PK_CUSTOMER_ACCOUNTS "
Archived Log entry 355 added for thread 1 sequence 5116
Thread 1 advanced to log sequence 281
Starting background process VKTM
ARC0: Archival started
ORA-37552: (XSHIERSP06) DIMENSION_MEMBER is associated with a level not found in the levelorder valueset.
Undo initialization finished
Undo initialization finished
ARC0: Archival started
RMAN-06008: connected to recovery catalog database
ARC0: Archival started
ARC0: Archival started
Undo initialization finished
ORA-25156: old style outer join (+) cannot be used with ANSI joins
Thread 1 advanced to log sequence 205
NID-00401: Must finish REVERT changes before attempting any database operation.
Completed checkpoint up to RBA
Completed checkpoint up to RBA
Undo initialization finished
ORA-39919: Object USERS . NETWORK_OPS.SIM_INVENTORY in tablespace TNS_ADMIN not contained within transportable set.
Beginning log switch checkpoint up to RBA
Archived Log entry 238 added for thread 1 sequence 4954
Thread 1 advanced to log sequence 215
Thread 1 advanced to log sequence 729
CRS-02564: Failed to relocate resource ' _SYSSMU12$ '. Will attempt to restore it on ' ttprod2 ' now.
Completed checkpoint up to RBA
ORA-16792: configurable property value is inconsistent with database setting
Undo initialization finished
Thread 1 advanced to log sequence 341
QSM-01023: materialized view, _SYSSMU12$ , has GRANT errors
Completed checkpoint up to RBA
Beginning log switch checkpoint up to RBA
PGU-41085: transaction definition 42 version number deleted from PG DD
Starting background process VKTM
LSX-00171: missing required sub-element "~S"
Completed checkpoint up to RBA
RMAN-08611: channel 1024 : piece handle= 42 tag= UNDOTBS1
Undo initialization finished
Starting background process VKTM
Beginning log switch checkpoint up to RBA
JMS-00136: Payload factory can only be specified for destinations with ADT payloads
Errors in file /u01/app/oracle/diag/rdbms/ttprod/ttprod1/trace/ttprod1_ora_70253.trc
Archived Log entry 308 added for thread 1 sequence 7451
Thread 1 advanced to log sequence 232
Archived Log entry 615 added for thread 1 sequence 7963
Thread 1 advanced to log sequence 512
Completed checkpoint up to RBA
NNL-00962: Cache checkpoint failures: number
Thread 1 advanced to log sequence 638
Undo initialization finished
Undo initialization finished
Beginning log switch checkpoint up to RBA
Archived Log entry 618 added for thread 1 sequence 8837
RMAN-06008: connected to recovery catalog database
Beginning log switch checkpoint up to RBA
Undo initialization finished
Current log# 407 seq# 3353 mem# 0
Archived Log entry 9 added for thread 1 sequence 3185
Current log# 737 seq# 6188 mem# 0
NNL-00981: Timeouts, server not responding: number
Errors in file /u01/app/oracle/diag/rdbms/ttprod/ttprod1/trace/ttprod1_ora_50383.trc
Current log# 780 seq# 4811 mem# 0
Starting background process VKTM
PRCD-01137: Failed to retrieve online relocation timeout for RAC One Node database {0}
ARC0: Archival started
Completed checkpoint up to RBA
Undo initialization finished
Current log# 372 seq# 5921 mem# 0
ORA-55617: Flashback Archive " ttprod1 " runs out of space and tracking on " SYSAUX " is suspended
Beginning log switch checkpoint up to RBA
Archived Log entry 687 added for thread 1 sequence 9759
PCB-00009: Cannot change MAXLITERAL after an EXEC SQL statement
Current log# 75 seq# 8458 mem# 0
Starting background process VKTM
Beginning log switch checkpoint up to RBA
Starting background process VKTM
ORA-48615: Parameter [ CRM.CALL_DETAIL_RECORDS ] value not specified
Completed checkpoint up to RBA
Undo initialization finished
ORA-36035: (XSMHIERCKREL) One or more loops have been detected in workspace object . number items involved are number .
Beginning log switch checkpoint up to RBA
Current log# 493 seq# 8755 mem# 0
KUP-01008: the bad identifier was: _SYSSMU7$
Errors in file /u01/app/oracle/diag/rdbms/ttprod/ttprod1/trace/ttprod1_ora_41132.trc
Beginning log switch checkpoint up to RBA
Completed checkpoint up to RBA
Undo initialization finished
Starting background process VKTM
ORA-60009: adding ( PK_CUSTOMER_ACCOUNTS ) blocks to LOB segment session_1123 . APP_USER42 partition app_db with MAXSIZE ( large pool )
Errors in file /u01/app/oracle/diag/rdbms/ttprod/ttprod1/trace/ttprod1_ora_11862.trc
ARC0: Archival started
ORA-30550: index depends on a package/function spec/body which is not valid
Beginning log switch checkpoint up to RBA
Archived Log entry 886 added for thread 1 sequence 2336
Completed checkpoint up to RBA
Thread 1 advanced to log sequence 998
OCI-30100: internal error [ number ]
Current log# 909 seq# 9719 mem# 0
ARC0: Archival started
ARC0: Archival started
Archived Log entry 570 added for thread 1 sequence 1016
ORA-19595: archived log INVOICE_LINES_IDX already included in backup conversation
Beginning log switch checkpoint up to RBA
RMAN-06400: database opened
Archived Log entry 333 added for thread 1 sequence 9015
NID-00312: Connected to server version USERS
Completed checkpoint up to RBA
Beginning log switch checkpoint up to RBA
Current log# 226 seq# 9390 mem# 0
Undo initialization finished
ARC0: Archival started
ORA-15291: ASM could not add disk " BILLING.CUST_ORDERS " to disk group " fk_order_customer "
Undo initialization finished
OCI-22315: type " ttstandby01 " does not contain a map or order function
Completed checkpoint up to RBA
Current log# 736 seq# 7141 mem# 0
Starting background process VKTM
Completed checkpoint up to RBA
Undo initialization finished
RMAN-06155: validation failed for control file copy
Beginning log switch checkpoint up to RBA
Undo initialization finished
Current log# 725 seq# 4099 mem# 0
Undo initialization finished
ORA-31001: Invalid resource handle or path name " shared pool "
Beginning log switch checkpoint up to RBA
Current log# 355 seq# 3250 mem# 0
Beginning log switch checkpoint up to RBA
PRCS-01021: Failed to disable Single Client Access Name resources {0}
ARC0: Archival started
Archived Log entry 761 added for thread 1 sequence 2238
RMAN-06765: Tablespace session_1123 will be encrypted in future backup sets
Current log# 335 seq# 3854 mem# 0
ARC0: Archival started
ARC0: Archival started
ARC0: Archival started
RMAN-05510: Duplicate finished
Errors in file /u01/app/oracle/diag/rdbms/ttprod/ttprod1/trace/ttprod1_ora_26240.trc
Starting background process VKTM
Starting background process VKTM
ORA-16148: user requested expiration of managed recovery operation
Current log# 227 seq# 8975 mem# 0
Completed checkpoint up to RBA
Beginning log switch checkpoint up to RBA
Archived Log entry 299 added for thread 1 sequence 9405
OCI-31012: Given XPATH expression not supported
Starting background process VKTM
Completed checkpoint up to RBA
Starting background process VKTM
Thread 1 advanced to log sequence 442
Thread 1 advanced to log sequence 15
ORA-38460: filtering based on datatype " SYSAUX " not supported for XML Tags
Errors in file /u01/app/oracle/diag/rdbms/ttprod/ttprod1/trace/ttprod1_ora_83369.trc
Current log# 335 seq# 8462 mem# 0
Undo initialization finished
Thread 1 advanced to log sequence 65
IMP-00041: Warning: object created with compilation warnings
Archived Log entry 459 added for thread 1 sequence 7372
Undo initialization finished
Starting background process VKTM
PRVF-05623: 'search' entry in file "{0}" on node "{1}" is "{2}" which differs from reference node
ARC0: Archival started
Archived Log entry 715 added for thread 1 sequence 5585
Thread 1 advanced to log sequence 107
Completed checkpoint up to RBA
ORA-38808: edition has a usable parent and a usable child
Current log# 720 seq# 3545 mem# 0
RMAN-06461: current control file cannot be backed up by proxy.
Beginning log switch checkpoint up to RBA
Thread 1 advanced to log sequence 772
Thread 1 advanced to log sequence 480
ORA-36969: (XSRELTBL19) Merged family relation cannot take INHIERARCHY option.
Thread 1 advanced to log sequence 843
Archived Log entry 11 added for thread 1 sequence 4850
Undo initialization finished
ORA-19261: XQDY0041 - non empty URI in QName
Current log# 337 seq# 2783 mem# 0
Archived Log entry 801 added for thread 1 sequence 5965
CRS-01609: This node is unable to communicate with other nodes in the cluster and is going down to preserve cluster integrity; details at shared pool in CDR_STAGING .
Completed checkpoint up to RBA
ORA-31161: element or attribute " reporting_schema " cannot be stored out of line
Current log# 204 seq# 2873 mem# 0
Beginning log switch checkpoint up to RBA
Thread 1 advanced to log sequence 822
PRCR-01061: User permissions are insufficient
Completed checkpoint up to RBA
ORA-39006: internal error
Thread 1 advanced to log sequence 470
PROT-00030: The Oracle Cluster Registry location to be added is not usable
Archived Log entry 847 added for thread 1 sequence 5935
ORA-24295: max key length ( TNS_ADMIN ) for sorted hash cluster exceeded
Current log# 40 seq# 5251 mem# 0
RMAN-06601: new RMAN configuration parameters:
Completed checkpoint up to RBA
Archived Log entry 33 added for thread 1 sequence 5618
Starting background process VKTM
Archived Log entry 53 added for thread 1 sequence 8065
PRKO-02131: Supplied node {0} must be in the server pool of the policy-managed database {1}
Undo initialization finished
ARC0: Archival started
Completed checkpoint up to RBA
Current log# 51 seq# 5052 mem# 0
Undo initialization finished
RMAN-08091: channel PK_CUSTOMER_ACCOUNTS : specifying datafile(s) for proxy backup
ARC0: Archival started
Thread 1 advanced to log sequence 458
Thread 1 advanced to log sequence 893
ORA-30079: cannot alter database timezone when database has TIMESTAMP WITH LOCAL TIME ZONE columns
Archived Log entry 264 added for thread 1 sequence 3731
Thread 1 advanced to log sequence 802
ARC0: Archival started
Undo initialization finished
EXP-00002: error in writing to export file
Completed checkpoint up to RBA
Completed checkpoint up to RBA
Thread 1 advanced to log sequence 861
Undo initialization finished
ORA-41630: invalid value for " user_sessions " attribute in the rule class properties
Errors in file /u01/app/oracle/diag/rdbms/ttprod/ttprod1/trace/ttprod1_ora_65145.trc
Starting background process VKTM
ARC0: Archival started
Starting background process VKTM
Current log# 61 seq# 2492 mem# 0
Beginning log switch checkpoint up to RBA
DRG-52113: improper Japanese 5000 idx_users_email of length number
Beginning log switch checkpoint up to RBA
CRS-01640: Rejecting configuration change number : number because one or more new voting files in the new configuration could not be found; details at UNDOTBS1 in 3
ARC0: Archival started
Starting background process VKTM
ARC0: Archival started
RMAN-08605: channel UNDOTBS1 : SID= PK_CUSTOMER_ACCOUNTS instance= CDR_STAGING device type= 42
Archived Log entry 632 added for thread 1 sequence 3235
Undo initialization finished
Current log# 682 seq# 6150 mem# 0
ORA-01716: NOSORT may not be used with a cluster index
Thread 1 advanced to log sequence 265
Starting background process VKTM
Current log# 151 seq# 4793 mem# 0
ORA-30998: transformation error: USERS
Thread 1 advanced to log sequence 202
Completed checkpoint up to RBA
Thread 1 advanced to log sequence 811
Undo initialization finished
Undo initialization finished
PRCD-01116: Failed to get available instances of service {0}
Current log# 527 seq# 9189 mem# 0
RMAN-08143: including current control file for validation
Thread 1 advanced to log sequence 380
Current log# 827 seq# 6809 mem# 0
Current log# 459 seq# 1844 mem# 0
Archived Log entry 819 added for thread 1 sequence 3878
ORA-47001: Factor Type SP2-0552 not found
Completed checkpoint up to RBA
Undo initialization finished
OCI-22281: cannot perform operation with an updated locator
Current log# 577 seq# 2390 mem# 0
ARC0: Archival started
Thread 1 advanced to log sequence 91
Thread 1 advanced to log sequence 123
Completed checkpoint up to RBA
LSX-00201: contents of "~S" should be elements only
Starting background process VKTM
DRG-12435: highlight table allocation failed
ARC0: Archival started
Current log# 878 seq# 6538 mem# 0
Current log# 535 seq# 2838 mem# 0
Completed checkpoint up to RBA
Starting background process VKTM
RMAN-06477: configuration value length exceeds 1024
Current log# 813 seq# 6563 mem# 0
Completed checkpoint up to RBA
Beginning log switch checkpoint up to RBA
Starting background process VKTM
ORA-39906: Constraint pk_orders between table SP2-0552 . 3 in tablespace BILLING.CUST_ORDERS and table _SYSSMU7$ . USERS in tablespace CRM.CALL_DETAIL_RECORDS .
Archived Log entry 278 added for thread 1 sequence 3860
Thread 1 advanced to log sequence 10
ORA-02423: schema name does not match schema authorization identifier
Current log# 851 seq# 3577 mem# 0
Current log# 501 seq# 2472 mem# 0
Archived Log entry 794 added for thread 1 sequence 1298
Undo initialization finished
ORA-35561: (XSRWLD01) Object workspace object is not a valid target.
Beginning log switch checkpoint up to RBA
Completed checkpoint up to RBA
Current log# 592 seq# 6378 mem# 0
Starting background process VKTM
ORA-01571: redo version 17 incompatible with ORACLE version /u01/app/oracle/oradata/ttprod/users01.dbf
ARC0: Archival started
RMAN-08011: including current control file in backup set
Errors in file /u01/app/oracle/diag/rdbms/ttprod/ttprod1/trace/ttprod1_ora_11411.trc
Archived Log entry 134 added for thread 1 sequence 3623
Undo initialization finished
CRS-04208: Unexpected error encountered during lookup of IPMI credentials in the wallet
Archived Log entry 443 added for thread 1 sequence 9105
Thread 1 advanced to log sequence 583
Beginning log switch checkpoint up to RBA
Archived Log entry 116 added for thread 1 sequence 3920
PCC-00037: Unable to log on to ORACLE with " user_sessions ". ORACLE error number: number
Errors in file /u01/app/oracle/diag/rdbms/ttprod/ttprod1/trace/ttprod1_ora_25237.trc
Completed checkpoint up to RBA
Thread 1 advanced to log sequence 953
Beginning log switch checkpoint up to RBA
Starting background process VKTM
ORA-48464: The predicate buffer reached the maximum length [ 3 ]
Completed checkpoint up to RBA
Current log# 787 seq# 1859 mem# 0
Undo initialization finished
Thread 1 advanced to log sequence 933
ORA-16271: PL/SQL successfully applied
Starting background process VKTM
ARC0: Archival started
Current log# 644 seq# 8827 mem# 0
QSM-01074: query rewrite not possible because materialized view, session_1123 , and query have different number of joins between tables, CRM.CALL_DETAIL_RECORDS
Errors in file /u01/app/oracle/diag/rdbms/ttprod/ttprod1/trace/ttprod1_ora_66522.trc
Undo initialization finished
Beginning log switch checkpoint up to RBA
ARC0: Archival started
Completed checkpoint up to RBA
Undo initialization finished
ORA-08467: error converting Oracle number to user_sessions
Undo initialization finished
ORA-14256: invalid resulting partition description(s)
Undo initialization finished
Starting background process VKTM
Current log# 980 seq# 3250 mem# 0
ORA-06303: IPA: Message send error
Starting background process VKTM
ARC0: Archival started
ARC0: Archival started
Completed checkpoint up to RBA
PROC-00046: Cannot perform cluster registry operation because the batch is empty.
Completed checkpoint up to RBA
Beginning log switch checkpoint up to RBA
AUD-00802: name of index is limited to 22 characters
Thread 1 advanced to log sequence 695
Current log# 299 seq# 9621 mem# 0
Current log# 502 seq# 4323 mem# 0
JMS-00223: Payload factory must be null for destinations with Sys.AnyData payload - use typemap instead
Starting background process VKTM
Undo initialization finished
Starting background process VKTM
Archived Log entry 62 added for thread 1 sequence 4199
Completed checkpoint up to RBA
NID-00603: No datafiles found in database
Completed checkpoint up to RBA
Completed checkpoint up to RBA
ORA-02849: Read failed because of an error
Errors in file /u01/app/oracle/diag/rdbms/ttprod/ttprod1/trace/ttprod1_ora_78935.trc
Starting background process VKTM
Undo initialization finished
ARC0: Archival started
ORA-19974: database name has changed
Errors in file /u01/app/oracle/diag/rdbms/ttprod/ttprod1/trace/ttprod1_ora_59840.trc
Archived Log entry 678 added for thread 1 sequence 9881
Archived Log entry 61 added for thread 1 sequence 1797
ARC0: Archival started
Undo initialization finished
Beginning log switch checkpoint up to RBA
RMAN-06709: No scripts in recovery catalog
Completed checkpoint up to RBA
Beginning log switch checkpoint up to RBA
NNL-00813: Average query processing time: PK_CUSTOMER_ACCOUNTS
Beginning log switch checkpoint up to RBA
Starting background process VKTM
Current log# 868 seq# 2798 mem# 0
Archived Log entry 959 added for thread 1 sequence 2483
LPX-00246: missing system ID after public ID
Beginning log switch checkpoint up to RBA
Starting background process VKTM
Thread 1 advanced to log sequence 495
Thread 1 advanced to log sequence 745
Current log# 447 seq# 5609 mem# 0
ORA-15168: rolling downgrade prevented by TNS_ADMIN
ARC0: Archival started
Starting background process VKTM
Thread 1 advanced to log sequence 719
Thread 1 advanced to log sequence 574
Archived Log entry 266 added for thread 1 sequence 3627
ORA-29391: reporting_schema and reporting_schema must be mandatory to create a mandatory plan directive
Current log# 328 seq# 5777 mem# 0
Completed checkpoint up to RBA
Starting background process VKTM
NNL-00216: Disabled auto-refresh for specified index number
ARC0: Archival started
Archived Log entry 464 added for thread 1 sequence 9067
Beginning log switch checkpoint up to RBA
Completed checkpoint up to RBA
Thread 1 advanced to log sequence 106
RMAN-08070: deleted datafile copy
Errors in file /u01/app/oracle/diag/rdbms/ttprod/ttprod1/trace/ttprod1_ora_93595.trc
Thread 1 advanced to log sequence 525
Starting background process VKTM
PCC-00107: The CONNECT statement is Oracle implementation dependent
Current log# 791 seq# 8994 mem# 0
Starting background process VKTM
INS-40721: Single Client Access Name (SCAN) port is blank.
Starting background process VKTM
Current log# 39 seq# 5647 mem# 0
XOQ-02002: Table " ttprod2 " does not contain column " BILLING.CUST_ORDERS ".
Errors in file /u01/app/oracle/diag/rdbms/ttprod/ttprod1/trace/ttprod1_ora_15780.trc
Archived Log entry 584 added for thread 1 sequence 1730
Current log# 37 seq# 9197 mem# 0
Starting background process VKTM
ORA-10852: Enable tracing for Enqueue Dequeue Operations
Archived Log entry 341 added for thread 1 sequence 9253
Starting background process VKTM
Beginning log switch checkpoint up to RBA
ORA-32816: foreign queue pg_toast_12345 is referenced by a subscriber or schedule
Thread 1 advanced to log sequence 432
Current log# 892 seq# 7390 mem# 0
Undo initialization finished
Thread 1 advanced to log sequence 121
NNO-00318: overriding next statistic counter reset, resetting in number seconds
Errors in file /u01/app/oracle/diag/rdbms/ttprod/ttprod1/trace/ttprod1_ora_71174.trc
ARC0: Archival started
ORA-15415: could not retrieve appliance properties for disk group 42
Starting background process VKTM
Archived Log entry 903 added for thread 1 sequence 3052
ORA-29660: Unable to find the class defined in the EXTERNAL NAME clause
Beginning log switch checkpoint up to RBA
Beginning log switch checkpoint up to RBA
Thread 1 advanced to log sequence 511
ORA-25118: invalid DUMP DATAFILE/TEMPFILE option
Thread 1 advanced to log sequence 419
Undo initialization finished
ORA-26696: no CRM.CALL_DETAIL_RECORDS data dictionary for object with number ttstandby01 and version number TNS_ADMIN from source database fk_order_customer
Archived Log entry 501 added for thread 1 sequence 7342
Current log# 563 seq# 6758 mem# 0
Completed checkpoint up to RBA
Completed checkpoint up to RBA
Current log# 822 seq# 3868 mem# 0
ORA-06775: TLI Driver: error reading break mode
Starting background process VKTM
ORA-25225: invalid value 1024 , DEQUEUE_MODE should be REMOVE or BROWSE or LOCKED
Errors in file /u01/app/oracle/diag/rdbms/ttprod/ttprod1/trace/ttprod1_ora_33927.trc
ARC0: Archival started
Undo initialization finished
Beginning log switch checkpoint up to RBA
ORA-26763: invalid file type " USERS "
Beginning log switch checkpoint up to RBA
ARC0: Archival started
ARC0: Archival started
Current log# 595 seq# 7745 mem# 0
PRVF-00045: The Secure Shell "{0}" requested by the client does not exist
Errors in file /u01/app/oracle/diag/rdbms/ttprod/ttprod1/trace/ttprod1_ora_68987.trc
Completed checkpoint up to RBA
ARC0: Archival started
Starting background process VKTM
Current log# 846 seq# 5429 mem# 0
TNS-02404: Service ttstandby01 contains no local handlers
Errors in file /u01/app/oracle/diag/rdbms/ttprod/ttprod1/trace/ttprod1_ora_86495.trc
Starting background process VKTM
RMAN-08300: Run SQL script _SYSSMU12$ on the target platform to create database
Undo initialization finished
ARC0: Archival started
Completed checkpoint up to RBA
Thread 1 advanced to log sequence 116
Undo initialization finished
RMAN-08535: channel BILLING.CUST_ORDERS : looking for AUTOBACKUP on day: CRM.CALL_DETAIL_RECORDS
ARC0: Archival started
QSM-02182: PCT is enabled through a join dependency
Starting background process VKTM
Beginning log switch checkpoint up to RBA
RMAN-06484: changed control file copy expired
Completed checkpoint up to RBA
Beginning log switch checkpoint up to RBA
Current log# 828 seq# 1385 mem# 0
ARC0: Archival started
DRG-11608: URL store: host portion of ttprod1 specified incorrectly
Errors in file /u01/app/oracle/diag/rdbms/ttprod/ttprod1/trace/ttprod1_ora_56970.trc
Starting background process VKTM
Current log# 276 seq# 3140 mem# 0
ORA-29817: non-supported option with disassociate statement
ARC0: Archival started
Archived Log entry 268 added for thread 1 sequence 1102
Completed checkpoint up to RBA
Current log# 254 seq# 1539 mem# 0
Completed checkpoint up to RBA
ORA-18163: FTST0004 - FTScope not supported
Archived Log entry 323 added for thread 1 sequence 8627
Undo initialization finished
Thread 1 advanced to log sequence 786
Undo initialization finished
PGU-41036: LUNAME parameter was previously specified
Archived Log entry 586 added for thread 1 sequence 5013
ARC0: Archival started
ORA-02292: Integrity constraint violated - child record found
Undo initialization finished
Starting background process VKTM
Archived Log entry 39 added for thread 1 sequence 6306
ORA-16534: switchover, failover or convert operation in progress
Errors in file /u01/app/oracle/diag/rdbms/ttprod/ttprod1/trace/ttprod1_ora_42762.trc
Completed checkpoint up to RBA
Starting background process VKTM
ORA-12092: cannot online redefine replicated table " idx_users_email "." CRM.CALL_DETAIL_RECORDS "
ARC0: Archival started
Undo initialization finished
ORA-25031: only a crossedition trigger may be specified
Current log# 381 seq# 2071 mem# 0
Completed checkpoint up to RBA
ARC0: Archival started
INS-30010: Unable to get the file system type.
Starting background process VKTM
Completed checkpoint up to RBA
RMAN-08548: recovery area destination: ttstandby01
Undo initialization finished
Undo initialization finished
ARC0: Archival started
Current log# 188 seq# 4582 mem# 0
Archived Log entry 348 added for thread 1 sequence 9402
ORA-46057: Namespace already exists
Starting background process VKTM
ARC0: Archival started
Completed checkpoint up to RBA
Starting background process VKTM
Current log# 546 seq# 6149 mem# 0
ORA-37001: You have one or more attached but unupdated analytic workspaces.
Errors in file /u01/app/oracle/diag/rdbms/ttprod/ttprod1/trace/ttprod1_ora_46433.trc
Current log# 321 seq# 7125 mem# 0
ARC0: Archival started
RMAN-03015: error occurred in stored script _SYSSMU7$
Thread 1 advanced to log sequence 644
Undo initialization finished
TNS-12212: TNS:incomplete PREFERRED_CMANAGERS binding in TNSNAV.ORA
Archived Log entry 311 added for thread 1 sequence 6099
ORA-02046: distributed transaction already begun
ARC0: Archival started
ARC0: Archival started
ARC0: Archival started
Beginning log switch checkpoint up to RBA
ORA-33445: (ESDREAD15) Discarding compiled code for workspace object because workspace object and workspace object , which were not partition-dependent when the code was compiled, are now partition-dependent.
Current log# 800 seq# 8227 mem# 0
Thread 1 advanced to log sequence 892
Completed checkpoint up to RBA
RMAN-05051: analyzing automatic repair options; this may take some time
Completed checkpoint up to RBA
Thread 1 advanced to log sequence 12
NNO-00317: statistic counter reset interval changed to number seconds
ARC0: Archival started
Archived Log entry 672 added for thread 1 sequence 8541
Thread 1 advanced to log sequence 500
Beginning log switch checkpoint up to RBA
PRVF-07706: File "{0}" cannot be created
Undo initialization finished
Current log# 466 seq# 2036 mem# 0
Current log# 213 seq# 6333 mem# 0
ARC0: Archival started
RMAN-06716: skipping datafile number ; already restored to file reporting_schema
Errors in file /u01/app/oracle/diag/rdbms/ttprod/ttprod1/trace/ttprod1_ora_95709.trc
Current log# 725 seq# 3095 mem# 0
Thread 1 advanced to log sequence 304
Archived Log entry 248 added for thread 1 sequence 3453
Beginning log switch checkpoint up to RBA
ARC0: Archival started
TNS-12221: TNS:illegal ADDRESS parameters
Errors in file /u01/app/oracle/diag/rdbms/ttprod/ttprod1/trace/ttprod1_ora_42525.trc
Beginning log switch checkpoint up to RBA
Beginning log switch checkpoint up to RBA
RMAN-00211: Error occurred getting response - assuming NO response
Beginning log switch checkpoint up to RBA
Starting background process VKTM
Starting background process VKTM
CLSW-00013: Error in the clusterware operating system (SCLS) services. [ ttprod1 ]
Thread 1 advanced to log sequence 572
PRKO-02700: The CVU resource is not configured
Archived Log entry 716 added for thread 1 sequence 6649
Current log# 605 seq# 7110 mem# 0
ARC0: Archival started
Current log# 807 seq# 7306 mem# 0
NNO-00301: server will shut down in number seconds
Beginning log switch checkpoint up to RBA
Completed checkpoint up to RBA
NNO-00623: setting auto-refresh retry interval to number seconds
Errors in file /u01/app/oracle/diag/rdbms/ttprod/ttprod1/trace/ttprod1_ora_38308.trc
Thread 1 advanced to log sequence 917
Current log# 340 seq# 4509 mem# 0
Current log# 334 seq# 1529 mem# 0
DRG-13605: Too many group tags
Completed checkpoint up to RBA
Thread 1 advanced to log sequence 447
Completed checkpoint up to RBA
Beginning log switch checkpoint up to RBA
Current log# 890 seq# 7727 mem# 0
PRCR-01125: Failed to check resource {0} on node {1}
Beginning log switch checkpoint up to RBA
Thread 1 advanced to log sequence 118
Current log# 209 seq# 9648 mem# 0
ORA-07800: slbtpd: invalid number
Current log# 633 seq# 8854 mem# 0
Current log# 864 seq# 7402 mem# 0
RMAN-08110: failover to next copy of backup piece
Thread 1 advanced to log sequence 371
NID-00452: Succesfully changed database ID.
Beginning log switch checkpoint up to RBA
Completed checkpoint up to RBA
PRCR-01004: Resource {0} is already running
Current log# 261 seq# 7906 mem# 0
ORA-12203: TNS:unable to connect to destination
Current log# 734 seq# 6985 mem# 0
Undo initialization finished
Thread 1 advanced to log sequence 190
ORA-02254: DEFAULT <expression> not allowed here
Completed checkpoint up to RBA
Current log# 777 seq# 7656 mem# 0
ARC0: Archival started
ORA-12688: Login failed: the SecurID server rejected the new pincode
Thread 1 advanced to log sequence 997
ORA-55621: User quota on tablespace " user_sessions " is not enough for Flashback Archive
Archived Log entry 554 added for thread 1 sequence 5305
Current log# 876 seq# 9000 mem# 0
Thread 1 advanced to log sequence 227
ARC0: Archival started
ORA-07493: scgrcl: lock manager error.
Undo initialization finished
ARC0: Archival started
Thread 1 advanced to log sequence 26
Thread 1 advanced to log sequence 340
Archived Log entry 137 added for thread 1 sequence 5455
PCB-00635: This attribute is only valid for Internal LOB types
Undo initialization finished
Thread 1 advanced to log sequence 875
Undo initialization finished
ORA-08450: invalid specification of CR in picture mask
Undo initialization finished
ORA-29490: insufficient privilege
Starting background process VKTM
Archived Log entry 575 added for thread 1 sequence 3048
INS-40933: Interface collection failed on node USERS .
Undo initialization finished
Completed checkpoint up to RBA
Thread 1 advanced to log sequence 808
ORA-03299: cannot create dictionary table shared pool
Current log# 701 seq# 4173 mem# 0
CRS-01019: The OCR Service exited on host 3 . Details in PK_CUSTOMER_ACCOUNTS
ARC0: Archival started
Archived Log entry 403 added for thread 1 sequence 2827
ARC0: Archival started
QSM-02039: top level mv query uses grouping sets
Beginning log switch checkpoint up to RBA
Archived Log entry 377 added for thread 1 sequence 2533
Archived Log entry 916 added for thread 1 sequence 8930
Thread 1 advanced to log sequence 25
Beginning log switch checkpoint up to RBA
PCC-00112: Datatype not supported by ANSI
ARC0: Archival started
ORA-10571: Test recovery canceled
ARC0: Archival started
Completed checkpoint up to RBA
Starting background process VKTM
Current log# 115 seq# 8971 mem# 0
ORA-00720: ALTER DATABASE RESET COMPATIBILITY command has been de-supported
Current log# 778 seq# 8458 mem# 0
Current log# 439 seq# 3528 mem# 0
Undo initialization finished
Starting background process VKTM
Thread 1 advanced to log sequence 225
ORA-29318: datafile DATA_TS01 is online
Starting background process VKTM
ORA-09207: sfsrd: error reading from file
Thread 1 advanced to log sequence 593
Starting background process VKTM
Completed checkpoint up to RBA
ORA-09362: Windows 3.1 Two-Task driver unable to deallocate context area
Undo initialization finished
Starting background process VKTM
ORA-23430: argument " TNS_ADMIN " cannot be NULL or empty fk_order_customer
Archived Log entry 11 added for thread 1 sequence 8373
Archived Log entry 934 added for thread 1 sequence 6904
Undo initialization finished
RMAN-08158: executing script: TNS_ADMIN
Errors in file /u01/app/oracle/diag/rdbms/ttprod/ttprod1/trace/ttprod1_ora_86265.trc
Completed checkpoint up to RBA
RMAN-06793: database with db_unique_name 17 unregistered from the recovery catalog
Beginning log switch checkpoint up to RBA
Thread 1 advanced to log sequence 420
Current log# 101 seq# 8157 mem# 0
ORA-39145: directory object parameter must be specified and non-null
Archived Log entry 543 added for thread 1 sequence 5097
Beginning log switch checkpoint up to RBA
Undo initialization finished
ARC0: Archival started
Thread 1 advanced to log sequence 64
RMAN-08617: validation failed for foreign archived log
Beginning log switch checkpoint up to RBA
Starting background process VKTM
Beginning log switch checkpoint up to RBA
NMP-00004: SNMP variable is read only
Completed checkpoint up to RBA
Archived Log entry 456 added for thread 1 sequence 9738
Beginning log switch checkpoint up to RBA
Beginning log switch checkpoint up to RBA
ORA-10922: Temporary tablespace group is empty
Starting background process VKTM
ORA-02437: cannot validate ( app_db . ttprod1 ) - primary key violated
Current log# 606 seq# 1479 mem# 0
Starting background process VKTM
ORA-18108: XUDY0009 - Invalid target expression for REPLACE
Current log# 592 seq# 2034 mem# 0
Beginning log switch checkpoint up to RBA
Undo initialization finished
PCC-02153: Open file: 17
Completed checkpoint up to RBA
Starting background process VKTM
Undo initialization finished
Starting background process VKTM
ORA-29287: invalid maximum line size
Beginning log switch checkpoint up to RBA
Undo initialization finished
RMAN-06570: datafile number switched to datafile copy " user_sessions "
Completed checkpoint up to RBA
Starting background process VKTM
ARC0: Archival started
ARC0: Archival started
NNO-00323: overriding next statistic counter dump, dumping in number seconds
Errors in file /u01/app/oracle/diag/rdbms/ttprod/ttprod1/trace/ttprod1_ora_42022.trc
Thread 1 advanced to log sequence 888
Archived Log entry 575 added for thread 1 sequence 8296
Beginning log switch checkpoint up to RBA
CRS-01239: Cluster Ready Service aborted due to an unexpected error [ CRM.CALL_DETAIL_RECORDS ]. Details at user_sessions in ttprod1 .
Current log# 431 seq# 4728 mem# 0
Archived Log entry 699 added for thread 1 sequence 4820
RMAN-08114: channel PK_CUSTOMER_ACCOUNTS : restoring SPFILE to PFILE
Errors in file /u01/app/oracle/diag/rdbms/ttprod/ttprod1/trace/ttprod1_ora_87190.trc
Archived Log entry 191 added for thread 1 sequence 2217
Starting background process VKTM
Archived Log entry 936 added for thread 1 sequence 7664
ARC0: Archival started
PRVF-05318: No Oracle Restart is found configured on the local node
Starting background process VKTM
Thread 1 advanced to log sequence 74
Archived Log entry 307 added for thread 1 sequence 1291
ARC0: Archival started
ORA-31402: unrecognized parameter 1024
Completed checkpoint up to RBA
RMAN-06951: repair failure complete
Completed checkpoint up to RBA
Current log# 951 seq# 6077 mem# 0
Thread 1 advanced to log sequence 994
ARC0: Archival started
DRG-11332: Index already has STAGE_ITAB set
Starting background process VKTM
Current log# 565 seq# 9292 mem# 0
Beginning log switch checkpoint up to RBA
ORA-39927: Scoped REF constraint between table ttprod1 . ttprod1 in tablespace app_db and table CDR_STAGING . BILLING.CUST_ORDERS in tablespace 3 .
Beginning log switch checkpoint up to RBA
INS-35172: Target database memory ( /u01/app/oracle/oradata/ttprod/users01.dbf MB) exceeds the systems available shared memory ({0}MB).
Starting background process VKTM
ORA-44321: cannot read command line from trace file app_db
Beginning log switch checkpoint up to RBA
Completed checkpoint up to RBA
Completed checkpoint up to RBA
Undo initialization finished
Thread 1 advanced to log sequence 135
ORA-23542: dependent object " CDR_STAGING "." ttprod1 " already registered
Archived Log entry 599 added for thread 1 sequence 7202
Archived Log entry 661 added for thread 1 sequence 6160
ARC0: Archival started
Completed checkpoint up to RBA
ARC0: Archival started
IMP-00009: abnormal end of export file
ARC0: Archival started
Undo initialization finished
Beginning log switch checkpoint up to RBA
Completed checkpoint up to RBA
RMAN-06108: changed datafile copy unavailable
Errors in file /u01/app/oracle/diag/rdbms/ttprod/ttprod1/trace/ttprod1_ora_52634.trc
ARC0: Archival started
Starting background process VKTM
Completed checkpoint up to RBA
Undo initialization finished
Archived Log entry 416 added for thread 1 sequence 5276
LPX-00213: comment did not end in "-->"
Thread 1 advanced to log sequence 250
Starting background process VKTM
DRG-10205: server deregister failed
Current log# 846 seq# 8410 mem# 0
Starting background process VKTM
Starting background process VKTM
Starting background process VKTM
Current log# 771 seq# 1140 mem# 0
RMAN-04013: must connect before startup
Undo initialization finished
Archived Log entry 379 added for thread 1 sequence 9230
Starting background process VKTM
Thread 1 advanced to log sequence 626
Starting background process VKTM
RMAN-08133: channel APP_USER42 : the AUTOBACKUP does not contain a standby control file.
Archived Log entry 617 added for thread 1 sequence 4141
Starting background process VKTM
OCI-31060: Resource at path UNDOTBS1 could not be deleted
Errors in file /u01/app/oracle/diag/rdbms/ttprod/ttprod1/trace/ttprod1_ora_18957.trc
Current log# 426 seq# 5325 mem# 0
ORA-23611: tablespace " CRM.CALL_DETAIL_RECORDS " has more than one data file
Completed checkpoint up to RBA
ORA-02434: cannot enable unique( session_1123 ) - unique key not defined for table
Errors in file /u01/app/oracle/diag/rdbms/ttprod/ttprod1/trace/ttprod1_ora_84270.trc
Undo initialization finished
ARC0: Archival started
Starting background process VKTM
Undo initialization finished
ORA-53050: The data model is being edited by another user.
Undo initialization finished
RMAN-08100: channel /u01/app/oracle/oradata/ttprod/users01.dbf : starting proxy validation
Current log# 887 seq# 7857 mem# 0
Beginning log switch checkpoint up to RBA
Undo initialization finished
ORA-14700: Object(s) owned by SYS cannot be locked by non-SYS user
Undo initialization finished
NNL-00836: Total delete processing time: BILLING.CUST_ORDERS
Undo initialization finished
ORA-28368: cannot auto-create wallet
Undo initialization finished
Undo initialization finished
ORA-00135: missing attribute session_1123
Archived Log entry 526 added for thread 1 sequence 8694
NZE-29137: The global context is incorrect.
Thread 1 advanced to log sequence 236
Undo initialization finished
Archived Log entry 138 added for thread 1 sequence 3475
Starting background process VKTM
Starting background process VKTM
XOQ-01751: Dimension member " 5000 " is not a member of hierarchy " PK_CUSTOMER_ACCOUNTS ".
Completed checkpoint up to RBA
Beginning log switch checkpoint up to RBA
Beginning log switch checkpoint up to RBA
PLW-06007: procedure " shared pool " is removed because optimization removed calls
Errors in file /u01/app/oracle/diag/rdbms/ttprod/ttprod1/trace/ttprod1_ora_73706.trc
Beginning log switch checkpoint up to RBA
PLS-01707: In positioned DELETE or UPDATE statement, table must be identified in specification of cursor
Archived Log entry 961 added for thread 1 sequence 1237
ARC0: Archival started
Undo initialization finished
Beginning log switch checkpoint up to RBA
ORA-41010: No more memory to hold connection state information
Errors in file /u01/app/oracle/diag/rdbms/ttprod/ttprod1/trace/ttprod1_ora_75142.trc
Thread 1 advanced to log sequence 137
ORA-02345: cannot create a view with column based on CURSOR operator
Current log# 636 seq# 1481 mem# 0
ARC0: Archival started
Current log# 243 seq# 4715 mem# 0
ARC0: Archival started
Beginning log switch checkpoint up to RBA
DRG-50610: internal error: pk_orders
Undo initialization finished
Archived Log entry 979 added for thread 1 sequence 8965
Completed checkpoint up to RBA
ARC0: Archival started
ORA-12682: Login failed: the SecurID card is in next PRN mode
Errors in file /u01/app/oracle/diag/rdbms/ttprod/ttprod1/trace/ttprod1_ora_32262.trc
Completed checkpoint up to RBA
Completed checkpoint up to RBA
Starting background process VKTM
Thread 1 advanced to log sequence 729
NNO-00315: server is listening on address SP2-0552
Errors in file /u01/app/oracle/diag/rdbms/ttprod/ttprod1/trace/ttprod1_ora_83737.trc
Thread 1 advanced to log sequence 244
Starting background process VKTM
Starting background process VKTM
RDE-04013: service name conflict
Beginning log switch checkpoint up to RBA
Beginning log switch checkpoint up to RBA
ORA-15478: ACFS process terminated with error
ARC0: Archival started
Beginning log switch checkpoint up to RBA
ORA-38417: attribute set ttprod1 does not exist
Beginning log switch checkpoint up to RBA
ORA-36820: (XSLMINFO00) The LIMITMAPINFO function encountered an error while parsing the LIMITMAP.
Current log# 81 seq# 9770 mem# 0
ORA-55490: VPD constraint may not be assigned to an equivalent property
Errors in file /u01/app/oracle/diag/rdbms/ttprod/ttprod1/trace/ttprod1_ora_55829.trc
Completed checkpoint up to RBA
Current log# 509 seq# 7420 mem# 0
LPX-01095: [FORG0004] fn:one-or-more called with a sequence containing no items
Thread 1 advanced to log sequence 231
Current log# 59 seq# 5624 mem# 0
Undo initialization finished
Completed checkpoint up to RBA
ORA-16202: Skip procedure requested to replace statement
Starting background process VKTM
Completed checkpoint up to RBA
Current log# 716 seq# 7052 mem# 0
ARC0: Archival started
NID-00480: Database is intact - database is ready to be open or shut down.
Current log# 668 seq# 1583 mem# 0
Beginning log switch checkpoint up to RBA
Starting background process VKTM
Archived Log entry 797 added for thread 1 sequence 8646
ARC0: Archival started
TNS-00582: Receive failed due to timeout
ARC0: Archival started
Beginning log switch checkpoint up to RBA
Starting background process VKTM
Thread 1 advanced to log sequence 211
Completed checkpoint up to RBA
ORA-24396: invalid attribute set in server handle
Errors in file /u01/app/oracle/diag/rdbms/ttprod/ttprod1/trace/ttprod1_ora_31092.trc
Archived Log entry 997 added for thread 1 sequence 4813
Thread 1 advanced to log sequence 930
Current log# 321 seq# 2236 mem# 0
Thread 1 advanced to log sequence 894
ARC0: Archival started
ORA-10700: Alter access violation exception handler
ARC0: Archival started
Starting background process VKTM
Archived Log entry 801 added for thread 1 sequence 5242
Archived Log entry 84 added for thread 1 sequence 1116
Completed checkpoint up to RBA
ORA-26701: INVOICE_LINES_IDX process APP_USER42 does not exist
Errors in file /u01/app/oracle/diag/rdbms/ttprod/ttprod1/trace/ttprod1_ora_31816.trc
Completed checkpoint up to RBA
ORA-10936: trace name context forever
Errors in file /u01/app/oracle/diag/rdbms/ttprod/ttprod1/trace/ttprod1_ora_86082.trc
Thread 1 advanced to log sequence 193
Undo initialization finished
Current log# 525 seq# 3436 mem# 0
PCB-00016: Semantic checking disabled by TimesTen.
Completed checkpoint up to RBA
Current log# 235 seq# 6645 mem# 0
Thread 1 advanced to log sequence 925
Undo initialization finished
Current log# 440 seq# 9231 mem# 0
CRS-01632: Node app_db is being removed from the cluster in cluster incarnation number
Archived Log entry 928 added for thread 1 sequence 8065
Thread 1 advanced to log sequence 196
Thread 1 advanced to log sequence 813
Current log# 970 seq# 3357 mem# 0
Current log# 7 seq# 5091 mem# 0
RMAN-06120: uncataloged archived log
Archived Log entry 801 added for thread 1 sequence 9724
Archived Log entry 175 added for thread 1 sequence 9742
Starting background process VKTM
DRG-13723: Invalid Attribute: session_1123
Errors in file /u01/app/oracle/diag/rdbms/ttprod/ttprod1/trace/ttprod1_ora_66894.trc
Beginning log switch checkpoint up to RBA
ORA-12037: unknown export format
Undo initialization finished
Undo initialization finished
Undo initialization finished
Completed checkpoint up to RBA
Thread 1 advanced to log sequence 373
RMAN-06117: cannot do DELETE EXPIRED on an object which is not expired
Current log# 54 seq# 9299 mem# 0
Archived Log entry 838 added for thread 1 sequence 9463
Completed checkpoint up to RBA
Completed checkpoint up to RBA
Beginning log switch checkpoint up to RBA
ORA-39159: cannot call this function from a non-Data Pump process
Errors in file /u01/app/oracle/diag/rdbms/ttprod/ttprod1/trace/ttprod1_ora_96256.trc
Archived Log entry 741 added for thread 1 sequence 8847
Starting background process VKTM
CRS-01303: Failover failed for the OHAS resource SP2-0552 . Details in pg_toast_12345 .
ARC0: Archival started
NNL-00228: Request-processing delay is now pg_toast_12345
Starting background process VKTM
Thread 1 advanced to log sequence 159
Undo initialization finished
Completed checkpoint up to RBA
Current log# 651 seq# 5275 mem# 0
ORA-00050: operating system error occurred while obtaining an enqueue
ARC0: Archival started
Undo initialization finished
ARC0: Archival started
Thread 1 advanced to log sequence 926
ORA-25159: Must specify a valid tablespace number
Starting background process VKTM
PRCN-03002: There is no network resource configured for the cluster
Current log# 813 seq# 8568 mem# 0
Archived Log entry 179 added for thread 1 sequence 6183
Beginning log switch checkpoint up to RBA
ARC0: Archival started
Archived Log entry 751 added for thread 1 sequence 6970
ORA-29977: Unsupported column type for query registration in guaranteed mode
Current log# 173 seq# 9712 mem# 0
ORA-33215: (CINSERT07) You cannot add session-only values to the workspace object dimension.
Beginning log switch checkpoint up to RBA
ARC0: Archival started
ORA-25443: duplicate column value for table alias: shared pool , column number: ttstandby01
Archived Log entry 480 added for thread 1 sequence 9899
Archived Log entry 864 added for thread 1 sequence 9360
Current log# 623 seq# 8145 mem# 0
Starting background process VKTM
ORA-39797: The subtype index value is not valid.
Beginning log switch checkpoint up to RBA
Thread 1 advanced to log sequence 680
Thread 1 advanced to log sequence 265
RMAN-08063: Recovery catalog is down or not connected to catalog, trying to reconnect.
Current log# 32 seq# 8845 mem# 0
Beginning log switch checkpoint up to RBA
ARC0: Archival started
ARC0: Archival started
Beginning log switch checkpoint up to RBA
ORA-14667: Cannot use expressions involving object data types in reference partitioning parent key
Current log# 454 seq# 5339 mem# 0
PRKO-02411: Network resource is already disabled.
Archived Log entry 685 added for thread 1 sequence 2241
Undo initialization finished
ORA-00609: could not attach to incoming connection
Archived Log entry 966 added for thread 1 sequence 8105
ORA-01263: Name given for file destination directory is invalid
Undo initialization finished
Starting background process VKTM
Archived Log entry 324 added for thread 1 sequence 3913
Current log# 850 seq# 9784 mem# 0
RMAN-06914: BLOCK fk_order_customer must be greater or equal to BLOCK USERS
Thread 1 advanced to log sequence 476
Thread 1 advanced to log sequence 178
Starting background process VKTM
Starting background process VKTM
INS-10105: The given response file APP_USER42 is not valid.
ARC0: Archival started
RMAN-08592: output file name= reporting_schema tag= NETWORK_OPS.SIM_INVENTORY
Completed checkpoint up to RBA
Starting background process VKTM
ARC0: Archival started
ORA-01216: thread 5000 is expected to be disabled after CREATE CONTROLFILE
Beginning log switch checkpoint up to RBA
Beginning log switch checkpoint up to RBA
ORA-00355: change numbers out of order
Archived Log entry 815 added for thread 1 sequence 3149
Thread 1 advanced to log sequence 578
Archived Log entry 111 added for thread 1 sequence 2407
ORA-54658: CREATE_TIN: input extent cannot be null
Starting background process VKTM
Starting background process VKTM
Undo initialization finished
ORA-14631: the partition bounds do not match the subpartition bounds of the partition
Errors in file /u01/app/oracle/diag/rdbms/ttprod/ttprod1/trace/ttprod1_ora_42760.trc
Archived Log entry 675 added for thread 1 sequence 6315
Undo initialization finished
Starting background process VKTM
Beginning log switch checkpoint up to RBA
Starting background process VKTM
ORA-01755: Must specify an extent number or block number
Completed checkpoint up to RBA
Current log# 41 seq# 9245 mem# 0
ARC0: Archival started
Starting background process VKTM
Starting background process VKTM
RMAN-08183: channel 1024 : block restore complete, elapsed time: pk_orders
Undo initialization finished
ORA-24037: schema USERS in QUEUE_NAME is not same as schema 42 in QUEUE_TABLE
Beginning log switch checkpoint up to RBA
ARC0: Archival started
ORA-12446: Insufficient authorization for administration of policy 3
Undo initialization finished
Undo initialization finished
NNO-00707: server's cache will be flushed in number seconds
Current log# 974 seq# 5198 mem# 0
Thread 1 advanced to log sequence 128
Archived Log entry 140 added for thread 1 sequence 4238
ARC0: Archival started
Completed checkpoint up to RBA
ORA-29527: created Java source 5000 " NETWORK_OPS.SIM_INVENTORY "
Errors in file /u01/app/oracle/diag/rdbms/ttprod/ttprod1/trace/ttprod1_ora_43652.trc
Beginning log switch checkpoint up to RBA
Current log# 892 seq# 1021 mem# 0
ARC0: Archival started
Undo initialization finished
Beginning log switch checkpoint up to RBA
RMAN-20022: user not found
Errors in file /u01/app/oracle/diag/rdbms/ttprod/ttprod1/trace/ttprod1_ora_29626.trc
Starting background process VKTM
Beginning log switch checkpoint up to RBA
Current log# 599 seq# 5420 mem# 0
NZE-29181: ldap_open failed
Undo initialization finished
Current log# 899 seq# 9932 mem# 0
Archived Log entry 353 added for thread 1 sequence 3977
Current log# 640 seq# 1944 mem# 0
Completed checkpoint up to RBA
PRKO-02136: 'srvctl start/stop/enable/disable/modify/status/setenv/getenv/unsetenv instance' commands are not supported with RAC One Node databases
Thread 1 advanced to log sequence 609
Completed checkpoint up to RBA
Completed checkpoint up to RBA
PGU-30317: TIP generation: PL/SQL DATA_TS01 statements for PK_CUSTOMER_ACCOUNTS CRM.CALL_DETAIL_RECORDS
Errors in file /u01/app/oracle/diag/rdbms/ttprod/ttprod1/trace/ttprod1_ora_17916.trc
Beginning log switch checkpoint up to RBA
LSX-00151: invalid combination of attributes "ref" and "name"
Completed checkpoint up to RBA
Archived Log entry 280 added for thread 1 sequence 2005
Undo initialization finished
Current log# 988 seq# 8354 mem# 0
ORA-47245: error renaming Realm DATA_TS01 , ttprod1
ARC0: Archival started
Thread 1 advanced to log sequence 865
Current log# 933 seq# 7578 mem# 0
Starting background process VKTM
ARC0: Archival started
RMAN-08592: output file name= CRM.CALL_DETAIL_RECORDS tag= DATA_TS01
Starting background process VKTM
ORA-23369: value of " 42 " argument cannot be null
Undo initialization finished
PRKO-02135: 'srvctl remove instance' command is not supported with RAC One Node databases
Completed checkpoint up to RBA
Starting background process VKTM
Archived Log entry 850 added for thread 1 sequence 1840
PRVF-10405: Path "{0}" is not suitable for usage as RAC database software
ARC0: Archival started
Undo initialization finished
Starting background process VKTM
ARC0: Archival started
Undo initialization finished
TNS-01103: Protocol specific component of the address is incorrectly specified
Archived Log entry 467 added for thread 1 sequence 1711
Current log# 133 seq# 6196 mem# 0
ORA-55488: metadata definition already exists for the policy
Starting background process VKTM
RMAN-08512: waiting for snapshot control file enqueue
Archived Log entry 401 added for thread 1 sequence 3770
Completed checkpoint up to RBA
ORA-19211: column ' DATA_TS01 ', specified as key using DBMS_XMLSTORE.setKeyColumn() , must be of scalar type
Beginning log switch checkpoint up to RBA
ARC0: Archival started
Completed checkpoint up to RBA
KUP-05006: Warning: Intra source concurrency disabled because a complex terminator CRM.CALL_DETAIL_RECORDS is being used.
ARC0: Archival started
Thread 1 advanced to log sequence 924
NNO-00322: statistic counter dump interval changed to number seconds
Archived Log entry 518 added for thread 1 sequence 9868
Completed checkpoint up to RBA
ORA-26564: user_sessions argument is not of specified type
Archived Log entry 818 added for thread 1 sequence 8839
Undo initialization finished
ARC0: Archival started
ARC0: Archival started
ORA-06604: LU6.2 Driver: Unable to allocate session with remote LU
Completed checkpoint up to RBA
ARC0: Archival started
Completed checkpoint up to RBA
Archived Log entry 390 added for thread 1 sequence 2060
RMAN-08060: unable to find archived log
Current log# 659 seq# 9307 mem# 0
ORA-27092: size of file exceeds file size limit of the process
Beginning log switch checkpoint up to RBA
Thread 1 advanced to log sequence 315
Archived Log entry 67 added for thread 1 sequence 4343
ORA-64300: Invalid compression level specified
Current log# 511 seq# 3726 mem# 0
Thread 1 advanced to log sequence 760
Archived Log entry 243 added for thread 1 sequence 8350
Beginning log switch checkpoint up to RBA
RMAN-06949: finished flashback log search, restored pk_orders blocks
Starting background process VKTM
ORA-27102: out of memory
Errors in file /u01/app/oracle/diag/rdbms/ttprod/ttprod1/trace/ttprod1_ora_94525.trc
Undo initialization finished
Thread 1 advanced to log sequence 311
NDFN-00024: caught I/O exception: large pool
Completed checkpoint up to RBA
PRIF-00050: duplicate interface is given in the input
Starting background process VKTM
ORA-30755: error during expansion of view hierarchy
Starting background process VKTM
Undo initialization finished
ARC0: Archival started
Current log# 626 seq# 3989 mem# 0
Current log# 395 seq# 8284 mem# 0
ORA-25342: cannot downgrade because there are apply processes for user buffered messages
Beginning log switch checkpoint up to RBA
Thread 1 advanced to log sequence 570
Starting background process VKTM
Starting background process VKTM
ORA-01543: tablespace ' reporting_schema ' already exists
Undo initialization finished
Archived Log entry 494 added for thread 1 sequence 4721
Undo initialization finished
Starting background process VKTM
Undo initialization finished
ORA-13794: execution type mismatch
Starting background process VKTM
Current log# 509 seq# 7289 mem# 0
ORA-24819: Illegal reference count encountered for a temporary LOB
Errors in file /u01/app/oracle/diag/rdbms/ttprod/ttprod1/trace/ttprod1_ora_96674.trc
Current log# 763 seq# 2775 mem# 0
RMAN-07501: searching for all files in the recovery area
Archived Log entry 173 added for thread 1 sequence 1417
Current log# 996 seq# 7218 mem# 0
Completed checkpoint up to RBA
ORA-39714: upgrade script utlmmig.sql failed
Beginning log switch checkpoint up to RBA
Undo initialization finished
Completed checkpoint up to RBA
XOQ-00286: error creating a definition manager
Undo initialization finished
Starting background process VKTM
Beginning log switch checkpoint up to RBA
ORA-09873: TASDEF_OPEN: open error when opening tasdef@.dbf file.
Errors in file /u01/app/oracle/diag/rdbms/ttprod/ttprod1/trace/ttprod1_ora_67702.trc
Completed checkpoint up to RBA
Archived Log entry 425 added for thread 1 sequence 7605
RMAN-08029: snapshot control file name set to default value: _SYSSMU12$
Thread 1 advanced to log sequence 704
ORA-12081: update operation not allowed on table " pg_toast_12345 "." session_1123 "
Errors in file /u01/app/oracle/diag/rdbms/ttprod/ttprod1/trace/ttprod1_ora_72647.trc
ARC0: Archival started
Thread 1 advanced to log sequence 17
ORA-29379: resource plan _SYSSMU7$ is involved in a loop in top-plan 3
Current log# 305 seq# 7910 mem# 0
ORA-42297: cannot drop a schema synonym for a schema of a user who is currently connected
Beginning log switch checkpoint up to RBA
Archived Log entry 906 added for thread 1 sequence 9500
TNS-12227: TNS:syntax error
Beginning log switch checkpoint up to RBA
Thread 1 advanced to log sequence 116
Thread 1 advanced to log sequence 691
Undo initialization finished
Current log# 396 seq# 7727 mem# 0
IMP-00019: row rejected due to ORACLE error number
Completed checkpoint up to RBA
PCB-00402: Pseudo-text not properly terminated
Errors in file /u01/app/oracle/diag/rdbms/ttprod/ttprod1/trace/ttprod1_ora_53405.trc
Completed checkpoint up to RBA
Archived Log entry 47 added for thread 1 sequence 9070
Undo initialization finished
LSX-00244: invalid NCName "~S"
Archived Log entry 672 added for thread 1 sequence 8387
Beginning log switch checkpoint up to RBA
ARC0: Archival started
ORA-01112: media recovery not started
Undo initialization finished
CRS-01610: Network communication with node USERS ( number ) missing for 90% of timeout interval. Removal of this node from cluster in number . number seconds
Starting background process VKTM
Completed checkpoint up to RBA
Beginning log switch checkpoint up to RBA
Undo initialization finished
NNO-00331: error saving new value pg_toast_12345 of CDR_STAGING to the save config table.
Errors in file /u01/app/oracle/diag/rdbms/ttprod/ttprod1/trace/ttprod1_ora_63900.trc
Archived Log entry 629 added for thread 1 sequence 9954
Current log# 9 seq# 4442 mem# 0
Archived Log entry 121 added for thread 1 sequence 3793
Starting background process VKTM
Current log# 598 seq# 3403 mem# 0
CLSW-00006: Cannot perform cluster wallet operation because the context is invalid.
Current log# 886 seq# 7858 mem# 0
Thread 1 advanced to log sequence 9
CRS-04628: Change to configuration failed, but was successfully rolled back.
Completed checkpoint up to RBA
ORA-38856: cannot mark instance 5000 (redo thread _SYSSMU7$ ) as enabled
Completed checkpoint up to RBA
XOQ-01701: Dimension " 5000 " is not part of an analytic workspace.
Undo initialization finished
ARC0: Archival started
ORA-29871: invalid alter option for a domain index
Completed checkpoint up to RBA
NZE-28855: Unsupported SSL operation
Starting background process VKTM
Beginning log switch checkpoint up to RBA
ARC0: Archival started
Undo initialization finished
ORA-42003: partition must be specified for this redefinition
Starting background process VKTM
Current log# 882 seq# 8817 mem# 0
Undo initialization finished
Completed checkpoint up to RBA
PCC-01500: You are not authorized to run Pro*Ada
Errors in file /u01/app/oracle/diag/rdbms/ttprod/ttprod1/trace/ttprod1_ora_29975.trc
Undo initialization finished
ARC0: Archival started
SQL-02135: Unable to initialize date format using supplied mask
Completed checkpoint up to RBA
RMAN-06406: deleted archived log
ARC0: Archival started
Beginning log switch checkpoint up to RBA
Starting background process VKTM
Archived Log entry 719 added for thread 1 sequence 4346
Thread 1 advanced to log sequence 398
ORA-30385: specified attribute relationship (' CDR_STAGING ' determines ' PK_CUSTOMER_ACCOUNTS ') exists
Completed checkpoint up to RBA
Beginning log switch checkpoint up to RBA
Beginning log switch checkpoint up to RBA
Beginning log switch checkpoint up to RBA
Undo initialization finished
ORA-51008: parameter [ pk_orders ] value is not a proper number
Current log# 752 seq# 3138 mem# 0
ARC0: Archival started
Starting background process VKTM
Completed checkpoint up to RBA
Undo initialization finished
PCC-00106: RELEASE is an Oracle extension to the COMMIT and ROLLBACK statements
Errors in file /u01/app/oracle/diag/rdbms/ttprod/ttprod1/trace/ttprod1_ora_26124.trc
ARC0: Archival started
INS-32107: n/a
ARC0: Archival started
Current log# 162 seq# 3082 mem# 0
NNL-00904: NAME EXISTS responses sent: number
Starting background process VKTM
Current log# 966 seq# 7124 mem# 0
RMAN-06200: Changed pg_toast_12345 objects to AVAILABLE status
Completed checkpoint up to RBA
Current log# 525 seq# 7601 mem# 0
Current log# 632 seq# 7010 mem# 0
Current log# 805 seq# 1744 mem# 0
Undo initialization finished
NID-00311: Control File app_db - modified
Undo initialization finished
Starting background process VKTM
Current log# 132 seq# 4087 mem# 0
ARC0: Archival started
Current log# 644 seq# 5608 mem# 0
ORA-30744: " 3 " is not an object table
Starting background process VKTM
Starting background process VKTM
NZE-28865: SSL connection closed
Current log# 354 seq# 1988 mem# 0
RMAN-06966: Invalid release number CRM.CALL_DETAIL_RECORDS
Errors in file /u01/app/oracle/diag/rdbms/ttprod/ttprod1/trace/ttprod1_ora_49352.trc
Beginning log switch checkpoint up to RBA
Undo initialization finished
Beginning log switch checkpoint up to RBA
Thread 1 advanced to log sequence 863
ORA-28155: user ' TNS_ADMIN ' specified as a proxy is actually a role
Archived Log entry 134 added for thread 1 sequence 5563
ARC0: Archival started
ORA-64477: Multiple token tables are not supported.
Errors in file /u01/app/oracle/diag/rdbms/ttprod/ttprod1/trace/ttprod1_ora_94316.trc
ARC0: Archival started
Undo initialization finished
Thread 1 advanced to log sequence 22
Beginning log switch checkpoint up to RBA
RMAN-03033: current log archived
Current log# 945 seq# 6569 mem# 0
Completed checkpoint up to RBA
Beginning log switch checkpoint up to RBA
Current log# 438 seq# 9399 mem# 0
ORA-12642: No session key
Errors in file /u01/app/oracle/diag/rdbms/ttprod/ttprod1/trace/ttprod1_ora_32991.trc
ARC0: Archival started
Beginning log switch checkpoint up to RBA
Completed checkpoint up to RBA
Undo initialization finished
DRG-13607: end_hit_num is not specified or out of valid range number .. number
Completed checkpoint up to RBA
Beginning log switch checkpoint up to RBA
ORA-64009: invalid provider specified
Current log# 708 seq# 5714 mem# 0
Thread 1 advanced to log sequence 515
Beginning log switch checkpoint up to RBA
Beginning log switch checkpoint up to RBA
Current log# 664 seq# 7975 mem# 0
INS-32062: Unable to create large pool at the specified location.
Completed checkpoint up to RBA
Current log# 343 seq# 3067 mem# 0
ARC0: Archival started
Starting background process VKTM
TNS-12646: Invalid value specified for boolean parameter
Beginning log switch checkpoint up to RBA
Undo initialization finished
Archived Log entry 255 added for thread 1 sequence 7927
ARC0: Archival started
ARC0: Archival started
ORA-38441: System could not derive the list of STORED and INDEXED attributes.
Current log# 842 seq# 5918 mem# 0
Archived Log entry 618 added for thread 1 sequence 2775
Beginning log switch checkpoint up to RBA
Beginning log switch checkpoint up to RBA
Thread 1 advanced to log sequence 546
PRCN-02059: Invalid listener port number {0}
Undo initialization finished
Beginning log switch checkpoint up to RBA
Completed checkpoint up to RBA
Completed checkpoint up to RBA
ARC0: Archival started
ORA-41204: Session capture in progress
Starting background process VKTM
ARC0: Archival started
Archived Log entry 212 added for thread 1 sequence 6526
PLS-00394: wrong number of values in the INTO list of a FETCH statement
Undo initialization finished
Undo initialization finished
Undo initialization finished
Completed checkpoint up to RBA
Archived Log entry 818 added for thread 1 sequence 5617
PGU-50001: error reading the log file.
Thread 1 advanced to log sequence 337
ARC0: Archival started
Completed checkpoint up to RBA
ARC0: Archival started
Completed checkpoint up to RBA
ORA-26709: Streams RFS restart
Starting background process VKTM
ORA-32848: foreign queue DOMAIN required for JMS unified connections
Errors in file /u01/app/oracle/diag/rdbms/ttprod/ttprod1/trace/ttprod1_ora_12047.trc
Starting background process VKTM
Thread 1 advanced to log sequence 987
Current log# 213 seq# 6434 mem# 0
ORA-39916: Subpartition CRM.CALL_DETAIL_RECORDS of table DATA_TS01 . 3 in tablespace INVOICE_LINES_IDX points to LOB segment 5000 . APP_USER42 in tablespace UNDOTBS1 .
Thread 1 advanced to log sequence 173
DIA-49407: No unpacking history in this home
Starting background process VKTM
Starting background process VKTM
Starting background process VKTM
ORA-06433: ssaio: LSEEK error, unable to seek to requested block.
Undo initialization finished
Current log# 993 seq# 3663 mem# 0
ARC0: Archival started
ORA-37031: (XSMLTMAINT02) You cannot DELETE values of dimension workspace object in MULTI mode.
Undo initialization finished
RMAN-06776: source recovery catalog database not started
Thread 1 advanced to log sequence 904
Undo initialization finished
RMAN-12019: continuing other job steps, job failed will not be re-run
Starting background process VKTM
Thread 1 advanced to log sequence 201
Archived Log entry 863 added for thread 1 sequence 7767
ARC0: Archival started
RMAN-08114: channel APP_USER42 : restoring SPFILE to PFILE
Undo initialization finished
Undo initialization finished
ARC0: Archival started
ARC0: Archival started
QSM-01572: equivalence, CDR_STAGING , and query have different joins between tables, CDR_STAGING
Current log# 714 seq# 9581 mem# 0
Thread 1 advanced to log sequence 823
Completed checkpoint up to RBA
Undo initialization finished
QSM-01067: materialized view, session_1123 , cannot support the query measure, _SYSSMU7$
Starting background process VKTM
ARC0: Archival started
ARC0: Archival started
ORA-31143: XDB_SET_INVOKER role is required
Archived Log entry 822 added for thread 1 sequence 8527
Archived Log entry 327 added for thread 1 sequence 6314
ARC0: Archival started
Starting background process VKTM
RMAN-08137: WARNING: archived log not deleted, needed for standby or upstream capture process
Errors in file /u01/app/oracle/diag/rdbms/ttprod/ttprod1/trace/ttprod1_ora_27735.trc
Beginning log switch checkpoint up to RBA
Undo initialization finished
Completed checkpoint up to RBA
Completed checkpoint up to RBA
ORA-09759: osnsbt: bad message received.
Current log# 594 seq# 5698 mem# 0
Starting background process VKTM
Beginning log switch checkpoint up to RBA
CRS-02549: Resource ' idx_users_email ' cannot be placed on ' INVOICE_LINES_IDX ' as it is not a valid candidate as per the placement policy
Starting background process VKTM
ARC0: Archival started
RMAN-06485: changed archived log expired
ARC0: Archival started
Undo initialization finished
Thread 1 advanced to log sequence 769
ARC0: Archival started
Current log# 895 seq# 2567 mem# 0
PLS-00622: range constraints must be between -2147483647 and 2147483647
Starting background process VKTM
Archived Log entry 300 added for thread 1 sequence 7137
ARC0: Archival started
Beginning log switch checkpoint up to RBA
Starting background process VKTM
ORA-24151: no evaluation context is associated with rule ttstandby01 . 42 or rule set reporting_schema . APP_USER42
Beginning log switch checkpoint up to RBA
ORA-12019: master table is a synonym to a remote object
Starting background process VKTM
Undo initialization finished
TNS-01401: Class: CRM.CALL_DETAIL_RECORDS
Errors in file /u01/app/oracle/diag/rdbms/ttprod/ttprod1/trace/ttprod1_ora_23188.trc
Thread 1 advanced to log sequence 195
Beginning log switch checkpoint up to RBA
Undo initialization finished
PRKR-01024: file {0} does not have {1} permissions
Current log# 145 seq# 3584 mem# 0
RMAN-08302: Run RMAN script USERS on target platform to convert datafiles
Starting background process VKTM
Beginning log switch checkpoint up to RBA
NNL-00932: Requests refused, type syntax mismatch: number
Archived Log entry 623 added for thread 1 sequence 3440
ORA-38472: VARCHAR representation of the data item is too long.
Thread 1 advanced to log sequence 974
Starting background process VKTM
Completed checkpoint up to RBA
Thread 1 advanced to log sequence 488
ORA-13111: cannot add topo_geometry layer [ PK_CUSTOMER_ACCOUNTS ] to topology
Errors in file /u01/app/oracle/diag/rdbms/ttprod/ttprod1/trace/ttprod1_ora_72525.trc
Starting background process VKTM
ARC0: Archival started
Current log# 639 seq# 9619 mem# 0
Current log# 66 seq# 4407 mem# 0
CLST-01501: tried to delete key /u01/app/oracle/oradata/ttprod/users01.dbf but it was not there
Beginning log switch checkpoint up to RBA
Starting background process VKTM
Archived Log entry 171 added for thread 1 sequence 1305
ORA-04084: cannot change NEW values for this trigger type
Errors in file /u01/app/oracle/diag/rdbms/ttprod/ttprod1/trace/ttprod1_ora_19040.trc
Undo initialization finished
Completed checkpoint up to RBA
Current log# 928 seq# 6498 mem# 0
ARC0: Archival started
ARC0: Archival started
RMAN-08035: partial resync skipped, target database not mounted
Errors in file /u01/app/oracle/diag/rdbms/ttprod/ttprod1/trace/ttprod1_ora_37959.trc
Thread 1 advanced to log sequence 665
Undo initialization finished
Archived Log entry 596 added for thread 1 sequence 7946
ORA-29834: REF datatype not supported with operators
Completed checkpoint up to RBA
Completed checkpoint up to RBA
Archived Log entry 505 added for thread 1 sequence 1101
Thread 1 advanced to log sequence 369
RMAN-06213: --------------- ---------------------------------------------------
Errors in file /u01/app/oracle/diag/rdbms/ttprod/ttprod1/trace/ttprod1_ora_63678.trc
Current log# 780 seq# 2228 mem# 0
Thread 1 advanced to log sequence 301
ARC0: Archival started
Beginning log switch checkpoint up to RBA
ORA-06408: NETCMN: incorrect message format
Starting background process VKTM
Completed checkpoint up to RBA
ORA-25253: listen failed, queue 3 . fk_order_customer is not enabled for dequeue
Errors in file /u01/app/oracle/diag/rdbms/ttprod/ttprod1/trace/ttprod1_ora_69450.trc
Thread 1 advanced to log sequence 25
Current log# 442 seq# 3694 mem# 0
Current log# 752 seq# 9737 mem# 0
Starting background process VKTM
RMAN-05550: TARGET database not open, cannot verify that set of tablespaces being duplicated does not have SYS objects
ARC0: Archival started
Starting background process VKTM
Thread 1 advanced to log sequence 92
Current log# 613 seq# 1261 mem# 0
RMAN-06733: database unregistered from the recovery catalog
Undo initialization finished
ARC0: Archival started
RMAN-06179: datafile number not processed because file is read-only
Undo initialization finished
Starting background process VKTM
RMAN-08599: channel session_1123 : throttle time: SYSAUX
Thread 1 advanced to log sequence 549
Undo initialization finished
Current log# 616 seq# 4768 mem# 0
Beginning log switch checkpoint up to RBA
CRS-05024: Unmounting file system " _SYSSMU12$ "
Beginning log switch checkpoint up to RBA
Current log# 560 seq# 4791 mem# 0
Archived Log entry 148 added for thread 1 sequence 3140
Completed checkpoint up to RBA
ORA-19299: XQST0066: A static error is raised if a Prolog contains more than one default element/type namespace declaration, or more than one default function namespace declaration
Errors in file /u01/app/oracle/diag/rdbms/ttprod/ttprod1/trace/ttprod1_ora_18287.trc
Archived Log entry 53 added for thread 1 sequence 3264
RMAN-06109: changed archived log unavailable
Archived Log entry 230 added for thread 1 sequence 3309
Undo initialization finished
Undo initialization finished
Starting background process VKTM
Undo initialization finished
PCC-00108: This statement is not supported by ANSI
Undo initialization finished
Undo initialization finished
RMAN-06507: trying alternate file for archived log of thread number with sequence number
Archived Log entry 61 added for thread 1 sequence 7684
Completed checkpoint up to RBA
Archived Log entry 212 added for thread 1 sequence 8798
Undo initialization finished
Beginning log switch checkpoint up to RBA
ORA-27243: ELF file has too many relocation sections
Archived Log entry 702 added for thread 1 sequence 1133
PRVF-09664: CTSS is in an inconsistent state with some nodes in Observer state and some nodes in Active state. All nodes must be either in Observer state or in Active state. Nodes with CTSS in Active state:"{0}" Nodes with CTSS in Observer state: "{1}"
Current log# 170 seq# 7930 mem# 0
Beginning log switch checkpoint up to RBA
ORA-56927: Starting an upgrade window failed
Beginning log switch checkpoint up to RBA
Thread 1 advanced to log sequence 588
Archived Log entry 925 added for thread 1 sequence 3369
Current log# 887 seq# 9664 mem# 0
RMAN-08100: channel pk_orders : starting proxy validation
Starting background process VKTM
Beginning log switch checkpoint up to RBA
Undo initialization finished
ORA-38784: Cannot create restore point ' SYSAUX '.
Errors in file /u01/app/oracle/diag/rdbms/ttprod/ttprod1/trace/ttprod1_ora_78464.trc
Archived Log entry 398 added for thread 1 sequence 9406
ORA-16178: Cannot specify remote destinations in manual archiving mode
Beginning log switch checkpoint up to RBA
Thread 1 advanced to log sequence 822
Beginning log switch checkpoint up to RBA
RMAN-06204: Changed USERS objects to UNAVAILABLE status
Errors in file /u01/app/oracle/diag/rdbms/ttprod/ttprod1/trace/ttprod1_ora_38542.trc
Undo initialization finished
Thread 1 advanced to log sequence 179
Thread 1 advanced to log sequence 906
Completed checkpoint up to RBA
ORA-27101: Shared memory realm does not exist
Current log# 876 seq# 5398 mem# 0
ARC0: Archival started
Thread 1 advanced to log sequence 291
Starting background process VKTM
RMAN-08005: new incarnation of database registered in recovery catalog
Thread 1 advanced to log sequence 804
Beginning log switch checkpoint up to RBA
Thread 1 advanced to log sequence 776
Completed checkpoint up to RBA
Beginning log switch checkpoint up to RBA
ORA-39915: Partition UNDOTBS1 of table 42 . idx_users_email in tablespace 3 points to LOB segment USERS . idx_users_email in tablespace 3 .
Beginning log switch checkpoint up to RBA
Archived Log entry 463 added for thread 1 sequence 4535
Thread 1 advanced to log sequence 201
ORA-62001: value for parameter cannot contain a comma
Completed checkpoint up to RBA
Undo initialization finished
PGU-50003: _SYSSMU7$ length of number exceeds the maximum of number .
Thread 1 advanced to log sequence 656
ORA-00953: missing or invalid index name
Current log# 881 seq# 8466 mem# 0
ORA-19851: OS error while managing auxiliary database NETWORK_OPS.SIM_INVENTORY
Current log# 348 seq# 2644 mem# 0
Beginning log switch checkpoint up to RBA
Archived Log entry 417 added for thread 1 sequence 8437
Thread 1 advanced to log sequence 747
ORA-01080: error in shutting down ORACLE
Undo initialization finished
Current log# 572 seq# 4614 mem# 0
ARC0: Archival started
ORA-39920: Rollback segment TNS_ADMIN in tablespace CDR_STAGING not allowed in transportable set.
Undo initialization finished
ARC0: Archival started
Archived Log entry 919 added for thread 1 sequence 4481
Archived Log entry 430 added for thread 1 sequence 2119
Beginning log switch checkpoint up to RBA
ORA-25177: UNRECOVERABLE option not permitted
Archived Log entry 540 added for thread 1 sequence 9988
Current log# 346 seq# 7132 mem# 0
ORA-55204: Tag data translation option not found
ARC0: Archival started
Undo initialization finished
Starting background process VKTM
RMAN-08304: To change the internal database identifier, use DBNEWID Utility
Completed checkpoint up to RBA
ARC0: Archival started
ARC0: Archival started
Starting background process VKTM
ORA-12092: cannot online redefine replicated table " fk_order_customer "." app_db "
Undo initialization finished
Starting background process VKTM
ORA-27205: skgfpcn: sbtpccancel returned error
Errors in file /u01/app/oracle/diag/rdbms/ttprod/ttprod1/trace/ttprod1_ora_29609.trc
Thread 1 advanced to log sequence 852
Archived Log entry 181 added for thread 1 sequence 3280
Undo initialization finished
Completed checkpoint up to RBA
PRIF-00020: Error in getting the lock for GPnP profile
Thread 1 advanced to log sequence 238
Beginning log switch checkpoint up to RBA
Undo initialization finished
TNS-00127: Missing Connection Manager name in TNSNET.ORA
Current log# 47 seq# 8857 mem# 0
NNO-00306: server shutdown countdown aborted
Errors in file /u01/app/oracle/diag/rdbms/ttprod/ttprod1/trace/ttprod1_ora_43807.trc
Thread 1 advanced to log sequence 480
Beginning log switch checkpoint up to RBA
Completed checkpoint up to RBA
ARC0: Archival started
Archived Log entry 811 added for thread 1 sequence 8665
RMAN-06203: Changed KEEP options for idx_users_email objects
Archived Log entry 510 added for thread 1 sequence 1871
Beginning log switch checkpoint up to RBA
Completed checkpoint up to RBA
Current log# 207 seq# 8668 mem# 0
Thread 1 advanced to log sequence 984
NNO-00108: line number : TTL of number seconds below domain minimum number , using minimum
Starting background process VKTM
Thread 1 advanced to log sequence 186
Current log# 916 seq# 1363 mem# 0
Archived Log entry 858 added for thread 1 sequence 9827
PGA-21103: trace information written to app_db
Thread 1 advanced to log sequence 950
NID-00502: TARGET Username/Password (NONE)
Thread 1 advanced to log sequence 500
Thread 1 advanced to log sequence 782
Current log# 162 seq# 5127 mem# 0
CRS-02848: Error while reading resources: Resource: ' shared pool ' . Error: user_sessions . Details at APP_USER42 in CDR_STAGING .
Errors in file /u01/app/oracle/diag/rdbms/ttprod/ttprod1/trace/ttprod1_ora_94196.trc
Thread 1 advanced to log sequence 444
Starting background process VKTM
ORA-24429: External authentication is not supported in this mode.
Archived Log entry 350 added for thread 1 sequence 3111
Completed checkpoint up to RBA
Current log# 407 seq# 2796 mem# 0
Beginning log switch checkpoint up to RBA
ORA-39296: Cannot alter index partitioning type or partitioning columns.
Errors in file /u01/app/oracle/diag/rdbms/ttprod/ttprod1/trace/ttprod1_ora_63853.trc
Archived Log entry 367 added for thread 1 sequence 7631
Undo initialization finished
ORA-31480: staging database and source database cannot be the same
Errors in file /u01/app/oracle/diag/rdbms/ttprod/ttprod1/trace/ttprod1_ora_67111.trc
Beginning log switch checkpoint up to RBA
Current log# 476 seq# 8764 mem# 0
Starting background process VKTM
Beginning log switch checkpoint up to RBA
Archived Log entry 650 added for thread 1 sequence 1351
ORA-28070: The column " NETWORK_OPS.SIM_INVENTORY " does not have a data redaction policy.
Beginning log switch checkpoint up to RBA
Undo initialization finished
NID-00501: ----------------------------------------------------
Beginning log switch checkpoint up to RBA
Undo initialization finished
Undo initialization finished
Thread 1 advanced to log sequence 976
Archived Log entry 115 added for thread 1 sequence 6166
RMAN-08096: channel TNS_ADMIN : starting validation of datafile backup set
Completed checkpoint up to RBA
Thread 1 advanced to log sequence 950
Current log# 838 seq# 9025 mem# 0
RMAN-08142: including standby control file for validation
ARC0: Archival started
Archived Log entry 393 added for thread 1 sequence 1165
ARC0: Archival started
ORA-46066: Inactivity Timeout not specified
Undo initialization finished
Completed checkpoint up to RBA
Beginning log switch checkpoint up to RBA
Undo initialization finished
Thread 1 advanced to log sequence 807
PCC-02152: Unable to open file 17 to display or list the source line number
Undo initialization finished
Thread 1 advanced to log sequence 464
Undo initialization finished
ORA-36766: (XSAGGCNTMOVE04) workspace object cannot be used as an AGGCOUNT because it has an AGGCOUNT.
Undo initialization finished
Completed checkpoint up to RBA
Undo initialization finished
ARC0: Archival started
ORA-29395: cannot set the initial consumer group to 42
Beginning log switch checkpoint up to RBA
Beginning log switch checkpoint up to RBA
Archived Log entry 773 added for thread 1 sequence 1640
Thread 1 advanced to log sequence 390
Archived Log entry 954 added for thread 1 sequence 8911
ORA-03221: Temporary tablespaces and temporary segments must have standard block size
Thread 1 advanced to log sequence 114
Completed checkpoint up to RBA
Archived Log entry 195 added for thread 1 sequence 7324
DIA-48136: directory already exists [ SP2-0552 ]
Errors in file /u01/app/oracle/diag/rdbms/ttprod/ttprod1/trace/ttprod1_ora_56531.trc
Archived Log entry 259 added for thread 1 sequence 9031
Starting background process VKTM
Undo initialization finished
Archived Log entry 292 added for thread 1 sequence 3239
ORA-64139: The type of VIRTUAL column is not XMLTYPE
Beginning log switch checkpoint up to RBA
Beginning log switch checkpoint up to RBA
ORA-54510: no outer geometry expected
Thread 1 advanced to log sequence 350
ORA-21501: program could not allocate memory
Undo initialization finished
Archived Log entry 548 added for thread 1 sequence 3687
Thread 1 advanced to log sequence 44
Beginning log switch checkpoint up to RBA
Beginning log switch checkpoint up to RBA
ORA-18121: XUTY0022 - Invalid attribute insertion into a document node
Undo initialization finished
Beginning log switch checkpoint up to RBA
RMAN-08016: channel session_1123 : starting datafile backup set restore
Starting background process VKTM
RMAN-08522: input datafile file number= pk_orders name= CDR_STAGING
Completed checkpoint up to RBA
Thread 1 advanced to log sequence 767
Beginning log switch checkpoint up to RBA
ARC0: Archival started
Completed checkpoint up to RBA
RMAN-08507: input datafile copy RECID= _SYSSMU7$ STAMP= ttstandby01 file name= APP_USER42
Thread 1 advanced to log sequence 818
Archived Log entry 205 added for thread 1 sequence 9140
Beginning log switch checkpoint up to RBA
Beginning log switch checkpoint up to RBA
KUP-00562: unknown escape sequence
Thread 1 advanced to log sequence 341
Undo initialization finished
Beginning log switch checkpoint up to RBA
Archived Log entry 232 added for thread 1 sequence 7520
ORA-16117: processing
Undo initialization finished
Archived Log entry 266 added for thread 1 sequence 9881
Completed checkpoint up to RBA
Beginning log switch checkpoint up to RBA
QSM-02153: inline view or subquery in FROM list not supported for this type MV
Archived Log entry 24 added for thread 1 sequence 1874
Undo initialization finished
Completed checkpoint up to RBA
Current log# 154 seq# 8923 mem# 0
CRS-05024: Unmounting file system " fk_order_customer "
Errors in file /u01/app/oracle/diag/rdbms/ttprod/ttprod1/trace/ttprod1_ora_14217.trc
Thread 1 advanced to log sequence 682
ORA-24530: User not authorized to access column value.
Completed checkpoint up to RBA
Archived Log entry 765 added for thread 1 sequence 3825
Undo initialization finished
XOQ-01915: The hierarchy level has no hierarchy level map.
Current log# 627 seq# 3296 mem# 0
Completed checkpoint up to RBA
Beginning log switch checkpoint up to RBA
LPX-00011: In line ~1u of ~2s [general entity ~3S]:
Starting background process VKTM
Completed checkpoint up to RBA
ARC0: Archival started
ARC0: Archival started
ORA-13228: spatial index create failed due to invalid type
Current log# 778 seq# 2003 mem# 0
Beginning log switch checkpoint up to RBA
RMAN-06605: old RMAN configuration parameters are successfully deleted
Errors in file /u01/app/oracle/diag/rdbms/ttprod/ttprod1/trace/ttprod1_ora_64979.trc
ARC0: Archival started
ORA-00217: control file could not be resized for new record types
Archived Log entry 616 added for thread 1 sequence 8085
QSM-01104: query is using flashback
ARC0: Archival started
Starting background process VKTM
Undo initialization finished
ARC0: Archival started
ORA-01049: Bind by name is not spupportted in streamed RPC
Errors in file /u01/app/oracle/diag/rdbms/ttprod/ttprod1/trace/ttprod1_ora_15864.trc
Current log# 850 seq# 5462 mem# 0
Beginning log switch checkpoint up to RBA
Current log# 904 seq# 7710 mem# 0
ARC0: Archival started
Archived Log entry 762 added for thread 1 sequence 1247
RMAN-06449: deleted proxy copy
Completed checkpoint up to RBA
ARC0: Archival started
QSM-01263: query rewrite not possible when query references a dictionary table or view
Beginning log switch checkpoint up to RBA
ARC0: Archival started
Thread 1 advanced to log sequence 558
PGU-41082: data definition 17 version number updated in PG DD
Starting background process VKTM
Undo initialization finished
Current log# 214 seq# 1246 mem# 0
Beginning log switch checkpoint up to RBA
RMAN-08074: crosschecked backup piece: found to be ' DATA_TS01 '
Errors in file /u01/app/oracle/diag/rdbms/ttprod/ttprod1/trace/ttprod1_ora_11756.trc
Beginning log switch checkpoint up to RBA
Thread 1 advanced to log sequence 287
Thread 1 advanced to log sequence 364
Archived Log entry 540 added for thread 1 sequence 1068
ORA-42031: interim table cannot have a commit SCN-based MV log defined on it
Completed checkpoint up to RBA
Thread 1 advanced to log sequence 615
ORA-01484: arrays can only be bound to PL/SQL statements
Current log# 708 seq# 9864 mem# 0
ORA-12424: length exceeds binary label size
Completed checkpoint up to RBA
ARC0: Archival started
PLS-00487: Invalid reference to variable ' pg_toast_12345 '
Starting background process VKTM
Completed checkpoint up to RBA
ARC0: Archival started
Archived Log entry 607 added for thread 1 sequence 6287
RMAN-08123: keep attributes for the datafile/control file copy are deleted
Completed checkpoint up to RBA
Completed checkpoint up to RBA
Thread 1 advanced to log sequence 25
Current log# 743 seq# 9919 mem# 0
Completed checkpoint up to RBA
ORA-19613: datafile _SYSSMU7$ not found in backup set
ARC0: Archival started
PRKO-02183: Node applications run on default network only. The netmask given {0} doesn't match default networks netmask {1}
Beginning log switch checkpoint up to RBA
Starting background process VKTM
ARC0: Archival started
Undo initialization finished
DRG-13612: Missing path element in the result set interface
Beginning log switch checkpoint up to RBA
Completed checkpoint up to RBA
Beginning log switch checkpoint up to RBA
Current log# 360 seq# 8747 mem# 0
Starting background process VKTM
NNO-00260: loading configuration data from checkpoint file " idx_users_email "
ARC0: Archival started
ORA-00360: not a logfile member: pk_orders
ARC0: Archival started
Current log# 728 seq# 2997 mem# 0
ARC0: Archival started
Current log# 39 seq# 3666 mem# 0
Beginning log switch checkpoint up to RBA
ORA-07710: sksaprs: file name buffer too small
Errors in file /u01/app/oracle/diag/rdbms/ttprod/ttprod1/trace/ttprod1_ora_42696.trc
Starting background process VKTM
Archived Log entry 13 added for thread 1 sequence 1129
Starting background process VKTM
ORA-38877: required redo logs are available
Errors in file /u01/app/oracle/diag/rdbms/ttprod/ttprod1/trace/ttprod1_ora_25781.trc
ARC0: Archival started
PCC-00141: Thread Safety is not implemented in this precompiler
Archived Log entry 92 added for thread 1 sequence 3649
Archived Log entry 33 added for thread 1 sequence 2472
ORA-27071: unable to seek to desired position in file
Archived Log entry 764 added for thread 1 sequence 4949
ARC0: Archival started
Beginning log switch checkpoint up to RBA
NNO-00074: downloading region from server UNDOTBS1
Starting background process VKTM
Completed checkpoint up to RBA
Undo initialization finished
ORA-01590: number of segment free list ( ttstandby01 ) exceeds maximum of user_sessions
Starting background process VKTM
Completed checkpoint up to RBA
Completed checkpoint up to RBA
Completed checkpoint up to RBA
ARC0: Archival started
ORA-00405: compatibility type " 42 "
Completed checkpoint up to RBA
Current log# 278 seq# 1921 mem# 0
Beginning log switch checkpoint up to RBA
ORA-19212: no key columns specified before call to DBMS_XMLSTORE.updateXML()
Errors in file /u01/app/oracle/diag/rdbms/ttprod/ttprod1/trace/ttprod1_ora_96430.trc
ARC0: Archival started
Beginning log switch checkpoint up to RBA
Undo initialization finished
ARC0: Archival started
Completed checkpoint up to RBA
PRCI-01133: The IP address {0} does not have the same number of fields with the subnet mask {1}
Beginning log switch checkpoint up to RBA
ORA-27271: szingroup: group lookup failure
Current log# 464 seq# 2328 mem# 0
Archived Log entry 315 added for thread 1 sequence 8263
Beginning log switch checkpoint up to RBA
ARC0: Archival started
PLS-01701: Illegal syntax in ROLLBACK WORK statement
Errors in file /u01/app/oracle/diag/rdbms/ttprod/ttprod1/trace/ttprod1_ora_89044.trc
Completed checkpoint up to RBA
NID-00371: Change database name of database fk_order_customer to 3 ? (Y/[N]) =>
Archived Log entry 987 added for thread 1 sequence 5369
Completed checkpoint up to RBA
Archived Log entry 192 added for thread 1 sequence 7653
ORA-41004: percentage not specified
Errors in file /u01/app/oracle/diag/rdbms/ttprod/ttprod1/trace/ttprod1_ora_24410.trc
Current log# 105 seq# 4190 mem# 0
ORA-26883: Timeout due to 1024 Apply process " _SYSSMU7$ " while merge original Capture process " BILLING.CUST_ORDERS " and cloned Capture process " SP2-0552 ".
Errors in file /u01/app/oracle/diag/rdbms/ttprod/ttprod1/trace/ttprod1_ora_57680.trc
Archived Log entry 571 added for thread 1 sequence 2831
PRCO-00004: OCR initialization failed session_1123
ARC0: Archival started
ORA-31047: Could not retrieve resource data at path USERS
Thread 1 advanced to log sequence 3
ARC0: Archival started
RDE-00065: creation of service instance failed.
Beginning log switch checkpoint up to RBA
ARC0: Archival started
Starting background process VKTM
Current log# 271 seq# 9623 mem# 0
Current log# 51 seq# 8803 mem# 0
INS-40914: The installer has detected the presence of Oracle9i RAC on the remote node, ttprod2 .
Completed checkpoint up to RBA
ARC0: Archival started
Current log# 300 seq# 2782 mem# 0
Undo initialization finished
Undo initialization finished
NZE-29038: There are no matching certificates.
Thread 1 advanced to log sequence 948
ORA-41668: invalid operation for the rule class
Errors in file /u01/app/oracle/diag/rdbms/ttprod/ttprod1/trace/ttprod1_ora_16057.trc
Thread 1 advanced to log sequence 689
Undo initialization finished
Thread 1 advanced to log sequence 125
ARC0: Archival started
Beginning log switch checkpoint up to RBA
ORA-16223: DDL skipped, unsupported in current version
Current log# 541 seq# 2701 mem# 0
Starting background process VKTM
Current log# 152 seq# 4991 mem# 0
Starting background process VKTM
Archived Log entry 477 added for thread 1 sequence 2072
INS-08007: Fully qualified Action class name is not given.
Archived Log entry 620 added for thread 1 sequence 3843
KUP-04048: internal error parsing record from external data source
Errors in file /u01/app/oracle/diag/rdbms/ttprod/ttprod1/trace/ttprod1_ora_26869.trc
Thread 1 advanced to log sequence 587
Beginning log switch checkpoint up to RBA
Starting background process VKTM
Completed checkpoint up to RBA
ARC0: Archival started
RMAN-12019: continuing other job steps, job failed will not be re-run
Current log# 817 seq# 7280 mem# 0
ORA-16246: User initiated abort apply successfully completed
ARC0: Archival started
ARC0: Archival started
Archived Log entry 914 added for thread 1 sequence 3469
LFI-01503: Max filename size exceeded generating filename.
Undo initialization finished
Undo initialization finished
Archived Log entry 739 added for thread 1 sequence 7649
ARC0: Archival started
Beginning log switch checkpoint up to RBA
RMAN-04007: WARNING from recovery catalog database: reporting_schema
Errors in file /u01/app/oracle/diag/rdbms/ttprod/ttprod1/trace/ttprod1_ora_24006.trc
Thread 1 advanced to log sequence 911
Archived Log entry 978 added for thread 1 sequence 3209
Starting background process VKTM
NZE-28817: PL/SQL function returned an error.
Completed checkpoint up to RBA
Beginning log switch checkpoint up to RBA
RMAN-06121: uncataloged control file copy
Errors in file /u01/app/oracle/diag/rdbms/ttprod/ttprod1/trace/ttprod1_ora_19224.trc
Completed checkpoint up to RBA
Beginning log switch checkpoint up to RBA
Starting background process VKTM
DRG-11500: column name expected, found SP2-0552 on line /u01/app/oracle/oradata/ttprod/users01.dbf
ARC0: Archival started
Current log# 535 seq# 7503 mem# 0
ORA-22312: must specify either CASCADE or INVALIDATE option
Completed checkpoint up to RBA
Current log# 443 seq# 9281 mem# 0
Archived Log entry 804 added for thread 1 sequence 5773
TNS-01197: Listener failed to create the end point
Completed checkpoint up to RBA
Thread 1 advanced to log sequence 662
ORA-40023: sufficient memory could not be allocated given the number of attributes
Undo initialization finished
Archived Log entry 596 added for thread 1 sequence 4525
Thread 1 advanced to log sequence 919
RMAN-05599: PASSWORD clause is not needed when duplicating for standby database from active database
Archived Log entry 215 added for thread 1 sequence 4511
Current log# 309 seq# 1760 mem# 0
RMAN-08000: channel _SYSSMU7$ : copied datafile NETWORK_OPS.SIM_INVENTORY
Errors in file /u01/app/oracle/diag/rdbms/ttprod/ttprod1/trace/ttprod1_ora_73538.trc
ARC0: Archival started
Completed checkpoint up to RBA
Starting background process VKTM
Beginning log switch checkpoint up to RBA
DIA-48138: invalid directory name input for client address
ARC0: Archival started
Current log# 199 seq# 4606 mem# 0
Starting background process VKTM
Beginning log switch checkpoint up to RBA
ORA-30946: XML Schema Evolution warning: temporary tables not cleaned up
Errors in file /u01/app/oracle/diag/rdbms/ttprod/ttprod1/trace/ttprod1_ora_60190.trc
Archived Log entry 911 added for thread 1 sequence 2757
ORA-09718: osnsui: cannot set up user interrupt handler.
Errors in file /u01/app/oracle/diag/rdbms/ttprod/ttprod1/trace/ttprod1_ora_63299.trc
Completed checkpoint up to RBA
Archived Log entry 367 added for thread 1 sequence 3419
ORA-19905: log_archive_format must contain %s, %t and %r
Current log# 445 seq# 4592 mem# 0
Thread 1 advanced to log sequence 181
Archived Log entry 817 added for thread 1 sequence 4110
NZE-29119: Cannot import certificate.
Current log# 949 seq# 5009 mem# 0
ORA-30757: cannot access type information
Thread 1 advanced to log sequence 592
ORA-44744: Cannot have more than one drop, add or modify operations in an ALTER INDEX statement.
Beginning log switch checkpoint up to RBA
Thread 1 advanced to log sequence 352
RMAN-05061: analyzing automatic repair options complete
Starting background process VKTM
Thread 1 advanced to log sequence 88
OCI-30150: Invalid argument passed to OCIFile function
Errors in file /u01/app/oracle/diag/rdbms/ttprod/ttprod1/trace/ttprod1_ora_26178.trc
ARC0: Archival started
ARC0: Archival started
Completed checkpoint up to RBA
RDJ-00057: trace file is a directory:
Starting background process VKTM
Starting background process VKTM
Archived Log entry 544 added for thread 1 sequence 1692
Undo initialization finished
Archived Log entry 320 added for thread 1 sequence 7084
NNO-00326: server statistic counter dump follows
Completed checkpoint up to RBA
Current log# 304 seq# 5485 mem# 0
Completed checkpoint up to RBA
Starting background process VKTM
ARC0: Archival started
ORA-44305: service SP2-0552 is running
Archived Log entry 166 added for thread 1 sequence 8349
Starting background process VKTM
ARC0: Archival started
ARC0: Archival started
TNS-01030: The listener supports no services
Undo initialization finished
ARC0: Archival started
ORA-37412: column not mapped by ORGANIZATION CUBE clause
Errors in file /u01/app/oracle/diag/rdbms/ttprod/ttprod1/trace/ttprod1_ora_36816.trc
Starting background process VKTM
Beginning log switch checkpoint up to RBA
Current log# 826 seq# 2784 mem# 0
RMAN-08151: replaced global script idx_users_email
Archived Log entry 237 added for thread 1 sequence 6759
Starting background process VKTM
ORA-23540: Redefinition not defined or initiated
Errors in file /u01/app/oracle/diag/rdbms/ttprod/ttprod1/trace/ttprod1_ora_99808.trc
Undo initialization finished
ARC0: Archival started
Archived Log entry 597 added for thread 1 sequence 1610
DIA-48142: invalid permissions input for change permissions
Archived Log entry 163 added for thread 1 sequence 1840
Undo initialization finished
Undo initialization finished
Beginning log switch checkpoint up to RBA
Undo initialization finished
CRS-04983: Invalid type attribute keyword NETWORK_OPS.SIM_INVENTORY specified
Current log# 94 seq# 7351 mem# 0
Beginning log switch checkpoint up to RBA
ARC0: Archival started
ARC0: Archival started
PCC-01201: Your Pro*C authorization is about to expire
Starting background process VKTM
RMAN-06948: searching flashback logs for block images
Completed checkpoint up to RBA
Completed checkpoint up to RBA
Beginning log switch checkpoint up to RBA
ORA-38877: required redo logs are available
Current log# 547 seq# 1682 mem# 0
Archived Log entry 438 added for thread 1 sequence 1298
Current log# 798 seq# 1453 mem# 0
PRKH-03401: An improper buffer argument was supplied to an internal interface
ARC0: Archival started
Undo initialization finished
ARC0: Archival started
ARC0: Archival started
Current log# 649 seq# 7175 mem# 0
CLST-02105: missing required parameter -l with language ID information
Completed checkpoint up to RBA
CLST-01903: configuring node: host name /u01/app/oracle/oradata/ttprod/users01.dbf , private interconnect name BILLING.CUST_ORDERS
Thread 1 advanced to log sequence 626
ARC0: Archival started
RMAN-08045: channel ttstandby01 : finished piece BILLING.CUST_ORDERS at 17 with INVOICE_LINES_IDX copies
Current log# 935 seq# 7217 mem# 0
ARC0: Archival started
TNS-01193: Listener cannot operate with specified secure transport
Archived Log entry 74 added for thread 1 sequence 3470
Current log# 298 seq# 8817 mem# 0
Current log# 525 seq# 1994 mem# 0
XOQ-01981: A generic metadata validation error has occurred.
ARC0: Archival started
Completed checkpoint up to RBA
Current log# 958 seq# 2093 mem# 0
QSM-00797: the specified workload 3 does not exist for the current user
Errors in file /u01/app/oracle/diag/rdbms/ttprod/ttprod1/trace/ttprod1_ora_19606.trc
Thread 1 advanced to log sequence 417
Current log# 153 seq# 4011 mem# 0
ORA-06029: NETASY: port assignment failure
Errors in file /u01/app/oracle/diag/rdbms/ttprod/ttprod1/trace/ttprod1_ora_92883.trc
Archived Log entry 775 added for thread 1 sequence 6057
Undo initialization finished
Undo initialization finished
Current log# 147 seq# 8109 mem# 0
ORA-55468: rule base " 1024 " does not exist or is not accessible
Thread 1 advanced to log sequence 410
Starting background process VKTM
Undo initialization finished
RMAN-06565: WARNING: pg_toast_12345 : sqlcode number was caught, automatic retry # number
Starting background process VKTM
Undo initialization finished
Beginning log switch checkpoint up to RBA
ORA-15315: Write errors in disk group DATA_TS01 could lead to inconsistent ASM metadata.
Errors in file /u01/app/oracle/diag/rdbms/ttprod/ttprod1/trace/ttprod1_ora_37089.trc
ARC0: Archival started
Thread 1 advanced to log sequence 6
Current log# 166 seq# 3411 mem# 0
Current log# 263 seq# 7891 mem# 0
ORA-26084: direct path context already finished
Errors in file /u01/app/oracle/diag/rdbms/ttprod/ttprod1/trace/ttprod1_ora_65429.trc
Undo initialization finished
ARC0: Archival started
PRCW-01010: Wallet {0} could not be created due to error {1}: {2}
Undo initialization finished
Thread 1 advanced to log sequence 470
NID-00506: SETNAME Set a new database name only NO
Starting background process VKTM
Starting background process VKTM
Thread 1 advanced to log sequence 551
Starting background process VKTM
ORA-24437: OCIStmtExecute called before OCIStmtPrepare2.
Thread 1 advanced to log sequence 184
Undo initialization finished
Undo initialization finished
Archived Log entry 161 added for thread 1 sequence 4159
ARC0: Archival started
CRS-02409: The clock on host DATA_TS01 is not synchronous with the mean cluster time. No action has been taken as the Cluster Time Synchronization Service is running in observer mode.
Errors in file /u01/app/oracle/diag/rdbms/ttprod/ttprod1/trace/ttprod1_ora_93026.trc
Starting background process VKTM
Undo initialization finished
Current log# 29 seq# 4529 mem# 0
ORA-15515: error while replaying remote procedure call: " 42 . USERS . shared pool "
Starting background process VKTM
PRCS-01072: Failed to create server pool with reserved name {0}
Undo initialization finished
Archived Log entry 575 added for thread 1 sequence 1739
Current log# 430 seq# 6670 mem# 0
PRVF-10306: Error occurred while retrieving IP address of IPMI device on nodes {0}
Thread 1 advanced to log sequence 86
EXP-00013: respond with either 'Y', 'N', RETURN or '.' to quit
Completed checkpoint up to RBA
ARC0: Archival started
Beginning log switch checkpoint up to RBA
Completed checkpoint up to RBA
Starting background process VKTM
ORA-09847: soacon: ARCH unable to open named pipe.
Thread 1 advanced to log sequence 990
Thread 1 advanced to log sequence 475
Thread 1 advanced to log sequence 693
Thread 1 advanced to log sequence 222
Archived Log entry 962 added for thread 1 sequence 4893
CRS-05818: Aborted command ' /u01/app/oracle/oradata/ttprod/users01.dbf ' for resource ' session_1123 '. Details at INVOICE_LINES_IDX in CDR_STAGING .
Starting background process VKTM
Thread 1 advanced to log sequence 171
ARC0: Archival started
Completed checkpoint up to RBA
Current log# 243 seq# 1034 mem# 0
ORA-39258: Cannot rename cluster.
Archived Log entry 668 added for thread 1 sequence 5879
Beginning log switch checkpoint up to RBA
PCB-00218: RENAMES clause not allowed for host variable " _SYSSMU12$ "
Undo initialization finished
Beginning log switch checkpoint up to RBA
Beginning log switch checkpoint up to RBA
Undo initialization finished
Thread 1 advanced to log sequence 35
PRKR-01015: error {0} while deserializing directory
Archived Log entry 202 added for thread 1 sequence 2837
Completed checkpoint up to RBA
RMAN-06901: WARNING: disabling update of the V$RMAN_STATUS and V$RMAN_OUTPUT rows
Errors in file /u01/app/oracle/diag/rdbms/ttprod/ttprod1/trace/ttprod1_ora_74841.trc
Completed checkpoint up to RBA
ORA-15328: user identification SYSAUX ' 42 ' exceeds limit of app_db characters
ARC0: Archival started
Undo initialization finished
Thread 1 advanced to log sequence 537
Archived Log entry 598 added for thread 1 sequence 2320
DRG-50932: parser preference initialization failed
Thread 1 advanced to log sequence 282
Archived Log entry 73 added for thread 1 sequence 5862
Beginning log switch checkpoint up to RBA
Starting background process VKTM
ORA-15461: STRIPE_WIDTH of 42 bytes is less than the minimum of DATA_TS01 bytes
ARC0: Archival started
Current log# 345 seq# 8956 mem# 0
Completed checkpoint up to RBA
Beginning log switch checkpoint up to RBA
ORA-27041: unable to open file
Current log# 624 seq# 1460 mem# 0
PLS-00631: PARTITION-BY and CLUSTER/ORDER-BY clauses must be used with the same function argument
Current log# 283 seq# 5857 mem# 0
Thread 1 advanced to log sequence 319
Undo initialization finished
Starting background process VKTM
PRKO-02156: Instance name {0} is not valid
Undo initialization finished
Archived Log entry 658 added for thread 1 sequence 9745
Completed checkpoint up to RBA
Current log# 953 seq# 5805 mem# 0
Beginning log switch checkpoint up to RBA
RMAN-05599: PASSWORD clause is not needed when duplicating for standby database from active database
Current log# 818 seq# 3275 mem# 0
ORA-48165: user missing read, write, or exec permission on specified ADR Base directory [ SP2-0552 ]
Undo initialization finished
Current log# 255 seq# 2484 mem# 0
Thread 1 advanced to log sequence 295
ARC0: Archival started
RMAN-06204: Changed 1024 objects to UNAVAILABLE status
Current log# 817 seq# 7207 mem# 0
Starting background process VKTM
Thread 1 advanced to log sequence 859
Thread 1 advanced to log sequence 594
Thread 1 advanced to log sequence 102
TNS-00255: Closing down log, stopping Navigator
ARC0: Archival started
Beginning log switch checkpoint up to RBA
Beginning log switch checkpoint up to RBA
ORA-29710: Current operation aborted by Cluster Synchronization Services
ARC0: Archival started
Archived Log entry 746 added for thread 1 sequence 3347
XOQ-01758: Measure " SYSAUX " does not belong to build cube " large pool ".
Archived Log entry 30 added for thread 1 sequence 1938
ORA-36840: (XSLMGEN10) Cube user_sessions . large pool has no measures
Undo initialization finished
Thread 1 advanced to log sequence 528
Starting background process VKTM
ARC0: Archival started
RMAN-08613: channel CRM.CALL_DETAIL_RECORDS : failover to piece handle= SP2-0552 tag= 1024
Archived Log entry 193 added for thread 1 sequence 7083
Starting background process VKTM
Beginning log switch checkpoint up to RBA
DRG-10606: server failed to access the DML Queue
Thread 1 advanced to log sequence 852
ORA-09890: osnTXtt: malloc failed
Completed checkpoint up to RBA
Current log# 376 seq# 6545 mem# 0
Undo initialization finished
Thread 1 advanced to log sequence 183
DRG-50926: invalid text query 42
Archived Log entry 10 added for thread 1 sequence 7850
Starting background process VKTM
Completed checkpoint up to RBA
Thread 1 advanced to log sequence 287
ORA-13951: MMON sub-action time limit exceeded
Archived Log entry 459 added for thread 1 sequence 4130
Undo initialization finished
RMAN-08033: channel fk_order_customer : including datafile copy of datafile USERS in backup set
Archived Log entry 595 added for thread 1 sequence 7076
Archived Log entry 465 added for thread 1 sequence 3874
Starting background process VKTM
PCB-00306: CREATE FUNCTION/PROCEDURE/PACKAGE/TRIGGER are Oracle extensions
Completed checkpoint up to RBA
ARC0: Archival started
ORA-36951: (XSFCAST28) The ALLOCLAST parameter cannot be set to YES unless PERIODICITY specifies more than one cycle.
Errors in file /u01/app/oracle/diag/rdbms/ttprod/ttprod1/trace/ttprod1_ora_78406.trc
Beginning log switch checkpoint up to RBA
Undo initialization finished
PGU-39123: EP ttstandby01 , SP2-0552 , number
ARC0: Archival started
ARC0: Archival started
ORA-00359: logfile group pg_toast_12345 does not exist
Beginning log switch checkpoint up to RBA
ARC0: Archival started
Starting background process VKTM
Archived Log entry 605 added for thread 1 sequence 4472
Starting background process VKTM
PCC-02366: Command line argument MODE=ANSI may not be used with DBMS=V6
Beginning log switch checkpoint up to RBA
Undo initialization finished
RMAN-06727: could not locate datafile copy NETWORK_OPS.SIM_INVENTORY
Errors in file /u01/app/oracle/diag/rdbms/ttprod/ttprod1/trace/ttprod1_ora_65465.trc
Archived Log entry 262 added for thread 1 sequence 5975
Undo initialization finished
Starting background process VKTM
Starting background process VKTM
ARC0: Archival started
PRCT-01130: Execution of advmutil failed on local node with result {0}
Current log# 632 seq# 8696 mem# 0
Beginning log switch checkpoint up to RBA
ARC0: Archival started
Thread 1 advanced to log sequence 894
ARC0: Archival started
ORA-48170: unable to lock file - already in use
Starting background process VKTM
Completed checkpoint up to RBA
Undo initialization finished
Starting background process VKTM
ORA-09261: spdcr: error creating detached (background) process
Current log# 749 seq# 3141 mem# 0
Thread 1 advanced to log sequence 601
Archived Log entry 486 added for thread 1 sequence 4109
ORA-06720: TLI Driver: SID lookup failure
Errors in file /u01/app/oracle/diag/rdbms/ttprod/ttprod1/trace/ttprod1_ora_97447.trc
Current log# 543 seq# 1723 mem# 0
ARC0: Archival started
ORA-25250: Cannot specify a remote recipient for the message
ARC0: Archival started
ARC0: Archival started
RMAN-08515: archived log file name= user_sessions thread= ttprod2 sequence= user_sessions
Undo initialization finished
ORA-37071: You may not execute a parallel OLAP operation against updated but uncommitted AW ttprod2 .
Starting background process VKTM
ORA-28392: invalid close wallet syntax
Beginning log switch checkpoint up to RBA
Thread 1 advanced to log sequence 505
PLS-00370: OTHERS handler must be last among the exception handlers of a block
Current log# 510 seq# 4616 mem# 0
Archived Log entry 347 added for thread 1 sequence 5311
ORA-01336: specified dictionary file cannot be opened
Errors in file /u01/app/oracle/diag/rdbms/ttprod/ttprod1/trace/ttprod1_ora_95447.trc
Thread 1 advanced to log sequence 597
Beginning log switch checkpoint up to RBA
Current log# 982 seq# 1879 mem# 0
ORA-32340: cannot tune the materialized view definition
Archived Log entry 805 added for thread 1 sequence 7352
Starting background process VKTM
Completed checkpoint up to RBA
Archived Log entry 85 added for thread 1 sequence 2133
Undo initialization finished
XOQ-00402: unexpected class type for object "( INVOICE_LINES_IDX )": expected APP_USER42
Current log# 709 seq# 9664 mem# 0
Beginning log switch checkpoint up to RBA
Archived Log entry 335 added for thread 1 sequence 2431
ORA-00263: there are no logs that need archiving for thread 42
Beginning log switch checkpoint up to RBA
Current log# 746 seq# 8302 mem# 0
ORA-30181: integer in argument index is not immediately followed by )
Errors in file /u01/app/oracle/diag/rdbms/ttprod/ttprod1/trace/ttprod1_ora_85455.trc
Undo initialization finished
Thread 1 advanced to log sequence 951
Current log# 674 seq# 3656 mem# 0
ARC0: Archival started
Archived Log entry 942 added for thread 1 sequence 4673
NNL-00276: Trace level is now number
Current log# 336 seq# 1589 mem# 0
Starting background process VKTM
Thread 1 advanced to log sequence 373
Completed checkpoint up to RBA
Archived Log entry 603 added for thread 1 sequence 1882
DRG-11304: function-based indexes are not supported by this indextype
Undo initialization finished
Undo initialization finished
NID-00332: The following datafiles are in unknown state:
ARC0: Archival started
Thread 1 advanced to log sequence 952
ORA-55464: model " large pool " does not exist
Undo initialization finished
Thread 1 advanced to log sequence 629
Current log# 310 seq# 1108 mem# 0
Undo initialization finished
ORA-38709: Recovery Area is not enabled.
Starting background process VKTM
Thread 1 advanced to log sequence 120
XOQ-01202: metadata problem for MdmLevel " fk_order_customer "
ARC0: Archival started
Undo initialization finished
Current log# 394 seq# 2355 mem# 0
ARC0: Archival started
RMAN-08130: failover to copy on device type pg_toast_12345
Archived Log entry 369 added for thread 1 sequence 3180
ARC0: Archival started
ORA-01541: system tablespace cannot be brought offline; shut down if necessary
Errors in file /u01/app/oracle/diag/rdbms/ttprod/ttprod1/trace/ttprod1_ora_28376.trc
ARC0: Archival started
ARC0: Archival started
Archived Log entry 334 added for thread 1 sequence 5233
ORA-54503: incorrect solid orientation
Current log# 99 seq# 8281 mem# 0
Undo initialization finished
Undo initialization finished
Current log# 433 seq# 2914 mem# 0
RMAN-07507: cataloging files...
Errors in file /u01/app/oracle/diag/rdbms/ttprod/ttprod1/trace/ttprod1_ora_98553.trc
ARC0: Archival started
ARC0: Archival started
RMAN-07528: number of files not managed by recovery area is session_1123 , totaling shared pool
Current log# 19 seq# 1476 mem# 0
Current log# 764 seq# 1418 mem# 0
Completed checkpoint up to RBA
Completed checkpoint up to RBA
ORA-15411: Failure groups in disk group large pool have different number of disks.
Errors in file /u01/app/oracle/diag/rdbms/ttprod/ttprod1/trace/ttprod1_ora_77622.trc
Undo initialization finished
Completed checkpoint up to RBA
Current log# 655 seq# 1801 mem# 0
Archived Log entry 245 added for thread 1 sequence 9040
Current log# 62 seq# 4748 mem# 0
QSM-02200: PCT FAST REFRESH is not possible if query contains LEFT OUTER, RIGHT OUTER or FULL OUTER JOIN
Thread 1 advanced to log sequence 579
RMAN-06205: Uncataloged 17 objects
Beginning log switch checkpoint up to RBA
PCC-00106: RELEASE is an Oracle extension to the COMMIT and ROLLBACK statements
Beginning log switch checkpoint up to RBA
Beginning log switch checkpoint up to RBA
ARC0: Archival started
Archived Log entry 860 added for thread 1 sequence 1095
ORA-19400: System type conflict with object SYS. 17
ARC0: Archival started
Archived Log entry 450 added for thread 1 sequence 2914
Current log# 239 seq# 2751 mem# 0
Completed checkpoint up to RBA
Undo initialization finished
ORA-13840: Concurrent DDL Error in create SQL profile operation.
Thread 1 advanced to log sequence 75
Beginning log switch checkpoint up to RBA
Beginning log switch checkpoint up to RBA
RMAN-08181: media recovery complete, elapsed time: CRM.CALL_DETAIL_RECORDS
Current log# 857 seq# 8705 mem# 0
Undo initialization finished
Beginning log switch checkpoint up to RBA
Undo initialization finished
ORA-15052: ASM file name ' TNS_ADMIN ' is not in diskgroup " ttprod1 "
Archived Log entry 956 added for thread 1 sequence 9331
Archived Log entry 193 added for thread 1 sequence 9893
Starting background process VKTM
ORA-14609: Tablespace was not specified for the previous lob segments of column 3 in template but is specified for UNDOTBS1
Starting background process VKTM
ARC0: Archival started
Starting background process VKTM
ARC0: Archival started
Completed checkpoint up to RBA
ORA-01412: zero length not allowed for this datatype
Starting background process VKTM
Undo initialization finished
Beginning log switch checkpoint up to RBA
Thread 1 advanced to log sequence 278
KUP-04011: file system is full
Errors in file /u01/app/oracle/diag/rdbms/ttprod/ttprod1/trace/ttprod1_ora_36312.trc
Current log# 384 seq# 2159 mem# 0
ARC0: Archival started
ORA-54035: keyword HIDDEN cannot be specified here
ARC0: Archival started
Undo initialization finished
Thread 1 advanced to log sequence 417
PRCD-01026: Failed to create service {0} for database {1}
Errors in file /u01/app/oracle/diag/rdbms/ttprod/ttprod1/trace/ttprod1_ora_35526.trc
Thread 1 advanced to log sequence 878
Starting background process VKTM
Thread 1 advanced to log sequence 351
Thread 1 advanced to log sequence 409
Archived Log entry 884 added for thread 1 sequence 2719
PRKO-02109: Options '-e', '-i', or '-w' should be supplied with option '-c'
ARC0: Archival started
Beginning log switch checkpoint up to RBA
Archived Log entry 756 added for thread 1 sequence 2404
Current log# 534 seq# 5353 mem# 0
ARC0: Archival started
PRVF-05610: The file "{0}" on the following nodes have more than one 'search' entry: {1}
Beginning log switch checkpoint up to RBA
NNL-00403: Number of answers: number
Errors in file /u01/app/oracle/diag/rdbms/ttprod/ttprod1/trace/ttprod1_ora_15525.trc
Starting background process VKTM
ARC0: Archival started
Beginning log switch checkpoint up to RBA
ARC0: Archival started
Archived Log entry 302 added for thread 1 sequence 6789
ORA-38959: Failed to update block 0 to new version 10 format
Archived Log entry 916 added for thread 1 sequence 3299
Thread 1 advanced to log sequence 123
Thread 1 advanced to log sequence 876
Starting background process VKTM
Archived Log entry 368 added for thread 1 sequence 2865
ORA-13660: A directive instance with the name " 17 " already exists.
ARC0: Archival started
ORA-22919: dangling REF error or lock object failed for no wait request
Beginning log switch checkpoint up to RBA
Completed checkpoint up to RBA
Completed checkpoint up to RBA
Undo initialization finished
Completed checkpoint up to RBA
PRCO-00009: Unable to retrieve local node name
Undo initialization finished
ARC0: Archival started
Completed checkpoint up to RBA
Archived Log entry 409 added for thread 1 sequence 2470
Archived Log entry 152 added for thread 1 sequence 4092
QSM-01053: NORELY referential integrity constraint on table, 17 , in TRUSTED/STALE TOLERATED integrity mode
Current log# 209 seq# 3943 mem# 0
Thread 1 advanced to log sequence 455
Current log# 821 seq# 9105 mem# 0
Undo initialization finished
Undo initialization finished
ORA-13847: The plan with plan hash value ttprod2 does not exist
Starting background process VKTM
ARC0: Archival started
Thread 1 advanced to log sequence 105
Starting background process VKTM
Current log# 414 seq# 1382 mem# 0
ORA-02423: schema name does not match schema authorization identifier
Thread 1 advanced to log sequence 926
Undo initialization finished
Undo initialization finished
CLST-01904: creating configuration with user ( BILLING.CUST_ORDERS ) and group ( app_db )
Archived Log entry 897 added for thread 1 sequence 6181
Undo initialization finished
ARC0: Archival started
Current log# 72 seq# 8644 mem# 0
ORA-28175: incorrect certificate type
Thread 1 advanced to log sequence 344
Beginning log switch checkpoint up to RBA
LPX-01029: [XQDY0029]
Current log# 803 seq# 2838 mem# 0
Archived Log entry 70 added for thread 1 sequence 2565
Current log# 374 seq# 6366 mem# 0
ORA-19045: character set id specified for XMLSerialize not valid
Errors in file /u01/app/oracle/diag/rdbms/ttprod/ttprod1/trace/ttprod1_ora_85782.trc
Completed checkpoint up to RBA
Beginning log switch checkpoint up to RBA
Beginning log switch checkpoint up to RBA
Beginning log switch checkpoint up to RBA
Archived Log entry 250 added for thread 1 sequence 2294
ORA-07493: scgrcl: lock manager error.
Archived Log entry 264 added for thread 1 sequence 6468
Beginning log switch checkpoint up to RBA
Undo initialization finished
Current log# 579 seq# 4046 mem# 0
ARC0: Archival started
ORA-19573: cannot obtain DATA_TS01 enqueue for datafile UNDOTBS1
ARC0: Archival started
CRS-08011: reboot advisory message from host: ttprod2 , component: 3 , with time stamp: 1024
Starting background process VKTM
RMAN-06967: finished primary search, recovered SYSAUX blocks
Errors in file /u01/app/oracle/diag/rdbms/ttprod/ttprod1/trace/ttprod1_ora_63887.trc
Current log# 229 seq# 5322 mem# 0
RMAN-06898: recovery catalog is partially upgraded to NETWORK_OPS.SIM_INVENTORY
Errors in file /u01/app/oracle/diag/rdbms/ttprod/ttprod1/trace/ttprod1_ora_43921.trc
Beginning log switch checkpoint up to RBA
Archived Log entry 555 added for thread 1 sequence 1843
Completed checkpoint up to RBA
Beginning log switch checkpoint up to RBA
NNL-00024: warning: no preferred name servers in SQLNET.ORA
Undo initialization finished
ARC0: Archival started
Undo initialization finished
Starting background process VKTM
ORA-03296: cannot resize datafile - file 3 not found
Undo initialization finished
Starting background process VKTM
ORA-12659: Error received from other process
Errors in file /u01/app/oracle/diag/rdbms/ttprod/ttprod1/trace/ttprod1_ora_60950.trc
Beginning log switch checkpoint up to RBA
Completed checkpoint up to RBA
Current log# 10 seq# 1822 mem# 0
Archived Log entry 107 added for thread 1 sequence 7329
Archived Log entry 821 added for thread 1 sequence 1282
RMAN-05074: Tablespace UNDOTBS1 does not exist at specified point-in-time SCN DATA_TS01
Undo initialization finished
Current log# 132 seq# 9388 mem# 0
TNS-12168: TNS:Unable to contact LDAP Directory Server
Beginning log switch checkpoint up to RBA
Starting background process VKTM
ARC0: Archival started
Completed checkpoint up to RBA
ORA-19908: datafile NETWORK_OPS.SIM_INVENTORY has invalid checkpoint
Errors in file /u01/app/oracle/diag/rdbms/ttprod/ttprod1/trace/ttprod1_ora_83278.trc
Beginning log switch checkpoint up to RBA
Undo initialization finished
Beginning log switch checkpoint up to RBA
Current log# 746 seq# 7540 mem# 0
ORA-39791: Attribute " 17 " for column 1024 is not in subtype " _SYSSMU12$ "." USERS ".
Errors in file /u01/app/oracle/diag/rdbms/ttprod/ttprod1/trace/ttprod1_ora_55385.trc
Beginning log switch checkpoint up to RBA
Current log# 313 seq# 5241 mem# 0
ORA-06444: ssvpstev: Failed with unexpected error number.
Errors in file /u01/app/oracle/diag/rdbms/ttprod/ttprod1/trace/ttprod1_ora_83609.trc
Starting background process VKTM
Beginning log switch checkpoint up to RBA
CLSU-00910: Named exception 42 ttprod2 app_db _SYSSMU7$
Current log# 886 seq# 7261 mem# 0
ORA-01270: DATA_TS01 operation is not allowed if STANDBY_PRESERVES_NAMES is true
Current log# 727 seq# 2646 mem# 0
Starting background process VKTM
Starting background process VKTM
Undo initialization finished
PCC-02369: An EXEC TOOLS host pointer variable is not a pointer
Completed checkpoint up to RBA
DRG-11121: failed to read from file CRM.CALL_DETAIL_RECORDS
Beginning log switch checkpoint up to RBA
Completed checkpoint up to RBA
RMAN-06899: updating recovery catalog with new database incarnation
Errors in file /u01/app/oracle/diag/rdbms/ttprod/ttprod1/trace/ttprod1_ora_30762.trc
Completed checkpoint up to RBA
Beginning log switch checkpoint up to RBA
Archived Log entry 129 added for thread 1 sequence 3956
Archived Log entry 620 added for thread 1 sequence 5558
Beginning log switch checkpoint up to RBA
ORA-24794: no active DTP service found
Undo initialization finished
Undo initialization finished
Completed checkpoint up to RBA
Completed checkpoint up to RBA
Archived Log entry 245 added for thread 1 sequence 8300
DRG-11808: Reset Content
Errors in file /u01/app/oracle/diag/rdbms/ttprod/ttprod1/trace/ttprod1_ora_44798.trc
Archived Log entry 14 added for thread 1 sequence 9587
ORA-39932: Extensible Index reporting_schema . PK_CUSTOMER_ACCOUNTS not fully contained in the transportable set.
Thread 1 advanced to log sequence 674
Starting background process VKTM
Completed checkpoint up to RBA
Beginning log switch checkpoint up to RBA
ORA-38436: attribute set used for an Expression set may not be modified.
Thread 1 advanced to log sequence 783
Current log# 998 seq# 3392 mem# 0
SQL-02123: Context referenced in EXEC TOOLS GET CONTEXT statement not found
Thread 1 advanced to log sequence 916
Current log# 348 seq# 3692 mem# 0
ORA-29289: directory access denied
Beginning log switch checkpoint up to RBA
Starting background process VKTM
Thread 1 advanced to log sequence 43
INS-41303: External redundancy requires a location for the Oracle Cluster Registry.
Errors in file /u01/app/oracle/diag/rdbms/ttprod/ttprod1/trace/ttprod1_ora_25294.trc
Beginning log switch checkpoint up to RBA
ARC0: Archival started
ORA-41675: schema for data tables does not match that of the rule class
Errors in file /u01/app/oracle/diag/rdbms/ttprod/ttprod1/trace/ttprod1_ora_33990.trc
Beginning log switch checkpoint up to RBA
Starting background process VKTM
Starting background process VKTM
Archived Log entry 262 added for thread 1 sequence 9868
ARC0: Archival started
NNL-00413: Total response time: session_1123
Starting background process VKTM
Starting background process VKTM
Archived Log entry 427 added for thread 1 sequence 9331
ORA-40350: One or more 11g models exist
Thread 1 advanced to log sequence 884
Starting background process VKTM
ORA-25429: Break request cannot be propagated over shared database link.
Errors in file /u01/app/oracle/diag/rdbms/ttprod/ttprod1/trace/ttprod1_ora_95091.trc
ARC0: Archival started
Beginning log switch checkpoint up to RBA
Beginning log switch checkpoint up to RBA
Thread 1 advanced to log sequence 236
ORA-06017: NETASY: message receive failure
ARC0: Archival started
Starting background process VKTM
Completed checkpoint up to RBA
Beginning log switch checkpoint up to RBA
ORA-14277: tables in EXCHANGE SUBPARTITION must have the same number of columns
Undo initialization finished
ORA-06755: TLI Driver: cannot close transport endpoint
Undo initialization finished
Beginning log switch checkpoint up to RBA
ORA-24148: cannot drop rule SP2-0552 . TNS_ADMIN with dependents
Thread 1 advanced to log sequence 794
ARC0: Archival started
ARC0: Archival started
Completed checkpoint up to RBA
Completed checkpoint up to RBA
NNO-00627: cancelling auto-refresh of name " TNS_ADMIN ", type " session_1123 "
Archived Log entry 444 added for thread 1 sequence 5748
ORA-12819: missing options in PARALLEL clause
Errors in file /u01/app/oracle/diag/rdbms/ttprod/ttprod1/trace/ttprod1_ora_62349.trc
Beginning log switch checkpoint up to RBA
Archived Log entry 26 added for thread 1 sequence 3343
Undo initialization finished
ORA-48186: OS check file exists system call failure
Completed checkpoint up to RBA
Beginning log switch checkpoint up to RBA
ARC0: Archival started
Beginning log switch checkpoint up to RBA
Undo initialization finished
RMAN-06949: finished flashback log search, restored ttstandby01 blocks
Undo initialization finished
Completed checkpoint up to RBA
Completed checkpoint up to RBA
IMG-00730: unable to process empty image
Undo initialization finished
RMAN-07262: no automatic repair options available
Archived Log entry 513 added for thread 1 sequence 8095
Current log# 843 seq# 6073 mem# 0
ARC0: Archival started
Completed checkpoint up to RBA
Current log# 287 seq# 2360 mem# 0
XOQ-01934: Sparse dimensions are not last.
Errors in file /u01/app/oracle/diag/rdbms/ttprod/ttprod1/trace/ttprod1_ora_11486.trc
Current log# 879 seq# 8783 mem# 0
ARC0: Archival started
Thread 1 advanced to log sequence 874
ORA-02719: osnfop: fork failed
Beginning log switch checkpoint up to RBA
ORA-29550: Java session state cleared
Starting background process VKTM
ARC0: Archival started
ARC0: Archival started
ORA-01168: physical block size fk_order_customer does not match size large pool of other members
Archived Log entry 374 added for thread 1 sequence 2553
Completed checkpoint up to RBA
ORA-26909: cannot reexecute an eager error
Current log# 525 seq# 4709 mem# 0
ORA-44704: XPath ' idx_users_email ' does not uniquely identify a translated element
Starting background process VKTM
Archived Log entry 894 added for thread 1 sequence 6635
Archived Log entry 939 added for thread 1 sequence 4925
Completed checkpoint up to RBA
SQL-02155: Date Time Interval only valid with Dynamic=ANSI
Completed checkpoint up to RBA
ARC0: Archival started
Completed checkpoint up to RBA
ORA-00019: maximum number of session licenses exceeded
Errors in file /u01/app/oracle/diag/rdbms/ttprod/ttprod1/trace/ttprod1_ora_88000.trc
Starting background process VKTM
ARC0: Archival started
ARC0: Archival started
ARC0: Archival started
Starting background process VKTM
ORA-25194: invalid COMPRESS prefix length value
Thread 1 advanced to log sequence 224
ARC0: Archival started
Thread 1 advanced to log sequence 303
Thread 1 advanced to log sequence 612
Current log# 494 seq# 4014 mem# 0
ORA-39320: Column names do not match between export and import databases.
Completed checkpoint up to RBA
Undo initialization finished
Thread 1 advanced to log sequence 584
Completed checkpoint up to RBA
ORA-56720: I/O data limit exceeded - call aborted
Errors in file /u01/app/oracle/diag/rdbms/ttprod/ttprod1/trace/ttprod1_ora_85122.trc
Thread 1 advanced to log sequence 33
Archived Log entry 450 added for thread 1 sequence 4605
Thread 1 advanced to log sequence 623
CRS-01221: Cluster Ready Service failed to retrieve local node name. Details at CDR_STAGING in ttprod1 .
Archived Log entry 928 added for thread 1 sequence 5639
Thread 1 advanced to log sequence 109
PRCN-03015: Failed to update debug file attribute of {0} resource
Errors in file /u01/app/oracle/diag/rdbms/ttprod/ttprod1/trace/ttprod1_ora_65586.trc
Current log# 471 seq# 2103 mem# 0
Archived Log entry 83 added for thread 1 sequence 8714
NID-00441: All previous backups and archived redo logs for this database are unusable.
Starting background process VKTM
Thread 1 advanced to log sequence 102
Current log# 804 seq# 1249 mem# 0
DRG-11838: Proxy Reauthentication Required
Beginning log switch checkpoint up to RBA
ARC0: Archival started
Beginning log switch checkpoint up to RBA
Completed checkpoint up to RBA
RMAN-06951: repair failure complete
Starting background process VKTM
Beginning log switch checkpoint up to RBA
Undo initialization finished
Current log# 477 seq# 9544 mem# 0
ORA-19132: XQDY0072: It is a dynamic error if the result of the content expression of a computed comment constructor contains two adjacent hyphens or ends with a hyphen
Current log# 57 seq# 6408 mem# 0
Starting background process VKTM
ORA-38860: cannot FLASHBACK DATABASE during instantiation of a logical standby
Undo initialization finished
Undo initialization finished
ORA-24421: OCISessionRelease cannot be used to release this session.
Errors in file /u01/app/oracle/diag/rdbms/ttprod/ttprod1/trace/ttprod1_ora_69833.trc
ARC0: Archival started
Undo initialization finished
Completed checkpoint up to RBA
ORA-13359: extent does not have an area
Thread 1 advanced to log sequence 138
Undo initialization finished
ORA-25429: Break request cannot be propagated over shared database link.
ARC0: Archival started
Starting background process VKTM
RMAN-04026: unable to open a temporary file: " session_1123 "
Completed checkpoint up to RBA
Starting background process VKTM
RMAN-08600: ASM disk group to search: UNDOTBS1
Current log# 859 seq# 3087 mem# 0
Starting background process VKTM
ORA-01721: USERENV(COMMITSCN) invoked more than once in a transaction
Current log# 483 seq# 2884 mem# 0
NCR-04026: NCRR: Operation not supported
Errors in file /u01/app/oracle/diag/rdbms/ttprod/ttprod1/trace/ttprod1_ora_11199.trc
Undo initialization finished
Completed checkpoint up to RBA
Thread 1 advanced to log sequence 88
ORA-13511: invalid INTERVAL _SYSSMU7$ , must be in the range ( CRM.CALL_DETAIL_RECORDS , 42 )
Beginning log switch checkpoint up to RBA
CLST-01903: configuring node: host name pk_orders , private interconnect name reporting_schema
Beginning log switch checkpoint up to RBA
Thread 1 advanced to log sequence 395
Starting background process VKTM
Starting background process VKTM
ORA-01804: failure to initialize timezone information
Undo initialization finished
Archived Log entry 843 added for thread 1 sequence 9507
Archived Log entry 157 added for thread 1 sequence 3502
Current log# 383 seq# 6809 mem# 0
Archived Log entry 74 added for thread 1 sequence 5023
ORA-08341: On nCUBE, this command can only be executed from instance 1.
Current log# 224 seq# 9102 mem# 0
Current log# 662 seq# 1937 mem# 0
Current log# 896 seq# 7477 mem# 0
DRG-12430: mandatory argument missing: /u01/app/oracle/oradata/ttprod/users01.dbf
Thread 1 advanced to log sequence 755
ARC0: Archival started
Completed checkpoint up to RBA
ORA-24239: object could not be invalidated
Starting background process VKTM
DRG-12500: stoplist NETWORK_OPS.SIM_INVENTORY already exists
Completed checkpoint up to RBA
Undo initialization finished
Starting background process VKTM
RMAN-05518: Automatically adding tablespace 17
Errors in file /u01/app/oracle/diag/rdbms/ttprod/ttprod1/trace/ttprod1_ora_53803.trc
Current log# 506 seq# 3983 mem# 0
Beginning log switch checkpoint up to RBA
RMAN-08184: added tempfile app_db to tablespace pg_toast_12345 in control file
Starting background process VKTM
Archived Log entry 896 added for thread 1 sequence 7638
Current log# 322 seq# 6545 mem# 0
ORA-39925: LOB segment USERS . 17 in tablespace UNDOTBS1 points to table NETWORK_OPS.SIM_INVENTORY . CRM.CALL_DETAIL_RECORDS in tablespace UNDOTBS1 .
Errors in file /u01/app/oracle/diag/rdbms/ttprod/ttprod1/trace/ttprod1_ora_58781.trc
Current log# 102 seq# 7840 mem# 0
ARC0: Archival started
Current log# 398 seq# 5833 mem# 0
ORA-36017: (XSHIERCK10) The definition of hierarchy workspace object over number in level number is not star consistent. The collision parents include number .
Completed checkpoint up to RBA
Archived Log entry 516 added for thread 1 sequence 8114
ARC0: Archival started
Current log# 764 seq# 9281 mem# 0
ORA-30939: Order violation: Element ' 1024 ' may not follow element ' CDR_STAGING '
Archived Log entry 774 added for thread 1 sequence 6915
Archived Log entry 319 added for thread 1 sequence 3716
Thread 1 advanced to log sequence 455
Starting background process VKTM
Archived Log entry 703 added for thread 1 sequence 4882
ORA-02285: duplicate START WITH specifications
Beginning log switch checkpoint up to RBA
ARC0: Archival started
ARC0: Archival started
Starting background process VKTM
ARC0: Archival started
ORA-16126: loading table or sequence TNS_ADMIN
Current log# 385 seq# 1193 mem# 0
Beginning log switch checkpoint up to RBA
ARC0: Archival started
Undo initialization finished
ORA-12056: invalid REFRESH method
Errors in file /u01/app/oracle/diag/rdbms/ttprod/ttprod1/trace/ttprod1_ora_12532.trc
Thread 1 advanced to log sequence 883
Undo initialization finished
Completed checkpoint up to RBA
Undo initialization finished
ORA-56504: DRCP: Invalid pool configuration parameter name
Thread 1 advanced to log sequence 455
ORA-39903: IOT Partition BILLING.CUST_ORDERS . 17 is partially contained in the transportable set.
Thread 1 advanced to log sequence 155
Thread 1 advanced to log sequence 950
Thread 1 advanced to log sequence 558
Undo initialization finished
Beginning log switch checkpoint up to RBA
ORA-25193: cannot use COMPRESS option for a single column key
Undo initialization finished
Completed checkpoint up to RBA
Archived Log entry 750 added for thread 1 sequence 1708
ARC0: Archival started
PRIF-00022: Error in cloning the GPnP profile
Completed checkpoint up to RBA
Beginning log switch checkpoint up to RBA
Archived Log entry 28 added for thread 1 sequence 2729
Current log# 786 seq# 4197 mem# 0
PLS-00623: FLOAT precision constraint must be between 1 and 126
Undo initialization finished
ARC0: Archival started
Beginning log switch checkpoint up to RBA
Starting background process VKTM
Undo initialization finished
TNS-01101: Could not find service name shared pool
Starting background process VKTM
Archived Log entry 675 added for thread 1 sequence 2940
ARC0: Archival started
ORA-28335: referenced or referencing FK constraint column cannot be encrypted
Errors in file /u01/app/oracle/diag/rdbms/ttprod/ttprod1/trace/ttprod1_ora_19046.trc
Archived Log entry 126 added for thread 1 sequence 4227
Archived Log entry 756 added for thread 1 sequence 4667
ORA-02034: speed bind not permitted
Archived Log entry 507 added for thread 1 sequence 4005
Beginning log switch checkpoint up to RBA
Beginning log switch checkpoint up to RBA
ORA-44753: Change to minOccurs attribute of element ' NETWORK_OPS.SIM_INVENTORY ' is illegal
Completed checkpoint up to RBA
Thread 1 advanced to log sequence 699
Beginning log switch checkpoint up to RBA
OCI-31037: Invalid XML attribute name fk_order_customer
Errors in file /u01/app/oracle/diag/rdbms/ttprod/ttprod1/trace/ttprod1_ora_85656.trc
Beginning log switch checkpoint up to RBA
Undo initialization finished
ARC0: Archival started
Completed checkpoint up to RBA
RMAN-06486: changed backup piece expired
ARC0: Archival started
Completed checkpoint up to RBA
Current log# 316 seq# 9614 mem# 0
INS-42001: The same drive letter session_1123 cannot be assigned to more than one partition
Errors in file /u01/app/oracle/diag/rdbms/ttprod/ttprod1/trace/ttprod1_ora_30160.trc
Thread 1 advanced to log sequence 467
Starting background process VKTM
INS-30505: Invalid disk group name.
Completed checkpoint up to RBA
Current log# 791 seq# 4480 mem# 0
Current log# 846 seq# 7312 mem# 0
Current log# 334 seq# 2741 mem# 0
ARC0: Archival started
ORA-23533: object " CRM.CALL_DETAIL_RECORDS "." _SYSSMU12$ " can not be cached
Beginning log switch checkpoint up to RBA
Thread 1 advanced to log sequence 43
Current log# 449 seq# 1343 mem# 0
Thread 1 advanced to log sequence 413
ARC0: Archival started
PLS-00532: Target of REF must be a complete or incomplete object type.
ARC0: Archival started
ARC0: Archival started
Undo initialization finished
ARC0: Archival started
NCR-03012: NCRO: Invalid session mode
Starting background process VKTM
Completed checkpoint up to RBA
Starting background process VKTM
RMAN-07525: Reason: File is not a supported file type in Recovery Area
ARC0: Archival started
Current log# 622 seq# 6975 mem# 0
Thread 1 advanced to log sequence 57
NNL-00302: Server restarting
Thread 1 advanced to log sequence 99
ARC0: Archival started
Current log# 263 seq# 8812 mem# 0
ARC0: Archival started
ARC0: Archival started
ORA-12650: No common encryption or data integrity algorithm
Current log# 565 seq# 8611 mem# 0
Current log# 459 seq# 6935 mem# 0
Thread 1 advanced to log sequence 440
Starting background process VKTM
NID-00307: Control File _SYSSMU7$ - dbid changed, wrote new name
Completed checkpoint up to RBA
Thread 1 advanced to log sequence 590
ORA-06906: CMX: cannot get maximum packet size from CMX
Errors in file /u01/app/oracle/diag/rdbms/ttprod/ttprod1/trace/ttprod1_ora_37223.trc
Archived Log entry 168 added for thread 1 sequence 1678
Starting background process VKTM
Completed checkpoint up to RBA
Thread 1 advanced to log sequence 969
DRG-52112: improper Chinese USERS BILLING.CUST_ORDERS of length number
Errors in file /u01/app/oracle/diag/rdbms/ttprod/ttprod1/trace/ttprod1_ora_38314.trc
Current log# 673 seq# 4269 mem# 0
Undo initialization finished
INS-07008: The format of the bean store is not specified
Thread 1 advanced to log sequence 282
ORA-32011: cannot restore SPFILE to location already being used by the instance
Completed checkpoint up to RBA
Thread 1 advanced to log sequence 831
Beginning log switch checkpoint up to RBA
ORA-30178: duplicate flag used in a format specification
Thread 1 advanced to log sequence 18
ORA-24900: invalid or unsupported mode parameter passed in call
Errors in file /u01/app/oracle/diag/rdbms/ttprod/ttprod1/trace/ttprod1_ora_76666.trc
Starting background process VKTM
Beginning log switch checkpoint up to RBA
Starting background process VKTM
Current log# 429 seq# 4504 mem# 0
Undo initialization finished
ORA-14211: subpartition bound must collate higher than that of the last subpartition
Undo initialization finished
Undo initialization finished
ORA-39775: direct path API commit not allowed due to previous fatal error
Completed checkpoint up to RBA
Beginning log switch checkpoint up to RBA
Current log# 137 seq# 3465 mem# 0
Beginning log switch checkpoint up to RBA
ARC0: Archival started
ORA-13972: 1024 " fk_order_customer " unknown for 5000 " app_db "
Completed checkpoint up to RBA
ARC0: Archival started
Completed checkpoint up to RBA
Current log# 6 seq# 8263 mem# 0
Archived Log entry 672 added for thread 1 sequence 7255
ORA-00825: cannot set DB_BLOCK_BUFFERS if SGA_TARGET or MEMORY_TARGET is set
Completed checkpoint up to RBA
ARC0: Archival started
Starting background process VKTM
Thread 1 advanced to log sequence 999
Archived Log entry 677 added for thread 1 sequence 8362
ORA-26500: error on caching " idx_users_email "." NETWORK_OPS.SIM_INVENTORY "
Completed checkpoint up to RBA
Archived Log entry 751 added for thread 1 sequence 3674
DIA-48508: Export File Version [ CDR_STAGING ] Can Not be Used by Import [ CDR_STAGING ]
Current log# 818 seq# 9123 mem# 0
Starting background process VKTM
Beginning log switch checkpoint up to RBA
Beginning log switch checkpoint up to RBA
ORA-31466: no publications found
Starting background process VKTM
ARC0: Archival started
RMAN-05032: datafile ttprod2 will be created automatically during restore operation
Starting background process VKTM
Thread 1 advanced to log sequence 843
Undo initialization finished
ORA-06004: NETASY: dialogue file open failure
Thread 1 advanced to log sequence 613
Current log# 391 seq# 6287 mem# 0
Beginning log switch checkpoint up to RBA
Current log# 782 seq# 8302 mem# 0
ORA-21524: object type mismatch
Undo initialization finished
Beginning log switch checkpoint up to RBA
ARC0: Archival started
Starting background process VKTM
Archived Log entry 219 added for thread 1 sequence 6463
NZE-28756: callback failure to allocate memory
Archived Log entry 868 added for thread 1 sequence 7537
Undo initialization finished
Completed checkpoint up to RBA
ORA-04045: errors during recompilation/revalidation of INVOICE_LINES_IDX . DATA_TS01
Thread 1 advanced to log sequence 73
ORA-24798: cannot resume the distributed transaction branch on another instance
ARC0: Archival started
Archived Log entry 730 added for thread 1 sequence 8754
Thread 1 advanced to log sequence 727
Undo initialization finished
Starting background process VKTM
ORA-07201: slhom: oracle_home variable not set in environment.
Archived Log entry 16 added for thread 1 sequence 5322
QSM-02017: subquery present in the HAVING clause
Beginning log switch checkpoint up to RBA
Current log# 808 seq# 3893 mem# 0
Starting background process VKTM
PRCS-01072: Failed to create server pool with reserved name {0}
Archived Log entry 69 added for thread 1 sequence 7177
OCI-31016: Attempted to delete entry without name
Archived Log entry 191 added for thread 1 sequence 2722
Current log# 537 seq# 7935 mem# 0
ORA-55514: Backing out a DDL transaction
Current log# 68 seq# 3540 mem# 0
Undo initialization finished
RMAN-05518: Automatically adding tablespace USERS
Errors in file /u01/app/oracle/diag/rdbms/ttprod/ttprod1/trace/ttprod1_ora_76817.trc
Current log# 782 seq# 2507 mem# 0
Completed checkpoint up to RBA
Beginning log switch checkpoint up to RBA
ORA-37013: (XSACQUIRE_DEADLOCK) Cannot wait to acquire object workspace object , since doing so would cause a deadlock.
Errors in file /u01/app/oracle/diag/rdbms/ttprod/ttprod1/trace/ttprod1_ora_41442.trc
ARC0: Archival started
Undo initialization finished
Completed checkpoint up to RBA
NNO-00073: loading server config from region database
Completed checkpoint up to RBA
PCC-00033: Missing operand for option " PK_CUSTOMER_ACCOUNTS "
Errors in file /u01/app/oracle/diag/rdbms/ttprod/ttprod1/trace/ttprod1_ora_92896.trc
Completed checkpoint up to RBA
Beginning log switch checkpoint up to RBA
Starting background process VKTM
ARC0: Archival started
Archived Log entry 857 added for thread 1 sequence 2353
RMAN-08120: WARNING: archived log not deleted, not yet applied by standby
Starting background process VKTM
ARC0: Archival started
Thread 1 advanced to log sequence 783
Beginning log switch checkpoint up to RBA
Undo initialization finished
ORA-26692: invalid value user_sessions , pg_toast_12345 should be in USERS format
Errors in file /u01/app/oracle/diag/rdbms/ttprod/ttprod1/trace/ttprod1_ora_80637.trc
Completed checkpoint up to RBA
PRIF-00029: Warning: wildcard in network parameters can cause mismatch among GPnP profile, OCR, and system
Undo initialization finished
Undo initialization finished
PLS-00725: type ' reporting_schema ' must be a supertype or subtype of the TREAT expression
Beginning log switch checkpoint up to RBA
Archived Log entry 761 added for thread 1 sequence 3408
Thread 1 advanced to log sequence 683
ORA-31429: subscription has not been activated
Thread 1 advanced to log sequence 406
Starting background process VKTM
Archived Log entry 729 added for thread 1 sequence 3797
ARC0: Archival started
Archived Log entry 219 added for thread 1 sequence 6926
ORA-24357: internal error while converting from to OCIDate.
Thread 1 advanced to log sequence 307
Beginning log switch checkpoint up to RBA
ORA-28371: ENCRYPTION clause and/or ENCRYPT storage option not allowed
ARC0: Archival started
Current log# 312 seq# 6453 mem# 0
Beginning log switch checkpoint up to RBA
Starting background process VKTM
ARC0: Archival started
ORA-30948: Illegal in-place XML schema evolution operation: TNS_ADMIN
Current log# 38 seq# 9962 mem# 0
Archived Log entry 297 added for thread 1 sequence 2038
PGU-41136: no 1024 PGAU object named DATA_TS01 at version number satisfied the REPORT request
Archived Log entry 165 added for thread 1 sequence 6255
ORA-24245: invalid network privilege
Archived Log entry 938 added for thread 1 sequence 4892
Undo initialization finished
Current log# 332 seq# 8223 mem# 0
Archived Log entry 837 added for thread 1 sequence 1475
ORA-41011: Operation failed for session id 5000 , serial number reporting_schema
ARC0: Archival started
Starting background process VKTM
Beginning log switch checkpoint up to RBA
Thread 1 advanced to log sequence 429
Thread 1 advanced to log sequence 593
ORA-30072: invalid time zone value
Starting background process VKTM
Thread 1 advanced to log sequence 699
ORA-29473: privilege checking level specified for ' reporting_schema ' must be between 0 and 2
Current log# 453 seq# 4424 mem# 0
Starting background process VKTM
Current log# 572 seq# 9921 mem# 0
Current log# 131 seq# 9693 mem# 0
Archived Log entry 766 added for thread 1 sequence 9878
PGU-41085: transaction definition _SYSSMU7$ version number deleted from PG DD
Current log# 272 seq# 7989 mem# 0
Undo initialization finished
ARC0: Archival started
Completed checkpoint up to RBA
Completed checkpoint up to RBA
PRKO-02079: OC4J could not be started
Completed checkpoint up to RBA
Undo initialization finished
ARC0: Archival started
ORA-01564: rollback segment is not PUBLIC
Completed checkpoint up to RBA
Completed checkpoint up to RBA
Current log# 101 seq# 4975 mem# 0
Archived Log entry 205 added for thread 1 sequence 1241
Archived Log entry 788 added for thread 1 sequence 9454
RMAN-06782: Datafile headers of locally managed datafiles need to be updated.
Archived Log entry 157 added for thread 1 sequence 6833
Archived Log entry 790 added for thread 1 sequence 3824
Current log# 744 seq# 6967 mem# 0
Current log# 907 seq# 6646 mem# 0
Thread 1 advanced to log sequence 410
ORA-29896: Length of PARAMETER CDR_STAGING longer than idx_users_email characters
ARC0: Archival started
Undo initialization finished
Undo initialization finished
Starting background process VKTM
PGU-41079: data definition 1024 version number inserted into PG DD
ARC0: Archival started
ORA-13413: null or invalid resampling parameter
Errors in file /u01/app/oracle/diag/rdbms/ttprod/ttprod1/trace/ttprod1_ora_16098.trc
Current log# 831 seq# 9050 mem# 0
Current log# 59 seq# 8613 mem# 0
Current log# 85 seq# 3294 mem# 0
ORA-01629: max # extents ( BILLING.CUST_ORDERS ) reached saving undo for tablespace INVOICE_LINES_IDX
Starting background process VKTM
Undo initialization finished
ORA-19016: attributes cannot occur after element specifications
Errors in file /u01/app/oracle/diag/rdbms/ttprod/ttprod1/trace/ttprod1_ora_95084.trc
Beginning log switch checkpoint up to RBA
Completed checkpoint up to RBA
Beginning log switch checkpoint up to RBA
ORA-24132: table name reporting_schema is too long
ARC0: Archival started
Thread 1 advanced to log sequence 889
Thread 1 advanced to log sequence 19
ARC0: Archival started
Thread 1 advanced to log sequence 192
PROC-00001: Oracle Cluster Registry cannot be initialized.
Archived Log entry 644 added for thread 1 sequence 8761
Thread 1 advanced to log sequence 417
ORA-41627: event structure object type in inconsistent state
Undo initialization finished
Thread 1 advanced to log sequence 298
Thread 1 advanced to log sequence 197
ORA-31224: DBMS_LDAP: invalid LDAP session
Current log# 99 seq# 2484 mem# 0
Completed checkpoint up to RBA
Starting background process VKTM
ORA-16268: user procedure processing of logical standby apply PL/SQL
Errors in file /u01/app/oracle/diag/rdbms/ttprod/ttprod1/trace/ttprod1_ora_40331.trc
Archived Log entry 116 added for thread 1 sequence 6023
Starting background process VKTM
ORA-55468: rule base " 17 " does not exist or is not accessible
Completed checkpoint up to RBA
Undo initialization finished
LPX-00309: cannot initialize XPATH
Thread 1 advanced to log sequence 575
Beginning log switch checkpoint up to RBA
TNS-12521: TNS:listener does not currently know of instance requested in connect descriptor
Archived Log entry 378 added for thread 1 sequence 1206
ORA-51008: parameter [ fk_order_customer ] value is not a proper number
Completed checkpoint up to RBA
Archived Log entry 938 added for thread 1 sequence 1803
ORA-06915: CMX: unknown t_event in datarq
Thread 1 advanced to log sequence 735
Completed checkpoint up to RBA
Archived Log entry 572 added for thread 1 sequence 8638
Starting background process VKTM
JMS-00416: Invalid Dequeue mode
Archived Log entry 217 added for thread 1 sequence 2616
ARC0: Archival started
Current log# 685 seq# 4032 mem# 0
Archived Log entry 193 added for thread 1 sequence 8880
Archived Log entry 738 added for thread 1 sequence 8532
ORA-27004: invalid blocksize specified
Current log# 313 seq# 3738 mem# 0
Completed checkpoint up to RBA
ORA-02778: Name given for the log directory is invalid
Beginning log switch checkpoint up to RBA
TNS-00276: Navigator: Tracing is now OFF
Archived Log entry 628 added for thread 1 sequence 9177
Beginning log switch checkpoint up to RBA
Starting background process VKTM
Completed checkpoint up to RBA
ORA-16056: Backup control file archival requires proper syntax.
Thread 1 advanced to log sequence 725
Undo initialization finished
RMAN-06435: recovery catalog owner is UNDOTBS1
Beginning log switch checkpoint up to RBA
Undo initialization finished
Undo initialization finished
Completed checkpoint up to RBA
Beginning log switch checkpoint up to RBA
ORA-02305: only EXECUTE, DEBUG, and UNDER privileges are valid for types
Undo initialization finished
Completed checkpoint up to RBA
ARC0: Archival started
Undo initialization finished
LSX-00164: no content specified in "~S"
Errors in file /u01/app/oracle/diag/rdbms/ttprod/ttprod1/trace/ttprod1_ora_73716.trc
Current log# 915 seq# 5740 mem# 0
DRG-10846: order by columns must be all ascending or all descending
Starting background process VKTM
Completed checkpoint up to RBA
Starting background process VKTM
ARC0: Archival started
QSM-01084: materialized view ttstandby01 has an anchor table 1024 not found in query
Undo initialization finished
Beginning log switch checkpoint up to RBA
Undo initialization finished
NID-00372: Change database ID and database name INVOICE_LINES_IDX to USERS ? (Y/[N]) =>
Errors in file /u01/app/oracle/diag/rdbms/ttprod/ttprod1/trace/ttprod1_ora_16067.trc
Completed checkpoint up to RBA
Archived Log entry 321 added for thread 1 sequence 2015
ARC0: Archival started
ORA-55341: label index out-of-range
Current log# 269 seq# 3636 mem# 0
Thread 1 advanced to log sequence 979
Archived Log entry 863 added for thread 1 sequence 7941
Thread 1 advanced to log sequence 449
LPX-00402: invalid axisname in the XSL file
Thread 1 advanced to log sequence 452
Current log# 87 seq# 7594 mem# 0
Starting background process VKTM
Thread 1 advanced to log sequence 220
RMAN-08115: channel ttprod1 : restoring SPFILE
Errors in file /u01/app/oracle/diag/rdbms/ttprod/ttprod1/trace/ttprod1_ora_64157.trc
Completed checkpoint up to RBA
Beginning log switch checkpoint up to RBA
RMAN-08025: channel ttstandby01 : copied control file copy
Errors in file /u01/app/oracle/diag/rdbms/ttprod/ttprod1/trace/ttprod1_ora_27888.trc
Beginning log switch checkpoint up to RBA
ARC0: Archival started
Current log# 786 seq# 6341 mem# 0
Undo initialization finished
ORA-22876: this user-defined type is not allowed or it cannot be used in this context
Current log# 352 seq# 8062 mem# 0
Thread 1 advanced to log sequence 477
ARC0: Archival started
ORA-36622: (XSAGMODLIST00) workspace object cannot be added to the AGGMAP workspace object because it is not a valid MODEL.
Thread 1 advanced to log sequence 359
Completed checkpoint up to RBA
ORA-44812: Module name is too large
Beginning log switch checkpoint up to RBA
Archived Log entry 836 added for thread 1 sequence 7121
Starting background process VKTM
Completed checkpoint up to RBA
ORA-48428: Input command app_db exceeds max length [ ttprod1 ]
Errors in file /u01/app/oracle/diag/rdbms/ttprod/ttprod1/trace/ttprod1_ora_84123.trc
Current log# 864 seq# 4610 mem# 0
ORA-32303: mviews with user-defined types cannot reference multiple master sites
Archived Log entry 946 added for thread 1 sequence 6718
DIA-48246: Illegal Operation on External Relation
Undo initialization finished
Completed checkpoint up to RBA
NNO-00624: setting auto-refresh expiration period to number seconds
Archived Log entry 920 added for thread 1 sequence 6662
ARC0: Archival started
ORA-28359: invalid certificate identifier
Errors in file /u01/app/oracle/diag/rdbms/ttprod/ttprod1/trace/ttprod1_ora_37518.trc
Current log# 344 seq# 7943 mem# 0
ARC0: Archival started
Current log# 107 seq# 2598 mem# 0
Starting background process VKTM
Archived Log entry 354 added for thread 1 sequence 5895
ORA-14310: VALUES LESS THAN or AT clause cannot be used with List partitioned tables
Undo initialization finished
Archived Log entry 174 added for thread 1 sequence 4871
Beginning log switch checkpoint up to RBA
RMAN-08028: channel 5000 : copy current control file failed
Errors in file /u01/app/oracle/diag/rdbms/ttprod/ttprod1/trace/ttprod1_ora_48454.trc
Beginning log switch checkpoint up to RBA
Current log# 401 seq# 3956 mem# 0
Current log# 811 seq# 9139 mem# 0
ORA-41662: number of primitive events in the composite event exceeds maximum limit
Beginning log switch checkpoint up to RBA
Beginning log switch checkpoint up to RBA
Beginning log switch checkpoint up to RBA
Current log# 985 seq# 9631 mem# 0
RMAN-20032: checkpoint CHANGE# too low
Thread 1 advanced to log sequence 76
ARC0: Archival started
Beginning log switch checkpoint up to RBA
INS-40708: Grid Naming Service (GNS) Virtual IP Address pk_orders already assigned to another system.
Thread 1 advanced to log sequence 808
ORA-44305: service CRM.CALL_DETAIL_RECORDS is running
Archived Log entry 559 added for thread 1 sequence 2088
Completed checkpoint up to RBA
Archived Log entry 544 added for thread 1 sequence 2952
RDE-00030: memory allocation failure
Current log# 59 seq# 3865 mem# 0
Current log# 860 seq# 2102 mem# 0
Completed checkpoint up to RBA
Archived Log entry 172 added for thread 1 sequence 1148
RMAN-06425: <datafile pathname not available>
Archived Log entry 163 added for thread 1 sequence 8746
Beginning log switch checkpoint up to RBA
ARC0: Archival started
Starting background process VKTM
Starting background process VKTM
CRS-00216: Could not stop resource ' INVOICE_LINES_IDX '.
Undo initialization finished
Archived Log entry 480 added for thread 1 sequence 5469
RMAN-07518: Reason: Foreign database file DBID: _SYSSMU12$ Database Name: CDR_STAGING
ARC0: Archival started
Thread 1 advanced to log sequence 901
CRS-02792: Shutdown of Cluster Ready Services-managed resources on ' ttprod2 ' has completed
Completed checkpoint up to RBA
Starting background process VKTM
ORA-36862: (XSTFRC02) Column number for this SQL Cache must be between 1 and number . Specified column number number is invalid.
Undo initialization finished
Undo initialization finished
Thread 1 advanced to log sequence 427
TNS-00523: Previous operation was busy
Thread 1 advanced to log sequence 592
OCI-30122: value ' CRM.CALL_DETAIL_RECORDS ' for ' USERS ' must be between ' number ' and ' number '
ARC0: Archival started
Beginning log switch checkpoint up to RBA
Beginning log switch checkpoint up to RBA
Thread 1 advanced to log sequence 478
RMAN-08180: channel CDR_STAGING : restore complete, elapsed time: reporting_schema
ARC0: Archival started
Completed checkpoint up to RBA
NZE-28867: Integer value is too big.
Errors in file /u01/app/oracle/diag/rdbms/ttprod/ttprod1/trace/ttprod1_ora_79396.trc
Beginning log switch checkpoint up to RBA
ORA-16766: Redo Apply is stopped
Archived Log entry 350 added for thread 1 sequence 7975
ARC0: Archival started
Current log# 418 seq# 2748 mem# 0
Undo initialization finished
Undo initialization finished
RMAN-08066: database reset to incarnation APP_USER42
