Thu Jul 16 05:00:00 2026
Current log# 11 seq# 9842 mem# 0
Archived Log entry 463 added for thread 1 sequence 1793
Current log# 577 seq# 4772 mem# 0
Starting background process VKTM
Thread 1 advanced to log sequence 673
NNL-00991: Maximum number of reforwards per request: number
Archived Log entry 896 added for thread 1 sequence 1592
ORA-54545: holes incorrectly defined
Undo initialization finished
ARC0: Archival started
ARC0: Archival started
Starting background process VKTM
Thread 1 advanced to log sequence 635
ORA-22286: insufficient privileges on file or directory to perform BILLING.CUST_ORDERS operation
Undo initialization finished
Archived Log entry 781 added for thread 1 sequence 6299
Current log# 222 seq# 5087 mem# 0
Completed checkpoint up to RBA
Beginning log switch checkpoint up to RBA
PLS-00908: The stored format of _SYSSMU7$ is not supported by this release
Starting background process VKTM
Archived Log entry 983 added for thread 1 sequence 8594
Beginning log switch checkpoint up to RBA
ARC0: Archival started
Current log# 54 seq# 4317 mem# 0
ORA-48158: invalid input for ADR base directory
Current log# 786 seq# 1141 mem# 0
Thread 1 advanced to log sequence 580
ORA-37104: (XSVPART04) A partitioned variable must be dimensioned by a single partition template only.
Completed checkpoint up to RBA
Beginning log switch checkpoint up to RBA
Starting background process VKTM
ARC0: Archival started
Beginning log switch checkpoint up to RBA
RMAN-08586: output file name= SYSAUX tag= USERS RECID= idx_users_email STAMP= USERS
Thread 1 advanced to log sequence 177
Beginning log switch checkpoint up to RBA
Archived Log entry 734 added for thread 1 sequence 7298
ORA-38476: abstract type used for an Attribute set may not be modified.
Undo initialization finished
ARC0: Archival started
RMAN-06961: IMPDP> idx_users_email
Completed checkpoint up to RBA
Thread 1 advanced to log sequence 999
RMAN-05507: standby control file checkpoint ( user_sessions ) is more recent than duplication point-in-time ( _SYSSMU12$ )
Archived Log entry 860 added for thread 1 sequence 4728
PGA-21025: error closing init file _SYSSMU7$
Undo initialization finished
ORA-23649: Capture TNS_ADMIN is for Audit Vault
Undo initialization finished
Archived Log entry 913 added for thread 1 sequence 3724
Thread 1 advanced to log sequence 600
Current log# 480 seq# 4489 mem# 0
ORA-12995: no columns in partially dropped state
Completed checkpoint up to RBA
Starting background process VKTM
Undo initialization finished
ORA-48345: Timeout encountered during operation
Starting background process VKTM
Current log# 846 seq# 1547 mem# 0
Completed checkpoint up to RBA
ARC0: Archival started
ARC0: Archival started
TNS-01001: start [<listener_name>] : start listener
Undo initialization finished
Starting background process VKTM
Archived Log entry 295 added for thread 1 sequence 9718
Completed checkpoint up to RBA
PRCD-01090: Failed to retrieve Oracle home of database {0} on node {1}
Thread 1 advanced to log sequence 755
Current log# 62 seq# 7400 mem# 0
RMAN-05599: PASSWORD clause is not needed when duplicating for standby database from active database
Errors in file /u01/app/oracle/diag/rdbms/ttprod/ttprod1/trace/ttprod1_ora_77998.trc
Thread 1 advanced to log sequence 688
Archived Log entry 167 added for thread 1 sequence 1968
XOQ-01213: metadata problem for MdmLevelHierarchy " _SYSSMU12$ "
Completed checkpoint up to RBA
Starting background process VKTM
Current log# 134 seq# 3180 mem# 0
Thread 1 advanced to log sequence 5
XOQ-01969: Attribute cannot be both multilingual and indexed.
Thread 1 advanced to log sequence 488
ORA-00283: recovery session canceled due to errors
Completed checkpoint up to RBA
Current log# 897 seq# 2346 mem# 0
Completed checkpoint up to RBA
Completed checkpoint up to RBA
Current log# 273 seq# 3289 mem# 0
PRCD-01162: Invalid online relocation status {0}
ARC0: Archival started
Archived Log entry 496 added for thread 1 sequence 2704
Current log# 55 seq# 5757 mem# 0
RMAN-08185: renamed tempfile PK_CUSTOMER_ACCOUNTS to fk_order_customer in control file
Beginning log switch checkpoint up to RBA
ARC0: Archival started
Undo initialization finished
ORA-48487: The internal predicate TNS_ADMIN exceeds the maximum length [ 1024 ]
Current log# 276 seq# 5610 mem# 0
PRVF-03911: Length of value of environment variable "{0}" exceeds the maximum recommended length of "{1}" on the nodes:
Beginning log switch checkpoint up to RBA
Archived Log entry 410 added for thread 1 sequence 3244
Beginning log switch checkpoint up to RBA
Archived Log entry 176 added for thread 1 sequence 6540
ORA-16242: Processing log file (thread# _SYSSMU12$ , sequence# USERS )
Errors in file /u01/app/oracle/diag/rdbms/ttprod/ttprod1/trace/ttprod1_ora_14641.trc
Undo initialization finished
Undo initialization finished
Current log# 649 seq# 5082 mem# 0
Completed checkpoint up to RBA
NNL-00500: Shows information on domains served by this server
ARC0: Archival started
Current log# 625 seq# 4840 mem# 0
Archived Log entry 350 added for thread 1 sequence 2575
Starting background process VKTM
Undo initialization finished
IMG-00808: unable to read an empty image
ARC0: Archival started
Completed checkpoint up to RBA
Beginning log switch checkpoint up to RBA
Completed checkpoint up to RBA
Beginning log switch checkpoint up to RBA
ORA-16503: cannot exceed the maximum number of databases in this configuration
Errors in file /u01/app/oracle/diag/rdbms/ttprod/ttprod1/trace/ttprod1_ora_18719.trc
Beginning log switch checkpoint up to RBA
ARC0: Archival started
Beginning log switch checkpoint up to RBA
ORA-06449: The list IO or the sysvendor is not installed.
Starting background process VKTM
RMAN-08136: channel TNS_ADMIN : deleting incremental backup(s)
Completed checkpoint up to RBA
Current log# 616 seq# 1193 mem# 0
Undo initialization finished
ORA-01517: log member: ' TNS_ADMIN '
Thread 1 advanced to log sequence 628
Undo initialization finished
Current log# 488 seq# 8523 mem# 0
Thread 1 advanced to log sequence 664
RMAN-00703: The cmdfile has no syntax errors
Undo initialization finished
ORA-16157: media recovery not allowed following successful FINISH recovery
Beginning log switch checkpoint up to RBA
IMG-00807: no weights specified in weight fk_order_customer
Undo initialization finished
Starting background process VKTM
Completed checkpoint up to RBA
Archived Log entry 662 added for thread 1 sequence 8337
IMP-00076: Missing NLS_NCHAR_CHARACTERSET in props$
Errors in file /u01/app/oracle/diag/rdbms/ttprod/ttprod1/trace/ttprod1_ora_66819.trc
Current log# 493 seq# 1035 mem# 0
Current log# 25 seq# 4573 mem# 0
DIA-48193: OS command to open a directory failed
Thread 1 advanced to log sequence 143
ARC0: Archival started
Thread 1 advanced to log sequence 341
NCR-03009: NCRO: Protocol version mismatch
Thread 1 advanced to log sequence 564
Completed checkpoint up to RBA
Current log# 346 seq# 2793 mem# 0
Archived Log entry 906 added for thread 1 sequence 3634
ORA-19642: start SCN of incremental backup is ttprod2
Archived Log entry 459 added for thread 1 sequence 4070
NNL-00513: Shows or sets the server's auto-refresh failure retry interval
ARC0: Archival started
Archived Log entry 324 added for thread 1 sequence 3093
Starting background process VKTM
Undo initialization finished
ORA-30980: Invalid Input.
Completed checkpoint up to RBA
ORA-38144: specified plan name 1024 does not exist
Undo initialization finished
Undo initialization finished
Thread 1 advanced to log sequence 844
Beginning log switch checkpoint up to RBA
RMAN-08119: skipping backup piece handle 1024 ; already exists
Thread 1 advanced to log sequence 684
Current log# 627 seq# 9537 mem# 0
Undo initialization finished
Archived Log entry 886 added for thread 1 sequence 4200
Beginning log switch checkpoint up to RBA
RMAN-07509: List of Cataloged Files
Archived Log entry 105 added for thread 1 sequence 1165
Starting background process VKTM
Current log# 668 seq# 6388 mem# 0
Current log# 109 seq# 4219 mem# 0
ORA-41014: Session number shared pool , serial number shared pool currently being migrated
Errors in file /u01/app/oracle/diag/rdbms/ttprod/ttprod1/trace/ttprod1_ora_52710.trc
Completed checkpoint up to RBA
Thread 1 advanced to log sequence 448
Beginning log switch checkpoint up to RBA
CRS-02563: Attempt to start resource ' session_1123 ' on ' app_db ' has failed. Will re-retry on ' NETWORK_OPS.SIM_INVENTORY ' now.
Thread 1 advanced to log sequence 373
ARC0: Archival started
CRS-02617: Incorrect value of attribute flags has been specified for attribute fk_order_customer . Only READONLY flag can be changed for a type attribute.
ARC0: Archival started
Thread 1 advanced to log sequence 292
Starting background process VKTM
ORA-09212: sfwfbmt: error writing to file
Thread 1 advanced to log sequence 540
Archived Log entry 383 added for thread 1 sequence 3516
Starting background process VKTM
PRKO-03118: Failed to check if service {0} exists: {1}
Current log# 746 seq# 9106 mem# 0
Thread 1 advanced to log sequence 947
Starting background process VKTM
Archived Log entry 551 added for thread 1 sequence 4216
Starting background process VKTM
ORA-22164: delete element operation is not allowed for variable-length array
Errors in file /u01/app/oracle/diag/rdbms/ttprod/ttprod1/trace/ttprod1_ora_95362.trc
Undo initialization finished
Completed checkpoint up to RBA
Beginning log switch checkpoint up to RBA
ORA-39936: Token manager for the CSX tablespace _SYSSMU7$ not fully contained in the transportable set.
Completed checkpoint up to RBA
Beginning log switch checkpoint up to RBA
ORA-32644: this function is not allowed outside of MODEL clause
Errors in file /u01/app/oracle/diag/rdbms/ttprod/ttprod1/trace/ttprod1_ora_44003.trc
ARC0: Archival started
Thread 1 advanced to log sequence 218
RMAN-05602: restarting auxiliary database without server parameter file
Archived Log entry 57 added for thread 1 sequence 8867
Undo initialization finished
Starting background process VKTM
Thread 1 advanced to log sequence 596
NID-00371: Change database name of database idx_users_email to USERS ? (Y/[N]) =>
Completed checkpoint up to RBA
Starting background process VKTM
Current log# 539 seq# 1018 mem# 0
Current log# 370 seq# 1825 mem# 0
ORA-56920: a prepare or upgrade window or an on-demand or datapump-job loading of a secondary time zone data file is in an active state
Completed checkpoint up to RBA
Current log# 36 seq# 6170 mem# 0
ORA-30033: Undo tablespace cannot be specified as default user tablespace
Completed checkpoint up to RBA
Completed checkpoint up to RBA
Undo initialization finished
Archived Log entry 507 added for thread 1 sequence 9200
RMAN-08620: uncataloged foreign archived log
Beginning log switch checkpoint up to RBA
Current log# 690 seq# 6286 mem# 0
Undo initialization finished
JMS-00199: Registration for asynchronous receipt of messages failed
Current log# 734 seq# 1819 mem# 0
Undo initialization finished
Archived Log entry 310 added for thread 1 sequence 7615
Archived Log entry 992 added for thread 1 sequence 9132
ARC0: Archival started
CLSU-00213: CLSUUS test msg 3: pk_orders 2: CDR_STAGING 3: PK_CUSTOMER_ACCOUNTS
Thread 1 advanced to log sequence 762
Completed checkpoint up to RBA
Beginning log switch checkpoint up to RBA
Current log# 747 seq# 2069 mem# 0
TNS-00282: Connection Manager: Failed to force log, logging is off
Starting background process VKTM
Current log# 500 seq# 9585 mem# 0
ARC0: Archival started
ORA-32837: invalid configuration state BILLING.CUST_ORDERS
Completed checkpoint up to RBA
Undo initialization finished
Beginning log switch checkpoint up to RBA
DIA-49410: Not an IPS package
Completed checkpoint up to RBA
ORA-40201: invalid input parameter user_sessions
Thread 1 advanced to log sequence 562
Beginning log switch checkpoint up to RBA
Undo initialization finished
Starting background process VKTM
RMAN-08555: channel large pool : restoring section ttprod2 of USERS
Current log# 398 seq# 8234 mem# 0
Thread 1 advanced to log sequence 661
Archived Log entry 355 added for thread 1 sequence 6278
Starting background process VKTM
ORA-24503: codepoint length overflows for piecewise operation
Errors in file /u01/app/oracle/diag/rdbms/ttprod/ttprod1/trace/ttprod1_ora_91366.trc
Completed checkpoint up to RBA
Starting background process VKTM
Thread 1 advanced to log sequence 311
ORA-48007: name is already used by an existing product type
Current log# 271 seq# 5462 mem# 0
Archived Log entry 268 added for thread 1 sequence 3122
Archived Log entry 121 added for thread 1 sequence 7277
XOQ-02523: unsupported data type " CDR_STAGING "
Completed checkpoint up to RBA
ARC0: Archival started
NID-00415: Change of database name and database ID failed.
Errors in file /u01/app/oracle/diag/rdbms/ttprod/ttprod1/trace/ttprod1_ora_98537.trc
Archived Log entry 300 added for thread 1 sequence 3722
Completed checkpoint up to RBA
Starting background process VKTM
Completed checkpoint up to RBA
PRCN-02057: Invalid listener protocol value {0}
Undo initialization finished
Starting background process VKTM
Current log# 490 seq# 8454 mem# 0
Starting background process VKTM
ORA-41106: invalid argument 3 : value is null
Current log# 670 seq# 5218 mem# 0
ORA-48502: Invalid Command Line - Missing Required Elements
Errors in file /u01/app/oracle/diag/rdbms/ttprod/ttprod1/trace/ttprod1_ora_50579.trc
Archived Log entry 189 added for thread 1 sequence 7420
Current log# 327 seq# 7825 mem# 0
ARC0: Archival started
ORA-24162: name value pair list is full, cannot add another entry
Beginning log switch checkpoint up to RBA
Beginning log switch checkpoint up to RBA
PGU-41038: TPNAME parameter was previously specified
Errors in file /u01/app/oracle/diag/rdbms/ttprod/ttprod1/trace/ttprod1_ora_91947.trc
Thread 1 advanced to log sequence 773
RMAN-08554: channel 5000 : restoring spfile from AUTOBACKUP 17
Current log# 151 seq# 5396 mem# 0
ARC0: Archival started
Thread 1 advanced to log sequence 458
ORA-06320: IPA: Remote maximum number of connections exceeded
Archived Log entry 84 added for thread 1 sequence 3409
Archived Log entry 905 added for thread 1 sequence 9634
ORA-06439: ssaio: the asynchronous write returned incorrect number of bytes
Undo initialization finished
Completed checkpoint up to RBA
Thread 1 advanced to log sequence 601
ORA-03212: Temporary Segment cannot be created in locally-managed tablespace
Errors in file /u01/app/oracle/diag/rdbms/ttprod/ttprod1/trace/ttprod1_ora_90648.trc
Thread 1 advanced to log sequence 449
ARC0: Archival started
Beginning log switch checkpoint up to RBA
Thread 1 advanced to log sequence 222
Thread 1 advanced to log sequence 979
CLST-02102: Node 17 specified is out of range. Maximum node number is BILLING.CUST_ORDERS .
Current log# 660 seq# 3419 mem# 0
NNL-01065: Statistic counters next logged in: large pool
Current log# 118 seq# 4182 mem# 0
Undo initialization finished
ARC0: Archival started
Undo initialization finished
PGU-41042: SYNCLEVEL parameter was previously specified
Starting background process VKTM
Starting background process VKTM
ORA-16126: loading table or sequence app_db
Undo initialization finished
Current log# 471 seq# 4501 mem# 0
Beginning log switch checkpoint up to RBA
Completed checkpoint up to RBA
RMAN-07508: cataloging done
Starting background process VKTM
Undo initialization finished
ARC0: Archival started
RMAN-08590: channel UNDOTBS1 : datafile conversion complete, elapsed time: 1024
ARC0: Archival started
Starting background process VKTM
Beginning log switch checkpoint up to RBA
Thread 1 advanced to log sequence 603
Completed checkpoint up to RBA
TNS-12616: TNS:no event signals
Errors in file /u01/app/oracle/diag/rdbms/ttprod/ttprod1/trace/ttprod1_ora_80939.trc
Undo initialization finished
Completed checkpoint up to RBA
QSM-01129: query has NO_MULTIMV_REWRITE hint
Beginning log switch checkpoint up to RBA
Current log# 467 seq# 7836 mem# 0
Completed checkpoint up to RBA
RMAN-08585: copying standby control file
Undo initialization finished
Undo initialization finished
ARC0: Archival started
Archived Log entry 604 added for thread 1 sequence 1174
PLS-00307: too many declarations of ' NETWORK_OPS.SIM_INVENTORY ' match this call
ARC0: Archival started
Current log# 682 seq# 3155 mem# 0
ORA-28105: cannot create security relevant column policy in an object view
Errors in file /u01/app/oracle/diag/rdbms/ttprod/ttprod1/trace/ttprod1_ora_21631.trc
Undo initialization finished
Thread 1 advanced to log sequence 712
Starting background process VKTM
RMAN-06100: no channel to restore a backup or copy of datafile number
Undo initialization finished
Current log# 807 seq# 2875 mem# 0
Thread 1 advanced to log sequence 89
Completed checkpoint up to RBA
ARC0: Archival started
RMAN-06096: SWITCH required for newname of datafile large pool to take effect
Errors in file /u01/app/oracle/diag/rdbms/ttprod/ttprod1/trace/ttprod1_ora_11055.trc
Undo initialization finished
Undo initialization finished
ORA-15134: mirror resilvering not supported for ttstandby01
Errors in file /u01/app/oracle/diag/rdbms/ttprod/ttprod1/trace/ttprod1_ora_27887.trc
Thread 1 advanced to log sequence 342
Thread 1 advanced to log sequence 466
ORA-13403: invalid rasterDataTable specification: BILLING.CUST_ORDERS
Errors in file /u01/app/oracle/diag/rdbms/ttprod/ttprod1/trace/ttprod1_ora_13918.trc
Starting background process VKTM
ARC0: Archival started
ORA-23648: Capture BILLING.CUST_ORDERS is for Change Data Capture
Starting background process VKTM
Completed checkpoint up to RBA
Archived Log entry 1 added for thread 1 sequence 3480
ORA-14751: Invalid data type for partitioning column of an interval partitioned table
ARC0: Archival started
ORA-07563: sldext: $PARSE failure
Completed checkpoint up to RBA
Starting background process VKTM
Archived Log entry 75 added for thread 1 sequence 3166
PGU-42027: in line number of file user_sessions as follows
Errors in file /u01/app/oracle/diag/rdbms/ttprod/ttprod1/trace/ttprod1_ora_41450.trc
Archived Log entry 107 added for thread 1 sequence 7499
Thread 1 advanced to log sequence 342
Current log# 605 seq# 6591 mem# 0
Completed checkpoint up to RBA
Thread 1 advanced to log sequence 263
DRG-10830: SHARELEVEL is not 0 or 1
Undo initialization finished
ARC0: Archival started
Completed checkpoint up to RBA
ARC0: Archival started
PRCH-01008: Failed to start service
Archived Log entry 796 added for thread 1 sequence 7651
Starting background process VKTM
ARC0: Archival started
Archived Log entry 414 added for thread 1 sequence 1078
ORA-40263: no meaningful matrix factorization found
Thread 1 advanced to log sequence 886
Completed checkpoint up to RBA
PRKN-01036: Windows registry key "{0}" not found on node "{1}"
Completed checkpoint up to RBA
Starting background process VKTM
Completed checkpoint up to RBA
ARC0: Archival started
NID-00406: Reversion of database name failed.
Archived Log entry 75 added for thread 1 sequence 8337
Current log# 763 seq# 4961 mem# 0
Thread 1 advanced to log sequence 694
Beginning log switch checkpoint up to RBA
Completed checkpoint up to RBA
RMAN-06099: error occurred in source file: ttprod2 , line: number
ARC0: Archival started
Thread 1 advanced to log sequence 638
NZE-28808: Cannot retrieve method information from the configuration file.
Errors in file /u01/app/oracle/diag/rdbms/ttprod/ttprod1/trace/ttprod1_ora_73405.trc
Completed checkpoint up to RBA
Beginning log switch checkpoint up to RBA
XOQ-01903: The unique key attribute has no corresponding base attribute.
Errors in file /u01/app/oracle/diag/rdbms/ttprod/ttprod1/trace/ttprod1_ora_37765.trc
Undo initialization finished
Starting background process VKTM
QSM-01107: Partition Containment Tracking (PCT) rewrite is not allowed
Archived Log entry 948 added for thread 1 sequence 2149
Undo initialization finished
Current log# 306 seq# 9118 mem# 0
CRS-02661: All instances of resource ' shared pool ' are disabled
Errors in file /u01/app/oracle/diag/rdbms/ttprod/ttprod1/trace/ttprod1_ora_61086.trc
Starting background process VKTM
ORA-16585: operation cannot be performed on a primary database
Archived Log entry 786 added for thread 1 sequence 2373
Current log# 594 seq# 2427 mem# 0
Archived Log entry 583 added for thread 1 sequence 4643
Starting background process VKTM
ORA-02212: duplicate PCTFREE option specification
ARC0: Archival started
Undo initialization finished
Undo initialization finished
Undo initialization finished
Beginning log switch checkpoint up to RBA
ORA-28291: No Kerberos Principal Value found.
Beginning log switch checkpoint up to RBA
Starting background process VKTM
ORA-19926: Database cannot be converted at this time
Errors in file /u01/app/oracle/diag/rdbms/ttprod/ttprod1/trace/ttprod1_ora_97909.trc
Completed checkpoint up to RBA
Thread 1 advanced to log sequence 108
ARC0: Archival started
Current log# 3 seq# 4336 mem# 0
CRS-01214: Cluster Ready Service failed to initialize OLR context. Details at /u01/app/oracle/oradata/ttprod/users01.dbf in app_db .
Thread 1 advanced to log sequence 18
ARC0: Archival started
Undo initialization finished
ARC0: Archival started
Starting background process VKTM
ORA-26862: LCR position must be greater than the processed low position of the XStream inbound server (XID=' 3 ', LCR position=' SYSAUX ').
Errors in file /u01/app/oracle/diag/rdbms/ttprod/ttprod1/trace/ttprod1_ora_79444.trc
Beginning log switch checkpoint up to RBA
Completed checkpoint up to RBA
Archived Log entry 498 added for thread 1 sequence 3092
INS-30506: Invalid redundancy level.
Thread 1 advanced to log sequence 692
Current log# 371 seq# 9798 mem# 0
Current log# 519 seq# 8226 mem# 0
Archived Log entry 604 added for thread 1 sequence 7894
ORA-32594: invalid object category for COMMENT command
Archived Log entry 601 added for thread 1 sequence 2230
Completed checkpoint up to RBA
ARC0: Archival started
Beginning log switch checkpoint up to RBA
RMAN-06507: trying alternate file for archived log of thread number with sequence number
Archived Log entry 749 added for thread 1 sequence 9775
Undo initialization finished
ORA-19232: XQST0012 - imported schemas violate validity rules
Current log# 901 seq# 8835 mem# 0
Thread 1 advanced to log sequence 369
ARC0: Archival started
Archived Log entry 552 added for thread 1 sequence 2957
PRVF-05406: NTP Configuration file Check failed
Starting background process VKTM
Thread 1 advanced to log sequence 857
Completed checkpoint up to RBA
Completed checkpoint up to RBA
Beginning log switch checkpoint up to RBA
RMAN-06448: uncataloged proxy copy
Current log# 290 seq# 1126 mem# 0
Starting background process VKTM
Undo initialization finished
ORA-26663: error queue for apply process CRM.CALL_DETAIL_RECORDS must be empty
Errors in file /u01/app/oracle/diag/rdbms/ttprod/ttprod1/trace/ttprod1_ora_65580.trc
Beginning log switch checkpoint up to RBA
Current log# 144 seq# 8504 mem# 0
ARC0: Archival started
ARC0: Archival started
ARC0: Archival started
ORA-29864: analyzing domain indexes marked LOADING/FAILED not supported
Thread 1 advanced to log sequence 540
ORA-01615: instance _SYSSMU12$ (thread session_1123 ) is mounted - cannot disable
ARC0: Archival started
ARC0: Archival started
Starting background process VKTM
ORA-39930: Violation pk_orders .
Errors in file /u01/app/oracle/diag/rdbms/ttprod/ttprod1/trace/ttprod1_ora_53192.trc
Starting background process VKTM
Current log# 625 seq# 6700 mem# 0
NZE-28773: failure to write magic and version numbers
Errors in file /u01/app/oracle/diag/rdbms/ttprod/ttprod1/trace/ttprod1_ora_69301.trc
Completed checkpoint up to RBA
ARC0: Archival started
ORA-15498: Volume name ' ttstandby01 ' would collide with existing volume(s) ' ttstandby01 NETWORK_OPS.SIM_INVENTORY '.
Beginning log switch checkpoint up to RBA
ORA-25146: EXTENT MANAGEMENT option already specified
Completed checkpoint up to RBA
Current log# 562 seq# 5219 mem# 0
Undo initialization finished
Starting background process VKTM
ORA-38809: edition must be unusable
ARC0: Archival started
Undo initialization finished
RMAN-06515: archived logs required to recover from this copy will expire when this copy expires
Beginning log switch checkpoint up to RBA
PGA-21012: invalid LU name length ( number ), valid range is number : number
Undo initialization finished
Completed checkpoint up to RBA
Archived Log entry 491 added for thread 1 sequence 1775
Archived Log entry 619 added for thread 1 sequence 5514
Beginning log switch checkpoint up to RBA
ORA-32401: materialized view log on " 17 "." fk_order_customer " does not have new values
Completed checkpoint up to RBA
PRVF-07593: CRS is not found to be installed on node "{0}"
Thread 1 advanced to log sequence 123
Completed checkpoint up to RBA
Beginning log switch checkpoint up to RBA
Archived Log entry 666 added for thread 1 sequence 2794
Undo initialization finished
QSM-00505: syntax error
Completed checkpoint up to RBA
ARC0: Archival started
Completed checkpoint up to RBA
Undo initialization finished
PRCT-01055: Fail to retrieve ASM active version for node {0}. kfod execution failed at location {1}. Detailed error: {2}
Starting background process VKTM
Undo initialization finished
Archived Log entry 742 added for thread 1 sequence 3536
Current log# 263 seq# 8058 mem# 0
CRS-01622: The IPMI node kill information could not be validated due to inability to connect to the IPMI device at BMC IP address provided CRM.CALL_DETAIL_RECORDS ; details at SYSAUX in pg_toast_12345
Errors in file /u01/app/oracle/diag/rdbms/ttprod/ttprod1/trace/ttprod1_ora_26910.trc
Thread 1 advanced to log sequence 512
Completed checkpoint up to RBA
DRG-10705: invalid value CDR_STAGING for attribute 3
Current log# 303 seq# 6845 mem# 0
Archived Log entry 504 added for thread 1 sequence 3824
Completed checkpoint up to RBA
Current log# 528 seq# 4118 mem# 0
ORA-38781: cannot disable media recovery - have guaranteed restore points
Starting background process VKTM
Current log# 245 seq# 3912 mem# 0
Archived Log entry 967 added for thread 1 sequence 8788
RMAN-06567: connected to auxiliary database: SP2-0552 (DBID= PK_CUSTOMER_ACCOUNTS , not open)
Errors in file /u01/app/oracle/diag/rdbms/ttprod/ttprod1/trace/ttprod1_ora_87523.trc
ARC0: Archival started
Completed checkpoint up to RBA
PLS-00484: redundant exceptions ' _SYSSMU12$ ' and ' pk_orders ' must appear in same exception handler
Completed checkpoint up to RBA
Starting background process VKTM
Thread 1 advanced to log sequence 452
ARC0: Archival started
Thread 1 advanced to log sequence 980
LPX-01112: [FOCH0003] Unsupported normalization form
Starting background process VKTM
ARC0: Archival started
Undo initialization finished
NNO-00708: cache flush countdown aborted
Beginning log switch checkpoint up to RBA
Undo initialization finished
Completed checkpoint up to RBA
Thread 1 advanced to log sequence 281
XOQ-01756: Member " 3 " appears inconsistently in level " 3 " across hierarchies of dimension " NETWORK_OPS.SIM_INVENTORY ".
Thread 1 advanced to log sequence 868
Current log# 471 seq# 2665 mem# 0
Completed checkpoint up to RBA
Starting background process VKTM
ARC0: Archival started
RMAN-03020: asynchronous RPC test will take 1 minute
Undo initialization finished
Starting background process VKTM
Archived Log entry 666 added for thread 1 sequence 5637
ARC0: Archival started
ORA-47362: error adding Rule pk_orders to Rule Set user_sessions , TNS_ADMIN
Errors in file /u01/app/oracle/diag/rdbms/ttprod/ttprod1/trace/ttprod1_ora_48512.trc
Completed checkpoint up to RBA
Undo initialization finished
ARC0: Archival started
Starting background process VKTM
Archived Log entry 970 added for thread 1 sequence 7923
PRCH-01044: Failed while checking status of listener "{0}"
Completed checkpoint up to RBA
NNL-00204: Cancelled shutdown
Errors in file /u01/app/oracle/diag/rdbms/ttprod/ttprod1/trace/ttprod1_ora_46346.trc
Current log# 244 seq# 6610 mem# 0
Undo initialization finished
Beginning log switch checkpoint up to RBA
Current log# 30 seq# 6981 mem# 0
Archived Log entry 830 added for thread 1 sequence 4197
ORA-48473: Internal failure, unknown return code [ BILLING.CUST_ORDERS ]
Thread 1 advanced to log sequence 799
Starting background process VKTM
NID-00395: Reverting database name from SP2-0552 to SP2-0552
Thread 1 advanced to log sequence 593
Thread 1 advanced to log sequence 138
RMAN-06175: deleted script: fk_order_customer
Errors in file /u01/app/oracle/diag/rdbms/ttprod/ttprod1/trace/ttprod1_ora_40457.trc
Beginning log switch checkpoint up to RBA
NNL-00410: Average response time: _SYSSMU7$
Completed checkpoint up to RBA
Undo initialization finished
Undo initialization finished
Current log# 285 seq# 5775 mem# 0
Current log# 754 seq# 7708 mem# 0
RMAN-06100: no channel to restore a backup or copy of datafile number
Current log# 790 seq# 3472 mem# 0
Undo initialization finished
Starting background process VKTM
ARC0: Archival started
PRIF-00002: invalid network interface type
Thread 1 advanced to log sequence 928
Undo initialization finished
Completed checkpoint up to RBA
Undo initialization finished
Archived Log entry 234 added for thread 1 sequence 8814
RMAN-08523: restoring datafile 17 to ttprod1
Starting background process VKTM
ORA-29322: SCN user_sessions size too long -- maximum size 58 bytes/characters
Undo initialization finished
Beginning log switch checkpoint up to RBA
Archived Log entry 905 added for thread 1 sequence 8182
RMAN-06409: LIKE clause in LIST BACKUP OF ARCHIVELOG is not supported
Undo initialization finished
RMAN-08600: ASM disk group to search: _SYSSMU7$
Completed checkpoint up to RBA
Completed checkpoint up to RBA
Archived Log entry 724 added for thread 1 sequence 8827
Undo initialization finished
Beginning log switch checkpoint up to RBA
NZE-29126: pkcs11 token passphrase already set
Completed checkpoint up to RBA
ORA-47060: Identity map for Identity BILLING.CUST_ORDERS . SYSAUX , Factor Link CRM.CALL_DETAIL_RECORDS , PK_CUSTOMER_ACCOUNTS already defined for operation 17 on PK_CUSTOMER_ACCOUNTS
Undo initialization finished
Current log# 5 seq# 8653 mem# 0
ORA-26876: invalid processed low-watermark (current position= 17 ; new position= INVOICE_LINES_IDX )
Beginning log switch checkpoint up to RBA
RMAN-00703: The cmdfile has no syntax errors
Archived Log entry 42 added for thread 1 sequence 6976
Completed checkpoint up to RBA
Current log# 20 seq# 6516 mem# 0
ORA-30566: Index maintainence clause not allowed for this command
Thread 1 advanced to log sequence 538
Beginning log switch checkpoint up to RBA
Completed checkpoint up to RBA
ORA-27036: translation error, unable to expand file name
Undo initialization finished
Thread 1 advanced to log sequence 430
Undo initialization finished
Archived Log entry 146 added for thread 1 sequence 4856
RMAN-03090: Starting TNS_ADMIN at 3
Archived Log entry 172 added for thread 1 sequence 5422
Archived Log entry 834 added for thread 1 sequence 7471
ORA-01485: compile bind length different from execute bind length
Errors in file /u01/app/oracle/diag/rdbms/ttprod/ttprod1/trace/ttprod1_ora_30568.trc
Current log# 14 seq# 7042 mem# 0
Completed checkpoint up to RBA
ORA-33270: (DBERR05) Analytic workspace UNDOTBS1 already exists.
Completed checkpoint up to RBA
Beginning log switch checkpoint up to RBA
Archived Log entry 801 added for thread 1 sequence 8202
Current log# 666 seq# 9627 mem# 0
Undo initialization finished
ORA-01252: cannot prevent writes - file user_sessions in recovery manager backup
Archived Log entry 232 added for thread 1 sequence 5696
Thread 1 advanced to log sequence 110
ARC0: Archival started
Completed checkpoint up to RBA
ARC0: Archival started
NZE-28862: SSL connection failed
Errors in file /u01/app/oracle/diag/rdbms/ttprod/ttprod1/trace/ttprod1_ora_23281.trc
ARC0: Archival started
Beginning log switch checkpoint up to RBA
CRS-04203: Hashing creation error during wallet credentials creation
Undo initialization finished
Thread 1 advanced to log sequence 721
Thread 1 advanced to log sequence 748
SCLC-01019: Failed to retrieve member list for tier {0}, {1}
Thread 1 advanced to log sequence 909
INS-42014: Oracle Grid Infrastructure cannot be configured.
Errors in file /u01/app/oracle/diag/rdbms/ttprod/ttprod1/trace/ttprod1_ora_40477.trc
Archived Log entry 594 added for thread 1 sequence 2533
ARC0: Archival started
Undo initialization finished
Archived Log entry 62 added for thread 1 sequence 8885
Current log# 653 seq# 8135 mem# 0
ORA-27480: window " 3 " is currently open
Current log# 335 seq# 7398 mem# 0
Undo initialization finished
Current log# 555 seq# 5232 mem# 0
Undo initialization finished
ORA-36678: (XSDPART16) workspace object is missing from one or more partition dimension lists.
Errors in file /u01/app/oracle/diag/rdbms/ttprod/ttprod1/trace/ttprod1_ora_33502.trc
Beginning log switch checkpoint up to RBA
ARC0: Archival started
Thread 1 advanced to log sequence 304
Current log# 21 seq# 8958 mem# 0
Completed checkpoint up to RBA
RMAN-08187: WARNING: media recovery until SCN app_db complete
Errors in file /u01/app/oracle/diag/rdbms/ttprod/ttprod1/trace/ttprod1_ora_52504.trc
Current log# 679 seq# 4309 mem# 0
Beginning log switch checkpoint up to RBA
Current log# 408 seq# 4486 mem# 0
Completed checkpoint up to RBA
RMAN-08551: recovering datafile copy file number= fk_order_customer name= shared pool
Thread 1 advanced to log sequence 515
Beginning log switch checkpoint up to RBA
ARC0: Archival started
Current log# 10 seq# 3707 mem# 0
Thread 1 advanced to log sequence 702
RMAN-05007: no channel allocated
Completed checkpoint up to RBA
Beginning log switch checkpoint up to RBA
Archived Log entry 121 added for thread 1 sequence 5841
ORA-14165: MODIFY DEFAULT ATTRIBUTES FOR PARTITION may not be combined with other operations
Completed checkpoint up to RBA
RMAN-08510: archived log thread= CDR_STAGING sequence= pg_toast_12345
Undo initialization finished
Current log# 973 seq# 8925 mem# 0
Archived Log entry 801 added for thread 1 sequence 5441
Beginning log switch checkpoint up to RBA
RMAN-05522: Skipping tablespace SP2-0552
Starting background process VKTM
ARC0: Archival started
Starting background process VKTM
TNS-01079: Attempted to bequeath: _SYSSMU7$
Starting background process VKTM
CRS-01328: Error while setting up user interface server. Details at SP2-0552 in PK_CUSTOMER_ACCOUNTS .
Completed checkpoint up to RBA
Undo initialization finished
Completed checkpoint up to RBA
Beginning log switch checkpoint up to RBA
Current log# 925 seq# 7370 mem# 0
ORA-39701: database must be mounted EXCLUSIVE for UPGRADE or DOWNGRADE
ARC0: Archival started
LSX-00125: "restriction" element is improperly defined
Current log# 645 seq# 5251 mem# 0
Archived Log entry 519 added for thread 1 sequence 5974
Current log# 774 seq# 8368 mem# 0
Completed checkpoint up to RBA
ARC0: Archival started
ORA-38748: cannot flashback data file idx_users_email - file is in use or recovery
ARC0: Archival started
Completed checkpoint up to RBA
XOQ-01928: invalid PrecomputePercentTop value
Archived Log entry 317 added for thread 1 sequence 3010
Beginning log switch checkpoint up to RBA
ORA-01177: data file does not match dictionary - probably old incarnation
Errors in file /u01/app/oracle/diag/rdbms/ttprod/ttprod1/trace/ttprod1_ora_64878.trc
Undo initialization finished
Undo initialization finished
Beginning log switch checkpoint up to RBA
ORA-22901: cannot compare VARRAY or LOB attributes of an object type
Archived Log entry 165 added for thread 1 sequence 1790
Undo initialization finished
INS-32101: My Oracle Support username is empty.
Undo initialization finished
Thread 1 advanced to log sequence 91
Current log# 919 seq# 7661 mem# 0
Archived Log entry 91 added for thread 1 sequence 3953
Starting background process VKTM
NID-00404: DBNEWID - Completed succesfully.
Beginning log switch checkpoint up to RBA
Current log# 223 seq# 1806 mem# 0
Archived Log entry 386 added for thread 1 sequence 7819
Undo initialization finished
DRG-13312: user CTXSYS does not own USER_LEXER stored procedure session_1123
Completed checkpoint up to RBA
NID-00311: Control File 3 - modified
Completed checkpoint up to RBA
Thread 1 advanced to log sequence 141
Archived Log entry 423 added for thread 1 sequence 4127
Current log# 462 seq# 5498 mem# 0
JMS-00151: Topics cannot be of type EXCEPTION
Archived Log entry 271 added for thread 1 sequence 3896
CRS-04737: Failed to allocate number bytes of memory
Errors in file /u01/app/oracle/diag/rdbms/ttprod/ttprod1/trace/ttprod1_ora_47643.trc
ARC0: Archival started
Starting background process VKTM
Starting background process VKTM
Completed checkpoint up to RBA
Completed checkpoint up to RBA
QSM-02133: agg(expr) requires correspondng MIN(expr) function
ARC0: Archival started
RMAN-08544: channel ttprod2 : specifying archived log(s) for proxy restore
ARC0: Archival started
Current log# 803 seq# 5772 mem# 0
ORA-01636: rollback segment ' PK_CUSTOMER_ACCOUNTS ' is already online
Completed checkpoint up to RBA
CRS-02528: Unable to place an instance of ' DATA_TS01 ' as all possible servers are occupied by the resource
Thread 1 advanced to log sequence 539
Completed checkpoint up to RBA
ORA-28181: proxy ' NETWORK_OPS.SIM_INVENTORY ' failed to enable one or more of the specified initial roles for client ' ttprod2 '
Completed checkpoint up to RBA
Undo initialization finished
Completed checkpoint up to RBA
Undo initialization finished
LPX-00806: Invalid token in the pattern
Undo initialization finished
ORA-55316: model app_db does not match model INVOICE_LINES_IDX for table and column
Beginning log switch checkpoint up to RBA
Thread 1 advanced to log sequence 992
Archived Log entry 306 added for thread 1 sequence 6357
Starting background process VKTM
ORA-31479: could not create LogMiner session
Undo initialization finished
Current log# 560 seq# 9850 mem# 0
Undo initialization finished
Archived Log entry 363 added for thread 1 sequence 3213
RMAN-08164: validation succeeded for proxy copy
Errors in file /u01/app/oracle/diag/rdbms/ttprod/ttprod1/trace/ttprod1_ora_85690.trc
Archived Log entry 209 added for thread 1 sequence 9048
CLSU-00100: Operating System function: pk_orders failed with error data: TNS_ADMIN
Archived Log entry 802 added for thread 1 sequence 4882
Completed checkpoint up to RBA
Archived Log entry 954 added for thread 1 sequence 5500
ARC0: Archival started
ORA-16235: DDL skipped because import has occurred
Completed checkpoint up to RBA
Beginning log switch checkpoint up to RBA
ARC0: Archival started
Archived Log entry 234 added for thread 1 sequence 1461
QSM-01343: general inline view rewrite not possible on remote objects
Beginning log switch checkpoint up to RBA
IMG-00614: I/O error during export
ARC0: Archival started
Current log# 837 seq# 8773 mem# 0
ORA-10270: Debug shared cursors
Errors in file /u01/app/oracle/diag/rdbms/ttprod/ttprod1/trace/ttprod1_ora_81921.trc
Completed checkpoint up to RBA
Current log# 511 seq# 7289 mem# 0
Starting background process VKTM
Current log# 409 seq# 6664 mem# 0
Completed checkpoint up to RBA
ORA-16223: DDL skipped, unsupported in current version
Undo initialization finished
Starting background process VKTM
CRS-01338: Failed to add a delete key operation for key ' INVOICE_LINES_IDX ' to a batch in OLR. Details at large pool in UNDOTBS1 .
Archived Log entry 402 added for thread 1 sequence 7745
Completed checkpoint up to RBA
Starting background process VKTM
Undo initialization finished
ORA-09273: szrfc: error verifying role name
Starting background process VKTM
Current log# 441 seq# 3433 mem# 0
Current log# 633 seq# 4932 mem# 0
ORA-29661: Unable to find the superclass of the defined in the EXTERNAL NAME
Thread 1 advanced to log sequence 448
ARC0: Archival started
Undo initialization finished
Current log# 671 seq# 7807 mem# 0
ORA-08177: can't serialize access for this transaction
Archived Log entry 652 added for thread 1 sequence 9010
Completed checkpoint up to RBA
PROC-00015: Failed to initialize the cluster registry
Errors in file /u01/app/oracle/diag/rdbms/ttprod/ttprod1/trace/ttprod1_ora_11935.trc
Thread 1 advanced to log sequence 430
RMAN-05580: Duplicate for standby does not allow the use of SKIP READONLY
Thread 1 advanced to log sequence 62
ARC0: Archival started
Thread 1 advanced to log sequence 138
Current log# 338 seq# 6422 mem# 0
PRKO-02703: CVU is already enabled
Undo initialization finished
Undo initialization finished
LSX-00133: attribute "use" has invalid value "~S"
Errors in file /u01/app/oracle/diag/rdbms/ttprod/ttprod1/trace/ttprod1_ora_29390.trc
Beginning log switch checkpoint up to RBA
Archived Log entry 649 added for thread 1 sequence 7965
ORA-24074: RETRY_DELAY and MAX_RETRIES cannot be used for exception queue %. pg_toast_12345
Undo initialization finished
Undo initialization finished
Current log# 740 seq# 7410 mem# 0
RDE-00032: length of service type " INVOICE_LINES_IDX " ( number ) is greater than than the maximum allowed: number
Beginning log switch checkpoint up to RBA
Current log# 239 seq# 6058 mem# 0
Undo initialization finished
RMAN-05538: WARNING: implicitly using DB_FILE_NAME_CONVERT
Completed checkpoint up to RBA
Undo initialization finished
Starting background process VKTM
Current log# 278 seq# 7557 mem# 0
Archived Log entry 418 added for thread 1 sequence 1047
RMAN-06904: backup of archived log for thread number with sequence number and starting SCN of DATA_TS01 was cancelled
Beginning log switch checkpoint up to RBA
Beginning log switch checkpoint up to RBA
ORA-31036: XSL processing context initialization failed
Errors in file /u01/app/oracle/diag/rdbms/ttprod/ttprod1/trace/ttprod1_ora_89660.trc
Archived Log entry 647 added for thread 1 sequence 3950
Starting background process VKTM
Completed checkpoint up to RBA
Archived Log entry 677 added for thread 1 sequence 2073
LFI-01511: unlink() failed(OSD errno = user_sessions ) in SYSAUX .
Errors in file /u01/app/oracle/diag/rdbms/ttprod/ttprod1/trace/ttprod1_ora_66718.trc
Starting background process VKTM
Archived Log entry 15 added for thread 1 sequence 7626
Thread 1 advanced to log sequence 365
ARC0: Archival started
ORA-16288: DDL skipped due to missing edition " fk_order_customer "
Archived Log entry 1 added for thread 1 sequence 3308
Completed checkpoint up to RBA
Thread 1 advanced to log sequence 478
Beginning log switch checkpoint up to RBA
LSX-00015: failed to parse document
Errors in file /u01/app/oracle/diag/rdbms/ttprod/ttprod1/trace/ttprod1_ora_75512.trc
Current log# 483 seq# 9377 mem# 0
Undo initialization finished
Starting background process VKTM
ARC0: Archival started
Archived Log entry 1 added for thread 1 sequence 8076
DRG-10839: invalid ORDER argument supplied to NEAR
Beginning log switch checkpoint up to RBA
Current log# 302 seq# 3650 mem# 0
RMAN-12015: configuration for PK_CUSTOMER_ACCOUNTS channel number is ignored
Errors in file /u01/app/oracle/diag/rdbms/ttprod/ttprod1/trace/ttprod1_ora_53696.trc
Thread 1 advanced to log sequence 401
Starting background process VKTM
ARC0: Archival started
LPX-01126: [FORX0003] Regular expression matches zero-length user_sessions
Errors in file /u01/app/oracle/diag/rdbms/ttprod/ttprod1/trace/ttprod1_ora_96875.trc
ARC0: Archival started
Archived Log entry 195 added for thread 1 sequence 6238
Archived Log entry 324 added for thread 1 sequence 3824
Undo initialization finished
Current log# 56 seq# 1113 mem# 0
NZE-28781: No data for the access method is specified in the parameter.
Errors in file /u01/app/oracle/diag/rdbms/ttprod/ttprod1/trace/ttprod1_ora_51552.trc
Archived Log entry 915 added for thread 1 sequence 3899
Archived Log entry 889 added for thread 1 sequence 3435
Beginning log switch checkpoint up to RBA
ORA-01341: LogMiner out-of-memory
Thread 1 advanced to log sequence 876
ORA-04046: results of compilation are too large to support
Undo initialization finished
Completed checkpoint up to RBA
ARC0: Archival started
ORA-32022: parameter value longer than 3 characters
Thread 1 advanced to log sequence 682
Completed checkpoint up to RBA
CRS-01630: A configuration change request failed because not all the new voting files were discovered; Details at 5000 in pk_orders
Completed checkpoint up to RBA
XOQ-00850: cannot create fundamental snapshot: definition id "( _SYSSMU7$ )" not recognized
Undo initialization finished
Archived Log entry 286 added for thread 1 sequence 1876
DRG-50503: unsupported classification method
Beginning log switch checkpoint up to RBA
Completed checkpoint up to RBA
PGU-41135: no PGAU fk_order_customer objects named fk_order_customer satisfied the REPORT request
Errors in file /u01/app/oracle/diag/rdbms/ttprod/ttprod1/trace/ttprod1_ora_28724.trc
Beginning log switch checkpoint up to RBA
INS-41310: More than one Oracle Cluster Registry is in the same partition.
Errors in file /u01/app/oracle/diag/rdbms/ttprod/ttprod1/trace/ttprod1_ora_53090.trc
Completed checkpoint up to RBA
Starting background process VKTM
Thread 1 advanced to log sequence 109
RMAN-06111: changed backup piece unavailable
Starting background process VKTM
Beginning log switch checkpoint up to RBA
Completed checkpoint up to RBA
Archived Log entry 674 added for thread 1 sequence 1183
ARC0: Archival started
RMAN-06949: finished flashback log search, restored _SYSSMU7$ blocks
Archived Log entry 403 added for thread 1 sequence 5204
ORA-25190: an index-organized table maintenance operation may not be combined with other operations
Archived Log entry 150 added for thread 1 sequence 9848
Thread 1 advanced to log sequence 878
RMAN-08144: channel APP_USER42 : validation complete, elapsed time: CDR_STAGING
Current log# 471 seq# 1897 mem# 0
ARC0: Archival started
RMAN-06210: List of Mismatched objects
Thread 1 advanced to log sequence 10
ORA-37006: (AWLISTALL04) number writers
Starting background process VKTM
Completed checkpoint up to RBA
Current log# 493 seq# 3998 mem# 0
ORA-34806: (OCI14) Statement number can only be executed within an ACROSS command.
ARC0: Archival started
RMAN-08180: channel NETWORK_OPS.SIM_INVENTORY : restore complete, elapsed time: shared pool
Current log# 366 seq# 9860 mem# 0
Starting background process VKTM
Archived Log entry 565 added for thread 1 sequence 3327
PCC-02376: You may not declare SQLCODE when DEF_SQLCODE = TRUE
Beginning log switch checkpoint up to RBA
Beginning log switch checkpoint up to RBA
ARC0: Archival started
ORA-55712: XA transactions on RAC are not supported with GLOBAL_TXN_PROCESSES set to 0
Errors in file /u01/app/oracle/diag/rdbms/ttprod/ttprod1/trace/ttprod1_ora_67583.trc
Archived Log entry 374 added for thread 1 sequence 9382
Starting background process VKTM
Undo initialization finished
ARC0: Archival started
ORA-42307: columns of an Editioning view may only refer to base table columns
Archived Log entry 656 added for thread 1 sequence 9519
DRG-10820: invalid contains cursor id
Errors in file /u01/app/oracle/diag/rdbms/ttprod/ttprod1/trace/ttprod1_ora_18658.trc
Undo initialization finished
ORA-38482: no elementary attributes defined in the attribute set
Errors in file /u01/app/oracle/diag/rdbms/ttprod/ttprod1/trace/ttprod1_ora_87161.trc
Thread 1 advanced to log sequence 522
Thread 1 advanced to log sequence 49
Completed checkpoint up to RBA
Beginning log switch checkpoint up to RBA
RMAN-05559: error converting parameter fk_order_customer , ttstandby01 larger than number
Archived Log entry 414 added for thread 1 sequence 7171
Current log# 854 seq# 7701 mem# 0
ARC0: Archival started
Archived Log entry 419 added for thread 1 sequence 4432
ORA-23539: table " ttprod2 "." CDR_STAGING " currently being redefined
ARC0: Archival started
Thread 1 advanced to log sequence 170
ORA-37186: null child value for parent ( ttprod1 ) found in parent-child hierarchy
ARC0: Archival started
Starting background process VKTM
Completed checkpoint up to RBA
DRG-11301: error while indexing document
Completed checkpoint up to RBA
Thread 1 advanced to log sequence 512
ARC0: Archival started
Current log# 453 seq# 3595 mem# 0
Beginning log switch checkpoint up to RBA
ORA-08435: PICTURE MASK missing the leading sign when SIGN IS LEADING specified
Archived Log entry 368 added for thread 1 sequence 7482
Completed checkpoint up to RBA
Undo initialization finished
Beginning log switch checkpoint up to RBA
RMAN-06611: Following RMAN configuration applied before deleting logs:
Undo initialization finished
Current log# 171 seq# 3727 mem# 0
Current log# 381 seq# 3105 mem# 0
Current log# 134 seq# 9414 mem# 0
ORA-47160: Factor link pk_orders already defined
Errors in file /u01/app/oracle/diag/rdbms/ttprod/ttprod1/trace/ttprod1_ora_52237.trc
Starting background process VKTM
Beginning log switch checkpoint up to RBA
Undo initialization finished
ORA-01950: No privileges on tablespace
Starting background process VKTM
Undo initialization finished
Thread 1 advanced to log sequence 219
ARC0: Archival started
Undo initialization finished
ORA-48180: OS open system call failure
Undo initialization finished
NNO-00255: cannot initialize ROS
Starting background process VKTM
Undo initialization finished
Undo initialization finished
Completed checkpoint up to RBA
ORA-49417: Cannot modify already generated package
Errors in file /u01/app/oracle/diag/rdbms/ttprod/ttprod1/trace/ttprod1_ora_45841.trc
Completed checkpoint up to RBA
JMS-00165: Maximum size of property value exceeded
Completed checkpoint up to RBA
Completed checkpoint up to RBA
Archived Log entry 166 added for thread 1 sequence 6785
ORA-13783: invalid tuning scope
Starting background process VKTM
Current log# 868 seq# 4552 mem# 0
Beginning log switch checkpoint up to RBA
ORA-64142: Shared tables must have same semantics for truncation.
Undo initialization finished
Beginning log switch checkpoint up to RBA
ARC0: Archival started
ORA-00443: background process " reporting_schema " did not start
Starting background process VKTM
Completed checkpoint up to RBA
Archived Log entry 158 added for thread 1 sequence 3593
Undo initialization finished
Thread 1 advanced to log sequence 105
RMAN-06572: database is open and datafile number is not offline
Starting background process VKTM
Beginning log switch checkpoint up to RBA
Starting background process VKTM
Beginning log switch checkpoint up to RBA
RMAN-06793: database with db_unique_name _SYSSMU7$ unregistered from the recovery catalog
Errors in file /u01/app/oracle/diag/rdbms/ttprod/ttprod1/trace/ttprod1_ora_85012.trc
Completed checkpoint up to RBA
Beginning log switch checkpoint up to RBA
Starting background process VKTM
INS-41113: Specified public and private interfaces are configured on the same subnet: CRM.CALL_DETAIL_RECORDS
Thread 1 advanced to log sequence 498
Archived Log entry 813 added for thread 1 sequence 1274
RMAN-03031: this option of set command needs to be used inside a run block
Current log# 371 seq# 9233 mem# 0
Starting background process VKTM
ORA-37567: log location not specified
Errors in file /u01/app/oracle/diag/rdbms/ttprod/ttprod1/trace/ttprod1_ora_41055.trc
Thread 1 advanced to log sequence 13
Thread 1 advanced to log sequence 242
QSM-01036: unmatched column, UNDOTBS1 , present in query after view merging
Completed checkpoint up to RBA
Undo initialization finished
ORA-29259: end-of-input reached
Starting background process VKTM
Undo initialization finished
Undo initialization finished
Beginning log switch checkpoint up to RBA
Completed checkpoint up to RBA
ORA-47181: Integration Policy for OLS Policy SP2-0552 not found
Current log# 269 seq# 9199 mem# 0
Completed checkpoint up to RBA
JMS-00448: Invalid Content-Type
Thread 1 advanced to log sequence 266
Beginning log switch checkpoint up to RBA
Current log# 910 seq# 7984 mem# 0
Beginning log switch checkpoint up to RBA
Undo initialization finished
ORA-26023: index DATA_TS01 . CRM.CALL_DETAIL_RECORDS partition APP_USER42 was made unusable due to:
Undo initialization finished
ARC0: Archival started
Starting background process VKTM
Current log# 628 seq# 4752 mem# 0
PRKO-03162: The actions setenv, getenv, and unsetenv are not suppported for Single Client Access Name listener {0}
Current log# 384 seq# 9373 mem# 0
Archived Log entry 268 added for thread 1 sequence 6181
Beginning log switch checkpoint up to RBA
Current log# 39 seq# 8878 mem# 0
ARC0: Archival started
NNO-00308: server will restart in number seconds
Undo initialization finished
ARC0: Archival started
Archived Log entry 700 added for thread 1 sequence 9901
LPX-00230: invalid character ~1u (~2x) found in a Name or Nmtoken
Starting background process VKTM
Starting background process VKTM
ARC0: Archival started
Starting background process VKTM
Beginning log switch checkpoint up to RBA
PCB-00307: DROP TABLE statement is an Oracle extension
Starting background process VKTM
PRKU-01035: The stopping and de-configuring of Oracle Restart failed. Fix the problem and rerun this tool to completely remove the Oracle Restart configuration and the software
Errors in file /u01/app/oracle/diag/rdbms/ttprod/ttprod1/trace/ttprod1_ora_50908.trc
Archived Log entry 550 added for thread 1 sequence 8357
Current log# 330 seq# 9604 mem# 0
Archived Log entry 777 added for thread 1 sequence 5526
Starting background process VKTM
ORA-54013: INSERT operation disallowed on virtual columns
Errors in file /u01/app/oracle/diag/rdbms/ttprod/ttprod1/trace/ttprod1_ora_18051.trc
Archived Log entry 322 added for thread 1 sequence 7203
Completed checkpoint up to RBA
Undo initialization finished
RMAN-08611: channel _SYSSMU7$ : piece handle= idx_users_email tag= APP_USER42
Archived Log entry 321 added for thread 1 sequence 8038
ORA-27034: maximum length of ORACLE_SID exceeded
Beginning log switch checkpoint up to RBA
RMAN-05011: auxiliary instance must be in NOMOUNT state for Tablespace Point-in-Time Recovery
Errors in file /u01/app/oracle/diag/rdbms/ttprod/ttprod1/trace/ttprod1_ora_79403.trc
Starting background process VKTM
RMAN-07253: ========================
Errors in file /u01/app/oracle/diag/rdbms/ttprod/ttprod1/trace/ttprod1_ora_82004.trc
Undo initialization finished
ARC0: Archival started
Archived Log entry 449 added for thread 1 sequence 4300
Completed checkpoint up to RBA
DRG-50503: unsupported classification method
Archived Log entry 133 added for thread 1 sequence 6867
Archived Log entry 648 added for thread 1 sequence 1453
CRS-10101: Internal Error
Thread 1 advanced to log sequence 344
ORA-13619: The procedure argument fk_order_customer is greater than the maximum allowable length of INVOICE_LINES_IDX characters.
Thread 1 advanced to log sequence 9
Current log# 213 seq# 3449 mem# 0
Beginning log switch checkpoint up to RBA
Archived Log entry 828 added for thread 1 sequence 1663
Beginning log switch checkpoint up to RBA
OCI-04063: idx_users_email has errors
Errors in file /u01/app/oracle/diag/rdbms/ttprod/ttprod1/trace/ttprod1_ora_22784.trc
Current log# 347 seq# 1112 mem# 0
Starting background process VKTM
ORA-30725: JDWP-based debugging is not yet available
Undo initialization finished
Starting background process VKTM
Completed checkpoint up to RBA
NID-00404: DBNEWID - Completed succesfully.
Errors in file /u01/app/oracle/diag/rdbms/ttprod/ttprod1/trace/ttprod1_ora_66683.trc
Completed checkpoint up to RBA
Beginning log switch checkpoint up to RBA
NID-00354: Instance shut down
Current log# 958 seq# 7858 mem# 0
ORA-64118: XMLIndex Exchange Partition: incompatible unstructured components
Undo initialization finished
Archived Log entry 452 added for thread 1 sequence 7331
Beginning log switch checkpoint up to RBA
RMAN-08051: cataloged archived log
Completed checkpoint up to RBA
Beginning log switch checkpoint up to RBA
ARC0: Archival started
NCR-01018: NCRS: Encryption failure.
Undo initialization finished
Beginning log switch checkpoint up to RBA
INS-32068: The value specified for Microsoft Transaction Services (MTS) Port number, CDR_STAGING , is out of valid range.
Archived Log entry 669 added for thread 1 sequence 5391
Thread 1 advanced to log sequence 939
Starting background process VKTM
Undo initialization finished
CRS-01005: The Oracle Clusterware upgrade was completed. Version has changed from [ number , USERS ] to [ number , USERS ]. Details in CRM.CALL_DETAIL_RECORDS .
Completed checkpoint up to RBA
ORA-31226: DBMS_LDAP: MOD_ARRAY size limit exceeded
Errors in file /u01/app/oracle/diag/rdbms/ttprod/ttprod1/trace/ttprod1_ora_89258.trc
ARC0: Archival started
ARC0: Archival started
ORA-33038: (XSAGDNGL18) In AGGMAP workspace object , RELATION workspace object contains hierarchy dimensions that are also dimensions of the AGGMAP.
Beginning log switch checkpoint up to RBA
ORA-23334: column ttprod1 does not exist in table or column group
Undo initialization finished
Completed checkpoint up to RBA
Thread 1 advanced to log sequence 899
Starting background process VKTM
Current log# 115 seq# 5193 mem# 0
JMS-00428: Valid message must be specified
Current log# 46 seq# 5505 mem# 0
ARC0: Archival started
Beginning log switch checkpoint up to RBA
ARC0: Archival started
Completed checkpoint up to RBA
KUP-03001: fatal error during library cache pre-loading
Current log# 507 seq# 8225 mem# 0
PLS-00126: selector ALL is not allowed
Archived Log entry 682 added for thread 1 sequence 7779
Beginning log switch checkpoint up to RBA
Archived Log entry 651 added for thread 1 sequence 9626
Completed checkpoint up to RBA
Beginning log switch checkpoint up to RBA
ORA-22926: specified trim length is greater than current LOB value's length
Starting background process VKTM
Beginning log switch checkpoint up to RBA
ORA-33267: (DBERRRLS) Analytic workspace fk_order_customer cannot be accessed because it has fine-grained access control applied to it
Current log# 814 seq# 1251 mem# 0
Starting background process VKTM
Archived Log entry 665 added for thread 1 sequence 7655
Beginning log switch checkpoint up to RBA
PRKC-01168: Failed to get sub-keys of registry key {0}
Errors in file /u01/app/oracle/diag/rdbms/ttprod/ttprod1/trace/ttprod1_ora_34014.trc
Current log# 125 seq# 8256 mem# 0
Starting background process VKTM
Thread 1 advanced to log sequence 401
Thread 1 advanced to log sequence 917
Thread 1 advanced to log sequence 284
NCR-02005: NCRF: Invalid session mode
Undo initialization finished
Beginning log switch checkpoint up to RBA
NZE-29020: The handshake record length is too long.
Errors in file /u01/app/oracle/diag/rdbms/ttprod/ttprod1/trace/ttprod1_ora_98848.trc
Beginning log switch checkpoint up to RBA
Beginning log switch checkpoint up to RBA
Beginning log switch checkpoint up to RBA
Beginning log switch checkpoint up to RBA
Current log# 514 seq# 4550 mem# 0
RMAN-05578: CONTROLFILE backup not found for database session_1123 in TNS_ADMIN
Errors in file /u01/app/oracle/diag/rdbms/ttprod/ttprod1/trace/ttprod1_ora_69537.trc
Thread 1 advanced to log sequence 519
Starting background process VKTM
Beginning log switch checkpoint up to RBA
CRS-01115: Oracle Clusterware has already been upgraded.
Archived Log entry 688 added for thread 1 sequence 7587
Current log# 653 seq# 9518 mem# 0
ORA-28152: proxy user ' NETWORK_OPS.SIM_INVENTORY ' may not specify initial role ' 42 ' on behalf of client ' /u01/app/oracle/oradata/ttprod/users01.dbf '
Errors in file /u01/app/oracle/diag/rdbms/ttprod/ttprod1/trace/ttprod1_ora_85803.trc
Undo initialization finished
Beginning log switch checkpoint up to RBA
Undo initialization finished
Undo initialization finished
Thread 1 advanced to log sequence 753
XOQ-01988: name conflict between _SYSSMU12$ " /u01/app/oracle/oradata/ttprod/users01.dbf " and CDR_STAGING " UNDOTBS1 "
Thread 1 advanced to log sequence 246
INS-35075: The specified SID is already in use.
Archived Log entry 791 added for thread 1 sequence 3902
Archived Log entry 610 added for thread 1 sequence 5247
Archived Log entry 66 added for thread 1 sequence 1554
ORA-28408: encryption using passphrase failed
Beginning log switch checkpoint up to RBA
Current log# 262 seq# 9699 mem# 0
RMAN-08056: skipping datafile SP2-0552 because it has not changed
Errors in file /u01/app/oracle/diag/rdbms/ttprod/ttprod1/trace/ttprod1_ora_75502.trc
Starting background process VKTM
Current log# 716 seq# 6463 mem# 0
Starting background process VKTM
TNS-00316: Ran out of data buffers in the pump
Thread 1 advanced to log sequence 141
ARC0: Archival started
Starting background process VKTM
Starting background process VKTM
ORA-13346: the coordinates defining an arc are collinear
Completed checkpoint up to RBA
ORA-39911: Index 17 . TNS_ADMIN in tablespace 1024 points to partition _SYSSMU7$ of table ttstandby01 . UNDOTBS1 in tablespace /u01/app/oracle/oradata/ttprod/users01.dbf outside of transportable set.
Undo initialization finished
ARC0: Archival started
ORA-06781: TLI Driver: error reading negotation pk_orders
ARC0: Archival started
Beginning log switch checkpoint up to RBA
Starting background process VKTM
Thread 1 advanced to log sequence 828
Current log# 638 seq# 8677 mem# 0
ORA-00308: cannot open archived log ' pg_toast_12345 '
Beginning log switch checkpoint up to RBA
Completed checkpoint up to RBA
ORA-37417: variable does not have an AGGCOUNT
Thread 1 advanced to log sequence 241
ORA-24754: cannot start new transaction with an active transaction
ARC0: Archival started
EXP-00093: Could not convert to server character set's handle
Undo initialization finished
ORA-00446: background process started when not expected
Completed checkpoint up to RBA
Undo initialization finished
CRS-01317: Oracle High Availability Service unable to get node name. Details at idx_users_email in _SYSSMU7$ .
Beginning log switch checkpoint up to RBA
Archived Log entry 715 added for thread 1 sequence 7310
ORA-16241: Waiting for gap log file (thread# DATA_TS01 , sequence# UNDOTBS1 )
Completed checkpoint up to RBA
Completed checkpoint up to RBA
NID-00303: Datafile INVOICE_LINES_IDX - wrote new name
Errors in file /u01/app/oracle/diag/rdbms/ttprod/ttprod1/trace/ttprod1_ora_39147.trc
Current log# 857 seq# 4420 mem# 0
Undo initialization finished
ORA-24060: cannot convert QUEUE_TABLE, SYSAUX already is compatible with release PK_CUSTOMER_ACCOUNTS
Errors in file /u01/app/oracle/diag/rdbms/ttprod/ttprod1/trace/ttprod1_ora_10931.trc
Current log# 487 seq# 3158 mem# 0
Completed checkpoint up to RBA
Current log# 534 seq# 7640 mem# 0
Thread 1 advanced to log sequence 309
Starting background process VKTM
ORA-31230: DBMS_LDAP: unable to dynamically allocate additional memory
Errors in file /u01/app/oracle/diag/rdbms/ttprod/ttprod1/trace/ttprod1_ora_19952.trc
ARC0: Archival started
ARC0: Archival started
Starting background process VKTM
Beginning log switch checkpoint up to RBA
RMAN-08146: channel INVOICE_LINES_IDX : specifying archived log(s) for validation
Errors in file /u01/app/oracle/diag/rdbms/ttprod/ttprod1/trace/ttprod1_ora_15619.trc
Archived Log entry 562 added for thread 1 sequence 2499
Thread 1 advanced to log sequence 519
Undo initialization finished
ARC0: Archival started
ARC0: Archival started
RMAN-06203: Changed KEEP options for DATA_TS01 objects
Errors in file /u01/app/oracle/diag/rdbms/ttprod/ttprod1/trace/ttprod1_ora_36700.trc
Archived Log entry 507 added for thread 1 sequence 6078
ORA-00204: error in reading (block ttstandby01 , # blocks 5000 ) of control file
ARC0: Archival started
ORA-25306: Cannot connect to buffered queue's owner instance
Archived Log entry 576 added for thread 1 sequence 9534
ORA-39913: BILLING.CUST_ORDERS DATA_TS01 . large pool in tablespace INVOICE_LINES_IDX not allowed in transportable set.
ARC0: Archival started
Archived Log entry 149 added for thread 1 sequence 1573
Completed checkpoint up to RBA
RMAN-08108: channel SYSAUX : specifying block(s) to restore from backup set
Undo initialization finished
ARC0: Archival started
PRVF-00047: Unable to execute the Secure Shell "{0}" requested by the client
Undo initialization finished
Beginning log switch checkpoint up to RBA
Current log# 905 seq# 5852 mem# 0
Beginning log switch checkpoint up to RBA
Archived Log entry 856 added for thread 1 sequence 3628
DRG-10861: COMPLETION score must be used with WITHIN operator
Completed checkpoint up to RBA
RMAN-08516: control file copy file name= 1024 RECID= NETWORK_OPS.SIM_INVENTORY STAMP= PK_CUSTOMER_ACCOUNTS
Starting background process VKTM
Current log# 12 seq# 1727 mem# 0
Completed checkpoint up to RBA
Beginning log switch checkpoint up to RBA
ORA-31157: Invalid Content-Type charset
Completed checkpoint up to RBA
ARC0: Archival started
Thread 1 advanced to log sequence 640
Completed checkpoint up to RBA
ORA-44313: instance name invalid
ARC0: Archival started
Completed checkpoint up to RBA
Thread 1 advanced to log sequence 371
Starting background process VKTM
ARC0: Archival started
ORA-26853: invalid cca maximum percentage shared pool
Undo initialization finished
LFI-00007: NLSRTL's call failed. 42 .
Beginning log switch checkpoint up to RBA
Current log# 599 seq# 6489 mem# 0
Starting background process VKTM
Starting background process VKTM
Current log# 832 seq# 4417 mem# 0
PLS-00515: The type of the REF INTO variable ' APP_USER42 ' must be REF to the table's type
Beginning log switch checkpoint up to RBA
Archived Log entry 761 added for thread 1 sequence 6642
Completed checkpoint up to RBA
EXP-00099: Table " reporting_schema "." SYSAUX " is not in a valid state, table will not be exported
Errors in file /u01/app/oracle/diag/rdbms/ttprod/ttprod1/trace/ttprod1_ora_89287.trc
Archived Log entry 638 added for thread 1 sequence 3497
Starting background process VKTM
Beginning log switch checkpoint up to RBA
ORA-56974: Invalid set of import options
Current log# 132 seq# 4866 mem# 0
Beginning log switch checkpoint up to RBA
Completed checkpoint up to RBA
Undo initialization finished
Thread 1 advanced to log sequence 395
RMAN-06717: Could not delete auxiliary instance file 5000
Undo initialization finished
Beginning log switch checkpoint up to RBA
ORA-08112: a composite partition may not be coalesced as a whole
ARC0: Archival started
Beginning log switch checkpoint up to RBA
Archived Log entry 647 added for thread 1 sequence 8714
Beginning log switch checkpoint up to RBA
Thread 1 advanced to log sequence 477
ORA-13841: SQL profile named SP2-0552 already exists for a different signature/category pair
Errors in file /u01/app/oracle/diag/rdbms/ttprod/ttprod1/trace/ttprod1_ora_70685.trc
Current log# 693 seq# 9060 mem# 0
RMAN-08090: channel UNDOTBS1 : starting proxy restore
Undo initialization finished
RMAN-06604: new RMAN configuration parameters are successfully stored
Archived Log entry 889 added for thread 1 sequence 3103
ARC0: Archival started
Starting background process VKTM
Starting background process VKTM
Starting background process VKTM
ORA-26859: Server " fk_order_customer " is not an XStream outbound server
Errors in file /u01/app/oracle/diag/rdbms/ttprod/ttprod1/trace/ttprod1_ora_69903.trc
Completed checkpoint up to RBA
Beginning log switch checkpoint up to RBA
Beginning log switch checkpoint up to RBA
ORA-54641: PARTITION_TABLE utility: scratch tables exist with oidstr = 42
ARC0: Archival started
Current log# 388 seq# 4014 mem# 0
Beginning log switch checkpoint up to RBA
Starting background process VKTM
Thread 1 advanced to log sequence 552
ORA-13982: Could not find file at URL provided
Errors in file /u01/app/oracle/diag/rdbms/ttprod/ttprod1/trace/ttprod1_ora_10520.trc
Archived Log entry 947 added for thread 1 sequence 1938
Undo initialization finished
Archived Log entry 210 added for thread 1 sequence 6309
Undo initialization finished
ORA-27464: invalid schedule type reporting_schema
Archived Log entry 818 added for thread 1 sequence 4674
Archived Log entry 64 added for thread 1 sequence 3370
Archived Log entry 996 added for thread 1 sequence 8936
Completed checkpoint up to RBA
Archived Log entry 478 added for thread 1 sequence 2445
RMAN-08063: Recovery catalog is down or not connected to catalog, trying to reconnect.
Beginning log switch checkpoint up to RBA
Thread 1 advanced to log sequence 444
ORA-27371: jobs of type EXECUTABLE are not supported on this platform
Archived Log entry 983 added for thread 1 sequence 1726
Beginning log switch checkpoint up to RBA
Starting background process VKTM
ARC0: Archival started
ORA-43862: CONTENTTYPE buffer length incorrect
Undo initialization finished
Thread 1 advanced to log sequence 620
Undo initialization finished
DIA-48344: Invalid Name [ PK_CUSTOMER_ACCOUNTS ] specified
Errors in file /u01/app/oracle/diag/rdbms/ttprod/ttprod1/trace/ttprod1_ora_82943.trc
ARC0: Archival started
TNS-00103: Parameter file load error
Completed checkpoint up to RBA
Starting background process VKTM
Starting background process VKTM
Starting background process VKTM
Current log# 341 seq# 4436 mem# 0
RMAN-08629: waiting for resources on Oracle Availability Machine for NETWORK_OPS.SIM_INVENTORY channels
Errors in file /u01/app/oracle/diag/rdbms/ttprod/ttprod1/trace/ttprod1_ora_24510.trc
ARC0: Archival started
OCI-19211: column ' UNDOTBS1 ', specified as key using DBMS_XMLSTORE.setKeyColumn() , must be of scalar type
Starting background process VKTM
Thread 1 advanced to log sequence 423
ORA-29950: warning in the execution of ODCIINDEXMERGEPARTITION routine
Errors in file /u01/app/oracle/diag/rdbms/ttprod/ttprod1/trace/ttprod1_ora_27241.trc
Undo initialization finished
Undo initialization finished
Starting background process VKTM
Archived Log entry 171 added for thread 1 sequence 5689
RMAN-08006: database registered in recovery catalog
ARC0: Archival started
Undo initialization finished
ARC0: Archival started
Archived Log entry 631 added for thread 1 sequence 8174
Beginning log switch checkpoint up to RBA
ORA-22904: invalid reference to a nested table column
Archived Log entry 779 added for thread 1 sequence 7726
Beginning log switch checkpoint up to RBA
ORA-12057: materialized view " NETWORK_OPS.SIM_INVENTORY "." fk_order_customer " is INVALID and must complete refresh
Starting background process VKTM
ORA-33427: (EIFMAKEF16) CAUTION: NTEXT object workspace object will be exported with type TEXT.
Archived Log entry 568 added for thread 1 sequence 6422
Current log# 923 seq# 2478 mem# 0
Completed checkpoint up to RBA
RMAN-08144: channel 42 : validation complete, elapsed time: APP_USER42
Beginning log switch checkpoint up to RBA
Thread 1 advanced to log sequence 338
Completed checkpoint up to RBA
Undo initialization finished
RMAN-08017: channel DATA_TS01 : starting archived log restore to default destination
Errors in file /u01/app/oracle/diag/rdbms/ttprod/ttprod1/trace/ttprod1_ora_25190.trc
Completed checkpoint up to RBA
Undo initialization finished
Thread 1 advanced to log sequence 773
Thread 1 advanced to log sequence 548
ORA-01338: Other process is attached to LogMiner session
Starting background process VKTM
Thread 1 advanced to log sequence 593
Undo initialization finished
Archived Log entry 343 added for thread 1 sequence 5642
PRVF-04025: Inventory configuration file "{0}" does not exist
Archived Log entry 307 added for thread 1 sequence 4190
Beginning log switch checkpoint up to RBA
ARC0: Archival started
Starting background process VKTM
Beginning log switch checkpoint up to RBA
DRG-11139: trace /u01/app/oracle/oradata/ttprod/users01.dbf is not enabled
Current log# 332 seq# 2585 mem# 0
Current log# 869 seq# 5463 mem# 0
RMAN-10006: error running SQL statement: INVOICE_LINES_IDX
ARC0: Archival started
ARC0: Archival started
Completed checkpoint up to RBA
Starting background process VKTM
Thread 1 advanced to log sequence 275
RMAN-08141: channel large pool : specifying datafile(s) for validation
Starting background process VKTM
Thread 1 advanced to log sequence 219
Current log# 638 seq# 9402 mem# 0
Starting background process VKTM
NNL-00909: META VIOLATION responses sent: number
Thread 1 advanced to log sequence 474
Archived Log entry 899 added for thread 1 sequence 5799
Undo initialization finished
Thread 1 advanced to log sequence 977
Current log# 691 seq# 3789 mem# 0
ORA-14655: reference partitioning constraint not found
Archived Log entry 980 added for thread 1 sequence 3885
Current log# 221 seq# 2320 mem# 0
ORA-06257: NETNTT: cannot send command line to shadow process
ARC0: Archival started
ORA-13027: unable to read dimension definition from 17
Errors in file /u01/app/oracle/diag/rdbms/ttprod/ttprod1/trace/ttprod1_ora_52870.trc
Thread 1 advanced to log sequence 840
ARC0: Archival started
Starting background process VKTM
OCI-22130: buffer size [ session_1123 ] is less than the required size [ DATA_TS01 ]
Errors in file /u01/app/oracle/diag/rdbms/ttprod/ttprod1/trace/ttprod1_ora_59890.trc
Undo initialization finished
ARC0: Archival started
Archived Log entry 740 added for thread 1 sequence 6222
Thread 1 advanced to log sequence 907
PGA-21216: last stored log name x' pg_toast_12345 '
Current log# 716 seq# 9970 mem# 0
NID-00405: Reversion of database name and database ID failed.
Completed checkpoint up to RBA
Thread 1 advanced to log sequence 328
Completed checkpoint up to RBA
Undo initialization finished
Thread 1 advanced to log sequence 554
ORA-24069: cannot downgrade queue table 17 while it is being upgraded
Current log# 960 seq# 9810 mem# 0
Archived Log entry 673 added for thread 1 sequence 6954
Completed checkpoint up to RBA
Completed checkpoint up to RBA
Starting background process VKTM
PRVF-05054: Verification of SCAN VIP and Listener setup failed
Undo initialization finished
Completed checkpoint up to RBA
Completed checkpoint up to RBA
Undo initialization finished
ORA-39901: Partitioned table reporting_schema . TNS_ADMIN is partially contained in the transportable set.
Archived Log entry 123 added for thread 1 sequence 9533
ARC0: Archival started
Starting background process VKTM
Archived Log entry 804 added for thread 1 sequence 6059
Undo initialization finished
ORA-39144: file name parameter must be specified and non-null
Thread 1 advanced to log sequence 186
Starting background process VKTM
Thread 1 advanced to log sequence 582
Thread 1 advanced to log sequence 538
Undo initialization finished
ORA-06753: TLI Driver: name-to-address mapping failed
Thread 1 advanced to log sequence 681
Archived Log entry 576 added for thread 1 sequence 7111
Beginning log switch checkpoint up to RBA
Beginning log switch checkpoint up to RBA
Archived Log entry 760 added for thread 1 sequence 2475
ORA-34181: (MXCHGDCL21) workspace object is not a partitioned VARIABLE.
Current log# 396 seq# 4892 mem# 0
ARC0: Archival started
PLS-01910: associative array shape is not consistent with session parameters
Starting background process VKTM
Beginning log switch checkpoint up to RBA
Archived Log entry 83 added for thread 1 sequence 4325
ARC0: Archival started
Undo initialization finished
ORA-26798: LOB logical change record (LCR) missing LOB column in table " UNDOTBS1 "." UNDOTBS1 "
Starting background process VKTM
Archived Log entry 653 added for thread 1 sequence 3499
Archived Log entry 950 added for thread 1 sequence 2208
ORA-64201: unregistered LOB value encountered
ARC0: Archival started
Archived Log entry 387 added for thread 1 sequence 3327
Undo initialization finished
ORA-08235: smsget: listener not on this node
Thread 1 advanced to log sequence 840
ORA-09825: Unable to disable allowmacaccess privilege.
Starting background process VKTM
Starting background process VKTM
Thread 1 advanced to log sequence 874
Completed checkpoint up to RBA
CRS-01225: Invalid identity exception encountered, exception text is ' 17 '. Details at CRM.CALL_DETAIL_RECORDS in ttstandby01 .
Errors in file /u01/app/oracle/diag/rdbms/ttprod/ttprod1/trace/ttprod1_ora_64693.trc
Completed checkpoint up to RBA
Current log# 199 seq# 2921 mem# 0
ARC0: Archival started
RMAN-06199: database mounted
ARC0: Archival started
Completed checkpoint up to RBA
NID-00410: Reversion of database changes failed during validation - database is intact.
Undo initialization finished
Completed checkpoint up to RBA
Beginning log switch checkpoint up to RBA
Beginning log switch checkpoint up to RBA
Beginning log switch checkpoint up to RBA
LFI-01511: unlink() failed(OSD errno = /u01/app/oracle/oradata/ttprod/users01.dbf ) in _SYSSMU7$ .
ARC0: Archival started
Starting background process VKTM
ORA-29523: authorization error for unknown referenced name
Completed checkpoint up to RBA
Starting background process VKTM
ARC0: Archival started
Undo initialization finished
ORA-15046: ASM file name ' INVOICE_LINES_IDX ' is not in single-file creation form
ARC0: Archival started
Archived Log entry 826 added for thread 1 sequence 6873
ORA-09275: CONNECT INTERNAL is not a valid DBA connection
Archived Log entry 974 added for thread 1 sequence 8588
RMAN-06176: no recovery required; all files are read only or offline
Archived Log entry 672 added for thread 1 sequence 5596
ORA-24306: bad buffer for piece
Thread 1 advanced to log sequence 542
Completed checkpoint up to RBA
Archived Log entry 910 added for thread 1 sequence 3620
ARC0: Archival started
QSM-01342: query rewrite not possible because query has full outer join
Errors in file /u01/app/oracle/diag/rdbms/ttprod/ttprod1/trace/ttprod1_ora_49461.trc
Starting background process VKTM
ARC0: Archival started
Current log# 39 seq# 7231 mem# 0
Beginning log switch checkpoint up to RBA
Starting background process VKTM
ORA-29865: indextype is invalid
ARC0: Archival started
ARC0: Archival started
Archived Log entry 365 added for thread 1 sequence 6915
PRCD-01201: Downgrade from current version {0} to version {1} is not supported for database {2}
Errors in file /u01/app/oracle/diag/rdbms/ttprod/ttprod1/trace/ttprod1_ora_15043.trc
Thread 1 advanced to log sequence 316
Thread 1 advanced to log sequence 510
Beginning log switch checkpoint up to RBA
Thread 1 advanced to log sequence 876
Thread 1 advanced to log sequence 565
NNL-00920: Time until next config save: 5000
Thread 1 advanced to log sequence 174
Thread 1 advanced to log sequence 494
Completed checkpoint up to RBA
ORA-37175: column pg_toast_12345 is not a column of source data
Errors in file /u01/app/oracle/diag/rdbms/ttprod/ttprod1/trace/ttprod1_ora_14008.trc
Completed checkpoint up to RBA
QSM-02154: MV is not fast refreshable even with view merging
Completed checkpoint up to RBA
ARC0: Archival started
Undo initialization finished
Starting background process VKTM
NNL-00505: log_stats [<server_list>] : write Names server statistics to the log file
Beginning log switch checkpoint up to RBA
ORA-15511: cannot process workload capture because no user sessions were recorded
Errors in file /u01/app/oracle/diag/rdbms/ttprod/ttprod1/trace/ttprod1_ora_36546.trc
Undo initialization finished
Undo initialization finished
ORA-53980: unimplemented feature: DATA_TS01
Starting background process VKTM
Completed checkpoint up to RBA
Undo initialization finished
ORA-01156: recovery or flashback in progress may need access to files
Errors in file /u01/app/oracle/diag/rdbms/ttprod/ttprod1/trace/ttprod1_ora_96232.trc
Completed checkpoint up to RBA
Completed checkpoint up to RBA
ORA-02356: The database is out of space. The load cannot continue
Archived Log entry 270 added for thread 1 sequence 5969
Undo initialization finished
Undo initialization finished
Starting background process VKTM
Undo initialization finished
ORA-33291: (DBERRSYNC) Analytic workspace UNDOTBS1 cannto be attached RW until a RESYNC command has brought it up to the current generation.
Undo initialization finished
ARC0: Archival started
ARC0: Archival started
RMAN-06402: Oracle instance shut down
Beginning log switch checkpoint up to RBA
Completed checkpoint up to RBA
Beginning log switch checkpoint up to RBA
Undo initialization finished
Completed checkpoint up to RBA
ORA-23660: Unable to load NLS data object when converting column ' fk_order_customer ' in ' app_db . pg_toast_12345 '
Undo initialization finished
CRS-01219: Cluster Synchronization Service not available. Details at UNDOTBS1 in ttstandby01 .
Completed checkpoint up to RBA
Current log# 614 seq# 3541 mem# 0
Starting background process VKTM
NNO-00331: error saving new value 3 of ttprod2 to the save config table.
Archived Log entry 529 added for thread 1 sequence 8496
Current log# 782 seq# 6135 mem# 0
Archived Log entry 256 added for thread 1 sequence 5621
Archived Log entry 726 added for thread 1 sequence 2528
ORA-39934: Materialized view log ttprod2 . 1024 in tablespace NETWORK_OPS.SIM_INVENTORY and master table _SYSSMU12$ . idx_users_email in tablespace PK_CUSTOMER_ACCOUNTS are not fully contained in the transportable set.
Thread 1 advanced to log sequence 438
Completed checkpoint up to RBA
Thread 1 advanced to log sequence 832
PCC-02100: Unable to initialize PL/SQL
Current log# 436 seq# 6455 mem# 0
RMAN-06100: no channel to restore a backup or copy of datafile number
Errors in file /u01/app/oracle/diag/rdbms/ttprod/ttprod1/trace/ttprod1_ora_53294.trc
Thread 1 advanced to log sequence 353
QSM-01246: join back on correlated columns not allowed ( fk_order_customer )
Errors in file /u01/app/oracle/diag/rdbms/ttprod/ttprod1/trace/ttprod1_ora_35554.trc
Current log# 529 seq# 2128 mem# 0
Completed checkpoint up to RBA
ARC0: Archival started
Starting background process VKTM
ORA-42294: role name conflicts with another user, role or schema synonym name
ARC0: Archival started
ARC0: Archival started
ARC0: Archival started
ORA-01326: compatability of 9.0 or greater required to build into the logstream
Beginning log switch checkpoint up to RBA
Starting background process VKTM
NID-00315: Operation already in progress, continuing
Errors in file /u01/app/oracle/diag/rdbms/ttprod/ttprod1/trace/ttprod1_ora_36965.trc
Undo initialization finished
Beginning log switch checkpoint up to RBA
Beginning log switch checkpoint up to RBA
ORA-24204: existing TNS_ADMIN propagation schedules
Starting background process VKTM
Archived Log entry 457 added for thread 1 sequence 8350
ORA-00980: synonym translation is no longer valid
Starting background process VKTM
Archived Log entry 834 added for thread 1 sequence 2802
Beginning log switch checkpoint up to RBA
Completed checkpoint up to RBA
ORA-19557: device error, device type: pg_toast_12345 , device name: 1024
Errors in file /u01/app/oracle/diag/rdbms/ttprod/ttprod1/trace/ttprod1_ora_65082.trc
Undo initialization finished
Current log# 148 seq# 9472 mem# 0
Current log# 123 seq# 5870 mem# 0
ORA-19121: duplicate attribute definition - /u01/app/oracle/oradata/ttprod/users01.dbf
Current log# 139 seq# 5242 mem# 0
Beginning log switch checkpoint up to RBA
Starting background process VKTM
Beginning log switch checkpoint up to RBA
ORA-23501: refresh template cannot be instantiated for database with compatibilty equal to or less than 8.0
Errors in file /u01/app/oracle/diag/rdbms/ttprod/ttprod1/trace/ttprod1_ora_44502.trc
Current log# 851 seq# 7310 mem# 0
Beginning log switch checkpoint up to RBA
ORA-46074: session ID mismatch
Thread 1 advanced to log sequence 888
PRCD-01106: Failed remove service {0}: could not get data for its underlying server pool
Current log# 699 seq# 5488 mem# 0
Thread 1 advanced to log sequence 758
ORA-27216: skgfgsmcs: sbtinfo2 returned a malformed response
Starting background process VKTM
Undo initialization finished
Beginning log switch checkpoint up to RBA
Undo initialization finished
RMAN-04008: WARNING from target database: app_db
ARC0: Archival started
ORA-46017: The OBJECT_ID is not valid.
ARC0: Archival started
Thread 1 advanced to log sequence 198
Undo initialization finished
INS-30606: Partially cleaned ASM home is found.
Undo initialization finished
Current log# 461 seq# 9498 mem# 0
PRVF-04041: CSS is probably working with a non-clustered, local-only configuration on all the nodes
Thread 1 advanced to log sequence 966
Thread 1 advanced to log sequence 843
Beginning log switch checkpoint up to RBA
Completed checkpoint up to RBA
Undo initialization finished
ORA-12483: label not in OS system accreditation range
Starting background process VKTM
Beginning log switch checkpoint up to RBA
Archived Log entry 429 added for thread 1 sequence 5742
Archived Log entry 402 added for thread 1 sequence 2019
Current log# 880 seq# 9966 mem# 0
UDI-00003: all allowable logon attempts failed
ARC0: Archival started
ARC0: Archival started
Archived Log entry 716 added for thread 1 sequence 8873
ARC0: Archival started
ARC0: Archival started
RMAN-08301: Edit init.ora file 42 . This PFILE will be used to create the database on the target platform
Completed checkpoint up to RBA
RMAN-06215: List of objects that must perform same operation at other database
Completed checkpoint up to RBA
Thread 1 advanced to log sequence 796
Beginning log switch checkpoint up to RBA
ORA-38785: Media recovery must be enabled for guaranteed restore point.
Errors in file /u01/app/oracle/diag/rdbms/ttprod/ttprod1/trace/ttprod1_ora_10203.trc
ARC0: Archival started
Thread 1 advanced to log sequence 926
Archived Log entry 387 added for thread 1 sequence 7182
ORA-13330: invalid MASK
Completed checkpoint up to RBA
ORA-09929: GLB of two labels is invalid
Undo initialization finished
Undo initialization finished
Beginning log switch checkpoint up to RBA
ORA-31002: Path name _SYSSMU7$ is not a container
ARC0: Archival started
Starting background process VKTM
Archived Log entry 299 added for thread 1 sequence 1154
Completed checkpoint up to RBA
ORA-13614: The template _SYSSMU7$ is not compatible with the current advisor.
Thread 1 advanced to log sequence 583
Current log# 744 seq# 5354 mem# 0
ORA-12315: database link type is invalid for the ALTER DATABASE statement
ARC0: Archival started
Completed checkpoint up to RBA
TNS-12675: External user name not available yet
Beginning log switch checkpoint up to RBA
ARC0: Archival started
PRKU-01036: The deinstall tool failed to create the script file "{0}" that needs to be run in silent mode due to error "{1}"
Starting background process VKTM
Thread 1 advanced to log sequence 37
PGU-42026: COPY copies a COPY REPLACING or vice versa
Archived Log entry 991 added for thread 1 sequence 8804
Undo initialization finished
Current log# 32 seq# 4104 mem# 0
Completed checkpoint up to RBA
Archived Log entry 544 added for thread 1 sequence 5794
ORA-19039: Keyword pg_toast_12345 reserved for future use
Starting background process VKTM
Completed checkpoint up to RBA
Current log# 31 seq# 5661 mem# 0
Completed checkpoint up to RBA
ORA-37143: (XSSQLMDQ03) ttstandby01 is not a valid analytic workspace name.
Archived Log entry 624 added for thread 1 sequence 3215
Archived Log entry 79 added for thread 1 sequence 7025
RMAN-12015: configuration for PK_CUSTOMER_ACCOUNTS channel number is ignored
Undo initialization finished
RMAN-05524: Tablespace SYSAUX is offline
Completed checkpoint up to RBA
Starting background process VKTM
Completed checkpoint up to RBA
Starting background process VKTM
Undo initialization finished
NNO-00329: server will save the config file in number seconds
Current log# 540 seq# 9791 mem# 0
Starting background process VKTM
Beginning log switch checkpoint up to RBA
Undo initialization finished
Completed checkpoint up to RBA
CRS-00407: Another CRSD may be running, could not obtain lock file ' 5000 '.
Archived Log entry 137 added for thread 1 sequence 8730
Undo initialization finished
ARC0: Archival started
Current log# 926 seq# 1496 mem# 0
ORA-19973: flashback database is not enabled
Errors in file /u01/app/oracle/diag/rdbms/ttprod/ttprod1/trace/ttprod1_ora_44683.trc
ARC0: Archival started
ARC0: Archival started
Thread 1 advanced to log sequence 738
Thread 1 advanced to log sequence 516
ORA-13756: Cannot update attribute " 42 ".
Completed checkpoint up to RBA
Archived Log entry 916 added for thread 1 sequence 8038
ARC0: Archival started
Completed checkpoint up to RBA
ORA-28509: unable to establish a connection to non-Oracle system
Starting background process VKTM
Thread 1 advanced to log sequence 505
Completed checkpoint up to RBA
Starting background process VKTM
Undo initialization finished
ORA-28141: error in creating audit index file
Starting background process VKTM
Beginning log switch checkpoint up to RBA
Undo initialization finished
ORA-25344: statement has bind variables
Completed checkpoint up to RBA
Completed checkpoint up to RBA
ORA-01365: waiting for new branch registration
Errors in file /u01/app/oracle/diag/rdbms/ttprod/ttprod1/trace/ttprod1_ora_31668.trc
Current log# 699 seq# 1784 mem# 0
Undo initialization finished
Starting background process VKTM
Starting background process VKTM
ORA-12702: invalid NLS parameter 5000 used in SQL function
Errors in file /u01/app/oracle/diag/rdbms/ttprod/ttprod1/trace/ttprod1_ora_64220.trc
ARC0: Archival started
Current log# 490 seq# 2234 mem# 0
ARC0: Archival started
Starting background process VKTM
Beginning log switch checkpoint up to RBA
CLSS-02200: Received node deletion request for active node INVOICE_LINES_IDX .
Undo initialization finished
Undo initialization finished
Completed checkpoint up to RBA
CRS-01632: Node USERS is being removed from the cluster in cluster incarnation number
Completed checkpoint up to RBA
CRS-04608: Failure number with Cluster Synchronization Services while deleting voting disk.
Errors in file /u01/app/oracle/diag/rdbms/ttprod/ttprod1/trace/ttprod1_ora_53129.trc
ARC0: Archival started
Completed checkpoint up to RBA
Starting background process VKTM
Archived Log entry 73 added for thread 1 sequence 6481
ARC0: Archival started
CRS-02761: Consistency problem in registry while processing resource ' pg_toast_12345 '. Details at 17 in 42 .
ARC0: Archival started
Completed checkpoint up to RBA
Undo initialization finished
NID-00505: REVERT Revert failed change NO
Completed checkpoint up to RBA
ORA-27548: Unable to unprepare IPC buffer
Thread 1 advanced to log sequence 270
Thread 1 advanced to log sequence 138
ORA-19371: invalid update option
Current log# 56 seq# 8013 mem# 0
Beginning log switch checkpoint up to RBA
Starting background process VKTM
ORA-12737: Instant Client Light: unsupported server character set DATA_TS01
Thread 1 advanced to log sequence 969
Starting background process VKTM
Archived Log entry 320 added for thread 1 sequence 1908
ORA-15100: invalid or missing diskgroup name
ARC0: Archival started
Completed checkpoint up to RBA
Starting background process VKTM
Beginning log switch checkpoint up to RBA
DRG-52104: the Oracle Text environment could not initialize
Undo initialization finished
Completed checkpoint up to RBA
ORA-16552: error occurred while generating directives for client
Current log# 652 seq# 8649 mem# 0
Thread 1 advanced to log sequence 647
Beginning log switch checkpoint up to RBA
Beginning log switch checkpoint up to RBA
Beginning log switch checkpoint up to RBA
ORA-14132: table cannot be used in EXCHANGE
Errors in file /u01/app/oracle/diag/rdbms/ttprod/ttprod1/trace/ttprod1_ora_73483.trc
Beginning log switch checkpoint up to RBA
Completed checkpoint up to RBA
KUP-04065: error processing LOBFILE for field large pool
Thread 1 advanced to log sequence 62
ARC0: Archival started
ORA-19756: corrupt block number SYSAUX found in change tracking file
Current log# 192 seq# 2866 mem# 0
ARC0: Archival started
ORA-36712: (XSMXALLOC02) Relation workspace object must be a one-dimensional self-relation to be used as a SOURCE or BASIS with ALLOCATE.
Completed checkpoint up to RBA
ARC0: Archival started
Current log# 147 seq# 5952 mem# 0
ARC0: Archival started
NZE-29241: a buffer block needs more space but its length is fixed
Thread 1 advanced to log sequence 731
ARC0: Archival started
Undo initialization finished
PRVF-09657: The CTSS command "{0}" failed to execute correctly or failed to produce valid output on all of the nodes
Starting background process VKTM
Current log# 38 seq# 6277 mem# 0
Thread 1 advanced to log sequence 234
Current log# 389 seq# 2750 mem# 0
NCR-03002: NCRO: Maximum number of contexts has been reached
Errors in file /u01/app/oracle/diag/rdbms/ttprod/ttprod1/trace/ttprod1_ora_16379.trc
Current log# 750 seq# 6239 mem# 0
CRS-09070: The new Cluster Health Monitor repository retention time is number seconds.
Current log# 755 seq# 9191 mem# 0
Archived Log entry 157 added for thread 1 sequence 2464
Current log# 641 seq# 7109 mem# 0
PRVF-05712: Warning: The DHCP server response time of {0} seconds is greater than VIP resource's SCRIPT_TIMEOUT attribute of {1} seconds
Beginning log switch checkpoint up to RBA
Completed checkpoint up to RBA
CRS-02738: Unable to modify server pool ' session_1123 ' as this will affect running resources, but the force option was not specified
Current log# 137 seq# 7765 mem# 0
Completed checkpoint up to RBA
ORA-16716: clearing parameter LOG_ARCHIVE_DEST failed
Current log# 932 seq# 5993 mem# 0
Beginning log switch checkpoint up to RBA
Completed checkpoint up to RBA
Undo initialization finished
Current log# 730 seq# 8784 mem# 0
ORA-32313: REFRESH FAST of " BILLING.CUST_ORDERS "." shared pool " unsupported after PMOPs
Archived Log entry 160 added for thread 1 sequence 5184
Thread 1 advanced to log sequence 54
Completed checkpoint up to RBA
PRVF-05716: Unable to obtain network interface details on local node
Archived Log entry 667 added for thread 1 sequence 7831
PRVF-06003: Unable to get network information from node: {0}
Errors in file /u01/app/oracle/diag/rdbms/ttprod/ttprod1/trace/ttprod1_ora_11328.trc
Starting background process VKTM
Archived Log entry 153 added for thread 1 sequence 1233
Undo initialization finished
ORA-06040: NETDNT: invalid login (connect) 17
ARC0: Archival started
Starting background process VKTM
Undo initialization finished
Starting background process VKTM
NNO-00710: server's cache will be dumped to the trace file in number seconds
ARC0: Archival started
TNS-00511: No listener
Errors in file /u01/app/oracle/diag/rdbms/ttprod/ttprod1/trace/ttprod1_ora_85117.trc
ARC0: Archival started
Current log# 84 seq# 1486 mem# 0
Undo initialization finished
ORA-04054: database link SYSAUX does not exist
Archived Log entry 821 added for thread 1 sequence 6654
ARC0: Archival started
Current log# 465 seq# 2409 mem# 0
ORA-29813: non-supported object type with associate statement
Archived Log entry 266 added for thread 1 sequence 9632
Undo initialization finished
NNO-00073: loading server config from region database
ARC0: Archival started
Thread 1 advanced to log sequence 67
Archived Log entry 899 added for thread 1 sequence 9457
Current log# 650 seq# 7522 mem# 0
ORA-26688: missing key in LCR
Starting background process VKTM
Undo initialization finished
Archived Log entry 284 added for thread 1 sequence 1879
ORA-48477: The input path does not contain any valid ADR homes
Completed checkpoint up to RBA
LPX-01107: [FORG0002] invalid argument to fn:resolve-uri()
Completed checkpoint up to RBA
Undo initialization finished
ARC0: Archival started
Completed checkpoint up to RBA
RMAN-08630: allocating the required resources on Oracle Availability Machine
Current log# 893 seq# 4145 mem# 0
Archived Log entry 972 added for thread 1 sequence 8034
ORA-13799: threshold not found
Starting background process VKTM
Beginning log switch checkpoint up to RBA
Completed checkpoint up to RBA
Undo initialization finished
Archived Log entry 139 added for thread 1 sequence 8627
TNS-01000: spawn [<listener_name>] <spawn_alias> [<(ARGUMENTS='arg0, arg1,...')>]
Undo initialization finished
Current log# 474 seq# 1762 mem# 0
Current log# 627 seq# 6181 mem# 0
ORA-23453: requested operation is not supported on top flavor
Undo initialization finished
Completed checkpoint up to RBA
RMAN-05047: Import completed
Completed checkpoint up to RBA
ARC0: Archival started
CLSU-00216: CLSUUS test msg 6: DATA_TS01 2: large pool 3: 42 4: BILLING.CUST_ORDERS 5: APP_USER42 6: CDR_STAGING
Undo initialization finished
Thread 1 advanced to log sequence 276
ARC0: Archival started
Starting background process VKTM
NZE-28751: memory allocation failure
Current log# 586 seq# 4819 mem# 0
Archived Log entry 520 added for thread 1 sequence 2103
INS-35462: Personal Edition not supported for this installation.
Archived Log entry 620 added for thread 1 sequence 1630
Starting background process VKTM
Current log# 407 seq# 9322 mem# 0
Current log# 927 seq# 8510 mem# 0
INS-13001: Environment does not meet minimum requirements.
ARC0: Archival started
Thread 1 advanced to log sequence 91
Beginning log switch checkpoint up to RBA
INS-40912: Virtual host name: TNS_ADMIN is assigned to another system on the network.
Thread 1 advanced to log sequence 445
ORA-25955: all tables must be joined in the where clause
ARC0: Archival started
Completed checkpoint up to RBA
ARC0: Archival started
Current log# 707 seq# 5399 mem# 0
Archived Log entry 866 added for thread 1 sequence 4316
DRG-50920: part of phrase not itself a phrase or equivalence
Errors in file /u01/app/oracle/diag/rdbms/ttprod/ttprod1/trace/ttprod1_ora_41763.trc
Starting background process VKTM
NID-00320: Operation cancelled at user request
Starting background process VKTM
Beginning log switch checkpoint up to RBA
ARC0: Archival started
ARC0: Archival started
Thread 1 advanced to log sequence 107
RMAN-08113: including current SPFILE in backup set
Thread 1 advanced to log sequence 193
Thread 1 advanced to log sequence 295
Starting background process VKTM
Beginning log switch checkpoint up to RBA
Beginning log switch checkpoint up to RBA
PRIF-00036: Failed to retrieve the OCR registry key [ SYSAUX ] for interface SYSAUX on node _SYSSMU12$
Beginning log switch checkpoint up to RBA
Archived Log entry 531 added for thread 1 sequence 5945
Undo initialization finished
Current log# 158 seq# 1754 mem# 0
Thread 1 advanced to log sequence 226
RMAN-06408: recovery catalog upgraded to version BILLING.CUST_ORDERS
Beginning log switch checkpoint up to RBA
Starting background process VKTM
Undo initialization finished
Current log# 315 seq# 6659 mem# 0
PCB-00225: Undeclared SQL identifier " USERS "
Thread 1 advanced to log sequence 5
Undo initialization finished
Beginning log switch checkpoint up to RBA
ORA-23412: master table's primary key columns have changed
Starting background process VKTM
Beginning log switch checkpoint up to RBA
Starting background process VKTM
DRG-51030: wildcard query expansion resulted in too many terms
Thread 1 advanced to log sequence 216
Current log# 662 seq# 1999 mem# 0
Starting background process VKTM
PGU-39501: DD rc %4li - warning
Beginning log switch checkpoint up to RBA
ARC0: Archival started
Thread 1 advanced to log sequence 123
ORA-41711: invalid attribute in the rule condition's having clause
Errors in file /u01/app/oracle/diag/rdbms/ttprod/ttprod1/trace/ttprod1_ora_47708.trc
Current log# 516 seq# 4896 mem# 0
INS-30018: Unable to get all the previously installed Oracle Home locations.
Errors in file /u01/app/oracle/diag/rdbms/ttprod/ttprod1/trace/ttprod1_ora_55839.trc
Current log# 492 seq# 8659 mem# 0
Current log# 828 seq# 5685 mem# 0
Archived Log entry 179 added for thread 1 sequence 2618
JMS-00161: MessageFormat Exception: {0}
Current log# 987 seq# 1009 mem# 0
Completed checkpoint up to RBA
ARC0: Archival started
Current log# 832 seq# 8499 mem# 0
QSM-01340: no inline view match found between query and materialized view(s)
Completed checkpoint up to RBA
Archived Log entry 683 added for thread 1 sequence 6778
Completed checkpoint up to RBA
Beginning log switch checkpoint up to RBA
Undo initialization finished
CRS-04211: Failed to allocate memory
Current log# 430 seq# 3919 mem# 0
Archived Log entry 581 added for thread 1 sequence 7328
Thread 1 advanced to log sequence 327
Starting background process VKTM
RMAN-06782: Datafile headers of locally managed datafiles need to be updated.
Beginning log switch checkpoint up to RBA
Starting background process VKTM
Current log# 433 seq# 3778 mem# 0
Beginning log switch checkpoint up to RBA
Archived Log entry 856 added for thread 1 sequence 4446
CRS-04405: The following nodes are unknown to Oracle High Availability Services: /u01/app/oracle/oradata/ttprod/users01.dbf
Beginning log switch checkpoint up to RBA
Starting background process VKTM
Starting background process VKTM
Thread 1 advanced to log sequence 693
Current log# 371 seq# 6167 mem# 0
ORA-54006: keyword VISIBLE cannot be specified here
Errors in file /u01/app/oracle/diag/rdbms/ttprod/ttprod1/trace/ttprod1_ora_51443.trc
Beginning log switch checkpoint up to RBA
Completed checkpoint up to RBA
PRCA-01047: Unable to find ACFS file system resource for volume device {0} because of inability to get the canonical form of the volume device
Thread 1 advanced to log sequence 240
Starting background process VKTM
Beginning log switch checkpoint up to RBA
LPX-00606: Missing attribute '~1s' in element '~2S'.
Starting background process VKTM
ARC0: Archival started
ARC0: Archival started
Beginning log switch checkpoint up to RBA
ORA-12077: temporary updatable materialized view log does not exist
Archived Log entry 202 added for thread 1 sequence 1901
Archived Log entry 701 added for thread 1 sequence 9910
Current log# 551 seq# 1391 mem# 0
Thread 1 advanced to log sequence 858
RMAN-06040: control file is already restored to file SYSAUX
Current log# 105 seq# 2044 mem# 0
ARC0: Archival started
Current log# 476 seq# 2741 mem# 0
Starting background process VKTM
Completed checkpoint up to RBA
ORA-34059: (MSEXECUT12) You cannot delete non session-only dimension values from unique concat dimension workspace object .
Undo initialization finished
JMS-00173: Queue Table {0} not found
Errors in file /u01/app/oracle/diag/rdbms/ttprod/ttprod1/trace/ttprod1_ora_85947.trc
ARC0: Archival started
Completed checkpoint up to RBA
ARC0: Archival started
ORA-16332: logical standby encountered non-fatal error ORA- session_1123 during DDL execution
Completed checkpoint up to RBA
Thread 1 advanced to log sequence 599
Thread 1 advanced to log sequence 74
Completed checkpoint up to RBA
CRS-05020: Not all endpoints are registered for listener APP_USER42
ARC0: Archival started
Current log# 750 seq# 1627 mem# 0
Archived Log entry 756 added for thread 1 sequence 4296
Undo initialization finished
ORA-56708: Could not find any datafiles with asynchronous i/o capability
ARC0: Archival started
Current log# 86 seq# 8874 mem# 0
ORA-37127: (XSCCOMP02) The COMPRESSED COMPOSITE workspace object must be last in the dimension list.
Errors in file /u01/app/oracle/diag/rdbms/ttprod/ttprod1/trace/ttprod1_ora_26653.trc
Thread 1 advanced to log sequence 700
Undo initialization finished
Current log# 270 seq# 6397 mem# 0
Undo initialization finished
DRG-10312: logfile name must be specified
Errors in file /u01/app/oracle/diag/rdbms/ttprod/ttprod1/trace/ttprod1_ora_68569.trc
Thread 1 advanced to log sequence 603
Current log# 956 seq# 7403 mem# 0
Archived Log entry 334 added for thread 1 sequence 3303
Undo initialization finished
Current log# 469 seq# 8357 mem# 0
PRCT-01010: crsctl execution failed on node {0}. Detailed error: {1}
Completed checkpoint up to RBA
Completed checkpoint up to RBA
Current log# 27 seq# 9483 mem# 0
Beginning log switch checkpoint up to RBA
CRS-09023: Error user_sessions : Time not given or in wrong format or invalid
ARC0: Archival started
Beginning log switch checkpoint up to RBA
Archived Log entry 438 added for thread 1 sequence 8859
Beginning log switch checkpoint up to RBA
ORA-06433: ssaio: LSEEK error, unable to seek to requested block.
Errors in file /u01/app/oracle/diag/rdbms/ttprod/ttprod1/trace/ttprod1_ora_51025.trc
Completed checkpoint up to RBA
ARC0: Archival started
Current log# 105 seq# 4822 mem# 0
ARC0: Archival started
ORA-02403: plan table does not have correct format
Errors in file /u01/app/oracle/diag/rdbms/ttprod/ttprod1/trace/ttprod1_ora_69647.trc
Current log# 311 seq# 9777 mem# 0
Starting background process VKTM
Current log# 971 seq# 7225 mem# 0
Undo initialization finished
ORA-15130: diskgroup " reporting_schema " is being dismounted
Errors in file /u01/app/oracle/diag/rdbms/ttprod/ttprod1/trace/ttprod1_ora_29118.trc
Archived Log entry 908 added for thread 1 sequence 2720
Thread 1 advanced to log sequence 367
Completed checkpoint up to RBA
OCI-31023: Index size error
Current log# 94 seq# 2015 mem# 0
Completed checkpoint up to RBA
RMAN-06760: skipping archived logs that are already backed up
Completed checkpoint up to RBA
Completed checkpoint up to RBA
Beginning log switch checkpoint up to RBA
Starting background process VKTM
ORA-06803: TLI Driver: the IPX device file could not be opened
Archived Log entry 373 added for thread 1 sequence 1804
Current log# 276 seq# 5480 mem# 0
KUP-05005: Warning: Intra source concurrency disabled because a field of type RECNUM exists.
Archived Log entry 469 added for thread 1 sequence 5833
ORA-13159: Oracle table ttstandby01 already exists
ARC0: Archival started
Thread 1 advanced to log sequence 827
Completed checkpoint up to RBA
Current log# 787 seq# 5113 mem# 0
ORA-24422: error occurred while trying to destroy the Session Pool
Errors in file /u01/app/oracle/diag/rdbms/ttprod/ttprod1/trace/ttprod1_ora_20499.trc
Beginning log switch checkpoint up to RBA
Undo initialization finished
ORA-26056: Requested direct path operation on a view is not supported.
Errors in file /u01/app/oracle/diag/rdbms/ttprod/ttprod1/trace/ttprod1_ora_94867.trc
ARC0: Archival started
Thread 1 advanced to log sequence 469
ORA-33084: (XSAGDNGL42) In AGGMAP workspace object , you cannot qualify the dimensioned valueset workspace object .
Current log# 129 seq# 9710 mem# 0
Starting background process VKTM
Completed checkpoint up to RBA
Current log# 835 seq# 3525 mem# 0
ARC0: Archival started
ORA-19671: media management software returned invalid proxy handle
Starting background process VKTM
Starting background process VKTM
ORA-16047: DGID mismatch between destination setting and target database
Archived Log entry 807 added for thread 1 sequence 1434
Thread 1 advanced to log sequence 200
Thread 1 advanced to log sequence 709
ORA-33309: (DBVALID05) SEVERE ERROR: Record number used but not allocated (PS number )
Current log# 929 seq# 7190 mem# 0
LPX-01149: [XUDY0021] The result XDM instance violates XDM constraints
Thread 1 advanced to log sequence 713
Starting background process VKTM
Starting background process VKTM
INS-40723: Invalid Single Client Access Name (SCAN) port number: NETWORK_OPS.SIM_INVENTORY .
Thread 1 advanced to log sequence 427
Current log# 273 seq# 5697 mem# 0
Completed checkpoint up to RBA
PGA-21114: cold starting for partner LU session_1123
Completed checkpoint up to RBA
Starting background process VKTM
Archived Log entry 876 added for thread 1 sequence 1449
ARC0: Archival started
NNO-00063: cannot construct domain checkpoint file name
Errors in file /u01/app/oracle/diag/rdbms/ttprod/ttprod1/trace/ttprod1_ora_88384.trc
ARC0: Archival started
Thread 1 advanced to log sequence 622
Completed checkpoint up to RBA
Beginning log switch checkpoint up to RBA
Undo initialization finished
RMAN-08181: media recovery complete, elapsed time: pk_orders
Completed checkpoint up to RBA
ORA-48502: Invalid Command Line - Missing Required Elements
ARC0: Archival started
Starting background process VKTM
Archived Log entry 628 added for thread 1 sequence 7126
IMP-00022: failed to process parameters, type 'IMP HELP=Y' for help
Current log# 980 seq# 9817 mem# 0
DRG-11444: valid gist maxPercent values are DATA_TS01
Errors in file /u01/app/oracle/diag/rdbms/ttprod/ttprod1/trace/ttprod1_ora_84473.trc
ARC0: Archival started
Beginning log switch checkpoint up to RBA
Archived Log entry 364 added for thread 1 sequence 7393
Completed checkpoint up to RBA
Current log# 69 seq# 2481 mem# 0
ORA-02426: privilege grant failed
Beginning log switch checkpoint up to RBA
Thread 1 advanced to log sequence 632
Thread 1 advanced to log sequence 551
EXP-00057: Failure to initialize parameter manager
Starting background process VKTM
Current log# 7 seq# 7565 mem# 0
Beginning log switch checkpoint up to RBA
Undo initialization finished
RMAN-06783: Update of datafile headers of locally managed datafiles finished.
ARC0: Archival started
Undo initialization finished
ORA-16127: stalled waiting for additional transactions to be applied
Archived Log entry 414 added for thread 1 sequence 6994
PCB-00307: DROP TABLE statement is an Oracle extension
Current log# 833 seq# 9481 mem# 0
ARC0: Archival started
Thread 1 advanced to log sequence 444
NID-00332: The following datafiles are in unknown state:
Starting background process VKTM
ARC0: Archival started
PGU-41063: DIAGNOSE parameter was previously specified
Errors in file /u01/app/oracle/diag/rdbms/ttprod/ttprod1/trace/ttprod1_ora_76500.trc
Current log# 690 seq# 9453 mem# 0
Completed checkpoint up to RBA
Beginning log switch checkpoint up to RBA
Beginning log switch checkpoint up to RBA
Undo initialization finished
ORA-16121: applying transaction with commit SCN fk_order_customer
Thread 1 advanced to log sequence 313
Beginning log switch checkpoint up to RBA
Completed checkpoint up to RBA
ORA-39937: Unsupported operation, default token tables used for binary XML data.
Beginning log switch checkpoint up to RBA
Thread 1 advanced to log sequence 781
Thread 1 advanced to log sequence 218
Completed checkpoint up to RBA
DRG-10866: The right hand operand of MINUS cannot use IGNORE score
ARC0: Archival started
PRKO-02590: None of the ONS daemon parameters were modified.
Thread 1 advanced to log sequence 180
Current log# 918 seq# 2315 mem# 0
PROC-00029: Error in logging layer
Undo initialization finished
Starting background process VKTM
Archived Log entry 839 added for thread 1 sequence 3461
ORA-42018: partition cannot be redefined online because of index organization incompatibility
Beginning log switch checkpoint up to RBA
Completed checkpoint up to RBA
OCI-31012: Given XPATH expression not supported
Current log# 679 seq# 5289 mem# 0
Beginning log switch checkpoint up to RBA
ARC0: Archival started
ORA-19713: invalid copy number: NETWORK_OPS.SIM_INVENTORY
Completed checkpoint up to RBA
Archived Log entry 907 added for thread 1 sequence 2966
Archived Log entry 232 added for thread 1 sequence 5103
LPX-01155: [XUDY0027] Invalid target expression
Completed checkpoint up to RBA
Starting background process VKTM
Current log# 228 seq# 7594 mem# 0
Undo initialization finished
ARC0: Archival started
IMG-00511: _SYSSMU7$
Completed checkpoint up to RBA
Archived Log entry 787 added for thread 1 sequence 6189
NNL-00512: Shows or sets the server's auto-refresh expiration period
Thread 1 advanced to log sequence 56
Current log# 21 seq# 7878 mem# 0
Archived Log entry 986 added for thread 1 sequence 9543
Archived Log entry 605 added for thread 1 sequence 3711
ORA-32127: REFs do not belong to any connection
Thread 1 advanced to log sequence 376
RMAN-05016: failover to previous backup
Completed checkpoint up to RBA
DRG-12507: stop word 5000 already exists in this stoplist
Thread 1 advanced to log sequence 620
ARC0: Archival started
ORA-12046: cannot use trusted constraints for refreshing remote MV
Archived Log entry 99 added for thread 1 sequence 5663
Completed checkpoint up to RBA
ARC0: Archival started
Current log# 25 seq# 6305 mem# 0
Current log# 774 seq# 2128 mem# 0
EVM-00008: Failed to read from temporary file
Errors in file /u01/app/oracle/diag/rdbms/ttprod/ttprod1/trace/ttprod1_ora_62892.trc
Undo initialization finished
Starting background process VKTM
Current log# 872 seq# 6808 mem# 0
Archived Log entry 211 added for thread 1 sequence 4932
ORA-06950: No error
Beginning log switch checkpoint up to RBA
Starting background process VKTM
Starting background process VKTM
Undo initialization finished
ORA-41683: unable to lock a rule in the rule class
Starting background process VKTM
Current log# 53 seq# 7159 mem# 0
ORA-48304: incident staging file not found
ARC0: Archival started
Undo initialization finished
Undo initialization finished
Starting background process VKTM
NZE-29007: Bad Clear Key Length when using SSL 2.0
Current log# 973 seq# 2875 mem# 0
Beginning log switch checkpoint up to RBA
PLS-01504: Use of AS phase in CREATE TABLE statement is non_ANSI
Undo initialization finished
ARC0: Archival started
ARC0: Archival started
Current log# 778 seq# 1088 mem# 0
Thread 1 advanced to log sequence 632
PRKO-02438: Network resource does not exist.
Beginning log switch checkpoint up to RBA
Completed checkpoint up to RBA
Current log# 757 seq# 4177 mem# 0
PLS-00385: type mismatch found at ' SYSAUX ' in SELECT...INTO statement
Starting background process VKTM
Completed checkpoint up to RBA
INS-35461: Standard Edition One (SE One) not supported for this installation.
Thread 1 advanced to log sequence 996
ARC0: Archival started
ORA-01223: RESETLOGS must be specified to set a new database name
Undo initialization finished
Undo initialization finished
Undo initialization finished
RMAN-08525: backing up blocks pg_toast_12345 through 17
Undo initialization finished
Archived Log entry 113 added for thread 1 sequence 2160
Beginning log switch checkpoint up to RBA
Undo initialization finished
INS-40905: Unresolved host IP addresses.
Beginning log switch checkpoint up to RBA
Starting background process VKTM
Beginning log switch checkpoint up to RBA
Starting background process VKTM
Completed checkpoint up to RBA
PGU-41134: no CDR_STAGING PGAU objects satisfied the REPORT request
Undo initialization finished
Starting background process VKTM
Archived Log entry 512 added for thread 1 sequence 1062
ORA-19527: physical standby redo log must be renamed
ARC0: Archival started
Undo initialization finished
Undo initialization finished
Starting background process VKTM
Completed checkpoint up to RBA
ORA-39920: Rollback segment user_sessions in tablespace ttstandby01 not allowed in transportable set.
Current log# 529 seq# 6106 mem# 0
ORA-16124: transaction fk_order_customer SYSAUX pk_orders is waiting on another transaction
ARC0: Archival started
ORA-19118: XQST0066 - duplicate default namespace definition - reporting_schema
Completed checkpoint up to RBA
ORA-15027: active use of diskgroup " _SYSSMU12$ " precludes its dismount
Errors in file /u01/app/oracle/diag/rdbms/ttprod/ttprod1/trace/ttprod1_ora_32442.trc
Beginning log switch checkpoint up to RBA
Starting background process VKTM
NNL-00012: invalid " TNS_ADMIN " value " 3 "
Undo initialization finished
Starting background process VKTM
Current log# 870 seq# 8625 mem# 0
DRG-11325: stageitab only supported for context index
Completed checkpoint up to RBA
Completed checkpoint up to RBA
Beginning log switch checkpoint up to RBA
ORA-30084: invalid data type for datetime primary with time zone modifier
Starting background process VKTM
ARC0: Archival started
Archived Log entry 165 added for thread 1 sequence 4121
Beginning log switch checkpoint up to RBA
Thread 1 advanced to log sequence 725
NNL-00247: General request processing is now enabled
Current log# 507 seq# 8219 mem# 0
Archived Log entry 756 added for thread 1 sequence 6702
ORA-00304: requested INSTANCE_NUMBER is busy
Current log# 561 seq# 4747 mem# 0
Completed checkpoint up to RBA
Undo initialization finished
ARC0: Archival started
Current log# 430 seq# 9956 mem# 0
RMAN-08034: full resync skipped, target database not mounted
Errors in file /u01/app/oracle/diag/rdbms/ttprod/ttprod1/trace/ttprod1_ora_58176.trc
Archived Log entry 428 added for thread 1 sequence 3942
ORA-28338: Column(s) cannot be both indexed and encrypted with salt
Starting background process VKTM
PRCC-01020: Version {0} cannot be used to administer resource configuration of version {1} or later
Current log# 755 seq# 4169 mem# 0
PRKO-02590: None of the ONS daemon parameters were modified.
Archived Log entry 591 added for thread 1 sequence 6500
Completed checkpoint up to RBA
ORA-47063: error deleting Identity map for Identity session_1123 . SP2-0552 , Factor Link fk_order_customer , USERS already defined for operation ttprod1 on fk_order_customer
Undo initialization finished
Current log# 295 seq# 1131 mem# 0
Starting background process VKTM
Undo initialization finished
XOQ-01302: query not supported in local value mode
Errors in file /u01/app/oracle/diag/rdbms/ttprod/ttprod1/trace/ttprod1_ora_31020.trc
Undo initialization finished
Completed checkpoint up to RBA
Beginning log switch checkpoint up to RBA
ORA-13750: User " _SYSSMU7$ " has not been granted the "ADMINISTER SQL TUNING SET" privilege.
Beginning log switch checkpoint up to RBA
IMP-00049: Unknown language specified in CHARSET
Beginning log switch checkpoint up to RBA
ORA-01210: data file header is media corrupt
Errors in file /u01/app/oracle/diag/rdbms/ttprod/ttprod1/trace/ttprod1_ora_33643.trc
ARC0: Archival started
Starting background process VKTM
ORA-56901: non-constant expression is not allowed for pivot|unpivot values
Errors in file /u01/app/oracle/diag/rdbms/ttprod/ttprod1/trace/ttprod1_ora_20909.trc
ARC0: Archival started
NZE-29108: Cannot initialize random object.
ARC0: Archival started
Current log# 601 seq# 8369 mem# 0
Completed checkpoint up to RBA
Thread 1 advanced to log sequence 72
ORA-32409: materialized view log on " /u01/app/oracle/oradata/ttprod/users01.dbf "." APP_USER42 " already excludes new values
Completed checkpoint up to RBA
ORA-48156: Alert log purge has occurred - retry operation
Completed checkpoint up to RBA
Archived Log entry 239 added for thread 1 sequence 9860
Thread 1 advanced to log sequence 838
Starting background process VKTM
OCI-21500: internal error code, arguments: [ SYSAUX ], [ large pool ], [ pg_toast_12345 ], [ user_sessions ], [ UNDOTBS1 ], [ SYSAUX ], [ 42 ], [ CRM.CALL_DETAIL_RECORDS ]
Starting background process VKTM
Undo initialization finished
NNO-00850: Error: LDAP query returns SYSAUX
Completed checkpoint up to RBA
Completed checkpoint up to RBA
Beginning log switch checkpoint up to RBA
Beginning log switch checkpoint up to RBA
PRCD-01040: Specified server pool {0} for {1} is already hosting an administrator-managed configuration for databases {2} and services {3}
Starting background process VKTM
RMAN-06779: import validation complete
ARC0: Archival started
Completed checkpoint up to RBA
Beginning log switch checkpoint up to RBA
Archived Log entry 221 added for thread 1 sequence 6521
ORA-00305: log USERS of thread ttprod2 inconsistent; belongs to another database
Starting background process VKTM
ARC0: Archival started
PLS-00666: Only index by binary_integer/pls_integer associative arrays allowed here
Beginning log switch checkpoint up to RBA
Completed checkpoint up to RBA
DGM-16916: Missing site name, try "help"
Starting background process VKTM
Archived Log entry 156 added for thread 1 sequence 2743
Undo initialization finished
Archived Log entry 675 added for thread 1 sequence 8552
Thread 1 advanced to log sequence 864
INS-41516: File app_db already exists. The installer will make an attempt to replace this file.
Thread 1 advanced to log sequence 707
Thread 1 advanced to log sequence 694
Starting background process VKTM
Undo initialization finished
Beginning log switch checkpoint up to RBA
PRKO-02190: VIP exists for node {0}, VIP name {1}
Current log# 186 seq# 1281 mem# 0
Starting background process VKTM
Completed checkpoint up to RBA
NID-00350: shared pool ( number ) session_1123
Thread 1 advanced to log sequence 248
Completed checkpoint up to RBA
Thread 1 advanced to log sequence 426
Undo initialization finished
ORA-39780: Direct path context operations are not allowed after the context is aborted or finished
Errors in file /u01/app/oracle/diag/rdbms/ttprod/ttprod1/trace/ttprod1_ora_88002.trc
Completed checkpoint up to RBA
Undo initialization finished
Archived Log entry 732 added for thread 1 sequence 2359
LCD-00128: invalid positional parameter value [ ttstandby01 ]
Beginning log switch checkpoint up to RBA
ARC0: Archival started
Thread 1 advanced to log sequence 530
Archived Log entry 47 added for thread 1 sequence 8503
Completed checkpoint up to RBA
SQL-02101: Inconsistent cursor cache. Unit cursor/global cursor mismatch
Beginning log switch checkpoint up to RBA
Beginning log switch checkpoint up to RBA
DIA-49421: Maximum number of package files generated [ ttprod2 ]
Thread 1 advanced to log sequence 213
ORA-37148: (XSCCOMP22) workspace object is an aggregated COMPRESSED COMPOSITE.
ARC0: Archival started
Current log# 37 seq# 5111 mem# 0
Current log# 975 seq# 1562 mem# 0
Beginning log switch checkpoint up to RBA
Undo initialization finished
ORA-01100: database already mounted
Starting background process VKTM
Starting background process VKTM
SQL-02150: Encountered zero length in ANSI dynamic SET statement
Errors in file /u01/app/oracle/diag/rdbms/ttprod/ttprod1/trace/ttprod1_ora_45406.trc
Completed checkpoint up to RBA
ARC0: Archival started
Beginning log switch checkpoint up to RBA
Current log# 63 seq# 8195 mem# 0
Starting background process VKTM
PCB-00236: Cannot use PIC N/G variable. NLS_NCHAR not set or set incorrectly.
Errors in file /u01/app/oracle/diag/rdbms/ttprod/ttprod1/trace/ttprod1_ora_25053.trc
Current log# 878 seq# 6456 mem# 0
ORA-28132: The MERGE INTO syntax does not support the security policy.
Beginning log switch checkpoint up to RBA
Starting background process VKTM
Current log# 72 seq# 8665 mem# 0
Beginning log switch checkpoint up to RBA
ARC0: Archival started
RMAN-20022: user not found
Beginning log switch checkpoint up to RBA
Completed checkpoint up to RBA
Beginning log switch checkpoint up to RBA
PGU-30001: PGAU internal error - pg_toast_12345
Archived Log entry 368 added for thread 1 sequence 3199
Current log# 165 seq# 5199 mem# 0
Thread 1 advanced to log sequence 112
RMAN-06196: Oracle instance started
Starting background process VKTM
ARC0: Archival started
Current log# 237 seq# 7674 mem# 0
Current log# 162 seq# 5211 mem# 0
Completed checkpoint up to RBA
ORA-40271: no statistically significant features were found
ARC0: Archival started
ORA-12417: database object " APP_USER42 " not found
Errors in file /u01/app/oracle/diag/rdbms/ttprod/ttprod1/trace/ttprod1_ora_90268.trc
Completed checkpoint up to RBA
Undo initialization finished
RMAN-06158: validation succeeded for archived log
ARC0: Archival started
Completed checkpoint up to RBA
Archived Log entry 186 added for thread 1 sequence 1185
Undo initialization finished
RMAN-06216: WARNING: db_unique_name mismatch - 42 objects could not be updated
Completed checkpoint up to RBA
Starting background process VKTM
ARC0: Archival started
ORA-09916: Required password was not specified.
Beginning log switch checkpoint up to RBA
Undo initialization finished
ARC0: Archival started
Archived Log entry 209 added for thread 1 sequence 2772
Beginning log switch checkpoint up to RBA
ORA-16502: the Data Guard broker operation succeeded with warnings
ARC0: Archival started
LSX-00123: base type is required
Completed checkpoint up to RBA
PRCS-01059: Failed to get sub-server pools of server pool {0}
Completed checkpoint up to RBA
Starting background process VKTM
RDE-06011: buffer overflow
Current log# 439 seq# 3372 mem# 0
Starting background process VKTM
Completed checkpoint up to RBA
PRCD-01186: TAF policy 'PRECONNECT' cannot be used to add a service for single instance database {0}
Beginning log switch checkpoint up to RBA
Archived Log entry 619 added for thread 1 sequence 2292
Beginning log switch checkpoint up to RBA
Current log# 326 seq# 6167 mem# 0
XOQ-02005: The 3 " SYSAUX " referenced from object " ttprod2 " is not found.
Completed checkpoint up to RBA
Archived Log entry 621 added for thread 1 sequence 7250
ARC0: Archival started
ARC0: Archival started
CRS-09036: Invalid Cluster Health Monitor repository size given
Current log# 746 seq# 1209 mem# 0
Completed checkpoint up to RBA
Undo initialization finished
Thread 1 advanced to log sequence 535
Starting background process VKTM
PCB-00214: JUSTIFIED clause not allowed for host variable " INVOICE_LINES_IDX "
Archived Log entry 324 added for thread 1 sequence 4831
Thread 1 advanced to log sequence 950
Starting background process VKTM
Thread 1 advanced to log sequence 650
LFI-01522: opendir() failed.
Completed checkpoint up to RBA
Thread 1 advanced to log sequence 429
Thread 1 advanced to log sequence 942
Undo initialization finished
Beginning log switch checkpoint up to RBA
NID-00334: The following datafiles are not checkpointed to idx_users_email :
Thread 1 advanced to log sequence 430
Beginning log switch checkpoint up to RBA
LPX-01054: [XQST0054] The variable depends on itself
Errors in file /u01/app/oracle/diag/rdbms/ttprod/ttprod1/trace/ttprod1_ora_66552.trc
Archived Log entry 801 added for thread 1 sequence 2122
Starting background process VKTM
RMAN-12015: configuration for 42 channel number is ignored
Undo initialization finished
ORA-24315: illegal attribute type
Beginning log switch checkpoint up to RBA
Archived Log entry 700 added for thread 1 sequence 9663
Undo initialization finished
Completed checkpoint up to RBA
ORA-04066: non-executable object, _SYSSMU12$
Starting background process VKTM
ARC0: Archival started
Starting background process VKTM
TNS-12502: TNS:listener received no CONNECT_DATA from client
Errors in file /u01/app/oracle/diag/rdbms/ttprod/ttprod1/trace/ttprod1_ora_90693.trc
Starting background process VKTM
ARC0: Archival started
Beginning log switch checkpoint up to RBA
Completed checkpoint up to RBA
Completed checkpoint up to RBA
CRS-00021: An error occurred while attempting to check for the existence of file " NETWORK_OPS.SIM_INVENTORY " during file open processing. Additional diagnostics: TNS_ADMIN
Undo initialization finished
ARC0: Archival started
Beginning log switch checkpoint up to RBA
Starting background process VKTM
NNL-01053: Request processing enabled: idx_users_email
Current log# 474 seq# 3882 mem# 0
Completed checkpoint up to RBA
Current log# 110 seq# 9024 mem# 0
Archived Log entry 257 added for thread 1 sequence 6091
Current log# 849 seq# 3885 mem# 0
NNL-00982: Not forwarded, no servers found: number
Completed checkpoint up to RBA
Undo initialization finished
Current log# 916 seq# 1340 mem# 0
Current log# 650 seq# 1839 mem# 0
ORA-13144: target table pk_orders not found
Undo initialization finished
Current log# 126 seq# 9162 mem# 0
Thread 1 advanced to log sequence 771
Current log# 681 seq# 9446 mem# 0
ORA-24192: the property name cannot be null
Errors in file /u01/app/oracle/diag/rdbms/ttprod/ttprod1/trace/ttprod1_ora_79352.trc
Current log# 389 seq# 7482 mem# 0
Starting background process VKTM
Thread 1 advanced to log sequence 171
OCI-31076: required attribute " large pool " not specified
Errors in file /u01/app/oracle/diag/rdbms/ttprod/ttprod1/trace/ttprod1_ora_71279.trc
ARC0: Archival started
Starting background process VKTM
ORA-13612: The recommendation action pg_toast_12345 , CDR_STAGING is not valid for task 1024 .
Archived Log entry 735 added for thread 1 sequence 2488
ARC0: Archival started
ARC0: Archival started
ARC0: Archival started
ORA-31127: RCList cannot contain noncommitted resource configuration
Completed checkpoint up to RBA
Completed checkpoint up to RBA
Undo initialization finished
ORA-19809: limit exceeded for recovery files
Archived Log entry 618 added for thread 1 sequence 9063
ARC0: Archival started
Current log# 788 seq# 3849 mem# 0
Thread 1 advanced to log sequence 872
ARC0: Archival started
DRG-11319: more than 1 index found on $I. OPTIMIZE REBUILD not supported
Starting background process VKTM
Beginning log switch checkpoint up to RBA
Current log# 761 seq# 9905 mem# 0
Completed checkpoint up to RBA
Completed checkpoint up to RBA
NID-00398: Changing database ID from number to number
Starting background process VKTM
Undo initialization finished
ORA-13043: failed to read metadata from the <layer>_SDOLAYER table
Beginning log switch checkpoint up to RBA
ORA-38431: could not evaluate subexpression " app_db " for rowid " BILLING.CUST_ORDERS "
Thread 1 advanced to log sequence 389
ARC0: Archival started
INS-41502: Insufficient number of voting disk locations provided for normal redundancy configuration.
Starting background process VKTM
Thread 1 advanced to log sequence 504
Thread 1 advanced to log sequence 726
PLS-00456: item ' APP_USER42 ' is not a cursor
Errors in file /u01/app/oracle/diag/rdbms/ttprod/ttprod1/trace/ttprod1_ora_41543.trc
Completed checkpoint up to RBA
Starting background process VKTM
Beginning log switch checkpoint up to RBA
Starting background process VKTM
ORA-13285: Geometry coordinate transformation error
Errors in file /u01/app/oracle/diag/rdbms/ttprod/ttprod1/trace/ttprod1_ora_13064.trc
Undo initialization finished
Archived Log entry 405 added for thread 1 sequence 2509
ORA-12500: TNS:listener failed to start a dedicated server process
Errors in file /u01/app/oracle/diag/rdbms/ttprod/ttprod1/trace/ttprod1_ora_85638.trc
ARC0: Archival started
Completed checkpoint up to RBA
RDJ-00013: Invalid service instance attribute
Errors in file /u01/app/oracle/diag/rdbms/ttprod/ttprod1/trace/ttprod1_ora_51722.trc
Undo initialization finished
Thread 1 advanced to log sequence 392
Current log# 277 seq# 7403 mem# 0
RMAN-04031: initialization parameters used for automatic instance: app_db
Errors in file /u01/app/oracle/diag/rdbms/ttprod/ttprod1/trace/ttprod1_ora_51727.trc
Completed checkpoint up to RBA
ARC0: Archival started
Current log# 950 seq# 5348 mem# 0
Starting background process VKTM
OCI-31027: Path name or handle 42 does not point to a resource
Starting background process VKTM
Current log# 357 seq# 8344 mem# 0
RMAN-06446: changed proxy copy unavailable
ARC0: Archival started
ARC0: Archival started
Thread 1 advanced to log sequence 92
ORA-24390: Unsupported scrollable cursor operation
Completed checkpoint up to RBA
Starting background process VKTM
Thread 1 advanced to log sequence 267
PLS-00396: INSERT statement's subquery yields wrong number of columns
Completed checkpoint up to RBA
Archived Log entry 78 added for thread 1 sequence 9844
Completed checkpoint up to RBA
Current log# 237 seq# 7965 mem# 0
Archived Log entry 653 added for thread 1 sequence 6736
ORA-26716: message limit reached
Errors in file /u01/app/oracle/diag/rdbms/ttprod/ttprod1/trace/ttprod1_ora_87277.trc
Starting background process VKTM
Current log# 117 seq# 6400 mem# 0
Starting background process VKTM
ORA-36847: (XSLMGEN17) AW name is blank
Beginning log switch checkpoint up to RBA
Archived Log entry 383 added for thread 1 sequence 2389
Completed checkpoint up to RBA
ARC0: Archival started
Thread 1 advanced to log sequence 545
EXP-00045: Cannot export SYSTEM Tablespace for Point-in-time Recovery or Transportable Tablespace
Thread 1 advanced to log sequence 998
PGU-42028: invalid USAGE token: ttstandby01
Archived Log entry 10 added for thread 1 sequence 7214
RMAN-06524: RMAN retention policy will be applied to the command
Current log# 60 seq# 2646 mem# 0
Beginning log switch checkpoint up to RBA
ORA-27006: sbtremove returned error
Undo initialization finished
Archived Log entry 628 added for thread 1 sequence 4971
ORA-47180: Integration Policy for OLS Policy pg_toast_12345 is already defined
Thread 1 advanced to log sequence 616
Starting background process VKTM
Beginning log switch checkpoint up to RBA
Current log# 452 seq# 3114 mem# 0
ARC0: Archival started
RMAN-12018: channel INVOICE_LINES_IDX disabled, job failed on it will be run on another channel
Current log# 129 seq# 8047 mem# 0
ARC0: Archival started
RMAN-08586: output file name= 17 tag= large pool RECID= 17 STAMP= 3
ARC0: Archival started
Undo initialization finished
ARC0: Archival started
Beginning log switch checkpoint up to RBA
DRG-51313: timeout while waiting for lock
Thread 1 advanced to log sequence 259
Archived Log entry 701 added for thread 1 sequence 7558
ORA-25218: enqueue failed, delay must be zero for queue CRM.CALL_DETAIL_RECORDS . 1024
Thread 1 advanced to log sequence 232
RMAN-06150: auxiliary name for datafile number set to: DATA_TS01
Beginning log switch checkpoint up to RBA
ORA-37604: (XSPGERRPQUPD) Parallel updating analytic workspace ttprod1 failed
Errors in file /u01/app/oracle/diag/rdbms/ttprod/ttprod1/trace/ttprod1_ora_49463.trc
Beginning log switch checkpoint up to RBA
Starting background process VKTM
Thread 1 advanced to log sequence 458
Current log# 452 seq# 1020 mem# 0
RMAN-00578: pipe /u01/app/oracle/oradata/ttprod/users01.dbf is not private and owned by SYS
Archived Log entry 407 added for thread 1 sequence 7606
Undo initialization finished
Starting background process VKTM
RMAN-05602: restarting auxiliary database without server parameter file
ARC0: Archival started
Current log# 462 seq# 9216 mem# 0
RMAN-08581: channel INVOICE_LINES_IDX : datafile copy complete, elapsed time: pk_orders
Completed checkpoint up to RBA
Current log# 487 seq# 1516 mem# 0
Beginning log switch checkpoint up to RBA
Starting background process VKTM
Beginning log switch checkpoint up to RBA
ORA-16127: stalled waiting for additional transactions to be applied
Starting background process VKTM
PLS-00156: Null constraints not supported for object attributes.
Undo initialization finished
Completed checkpoint up to RBA
ORA-12661: Protocol authentication to be used
Archived Log entry 337 added for thread 1 sequence 4943
ORA-16456: switchover to standby in progress or completed
Thread 1 advanced to log sequence 857
Completed checkpoint up to RBA
Current log# 627 seq# 5418 mem# 0
Completed checkpoint up to RBA
ARC0: Archival started
ORA-26887: Insufficient privileges to attach to XStream inbound server " NETWORK_OPS.SIM_INVENTORY ".
Beginning log switch checkpoint up to RBA
ORA-36639: (XSDUNION18) UNIQUE cannot be applied to this concat dimension because leaves workspace object and workspace object share the value number .
Current log# 47 seq# 6893 mem# 0
Starting background process VKTM
Starting background process VKTM
ORA-13780: SQL statement does not exist.
Archived Log entry 582 added for thread 1 sequence 6536
Undo initialization finished
Thread 1 advanced to log sequence 533
Starting background process VKTM
TNS-12600: TNS: /u01/app/oracle/oradata/ttprod/users01.dbf open failed
Undo initialization finished
Undo initialization finished
Completed checkpoint up to RBA
ORA-53014: The runtime preference table is not empty
Current log# 109 seq# 6647 mem# 0
Completed checkpoint up to RBA
Completed checkpoint up to RBA
DIA-48457: ADRCI core dumped
Archived Log entry 148 added for thread 1 sequence 9540
ARC0: Archival started
Starting background process VKTM
Undo initialization finished
ORA-22851: invalid CHUNK LOB storage option value
Errors in file /u01/app/oracle/diag/rdbms/ttprod/ttprod1/trace/ttprod1_ora_41103.trc
Current log# 153 seq# 7048 mem# 0
PRCR-01053: Vendor Cluster is not found on node {0}
Errors in file /u01/app/oracle/diag/rdbms/ttprod/ttprod1/trace/ttprod1_ora_27842.trc
Undo initialization finished
Starting background process VKTM
Current log# 559 seq# 2097 mem# 0
Undo initialization finished
Undo initialization finished
TNS-12500: TNS:listener failed to start a dedicated server process
Undo initialization finished
Current log# 462 seq# 4952 mem# 0
Completed checkpoint up to RBA
Starting background process VKTM
PRVF-05415: Check to see if NTP daemon or service is running failed
Beginning log switch checkpoint up to RBA
Thread 1 advanced to log sequence 976
RMAN-06540: Tablespace pk_orders will be excluded from future whole database backups
Current log# 913 seq# 8386 mem# 0
Thread 1 advanced to log sequence 897
ORA-26530: unable to build materialized view refresh control list
Completed checkpoint up to RBA
ARC0: Archival started
SCLC-01005: Failed to get member tiers, {0}
ARC0: Archival started
Current log# 885 seq# 6800 mem# 0
Beginning log switch checkpoint up to RBA
Thread 1 advanced to log sequence 564
Archived Log entry 685 added for thread 1 sequence 5954
RMAN-07524: ==========================================================
Undo initialization finished
Undo initialization finished
Starting background process VKTM
Starting background process VKTM
Current log# 602 seq# 5144 mem# 0
ORA-01267: Failure getting date/time
Errors in file /u01/app/oracle/diag/rdbms/ttprod/ttprod1/trace/ttprod1_ora_97956.trc
ARC0: Archival started
Undo initialization finished
Starting background process VKTM
Starting background process VKTM
ORA-39261: Cannot modify column in cluster.
Beginning log switch checkpoint up to RBA
Beginning log switch checkpoint up to RBA
ORA-01862: the numeric value does not match the length of the format item
Undo initialization finished
Thread 1 advanced to log sequence 63
Starting background process VKTM
ARC0: Archival started
Beginning log switch checkpoint up to RBA
PLS-00580: supertype must be an object type
Starting background process VKTM
Archived Log entry 15 added for thread 1 sequence 8973
ORA-03123: operation would block
Current log# 49 seq# 6492 mem# 0
Undo initialization finished
Current log# 862 seq# 9922 mem# 0
ORA-38785: Media recovery must be enabled for guaranteed restore point.
Current log# 106 seq# 7407 mem# 0
Completed checkpoint up to RBA
Starting background process VKTM
ARC0: Archival started
Undo initialization finished
NNO-00073: loading server config from region database
ARC0: Archival started
Undo initialization finished
Current log# 740 seq# 6887 mem# 0
Completed checkpoint up to RBA
TNS-12575: TNS:dhctx busy
Errors in file /u01/app/oracle/diag/rdbms/ttprod/ttprod1/trace/ttprod1_ora_18286.trc
Completed checkpoint up to RBA
Thread 1 advanced to log sequence 265
Archived Log entry 749 added for thread 1 sequence 7111
Starting background process VKTM
ORA-13335: LRS measure information not defined
Undo initialization finished
Beginning log switch checkpoint up to RBA
Thread 1 advanced to log sequence 209
Completed checkpoint up to RBA
Beginning log switch checkpoint up to RBA
DRG-51024: out of memory in stemmer
Current log# 244 seq# 7266 mem# 0
Thread 1 advanced to log sequence 980
Completed checkpoint up to RBA
Completed checkpoint up to RBA
ARC0: Archival started
ORA-01172: recovery of thread CDR_STAGING stuck at block large pool of file large pool
Errors in file /u01/app/oracle/diag/rdbms/ttprod/ttprod1/trace/ttprod1_ora_76883.trc
Undo initialization finished
Archived Log entry 228 added for thread 1 sequence 7648
Completed checkpoint up to RBA
ORA-42023: compatibility of AQ table must be release 8.1.x or later
Undo initialization finished
ORA-39911: Index ttprod2 . user_sessions in tablespace APP_USER42 points to partition 1024 of table 1024 . /u01/app/oracle/oradata/ttprod/users01.dbf in tablespace user_sessions outside of transportable set.
Undo initialization finished
Starting background process VKTM
Starting background process VKTM
Starting background process VKTM
NID-00421: Change of database name failed during validation - database is intact.
Errors in file /u01/app/oracle/diag/rdbms/ttprod/ttprod1/trace/ttprod1_ora_15112.trc
Archived Log entry 217 added for thread 1 sequence 2758
Thread 1 advanced to log sequence 11
ORA-02403: plan table does not have correct format
Errors in file /u01/app/oracle/diag/rdbms/ttprod/ttprod1/trace/ttprod1_ora_91377.trc
Thread 1 advanced to log sequence 810
Current log# 646 seq# 1319 mem# 0
Completed checkpoint up to RBA
Current log# 264 seq# 5773 mem# 0
RMAN-06520: archived logs will not be kept or backed up
Thread 1 advanced to log sequence 108
Beginning log switch checkpoint up to RBA
RMAN-00570: **end-of-file**
Archived Log entry 623 added for thread 1 sequence 8763
Archived Log entry 454 added for thread 1 sequence 5719
ARC0: Archival started
QSM-01082: Joining materialized view, /u01/app/oracle/oradata/ttprod/users01.dbf , with table, 42 , not possible
Undo initialization finished
Archived Log entry 109 added for thread 1 sequence 4839
NID-00301: Datafile TNS_ADMIN - dbid changed, wrote new name
Completed checkpoint up to RBA
NZE-29124: pkcs11 library name already set
Archived Log entry 207 added for thread 1 sequence 6363
ARC0: Archival started
Thread 1 advanced to log sequence 671
Thread 1 advanced to log sequence 606
Current log# 141 seq# 4609 mem# 0
ORA-29389: too many errors during validation
Errors in file /u01/app/oracle/diag/rdbms/ttprod/ttprod1/trace/ttprod1_ora_34656.trc
Beginning log switch checkpoint up to RBA
ORA-13356: adjacent points in a geometry are redundant
Thread 1 advanced to log sequence 88
TNS-00003: INTCTL: error while sending request to the Interchange
Errors in file /u01/app/oracle/diag/rdbms/ttprod/ttprod1/trace/ttprod1_ora_67501.trc
Current log# 674 seq# 8597 mem# 0
Current log# 132 seq# 9980 mem# 0
Completed checkpoint up to RBA
PGU-39200: Initialization rc %4li
Beginning log switch checkpoint up to RBA
Current log# 870 seq# 9991 mem# 0
ORA-55712: XA transactions on RAC are not supported with GLOBAL_TXN_PROCESSES set to 0
Beginning log switch checkpoint up to RBA
Undo initialization finished
Starting background process VKTM
Thread 1 advanced to log sequence 326
PRKO-02318: Target instance {0} already supports service {1}.
Current log# 538 seq# 1632 mem# 0
ARC0: Archival started
Starting background process VKTM
ORA-37023: (XSMLTUPD01) Object workspace object cannot be updated without dimension workspace object .
ARC0: Archival started
Current log# 326 seq# 4109 mem# 0
Completed checkpoint up to RBA
ORA-54527: operation not permitted on a simple geometry
Beginning log switch checkpoint up to RBA
Beginning log switch checkpoint up to RBA
Beginning log switch checkpoint up to RBA
Completed checkpoint up to RBA
ORA-16230: committing transaction shared pool large pool USERS
Current log# 344 seq# 8613 mem# 0
PRKO-03132: -i option or -n option is required for checking the status of an instance of database {0}
Completed checkpoint up to RBA
ORA-12054: cannot set the ON COMMIT refresh attribute for the materialized view
Archived Log entry 763 added for thread 1 sequence 5089
Current log# 120 seq# 7310 mem# 0
Completed checkpoint up to RBA
ARC0: Archival started
LPX-01121: [FODT0003] Invalid timezone value
Archived Log entry 38 added for thread 1 sequence 8978
Current log# 608 seq# 8771 mem# 0
ORA-37144: (MDQUERY01) SP2-0552 is not a valid metadata object type for MDQUERY.
Errors in file /u01/app/oracle/diag/rdbms/ttprod/ttprod1/trace/ttprod1_ora_72754.trc
Undo initialization finished
Undo initialization finished
Completed checkpoint up to RBA
Current log# 934 seq# 4737 mem# 0
ORA-02347: cannot grant privileges on columns of an object table
Errors in file /u01/app/oracle/diag/rdbms/ttprod/ttprod1/trace/ttprod1_ora_30790.trc
Beginning log switch checkpoint up to RBA
Archived Log entry 829 added for thread 1 sequence 2555
Completed checkpoint up to RBA
ORA-31080: type not specified for attribute or element " APP_USER42 "
Errors in file /u01/app/oracle/diag/rdbms/ttprod/ttprod1/trace/ttprod1_ora_21722.trc
Undo initialization finished
Starting background process VKTM
Thread 1 advanced to log sequence 797
ORA-48220: Too Many Keys Defined [ DATA_TS01 ] [ TNS_ADMIN ]
Errors in file /u01/app/oracle/diag/rdbms/ttprod/ttprod1/trace/ttprod1_ora_18352.trc
Starting background process VKTM
Archived Log entry 10 added for thread 1 sequence 4954
Beginning log switch checkpoint up to RBA
Beginning log switch checkpoint up to RBA
Completed checkpoint up to RBA
ORA-39911: Index _SYSSMU7$ . UNDOTBS1 in tablespace ttprod2 points to partition CRM.CALL_DETAIL_RECORDS of table INVOICE_LINES_IDX . pg_toast_12345 in tablespace 5000 outside of transportable set.
Archived Log entry 81 added for thread 1 sequence 2865
Completed checkpoint up to RBA
Thread 1 advanced to log sequence 723
DRG-10833: feedback failed
Thread 1 advanced to log sequence 912
Undo initialization finished
Completed checkpoint up to RBA
PRVF-04661: Found inconsistent 'hosts' entry in /etc/nsswitch.conf on node {0}
Errors in file /u01/app/oracle/diag/rdbms/ttprod/ttprod1/trace/ttprod1_ora_52616.trc
Thread 1 advanced to log sequence 756
Thread 1 advanced to log sequence 456
KUP-05005: Warning: Intra source concurrency disabled because a field of type RECNUM exists.
ARC0: Archival started
Undo initialization finished
Undo initialization finished
Current log# 213 seq# 7683 mem# 0
PCC-02205: Parser error at line number , column number , file APP_USER42 :
Completed checkpoint up to RBA
Thread 1 advanced to log sequence 49
Current log# 739 seq# 3550 mem# 0
ORA-16126: loading table or sequence fk_order_customer
Errors in file /u01/app/oracle/diag/rdbms/ttprod/ttprod1/trace/ttprod1_ora_69203.trc
Completed checkpoint up to RBA
Beginning log switch checkpoint up to RBA
Beginning log switch checkpoint up to RBA
Thread 1 advanced to log sequence 840
ORA-35952: (XSSPFC01) The user_sessions dimension workspace object and the ttprod1 dimension workspace object must have the same number of values in status for SPFCEXEC method number .
Completed checkpoint up to RBA
Thread 1 advanced to log sequence 979
ORA-13426: invalid window parameter
Beginning log switch checkpoint up to RBA
ARC0: Archival started
Beginning log switch checkpoint up to RBA
Beginning log switch checkpoint up to RBA
Completed checkpoint up to RBA
ORA-56721: I/O data limit exceeded - session terminated
Starting background process VKTM
Completed checkpoint up to RBA
Completed checkpoint up to RBA
Undo initialization finished
Archived Log entry 151 added for thread 1 sequence 9012
ORA-25180: PCTTHRESHOLD only valid for certain table organizations
Archived Log entry 863 added for thread 1 sequence 1299
Current log# 900 seq# 1095 mem# 0
Current log# 98 seq# 6193 mem# 0
Archived Log entry 686 added for thread 1 sequence 4926
PCC-00100: Non integer label is not ANSI
Errors in file /u01/app/oracle/diag/rdbms/ttprod/ttprod1/trace/ttprod1_ora_32176.trc
Starting background process VKTM
Beginning log switch checkpoint up to RBA
Thread 1 advanced to log sequence 836
ARC0: Archival started
ORA-14645: STORE IN clause cannot be specified for Range List objects
Starting background process VKTM
Archived Log entry 434 added for thread 1 sequence 2358
Thread 1 advanced to log sequence 347
ARC0: Archival started
ORA-39938: Operation not supported, tablespace _SYSSMU7$ contains binary XML data.
Thread 1 advanced to log sequence 654
ORA-31182: Too many PL/SQL DOM handles specified
Undo initialization finished
RMAN-08521: offline range RECID= SP2-0552 STAMP= pk_orders
Thread 1 advanced to log sequence 507
Current log# 460 seq# 2329 mem# 0
Thread 1 advanced to log sequence 322
ARC0: Archival started
ORA-12518: TNS:listener could not hand off client connection
Errors in file /u01/app/oracle/diag/rdbms/ttprod/ttprod1/trace/ttprod1_ora_54243.trc
Undo initialization finished
Starting background process VKTM
Thread 1 advanced to log sequence 731
ORA-09922: Can't spawn process - background log directory not created properly
Errors in file /u01/app/oracle/diag/rdbms/ttprod/ttprod1/trace/ttprod1_ora_42567.trc
ARC0: Archival started
Beginning log switch checkpoint up to RBA
ORA-31046: Incorrect argument(s) specified in the operator
ARC0: Archival started
Undo initialization finished
ORA-24275: function ' PK_CUSTOMER_ACCOUNTS ' parameter ' CDR_STAGING ' missing or invalid
Thread 1 advanced to log sequence 677
Current log# 713 seq# 6810 mem# 0
Thread 1 advanced to log sequence 279
ORA-30552: The package/procedure/function cannot be changed
Beginning log switch checkpoint up to RBA
Starting background process VKTM
Completed checkpoint up to RBA
ARC0: Archival started
PRKO-02567: eONS daemon does not exist.
Current log# 912 seq# 6334 mem# 0
Completed checkpoint up to RBA
ARC0: Archival started
Completed checkpoint up to RBA
ORA-13771: cannot obtain exclusive lock 17 on "SQL Tuning Set" " USERS " owned by user " NETWORK_OPS.SIM_INVENTORY "
Current log# 306 seq# 7831 mem# 0
ORA-31091: empty CRM.CALL_DETAIL_RECORDS specified as a SQL name
Current log# 169 seq# 6141 mem# 0
Thread 1 advanced to log sequence 489
Beginning log switch checkpoint up to RBA
Starting background process VKTM
Current log# 150 seq# 4154 mem# 0
ORA-12168: TNS:Unable to contact LDAP Directory Server
Archived Log entry 417 added for thread 1 sequence 1147
Beginning log switch checkpoint up to RBA
Current log# 224 seq# 1125 mem# 0
ORA-01256: error in locking database file 17
Errors in file /u01/app/oracle/diag/rdbms/ttprod/ttprod1/trace/ttprod1_ora_92399.trc
Archived Log entry 620 added for thread 1 sequence 7987
Undo initialization finished
Beginning log switch checkpoint up to RBA
KUP-01008: the bad identifier was: reporting_schema
Errors in file /u01/app/oracle/diag/rdbms/ttprod/ttprod1/trace/ttprod1_ora_20966.trc
Undo initialization finished
ARC0: Archival started
Current log# 739 seq# 9653 mem# 0
Current log# 260 seq# 6712 mem# 0
Current log# 175 seq# 1322 mem# 0
ORA-07290: sksagdi: specified directory for archiving does not exist.
Current log# 912 seq# 2227 mem# 0
Archived Log entry 867 added for thread 1 sequence 6787
ARC0: Archival started
Archived Log entry 556 added for thread 1 sequence 3840
LPX-00008: invalid memory callback
Beginning log switch checkpoint up to RBA
Beginning log switch checkpoint up to RBA
ARC0: Archival started
ARC0: Archival started
Beginning log switch checkpoint up to RBA
DIA-48466: Internal failure, the report context is not initialized
Starting background process VKTM
ARC0: Archival started
Archived Log entry 518 added for thread 1 sequence 1502
Starting background process VKTM
RMAN-08100: channel fk_order_customer : starting proxy validation
Errors in file /u01/app/oracle/diag/rdbms/ttprod/ttprod1/trace/ttprod1_ora_90668.trc
Current log# 892 seq# 6266 mem# 0
Archived Log entry 241 added for thread 1 sequence 1689
ARC0: Archival started
PRCN-03000: The IPMI configuration failed on all nodes
Beginning log switch checkpoint up to RBA
Starting background process VKTM
ARC0: Archival started
Beginning log switch checkpoint up to RBA
ORA-40208: duplicate or multiple algorithm settings for function _SYSSMU12$
Current log# 247 seq# 8794 mem# 0
RMAN-08039: channel user_sessions : starting incremental datafile backup set restore
Beginning log switch checkpoint up to RBA
Starting background process VKTM
ARC0: Archival started
PGU-30122: level limit: field f#= 42 nest level INVOICE_LINES_IDX exceeds 1024 of INVOICE_LINES_IDX
ARC0: Archival started
Completed checkpoint up to RBA
ARC0: Archival started
ARC0: Archival started
ARC0: Archival started
ORA-32640: FOR LIKE loops are not allowed for multi-byte character types
Current log# 557 seq# 3715 mem# 0
Current log# 147 seq# 1737 mem# 0
Archived Log entry 785 added for thread 1 sequence 2373
Thread 1 advanced to log sequence 59
LPX-00264: send failed to host ~s
Beginning log switch checkpoint up to RBA
Completed checkpoint up to RBA
DRG-50909: maximum number of documents CDR_STAGING is not an integer
Completed checkpoint up to RBA
CRS-04692: Cluster Ready Services is online in exclusive mode
ARC0: Archival started
Current log# 887 seq# 5815 mem# 0
ORA-09957: Unable to send termination request to IMON
Current log# 240 seq# 4062 mem# 0
Undo initialization finished
Current log# 508 seq# 2892 mem# 0
Archived Log entry 561 added for thread 1 sequence 4102
ORA-18116: XUDY0017 - Duplicate REPLACE for the same target node
Beginning log switch checkpoint up to RBA
ORA-07499: spglk: Cannot reschedule.
Completed checkpoint up to RBA
Thread 1 advanced to log sequence 239
ORA-09203: sfofi: error opening file
Errors in file /u01/app/oracle/diag/rdbms/ttprod/ttprod1/trace/ttprod1_ora_14251.trc
Beginning log switch checkpoint up to RBA
ORA-14138: An unexpected error encountered during drop table operation
Undo initialization finished
Undo initialization finished
ARC0: Archival started
Completed checkpoint up to RBA
Completed checkpoint up to RBA
ORA-00397: instance recovery process terminated with error
Completed checkpoint up to RBA
Undo initialization finished
Undo initialization finished
Completed checkpoint up to RBA
CRS-01807: An internal cluster configuration command failed in an OCR/OLR operation. Details at TNS_ADMIN in user_sessions .
Undo initialization finished
Completed checkpoint up to RBA
Undo initialization finished
Current log# 803 seq# 4494 mem# 0
ORA-32842: value for property TNS_ADMIN cannot be altered
Archived Log entry 22 added for thread 1 sequence 1115
Archived Log entry 176 added for thread 1 sequence 1435
Current log# 345 seq# 4775 mem# 0
ORA-14155: missing PARTITION or SUBPARTITION keyword
ARC0: Archival started
Current log# 529 seq# 6929 mem# 0
Beginning log switch checkpoint up to RBA
Starting background process VKTM
CRS-04226: Unexpected authorization error while saving the IPMI credentials wallet: CRM.CALL_DETAIL_RECORDS
Archived Log entry 596 added for thread 1 sequence 6498
Starting background process VKTM
NNO-00315: server is listening on address NETWORK_OPS.SIM_INVENTORY
Current log# 451 seq# 5674 mem# 0
Starting background process VKTM
ORA-25328: 1024 argument size TNS_ADMIN is smaller than array size
Beginning log switch checkpoint up to RBA
Thread 1 advanced to log sequence 758
ORA-22163: left hand and right hand side collections are not of same type
Thread 1 advanced to log sequence 927
Current log# 484 seq# 4251 mem# 0
Current log# 902 seq# 1302 mem# 0
Thread 1 advanced to log sequence 775
ORA-41699: maximum number of aggregate operations per rule condition exceeded
Undo initialization finished
Beginning log switch checkpoint up to RBA
Archived Log entry 389 added for thread 1 sequence 3277
ORA-36684: (XSDPART22) You cannot rename values of DIMENSION workspace object because it is the partition dimension of RANGE PARTITION TEMPLATE workspace object
Beginning log switch checkpoint up to RBA
Completed checkpoint up to RBA
Undo initialization finished
Beginning log switch checkpoint up to RBA
RMAN-08102: channel UNDOTBS1 : located backup piece: INVOICE_LINES_IDX
Starting background process VKTM
Thread 1 advanced to log sequence 58
Archived Log entry 480 added for thread 1 sequence 3522
Undo initialization finished
RMAN-06448: uncataloged proxy copy
Errors in file /u01/app/oracle/diag/rdbms/ttprod/ttprod1/trace/ttprod1_ora_35915.trc
Archived Log entry 95 added for thread 1 sequence 2298
Undo initialization finished
Starting background process VKTM
PGU-30120: missing fk_order_customer attribute for parm user_sessions , field BILLING.CUST_ORDERS f# ttprod1
ARC0: Archival started
Current log# 562 seq# 6301 mem# 0
RMAN-06541: Tablespace DATA_TS01 will be included in future whole database backups
ARC0: Archival started
ARC0: Archival started
RMAN-06733: database unregistered from the recovery catalog
Completed checkpoint up to RBA
ARC0: Archival started
Completed checkpoint up to RBA
ORA-25192: invalid option for an index-organized table
Undo initialization finished
ARC0: Archival started
TNS-00261: Interchange Name Community Link Down Time Remaining (secs)
Errors in file /u01/app/oracle/diag/rdbms/ttprod/ttprod1/trace/ttprod1_ora_12754.trc
Archived Log entry 44 added for thread 1 sequence 9942
Beginning log switch checkpoint up to RBA
Starting background process VKTM
RMAN-08620: uncataloged foreign archived log
Archived Log entry 525 added for thread 1 sequence 8640
IMP-00015: following statement failed because the object already exists:
Current log# 558 seq# 7432 mem# 0
Current log# 344 seq# 6154 mem# 0
Beginning log switch checkpoint up to RBA
CRS-01316: Oracle High Availability Service could not determine node list. Details at ttprod2 in ttprod1 .
Errors in file /u01/app/oracle/diag/rdbms/ttprod/ttprod1/trace/ttprod1_ora_60987.trc
ARC0: Archival started
ARC0: Archival started
Starting background process VKTM
Starting background process VKTM
Current log# 127 seq# 1829 mem# 0
EXP-00086: Primary key REFs in table " ttstandby01 "may not be valid on import
Thread 1 advanced to log sequence 761
Completed checkpoint up to RBA
Completed checkpoint up to RBA
Archived Log entry 308 added for thread 1 sequence 9307
Archived Log entry 866 added for thread 1 sequence 3086
PRIF-00013: cluster support services error
Thread 1 advanced to log sequence 473
Current log# 52 seq# 5041 mem# 0
Starting background process VKTM
ORA-28077: The attribute specified ( 17 ) exceeds the maximum length.
ARC0: Archival started
Archived Log entry 695 added for thread 1 sequence 2173
Beginning log switch checkpoint up to RBA
Beginning log switch checkpoint up to RBA
ORA-14189: this physical attribute may not be specified for an index subpartition
Current log# 111 seq# 1828 mem# 0
PGU-39604: TG edit var app_db PLS 5000
Beginning log switch checkpoint up to RBA
Thread 1 advanced to log sequence 337
PROT-00010: Failed to open the specified source cluster registry
Beginning log switch checkpoint up to RBA
Thread 1 advanced to log sequence 791
Beginning log switch checkpoint up to RBA
Starting background process VKTM
ORA-48245: Attempt to Update/Delete when at EOF
ARC0: Archival started
RMAN-07251: Repair script: /u01/app/oracle/oradata/ttprod/users01.dbf
Undo initialization finished
Undo initialization finished
Archived Log entry 966 added for thread 1 sequence 2341
Thread 1 advanced to log sequence 939
Completed checkpoint up to RBA
CLST-02201: node 5000 already exists in the configuration with node number fk_order_customer
Thread 1 advanced to log sequence 966
Thread 1 advanced to log sequence 856
ARC0: Archival started
ORA-32104: cannot retrieve OCI error message
Beginning log switch checkpoint up to RBA
ORA-25209: invalid value app_db , EXPIRATION should be non-negative or NEVER
Errors in file /u01/app/oracle/diag/rdbms/ttprod/ttprod1/trace/ttprod1_ora_74261.trc
Archived Log entry 156 added for thread 1 sequence 6167
Completed checkpoint up to RBA
Undo initialization finished
Current log# 581 seq# 5490 mem# 0
ORA-22628: OCIAnyData already constructed
Errors in file /u01/app/oracle/diag/rdbms/ttprod/ttprod1/trace/ttprod1_ora_80326.trc
Starting background process VKTM
Current log# 334 seq# 1537 mem# 0
ARC0: Archival started
NID-00426: Database ID for database _SYSSMU12$ restored to number .
Completed checkpoint up to RBA
Beginning log switch checkpoint up to RBA
Archived Log entry 984 added for thread 1 sequence 5350
ORA-13545: invalid baseline template name
ARC0: Archival started
Thread 1 advanced to log sequence 958
Starting background process VKTM
Undo initialization finished
Thread 1 advanced to log sequence 493
PCC-02320: arithmetic expression does not have correct operand types
Beginning log switch checkpoint up to RBA
ORA-31640: unable to open dump file " _SYSSMU12$ " for read
Undo initialization finished
Archived Log entry 779 added for thread 1 sequence 5063
ARC0: Archival started
ARC0: Archival started
ORA-24401: cannot open further connections
Errors in file /u01/app/oracle/diag/rdbms/ttprod/ttprod1/trace/ttprod1_ora_96006.trc
Starting background process VKTM
PRKA-02002: Listener already exists
Thread 1 advanced to log sequence 24
Current log# 170 seq# 8545 mem# 0
Archived Log entry 62 added for thread 1 sequence 2523
PCC-02335: body of cursor must name statement identifier
Archived Log entry 659 added for thread 1 sequence 8776
ARC0: Archival started
ARC0: Archival started
Starting background process VKTM
DIA-48117: error encountered when attempting to remove a directory [ SP2-0552 ]
Completed checkpoint up to RBA
Undo initialization finished
Beginning log switch checkpoint up to RBA
NZE-28868: Peer certificate chain check failed.
Starting background process VKTM
Archived Log entry 707 added for thread 1 sequence 3343
Archived Log entry 829 added for thread 1 sequence 9672
Starting background process VKTM
Completed checkpoint up to RBA
RMAN-06176: no recovery required; all files are read only or offline
Archived Log entry 555 added for thread 1 sequence 4289
Starting background process VKTM
ORA-55508: Invalid input to Flashback Transaction Backout
Completed checkpoint up to RBA
RMAN-08150: created global script reporting_schema
Starting background process VKTM
Current log# 231 seq# 2413 mem# 0
Completed checkpoint up to RBA
Completed checkpoint up to RBA
PLS-00311: the declaration of " CRM.CALL_DETAIL_RECORDS " is incomplete or malformed
Current log# 698 seq# 3409 mem# 0
ORA-41027: Error status pg_toast_12345 during OCI operation at 5000
Undo initialization finished
ORA-48211: Illegal Access Mode [ app_db ] [ BILLING.CUST_ORDERS ]
Thread 1 advanced to log sequence 323
PRKH-03016: Invalid arguments
Completed checkpoint up to RBA
Archived Log entry 431 added for thread 1 sequence 4303
Current log# 111 seq# 2978 mem# 0
Undo initialization finished
ORA-15561: workload replay client cannot connect to the remapped connection with conn_id : INVOICE_LINES_IDX
Completed checkpoint up to RBA
Thread 1 advanced to log sequence 213
NPL-00411: incoming ASN.1 NULL encoding has nonzero length of user_sessions
Completed checkpoint up to RBA
ORA-16201: Skip procedure requested to apply statement
Undo initialization finished
Beginning log switch checkpoint up to RBA
Undo initialization finished
ARC0: Archival started
Current log# 302 seq# 1384 mem# 0
ORA-01772: Must specify a value for LEVEL
Thread 1 advanced to log sequence 230
Current log# 374 seq# 2360 mem# 0
Undo initialization finished
ORA-26671: maximum number of pk_orders processes exceeded
Thread 1 advanced to log sequence 829
ORA-25268: didnt dequeue in browse mode with get signature option
Archived Log entry 262 added for thread 1 sequence 2485
Current log# 747 seq# 4152 mem# 0
Beginning log switch checkpoint up to RBA
Beginning log switch checkpoint up to RBA
Completed checkpoint up to RBA
RMAN-12015: configuration for ttprod1 channel number is ignored
Current log# 292 seq# 5760 mem# 0
Current log# 811 seq# 5588 mem# 0
Current log# 424 seq# 7929 mem# 0
Archived Log entry 302 added for thread 1 sequence 6817
ORA-02014: cannot select FOR UPDATE from view with DISTINCT, GROUP BY, etc.
Starting background process VKTM
Beginning log switch checkpoint up to RBA
Archived Log entry 767 added for thread 1 sequence 5857
TNS-12231: TNS:No connection possible to destination
Archived Log entry 373 added for thread 1 sequence 4405
Undo initialization finished
Completed checkpoint up to RBA
Current log# 142 seq# 9454 mem# 0
ORA-24325: this OCI operation is not currently allowed
Errors in file /u01/app/oracle/diag/rdbms/ttprod/ttprod1/trace/ttprod1_ora_42151.trc
Starting background process VKTM
Starting background process VKTM
Starting background process VKTM
ORA-39313: Cannot alter tablespace flashback mode.
Thread 1 advanced to log sequence 893
Undo initialization finished
Beginning log switch checkpoint up to RBA
Current log# 632 seq# 8419 mem# 0
Starting background process VKTM
QSM-01113: HAVING clause of mv, SP2-0552 , is more restrictive than query
Thread 1 advanced to log sequence 226
ORA-03201: the group number specification is invalid
Thread 1 advanced to log sequence 810
Thread 1 advanced to log sequence 7
ARC0: Archival started
ORA-19592: wrong UNDOTBS1 conversation type
Undo initialization finished
CLSS-00002: unable to determine local node number. type PK_CUSTOMER_ACCOUNTS
Errors in file /u01/app/oracle/diag/rdbms/ttprod/ttprod1/trace/ttprod1_ora_48496.trc
Beginning log switch checkpoint up to RBA
Undo initialization finished
Archived Log entry 839 added for thread 1 sequence 8140
Starting background process VKTM
PRCH-01045: Failed while checking status of VIP "{0}"
Beginning log switch checkpoint up to RBA
ORA-38733: Physical size NETWORK_OPS.SIM_INVENTORY less than needed DATA_TS01 .
Errors in file /u01/app/oracle/diag/rdbms/ttprod/ttprod1/trace/ttprod1_ora_34477.trc
Completed checkpoint up to RBA
Completed checkpoint up to RBA
Current log# 725 seq# 4560 mem# 0
Archived Log entry 245 added for thread 1 sequence 6453
Current log# 269 seq# 5688 mem# 0
TNS-00297: Logging Level : 1024
Starting background process VKTM
ORA-27004: invalid blocksize specified
Current log# 180 seq# 1988 mem# 0
Completed checkpoint up to RBA
Completed checkpoint up to RBA
Undo initialization finished
ARC0: Archival started
ORA-30927: Unable to complete execution due to failure in temporary table transformation
Completed checkpoint up to RBA
Current log# 301 seq# 6827 mem# 0
ARC0: Archival started
TNS-00227: Unable to contact pump; Connection Manager declared pump dead
Current log# 211 seq# 4178 mem# 0
Archived Log entry 640 added for thread 1 sequence 7689
Archived Log entry 982 added for thread 1 sequence 1085
CRS-02744: Unable to modify resource ' /u01/app/oracle/oradata/ttprod/users01.dbf ' as this will affect running resources, but the force option was not specified
Archived Log entry 608 added for thread 1 sequence 1364
Archived Log entry 848 added for thread 1 sequence 3401
TNS-00074: * status - get statistics from the process_name
Archived Log entry 510 added for thread 1 sequence 9767
Starting background process VKTM
Starting background process VKTM
Archived Log entry 43 added for thread 1 sequence 4658
ORA-48122: error with opening the ADR block file [ ttprod1 ] [ SP2-0552 ]
Current log# 81 seq# 9881 mem# 0
Completed checkpoint up to RBA
INS-30603: CRS is not running on local node.
Completed checkpoint up to RBA
Current log# 663 seq# 6664 mem# 0
ARC0: Archival started
Beginning log switch checkpoint up to RBA
DRG-13702: Rule not found
Current log# 91 seq# 3855 mem# 0
ARC0: Archival started
Beginning log switch checkpoint up to RBA
ORA-01043: user side memory corruption [ NETWORK_OPS.SIM_INVENTORY ], [ CRM.CALL_DETAIL_RECORDS ], [ ttstandby01 ], [ reporting_schema ]
Beginning log switch checkpoint up to RBA
Completed checkpoint up to RBA
Completed checkpoint up to RBA
Completed checkpoint up to RBA
ORA-16257: Switchover initiated stop apply successfully completed
Current log# 663 seq# 8259 mem# 0
ORA-00482: LMD* process terminated with error
ARC0: Archival started
Thread 1 advanced to log sequence 738
ORA-53126: assertion failure: large pool
Errors in file /u01/app/oracle/diag/rdbms/ttprod/ttprod1/trace/ttprod1_ora_23553.trc
Starting background process VKTM
RMAN-08587: input is copy of datafile 42 : large pool
Undo initialization finished
PLS-00369: no choices may appear with choice OTHERS in an exception handler
Errors in file /u01/app/oracle/diag/rdbms/ttprod/ttprod1/trace/ttprod1_ora_16318.trc
Beginning log switch checkpoint up to RBA
Completed checkpoint up to RBA
Undo initialization finished
PROT-00014: Oracle Cluster Registry to be downgraded has an earlier version
Starting background process VKTM
ORA-26829: Cannot set "DISABLE_ON_ERROR" parameter to 'N'.
Errors in file /u01/app/oracle/diag/rdbms/ttprod/ttprod1/trace/ttprod1_ora_84845.trc
Starting background process VKTM
ARC0: Archival started
ORA-15242: could not set attribute 5000
Undo initialization finished
LSX-00158: base type of "~S" must be simple type or primitive datatype
ARC0: Archival started
Archived Log entry 834 added for thread 1 sequence 7993
Archived Log entry 711 added for thread 1 sequence 5059
PGA-21109: local log name is x' ttprod2 '
Thread 1 advanced to log sequence 184
Thread 1 advanced to log sequence 809
NDFN-00020: missing IPMI userid
ARC0: Archival started
Completed checkpoint up to RBA
ARC0: Archival started
ORA-37115: New OLAP API history is not allowed
Completed checkpoint up to RBA
ORA-00444: background process " CRM.CALL_DETAIL_RECORDS " failed while starting
ARC0: Archival started
ORA-13633: The task _SYSSMU12$ was interrupted and needs to be resumed.
Errors in file /u01/app/oracle/diag/rdbms/ttprod/ttprod1/trace/ttprod1_ora_48424.trc
Current log# 917 seq# 8321 mem# 0
Thread 1 advanced to log sequence 315
PLS-00909: object DATA_TS01 is not declared or insufficient privileges to access object USERS
Errors in file /u01/app/oracle/diag/rdbms/ttprod/ttprod1/trace/ttprod1_ora_87870.trc
Current log# 75 seq# 8959 mem# 0
Thread 1 advanced to log sequence 691
Current log# 589 seq# 2750 mem# 0
Completed checkpoint up to RBA
Archived Log entry 390 added for thread 1 sequence 2235
ORA-30393: a query block in the statement did not rewrite
Thread 1 advanced to log sequence 265
Starting background process VKTM
ORA-19690: backup piece release session_1123 incompatible with Oracle release session_1123
Errors in file /u01/app/oracle/diag/rdbms/ttprod/ttprod1/trace/ttprod1_ora_51070.trc
Undo initialization finished
ORA-33010: (XSAGDNGL04) Relation workspace object is duplicated in the AGGMAP workspace object .
Archived Log entry 992 added for thread 1 sequence 3890
ORA-38451: index is in an inconsistent state
Starting background process VKTM
Thread 1 advanced to log sequence 119
ORA-27507: IPC error disconnecting from a port
ARC0: Archival started
Starting background process VKTM
Current log# 860 seq# 4019 mem# 0
Completed checkpoint up to RBA
ORA-25121: MINIMUM EXTENT value greater than maximum extent size
Current log# 153 seq# 2016 mem# 0
Thread 1 advanced to log sequence 594
ORA-27099: failed to create file
Starting background process VKTM
ORA-08447: syntax error in USAGE clause in mask options
Archived Log entry 438 added for thread 1 sequence 4400
Undo initialization finished
Archived Log entry 135 added for thread 1 sequence 5038
NID-00500: Keyword Description (Default)
Errors in file /u01/app/oracle/diag/rdbms/ttprod/ttprod1/trace/ttprod1_ora_54152.trc
Archived Log entry 851 added for thread 1 sequence 6243
Current log# 706 seq# 6109 mem# 0
Starting background process VKTM
ORA-00741: logfile size of ( large pool ) blocks exceeds maximum logfile size
Thread 1 advanced to log sequence 669
Beginning log switch checkpoint up to RBA
Beginning log switch checkpoint up to RBA
Archived Log entry 882 added for thread 1 sequence 2306
Current log# 503 seq# 1913 mem# 0
ORA-36840: (XSLMGEN10) Cube user_sessions . large pool has no measures
Thread 1 advanced to log sequence 139
Archived Log entry 751 added for thread 1 sequence 8055
Starting background process VKTM
ARC0: Archival started
Beginning log switch checkpoint up to RBA
ORA-02087: object locked by another process in same transaction
ARC0: Archival started
ORA-25270: sender info does not match with the actual sender of the message
Thread 1 advanced to log sequence 652
Archived Log entry 63 added for thread 1 sequence 8222
Beginning log switch checkpoint up to RBA
RMAN-08141: channel ttprod2 : specifying datafile(s) for validation
Archived Log entry 981 added for thread 1 sequence 6710
ORA-14221: Dictionary managed tablespace cannot be used for this operation
Errors in file /u01/app/oracle/diag/rdbms/ttprod/ttprod1/trace/ttprod1_ora_11747.trc
Completed checkpoint up to RBA
Current log# 817 seq# 2915 mem# 0
ORA-29364: plan directive DATA_TS01 , /u01/app/oracle/oradata/ttprod/users01.dbf already exists
Starting background process VKTM
ARC0: Archival started
Beginning log switch checkpoint up to RBA
RMAN-08180: channel USERS : restore complete, elapsed time: BILLING.CUST_ORDERS
Errors in file /u01/app/oracle/diag/rdbms/ttprod/ttprod1/trace/ttprod1_ora_23148.trc
Beginning log switch checkpoint up to RBA
Starting background process VKTM
ORA-13527: invalid baseline name
ARC0: Archival started
Starting background process VKTM
Starting background process VKTM
Current log# 729 seq# 6526 mem# 0
ORA-54667: query element cannot be matched to an element in source geometry ( shared pool )
Current log# 749 seq# 4342 mem# 0
Archived Log entry 669 added for thread 1 sequence 5289
Current log# 175 seq# 9193 mem# 0
ARC0: Archival started
RMAN-06515: archived logs required to recover from this copy will expire when this copy expires
Errors in file /u01/app/oracle/diag/rdbms/ttprod/ttprod1/trace/ttprod1_ora_43848.trc
Undo initialization finished
Starting background process VKTM
ORA-19910: can not change recovery target incarnation in control file
Starting background process VKTM
Undo initialization finished
Current log# 911 seq# 8499 mem# 0
KUP-05009: Warning: Intra source concurrency disabled because the input data is in VARIABLE record format.
Archived Log entry 801 added for thread 1 sequence 5700
Undo initialization finished
ARC0: Archival started
Thread 1 advanced to log sequence 736
Current log# 336 seq# 7046 mem# 0
ORA-46066: Inactivity Timeout not specified
ARC0: Archival started
Current log# 314 seq# 7869 mem# 0
RMAN-04031: initialization parameters used for automatic instance: TNS_ADMIN
Completed checkpoint up to RBA
Undo initialization finished
Thread 1 advanced to log sequence 951
Current log# 956 seq# 4597 mem# 0
ORA-26723: user " NETWORK_OPS.SIM_INVENTORY " requires the role " APP_USER42 "
Completed checkpoint up to RBA
Thread 1 advanced to log sequence 347
Archived Log entry 215 added for thread 1 sequence 8721
TNS-00300: ***Disabling Interchange : pg_toast_12345
Undo initialization finished
Completed checkpoint up to RBA
ARC0: Archival started
ORA-37074: (XSMCSESS02) Variable workspace object has no default aggmap.
Archived Log entry 560 added for thread 1 sequence 5959
Undo initialization finished
Current log# 71 seq# 4220 mem# 0
Current log# 593 seq# 7179 mem# 0
ORA-02839: Sync of blocks to disk failed.
Undo initialization finished
ARC0: Archival started
Starting background process VKTM
Current log# 632 seq# 9773 mem# 0
Beginning log switch checkpoint up to RBA
JMS-00417: Invalid Navigation mode
Archived Log entry 688 added for thread 1 sequence 2800
Beginning log switch checkpoint up to RBA
Completed checkpoint up to RBA
ORA-09940: ORACLE password file header is corrupt
Starting background process VKTM
Beginning log switch checkpoint up to RBA
Current log# 13 seq# 6363 mem# 0
Undo initialization finished
Starting background process VKTM
ORA-25189: illegal ALTER TABLE option for an index-organized table
Errors in file /u01/app/oracle/diag/rdbms/ttprod/ttprod1/trace/ttprod1_ora_33713.trc
Starting background process VKTM
Thread 1 advanced to log sequence 448
ORA-28059: Cross-instance call failed
Beginning log switch checkpoint up to RBA
Starting background process VKTM
Archived Log entry 839 added for thread 1 sequence 1858
ARC0: Archival started
PRKU-01057: The home being deconfigured is NOT a configured Grid Infrastructure home ({0})
Undo initialization finished
Undo initialization finished
Thread 1 advanced to log sequence 101
Starting background process VKTM
RMAN-08115: channel 17 : restoring SPFILE
Starting background process VKTM
ARC0: Archival started
Starting background process VKTM
PRVF-04097: Node "{0}" is not reachable
Undo initialization finished
ORA-64147: Invalid use of NONBLOCKING COMPLETE or ABORT.
Thread 1 advanced to log sequence 215
Completed checkpoint up to RBA
ARC0: Archival started
Undo initialization finished
RMAN-08526: channel /u01/app/oracle/oradata/ttprod/users01.dbf : DATA_TS01
Current log# 245 seq# 6124 mem# 0
Thread 1 advanced to log sequence 772
Completed checkpoint up to RBA
Starting background process VKTM
ORA-31421: change table does not exist
Undo initialization finished
Beginning log switch checkpoint up to RBA
Starting background process VKTM
Completed checkpoint up to RBA
Completed checkpoint up to RBA
RMAN-08600: ASM disk group to search: PK_CUSTOMER_ACCOUNTS
Starting background process VKTM
ARC0: Archival started
Archived Log entry 356 added for thread 1 sequence 7290
ARC0: Archival started
TNS-04049: Specified connections do not exist
Starting background process VKTM
Current log# 403 seq# 7002 mem# 0
Undo initialization finished
PLW-06011: detailed dependency information discarded due to size limitations
Beginning log switch checkpoint up to RBA
Undo initialization finished
ARC0: Archival started
Starting background process VKTM
Thread 1 advanced to log sequence 628
ORA-35020: (QFCHECK02) The analytic workspace and EIF file definitions of workspace object have mismatched dimensioning.
Errors in file /u01/app/oracle/diag/rdbms/ttprod/ttprod1/trace/ttprod1_ora_64163.trc
Archived Log entry 525 added for thread 1 sequence 5035
Undo initialization finished
PRCN-02037: Failed to retrieve Oracle home for {0}
Thread 1 advanced to log sequence 560
Beginning log switch checkpoint up to RBA
Archived Log entry 949 added for thread 1 sequence 7138
ORA-38960: File UNDOTBS1 from platform TNS_ADMIN is not compatible with current platform APP_USER42
Errors in file /u01/app/oracle/diag/rdbms/ttprod/ttprod1/trace/ttprod1_ora_64318.trc
Beginning log switch checkpoint up to RBA
Undo initialization finished
ARC0: Archival started
Undo initialization finished
ORA-22619: all collection elements have already been accessed
Errors in file /u01/app/oracle/diag/rdbms/ttprod/ttprod1/trace/ttprod1_ora_10321.trc
Completed checkpoint up to RBA
Beginning log switch checkpoint up to RBA
Starting background process VKTM
Archived Log entry 295 added for thread 1 sequence 5746
ORA-24503: codepoint length overflows for piecewise operation
ARC0: Archival started
ARC0: Archival started
ARC0: Archival started
ORA-18175: FTDY0016 weights invalid
ARC0: Archival started
Beginning log switch checkpoint up to RBA
RMAN-06198: _SYSSMU12$ pg_toast_12345 bytes
Current log# 475 seq# 7972 mem# 0
ORA-17501: logical block size 42 is invalid
Thread 1 advanced to log sequence 752
ORA-31206: DBMS_LDAP: PL/SQL - Invalid LDAP search scope.
Thread 1 advanced to log sequence 825
Completed checkpoint up to RBA
Undo initialization finished
ORA-00071: process number must be between 1 and CRM.CALL_DETAIL_RECORDS
Beginning log switch checkpoint up to RBA
Current log# 662 seq# 8192 mem# 0
ORA-15183: ASMLIB initialization error [ app_db ]
Thread 1 advanced to log sequence 675
Archived Log entry 218 added for thread 1 sequence 5562
ORA-16120: dependencies being computed for transaction at SCN SYSAUX
Starting background process VKTM
Undo initialization finished
Undo initialization finished
PCC-00078: FIPS warning: Invalid ANSI SQL Identifier
Current log# 755 seq# 8413 mem# 0
Starting background process VKTM
ARC0: Archival started
Starting background process VKTM
Beginning log switch checkpoint up to RBA
ORA-20001: User-defined application error
Beginning log switch checkpoint up to RBA
Completed checkpoint up to RBA
Archived Log entry 127 added for thread 1 sequence 7281
Undo initialization finished
Completed checkpoint up to RBA
DIA-48202: Illegal Identifier [ 5000 ] [ UNDOTBS1 ]
Completed checkpoint up to RBA
Undo initialization finished
Starting background process VKTM
Current log# 321 seq# 7512 mem# 0
Undo initialization finished
CRS-05705: Failed to get required resources
Starting background process VKTM
Archived Log entry 239 added for thread 1 sequence 7887
Archived Log entry 14 added for thread 1 sequence 5274
Current log# 587 seq# 3616 mem# 0
Current log# 66 seq# 7321 mem# 0
EVM-00013: Failed to read from EVM listening connection
Undo initialization finished
Thread 1 advanced to log sequence 425
Beginning log switch checkpoint up to RBA
ARC0: Archival started
PGU-41144: default PKGCALL parameter truncated to shared pool
Current log# 88 seq# 3581 mem# 0
Thread 1 advanced to log sequence 190
Thread 1 advanced to log sequence 515
NPL-00418: received malformed ASN.1 object identifier
Errors in file /u01/app/oracle/diag/rdbms/ttprod/ttprod1/trace/ttprod1_ora_45045.trc
Beginning log switch checkpoint up to RBA
Undo initialization finished
Current log# 963 seq# 6393 mem# 0
Undo initialization finished
ORA-06006: NETASY: dialogue execute failure
Thread 1 advanced to log sequence 448
Completed checkpoint up to RBA
Starting background process VKTM
ARC0: Archival started
Starting background process VKTM
ORA-15151: missing or invalid version number for rolling migration
Beginning log switch checkpoint up to RBA
Current log# 569 seq# 1126 mem# 0
Starting background process VKTM
ORA-13515: Error encountered during Database Usage Statistics capture
Errors in file /u01/app/oracle/diag/rdbms/ttprod/ttprod1/trace/ttprod1_ora_39771.trc
Starting background process VKTM
Undo initialization finished
Completed checkpoint up to RBA
TNS-12687: Credentials expired.
Undo initialization finished
Beginning log switch checkpoint up to RBA
Current log# 354 seq# 7033 mem# 0
ORA-56720: I/O data limit exceeded - call aborted
Errors in file /u01/app/oracle/diag/rdbms/ttprod/ttprod1/trace/ttprod1_ora_93623.trc
Beginning log switch checkpoint up to RBA
ORA-13014: a topology identifier outside the range of 1 to 8 was specified
ARC0: Archival started
Undo initialization finished
ORA-14613: Attempt to generate name from parent name 1024 and template name user_sessions failed as the combine named would have been longer than allowed
Completed checkpoint up to RBA
Starting background process VKTM
Completed checkpoint up to RBA
Archived Log entry 811 added for thread 1 sequence 1057
Completed checkpoint up to RBA
ORA-24091: Destination queue INVOICE_LINES_IDX is the same as the source queue
Errors in file /u01/app/oracle/diag/rdbms/ttprod/ttprod1/trace/ttprod1_ora_78281.trc
Completed checkpoint up to RBA
Completed checkpoint up to RBA
Beginning log switch checkpoint up to RBA
NID-00442: Database has been shutdown, open database with RESETLOGS option.
ARC0: Archival started
IMG-00852: image index free failed
Completed checkpoint up to RBA
Completed checkpoint up to RBA
ARC0: Archival started
PCC-00107: The CONNECT statement is Oracle implementation dependent
Completed checkpoint up to RBA
Current log# 703 seq# 5013 mem# 0
ORA-14003: GLOBAL clause contradicts previosly specified LOCAL clause
Current log# 68 seq# 7154 mem# 0
Current log# 404 seq# 3085 mem# 0
Completed checkpoint up to RBA
Completed checkpoint up to RBA
TNS-12151: TNS:received bad packet type from network layer
Archived Log entry 359 added for thread 1 sequence 6823
Completed checkpoint up to RBA
ORA-02219: invalid NEXT storage option value
Thread 1 advanced to log sequence 578
Completed checkpoint up to RBA
Beginning log switch checkpoint up to RBA
Current log# 529 seq# 5885 mem# 0
DRG-11005: invalid create index parameter ttprod1
Completed checkpoint up to RBA
CRS-01649: An I/O error occured for voting file: large pool ; details at SP2-0552 in idx_users_email .
Completed checkpoint up to RBA
Completed checkpoint up to RBA
Thread 1 advanced to log sequence 334
Starting background process VKTM
Current log# 439 seq# 1845 mem# 0
NNO-00851: LDAP open/bind failed: error = number
Archived Log entry 380 added for thread 1 sequence 6390
Thread 1 advanced to log sequence 331
Starting background process VKTM
Starting background process VKTM
Archived Log entry 924 added for thread 1 sequence 8246
DIA-48310: Incident DATA_TS01 staging file not found
Archived Log entry 23 added for thread 1 sequence 7285
Beginning log switch checkpoint up to RBA
ARC0: Archival started
Undo initialization finished
Undo initialization finished
ORA-24326: handle passed in is already initialized
Starting background process VKTM
ORA-19501: read error on file " DATA_TS01 ", block number pg_toast_12345 (block size= pg_toast_12345 )
Errors in file /u01/app/oracle/diag/rdbms/ttprod/ttprod1/trace/ttprod1_ora_89774.trc
Completed checkpoint up to RBA
Completed checkpoint up to RBA
ORA-12547: TNS:lost contact
Beginning log switch checkpoint up to RBA
Beginning log switch checkpoint up to RBA
Undo initialization finished
RMAN-06404: database dismounted
Thread 1 advanced to log sequence 988
Beginning log switch checkpoint up to RBA
PGA-21206: error selecting PGA_2PC_LUS row for partner LU ttprod2
Beginning log switch checkpoint up to RBA
Undo initialization finished
Current log# 212 seq# 9413 mem# 0
Current log# 897 seq# 2236 mem# 0
Current log# 345 seq# 3617 mem# 0
ORA-01916: keyword ONLINE, OFFLINE, RESIZE, AUTOEXTEND or END/DROP expected
Errors in file /u01/app/oracle/diag/rdbms/ttprod/ttprod1/trace/ttprod1_ora_91597.trc
Beginning log switch checkpoint up to RBA
Beginning log switch checkpoint up to RBA
Current log# 504 seq# 1982 mem# 0
NNO-00331: error saving new value INVOICE_LINES_IDX of large pool to the save config table.
Completed checkpoint up to RBA
ORA-31617: unable to open dump file " fk_order_customer " for write
Errors in file /u01/app/oracle/diag/rdbms/ttprod/ttprod1/trace/ttprod1_ora_10260.trc
Completed checkpoint up to RBA
Thread 1 advanced to log sequence 886
LPX-00825: Can't compile the element:
Completed checkpoint up to RBA
Archived Log entry 990 added for thread 1 sequence 6318
Thread 1 advanced to log sequence 942
Starting background process VKTM
Undo initialization finished
NID-00508: HELP Displays these messages NO
Current log# 299 seq# 8258 mem# 0
ARC0: Archival started
Current log# 355 seq# 8770 mem# 0
Current log# 350 seq# 5398 mem# 0
RMAN-06925: BFILEs are used in the system, please redefine them in the transported database
ARC0: Archival started
Completed checkpoint up to RBA
Completed checkpoint up to RBA
RMAN-08159: executing global script: PK_CUSTOMER_ACCOUNTS
Current log# 314 seq# 2772 mem# 0
Current log# 764 seq# 3945 mem# 0
Current log# 787 seq# 4340 mem# 0
Starting background process VKTM
PRKO-02000: Invalid command line syntax for a single instance database
Starting background process VKTM
ARC0: Archival started
Beginning log switch checkpoint up to RBA
Thread 1 advanced to log sequence 216
Beginning log switch checkpoint up to RBA
PRCR-01129: Failed to upgrade resource type {0}
Errors in file /u01/app/oracle/diag/rdbms/ttprod/ttprod1/trace/ttprod1_ora_48796.trc
Starting background process VKTM
Thread 1 advanced to log sequence 451
ORA-02187: invalid quota specification
Thread 1 advanced to log sequence 545
Starting background process VKTM
RMAN-07520: Reason: Data pump dump file
Completed checkpoint up to RBA
Archived Log entry 922 added for thread 1 sequence 2589
Completed checkpoint up to RBA
CRS-02509: Resource type ' TNS_ADMIN ' used in dependency ' user_sessions ' does not exist or is not registered
Completed checkpoint up to RBA
Beginning log switch checkpoint up to RBA
Starting background process VKTM
ORA-16652: fast-start failover target standby database is disabled
Thread 1 advanced to log sequence 161
Completed checkpoint up to RBA
Current log# 951 seq# 9191 mem# 0
Thread 1 advanced to log sequence 257
RMAN-06482: WARNING: proxy copy ' pk_orders ' cannot be found on the storage medium
ARC0: Archival started
Completed checkpoint up to RBA
ORA-13200: internal error [ UNDOTBS1 ] in spatial indexing.
Beginning log switch checkpoint up to RBA
ORA-39056: invalid log file specification.
Starting background process VKTM
ARC0: Archival started
Undo initialization finished
Completed checkpoint up to RBA
ORA-13011: value is out of range
Completed checkpoint up to RBA
Archived Log entry 650 added for thread 1 sequence 2049
Beginning log switch checkpoint up to RBA
Thread 1 advanced to log sequence 447
Archived Log entry 150 added for thread 1 sequence 9800
OCI-00602: internal programming exception
Undo initialization finished
ARC0: Archival started
ORA-08455: syntax error in CURRENCY SIGN environment clause
Starting background process VKTM
Undo initialization finished
Completed checkpoint up to RBA
PCC-00077: Colon usage with numeric label in WHENEVER statement is not ANSI
Errors in file /u01/app/oracle/diag/rdbms/ttprod/ttprod1/trace/ttprod1_ora_61867.trc
Undo initialization finished
ORA-26827: Insufficient privileges to attach to XStream outbound server " TNS_ADMIN ".
Errors in file /u01/app/oracle/diag/rdbms/ttprod/ttprod1/trace/ttprod1_ora_42547.trc
Archived Log entry 263 added for thread 1 sequence 4593
IMP-00095: Resumable parameters ignored -- current session not resumable
Thread 1 advanced to log sequence 902
ARC0: Archival started
Archived Log entry 647 added for thread 1 sequence 4938
Undo initialization finished
RMAN-08161: contents of Memory Script:
Undo initialization finished
Archived Log entry 95 added for thread 1 sequence 7676
RMAN-00703: The cmdfile has no syntax errors
Current log# 212 seq# 5351 mem# 0
Completed checkpoint up to RBA
Starting background process VKTM
Current log# 570 seq# 3033 mem# 0
PGA-21112: creating new log entry for partner LU 1024
Starting background process VKTM
Thread 1 advanced to log sequence 355
Current log# 754 seq# 5321 mem# 0
Current log# 487 seq# 3574 mem# 0
Completed checkpoint up to RBA
OCI-21701: attempt to flush objects to different servers
Archived Log entry 910 added for thread 1 sequence 1761
Thread 1 advanced to log sequence 523
Starting background process VKTM
Undo initialization finished
ORA-06705: TLI Driver: remote node is unknown
ARC0: Archival started
Undo initialization finished
Beginning log switch checkpoint up to RBA
Archived Log entry 204 added for thread 1 sequence 2451
Beginning log switch checkpoint up to RBA
ORA-12676: Server received internal error from client
Errors in file /u01/app/oracle/diag/rdbms/ttprod/ttprod1/trace/ttprod1_ora_73006.trc
Thread 1 advanced to log sequence 8
ARC0: Archival started
ARC0: Archival started
RMAN-06554: WARNING: file 42 is in backup mode
Current log# 195 seq# 8073 mem# 0
Beginning log switch checkpoint up to RBA
Completed checkpoint up to RBA
Current log# 136 seq# 9364 mem# 0
Beginning log switch checkpoint up to RBA
PRKO-02001: Invalid command line syntax
Thread 1 advanced to log sequence 134
Undo initialization finished
Thread 1 advanced to log sequence 760
Archived Log entry 773 added for thread 1 sequence 7863
ORA-00282: UPI 42 call not supported, use ALTER DATABASE RECOVER
Undo initialization finished
RMAN-08150: created global script app_db
Starting background process VKTM
Archived Log entry 662 added for thread 1 sequence 2769
Completed checkpoint up to RBA
ARC0: Archival started
RMAN-08615: channel fk_order_customer
Errors in file /u01/app/oracle/diag/rdbms/ttprod/ttprod1/trace/ttprod1_ora_50780.trc
Archived Log entry 682 added for thread 1 sequence 6122
ARC0: Archival started
ORA-38487: FUNCTION/PACKAGE/TYPE " shared pool " not allowed in the expression
Starting background process VKTM
Completed checkpoint up to RBA
Undo initialization finished
Beginning log switch checkpoint up to RBA
RMAN-06570: datafile number switched to datafile copy " _SYSSMU12$ "
Errors in file /u01/app/oracle/diag/rdbms/ttprod/ttprod1/trace/ttprod1_ora_63728.trc
Completed checkpoint up to RBA
Undo initialization finished
ORA-12161: TNS:internal error: partial data received
Starting background process VKTM
Thread 1 advanced to log sequence 406
Starting background process VKTM
Thread 1 advanced to log sequence 195
Current log# 310 seq# 1544 mem# 0
TNS-12564: TNS:connection refused
Current log# 635 seq# 6695 mem# 0
Starting background process VKTM
Starting background process VKTM
ARC0: Archival started
RMAN-08022: channel USERS : restoring archived log
Thread 1 advanced to log sequence 80
Undo initialization finished
Beginning log switch checkpoint up to RBA
PGA-21450: communication error: ' user_sessions ' failed, errno = number
Current log# 191 seq# 2564 mem# 0
Starting background process VKTM
ARC0: Archival started
PCB-00400: pk_orders
Completed checkpoint up to RBA
Thread 1 advanced to log sequence 508
Starting background process VKTM
Current log# 763 seq# 7976 mem# 0
NNO-00617: enabling AUTHORITY-REQUIRED on system queries
Thread 1 advanced to log sequence 521
Starting background process VKTM
ARC0: Archival started
Undo initialization finished
Starting background process VKTM
PRCR-01068: Failed to query resources
Current log# 320 seq# 4510 mem# 0
Beginning log switch checkpoint up to RBA
ORA-48208: Duplicate Field Names [ DATA_TS01 ]
Undo initialization finished
Archived Log entry 899 added for thread 1 sequence 6925
Undo initialization finished
Completed checkpoint up to RBA
EVM-00307: Filter 5000 invalid for " ttprod1 "
Completed checkpoint up to RBA
Beginning log switch checkpoint up to RBA
Completed checkpoint up to RBA
Current log# 148 seq# 1845 mem# 0
XOQ-01993: The data type of base attribute " session_1123 " or its mapped expression is incompatible with materialized views.
Starting background process VKTM
Archived Log entry 668 added for thread 1 sequence 2956
Current log# 379 seq# 3697 mem# 0
ORA-12213: TNS:incomplete PREFERRED_CMANAGERS binding in TNSNAV.ORA
Starting background process VKTM
ARC0: Archival started
RMAN-06931: Cannot specify FROM PLATFORM clause
Thread 1 advanced to log sequence 998
Completed checkpoint up to RBA
Undo initialization finished
Undo initialization finished
Archived Log entry 554 added for thread 1 sequence 2991
ORA-53054: An editDataModel session already exists.
Thread 1 advanced to log sequence 733
RMAN-08513: datafile copy file name= app_db RECID= ttstandby01 STAMP= 3
Completed checkpoint up to RBA
Starting background process VKTM
PRCH-01026: Failed to stop ASM
Starting background process VKTM
ARC0: Archival started
Completed checkpoint up to RBA
Current log# 533 seq# 7825 mem# 0
Thread 1 advanced to log sequence 435
RMAN-08523: restoring datafile _SYSSMU7$ to UNDOTBS1
Errors in file /u01/app/oracle/diag/rdbms/ttprod/ttprod1/trace/ttprod1_ora_11737.trc
Archived Log entry 26 added for thread 1 sequence 1318
IMG-00548: invalid interleave specified
Beginning log switch checkpoint up to RBA
ARC0: Archival started
EXP-00024: Export views not installed, please notify your DBA
Thread 1 advanced to log sequence 510
Completed checkpoint up to RBA
Current log# 256 seq# 6363 mem# 0
Completed checkpoint up to RBA
RMAN-07528: number of files not managed by recovery area is UNDOTBS1 , totaling INVOICE_LINES_IDX
Archived Log entry 557 added for thread 1 sequence 8753
Thread 1 advanced to log sequence 918
Current log# 234 seq# 5917 mem# 0
CRS-02554: Server pool ' ttprod1 ' cannot be unregistered as it is referenced by resource ' 5000 '
Starting background process VKTM
Undo initialization finished
Thread 1 advanced to log sequence 383
Starting background process VKTM
NNO-00308: server will restart in number seconds
Thread 1 advanced to log sequence 494
RMAN-06792: database db_unique_name is " ttstandby01 ", db_name is " PK_CUSTOMER_ACCOUNTS " and DBID is fk_order_customer
Errors in file /u01/app/oracle/diag/rdbms/ttprod/ttprod1/trace/ttprod1_ora_19090.trc
Starting background process VKTM
Completed checkpoint up to RBA
Completed checkpoint up to RBA
Archived Log entry 891 added for thread 1 sequence 5137
Undo initialization finished
ORA-38443: An attribute set should be assigned to the expression set for statistics collection.
Undo initialization finished
Undo initialization finished
Completed checkpoint up to RBA
Starting background process VKTM
Thread 1 advanced to log sequence 727
PRVF-05816: Unable to query the test DNS server started on address "{0}", listening on port {1}
Current log# 882 seq# 4281 mem# 0
CRS-02795: Shutdown of Oracle High Availability Services-managed resources on ' TNS_ADMIN ' has failed
Errors in file /u01/app/oracle/diag/rdbms/ttprod/ttprod1/trace/ttprod1_ora_12661.trc
Archived Log entry 50 added for thread 1 sequence 5914
Undo initialization finished
Completed checkpoint up to RBA
Beginning log switch checkpoint up to RBA
PRCS-01016: Failed to resolve Single Client Access Name {0}
Archived Log entry 441 added for thread 1 sequence 8154
Completed checkpoint up to RBA
Starting background process VKTM
Thread 1 advanced to log sequence 85
TNS-00115: Could not allocate pump global buffers
Current log# 423 seq# 7522 mem# 0
Beginning log switch checkpoint up to RBA
ORA-40262: NMF: number of features not between [1, reporting_schema ]
Starting background process VKTM
ARC0: Archival started
Completed checkpoint up to RBA
PLS-01917: illegal reference to package STANDARD item ' shared pool '
Errors in file /u01/app/oracle/diag/rdbms/ttprod/ttprod1/trace/ttprod1_ora_83564.trc
Archived Log entry 362 added for thread 1 sequence 9697
ARC0: Archival started
Thread 1 advanced to log sequence 511
Undo initialization finished
PCC-00075: ":" expected before indicator variable
ARC0: Archival started
Undo initialization finished
Beginning log switch checkpoint up to RBA
Completed checkpoint up to RBA
ARC0: Archival started
ORA-06005: NETASY: dialogue file read failure
ARC0: Archival started
Thread 1 advanced to log sequence 969
Thread 1 advanced to log sequence 625
RMAN-06781: SYSAUX package version shared pool in source database is not of version large pool
Archived Log entry 469 added for thread 1 sequence 3972
Undo initialization finished
ORA-12709: error while loading create database character set
Thread 1 advanced to log sequence 372
Archived Log entry 229 added for thread 1 sequence 2700
Starting background process VKTM
ORA-38427: attribute 3 does not exist
Thread 1 advanced to log sequence 535
ORA-02490: missing required file size in RESIZE clause
Thread 1 advanced to log sequence 998
Completed checkpoint up to RBA
Current log# 956 seq# 5331 mem# 0
RMAN-08138: WARNING: archived log not deleted - must create more backups
Current log# 704 seq# 8314 mem# 0
PLW-05019: the language element near keyword BILLING.CUST_ORDERS is deprecated beginning with version _SYSSMU12$
Beginning log switch checkpoint up to RBA
ARC0: Archival started
Undo initialization finished
Current log# 469 seq# 6998 mem# 0
ORA-06406: NETCMN: error sending break message
Current log# 65 seq# 2197 mem# 0
Beginning log switch checkpoint up to RBA
ORA-26735: operation not allowed on the specified file group version
Completed checkpoint up to RBA
Beginning log switch checkpoint up to RBA
Starting background process VKTM
Starting background process VKTM
RMAN-08119: skipping backup piece handle large pool ; already exists
Undo initialization finished
RMAN-05602: restarting auxiliary database without server parameter file
Beginning log switch checkpoint up to RBA
Undo initialization finished
Starting background process VKTM
ORA-39143: dump file " PK_CUSTOMER_ACCOUNTS " may be an original export dump file
Errors in file /u01/app/oracle/diag/rdbms/ttprod/ttprod1/trace/ttprod1_ora_75188.trc
ARC0: Archival started
Current log# 974 seq# 7656 mem# 0
Undo initialization finished
ARC0: Archival started
CRS-02766: Received state change for disabled resource ' reporting_schema ' from server ' /u01/app/oracle/oradata/ttprod/users01.dbf '.
Errors in file /u01/app/oracle/diag/rdbms/ttprod/ttprod1/trace/ttprod1_ora_17147.trc
Starting background process VKTM
ARC0: Archival started
Undo initialization finished
Starting background process VKTM
ORA-09978: skxfqhdel: Error Disconnecting from another endpoint.
Thread 1 advanced to log sequence 931
Beginning log switch checkpoint up to RBA
Starting background process VKTM
ARC0: Archival started
Beginning log switch checkpoint up to RBA
RMAN-08009: channel CRM.CALL_DETAIL_RECORDS : starting archived log backup set
Undo initialization finished
Current log# 464 seq# 6111 mem# 0
DRG-50853: fetch error
ARC0: Archival started
Starting background process VKTM
Thread 1 advanced to log sequence 867
CRS-02564: Failed to relocate resource ' session_1123 '. Will attempt to restore it on ' 5000 ' now.
ARC0: Archival started
Current log# 878 seq# 3305 mem# 0
Thread 1 advanced to log sequence 347
Starting background process VKTM
LSX-00272: BASE64-encoded binary grouped improperly (not 4's)
Current log# 886 seq# 7211 mem# 0
PLS-00754: illegal reference to editioned object pg_toast_12345
Current log# 217 seq# 8405 mem# 0
Undo initialization finished
ORA-28356: invalid open wallet syntax
Errors in file /u01/app/oracle/diag/rdbms/ttprod/ttprod1/trace/ttprod1_ora_28872.trc
Starting background process VKTM
Current log# 706 seq# 7262 mem# 0
Thread 1 advanced to log sequence 412
ARC0: Archival started
Completed checkpoint up to RBA
PGA-21111: partner log name is x' 17 '
Completed checkpoint up to RBA
ARC0: Archival started
ARC0: Archival started
ARC0: Archival started
Beginning log switch checkpoint up to RBA
PCC-02336: host variable expression has invalid type
Undo initialization finished
PRCR-01121: Value of parameter "{0}" cannot be null or empty
Starting background process VKTM
Starting background process VKTM
Completed checkpoint up to RBA
Completed checkpoint up to RBA
Current log# 370 seq# 6391 mem# 0
KUP-04010: file does not exist
Errors in file /u01/app/oracle/diag/rdbms/ttprod/ttprod1/trace/ttprod1_ora_46187.trc
Thread 1 advanced to log sequence 430
JMS-00231: Consumers on temporary destination must belong to the same
Undo initialization finished
Current log# 79 seq# 6678 mem# 0
DRG-11212: procedure filter procedure name contains a semicolon
Undo initialization finished
Starting background process VKTM
Current log# 716 seq# 3933 mem# 0
ARC0: Archival started
ARC0: Archival started
ORA-19880: Corrupted space header for datafile 3 , block 1024
Current log# 682 seq# 1518 mem# 0
Archived Log entry 695 added for thread 1 sequence 6560
Completed checkpoint up to RBA
Undo initialization finished
NNL-00344: Save_config_on_stop is currently ON
Completed checkpoint up to RBA
Starting background process VKTM
Current log# 658 seq# 5015 mem# 0
Current log# 412 seq# 3368 mem# 0
ORA-41617: action preference name " 42 " collides with an event attribute name
Beginning log switch checkpoint up to RBA
Starting background process VKTM
ARC0: Archival started
ORA-27453: pk_orders is an invalid job or program argument name.
Undo initialization finished
Beginning log switch checkpoint up to RBA
Thread 1 advanced to log sequence 348
Starting background process VKTM
PGU-30234: attribute array for 5000 exceeded by PG DD rows > UNDOTBS1
Beginning log switch checkpoint up to RBA
ARC0: Archival started
ARC0: Archival started
Undo initialization finished
RMAN-06178: datafile number not processed because file is offline
Errors in file /u01/app/oracle/diag/rdbms/ttprod/ttprod1/trace/ttprod1_ora_84643.trc
Starting background process VKTM
Archived Log entry 780 added for thread 1 sequence 2127
PRKO-02576: ONS is already enabled.
Beginning log switch checkpoint up to RBA
Current log# 256 seq# 4535 mem# 0
Archived Log entry 747 added for thread 1 sequence 5537
TNS-04078: Unable to resume atleast one of the gateways.
Archived Log entry 96 added for thread 1 sequence 1167
Archived Log entry 671 added for thread 1 sequence 2308
Undo initialization finished
Current log# 802 seq# 5304 mem# 0
XOQ-01948: CubeDimensionality " NETWORK_OPS.SIM_INVENTORY " is mapped by more than one CubeDimensionalityMap.
ARC0: Archival started
ORA-39309: Cannot alter tablespace between bigfile and smallfile.
Errors in file /u01/app/oracle/diag/rdbms/ttprod/ttprod1/trace/ttprod1_ora_44875.trc
Completed checkpoint up to RBA
RMAN-06616: RMAN output not resynced for database with DB_UNIQUE_NAME CRM.CALL_DETAIL_RECORDS
ARC0: Archival started
RMAN-08070: deleted datafile copy
Completed checkpoint up to RBA
ORA-24248: XML DB extensible security not installed
Beginning log switch checkpoint up to RBA
Beginning log switch checkpoint up to RBA
ORA-19723: Cannot recreate plugged in read-only datafile user_sessions
Errors in file /u01/app/oracle/diag/rdbms/ttprod/ttprod1/trace/ttprod1_ora_73912.trc
Archived Log entry 562 added for thread 1 sequence 3254
Completed checkpoint up to RBA
NNL-00983: Name-to-hint translations: number
Errors in file /u01/app/oracle/diag/rdbms/ttprod/ttprod1/trace/ttprod1_ora_48487.trc
ARC0: Archival started
ORA-02486: Error in writing trace file session_1123
Errors in file /u01/app/oracle/diag/rdbms/ttprod/ttprod1/trace/ttprod1_ora_35075.trc
Starting background process VKTM
ORA-18108: XUDY0009 - Invalid target expression for REPLACE
Starting background process VKTM
Undo initialization finished
ARC0: Archival started
JMS-00448: Invalid Content-Type
Thread 1 advanced to log sequence 241
Starting background process VKTM
Thread 1 advanced to log sequence 105
ORA-19243: XQTY0023 - invalid document node content in element constructor
Starting background process VKTM
ORA-31013: Invalid XPATH expression
Starting background process VKTM
Thread 1 advanced to log sequence 924
Beginning log switch checkpoint up to RBA
Starting background process VKTM
Archived Log entry 642 added for thread 1 sequence 9480
LPX-00252: invalid entity replacement-text nesting
Beginning log switch checkpoint up to RBA
ORA-14048: a partition maintenance operation may not be combined with other operations
Thread 1 advanced to log sequence 217
Starting background process VKTM
ORA-31407: end_date must be greater than the begin_date
Thread 1 advanced to log sequence 564
Beginning log switch checkpoint up to RBA
Archived Log entry 643 added for thread 1 sequence 4172
Undo initialization finished
Current log# 292 seq# 6579 mem# 0
ORA-26696: no user_sessions data dictionary for object with number app_db and version number SP2-0552 from source database NETWORK_OPS.SIM_INVENTORY
ARC0: Archival started
Starting background process VKTM
Undo initialization finished
ORA-55346: invalid label generation option with user rules
ARC0: Archival started
ORA-27456: not all arguments of program " ttprod2 . /u01/app/oracle/oradata/ttprod/users01.dbf " have been defined
Beginning log switch checkpoint up to RBA
Starting background process VKTM
Starting background process VKTM
Current log# 50 seq# 5895 mem# 0
ARC0: Archival started
ORA-22976: incorrect number of arguments to MAKE_REF
Current log# 769 seq# 9197 mem# 0
Archived Log entry 882 added for thread 1 sequence 8311
Archived Log entry 334 added for thread 1 sequence 1727
ARC0: Archival started
ORA-16203: Unable to interpret skip procedure return values
Current log# 555 seq# 1683 mem# 0
Starting background process VKTM
ARC0: Archival started
Archived Log entry 248 added for thread 1 sequence 2301
QSM-00510: statistics missing on materialized views
Errors in file /u01/app/oracle/diag/rdbms/ttprod/ttprod1/trace/ttprod1_ora_77936.trc
Current log# 146 seq# 5398 mem# 0
Starting background process VKTM
ARC0: Archival started
Starting background process VKTM
RMAN-06605: old RMAN configuration parameters are successfully deleted
Thread 1 advanced to log sequence 190
Thread 1 advanced to log sequence 635
ORA-04094: table pg_toast_12345 . ttprod2 is constraining, trigger may not modify it
Current log# 635 seq# 3468 mem# 0
Current log# 753 seq# 8372 mem# 0
Current log# 985 seq# 7676 mem# 0
Beginning log switch checkpoint up to RBA
Beginning log switch checkpoint up to RBA
ORA-13830: SQL profile with category 17 already exists for this SQL statement
Thread 1 advanced to log sequence 619
Archived Log entry 950 added for thread 1 sequence 4361
Beginning log switch checkpoint up to RBA
Current log# 734 seq# 5488 mem# 0
RMAN-08588: converted datafile= 17
Errors in file /u01/app/oracle/diag/rdbms/ttprod/ttprod1/trace/ttprod1_ora_51383.trc
Archived Log entry 523 added for thread 1 sequence 7859
Beginning log switch checkpoint up to RBA
Current log# 899 seq# 8920 mem# 0
Completed checkpoint up to RBA
XOQ-00105: unknown error
Archived Log entry 779 added for thread 1 sequence 7253
ARC0: Archival started
Completed checkpoint up to RBA
ORA-14280: all rows in table do not qualify for specified subpartition
Beginning log switch checkpoint up to RBA
Archived Log entry 48 added for thread 1 sequence 7523
Archived Log entry 329 added for thread 1 sequence 6194
Completed checkpoint up to RBA
RMAN-08180: channel ttstandby01 : restore complete, elapsed time: TNS_ADMIN
Archived Log entry 478 added for thread 1 sequence 3838
Beginning log switch checkpoint up to RBA
PRKO-02391: Network resource {0},{1} already exists. Nothing to modify
Errors in file /u01/app/oracle/diag/rdbms/ttprod/ttprod1/trace/ttprod1_ora_39350.trc
Thread 1 advanced to log sequence 164
Completed checkpoint up to RBA
Current log# 375 seq# 4839 mem# 0
Archived Log entry 790 added for thread 1 sequence 8527
Thread 1 advanced to log sequence 505
PLS-00109: unknown exception name ' BILLING.CUST_ORDERS ' in PRAGMA EXCEPTION_INIT
Beginning log switch checkpoint up to RBA
Archived Log entry 454 added for thread 1 sequence 4354
ARC0: Archival started
ORA-03147: Missing mandatory TTC field
ARC0: Archival started
CLST-02108: missing required parameter -q with path to the voting device
Completed checkpoint up to RBA
Beginning log switch checkpoint up to RBA
Starting background process VKTM
ORA-40285: label not in the model
Starting background process VKTM
Archived Log entry 880 added for thread 1 sequence 6591
Beginning log switch checkpoint up to RBA
Beginning log switch checkpoint up to RBA
Archived Log entry 422 added for thread 1 sequence 3352
NNL-01061: Cache checkpoint interval: PK_CUSTOMER_ACCOUNTS
Undo initialization finished
PLW-06011: detailed dependency information discarded due to size limitations
Completed checkpoint up to RBA
Current log# 265 seq# 9406 mem# 0
ORA-55200: Java exception from tag data translation java stack
Errors in file /u01/app/oracle/diag/rdbms/ttprod/ttprod1/trace/ttprod1_ora_97515.trc
Current log# 803 seq# 3086 mem# 0
Archived Log entry 610 added for thread 1 sequence 3998
ORA-36844: (XSLMGEN14) Dimension pk_orders . pk_orders is missing a 5000 property value
Completed checkpoint up to RBA
Completed checkpoint up to RBA
INS-32039: Inappropriate file permissions for inventory location.
Starting background process VKTM
Undo initialization finished
Starting background process VKTM
ORA-00469: CKPT process terminated with error
Current log# 11 seq# 3967 mem# 0
Archived Log entry 537 added for thread 1 sequence 2491
Beginning log switch checkpoint up to RBA
Completed checkpoint up to RBA
Undo initialization finished
RMAN-06484: changed control file copy expired
Starting background process VKTM
Thread 1 advanced to log sequence 978
Completed checkpoint up to RBA
ORA-19556: required destination LOG_ARCHIVE_DUPLEX_DEST currently is deferred
Archived Log entry 51 added for thread 1 sequence 6444
Starting background process VKTM
ORA-29786: SIHA attribute GET failed with error [ shared pool ]
Thread 1 advanced to log sequence 836
ARC0: Archival started
ORA-01557: rollback segment extents must be at least user_sessions blocks
Current log# 454 seq# 3255 mem# 0
Thread 1 advanced to log sequence 160
Current log# 746 seq# 9075 mem# 0
ORA-56602: DRCP: Illegal purity
Current log# 969 seq# 9448 mem# 0
ARC0: Archival started
ORA-47261: Realm Authorization to USERS for Realm _SYSSMU12$ not found
ARC0: Archival started
Starting background process VKTM
ORA-08498: Warning: picture mask ' 17 ' overrides picture mask option 'USAGE IS _SYSSMU7$ ' to 'USAGE IS DISPLAY'
Current log# 820 seq# 4029 mem# 0
PLS-01711: A SELECT statement may not contain ORDER_BY, HAVING, or GROUP_BY clause
Starting background process VKTM
Thread 1 advanced to log sequence 981
Undo initialization finished
Thread 1 advanced to log sequence 508
RMAN-06912: backup of spfile was cancelled
Starting background process VKTM
Thread 1 advanced to log sequence 376
Archived Log entry 472 added for thread 1 sequence 7002
Beginning log switch checkpoint up to RBA
Starting background process VKTM
IMP-00035: input file 17 must be on a disk
Beginning log switch checkpoint up to RBA
Current log# 383 seq# 6168 mem# 0
Thread 1 advanced to log sequence 543
ARC0: Archival started
Undo initialization finished
ORA-34000: (MODCOMP13) You cannot use both workspace object and workspace object as model dimensions, because they are both surrogates of dimension workspace object .
Errors in file /u01/app/oracle/diag/rdbms/ttprod/ttprod1/trace/ttprod1_ora_11780.trc
Thread 1 advanced to log sequence 211
PCC-02443: This usage is only valid when DYNAMIC=ANSI is specified
Completed checkpoint up to RBA
ARC0: Archival started
Completed checkpoint up to RBA
Starting background process VKTM
RMAN-06479: WARNING: control file copy ' app_db ' cannot be found on disk
Thread 1 advanced to log sequence 18
Current log# 700 seq# 6008 mem# 0
Thread 1 advanced to log sequence 364
ORA-19884: datafile NETWORK_OPS.SIM_INVENTORY is unable to use Unused Block Optimization because tablespace has been dropped
Starting background process VKTM
Thread 1 advanced to log sequence 584
PROC-00007: Cannot perform cluster registry operation because key or batch handle is invalid.
Thread 1 advanced to log sequence 737
Current log# 564 seq# 9532 mem# 0
Archived Log entry 153 added for thread 1 sequence 8769
Beginning log switch checkpoint up to RBA
Thread 1 advanced to log sequence 850
ORA-19808: recovery destination parameter mismatch
Starting background process VKTM
Beginning log switch checkpoint up to RBA
ORA-29259: end-of-input reached
Completed checkpoint up to RBA
NZE-29182: ldap_bind failed
Beginning log switch checkpoint up to RBA
CRS-01708: Lease acquisition failed for node CDR_STAGING because all lease slots are in use; Details at DATA_TS01 in app_db
Completed checkpoint up to RBA
Thread 1 advanced to log sequence 473
PRCI-01116: Failed to check if a database named {0} exists
Completed checkpoint up to RBA
NID-00398: Changing database ID from number to number
Undo initialization finished
Beginning log switch checkpoint up to RBA
Completed checkpoint up to RBA
ORA-39039: Schema expression " USERS " contains no valid schemas.
Errors in file /u01/app/oracle/diag/rdbms/ttprod/ttprod1/trace/ttprod1_ora_23565.trc
Beginning log switch checkpoint up to RBA
Beginning log switch checkpoint up to RBA
Undo initialization finished
QSM-01099: non-tolerated reference to stale portion of mv for table pk_orders
Errors in file /u01/app/oracle/diag/rdbms/ttprod/ttprod1/trace/ttprod1_ora_52402.trc
Beginning log switch checkpoint up to RBA
ARC0: Archival started
ORA-15264: Operating system function returned error DATA_TS01
Current log# 522 seq# 1179 mem# 0
Archived Log entry 796 added for thread 1 sequence 2116
Starting background process VKTM
Starting background process VKTM
Thread 1 advanced to log sequence 731
NNL-00270: Current default domain is " APP_USER42 "
ARC0: Archival started
ORA-33260: (DIMSHOW01) Partition number does not exist.
Thread 1 advanced to log sequence 579
Thread 1 advanced to log sequence 401
Thread 1 advanced to log sequence 663
PGU-35008: failure to close cursor 5000 for statement DATA_TS01 : rc reporting_schema
Beginning log switch checkpoint up to RBA
INS-40937: The following hostnames are invalid: 42
Completed checkpoint up to RBA
Current log# 679 seq# 6769 mem# 0
Completed checkpoint up to RBA
Undo initialization finished
Current log# 198 seq# 5444 mem# 0
CLSS-03202: out of sync with master: [ PK_CUSTOMER_ACCOUNTS ] [ _SYSSMU7$ ] [ shared pool ] [ ttprod1 ]
Errors in file /u01/app/oracle/diag/rdbms/ttprod/ttprod1/trace/ttprod1_ora_53793.trc
Undo initialization finished
Starting background process VKTM
DRG-11119: operation is not supported by this index type
Current log# 955 seq# 3376 mem# 0
ARC0: Archival started
Starting background process VKTM
Undo initialization finished
PCB-00556: Unrecoverable error. Fix previous errors and re-precompile
Archived Log entry 453 added for thread 1 sequence 7922
Thread 1 advanced to log sequence 854
RMAN-06783: Update of datafile headers of locally managed datafiles finished.
Current log# 341 seq# 6077 mem# 0
Completed checkpoint up to RBA
RMAN-08583: channel pg_toast_12345 : archived log copy complete, elapsed time: pg_toast_12345
Archived Log entry 475 added for thread 1 sequence 1349
Undo initialization finished
RMAN-02006: script line too long
Archived Log entry 275 added for thread 1 sequence 6860
ORA-24009: invalid value 17 , QUEUE_TYPE should be NORMAL_QUEUE or EXCEPTION_QUEUE
Completed checkpoint up to RBA
Starting background process VKTM
ORA-16124: transaction user_sessions CDR_STAGING session_1123 is waiting on another transaction
Current log# 780 seq# 3089 mem# 0
ORA-13386: commit/rollback operation error: [ ttstandby01 ]
Archived Log entry 581 added for thread 1 sequence 5981
ORA-34348: (MXDSS05) pg_toast_12345 is used only for internal purposes and cannot be accessed as an analytic workspace.
ARC0: Archival started
Archived Log entry 320 added for thread 1 sequence 1397
ORA-07513: sscgctl: $deq unexpected return on cancel of term. lock
Starting background process VKTM
Beginning log switch checkpoint up to RBA
Completed checkpoint up to RBA
Undo initialization finished
ORA-32131: bind data type cannot be changed
Thread 1 advanced to log sequence 526
Current log# 36 seq# 6760 mem# 0
Current log# 11 seq# 8998 mem# 0
ARC0: Archival started
Completed checkpoint up to RBA
ORA-15059: invalid device type for ASM disk
ARC0: Archival started
Undo initialization finished
ORA-48505: File Parameter Must be Specified
Thread 1 advanced to log sequence 741
Starting background process VKTM
Thread 1 advanced to log sequence 444
Completed checkpoint up to RBA
Thread 1 advanced to log sequence 688
PLS-00179: $ERROR: reporting_schema
Thread 1 advanced to log sequence 97
Completed checkpoint up to RBA
Current log# 47 seq# 1186 mem# 0
NNL-00251: DEFAULT-FORWARDER-ONLY mode is now enabled
Errors in file /u01/app/oracle/diag/rdbms/ttprod/ttprod1/trace/ttprod1_ora_30661.trc
Archived Log entry 188 added for thread 1 sequence 6422
Completed checkpoint up to RBA
ORA-39085: cannot update job DATA_TS01 for user SYSAUX
Starting background process VKTM
Current log# 850 seq# 1455 mem# 0
Archived Log entry 366 added for thread 1 sequence 4617
RMAN-08018: channel _SYSSMU12$ : starting archived log restore to user-specified destination
Undo initialization finished
Starting background process VKTM
Completed checkpoint up to RBA
Starting background process VKTM
PGU-30002: >>> Initialization of BILLING.CUST_ORDERS File Header <<<
Errors in file /u01/app/oracle/diag/rdbms/ttprod/ttprod1/trace/ttprod1_ora_99505.trc
Completed checkpoint up to RBA
Completed checkpoint up to RBA
ORA-46108: Invalid security class targetNamespace or name.
Thread 1 advanced to log sequence 153
ORA-00000: normal, successful completion
Archived Log entry 876 added for thread 1 sequence 9484
Thread 1 advanced to log sequence 445
ARC0: Archival started
PGA-21100: RRM initializing for local LU PK_CUSTOMER_ACCOUNTS
Errors in file /u01/app/oracle/diag/rdbms/ttprod/ttprod1/trace/ttprod1_ora_77182.trc
Completed checkpoint up to RBA
INS-41708: Oracle Automatic Storage Management (Oracle ASM) is not selected for upgrade.
Current log# 905 seq# 6020 mem# 0
ARC0: Archival started
Starting background process VKTM
Current log# 906 seq# 6273 mem# 0
DIA-48470: Unknown " ttstandby01 " command
Errors in file /u01/app/oracle/diag/rdbms/ttprod/ttprod1/trace/ttprod1_ora_83664.trc
Thread 1 advanced to log sequence 359
Starting background process VKTM
Starting background process VKTM
Thread 1 advanced to log sequence 905
ORA-19884: datafile user_sessions is unable to use Unused Block Optimization because tablespace has been dropped
ARC0: Archival started
Completed checkpoint up to RBA
Undo initialization finished
Beginning log switch checkpoint up to RBA
ORA-39820: Zero length LONG piece detected for column INVOICE_LINES_IDX row TNS_ADMIN .
Completed checkpoint up to RBA
Starting background process VKTM
Starting background process VKTM
IMG-00545: invalid cut values specified
Undo initialization finished
RMAN-06520: archived logs will not be kept or backed up
Archived Log entry 885 added for thread 1 sequence 9865
Archived Log entry 489 added for thread 1 sequence 5145
RMAN-08114: channel CRM.CALL_DETAIL_RECORDS : restoring SPFILE to PFILE
Errors in file /u01/app/oracle/diag/rdbms/ttprod/ttprod1/trace/ttprod1_ora_62972.trc
ARC0: Archival started
Completed checkpoint up to RBA
ARC0: Archival started
Undo initialization finished
Thread 1 advanced to log sequence 382
ORA-31672: Worker process 5000 died unexpectedly.
Current log# 729 seq# 6015 mem# 0
Beginning log switch checkpoint up to RBA
Completed checkpoint up to RBA
ORA-13379: invalid index for sub-element to be extracted
Archived Log entry 515 added for thread 1 sequence 9257
Completed checkpoint up to RBA
IMG-00707: unable to access image data
Starting background process VKTM
Beginning log switch checkpoint up to RBA
Current log# 210 seq# 3468 mem# 0
ORA-47345: Rule set app_db is used by one or more realm authorizations.
Errors in file /u01/app/oracle/diag/rdbms/ttprod/ttprod1/trace/ttprod1_ora_55869.trc
Beginning log switch checkpoint up to RBA
Undo initialization finished
Completed checkpoint up to RBA
ARC0: Archival started
ARC0: Archival started
RMAN-06542: file 1024 is excluded from whole database backup
Errors in file /u01/app/oracle/diag/rdbms/ttprod/ttprod1/trace/ttprod1_ora_86175.trc
Completed checkpoint up to RBA
Archived Log entry 151 added for thread 1 sequence 9909
Undo initialization finished
PCB-00305: Oracle extension to the COMMIT and ROLLBACK statements
ARC0: Archival started
Current log# 666 seq# 4369 mem# 0
Thread 1 advanced to log sequence 63
RMAN-06455: Tablespace Point-in-Time Recovery requires Enterprise Edition
Thread 1 advanced to log sequence 715
Thread 1 advanced to log sequence 965
Thread 1 advanced to log sequence 625
Archived Log entry 818 added for thread 1 sequence 7764
QSM-01086: dimension(s) not present or not used in ENFORCED integrity mode
Current log# 983 seq# 5769 mem# 0
Beginning log switch checkpoint up to RBA
Completed checkpoint up to RBA
TNS-01013: set|show trc_{ } [<value>]: set|show trace parameters of current listener
Current log# 411 seq# 3744 mem# 0
RMAN-06145: control file is not current - obsolete file list may be incomplete
Completed checkpoint up to RBA
Thread 1 advanced to log sequence 427
ORA-32151: Environment not specified
ARC0: Archival started
Completed checkpoint up to RBA
ORA-01630: max # extents ( PK_CUSTOMER_ACCOUNTS ) reached in temp segment in tablespace INVOICE_LINES_IDX
Beginning log switch checkpoint up to RBA
ORA-32422: commit SCN-based materialized view log cannot be created on table " APP_USER42 "." TNS_ADMIN " when there exist direct load/PMOP log entries for the table
Completed checkpoint up to RBA
Current log# 350 seq# 9735 mem# 0
Starting background process VKTM
KUP-04072: error writing to file SP2-0552
Thread 1 advanced to log sequence 890
ARC0: Archival started
ARC0: Archival started
ORA-14166: missing INTO keyword
Thread 1 advanced to log sequence 965
Current log# 718 seq# 6834 mem# 0
Undo initialization finished
Completed checkpoint up to RBA
ORA-00704: bootstrap process failure
Undo initialization finished
ORA-12612: TNS:connection is busy
Current log# 466 seq# 2596 mem# 0
ARC0: Archival started
Thread 1 advanced to log sequence 28
RMAN-05510: Duplicate finished
Undo initialization finished
Undo initialization finished
Current log# 666 seq# 2588 mem# 0
ARC0: Archival started
Thread 1 advanced to log sequence 635
PCC-02081: CMD-LINE: Unterminated option value list or value list was truncated.
Current log# 889 seq# 2902 mem# 0
Completed checkpoint up to RBA
Completed checkpoint up to RBA
Current log# 552 seq# 4453 mem# 0
Beginning log switch checkpoint up to RBA
ORA-12406: unauthorized SQL statement for policy TNS_ADMIN
Errors in file /u01/app/oracle/diag/rdbms/ttprod/ttprod1/trace/ttprod1_ora_65488.trc
Beginning log switch checkpoint up to RBA
Completed checkpoint up to RBA
PLS-00202: type ' BILLING.CUST_ORDERS ' must be declared
Archived Log entry 9 added for thread 1 sequence 6134
Archived Log entry 599 added for thread 1 sequence 2536
ARC0: Archival started
Thread 1 advanced to log sequence 82
DIA-51190: Internal error [ session_1123 ], [ CRM.CALL_DETAIL_RECORDS ] from DBMS_IR
Errors in file /u01/app/oracle/diag/rdbms/ttprod/ttprod1/trace/ttprod1_ora_49502.trc
Undo initialization finished
Completed checkpoint up to RBA
Starting background process VKTM
RDJ-00063: invalid time-to-live:
Starting background process VKTM
Thread 1 advanced to log sequence 359
XOQ-02012: missing expression in object " fk_order_customer "
Thread 1 advanced to log sequence 106
Beginning log switch checkpoint up to RBA
DIA-51107: failures are changing too rapidly - retry command
Current log# 917 seq# 1172 mem# 0
Thread 1 advanced to log sequence 930
Thread 1 advanced to log sequence 736
PLS-00359: assignment target in ' NETWORK_OPS.SIM_INVENTORY ' must have components
Archived Log entry 159 added for thread 1 sequence 2856
Current log# 85 seq# 7042 mem# 0
Thread 1 advanced to log sequence 963
CRS-00802: Cluster Ready Service aborted due to failure to run as privileged user. Details at app_db in _SYSSMU12$ .
Errors in file /u01/app/oracle/diag/rdbms/ttprod/ttprod1/trace/ttprod1_ora_81294.trc
Undo initialization finished
ARC0: Archival started
Archived Log entry 999 added for thread 1 sequence 6845
ORA-40004: penalty must be negative for BLAST-N
ARC0: Archival started
Undo initialization finished
Starting background process VKTM
ORA-06605: LU6.2 Driver: Unexpected line turnaround
Current log# 177 seq# 3641 mem# 0
Completed checkpoint up to RBA
Starting background process VKTM
PRVF-00002: Could not retrieve local nodename
Undo initialization finished
Completed checkpoint up to RBA
Starting background process VKTM
ORA-04045: errors during recompilation/revalidation of ttprod2 . SYSAUX
Errors in file /u01/app/oracle/diag/rdbms/ttprod/ttprod1/trace/ttprod1_ora_67100.trc
Beginning log switch checkpoint up to RBA
QSM-02032: no joins are present in the WHERE clause
Errors in file /u01/app/oracle/diag/rdbms/ttprod/ttprod1/trace/ttprod1_ora_81066.trc
Completed checkpoint up to RBA
LPX-00100: root element "~1S" does not match DTD root "~2S"
Errors in file /u01/app/oracle/diag/rdbms/ttprod/ttprod1/trace/ttprod1_ora_84616.trc
Beginning log switch checkpoint up to RBA
Completed checkpoint up to RBA
ORA-26010: Column PK_CUSTOMER_ACCOUNTS in table ttprod1 is NOT NULL and is not being loaded
Errors in file /u01/app/oracle/diag/rdbms/ttprod/ttprod1/trace/ttprod1_ora_36080.trc
Starting background process VKTM
Undo initialization finished
Undo initialization finished
Undo initialization finished
ORA-26046: REF column SP2-0552 expects scoped table name PK_CUSTOMER_ACCOUNTS ; user passed in idx_users_email .
Archived Log entry 986 added for thread 1 sequence 1366
Beginning log switch checkpoint up to RBA
Archived Log entry 59 added for thread 1 sequence 2186
ARC0: Archival started
ORA-37417: variable does not have an AGGCOUNT
Undo initialization finished
Completed checkpoint up to RBA
Undo initialization finished
Completed checkpoint up to RBA
LPX-00273: failed to initialize TCP/IP
Beginning log switch checkpoint up to RBA
NNO-00326: server statistic counter dump follows
Beginning log switch checkpoint up to RBA
ORA-07821: sspsdn: SYS$DELLNM failure
Current log# 597 seq# 8215 mem# 0
PGU-39620: TG rc %4li, 17
Beginning log switch checkpoint up to RBA
RMAN-08016: channel USERS : starting datafile backup set restore
Beginning log switch checkpoint up to RBA
Beginning log switch checkpoint up to RBA
ARC0: Archival started
ARC0: Archival started
ORA-15412: Operation on disk group shared pool is incompatible under appliance mode.
Beginning log switch checkpoint up to RBA
Archived Log entry 914 added for thread 1 sequence 5684
Archived Log entry 704 added for thread 1 sequence 5315
Current log# 173 seq# 6663 mem# 0
Starting background process VKTM
INS-30046: Unable to find product in Oracle Inventory.
Beginning log switch checkpoint up to RBA
Thread 1 advanced to log sequence 103
Archived Log entry 502 added for thread 1 sequence 8367
Completed checkpoint up to RBA
EXP-00070: attempt to free unallocated memory
ARC0: Archival started
RMAN-08160: script commands will be loaded from file CRM.CALL_DETAIL_RECORDS
ARC0: Archival started
Archived Log entry 651 added for thread 1 sequence 6110
PRKR-01022: Cluster registry {0} contains incompatible version, {1} != {2}
Starting background process VKTM
Completed checkpoint up to RBA
Thread 1 advanced to log sequence 923
Undo initialization finished
Archived Log entry 68 added for thread 1 sequence 4122
RMAN-06012: channel: APP_USER42 not allocated
ARC0: Archival started
Undo initialization finished
ARC0: Archival started
Starting background process VKTM
Beginning log switch checkpoint up to RBA
ORA-55208: Too many matching levels were found for the input data
Undo initialization finished
Starting background process VKTM
Undo initialization finished
ARC0: Archival started
Thread 1 advanced to log sequence 438
ORA-01625: rollback segment ' UNDOTBS1 ' does not belong to this instance
ARC0: Archival started
RMAN-06791: changed the DB_UNIQUE_NAME value from reporting_schema to UNDOTBS1
Completed checkpoint up to RBA
ARC0: Archival started
Current log# 200 seq# 6819 mem# 0
Undo initialization finished
Beginning log switch checkpoint up to RBA
NNL-00231: Controller NOCONFIRM mode is now SYSAUX
Thread 1 advanced to log sequence 717
Archived Log entry 710 added for thread 1 sequence 7797
Beginning log switch checkpoint up to RBA
Archived Log entry 594 added for thread 1 sequence 3831
ARC0: Archival started
CRS-04677: Failed to get /u01/app/oracle/oradata/ttprod/users01.dbf for Cluster Synchronization Services.
ARC0: Archival started
Beginning log switch checkpoint up to RBA
Thread 1 advanced to log sequence 776
Archived Log entry 432 added for thread 1 sequence 2074
Beginning log switch checkpoint up to RBA
ORA-28405: cannot grant secure role to a role
Completed checkpoint up to RBA
Starting background process VKTM
Undo initialization finished
ORA-10921: Cannot drop tablespace belonging to default temporary tablespace group
ARC0: Archival started
Starting background process VKTM
Thread 1 advanced to log sequence 328
TNS-01073: Listening on: user_sessions
Archived Log entry 392 added for thread 1 sequence 4582
Archived Log entry 500 added for thread 1 sequence 3472
ORA-13182: failed to read element idx_users_email . 42 . 17
Completed checkpoint up to RBA
Beginning log switch checkpoint up to RBA
ORA-09938: Save of signal handlers failed.
Errors in file /u01/app/oracle/diag/rdbms/ttprod/ttprod1/trace/ttprod1_ora_37847.trc
ARC0: Archival started
RMAN-07501: searching for all files in the recovery area
Thread 1 advanced to log sequence 119
Beginning log switch checkpoint up to RBA
Current log# 303 seq# 8519 mem# 0
ORA-39032: function shared pool is not supported in 5000 jobs
Current log# 17 seq# 8231 mem# 0
Completed checkpoint up to RBA
DRG-51301: error releasing dml Queue lock
Thread 1 advanced to log sequence 933
Current log# 708 seq# 9271 mem# 0
LPX-00108: parameter-entity parenthetical cannot be split up
Beginning log switch checkpoint up to RBA
Beginning log switch checkpoint up to RBA
ARC0: Archival started
Beginning log switch checkpoint up to RBA
ORA-32126: Cannot perform operations on a null REF
Beginning log switch checkpoint up to RBA
Undo initialization finished
Current log# 520 seq# 4972 mem# 0
Starting background process VKTM
Thread 1 advanced to log sequence 666
RMAN-06425: <datafile pathname not available>
Beginning log switch checkpoint up to RBA
Thread 1 advanced to log sequence 892
Archived Log entry 229 added for thread 1 sequence 9909
Thread 1 advanced to log sequence 670
ORA-55332: virtual model cannot be used in this context
Errors in file /u01/app/oracle/diag/rdbms/ttprod/ttprod1/trace/ttprod1_ora_95396.trc
Archived Log entry 640 added for thread 1 sequence 8602
Undo initialization finished
Completed checkpoint up to RBA
RMAN-04011: recovery catalog database Password:
Errors in file /u01/app/oracle/diag/rdbms/ttprod/ttprod1/trace/ttprod1_ora_97434.trc
Completed checkpoint up to RBA
Beginning log switch checkpoint up to RBA
Beginning log switch checkpoint up to RBA
Thread 1 advanced to log sequence 484
ORA-14298: LOB column block size mismatch in ALTER TABLE EXCHANGE [SUB]PARTITION
Errors in file /u01/app/oracle/diag/rdbms/ttprod/ttprod1/trace/ttprod1_ora_80588.trc
Beginning log switch checkpoint up to RBA
ARC0: Archival started
Beginning log switch checkpoint up to RBA
ORA-19276: XPST0005 - XPath step specifies an invalid element/attribute name: ( ttprod1 )
Errors in file /u01/app/oracle/diag/rdbms/ttprod/ttprod1/trace/ttprod1_ora_94570.trc
Archived Log entry 656 added for thread 1 sequence 7328
Archived Log entry 135 added for thread 1 sequence 9202
Beginning log switch checkpoint up to RBA
ARC0: Archival started
Archived Log entry 805 added for thread 1 sequence 6636
ORA-10919: Default temporary tablespace group must have at least one tablespace
Beginning log switch checkpoint up to RBA
ORA-10620: Operation not allowed on this segment
Undo initialization finished
Archived Log entry 295 added for thread 1 sequence 4952
Undo initialization finished
Beginning log switch checkpoint up to RBA
ARC0: Archival started
ORA-13012: an invalid window type was specified
Thread 1 advanced to log sequence 135
Undo initialization finished
Archived Log entry 172 added for thread 1 sequence 6051
ORA-15702: duplicate values for plan line ID in input collection
Completed checkpoint up to RBA
Current log# 817 seq# 6596 mem# 0
RMAN-08513: datafile copy file name= USERS RECID= /u01/app/oracle/oradata/ttprod/users01.dbf STAMP= reporting_schema
Errors in file /u01/app/oracle/diag/rdbms/ttprod/ttprod1/trace/ttprod1_ora_12460.trc
Undo initialization finished
Thread 1 advanced to log sequence 451
Completed checkpoint up to RBA
Thread 1 advanced to log sequence 155
CRS-02770: Resource target ' reporting_schema ' is offline; will not restart.
Starting background process VKTM
Starting background process VKTM
ORA-07680: sou2os: another call to Oracle currently executing
Archived Log entry 953 added for thread 1 sequence 4015
ARC0: Archival started
Beginning log switch checkpoint up to RBA
NNL-00985: Requests reforwarded using referrals: number
Archived Log entry 830 added for thread 1 sequence 2473
ORA-16735: error executing DBMS_LOGSTDBY.UNSKIP_ERROR procedure
Current log# 584 seq# 3285 mem# 0
Current log# 676 seq# 2118 mem# 0
Thread 1 advanced to log sequence 998
Thread 1 advanced to log sequence 838
ORA-41619: rule manager feature currently not supported
Errors in file /u01/app/oracle/diag/rdbms/ttprod/ttprod1/trace/ttprod1_ora_79078.trc
Current log# 107 seq# 1732 mem# 0
Archived Log entry 456 added for thread 1 sequence 5988
ARC0: Archival started
Starting background process VKTM
Completed checkpoint up to RBA
ORA-01365: waiting for new branch registration
Completed checkpoint up to RBA
Undo initialization finished
Undo initialization finished
Completed checkpoint up to RBA
Beginning log switch checkpoint up to RBA
RMAN-06020: connected to auxiliary database (not started)
Starting background process VKTM
LFI-00004: Call to APP_USER42 failed.
Current log# 789 seq# 5115 mem# 0
Undo initialization finished
Undo initialization finished
Starting background process VKTM
Current log# 799 seq# 9098 mem# 0
ORA-01241: an external cache has died
Undo initialization finished
Current log# 879 seq# 7926 mem# 0
Completed checkpoint up to RBA
Current log# 998 seq# 2490 mem# 0
Completed checkpoint up to RBA
ORA-06546: DDL statement is executed in an illegal context
Current log# 898 seq# 3655 mem# 0
RMAN-08155: printing stored global script: session_1123
Errors in file /u01/app/oracle/diag/rdbms/ttprod/ttprod1/trace/ttprod1_ora_54767.trc
Thread 1 advanced to log sequence 241
Undo initialization finished
Completed checkpoint up to RBA
ARC0: Archival started
OCI-31111: table APP_USER42 cannot be hierarchically enabled
Archived Log entry 566 added for thread 1 sequence 6205
ARC0: Archival started
Undo initialization finished
CRS-05801: Agent path is null or does not resemble a filesystem path
ARC0: Archival started
Completed checkpoint up to RBA
Completed checkpoint up to RBA
Undo initialization finished
ORA-27243: ELF file has too many relocation sections
Starting background process VKTM
PRCR-01042: Failed to get dependent resources {0} of resource {1}: {2}
Beginning log switch checkpoint up to RBA
Current log# 531 seq# 9794 mem# 0
Beginning log switch checkpoint up to RBA
Thread 1 advanced to log sequence 518
NID-00431: DBNEWID - Reversion completed.
Archived Log entry 96 added for thread 1 sequence 1545
Completed checkpoint up to RBA
Thread 1 advanced to log sequence 144
Thread 1 advanced to log sequence 666
Beginning log switch checkpoint up to RBA
PRKO-00374: The "-{0}" option may not be used with the "-{1}" option.
Archived Log entry 869 added for thread 1 sequence 5917
Beginning log switch checkpoint up to RBA
CRS-04654: Server ' ttstandby01 ' could not be found.
Current log# 183 seq# 6676 mem# 0
Starting background process VKTM
Undo initialization finished
Archived Log entry 897 added for thread 1 sequence 8990
Beginning log switch checkpoint up to RBA
RMAN-06732: database dropped
Archived Log entry 403 added for thread 1 sequence 8985
Archived Log entry 547 added for thread 1 sequence 8114
PGU-41053: VERSION parameter was previously specified
Starting background process VKTM
Starting background process VKTM
Undo initialization finished
Undo initialization finished
ORA-27417: BYWEEKNO clause requires YEARLY clause
Current log# 831 seq# 2716 mem# 0
Archived Log entry 373 added for thread 1 sequence 1345
PRVF-03915: Environment variable name "{0}" is not set on nodes:
Archived Log entry 364 added for thread 1 sequence 7804
ARC0: Archival started
Undo initialization finished
ORA-12525: TNS:listener has not received client's request in time allowed
Archived Log entry 43 added for thread 1 sequence 7372
Starting background process VKTM
Beginning log switch checkpoint up to RBA
PRCR-01093: Failed to relocate resource {0}. It is already running on node {1}
Starting background process VKTM
Archived Log entry 670 added for thread 1 sequence 6071
Starting background process VKTM
ARC0: Archival started
DRG-11309: invalid filter by column: 17
Errors in file /u01/app/oracle/diag/rdbms/ttprod/ttprod1/trace/ttprod1_ora_73527.trc
Thread 1 advanced to log sequence 934
Thread 1 advanced to log sequence 396
Completed checkpoint up to RBA
Undo initialization finished
INS-35256: The password for account _SYSSMU7$ is not allowed to be ttprod2 .
Starting background process VKTM
Starting background process VKTM
ARC0: Archival started
Beginning log switch checkpoint up to RBA
Beginning log switch checkpoint up to RBA
ORA-48448: This command does not support multiple ADR homes
Undo initialization finished
PRCD-01043: The service {0} is not a uniform or a singleton service and therefore it cannot be created as policy-managed service. This service can only be created as administrator-managed service using preferred, and optionally available instance lists.
Completed checkpoint up to RBA
Thread 1 advanced to log sequence 92
Thread 1 advanced to log sequence 294
Undo initialization finished
ARC0: Archival started
PRVF-05300: Failed to retrieve active version for CRS on this node
Errors in file /u01/app/oracle/diag/rdbms/ttprod/ttprod1/trace/ttprod1_ora_33036.trc
ARC0: Archival started
Undo initialization finished
Thread 1 advanced to log sequence 316
Undo initialization finished
ORA-08193: Flashback Table operation is not allowed on temporary tables
Undo initialization finished
ORA-42033: interim table " ttstandby01 "." 5000 " cannot have Flashback Data Archive enabled
ARC0: Archival started
ORA-02823: Buffer is not aligned.
Archived Log entry 861 added for thread 1 sequence 6471
ARC0: Archival started
Undo initialization finished
Beginning log switch checkpoint up to RBA
Completed checkpoint up to RBA
ORA-48806: Unknown Function Reference ( DATA_TS01 )
Thread 1 advanced to log sequence 372
ARC0: Archival started
Starting background process VKTM
EVM-00325: Config file " _SYSSMU12$ " is not a regular file
Archived Log entry 456 added for thread 1 sequence 4663
Completed checkpoint up to RBA
Thread 1 advanced to log sequence 155
Thread 1 advanced to log sequence 530
Thread 1 advanced to log sequence 716
IMP-00002: failed to open UNDOTBS1 for read
Starting background process VKTM
Starting background process VKTM
CLST-01501: tried to delete key session_1123 but it was not there
Starting background process VKTM
Undo initialization finished
Beginning log switch checkpoint up to RBA
Current log# 903 seq# 2896 mem# 0
ORA-07643: smsalo: SMSVAR is invalid
Archived Log entry 364 added for thread 1 sequence 9572
Archived Log entry 226 added for thread 1 sequence 8723
ORA-55343: invalid dependent component for custom label generator
Beginning log switch checkpoint up to RBA
Completed checkpoint up to RBA
Undo initialization finished
INS-35463: This option is not supported on Exadata configuration.
Beginning log switch checkpoint up to RBA
Thread 1 advanced to log sequence 269
ORA-22343: Compilation error for type invalidated by ALTER TYPE
Thread 1 advanced to log sequence 300
ARC0: Archival started
RMAN-08531: channel INVOICE_LINES_IDX : proxy copy ttstandby01 is 17 in media management catalog
Archived Log entry 488 added for thread 1 sequence 2790
Undo initialization finished
ARC0: Archival started
ORA-15518: parallel preprocessing encountered an unexpected error
Current log# 898 seq# 2948 mem# 0
NZE-29111: Invalid index
ARC0: Archival started
Archived Log entry 18 added for thread 1 sequence 8943
Completed checkpoint up to RBA
Undo initialization finished
DRG-12441: counting the number of highlights failed
Completed checkpoint up to RBA
Beginning log switch checkpoint up to RBA
Current log# 542 seq# 5248 mem# 0
Thread 1 advanced to log sequence 697
Beginning log switch checkpoint up to RBA
TNS-00264: Navigator: Failed to reload configuration data
ARC0: Archival started
Completed checkpoint up to RBA
Undo initialization finished
Starting background process VKTM
Archived Log entry 910 added for thread 1 sequence 8135
RMAN-08504: input archived log thread= PK_CUSTOMER_ACCOUNTS sequence= session_1123 RECID= SYSAUX STAMP= APP_USER42
Undo initialization finished
Current log# 276 seq# 2138 mem# 0
Starting background process VKTM
PCC-02129: CMD-LINE: Client supplied static options table is invalid
Errors in file /u01/app/oracle/diag/rdbms/ttprod/ttprod1/trace/ttprod1_ora_73978.trc
Thread 1 advanced to log sequence 81
Thread 1 advanced to log sequence 156
PROC-00026: Error while accessing the physical storage
Starting background process VKTM
Thread 1 advanced to log sequence 247
ARC0: Archival started
RMAN-06741: database name is " large pool " and DBID is _SYSSMU7$
Archived Log entry 160 added for thread 1 sequence 7204
CLSS-02205: remote node BILLING.CUST_ORDERS signaled our eviction via voting device: cause pk_orders
Beginning log switch checkpoint up to RBA
ORA-01675: max_commit_propagation_delay inconsistent with other instances
Completed checkpoint up to RBA
Undo initialization finished
PCC-00073: Cursor is declared but never OPENed at line number in file 3 .
Errors in file /u01/app/oracle/diag/rdbms/ttprod/ttprod1/trace/ttprod1_ora_91207.trc
Starting background process VKTM
ARC0: Archival started
Current log# 922 seq# 9043 mem# 0
RMAN-08028: channel BILLING.CUST_ORDERS : copy current control file failed
Undo initialization finished
Archived Log entry 560 added for thread 1 sequence 7509
Beginning log switch checkpoint up to RBA
RMAN-07518: Reason: Foreign database file DBID: SP2-0552 Database Name: INVOICE_LINES_IDX
Current log# 604 seq# 5299 mem# 0
ARC0: Archival started
IMP-00054: must be connected 'AS SYSDBA' to do Point-in-time Recovery or Transportable Tablespace import
Undo initialization finished
Completed checkpoint up to RBA
Thread 1 advanced to log sequence 196
Current log# 811 seq# 1658 mem# 0
ARC0: Archival started
ORA-00217: control file could not be resized for new record types
Errors in file /u01/app/oracle/diag/rdbms/ttprod/ttprod1/trace/ttprod1_ora_82492.trc
Completed checkpoint up to RBA
ARC0: Archival started
Starting background process VKTM
PCB-00009: Cannot change MAXLITERAL after an EXEC SQL statement
Current log# 461 seq# 1340 mem# 0
Starting background process VKTM
Thread 1 advanced to log sequence 62
Undo initialization finished
ORA-13710: Parameter " shared pool " must have a higher value than parameter " 42 ". The values supplied were " USERS " and " /u01/app/oracle/oradata/ttprod/users01.dbf " respectively.
Starting background process VKTM
ORA-29319: datafile SYSAUX is not correct
Errors in file /u01/app/oracle/diag/rdbms/ttprod/ttprod1/trace/ttprod1_ora_67372.trc
Current log# 463 seq# 4462 mem# 0
Beginning log switch checkpoint up to RBA
PCB-00555: Using WHERE CURRENT OF on cursor defined without FOR UPDATE clause
Undo initialization finished
Archived Log entry 504 added for thread 1 sequence 8811
ORA-02796: Done request is not in correct state
Current log# 806 seq# 5793 mem# 0
Undo initialization finished
Archived Log entry 865 added for thread 1 sequence 6361
Completed checkpoint up to RBA
Undo initialization finished
NID-00420: Change of database name and ID failed during validation - database is intact.
Starting background process VKTM
Beginning log switch checkpoint up to RBA
ARC0: Archival started
Undo initialization finished
ORA-39903: IOT Partition UNDOTBS1 . 5000 is partially contained in the transportable set.
Current log# 977 seq# 7784 mem# 0
Current log# 25 seq# 9136 mem# 0
KUP-03014: OCI error getting datetime fsprecision.
Starting background process VKTM
Beginning log switch checkpoint up to RBA
Archived Log entry 698 added for thread 1 sequence 3784
ORA-01646: tablespace ' reporting_schema ' is not read-only - cannot make read write
Beginning log switch checkpoint up to RBA
ARC0: Archival started
Completed checkpoint up to RBA
Thread 1 advanced to log sequence 670
Starting background process VKTM
ORA-08456: no sign in picture mask but SIGN clause in mask options
Errors in file /u01/app/oracle/diag/rdbms/ttprod/ttprod1/trace/ttprod1_ora_67381.trc
Undo initialization finished
Beginning log switch checkpoint up to RBA
Current log# 201 seq# 7475 mem# 0
NNF-04002: Outputfile already exists
Errors in file /u01/app/oracle/diag/rdbms/ttprod/ttprod1/trace/ttprod1_ora_26969.trc
Completed checkpoint up to RBA
Current log# 80 seq# 4633 mem# 0
LPX-00101: parameter-entity markup cannot be split up
Errors in file /u01/app/oracle/diag/rdbms/ttprod/ttprod1/trace/ttprod1_ora_60853.trc
Archived Log entry 801 added for thread 1 sequence 7081
Completed checkpoint up to RBA
Thread 1 advanced to log sequence 397
NID-00431: DBNEWID - Reversion completed.
Archived Log entry 121 added for thread 1 sequence 8975
Thread 1 advanced to log sequence 791
Starting background process VKTM
Starting background process VKTM
Thread 1 advanced to log sequence 226
TNS-00084: * trace_off - ask process name to turn tracing off
Current log# 595 seq# 6876 mem# 0
Starting background process VKTM
Beginning log switch checkpoint up to RBA
Current log# 920 seq# 7133 mem# 0
Current log# 17 seq# 3867 mem# 0
NNO-00635: warning: ignoring duplicate forwarder " app_db "
Starting background process VKTM
Thread 1 advanced to log sequence 932
Beginning log switch checkpoint up to RBA
Undo initialization finished
RMAN-06078: the control file is older than datafile user_sessions
ARC0: Archival started
Current log# 430 seq# 8223 mem# 0
NNL-00225: Currently managing name server " session_1123 "
Archived Log entry 677 added for thread 1 sequence 3681
Thread 1 advanced to log sequence 182
Undo initialization finished
Current log# 426 seq# 5190 mem# 0
Starting background process VKTM
NNF-04000: File succesfully converted
Undo initialization finished
Starting background process VKTM
ORA-28261: CURRENT_USER can not be used in PLSQL Definer's Right procedure.
Beginning log switch checkpoint up to RBA
ARC0: Archival started
Archived Log entry 582 added for thread 1 sequence 1382
Undo initialization finished
RMAN-02006: script line too long
Errors in file /u01/app/oracle/diag/rdbms/ttprod/ttprod1/trace/ttprod1_ora_83978.trc
ARC0: Archival started
Beginning log switch checkpoint up to RBA
Completed checkpoint up to RBA
Archived Log entry 308 added for thread 1 sequence 3285
Archived Log entry 549 added for thread 1 sequence 8646
NMP-00008: SNMP message has incorrect version, version 0 is required
Thread 1 advanced to log sequence 303
Current log# 507 seq# 2479 mem# 0
Archived Log entry 739 added for thread 1 sequence 3045
Completed checkpoint up to RBA
Archived Log entry 727 added for thread 1 sequence 9870
OCI-22626: Type Mismatch while constructing or accessing OCIAnyData
Thread 1 advanced to log sequence 400
Undo initialization finished
Thread 1 advanced to log sequence 756
Current log# 984 seq# 9318 mem# 0
RMAN-08073: deleted backup piece
Errors in file /u01/app/oracle/diag/rdbms/ttprod/ttprod1/trace/ttprod1_ora_76079.trc
Thread 1 advanced to log sequence 986
Beginning log switch checkpoint up to RBA
RMAN-07209: closed NETWORK_OPS.SIM_INVENTORY failures
Completed checkpoint up to RBA
Completed checkpoint up to RBA
RMAN-08128: uncataloged backup piece
Thread 1 advanced to log sequence 972
Archived Log entry 494 added for thread 1 sequence 8394
Current log# 353 seq# 9757 mem# 0
PRCI-01131: Failed to check CRS configuration state on node {1}
Thread 1 advanced to log sequence 686
Undo initialization finished
Archived Log entry 668 added for thread 1 sequence 9116
Beginning log switch checkpoint up to RBA
Starting background process VKTM
DIA-48224: DDL has occurred since parse - reparse [ idx_users_email ] [ ttstandby01 ] [ 3 ]
ARC0: Archival started
Current log# 125 seq# 4542 mem# 0
Starting background process VKTM
DRG-10313: logging has already been started
Beginning log switch checkpoint up to RBA
Beginning log switch checkpoint up to RBA
DRG-10501: invalid stopword: ttstandby01
Thread 1 advanced to log sequence 250
Undo initialization finished
RMAN-08140: channel UNDOTBS1 : starting validation of datafile
Current log# 312 seq# 1937 mem# 0
ORA-13282: failure on initialization of coordinate transformation
Beginning log switch checkpoint up to RBA
Completed checkpoint up to RBA
ORA-19129: XQST0069: A static error is raised if a Prolog contains more than one empty order declaration
Archived Log entry 699 added for thread 1 sequence 1352
Beginning log switch checkpoint up to RBA
Starting background process VKTM
ARC0: Archival started
Starting background process VKTM
RMAN-08070: deleted datafile copy
Beginning log switch checkpoint up to RBA
ORA-01282: date range specified is invalid
Current log# 168 seq# 6383 mem# 0
ARC0: Archival started
Beginning log switch checkpoint up to RBA
Completed checkpoint up to RBA
Current log# 646 seq# 9565 mem# 0
LPX-00723: no such element
Thread 1 advanced to log sequence 366
PRVF-02412: The file "{0}" is not a device file on node "{1}"
Beginning log switch checkpoint up to RBA
Current log# 939 seq# 3125 mem# 0
Archived Log entry 67 added for thread 1 sequence 2053
Beginning log switch checkpoint up to RBA
PRCD-01051: Failed to add instance to database {0}
Archived Log entry 603 added for thread 1 sequence 9039
Current log# 735 seq# 9083 mem# 0
Current log# 397 seq# 2304 mem# 0
Starting background process VKTM
Starting background process VKTM
DIA-48008: id is already used by an existing product type
Errors in file /u01/app/oracle/diag/rdbms/ttprod/ttprod1/trace/ttprod1_ora_26671.trc
Beginning log switch checkpoint up to RBA
INS-42017: The Grid home is inconsistent on the following nodes: 3
Beginning log switch checkpoint up to RBA
Completed checkpoint up to RBA
Archived Log entry 133 added for thread 1 sequence 9838
Thread 1 advanced to log sequence 711
Current log# 343 seq# 4670 mem# 0
LPX-00266: invalid language specification ~s
Beginning log switch checkpoint up to RBA
Thread 1 advanced to log sequence 293
Archived Log entry 482 added for thread 1 sequence 1670
ARC0: Archival started
Starting background process VKTM
DRG-50866: failed to resize pk_orders
ARC0: Archival started
Completed checkpoint up to RBA
ARC0: Archival started
DRG-10602: failed to queue DML change to column INVOICE_LINES_IDX for primary key ttprod1
ARC0: Archival started
Thread 1 advanced to log sequence 723
Beginning log switch checkpoint up to RBA
ORA-12508: TNS:listener could not resolve the COMMAND given
Beginning log switch checkpoint up to RBA
Current log# 519 seq# 4276 mem# 0
Beginning log switch checkpoint up to RBA
ORA-36220: (XSLPDSC01) All dimensions in LIST number are also in the IGNORE clause.
Thread 1 advanced to log sequence 326
ARC0: Archival started
Archived Log entry 124 added for thread 1 sequence 2704
ORA-09753: spwat: invalid process number.
ARC0: Archival started
Archived Log entry 572 added for thread 1 sequence 4831
Undo initialization finished
Current log# 564 seq# 2016 mem# 0
Starting background process VKTM
ORA-02786: Size needed for shared region is greater than segment size
Errors in file /u01/app/oracle/diag/rdbms/ttprod/ttprod1/trace/ttprod1_ora_91176.trc
Archived Log entry 710 added for thread 1 sequence 6964
Beginning log switch checkpoint up to RBA
NNL-01031: Name: shared pool
Beginning log switch checkpoint up to RBA
Beginning log switch checkpoint up to RBA
Beginning log switch checkpoint up to RBA
Archived Log entry 439 added for thread 1 sequence 9749
ORA-09290: sksaalo: error allocating memory for archival
Current log# 171 seq# 7525 mem# 0
PGA-21116: RRM termination complete for local LU shared pool
Current log# 67 seq# 6932 mem# 0
Archived Log entry 93 added for thread 1 sequence 1954
ORA-30029: no active undo tablespace assigned to instance
Errors in file /u01/app/oracle/diag/rdbms/ttprod/ttprod1/trace/ttprod1_ora_25794.trc
ARC0: Archival started
ORA-30933: Element ' UNDOTBS1 ' may not appear at this point within parent ' pg_toast_12345 '
ARC0: Archival started
Archived Log entry 888 added for thread 1 sequence 3396
Undo initialization finished
Archived Log entry 714 added for thread 1 sequence 5087
Thread 1 advanced to log sequence 878
LPX-01007: [XPTY0007]
Beginning log switch checkpoint up to RBA
PRKO-02569: ONS is already started.
Undo initialization finished
Beginning log switch checkpoint up to RBA
RMAN-08513: datafile copy file name= app_db RECID= 1024 STAMP= idx_users_email
Undo initialization finished
Archived Log entry 586 added for thread 1 sequence 6058
Undo initialization finished
Starting background process VKTM
RMAN-06541: Tablespace 5000 will be included in future whole database backups
Starting background process VKTM
Undo initialization finished
Undo initialization finished
Current log# 455 seq# 4367 mem# 0
Beginning log switch checkpoint up to RBA
IMG-01000: unsupported option reporting_schema
ARC0: Archival started
Thread 1 advanced to log sequence 943
Current log# 34 seq# 1174 mem# 0
Thread 1 advanced to log sequence 49
ORA-38437: The ADT " TNS_ADMIN " may not contain any user methods.
Starting background process VKTM
ORA-06548: no more rows needed
Undo initialization finished
Thread 1 advanced to log sequence 742
LPX-01092: [XQDY0092] Invalid xml:space value
Undo initialization finished
Completed checkpoint up to RBA
ORA-00365: the specified log is not the correct next log
Beginning log switch checkpoint up to RBA
ARC0: Archival started
Completed checkpoint up to RBA
Undo initialization finished
Archived Log entry 997 added for thread 1 sequence 8240
PCB-00308: FOR clause is an Oracle extension
Errors in file /u01/app/oracle/diag/rdbms/ttprod/ttprod1/trace/ttprod1_ora_11481.trc
Current log# 705 seq# 1223 mem# 0
Completed checkpoint up to RBA
Thread 1 advanced to log sequence 210
Starting background process VKTM
Starting background process VKTM
ORA-19296: XQDY0061: It is a dynamic error if the operand of a validate expression is a document node whose children do not consist of exactly one element node and zero or more comment and processing instruction nodes, in any order
Errors in file /u01/app/oracle/diag/rdbms/ttprod/ttprod1/trace/ttprod1_ora_40045.trc
Archived Log entry 349 added for thread 1 sequence 4212
ARC0: Archival started
TNS-12676: Server received internal error from client
Beginning log switch checkpoint up to RBA
Archived Log entry 882 added for thread 1 sequence 9149
Thread 1 advanced to log sequence 770
TNS-12560: TNS: protocol adapter error
Completed checkpoint up to RBA
Thread 1 advanced to log sequence 830
Beginning log switch checkpoint up to RBA
Starting background process VKTM
Starting background process VKTM
ORA-07585: spdcr: $PARSE failure
Archived Log entry 15 added for thread 1 sequence 7030
ARC0: Archival started
Beginning log switch checkpoint up to RBA
NNO-00321: statistic counter dump disabled
Completed checkpoint up to RBA
CRS-02764: CRSADMIN and CRSUSER keys are not in repository. Details at idx_users_email in ttprod2 .
Thread 1 advanced to log sequence 486
ORA-02245: invalid ROLLBACK SEGMENT name
Current log# 972 seq# 3265 mem# 0
Thread 1 advanced to log sequence 542
ORA-01356: active logminer sessions found
Starting background process VKTM
ORA-08320: scnget: Call to scnget before scnset or scnfnd.
Errors in file /u01/app/oracle/diag/rdbms/ttprod/ttprod1/trace/ttprod1_ora_17777.trc
Completed checkpoint up to RBA
Starting background process VKTM
Completed checkpoint up to RBA
ARC0: Archival started
ORA-02804: Allocation of memory failed for log file name
ARC0: Archival started
Starting background process VKTM
Thread 1 advanced to log sequence 680
Completed checkpoint up to RBA
Completed checkpoint up to RBA
ORA-13761: invalid filter
Undo initialization finished
Starting background process VKTM
RMAN-06552: newname for datafile number was set to NEW, but file was not restored
ARC0: Archival started
ORA-48424: SHOW TRACE command needs argument
Undo initialization finished
Thread 1 advanced to log sequence 77
Current log# 686 seq# 1553 mem# 0
Current log# 183 seq# 9876 mem# 0
Archived Log entry 929 added for thread 1 sequence 3932
NNO-00604: disabling all request processing
Beginning log switch checkpoint up to RBA
NID-00435: Database name changed to 5000 .
Beginning log switch checkpoint up to RBA
Current log# 595 seq# 8332 mem# 0
Current log# 475 seq# 1347 mem# 0
Archived Log entry 599 added for thread 1 sequence 7122
ORA-12532: TNS:invalid argument
Errors in file /u01/app/oracle/diag/rdbms/ttprod/ttprod1/trace/ttprod1_ora_40163.trc
Current log# 828 seq# 7628 mem# 0
Beginning log switch checkpoint up to RBA
ARC0: Archival started
Current log# 775 seq# 5607 mem# 0
Beginning log switch checkpoint up to RBA
ORA-13981: Invalid file URL or path prefix
Errors in file /u01/app/oracle/diag/rdbms/ttprod/ttprod1/trace/ttprod1_ora_39136.trc
Archived Log entry 299 added for thread 1 sequence 1208
RMAN-03091: Finished 3 at NETWORK_OPS.SIM_INVENTORY
Errors in file /u01/app/oracle/diag/rdbms/ttprod/ttprod1/trace/ttprod1_ora_28159.trc
Undo initialization finished
Current log# 313 seq# 5348 mem# 0
Starting background process VKTM
Completed checkpoint up to RBA
Beginning log switch checkpoint up to RBA
RMAN-08042: channel 3 : copied standby control file
Undo initialization finished
Undo initialization finished
Completed checkpoint up to RBA
Starting background process VKTM
ARC0: Archival started
ORA-03252: initial extent size not enough for LOB segment
Undo initialization finished
Thread 1 advanced to log sequence 430
PLS-00110: bind variable ' NETWORK_OPS.SIM_INVENTORY ' not allowed in this context
ARC0: Archival started
Beginning log switch checkpoint up to RBA
Completed checkpoint up to RBA
Beginning log switch checkpoint up to RBA
ARC0: Archival started
ORA-06721: TLI Driver: spurious client req
Errors in file /u01/app/oracle/diag/rdbms/ttprod/ttprod1/trace/ttprod1_ora_31569.trc
ARC0: Archival started
ARC0: Archival started
Archived Log entry 790 added for thread 1 sequence 4705
Thread 1 advanced to log sequence 183
LCD-00217: failure while processing file parameter [ ttprod1 ]
Errors in file /u01/app/oracle/diag/rdbms/ttprod/ttprod1/trace/ttprod1_ora_43905.trc
Starting background process VKTM
ORA-27090: Unable to reserve kernel resources for asynchronous disk I/O
Thread 1 advanced to log sequence 768
IMG-00713: unsupported destination image format
Completed checkpoint up to RBA
RMAN-06784: One or more datafile headers of locally managed datafiles were not updated.
Starting background process VKTM
Starting background process VKTM
Undo initialization finished
Completed checkpoint up to RBA
ORA-16116: no work available
Undo initialization finished
Beginning log switch checkpoint up to RBA
Current log# 190 seq# 7484 mem# 0
JMS-00426: Property does not exist
Errors in file /u01/app/oracle/diag/rdbms/ttprod/ttprod1/trace/ttprod1_ora_64945.trc
Beginning log switch checkpoint up to RBA
Starting background process VKTM
NID-00402: Must finish change or REVERT changes before attempting any database operation.
Beginning log switch checkpoint up to RBA
ARC0: Archival started
NID-00353: 1024
Errors in file /u01/app/oracle/diag/rdbms/ttprod/ttprod1/trace/ttprod1_ora_44314.trc
Archived Log entry 784 added for thread 1 sequence 1025
Completed checkpoint up to RBA
Undo initialization finished
ORA-12070: cannot offline instantiate materialized view " 3 "." user_sessions "
Errors in file /u01/app/oracle/diag/rdbms/ttprod/ttprod1/trace/ttprod1_ora_94909.trc
Thread 1 advanced to log sequence 241
Current log# 406 seq# 1460 mem# 0
RMAN-06567: connected to auxiliary database: session_1123 (DBID= ttstandby01 , not open)
Errors in file /u01/app/oracle/diag/rdbms/ttprod/ttprod1/trace/ttprod1_ora_22535.trc
Completed checkpoint up to RBA
ARC0: Archival started
Thread 1 advanced to log sequence 396
ORA-02361: error while attempting to allocate number bytes of memory
Thread 1 advanced to log sequence 86
ARC0: Archival started
Current log# 488 seq# 1273 mem# 0
OCI-21562: column user_sessions has unsupported data type CRM.CALL_DETAIL_RECORDS
Beginning log switch checkpoint up to RBA
Thread 1 advanced to log sequence 898
Current log# 847 seq# 8818 mem# 0
ORA-44416: Invalid ACL: Unresolved principal ' UNDOTBS1 '
Starting background process VKTM
RMAN-08087: channel CDR_STAGING : started backup set validation
Undo initialization finished
PGU-41084: call definition pk_orders version number deleted from PG DD
Starting background process VKTM
NNL-00212: Cache checkpointing is now disabled
Beginning log switch checkpoint up to RBA
Beginning log switch checkpoint up to RBA
Starting background process VKTM
ORA-02157: no options specified for ALTER USER
Undo initialization finished
ARC0: Archival started
RMAN-08300: Run SQL script user_sessions on the target platform to create database
Errors in file /u01/app/oracle/diag/rdbms/ttprod/ttprod1/trace/ttprod1_ora_68264.trc
Completed checkpoint up to RBA
DIA-48409: The ADR homes exceeds the maximum number [ fk_order_customer ]
Starting background process VKTM
TNS-01007: quit | exit : exit LSNRCTL
ARC0: Archival started
Current log# 301 seq# 5800 mem# 0
ORA-24484: Setting authentication handle not allowed after pool create
Errors in file /u01/app/oracle/diag/rdbms/ttprod/ttprod1/trace/ttprod1_ora_28458.trc
Thread 1 advanced to log sequence 330
Starting background process VKTM
Starting background process VKTM
Starting background process VKTM
RDJ-00017: invalid domain type: " INVOICE_LINES_IDX ". Available domain types:
Archived Log entry 406 added for thread 1 sequence 6301
Completed checkpoint up to RBA
RMAN-08166: validation succeeded for datafile copy and control file copy
Beginning log switch checkpoint up to RBA
Archived Log entry 49 added for thread 1 sequence 5446
Undo initialization finished
Starting background process VKTM
ORA-24806: LOB form mismatch
Archived Log entry 731 added for thread 1 sequence 6108
Thread 1 advanced to log sequence 945
Starting background process VKTM
ARC0: Archival started
Thread 1 advanced to log sequence 940
RMAN-06761: skipping backup sets that are already backed up
Errors in file /u01/app/oracle/diag/rdbms/ttprod/ttprod1/trace/ttprod1_ora_71078.trc
Archived Log entry 965 added for thread 1 sequence 2018
Thread 1 advanced to log sequence 631
ORA-18100: XUST0001 - Updating expression in a wrong position
Beginning log switch checkpoint up to RBA
Undo initialization finished
ORA-53256: cannot export to a null or invalid destination data type
Starting background process VKTM
ARC0: Archival started
Completed checkpoint up to RBA
Current log# 986 seq# 6175 mem# 0
ORA-29527: created Java source SP2-0552 " reporting_schema "
Errors in file /u01/app/oracle/diag/rdbms/ttprod/ttprod1/trace/ttprod1_ora_52725.trc
ARC0: Archival started
Starting background process VKTM
Beginning log switch checkpoint up to RBA
Current log# 821 seq# 1226 mem# 0
ORA-01911: CONTENTS keyword expected
ARC0: Archival started
Archived Log entry 977 added for thread 1 sequence 9851
Undo initialization finished
Undo initialization finished
ORA-46089: Unsupported verifier type
Starting background process VKTM
ORA-00067: invalid value _SYSSMU7$ for parameter DATA_TS01 ; must be at least large pool
Undo initialization finished
Current log# 318 seq# 3839 mem# 0
Starting background process VKTM
DIA-48112: invalid flags for open file, _SYSSMU12$
Current log# 77 seq# 2594 mem# 0
RMAN-11003: failure during parse/execution of SQL statement: NETWORK_OPS.SIM_INVENTORY
Errors in file /u01/app/oracle/diag/rdbms/ttprod/ttprod1/trace/ttprod1_ora_29820.trc
Thread 1 advanced to log sequence 995
Archived Log entry 784 added for thread 1 sequence 4056
Thread 1 advanced to log sequence 194
Completed checkpoint up to RBA
ARC0: Archival started
DRG-11707: valid relations: idx_users_email
Beginning log switch checkpoint up to RBA
PRVF-09665: Check of Clusterware install failed on some nodes. Clock Synchronization check will proceed with remnaining nodes
Errors in file /u01/app/oracle/diag/rdbms/ttprod/ttprod1/trace/ttprod1_ora_13861.trc
Starting background process VKTM
DRG-11859: Data Transfer Interrupted
Starting background process VKTM
ARC0: Archival started
ARC0: Archival started
ARC0: Archival started
Archived Log entry 789 added for thread 1 sequence 2417
ORA-16411: TRANSPORT=ONDEMAND is unsupported
Thread 1 advanced to log sequence 887
Current log# 460 seq# 9239 mem# 0
Archived Log entry 365 added for thread 1 sequence 2150
QSM-01051: no support for rollup when a window function is present on the column
Archived Log entry 296 added for thread 1 sequence 2842
Starting background process VKTM
Starting background process VKTM
Thread 1 advanced to log sequence 483
Undo initialization finished
ORA-12034: materialized view log on " DATA_TS01 "." idx_users_email " younger than last refresh
Starting background process VKTM
Beginning log switch checkpoint up to RBA
Completed checkpoint up to RBA
Archived Log entry 472 added for thread 1 sequence 9613
Undo initialization finished
SCLS-01001: Failed to get ONS runtime of {0}
Completed checkpoint up to RBA
XOQ-01494: invalid target dimension or attribute " USERS "
Archived Log entry 990 added for thread 1 sequence 5551
Archived Log entry 941 added for thread 1 sequence 7353
ORA-31071: Invalid database username or GUID DATA_TS01
Starting background process VKTM
Archived Log entry 696 added for thread 1 sequence 3787
Beginning log switch checkpoint up to RBA
Starting background process VKTM
Completed checkpoint up to RBA
CRS-00259: Owner of the resource does not belong to the group.
Thread 1 advanced to log sequence 25
Thread 1 advanced to log sequence 155
Thread 1 advanced to log sequence 281
ORA-07503: scgcmn: $setimr unexpected return
Archived Log entry 462 added for thread 1 sequence 9160
Archived Log entry 79 added for thread 1 sequence 7084
Starting background process VKTM
Archived Log entry 341 added for thread 1 sequence 4418
ORA-25952: join index must only contain inner equi-joins
Beginning log switch checkpoint up to RBA
Beginning log switch checkpoint up to RBA
Thread 1 advanced to log sequence 72
Current log# 957 seq# 1822 mem# 0
PGU-41136: no BILLING.CUST_ORDERS PGAU object named shared pool at version number satisfied the REPORT request
Undo initialization finished
PGU-41084: call definition pk_orders version number deleted from PG DD
Errors in file /u01/app/oracle/diag/rdbms/ttprod/ttprod1/trace/ttprod1_ora_82646.trc
Current log# 242 seq# 6899 mem# 0
Beginning log switch checkpoint up to RBA
Thread 1 advanced to log sequence 41
Current log# 194 seq# 4557 mem# 0
Beginning log switch checkpoint up to RBA
ORA-31469: cannot enable Change Data Capture for change set user_sessions
Thread 1 advanced to log sequence 766
Undo initialization finished
Undo initialization finished
ORA-39125: Worker unexpected fatal error in APP_USER42 while calling APP_USER42 [ APP_USER42 ]
Errors in file /u01/app/oracle/diag/rdbms/ttprod/ttprod1/trace/ttprod1_ora_53251.trc
Beginning log switch checkpoint up to RBA
Thread 1 advanced to log sequence 400
Archived Log entry 412 added for thread 1 sequence 4619
RMAN-08551: recovering datafile copy file number= 17 name= app_db
Thread 1 advanced to log sequence 127
ARC0: Archival started
Archived Log entry 890 added for thread 1 sequence 1167
TNS-04084: WARNING: Non-reloadable parameters have retained their values.
Errors in file /u01/app/oracle/diag/rdbms/ttprod/ttprod1/trace/ttprod1_ora_98205.trc
Thread 1 advanced to log sequence 39
Completed checkpoint up to RBA
Current log# 462 seq# 4191 mem# 0
Undo initialization finished
ORA-39281: Cannot alter COMPRESS in index-organized materialized view.
Errors in file /u01/app/oracle/diag/rdbms/ttprod/ttprod1/trace/ttprod1_ora_94544.trc
Undo initialization finished
Undo initialization finished
XOQ-01933: invalid list of sparse dimensions
Current log# 430 seq# 4438 mem# 0
ARC0: Archival started
Beginning log switch checkpoint up to RBA
ORA-30731: scope constraint not allowed on nested table column when the nested table is being created
Errors in file /u01/app/oracle/diag/rdbms/ttprod/ttprod1/trace/ttprod1_ora_44382.trc
Beginning log switch checkpoint up to RBA
ARC0: Archival started
PLS-00259: rights model (AUTHID) must be specified
Beginning log switch checkpoint up to RBA
Undo initialization finished
INS-41315: File _SYSSMU12$ already exists.
Completed checkpoint up to RBA
Undo initialization finished
Starting background process VKTM
ORA-09344: spsig: error signalling thread
Archived Log entry 625 added for thread 1 sequence 7616
Current log# 617 seq# 3556 mem# 0
Undo initialization finished
RMAN-06206: Crosschecked INVOICE_LINES_IDX objects
Errors in file /u01/app/oracle/diag/rdbms/ttprod/ttprod1/trace/ttprod1_ora_77858.trc
Starting background process VKTM
Completed checkpoint up to RBA
Undo initialization finished
ORA-13486: invalid or insufficient GeoTIFF metadata to georeference the GeoRaster object: DATA_TS01
Beginning log switch checkpoint up to RBA
ARC0: Archival started
DRG-50857: oracle error in idx_users_email
Undo initialization finished
ORA-29476: DBMS_SQL.CLOSE_CURSOR failed
Errors in file /u01/app/oracle/diag/rdbms/ttprod/ttprod1/trace/ttprod1_ora_79459.trc
Starting background process VKTM
Starting background process VKTM
ARC0: Archival started
ORA-24232: unknown Embedded PL/SQL Gateway attribute SYSAUX
Archived Log entry 670 added for thread 1 sequence 9683
ARC0: Archival started
NNL-00001: request argument " 17 " is invalid
Completed checkpoint up to RBA
Current log# 885 seq# 9568 mem# 0
Starting background process VKTM
Beginning log switch checkpoint up to RBA
Completed checkpoint up to RBA
XOQ-01742: NO COMMIT option cannot be specified on build " SP2-0552 ".
ARC0: Archival started
RMAN-08538: channel SYSAUX : no AUTOBACKUP in UNDOTBS1 days found
Starting background process VKTM
ORA-00282: UPI CDR_STAGING call not supported, use ALTER DATABASE RECOVER
Completed checkpoint up to RBA
ARC0: Archival started
Beginning log switch checkpoint up to RBA
Archived Log entry 638 added for thread 1 sequence 1838
PRVF-05253: Command "{0}" executed to retrieve GPNP resource status failed on all of the nodes
Archived Log entry 473 added for thread 1 sequence 8809
RMAN-08523: restoring datafile 3 to _SYSSMU7$
Errors in file /u01/app/oracle/diag/rdbms/ttprod/ttprod1/trace/ttprod1_ora_50078.trc
ARC0: Archival started
Archived Log entry 507 added for thread 1 sequence 5802
CRS-02670: Unable to start/relocate ' CDR_STAGING ' because ' 17 ' has a stop-time ' pg_toast_12345 ' dependency on it
Archived Log entry 801 added for thread 1 sequence 4782
Thread 1 advanced to log sequence 284
ORA-31157: Invalid Content-Type charset
Undo initialization finished
Archived Log entry 396 added for thread 1 sequence 8667
Archived Log entry 323 added for thread 1 sequence 1520
RMAN-08555: channel user_sessions : restoring section UNDOTBS1 of USERS
Starting background process VKTM
Archived Log entry 111 added for thread 1 sequence 5523
Archived Log entry 670 added for thread 1 sequence 6629
ORA-14086: a partitioned index may not be rebuilt as a whole
Current log# 422 seq# 8275 mem# 0
Beginning log switch checkpoint up to RBA
Undo initialization finished
ORA-28142: error in accessing audit index file
Archived Log entry 812 added for thread 1 sequence 9424
Archived Log entry 959 added for thread 1 sequence 6816
Completed checkpoint up to RBA
Completed checkpoint up to RBA
ORA-00407: rolling upgrade from release /u01/app/oracle/oradata/ttprod/users01.dbf . /u01/app/oracle/oradata/ttprod/users01.dbf to large pool . large pool is not allowed
Errors in file /u01/app/oracle/diag/rdbms/ttprod/ttprod1/trace/ttprod1_ora_75883.trc
Archived Log entry 930 added for thread 1 sequence 9869
Beginning log switch checkpoint up to RBA
Current log# 580 seq# 3648 mem# 0
Undo initialization finished
Starting background process VKTM
ORA-23362: invalid user
ARC0: Archival started
Archived Log entry 261 added for thread 1 sequence 8491
ORA-27474: cannot give both an argument name and an argument position
Errors in file /u01/app/oracle/diag/rdbms/ttprod/ttprod1/trace/ttprod1_ora_77519.trc
Beginning log switch checkpoint up to RBA
Beginning log switch checkpoint up to RBA
Beginning log switch checkpoint up to RBA
Starting background process VKTM
DRG-10751: invalid value for parameter
Starting background process VKTM
Archived Log entry 961 added for thread 1 sequence 1742
ARC0: Archival started
Current log# 785 seq# 8222 mem# 0
ORA-02351: internal error: INVOICE_LINES_IDX
Archived Log entry 509 added for thread 1 sequence 6550
Completed checkpoint up to RBA
Undo initialization finished
Completed checkpoint up to RBA
ORA-31687: error creating worker process 1024 with worker id ttprod2
Beginning log switch checkpoint up to RBA
ORA-48231: Predicate syntax error
Undo initialization finished
PRKO-00380: No other option is allowed when the "-l" option is specified.
Thread 1 advanced to log sequence 540
Current log# 543 seq# 6290 mem# 0
Archived Log entry 20 added for thread 1 sequence 8448
Starting background process VKTM
Undo initialization finished
XOQ-01950: The AWCubeOrganization for cube " /u01/app/oracle/oradata/ttprod/users01.dbf " contains multiple BuildSpecifications with the same name.
Starting background process VKTM
Beginning log switch checkpoint up to RBA
Thread 1 advanced to log sequence 168
RMAN-06224: Automatic instance created
Archived Log entry 114 added for thread 1 sequence 2950
ORA-15036: disk ' APP_USER42 ' is truncated
Starting background process VKTM
RMAN-08536: channel _SYSSMU7$ : AUTOBACKUP found: /u01/app/oracle/oradata/ttprod/users01.dbf
Beginning log switch checkpoint up to RBA
Completed checkpoint up to RBA
Thread 1 advanced to log sequence 328
ARC0: Archival started
ARC0: Archival started
ORA-08463: overflow converting decimal number to Oracle number
Errors in file /u01/app/oracle/diag/rdbms/ttprod/ttprod1/trace/ttprod1_ora_81732.trc
Undo initialization finished
Undo initialization finished
Archived Log entry 656 added for thread 1 sequence 7890
LPX-01040: [XQST0040] Repeated attribute name
Undo initialization finished
ARC0: Archival started
Current log# 977 seq# 3608 mem# 0
PCC-02014: Syntax error at line number , column number , file ttstandby01 :
Starting background process VKTM
Current log# 125 seq# 7387 mem# 0
NNO-00074: downloading region from server user_sessions
Beginning log switch checkpoint up to RBA
Archived Log entry 975 added for thread 1 sequence 5684
Archived Log entry 712 added for thread 1 sequence 2832
Undo initialization finished
Starting background process VKTM
CRS-09046: Invalid key given
Beginning log switch checkpoint up to RBA
Archived Log entry 589 added for thread 1 sequence 2689
Starting background process VKTM
Starting background process VKTM
KUP-01007: at line number column number
Completed checkpoint up to RBA
Archived Log entry 879 added for thread 1 sequence 9737
Completed checkpoint up to RBA
Undo initialization finished
Current log# 254 seq# 4121 mem# 0
NID-00505: REVERT Revert failed change NO
Undo initialization finished
Starting background process VKTM
Undo initialization finished
RMAN-06202: Deleted 17 EXPIRED objects
Errors in file /u01/app/oracle/diag/rdbms/ttprod/ttprod1/trace/ttprod1_ora_94213.trc
ARC0: Archival started
ORA-08310: sllfop: Bad value for recsize
Beginning log switch checkpoint up to RBA
IMP-00017: following statement failed with ORACLE error number :
Thread 1 advanced to log sequence 166
ORA-19580: reporting_schema conversation not active
Undo initialization finished
Archived Log entry 54 added for thread 1 sequence 6909
Completed checkpoint up to RBA
ORA-10633: No space found in the segment
Completed checkpoint up to RBA
Starting background process VKTM
ORA-32603: invalid FREEPOOLS LOB storage option value
Undo initialization finished
Undo initialization finished
Undo initialization finished
DRG-12411: SQL processing error: 5000
Current log# 381 seq# 6726 mem# 0
Thread 1 advanced to log sequence 383
ORA-54547: wrong input for COUNT_SHARED_EDGES
Completed checkpoint up to RBA
Archived Log entry 677 added for thread 1 sequence 2709
INS-30005: The ttprod1 password entered is missing recommended characters.
Archived Log entry 937 added for thread 1 sequence 1512
Completed checkpoint up to RBA
Completed checkpoint up to RBA
ORA-22880: invalid REF
Beginning log switch checkpoint up to RBA
Thread 1 advanced to log sequence 383
ORA-12235: TNS:Failure to redirect to destination
Completed checkpoint up to RBA
Starting background process VKTM
Beginning log switch checkpoint up to RBA
Thread 1 advanced to log sequence 383
ORA-23319: parameter value app_db is not appropriate
Current log# 69 seq# 6592 mem# 0
ARC0: Archival started
Thread 1 advanced to log sequence 37
Current log# 940 seq# 2891 mem# 0
Completed checkpoint up to RBA
ORA-04009: MAXVALUE cannot be made to be less than the current value
Thread 1 advanced to log sequence 501
ARC0: Archival started
Thread 1 advanced to log sequence 419
RMAN-07262: no automatic repair options available
Starting background process VKTM
Beginning log switch checkpoint up to RBA
Beginning log switch checkpoint up to RBA
Thread 1 advanced to log sequence 246
LPX-00769: not xml media type
Errors in file /u01/app/oracle/diag/rdbms/ttprod/ttprod1/trace/ttprod1_ora_94209.trc
Starting background process VKTM
Thread 1 advanced to log sequence 555
Starting background process VKTM
Thread 1 advanced to log sequence 800
RMAN-08144: channel BILLING.CUST_ORDERS : validation complete, elapsed time: user_sessions
Current log# 541 seq# 5010 mem# 0
Starting background process VKTM
ORA-02492: missing required file block increment size in NEXT clause
Completed checkpoint up to RBA
Current log# 132 seq# 1571 mem# 0
Thread 1 advanced to log sequence 472
Starting background process VKTM
ARC0: Archival started
IMG-00825: merged area queue pop failed
Archived Log entry 855 added for thread 1 sequence 9753
Beginning log switch checkpoint up to RBA
Thread 1 advanced to log sequence 740
Completed checkpoint up to RBA
Thread 1 advanced to log sequence 349
ORA-37074: (XSMCSESS02) Variable workspace object has no default aggmap.
Beginning log switch checkpoint up to RBA
Beginning log switch checkpoint up to RBA
PGU-42030: a user_sessions clause has been prematurely terminated
Errors in file /u01/app/oracle/diag/rdbms/ttprod/ttprod1/trace/ttprod1_ora_69046.trc
Starting background process VKTM
PRCD-01240: Unable to downgrade configuration of database {0} because its database role of {1} is not supported in version {2}
Beginning log switch checkpoint up to RBA
ORA-37405: unknown ORGANIZATION CUBE keyword
Beginning log switch checkpoint up to RBA
Beginning log switch checkpoint up to RBA
ARC0: Archival started
ARC0: Archival started
ORA-02070: database SP2-0552 TNS_ADMIN does not support 3 in this context
Archived Log entry 271 added for thread 1 sequence 4078
Completed checkpoint up to RBA
ORA-30114: error when processing from command line
Starting background process VKTM
DRG-13400: Oracle Data Mining was not installed
Errors in file /u01/app/oracle/diag/rdbms/ttprod/ttprod1/trace/ttprod1_ora_76569.trc
ARC0: Archival started
Current log# 50 seq# 8833 mem# 0
CRS-09106: Data requested was outside Cluster Health Monitor retention time limits.
Errors in file /u01/app/oracle/diag/rdbms/ttprod/ttprod1/trace/ttprod1_ora_92278.trc
Starting background process VKTM
Thread 1 advanced to log sequence 904
Undo initialization finished
Undo initialization finished
Undo initialization finished
LPX-01070: [XQST0070] Invalid (prefix, URI) combination
Beginning log switch checkpoint up to RBA
RMAN-08106: channel CRM.CALL_DETAIL_RECORDS : restoring block(s)
Completed checkpoint up to RBA
Completed checkpoint up to RBA
Completed checkpoint up to RBA
Current log# 353 seq# 1486 mem# 0
Starting background process VKTM
RMAN-08585: copying standby control file
Archived Log entry 510 added for thread 1 sequence 7356
Thread 1 advanced to log sequence 950
Archived Log entry 146 added for thread 1 sequence 5094
PRVF-07721: Fixup cannot be generated for creating user "{0}" on node "{1}"
Beginning log switch checkpoint up to RBA
Thread 1 advanced to log sequence 10
Current log# 120 seq# 2503 mem# 0
OCI-31022: Element not found
Starting background process VKTM
Undo initialization finished
Completed checkpoint up to RBA
Undo initialization finished
Beginning log switch checkpoint up to RBA
ORA-00333: redo log read error block ttprod1 count app_db
Starting background process VKTM
Beginning log switch checkpoint up to RBA
ORA-27375: valid agent name must be specified for secure queues
Beginning log switch checkpoint up to RBA
Undo initialization finished
Archived Log entry 589 added for thread 1 sequence 8131
Thread 1 advanced to log sequence 620
Archived Log entry 815 added for thread 1 sequence 8698
ORA-38438: getVarchar not possible due to " ttprod2 " datatype in the attribute set
Archived Log entry 40 added for thread 1 sequence 8950
Beginning log switch checkpoint up to RBA
ORA-01605: missing numbers in clause " 5000 " of user_sessions
Beginning log switch checkpoint up to RBA
Beginning log switch checkpoint up to RBA
Completed checkpoint up to RBA
NNO-00155: warning: hint number has missing address, hint ignored
Thread 1 advanced to log sequence 217
DRG-13305: 'off' attribute value must be in the range ttprod1 .. CRM.CALL_DETAIL_RECORDS , at line TNS_ADMIN
Current log# 544 seq# 5796 mem# 0
Thread 1 advanced to log sequence 276
RDJ-00008: invalid number specified:
Errors in file /u01/app/oracle/diag/rdbms/ttprod/ttprod1/trace/ttprod1_ora_75793.trc
Current log# 66 seq# 4593 mem# 0
Completed checkpoint up to RBA
Starting background process VKTM
Completed checkpoint up to RBA
DRG-10502: index /u01/app/oracle/oradata/ttprod/users01.dbf does not exist
Completed checkpoint up to RBA
ARC0: Archival started
Starting background process VKTM
PRCD-01189: Cannot update server pool to {0} for RAC One Node database service {1}
Beginning log switch checkpoint up to RBA
Archived Log entry 332 added for thread 1 sequence 1790
Beginning log switch checkpoint up to RBA
Starting background process VKTM
RMAN-06519: backup will never be obsolete
Beginning log switch checkpoint up to RBA
ARC0: Archival started
ARC0: Archival started
ORA-28594: agent control utility: invalid parameter name
Completed checkpoint up to RBA
PCC-00026: Invalid host variable " 17 " at line number in file pk_orders
ARC0: Archival started
Current log# 318 seq# 8469 mem# 0
Thread 1 advanced to log sequence 172
Undo initialization finished
Archived Log entry 779 added for thread 1 sequence 9378
PLS-00678: RETURN statement not allowed inside Compound Triggers
Beginning log switch checkpoint up to RBA
ARC0: Archival started
Starting background process VKTM
Undo initialization finished
Beginning log switch checkpoint up to RBA
CRS-04202: String hashing failed during wallet credentials creation
Beginning log switch checkpoint up to RBA
Undo initialization finished
Beginning log switch checkpoint up to RBA
ORA-31130: Specified resource configuration is not associated with given resource
Starting background process VKTM
Thread 1 advanced to log sequence 359
Undo initialization finished
ARC0: Archival started
PRVF-00040: The Remote Shell "{0}" requested by the client does not exist
Beginning log switch checkpoint up to RBA
Beginning log switch checkpoint up to RBA
Undo initialization finished
PRVF-10306: Error occurred while retrieving IP address of IPMI device on nodes {0}
Archived Log entry 366 added for thread 1 sequence 8675
Undo initialization finished
INS-20812: Unexpected error while executing ' INVOICE_LINES_IDX '
Starting background process VKTM
Current log# 575 seq# 4381 mem# 0
Current log# 352 seq# 8872 mem# 0
Undo initialization finished
RMAN-07528: number of files not managed by recovery area is ttstandby01 , totaling CDR_STAGING
Completed checkpoint up to RBA
Thread 1 advanced to log sequence 320
Thread 1 advanced to log sequence 916
ORA-48205: Record Length too Big [ pg_toast_12345 ] [ APP_USER42 ] [ USERS ]
Current log# 625 seq# 5737 mem# 0
Thread 1 advanced to log sequence 81
Archived Log entry 82 added for thread 1 sequence 4338
ARC0: Archival started
ORA-00043: remote operation failed
Thread 1 advanced to log sequence 131
Current log# 271 seq# 5889 mem# 0
Undo initialization finished
Current log# 633 seq# 2320 mem# 0
CRS-01707: Lease acquisition for node fk_order_customer number number completed
Undo initialization finished
Beginning log switch checkpoint up to RBA
RMAN-06050: archived log for thread number with sequence number is already on disk as file shared pool
Current log# 113 seq# 9536 mem# 0
Completed checkpoint up to RBA
ORA-07709: sksaprs: archiving to a remote host is not allowed
Errors in file /u01/app/oracle/diag/rdbms/ttprod/ttprod1/trace/ttprod1_ora_68992.trc
Undo initialization finished
ORA-19674: file ttprod1 is already being backed up with proxy copy
Beginning log switch checkpoint up to RBA
Completed checkpoint up to RBA
Starting background process VKTM
Archived Log entry 7 added for thread 1 sequence 2545
Thread 1 advanced to log sequence 131
PRCA-01019: ASM {0} is not running
Errors in file /u01/app/oracle/diag/rdbms/ttprod/ttprod1/trace/ttprod1_ora_16882.trc
Archived Log entry 609 added for thread 1 sequence 3264
ARC0: Archival started
Undo initialization finished
ARC0: Archival started
Beginning log switch checkpoint up to RBA
NNO-00303: server " ttprod2 " started with process ID number
ARC0: Archival started
Current log# 932 seq# 1816 mem# 0
ARC0: Archival started
ORA-36643: (XSDUNION21) Concat dimension workspace object cannot be changed to NOT UNIQUE because it contains custom member values.
Thread 1 advanced to log sequence 305
Completed checkpoint up to RBA
Thread 1 advanced to log sequence 703
Archived Log entry 991 added for thread 1 sequence 8430
Starting background process VKTM
QSM-01021: materialized view, SP2-0552 , not found in the hint list
Undo initialization finished
RMAN-06483: changed datafile copy expired
Errors in file /u01/app/oracle/diag/rdbms/ttprod/ttprod1/trace/ttprod1_ora_15163.trc
ARC0: Archival started
Beginning log switch checkpoint up to RBA
Completed checkpoint up to RBA
ORA-39929: Table 5000 . 1024 in tablespace reporting_schema has encrypted columns which are not supported.
Undo initialization finished
RMAN-08506: input file name= reporting_schema
Starting background process VKTM
Starting background process VKTM
Beginning log switch checkpoint up to RBA
Starting background process VKTM
Thread 1 advanced to log sequence 964
PGU-42034: COPY for file 5000 is recursive
Undo initialization finished
Starting background process VKTM
Current log# 422 seq# 9938 mem# 0
ORA-26653: Apply 42 did not start properly and is currently in state pg_toast_12345
Completed checkpoint up to RBA
Current log# 943 seq# 6677 mem# 0
ORA-27424: calendar clauses PK_CUSTOMER_ACCOUNTS and /u01/app/oracle/oradata/ttprod/users01.dbf are incompatible
Current log# 225 seq# 3265 mem# 0
Completed checkpoint up to RBA
Completed checkpoint up to RBA
ARC0: Archival started
ORA-53027: invalid invocation of a macro DATA_TS01 that is partially defined
Current log# 631 seq# 9548 mem# 0
Current log# 618 seq# 9012 mem# 0
Beginning log switch checkpoint up to RBA
ARC0: Archival started
ORA-19634: file name required for this function
Current log# 263 seq# 6038 mem# 0
Archived Log entry 346 added for thread 1 sequence 4099
RMAN-06121: uncataloged control file copy
Starting background process VKTM
ORA-12552: TNS:operation was interrupted
ARC0: Archival started
Beginning log switch checkpoint up to RBA
Archived Log entry 459 added for thread 1 sequence 4964
Thread 1 advanced to log sequence 21
PRCR-01115: Failed to find entities of type {0} that match filters {1} and contain attributes {2}
Archived Log entry 585 added for thread 1 sequence 8920
ORA-48247: Predicate Conversion Error ttstandby01
Undo initialization finished
QSM-02127: not supported for this type mv by Oracle version at master site
Archived Log entry 834 added for thread 1 sequence 5809
Undo initialization finished
Completed checkpoint up to RBA
Thread 1 advanced to log sequence 816
RMAN-08003: channel ttprod1 : reading from backup piece NETWORK_OPS.SIM_INVENTORY
ARC0: Archival started
RMAN-05049: datafile /u01/app/oracle/oradata/ttprod/users01.dbf is an Oracle Managed File, DB_CREATE_FILE_DEST not set at target
Undo initialization finished
Archived Log entry 131 added for thread 1 sequence 8922
ARC0: Archival started
ARC0: Archival started
RMAN-08112: archived log failover was done on CRM.CALL_DETAIL_RECORDS , check alert log for more info
Undo initialization finished
ORA-21524: object type mismatch
Thread 1 advanced to log sequence 411
Beginning log switch checkpoint up to RBA
Beginning log switch checkpoint up to RBA
Thread 1 advanced to log sequence 276
Archived Log entry 38 added for thread 1 sequence 8822
ORA-24772: Cannot mix tightly-coupled and loosely-coupled branches
Current log# 21 seq# 9656 mem# 0
ARC0: Archival started
Completed checkpoint up to RBA
Completed checkpoint up to RBA
TNS-01405: Host: 1024
ARC0: Archival started
Completed checkpoint up to RBA
Completed checkpoint up to RBA
Undo initialization finished
Thread 1 advanced to log sequence 613
ORA-12435: invalid audit success: 5000
Beginning log switch checkpoint up to RBA
RMAN-08592: output file name= idx_users_email tag= 5000
Archived Log entry 956 added for thread 1 sequence 9661
RMAN-06216: WARNING: db_unique_name mismatch - 42 objects could not be updated
ARC0: Archival started
Thread 1 advanced to log sequence 692
Thread 1 advanced to log sequence 263
Thread 1 advanced to log sequence 750
DRG-52205: class _SYSSMU12$ and object 1024 already exists for this index
Current log# 254 seq# 7205 mem# 0
DRG-12800: Attribute NESTED_TYPE must have owner name as prefix
Starting background process VKTM
Beginning log switch checkpoint up to RBA
Thread 1 advanced to log sequence 201
Starting background process VKTM
RMAN-06452: ttprod2 package upgraded to version app_db
Archived Log entry 753 added for thread 1 sequence 8179
Starting background process VKTM
Current log# 233 seq# 3502 mem# 0
Current log# 972 seq# 4148 mem# 0
Current log# 318 seq# 4655 mem# 0
RMAN-05551: Not connected to TARGET, cannot verify that set of tablespaces being duplicated does not have SYS objects
Beginning log switch checkpoint up to RBA
Thread 1 advanced to log sequence 693
Archived Log entry 366 added for thread 1 sequence 2377
Starting background process VKTM
Current log# 724 seq# 4902 mem# 0
ORA-16169: LGWR network server invalid parameters
Errors in file /u01/app/oracle/diag/rdbms/ttprod/ttprod1/trace/ttprod1_ora_38428.trc
Beginning log switch checkpoint up to RBA
Thread 1 advanced to log sequence 649
PLS-00402: alias required in SELECT list of cursor to avoid duplicate column names
Errors in file /u01/app/oracle/diag/rdbms/ttprod/ttprod1/trace/ttprod1_ora_38735.trc
Starting background process VKTM
ARC0: Archival started
Current log# 226 seq# 3521 mem# 0
Current log# 902 seq# 7957 mem# 0
CRS-01662: Member kill requested by node 3 for member number number , group ttstandby01
ARC0: Archival started
Archived Log entry 134 added for thread 1 sequence 1830
ARC0: Archival started
Starting background process VKTM
Beginning log switch checkpoint up to RBA
ORA-13385: error in network manager: [ user_sessions ]
Undo initialization finished
Starting background process VKTM
RMAN-06709: No scripts in recovery catalog
Thread 1 advanced to log sequence 902
Thread 1 advanced to log sequence 363
ORA-25158: Cannot specify RELY for foreign key if the associated primary key is NORELY
Thread 1 advanced to log sequence 700
Undo initialization finished
ORA-33050: (XSAGDNGL24) AGGMAP workspace object cannot be used to aggregate workspace object , because it is defined in a different analytic workspace.
Current log# 817 seq# 5809 mem# 0
Archived Log entry 480 added for thread 1 sequence 5665
Thread 1 advanced to log sequence 168
ARC0: Archival started
ORA-42001: online redefinition options require COMPATIBLE parameter to be session_1123 or greater
Beginning log switch checkpoint up to RBA
Archived Log entry 383 added for thread 1 sequence 9159
Thread 1 advanced to log sequence 37
Starting background process VKTM
Beginning log switch checkpoint up to RBA
INS-30049: The given cluster configuration file could not be read.
Completed checkpoint up to RBA
Starting background process VKTM
Archived Log entry 418 added for thread 1 sequence 5771
ARC0: Archival started
Thread 1 advanced to log sequence 977
LFI-00125: Random access only allowed on fixed length record files.
Completed checkpoint up to RBA
Completed checkpoint up to RBA
Undo initialization finished
Undo initialization finished
Current log# 642 seq# 2440 mem# 0
PLS-00654: PARTITION/ORDER/CLUSTER BY are allowed for only with PARALLEL_ENABLE
Current log# 482 seq# 8132 mem# 0
Current log# 445 seq# 7891 mem# 0
ORA-24405: error occured while trying to create connections in the pool
Errors in file /u01/app/oracle/diag/rdbms/ttprod/ttprod1/trace/ttprod1_ora_31759.trc
Beginning log switch checkpoint up to RBA
Undo initialization finished
CRS-00801: Cluster Ready Service aborted due to failure to obtain identity of the running process. Details at CRM.CALL_DETAIL_RECORDS in SP2-0552 .
ARC0: Archival started
TNS-00310: Navigator: Failed to start tracing after rereading parameter data
Beginning log switch checkpoint up to RBA
Archived Log entry 49 added for thread 1 sequence 5948
Thread 1 advanced to log sequence 680
ORA-29292: file rename operation failed
Current log# 908 seq# 9552 mem# 0
Undo initialization finished
SQL-02104: Inconsistent host cache. No cursor cache available
Errors in file /u01/app/oracle/diag/rdbms/ttprod/ttprod1/trace/ttprod1_ora_18080.trc
Beginning log switch checkpoint up to RBA
Completed checkpoint up to RBA
Archived Log entry 42 added for thread 1 sequence 4276
Beginning log switch checkpoint up to RBA
ORA-13404: invalid ultCoordinate parameter
Thread 1 advanced to log sequence 588
Completed checkpoint up to RBA
NCR-04021: NCRR: Pickler errors
Completed checkpoint up to RBA
ARC0: Archival started
Thread 1 advanced to log sequence 349
ORA-39111: Dependent object type UNDOTBS1 skipped, base object type INVOICE_LINES_IDX already exists
Archived Log entry 371 added for thread 1 sequence 8527
Starting background process VKTM
Current log# 444 seq# 7802 mem# 0
JMS-00111: Connection must be specified
Errors in file /u01/app/oracle/diag/rdbms/ttprod/ttprod1/trace/ttprod1_ora_34478.trc
Completed checkpoint up to RBA
ARC0: Archival started
Completed checkpoint up to RBA
Undo initialization finished
ORA-24792: cannot mix services in a single global transaction
Current log# 770 seq# 1813 mem# 0
CRS-01202: CRSD aborted on node USERS . Error [ /u01/app/oracle/oradata/ttprod/users01.dbf ]. Details in CDR_STAGING .
Errors in file /u01/app/oracle/diag/rdbms/ttprod/ttprod1/trace/ttprod1_ora_56961.trc
Current log# 202 seq# 2387 mem# 0
ORA-12666: Dedicated server: outbound transport protocol different from inbound
Beginning log switch checkpoint up to RBA
Current log# 578 seq# 9990 mem# 0
Current log# 316 seq# 3305 mem# 0
Completed checkpoint up to RBA
RMAN-08094: channel fk_order_customer : specifying datafile(s) for proxy restore
Starting background process VKTM
Undo initialization finished
Archived Log entry 389 added for thread 1 sequence 9298
Beginning log switch checkpoint up to RBA
ORA-00351: recover-to time invalid
Current log# 897 seq# 9600 mem# 0
Completed checkpoint up to RBA
ORA-38793: cannot FLASHBACK the database to a future SCN/time
Completed checkpoint up to RBA
RMAN-08039: channel fk_order_customer : starting incremental datafile backup set restore
ARC0: Archival started
Thread 1 advanced to log sequence 897
LPX-01142: [XUDY0014] Modified node was not created by the copy clause
Undo initialization finished
ORA-24036: invalid SORT_ORDER column TNS_ADMIN specified for queue table
Errors in file /u01/app/oracle/diag/rdbms/ttprod/ttprod1/trace/ttprod1_ora_27365.trc
Undo initialization finished
Beginning log switch checkpoint up to RBA
ARC0: Archival started
PCC-00077: Colon usage with numeric label in WHENEVER statement is not ANSI
Thread 1 advanced to log sequence 605
Completed checkpoint up to RBA
ORA-48467: " ttprod2 " for the keyword " APP_USER42 " is not a valid number
Errors in file /u01/app/oracle/diag/rdbms/ttprod/ttprod1/trace/ttprod1_ora_80072.trc
ARC0: Archival started
INS-30004: The TNS_ADMIN password entered is invalid.
Errors in file /u01/app/oracle/diag/rdbms/ttprod/ttprod1/trace/ttprod1_ora_11394.trc
Beginning log switch checkpoint up to RBA
ORA-06024: NETASY: VTM error
Beginning log switch checkpoint up to RBA
Starting background process VKTM
ORA-28513: internal error in heterogeneous remote agent
Undo initialization finished
Undo initialization finished
Completed checkpoint up to RBA
RDE-00004: operation timeout
ARC0: Archival started
Beginning log switch checkpoint up to RBA
LSX-00210: value "~1S" out of range for type "~2S"
Archived Log entry 685 added for thread 1 sequence 3564
Thread 1 advanced to log sequence 123
NID-00305: Datafile 17 - already changed
Errors in file /u01/app/oracle/diag/rdbms/ttprod/ttprod1/trace/ttprod1_ora_22746.trc
Thread 1 advanced to log sequence 148
Completed checkpoint up to RBA
Beginning log switch checkpoint up to RBA
Completed checkpoint up to RBA
ORA-29837: insufficient privileges to execute implementation type
Current log# 917 seq# 4393 mem# 0
Beginning log switch checkpoint up to RBA
Undo initialization finished
ORA-54032: column to be renamed is used in a virtual column expression
Completed checkpoint up to RBA
Current log# 430 seq# 4002 mem# 0
ARC0: Archival started
ORA-13834: name of SQL profile to be cloned must be provided
Errors in file /u01/app/oracle/diag/rdbms/ttprod/ttprod1/trace/ttprod1_ora_10346.trc
Beginning log switch checkpoint up to RBA
Starting background process VKTM
ORA-01558: out of transaction ID's in rollback segment large pool
Archived Log entry 705 added for thread 1 sequence 1337
Thread 1 advanced to log sequence 331
Thread 1 advanced to log sequence 838
Current log# 290 seq# 5486 mem# 0
Undo initialization finished
ORA-02474: Fixed hash area extents used ( UNDOTBS1 ) exceeds maximum allowed ( APP_USER42 )
Beginning log switch checkpoint up to RBA
Thread 1 advanced to log sequence 759
Beginning log switch checkpoint up to RBA
Beginning log switch checkpoint up to RBA
NNO-00708: cache flush countdown aborted
Starting background process VKTM
ORA-13478: the target SRID is the same as the source GeoRaster object's SRID
Starting background process VKTM
Current log# 61 seq# 3607 mem# 0
RMAN-06607: RMAN configuration parameters for database with db_unique_name pg_toast_12345 are:
Current log# 795 seq# 9661 mem# 0
Thread 1 advanced to log sequence 229
Beginning log switch checkpoint up to RBA
Thread 1 advanced to log sequence 294
ARC0: Archival started
ORA-13710: Parameter " NETWORK_OPS.SIM_INVENTORY " must have a higher value than parameter " UNDOTBS1 ". The values supplied were " fk_order_customer " and " /u01/app/oracle/oradata/ttprod/users01.dbf " respectively.
Errors in file /u01/app/oracle/diag/rdbms/ttprod/ttprod1/trace/ttprod1_ora_77906.trc
Beginning log switch checkpoint up to RBA
Current log# 723 seq# 5874 mem# 0
Beginning log switch checkpoint up to RBA
ORA-37147: (XSCCOMP21) The variable workspace object must be in the current operation group of the COMPRESSED COMPOSITE workspace object .
Completed checkpoint up to RBA
Starting background process VKTM
ORA-27476: " SYSAUX . reporting_schema " does not exist
Errors in file /u01/app/oracle/diag/rdbms/ttprod/ttprod1/trace/ttprod1_ora_52745.trc
Archived Log entry 814 added for thread 1 sequence 6798
ARC0: Archival started
ARC0: Archival started
Current log# 604 seq# 8104 mem# 0
Archived Log entry 625 added for thread 1 sequence 5134
ORA-18000: invalid outline name
Beginning log switch checkpoint up to RBA
Undo initialization finished
Starting background process VKTM
ORA-16107: all log data from primary has been processed
Current log# 928 seq# 4494 mem# 0
Completed checkpoint up to RBA
Current log# 36 seq# 7956 mem# 0
ARC0: Archival started
Thread 1 advanced to log sequence 208
ORA-47406: ALWAYS AUDIT option set for Factor APP_USER42
Beginning log switch checkpoint up to RBA
Undo initialization finished
Beginning log switch checkpoint up to RBA
Archived Log entry 151 added for thread 1 sequence 7614
RMAN-03023: executing command: ttstandby01
Starting background process VKTM
Completed checkpoint up to RBA
RMAN-06025: no backup of archived log for thread number with sequence number and starting SCN of fk_order_customer found to restore
Errors in file /u01/app/oracle/diag/rdbms/ttprod/ttprod1/trace/ttprod1_ora_68840.trc
ARC0: Archival started
Undo initialization finished
Undo initialization finished
Thread 1 advanced to log sequence 169
Thread 1 advanced to log sequence 304
ORA-39163: A sample size of SP2-0552 is invalid.
Beginning log switch checkpoint up to RBA
Current log# 455 seq# 1134 mem# 0
Completed checkpoint up to RBA
ORA-38770: FLASHBACK DATABASE failed during recovery.
Errors in file /u01/app/oracle/diag/rdbms/ttprod/ttprod1/trace/ttprod1_ora_55617.trc
Undo initialization finished
Thread 1 advanced to log sequence 193
ARC0: Archival started
PGU-42027: in line number of file _SYSSMU7$ as follows
Archived Log entry 66 added for thread 1 sequence 5974
Current log# 733 seq# 4993 mem# 0
Archived Log entry 501 added for thread 1 sequence 3800
Current log# 197 seq# 8350 mem# 0
ORA-19529: Pattern fk_order_customer in initialization parameter NETWORK_OPS.SIM_INVENTORY has an Oracle Managed Files file name.
Errors in file /u01/app/oracle/diag/rdbms/ttprod/ttprod1/trace/ttprod1_ora_97243.trc
Thread 1 advanced to log sequence 39
ORA-24350: OCI call not allowed
Undo initialization finished
ARC0: Archival started
RMAN-05555: Not connected to TARGET or TARGET not open, cannot verify that subset of tablespaces is self-contained
Undo initialization finished
Beginning log switch checkpoint up to RBA
ARC0: Archival started
Archived Log entry 209 added for thread 1 sequence 2663
Thread 1 advanced to log sequence 31
PRIF-00016: invalid syntax for the iflist command option
Undo initialization finished
Archived Log entry 530 added for thread 1 sequence 7055
NZE-28854: Memory allocation failure
Completed checkpoint up to RBA
ARC0: Archival started
Current log# 346 seq# 9573 mem# 0
Current log# 149 seq# 5638 mem# 0
Thread 1 advanced to log sequence 388
OCI-30931: Element ' 42 ' cannot contain mixed text
ARC0: Archival started
Completed checkpoint up to RBA
Beginning log switch checkpoint up to RBA
PRIF-00006: invalid syntax for the getif command option
Thread 1 advanced to log sequence 413
Starting background process VKTM
Archived Log entry 166 added for thread 1 sequence 9639
Beginning log switch checkpoint up to RBA
PGU-42020: RENAMES dn-1 (THROUGH) dn-2 must stand alone
Errors in file /u01/app/oracle/diag/rdbms/ttprod/ttprod1/trace/ttprod1_ora_85900.trc
Thread 1 advanced to log sequence 583
ORA-55636: Flashback Data Archive enabled table " DATA_TS01 "." app_db " has different definition from its history table
ARC0: Archival started
Undo initialization finished
LSX-00205: element "~1S" value "~2S" is wrong (must be "~3S")
Starting background process VKTM
Thread 1 advanced to log sequence 415
Archived Log entry 913 added for thread 1 sequence 1390
OCI-22370: incorrect usage of method pg_toast_12345
Starting background process VKTM
ARC0: Archival started
Thread 1 advanced to log sequence 991
Completed checkpoint up to RBA
Starting background process VKTM
NID-00417: Change of database ID failed.
Archived Log entry 692 added for thread 1 sequence 7275
Completed checkpoint up to RBA
Completed checkpoint up to RBA
Completed checkpoint up to RBA
ORA-01927: cannot REVOKE privileges you did not grant
Starting background process VKTM
Completed checkpoint up to RBA
Current log# 833 seq# 1321 mem# 0
Thread 1 advanced to log sequence 240
ORA-27054: NFS file system where the file is created or resides is not mounted with correct options
Completed checkpoint up to RBA
CLSW-00010: Error in the NLS services.
Errors in file /u01/app/oracle/diag/rdbms/ttprod/ttprod1/trace/ttprod1_ora_67497.trc
Completed checkpoint up to RBA
Archived Log entry 640 added for thread 1 sequence 9640
PLS-01701: Illegal syntax in ROLLBACK WORK statement
Current log# 179 seq# 1200 mem# 0
ORA-07400: slemtr: translated name for the message file is too long.
Completed checkpoint up to RBA
NID-00351: TNS_ADMIN ( number )
Beginning log switch checkpoint up to RBA
Thread 1 advanced to log sequence 904
NID-00138: Block verification failed for datafile TNS_ADMIN ( number )
Current log# 868 seq# 3974 mem# 0
ORA-15210: conflicting or duplicate PERMISSION options
Completed checkpoint up to RBA
Beginning log switch checkpoint up to RBA
Current log# 834 seq# 4435 mem# 0
ORA-01207: file is more recent than control file - old control file
Completed checkpoint up to RBA
PCC-01010: Invalid use of NULL character in character literal
Errors in file /u01/app/oracle/diag/rdbms/ttprod/ttprod1/trace/ttprod1_ora_75938.trc
Beginning log switch checkpoint up to RBA
QSM-02147: default date format is sensitive to session settings
Archived Log entry 832 added for thread 1 sequence 1269
Starting background process VKTM
Completed checkpoint up to RBA
INS-40907: Local node not included in the list of host names for grid installation.
Archived Log entry 147 added for thread 1 sequence 7373
Beginning log switch checkpoint up to RBA
ORA-07485: scg_get_inst: cannot open instance number lock.
Errors in file /u01/app/oracle/diag/rdbms/ttprod/ttprod1/trace/ttprod1_ora_41713.trc
Undo initialization finished
ORA-16110: user procedure processing of logical standby apply DDL
Current log# 491 seq# 9156 mem# 0
Thread 1 advanced to log sequence 18
Beginning log switch checkpoint up to RBA
Thread 1 advanced to log sequence 656
Undo initialization finished
ORA-08005: specified row does not exist
Undo initialization finished
Starting background process VKTM
Starting background process VKTM
Thread 1 advanced to log sequence 899
ORA-55206: Tag data translation field not found
Thread 1 advanced to log sequence 927
Undo initialization finished
Current log# 567 seq# 2124 mem# 0
Thread 1 advanced to log sequence 590
PRCA-01056: Unable to upgrade ACFS from version {0} to version {1}
Current log# 973 seq# 8656 mem# 0
ARC0: Archival started
Current log# 755 seq# 8444 mem# 0
Completed checkpoint up to RBA
Undo initialization finished
RMAN-08013: channel ttstandby01 : backup piece ttprod1
Undo initialization finished
RMAN-08621: deleted foreign archived log
Beginning log switch checkpoint up to RBA
ORA-16117: processing
Thread 1 advanced to log sequence 726
Current log# 475 seq# 7805 mem# 0
Starting background process VKTM
Beginning log switch checkpoint up to RBA
Starting background process VKTM
ORA-39006: internal error
Errors in file /u01/app/oracle/diag/rdbms/ttprod/ttprod1/trace/ttprod1_ora_63496.trc
Completed checkpoint up to RBA
Undo initialization finished
ARC0: Archival started
Current log# 254 seq# 2040 mem# 0
ORA-41674: dmlevents policy allowed only for event structures with table aliases
Undo initialization finished
Undo initialization finished
ARC0: Archival started
PLW-05015: implementation restriction - too many debug records
Thread 1 advanced to log sequence 550
Undo initialization finished
Archived Log entry 326 added for thread 1 sequence 1469
Thread 1 advanced to log sequence 846
ARC0: Archival started
PGU-39108: EP ttstandby01 , idx_users_email
Current log# 498 seq# 8808 mem# 0
Current log# 340 seq# 9470 mem# 0
Undo initialization finished
NNO-00323: overriding next statistic counter dump, dumping in number seconds
Archived Log entry 56 added for thread 1 sequence 2097
Current log# 934 seq# 8956 mem# 0
Starting background process VKTM
ORA-39062: error creating master process 17
Starting background process VKTM
Current log# 677 seq# 4660 mem# 0
Undo initialization finished
ARC0: Archival started
QSM-01205: query rewrite not possible when query has slave SQL
ARC0: Archival started
ORA-07455: estimated execution time ( session_1123 secs), exceeds limit ( _SYSSMU12$ secs)
Completed checkpoint up to RBA
Starting background process VKTM
Thread 1 advanced to log sequence 682
Thread 1 advanced to log sequence 233
CRS-02402: The Cluster Time Synchronization Service aborted on host INVOICE_LINES_IDX . Details at ttprod1 in CRM.CALL_DETAIL_RECORDS .
Beginning log switch checkpoint up to RBA
ORA-41648: invalid sequence of child elements in " 17 " element
Thread 1 advanced to log sequence 569
Completed checkpoint up to RBA
ORA-39329: Tablespace pk_orders needs to be locally managed.
Errors in file /u01/app/oracle/diag/rdbms/ttprod/ttprod1/trace/ttprod1_ora_77128.trc
Current log# 244 seq# 8994 mem# 0
CRS-04235: Failed to delete the IPMI configuration from the Oracle Registry: ' TNS_ADMIN '
Current log# 271 seq# 3541 mem# 0
DRG-11733: more than one translation for the term in the specified language
ARC0: Archival started
Completed checkpoint up to RBA
Archived Log entry 178 added for thread 1 sequence 6500
ARC0: Archival started
RMAN-06617: UNTIL TIME ( ttprod1 ) is ahead of last NEXT TIME in archived logs ( INVOICE_LINES_IDX )
Undo initialization finished
Current log# 776 seq# 5093 mem# 0
Current log# 902 seq# 5215 mem# 0
Undo initialization finished
ORA-06593: /u01/app/oracle/oradata/ttprod/users01.dbf is not supported with natively compiled PL/SQL modules
Starting background process VKTM
Starting background process VKTM
Starting background process VKTM
XOQ-00251: Default database is not set.
Thread 1 advanced to log sequence 429
Thread 1 advanced to log sequence 690
ORA-56609: Usage not supported with DRCP
Beginning log switch checkpoint up to RBA
ARC0: Archival started
Current log# 407 seq# 2988 mem# 0
Current log# 648 seq# 6673 mem# 0
NNO-00707: server's cache will be flushed in number seconds
ARC0: Archival started
RMAN-08516: control file copy file name= pk_orders RECID= SP2-0552 STAMP= app_db
Undo initialization finished
Beginning log switch checkpoint up to RBA
ARC0: Archival started
Undo initialization finished
ORA-31011: XML parsing failed
Current log# 712 seq# 5785 mem# 0
ORA-31038: Invalid 3 value: " CDR_STAGING "
Archived Log entry 685 added for thread 1 sequence 7830
ORA-02797: No requests available
Thread 1 advanced to log sequence 209
PGU-00374: could not set file position in UNDOTBS1 directly
Archived Log entry 879 added for thread 1 sequence 9804
Thread 1 advanced to log sequence 60
Starting background process VKTM
Beginning log switch checkpoint up to RBA
PCC-02331: undefined SQL identifier
Current log# 911 seq# 5626 mem# 0
RMAN-08103: channel reporting_schema : could not locate backup piece: DATA_TS01
Undo initialization finished
Undo initialization finished
PRCR-01124: Failed to check resource {0}
Current log# 268 seq# 1798 mem# 0
Beginning log switch checkpoint up to RBA
Thread 1 advanced to log sequence 936
Thread 1 advanced to log sequence 579
DRG-11810: Partial Update OK
Errors in file /u01/app/oracle/diag/rdbms/ttprod/ttprod1/trace/ttprod1_ora_81393.trc
Archived Log entry 733 added for thread 1 sequence 6334
Undo initialization finished
ARC0: Archival started
Undo initialization finished
Completed checkpoint up to RBA
QSM-01087: query grouping on a column that cannot be derived from materialized view, DATA_TS01
Current log# 64 seq# 6432 mem# 0
ARC0: Archival started
Starting background process VKTM
Beginning log switch checkpoint up to RBA
ORA-24051: cannot propagate object type payloads that have a REF attribute
Errors in file /u01/app/oracle/diag/rdbms/ttprod/ttprod1/trace/ttprod1_ora_50443.trc
Completed checkpoint up to RBA
Current log# 726 seq# 5578 mem# 0
XOQ-01984: The dimension " ttprod2 " referenced in the precompute list of the AWCubeOrganization is not part of cube " APP_USER42 ".
Thread 1 advanced to log sequence 839
Starting background process VKTM
Beginning log switch checkpoint up to RBA
VID-00613: export destination access denied
Starting background process VKTM
Starting background process VKTM
Current log# 389 seq# 8184 mem# 0
LSX-00117: "minLength" should not be greater than "maxLength"
Errors in file /u01/app/oracle/diag/rdbms/ttprod/ttprod1/trace/ttprod1_ora_23209.trc
Starting background process VKTM
Completed checkpoint up to RBA
Starting background process VKTM
Archived Log entry 723 added for thread 1 sequence 6876
CRS-02520: Invalid value ' ttstandby01 ' for attribute ' ttprod1 '
Completed checkpoint up to RBA
PCC-01202: Identifier " 1024 " truncated to 31 characters
Thread 1 advanced to log sequence 477
Current log# 715 seq# 5755 mem# 0
Beginning log switch checkpoint up to RBA
Undo initialization finished
ARC0: Archival started
PGA-21003: memory allocation error in lxlinit
Archived Log entry 994 added for thread 1 sequence 2828
ARC0: Archival started
ORA-19323: Invalid url ttprod2
Archived Log entry 468 added for thread 1 sequence 1506
Current log# 302 seq# 1132 mem# 0
Undo initialization finished
NID-00403: DBNEWID - Completed with validation errors.
Errors in file /u01/app/oracle/diag/rdbms/ttprod/ttprod1/trace/ttprod1_ora_70685.trc
Archived Log entry 261 added for thread 1 sequence 4709
ARC0: Archival started
INS-35021: Backup and recovery location is on a file system that is not shared across the cluster.
Beginning log switch checkpoint up to RBA
Current log# 162 seq# 9948 mem# 0
Undo initialization finished
Archived Log entry 492 added for thread 1 sequence 5491
Beginning log switch checkpoint up to RBA
LPX-01065: [XQST0065] Repeated ordering mode declaration
Errors in file /u01/app/oracle/diag/rdbms/ttprod/ttprod1/trace/ttprod1_ora_69983.trc
Undo initialization finished
Archived Log entry 375 added for thread 1 sequence 2357
ORA-48503: Invalid Parameter Specified
Errors in file /u01/app/oracle/diag/rdbms/ttprod/ttprod1/trace/ttprod1_ora_39492.trc
ARC0: Archival started
Current log# 480 seq# 6241 mem# 0
Archived Log entry 855 added for thread 1 sequence 2708
TNS-00533: Connection dissolved or not yet made
Errors in file /u01/app/oracle/diag/rdbms/ttprod/ttprod1/trace/ttprod1_ora_64122.trc
Thread 1 advanced to log sequence 180
Completed checkpoint up to RBA
Archived Log entry 10 added for thread 1 sequence 8873
Undo initialization finished
PGU-00328: insufficient privilege for this display
Current log# 537 seq# 9939 mem# 0
Archived Log entry 324 added for thread 1 sequence 6594
ARC0: Archival started
Archived Log entry 808 added for thread 1 sequence 6640
RDE-00060: service instance " BILLING.CUST_ORDERS " was not found.
Starting background process VKTM
Thread 1 advanced to log sequence 71
ORA-31409: one or more values for input parameters are incorrect
Current log# 324 seq# 8142 mem# 0
Thread 1 advanced to log sequence 847
ARC0: Archival started
Undo initialization finished
ORA-13644: The user " APP_USER42 " is invalid.
Undo initialization finished
Thread 1 advanced to log sequence 53
Starting background process VKTM
Current log# 42 seq# 6684 mem# 0
Undo initialization finished
ORA-21612: key is already being used
Starting background process VKTM
Completed checkpoint up to RBA
Undo initialization finished
Undo initialization finished
ORA-14178: STORE IN (DEFAULT) clause is not supported for hash partitioned global indexes
ARC0: Archival started
Thread 1 advanced to log sequence 964
Current log# 713 seq# 4201 mem# 0
Thread 1 advanced to log sequence 185
Current log# 685 seq# 9798 mem# 0
RMAN-06109: changed archived log unavailable
Current log# 648 seq# 2905 mem# 0
Starting background process VKTM
INS-30141: n/a
Current log# 926 seq# 5527 mem# 0
Current log# 807 seq# 5684 mem# 0
Archived Log entry 459 added for thread 1 sequence 7689
Undo initialization finished
NNO-00264: configuration database query returned no data
Undo initialization finished
ARC0: Archival started
Starting background process VKTM
Current log# 915 seq# 8266 mem# 0
Thread 1 advanced to log sequence 717
ORA-36021: (XSHIERCK12) The format of the HIERCHECK function is: HIERCHECK(relation [STATUS|NOSTATUS|valueset] [MULTIPATH] [CONSISTENT] [{BALANCED|STAR_CONSISTENT} levelrelation]) Or HIERCHECK(aggmap [MULTIPATH] [CONSISTENT])
Errors in file /u01/app/oracle/diag/rdbms/ttprod/ttprod1/trace/ttprod1_ora_34034.trc
Current log# 928 seq# 5193 mem# 0
ORA-55319: model ttprod2 create attempt failed: 42
Errors in file /u01/app/oracle/diag/rdbms/ttprod/ttprod1/trace/ttprod1_ora_19028.trc
Thread 1 advanced to log sequence 469
Beginning log switch checkpoint up to RBA
Thread 1 advanced to log sequence 601
Undo initialization finished
Archived Log entry 843 added for thread 1 sequence 7048
RMAN-06483: changed datafile copy expired
Thread 1 advanced to log sequence 497
ARC0: Archival started
DRG-10757: stoplist cannot have more than 4096 stopwords
ARC0: Archival started
Current log# 416 seq# 1746 mem# 0
NID-00404: DBNEWID - Completed succesfully.
Starting background process VKTM
RMAN-08112: archived log failover was done on 42 , check alert log for more info
Starting background process VKTM
Thread 1 advanced to log sequence 462
Thread 1 advanced to log sequence 411
Starting background process VKTM
Completed checkpoint up to RBA
ORA-30931: Element ' UNDOTBS1 ' cannot contain mixed text
ARC0: Archival started
ARC0: Archival started
ORA-09210: sftopn: error opening file
Errors in file /u01/app/oracle/diag/rdbms/ttprod/ttprod1/trace/ttprod1_ora_82867.trc
Current log# 224 seq# 1387 mem# 0
Beginning log switch checkpoint up to RBA
RMAN-07530: Reason: This file type is not requested for cataloging
Beginning log switch checkpoint up to RBA
ORA-00250: archiver not started
Thread 1 advanced to log sequence 115
Archived Log entry 159 added for thread 1 sequence 5227
Thread 1 advanced to log sequence 471
ORA-40254: priors cannot be specified for one-class models
Errors in file /u01/app/oracle/diag/rdbms/ttprod/ttprod1/trace/ttprod1_ora_99834.trc
Beginning log switch checkpoint up to RBA
ARC0: Archival started
ORA-02175: invalid rollback segment name
ARC0: Archival started
Starting background process VKTM
ARC0: Archival started
ARC0: Archival started
ORA-19290: XQST0069 - more than one empty order declaration declared in the prolog
Errors in file /u01/app/oracle/diag/rdbms/ttprod/ttprod1/trace/ttprod1_ora_26147.trc
Starting background process VKTM
Beginning log switch checkpoint up to RBA
Archived Log entry 705 added for thread 1 sequence 5350
Undo initialization finished
ORA-37122: AW Session cache disabled
Errors in file /u01/app/oracle/diag/rdbms/ttprod/ttprod1/trace/ttprod1_ora_57829.trc
Thread 1 advanced to log sequence 290
Current log# 371 seq# 6753 mem# 0
Undo initialization finished
Beginning log switch checkpoint up to RBA
Beginning log switch checkpoint up to RBA
CRS-00005: log file " ttprod2 " deleted after close failure
Archived Log entry 81 added for thread 1 sequence 8004
Beginning log switch checkpoint up to RBA
Thread 1 advanced to log sequence 147
IMG-00901: VIR signature version mismatch
