Thu Jul 09 00:00:00 2026
Current log# 279 seq# 1800 mem# 0
Completed checkpoint up to RBA
ARC0: Archival started
ORA-04055: Aborted: " 17 " formed a non-REF mutually-dependent cycle with " PK_CUSTOMER_ACCOUNTS ".
Completed checkpoint up to RBA
Completed checkpoint up to RBA
ARC0: Archival started
Completed checkpoint up to RBA
ORA-06766: TLI Driver: close failed during release
Archived Log entry 358 added for thread 1 sequence 3677
IMP-00091: Above error occurred on the following function and object: SYSAUX . Remaining PL/SQL blocks for this object will be skipped.
ARC0: Archival started
Current log# 706 seq# 5930 mem# 0
ORA-02353: error fetching an OCI attribute: _SYSSMU12$
ARC0: Archival started
Completed checkpoint up to RBA
Thread 1 advanced to log sequence 961
ORA-01176: data dictionary has more than the _SYSSMU7$ files allowed by the controlfie
ORA-31194: Resource ttprod1 is already deleted
Autotune of undo retention is turned on.
ORA-54516: adjacent outer rings of composite surface cannot be on same plane
Instance shutdown complete
Starting background process VKTM
Redo thread mounted read/write
ORA-10701: Dump direct loader index keys
ARC0: Archival started
Autotune of undo retention is turned on.
Instance shutdown complete
Current log# 236 seq# 7266 mem# 0
Beginning log switch checkpoint up to RBA
ORA-01041: internal error. hostdef extension doesn't exist
Redo thread mounted read/write
DIA-48341: Field [ CDR_STAGING ] not a grouping field
DIA-48112: invalid flags for open file, SYSAUX
Thread 1 advanced to log sequence 361
CRS-01339: Oracle High Availability Service aborted due to an unexpected error [ BILLING.CUST_ORDERS ]. Details at PK_CUSTOMER_ACCOUNTS in ttprod1 .
Errors in file /u01/app/oracle/diag/rdbms/ttprod/ttprod1/trace/ttprod1_ora_76115.trc
Autotune of undo retention is turned on.
ARC0: Archival started
KUP-03005: relative end ( number ) specified does not match fieldlen( number ) for field PK_CUSTOMER_ACCOUNTS
Errors in file /u01/app/oracle/diag/rdbms/ttprod/ttprod1/trace/ttprod1_ora_74973.trc
Archived Log entry 688 added for thread 1 sequence 7953
ORA-29859: error occurred in the execution of ODCIINDEXTRUNCATE routine
ORA-16112: log mining and apply stopping
ARC0: Archival started
Archived Log entry 889 added for thread 1 sequence 2309
ORA-19831: incompatible /u01/app/oracle/oradata/ttprod/users01.dbf . CDR_STAGING . 3 . DATA_TS01 DBMS_BACKUP_RESTORE package: NETWORK_OPS.SIM_INVENTORY . APP_USER42 . DATA_TS01 . CDR_STAGING required
Errors in file /u01/app/oracle/diag/rdbms/ttprod/ttprod1/trace/ttprod1_ora_92881.trc
Undo initialization finished
Undo initialization finished
ORA-38485: invalid object type for the user-defined function
Thread 1 advanced to log sequence 833
Instance shutdown complete
Autotune of undo retention is turned on.
Completed checkpoint up to RBA
RMAN-08090: channel large pool : starting proxy restore
Instance shutdown complete
Beginning log switch checkpoint up to RBA
Undo initialization finished
Current log# 758 seq# 5288 mem# 0
CRS-01217: Cluster Ready Service unable to get node name. Details at BILLING.CUST_ORDERS in APP_USER42 .
Redo thread mounted read/write
Thread 1 advanced to log sequence 370
Current log# 409 seq# 9679 mem# 0
SUCCESS: diskgroup DATA was mounted
Current log# 362 seq# 8887 mem# 0
Redo thread mounted read/write
ORA-47362: error adding Rule USERS to Rule Set 3 , USERS
SUCCESS: diskgroup DATA was mounted
Archived Log entry 975 added for thread 1 sequence 3211
Starting background process VKTM
Autotune of undo retention is turned on.
Undo initialization finished
Starting background process VKTM
ORA-29250: Invalid index specifed in call to dbms_sql.bind_array
ARC0: Archival started
Archived Log entry 46 added for thread 1 sequence 6434
Thread 1 advanced to log sequence 362
DRG-50930: parser memory failure on line SYSAUX on column large pool
Instance shutdown complete
Instance shutdown complete
SUCCESS: diskgroup DATA was mounted
Starting background process VKTM
Starting background process VKTM
Current log# 889 seq# 1755 mem# 0
ORA-06113: NETTCP: Too many connections
Current log# 644 seq# 7780 mem# 0
ORA-25013: OLD and PARENT values cannot be identical
ARC0: Archival started
DRG-10304: unexpected error sending command(s) to Oracle Text server
Thread 1 advanced to log sequence 859
Starting background process VKTM
Redo thread mounted read/write
Thread 1 advanced to log sequence 620
Beginning log switch checkpoint up to RBA
Starting background process VKTM
ORA-19675: file 17 was modified during proxy copy
Current log# 86 seq# 2582 mem# 0
Completed checkpoint up to RBA
SUCCESS: diskgroup DATA was mounted
ORA-13199: SYSAUX
Completed checkpoint up to RBA
EXP-00025: dictionary shows no column for constraint shared pool . number
ORA-23662: subset rule length exceeds maximum allowed value
Errors in file /u01/app/oracle/diag/rdbms/ttprod/ttprod1/trace/ttprod1_ora_12732.trc
SUCCESS: diskgroup DATA was mounted
Beginning log switch checkpoint up to RBA
Undo initialization finished
ARC0: Archival started
ORA-16445: Database has to be mounted and cannot be open
Errors in file /u01/app/oracle/diag/rdbms/ttprod/ttprod1/trace/ttprod1_ora_46367.trc
Redo thread mounted read/write
Thread 1 advanced to log sequence 304
Redo thread mounted read/write
Thread 1 advanced to log sequence 519
ARC0: Archival started
ARC0: Archival started
NNL-00012: invalid " UNDOTBS1 " value " large pool "
Starting background process VKTM
Instance shutdown complete
Autotune of undo retention is turned on.
Completed checkpoint up to RBA
Completed checkpoint up to RBA
ORA-27018: BLKSIZE is not a multiple of the minimum physical block size
Completed checkpoint up to RBA
Archived Log entry 332 added for thread 1 sequence 5570
Starting background process VKTM
Beginning log switch checkpoint up to RBA
Redo thread mounted read/write
Archived Log entry 275 added for thread 1 sequence 6454
ORA-02373: Error parsing insert statement for table shared pool .
Archived Log entry 783 added for thread 1 sequence 3796
Undo initialization finished
Instance shutdown complete
Undo initialization finished
Instance shutdown complete
Beginning log switch checkpoint up to RBA
ORA-24031: invalid value, 1024 should be non-NULL
Undo initialization finished
Completed checkpoint up to RBA
Archived Log entry 403 added for thread 1 sequence 1035
ARC0: Archival started
ORA-39166: Object CRM.CALL_DETAIL_RECORDS was not found.
Completed checkpoint up to RBA
Archived Log entry 286 added for thread 1 sequence 5760
Starting background process VKTM
Autotune of undo retention is turned on.
Beginning log switch checkpoint up to RBA
Redo thread mounted read/write
ORA-26918: Must use ' 17 ' procedure for outbound server " large pool ".
Instance shutdown complete
INS-41514: One or more locations you specified for voting disk files cannot be used.
Instance shutdown complete
Archived Log entry 339 added for thread 1 sequence 7402
LPX-00200: could not convert from encoding ~1s to ~2s
Archived Log entry 877 added for thread 1 sequence 4391
ARC0: Archival started
Beginning log switch checkpoint up to RBA
ARC0: Archival started
PRVF-09653: Command "{0}" to check CTSS status failed on all of the nodes
SUCCESS: diskgroup DATA was mounted
Starting background process VKTM
ORA-12548: TNS:incomplete read or write
Completed checkpoint up to RBA
Beginning log switch checkpoint up to RBA
Instance shutdown complete
Archived Log entry 131 added for thread 1 sequence 5504
Current log# 347 seq# 5425 mem# 0
PGU-00311: data exceeds internal buffer size
Beginning log switch checkpoint up to RBA
Starting background process VKTM
ARC0: Archival started
PGA-21002: unable to obtain number bytes of memory for APP_USER42
Autotune of undo retention is turned on.
Starting background process VKTM
Thread 1 advanced to log sequence 527
Starting background process VKTM
ORA-32406: cannot alter partitioning for existing materialized view log
Instance shutdown complete
Autotune of undo retention is turned on.
Starting background process VKTM
Autotune of undo retention is turned on.
Undo initialization finished
Completed checkpoint up to RBA
ORA-33269: while operating on ' NETWORK_OPS.SIM_INVENTORY '
Autotune of undo retention is turned on.
ORA-30731: scope constraint not allowed on nested table column when the nested table is being created
Autotune of undo retention is turned on.
ORA-07632: smsrcx: $DELTVA failure
Autotune of undo retention is turned on.
Autotune of undo retention is turned on.
SUCCESS: diskgroup DATA was mounted
ARC0: Archival started
ORA-26936: must execute OCIPOGGCaptureAttach before invoking 1024 function
SUCCESS: diskgroup DATA was mounted
Autotune of undo retention is turned on.
Archived Log entry 663 added for thread 1 sequence 9024
Starting background process VKTM
ORA-16218: This database is already preparing to switch over.
ORA-34840: (OPCREATE01) The CRM.CALL_DETAIL_RECORDS option must be declared with datatype USERS .
Beginning log switch checkpoint up to RBA
Redo thread mounted read/write
Thread 1 advanced to log sequence 263
Beginning log switch checkpoint up to RBA
Beginning log switch checkpoint up to RBA
SUCCESS: diskgroup DATA was mounted
ORA-32412: encrypted column " NETWORK_OPS.SIM_INVENTORY " not allowed in the materialized view log
Redo thread mounted read/write
Undo initialization finished
Undo initialization finished
Autotune of undo retention is turned on.
PRKO-02427: eONS is already stopped on node(s): {0}
Starting background process VKTM
Archived Log entry 612 added for thread 1 sequence 1479
Archived Log entry 297 added for thread 1 sequence 8154
ORA-28656: incomplete attribute specification
Starting background process VKTM
Starting background process VKTM
SUCCESS: diskgroup DATA was mounted
SUCCESS: diskgroup DATA was mounted
ARC0: Archival started
PRKO-02176: ONS daemon does not exist on node(s): {0}
Completed checkpoint up to RBA
RMAN-06441: cannot upgrade catalog - catalog is already newer than this RMAN
ORA-38869: datafile UNDOTBS1 has been restored from an RMAN backup with undo block compression.
Starting background process VKTM
Undo initialization finished
Archived Log entry 17 added for thread 1 sequence 9777
SUCCESS: diskgroup DATA was mounted
ORA-13154: invalid precision specified
Autotune of undo retention is turned on.
Archived Log entry 568 added for thread 1 sequence 7291
Autotune of undo retention is turned on.
SUCCESS: diskgroup DATA was mounted
CRS-02567: Error while parsing the default value for attribute ' INVOICE_LINES_IDX '
SUCCESS: diskgroup DATA was mounted
Undo initialization finished
SUCCESS: diskgroup DATA was mounted
Autotune of undo retention is turned on.
Current log# 886 seq# 2377 mem# 0
ORA-25259: cannot specify protocol for agent
Redo thread mounted read/write
Undo initialization finished
OCI-22166: collection is empty
Thread 1 advanced to log sequence 312
ORA-33005: (XSAGDIMBREAK) Invalid breakout for dimension workspace object .
Completed checkpoint up to RBA
NZE-29005: The certificate is invalid.
Undo initialization finished
Autotune of undo retention is turned on.
ARC0: Archival started
ORA-32017: failure in updating SPFILE
Autotune of undo retention is turned on.
Thread 1 advanced to log sequence 417
Archived Log entry 832 added for thread 1 sequence 3687
Redo thread mounted read/write
Thread 1 advanced to log sequence 300
Beginning log switch checkpoint up to RBA
ORA-01142: cannot end online backup - none of the files are in backup
Beginning log switch checkpoint up to RBA
Beginning log switch checkpoint up to RBA
Beginning log switch checkpoint up to RBA
DRG-10313: logging has already been started
Autotune of undo retention is turned on.
Completed checkpoint up to RBA
Starting background process VKTM
RMAN-00203: Do you want to open resetlogs the database (enter YES or NO)?
Thread 1 advanced to log sequence 372
Starting background process VKTM
Starting background process VKTM
Starting background process VKTM
ORA-38751: Flashback database log: " 42 "
Redo thread mounted read/write
ORA-47404: NULL trust level for Factor 5000
Thread 1 advanced to log sequence 39
TNS-00503: Illegal ADDRESS parameters
Thread 1 advanced to log sequence 728
Redo thread mounted read/write
ORA-55202: Tag data translation scheme not found
Redo thread mounted read/write
Starting background process VKTM
Redo thread mounted read/write
Thread 1 advanced to log sequence 93
Archived Log entry 132 added for thread 1 sequence 2686
ORA-10458: standby database requires recovery
PGU-00319: cannot locate pgau configuration file, _SYSSMU12$
ARC0: Archival started
Autotune of undo retention is turned on.
Redo thread mounted read/write
Instance shutdown complete
SUCCESS: diskgroup DATA was mounted
ORA-24371: data would not fit in current prefetch buffer
Errors in file /u01/app/oracle/diag/rdbms/ttprod/ttprod1/trace/ttprod1_ora_25151.trc
Redo thread mounted read/write
Instance shutdown complete
Undo initialization finished
PRCR-01015: Failed to relocate resource {0}
Errors in file /u01/app/oracle/diag/rdbms/ttprod/ttprod1/trace/ttprod1_ora_86206.trc
ORA-25533: FAST_START_IO_TARGET or LOG_CHECKPOINT_INTERVAL is specified
Autotune of undo retention is turned on.
Current log# 785 seq# 2832 mem# 0
Archived Log entry 685 added for thread 1 sequence 8239
Current log# 153 seq# 7473 mem# 0
Beginning log switch checkpoint up to RBA
Beginning log switch checkpoint up to RBA
DRG-11706: invalid relation BILLING.CUST_ORDERS
Instance shutdown complete
Starting background process VKTM
ORA-07345: The datafile name must not contain the _SYSSMU12$ '..'.
Errors in file /u01/app/oracle/diag/rdbms/ttprod/ttprod1/trace/ttprod1_ora_36143.trc
ARC0: Archival started
RMAN-07527: Reason: File was not created using DB_RECOVERY_FILE_DEST initialization parameter
Starting background process VKTM
Completed checkpoint up to RBA
ORA-27147: post/wait reset failed
Autotune of undo retention is turned on.
Beginning log switch checkpoint up to RBA
ORA-01106: database must be closed before dismounting
SUCCESS: diskgroup DATA was mounted
ARC0: Archival started
ORA-55714: savepoint ' session_1123 ' disabled with interleaved changes across Oracle RAC instances
Errors in file /u01/app/oracle/diag/rdbms/ttprod/ttprod1/trace/ttprod1_ora_80606.trc
Current log# 480 seq# 8143 mem# 0
SUCCESS: diskgroup DATA was mounted
Undo initialization finished
TNS-12684: encryption/crypto-checksumming: Diffie-Hellman seed too small
SUCCESS: diskgroup DATA was mounted
Current log# 868 seq# 2707 mem# 0
Redo thread mounted read/write
Archived Log entry 557 added for thread 1 sequence 4273
Current log# 19 seq# 8888 mem# 0
Autotune of undo retention is turned on.
ORA-25509: operation on " TNS_ADMIN "." SYSAUX ". USERS not allowed
Archived Log entry 508 added for thread 1 sequence 5690
Instance shutdown complete
TNS-00144: PUMP_CONNECTIONS value in INTCHG.ORA is too large.
RMAN-08040: full resync skipped, control file is not current or backup
Archived Log entry 146 added for thread 1 sequence 1504
ARC0: Archival started
LPX-01149: [XUDY0021] The result XDM instance violates XDM constraints
ORA-28008: invalid old password
Completed checkpoint up to RBA
Thread 1 advanced to log sequence 869
Redo thread mounted read/write
Starting background process VKTM
ARC0: Archival started
ORA-39016: Operation not supported when job is in INVOICE_LINES_IDX state.
Redo thread mounted read/write
ORA-19971: event 10875 or 10879 is set
Errors in file /u01/app/oracle/diag/rdbms/ttprod/ttprod1/trace/ttprod1_ora_31635.trc
Archived Log entry 283 added for thread 1 sequence 7230
Redo thread mounted read/write
Completed checkpoint up to RBA
Autotune of undo retention is turned on.
ORA-06510: PL/SQL: unhandled user-defined exception
Redo thread mounted read/write
Beginning log switch checkpoint up to RBA
Thread 1 advanced to log sequence 195
ORA-22888: duplicate SCOPE clauses for a REF column
Thread 1 advanced to log sequence 443
Redo thread mounted read/write
Autotune of undo retention is turned on.
ORA-29383: all leaves of top-plan SP2-0552 must be consumer groups
SUCCESS: diskgroup DATA was mounted
Thread 1 advanced to log sequence 973
Archived Log entry 616 added for thread 1 sequence 1717
Archived Log entry 629 added for thread 1 sequence 7899
Autotune of undo retention is turned on.
JMS-00447: error in accessing LDAP server
Errors in file /u01/app/oracle/diag/rdbms/ttprod/ttprod1/trace/ttprod1_ora_50256.trc
Thread 1 advanced to log sequence 878
Archived Log entry 447 added for thread 1 sequence 8695
Current log# 496 seq# 9783 mem# 0
OCI-22286: insufficient privileges on directory or file to perform SYSAUX operation
Errors in file /u01/app/oracle/diag/rdbms/ttprod/ttprod1/trace/ttprod1_ora_45337.trc
Completed checkpoint up to RBA
Beginning log switch checkpoint up to RBA
Autotune of undo retention is turned on.
Completed checkpoint up to RBA
Beginning log switch checkpoint up to RBA
RMAN-06110: changed control file copy unavailable
Starting background process VKTM
Undo initialization finished
Starting background process VKTM
ORA-18004: outline already exists
Archived Log entry 967 added for thread 1 sequence 3294
Beginning log switch checkpoint up to RBA
Current log# 528 seq# 1787 mem# 0
Undo initialization finished
Completed checkpoint up to RBA
TNS-12642: No session key
ARC0: Archival started
Beginning log switch checkpoint up to RBA
Completed checkpoint up to RBA
CLSW-00011: Cannot perform cluster wallet operation because data stored in the registry is invalid.
Current log# 366 seq# 9717 mem# 0
Redo thread mounted read/write
Autotune of undo retention is turned on.
JMS-00119: Invalid Property value
NZE-28843: Operating system error while creating/opening file
Errors in file /u01/app/oracle/diag/rdbms/ttprod/ttprod1/trace/ttprod1_ora_58266.trc
Undo initialization finished
Archived Log entry 254 added for thread 1 sequence 2962
Redo thread mounted read/write
ARC0: Archival started
SUCCESS: diskgroup DATA was mounted
Thread 1 advanced to log sequence 468
ORA-38103: Invalid column in the UPDATE SET Clause: ttprod1
Instance shutdown complete
Completed checkpoint up to RBA
ORA-16853: apply lag has exceeded specified threshold
LPX-01031: [XQST0031] Version not supported by the implementation
ARC0: Archival started
Thread 1 advanced to log sequence 416
Starting background process VKTM
Autotune of undo retention is turned on.
Undo initialization finished
CLSR-06506: Error number encountered when executing TNS_ADMIN
Undo initialization finished
Current log# 535 seq# 5813 mem# 0
Beginning log switch checkpoint up to RBA
ARC0: Archival started
Thread 1 advanced to log sequence 418
CRS-02560: Resource type ' UNDOTBS1 ' does not exist
Undo initialization finished
ORA-30034: Undo tablespace cannot be specified as temporary tablespace
PCC-02201: Found syntax error
Errors in file /u01/app/oracle/diag/rdbms/ttprod/ttprod1/trace/ttprod1_ora_37525.trc
Redo thread mounted read/write
Instance shutdown complete
Archived Log entry 867 added for thread 1 sequence 7995
Thread 1 advanced to log sequence 183
Current log# 211 seq# 9067 mem# 0
Completed checkpoint up to RBA
ORA-14407: partitioned table contains subpartitions in a different tablespace
Thread 1 advanced to log sequence 218
Archived Log entry 263 added for thread 1 sequence 4805
Starting background process VKTM
Autotune of undo retention is turned on.
Current log# 756 seq# 5100 mem# 0
Autotune of undo retention is turned on.
PCC-02434: FOR clause not permitted in any LOB statement
Errors in file /u01/app/oracle/diag/rdbms/ttprod/ttprod1/trace/ttprod1_ora_14290.trc
Starting background process VKTM
Autotune of undo retention is turned on.
QSM-02041: nested aggregate function
Errors in file /u01/app/oracle/diag/rdbms/ttprod/ttprod1/trace/ttprod1_ora_16107.trc
Completed checkpoint up to RBA
Redo thread mounted read/write
Autotune of undo retention is turned on.
Archived Log entry 249 added for thread 1 sequence 7522
TNS-00236: Failed to initialize tracing
Current log# 531 seq# 9655 mem# 0
Starting background process VKTM
SUCCESS: diskgroup DATA was mounted
ORA-41622: invalid primitive event object in rule class properties : _SYSSMU12$
Undo initialization finished
Beginning log switch checkpoint up to RBA
Starting background process VKTM
DRG-11227: Third-party filter does not support this document format.
Autotune of undo retention is turned on.
Redo thread mounted read/write
SUCCESS: diskgroup DATA was mounted
Beginning log switch checkpoint up to RBA
Redo thread mounted read/write
ORA-07227: rtneco: unable to set noecho mode.
Errors in file /u01/app/oracle/diag/rdbms/ttprod/ttprod1/trace/ttprod1_ora_30834.trc
CRS-02600: Server ' USERS ' is already in another top-level server pool
Current log# 727 seq# 6616 mem# 0
Completed checkpoint up to RBA
Beginning log switch checkpoint up to RBA
Undo initialization finished
SUCCESS: diskgroup DATA was mounted
Beginning log switch checkpoint up to RBA
DIA-48228: Missing Define Call [ CRM.CALL_DETAIL_RECORDS ]
Archived Log entry 448 added for thread 1 sequence 4082
Redo thread mounted read/write
ORA-38753: Cannot flashback data file CRM.CALL_DETAIL_RECORDS ; no flashback log data.
Undo initialization finished
Autotune of undo retention is turned on.
Archived Log entry 996 added for thread 1 sequence 4516
Redo thread mounted read/write
Redo thread mounted read/write
Completed checkpoint up to RBA
ORA-02805: Unable to set handler for SIGTPA
Instance shutdown complete
ARC0: Archival started
ARC0: Archival started
Archived Log entry 930 added for thread 1 sequence 1128
Archived Log entry 124 added for thread 1 sequence 2147
ORA-36616: (XSAGMODHIER01) There is a cycle formed by MODEL workspace object and other embedded or containing models with the same dimension, workspace object .
Archived Log entry 446 added for thread 1 sequence 9996
Current log# 227 seq# 4964 mem# 0
ORA-14028: missing AT or VALUES keyword
SUCCESS: diskgroup DATA was mounted
Thread 1 advanced to log sequence 852
Undo initialization finished
RMAN-02002: unexpected end of input file reached
Thread 1 advanced to log sequence 972
ORA-23647: ttprod1 BILLING.CUST_ORDERS process NETWORK_OPS.SIM_INVENTORY is not running
Beginning log switch checkpoint up to RBA
NID-00110: Cannot use REVERT and specify a database name at the same time
Beginning log switch checkpoint up to RBA
Current log# 41 seq# 1971 mem# 0
ARC0: Archival started
ARC0: Archival started
PGU-00115: unexpected end of command
Archived Log entry 634 added for thread 1 sequence 9762
Completed checkpoint up to RBA
Autotune of undo retention is turned on.
ORA-28663: Logging/Nologging attribute can not be specified in the statement ALTER TABLE ADD OVERFLOW
Starting background process VKTM
Starting background process VKTM
Current log# 69 seq# 4444 mem# 0
Redo thread mounted read/write
ORA-00114: missing value for system parameter SERVICE_NAMES
Autotune of undo retention is turned on.
Completed checkpoint up to RBA
PCB-00011: DBMS=V6 no longer supported; using DBMS=NATIVE
Starting background process VKTM
ORA-19663: cannot apply current offline range to datafile CRM.CALL_DETAIL_RECORDS
QSM-02183: Expression to enable PCT not in PARTITION BY of analytic function or SPREADSHEET
Completed checkpoint up to RBA
LSX-00294: field "~S" produced multiple hits
Instance shutdown complete
Redo thread mounted read/write
Current log# 701 seq# 3559 mem# 0
Beginning log switch checkpoint up to RBA
Archived Log entry 23 added for thread 1 sequence 2007
ORA-24174: The number of /u01/app/oracle/oradata/ttprod/users01.dbf per evaluation context is more than _SYSSMU7$
Thread 1 advanced to log sequence 457
TNS-04209: Trace Assistant Internal ERROR: Type Error
Undo initialization finished
Autotune of undo retention is turned on.
Current log# 332 seq# 7580 mem# 0
RMAN-06485: changed archived log expired
PCC-02113: DBMS=V6 no longer supported; using DBMS=NATIVE, CHAR_MAP=VARCHAR2.
Thread 1 advanced to log sequence 807
Completed checkpoint up to RBA
ORA-54553: incorrect geometry for appending
Starting background process VKTM
Redo thread mounted read/write
Redo thread mounted read/write
RDE-00067: location of domain failed.
Thread 1 advanced to log sequence 335
Redo thread mounted read/write
Beginning log switch checkpoint up to RBA
Thread 1 advanced to log sequence 956
SUCCESS: diskgroup DATA was mounted
Autotune of undo retention is turned on.
DIA-48238: Invalid Surrogate Length Specified [ PK_CUSTOMER_ACCOUNTS ] [ PK_CUSTOMER_ACCOUNTS ]
Beginning log switch checkpoint up to RBA
Current log# 688 seq# 1698 mem# 0
Redo thread mounted read/write
ORA-10579: Can not modify control file during test recovery
Instance shutdown complete
Current log# 341 seq# 4991 mem# 0
ORA-42296: user, role or schema synonym ' ttprod1 ' does not exist
Current log# 684 seq# 7592 mem# 0
Archived Log entry 803 added for thread 1 sequence 1118
Archived Log entry 793 added for thread 1 sequence 3107
Redo thread mounted read/write
SUCCESS: diskgroup DATA was mounted
Autotune of undo retention is turned on.
IMG-00800: internal error while parsing attribute BILLING.CUST_ORDERS
Starting background process VKTM
Completed checkpoint up to RBA
Archived Log entry 309 added for thread 1 sequence 5262
Archived Log entry 966 added for thread 1 sequence 5006
ORA-02797: No requests available
ARC0: Archival started
Current log# 767 seq# 1873 mem# 0
Current log# 593 seq# 4337 mem# 0
TNS-12208: TNS:could not find the TNSNAV.ORA file
Undo initialization finished
Beginning log switch checkpoint up to RBA
ARC0: Archival started
Instance shutdown complete
Beginning log switch checkpoint up to RBA
ORA-30973: invalid Path Table option for XML Index
ARC0: Archival started
Undo initialization finished
DRG-13504: ttprod1 has no shadow index
Completed checkpoint up to RBA
SUCCESS: diskgroup DATA was mounted
Completed checkpoint up to RBA
Undo initialization finished
Thread 1 advanced to log sequence 94
ORA-38764: flashback not started; datafile ttprod1 enabled threads are different
Errors in file /u01/app/oracle/diag/rdbms/ttprod/ttprod1/trace/ttprod1_ora_11429.trc
ORA-28302: User does not exist in the LDAP directory service.
Errors in file /u01/app/oracle/diag/rdbms/ttprod/ttprod1/trace/ttprod1_ora_78434.trc
Current log# 640 seq# 3515 mem# 0
Archived Log entry 984 added for thread 1 sequence 8150
Undo initialization finished
ORA-38754: FLASHBACK DATABASE not started; required redo log is not available
Thread 1 advanced to log sequence 440
SUCCESS: diskgroup DATA was mounted
SUCCESS: diskgroup DATA was mounted
Autotune of undo retention is turned on.
RMAN-02005: token too big
Undo initialization finished
Beginning log switch checkpoint up to RBA
Instance shutdown complete
SUCCESS: diskgroup DATA was mounted
ORA-01192: must have at least one enabled thread
Errors in file /u01/app/oracle/diag/rdbms/ttprod/ttprod1/trace/ttprod1_ora_21133.trc
Starting background process VKTM
Starting background process VKTM
Autotune of undo retention is turned on.
Current log# 24 seq# 8760 mem# 0
ARC0: Archival started
ORA-00056: DDL lock on object ' DATA_TS01 . 1024 ' is already held in an incompatible mode
Instance shutdown complete
Autotune of undo retention is turned on.
ARC0: Archival started
Completed checkpoint up to RBA
Redo thread mounted read/write
JMS-00407: Operation not allowed on {0}
Errors in file /u01/app/oracle/diag/rdbms/ttprod/ttprod1/trace/ttprod1_ora_46086.trc
Instance shutdown complete
Archived Log entry 785 added for thread 1 sequence 4131
Autotune of undo retention is turned on.
ORA-28542: Error in reading HS init file
Errors in file /u01/app/oracle/diag/rdbms/ttprod/ttprod1/trace/ttprod1_ora_47048.trc
Autotune of undo retention is turned on.
Archived Log entry 687 added for thread 1 sequence 3638
Current log# 396 seq# 9572 mem# 0
Autotune of undo retention is turned on.
Undo initialization finished
ORA-48468: " UNDOTBS1 " is not a valid keyword
Errors in file /u01/app/oracle/diag/rdbms/ttprod/ttprod1/trace/ttprod1_ora_87790.trc
Beginning log switch checkpoint up to RBA
Completed checkpoint up to RBA
Beginning log switch checkpoint up to RBA
PRCH-01013: Failed to start EONS
ARC0: Archival started
SUCCESS: diskgroup DATA was mounted
Undo initialization finished
Autotune of undo retention is turned on.
ORA-16561: cannot remove an active instance
DRG-52107: ctxkbtc internal error
Thread 1 advanced to log sequence 624
Thread 1 advanced to log sequence 160
Archived Log entry 898 added for thread 1 sequence 5494
Beginning log switch checkpoint up to RBA
ORA-25225: invalid value APP_USER42 , DEQUEUE_MODE should be REMOVE or BROWSE or LOCKED
SUCCESS: diskgroup DATA was mounted
TNS-00560: extraction of name from Entrust certificate failed
ARC0: Archival started
Current log# 226 seq# 8666 mem# 0
ORA-41603: invalid privilege type
Errors in file /u01/app/oracle/diag/rdbms/ttprod/ttprod1/trace/ttprod1_ora_13666.trc
Beginning log switch checkpoint up to RBA
Autotune of undo retention is turned on.
Starting background process VKTM
Beginning log switch checkpoint up to RBA
Completed checkpoint up to RBA
Starting background process VKTM
ORA-24417: Session pool size has exceeded the maximum limit
ORA-06791: TLI Driver: poll returned error event
Beginning log switch checkpoint up to RBA
Autotune of undo retention is turned on.
Completed checkpoint up to RBA
SUCCESS: diskgroup DATA was mounted
Redo thread mounted read/write
Current log# 541 seq# 3475 mem# 0
ORA-02217: duplicate storage option specification
Undo initialization finished
Instance shutdown complete
ORA-39079: unable to enqueue message ttstandby01
Thread 1 advanced to log sequence 722
Current log# 604 seq# 1395 mem# 0
PGA-20960: missing CDR_STAGING parameter, required when PGA_CAPABILITY= 1024
Autotune of undo retention is turned on.
Beginning log switch checkpoint up to RBA
SUCCESS: diskgroup DATA was mounted
Completed checkpoint up to RBA
ORA-29373: resource manager is not on
Beginning log switch checkpoint up to RBA
Completed checkpoint up to RBA
Completed checkpoint up to RBA
SUCCESS: diskgroup DATA was mounted
ORA-01478: array bind may not include any LONG columns
Autotune of undo retention is turned on.
Archived Log entry 39 added for thread 1 sequence 9463
Completed checkpoint up to RBA
Beginning log switch checkpoint up to RBA
Current log# 648 seq# 1704 mem# 0
ORA-01624: log UNDOTBS1 needed for crash recovery of instance 42 (thread UNDOTBS1 )
SUCCESS: diskgroup DATA was mounted
Current log# 589 seq# 6771 mem# 0
Thread 1 advanced to log sequence 486
ORA-53060: DATA_TS01 is not a standard attribute tag
Current log# 421 seq# 2486 mem# 0
Instance shutdown complete
Autotune of undo retention is turned on.
ORA-19117: XQST0070 - invalid redefinition of predefined namespace prefix ' large pool '
Errors in file /u01/app/oracle/diag/rdbms/ttprod/ttprod1/trace/ttprod1_ora_71857.trc
Beginning log switch checkpoint up to RBA
Beginning log switch checkpoint up to RBA
PCC-02336: host variable expression has invalid type
Errors in file /u01/app/oracle/diag/rdbms/ttprod/ttprod1/trace/ttprod1_ora_28908.trc
Starting background process VKTM
Current log# 261 seq# 8437 mem# 0
Current log# 686 seq# 9684 mem# 0
Undo initialization finished
DRG-12220: a valid tag must be provided
Errors in file /u01/app/oracle/diag/rdbms/ttprod/ttprod1/trace/ttprod1_ora_53205.trc
ORA-01859: a non-alphabetic character was found where an alphabetic was expected
Completed checkpoint up to RBA
Beginning log switch checkpoint up to RBA
Completed checkpoint up to RBA
Undo initialization finished
PRVF-05205: GNS VIP resource configuration check failed.
Redo thread mounted read/write
Completed checkpoint up to RBA
RMAN-06419: file 3 cannot be proxy restored from handle /u01/app/oracle/oradata/ttprod/users01.dbf
Redo thread mounted read/write
ORA-30438: unable to access named pipe ' _SYSSMU7$ '
Errors in file /u01/app/oracle/diag/rdbms/ttprod/ttprod1/trace/ttprod1_ora_18273.trc
Starting background process VKTM
ORA-36817: (XSTBLFUNC10) The LIMITMAP LOOP clause specifies an invalid type of object. workspace object must be a DIMENSION or COMPOSITE.
Starting background process VKTM
Current log# 603 seq# 3288 mem# 0
Starting background process VKTM
ARC0: Archival started
Redo thread mounted read/write
ORA-38476: abstract type used for an Attribute set may not be modified.
SUCCESS: diskgroup DATA was mounted
Autotune of undo retention is turned on.
Thread 1 advanced to log sequence 677
Autotune of undo retention is turned on.
PCC-02112: OBJECTS option ignored. OBJECTS=YES is not allowed for DBMS=V6 or V7.
Beginning log switch checkpoint up to RBA
SUCCESS: diskgroup DATA was mounted
Completed checkpoint up to RBA
Thread 1 advanced to log sequence 117
ORA-30353: expression not supported for query rewrite
ARC0: Archival started
Starting background process VKTM
Redo thread mounted read/write
RMAN-05034: Recovery must be done beyond SCN PK_CUSTOMER_ACCOUNTS to clear datafile fuzziness
ARC0: Archival started
Thread 1 advanced to log sequence 935
Thread 1 advanced to log sequence 401
Thread 1 advanced to log sequence 420
Thread 1 advanced to log sequence 479
ORA-55469: rule " /u01/app/oracle/oradata/ttprod/users01.dbf " does not exist or is not accessible
ARC0: Archival started
Completed checkpoint up to RBA
Autotune of undo retention is turned on.
ORA-37152: MDX query error: ( BILLING.CUST_ORDERS )
Archived Log entry 659 added for thread 1 sequence 9602
Completed checkpoint up to RBA
Thread 1 advanced to log sequence 454
ORA-39253: Specified tables do not exist.
Completed checkpoint up to RBA
Instance shutdown complete
ARC0: Archival started
Instance shutdown complete
SUCCESS: diskgroup DATA was mounted
Instance shutdown complete
ORA-25120: MINIMUM EXTENT option already specified
Errors in file /u01/app/oracle/diag/rdbms/ttprod/ttprod1/trace/ttprod1_ora_97115.trc
IMG-02010: 2FF10 - illegal image format specification
SUCCESS: diskgroup DATA was mounted
Thread 1 advanced to log sequence 428
Current log# 467 seq# 8401 mem# 0
Thread 1 advanced to log sequence 360
Thread 1 advanced to log sequence 605
PLS-00438: value in LIMIT clause: ' 42 ' use is invalid
Redo thread mounted read/write
ARC0: Archival started
RMAN-06911: only one PARALLEL or NOPARALLEL clause may be specified
Errors in file /u01/app/oracle/diag/rdbms/ttprod/ttprod1/trace/ttprod1_ora_28315.trc
Thread 1 advanced to log sequence 193
Redo thread mounted read/write
Autotune of undo retention is turned on.
Completed checkpoint up to RBA
Thread 1 advanced to log sequence 965
Archived Log entry 944 added for thread 1 sequence 1721
ORA-13754: "SQL Tuning Set" " 1024 " does not exist for user " CRM.CALL_DETAIL_RECORDS ".
Current log# 625 seq# 8433 mem# 0
Starting background process VKTM
LSX-00220: "~1S" is wrong length, should be ~2d
Undo initialization finished
Archived Log entry 108 added for thread 1 sequence 5558
PLS-00182: Identifier cannot be an empty ttstandby01
Starting background process VKTM
Autotune of undo retention is turned on.
Beginning log switch checkpoint up to RBA
Autotune of undo retention is turned on.
ARC0: Archival started
Completed checkpoint up to RBA
QSM-02141: the reason why the capability is disabled has escaped analysis
Errors in file /u01/app/oracle/diag/rdbms/ttprod/ttprod1/trace/ttprod1_ora_17226.trc
Undo initialization finished
PRCD-01214: Administrator-managed RAC database {0} has more than one instance
Errors in file /u01/app/oracle/diag/rdbms/ttprod/ttprod1/trace/ttprod1_ora_68552.trc
Current log# 919 seq# 7131 mem# 0
Starting background process VKTM
ORA-16763: redo transport service for a standby database is running
Beginning log switch checkpoint up to RBA
Starting background process VKTM
Archived Log entry 869 added for thread 1 sequence 4109
Completed checkpoint up to RBA
Beginning log switch checkpoint up to RBA
ORA-19100: PASSING or RETURNING keyword expected
Autotune of undo retention is turned on.
Completed checkpoint up to RBA
RMAN-06053: unable to perform media recovery because of missing log
SUCCESS: diskgroup DATA was mounted
SUCCESS: diskgroup DATA was mounted
Archived Log entry 530 added for thread 1 sequence 4220
PGU-42022: VALUES clause must be the only clause at level 88
Starting background process VKTM
ORA-14401: inserted partition key is outside specified partition
Instance shutdown complete
Autotune of undo retention is turned on.
Current log# 4 seq# 3417 mem# 0
Completed checkpoint up to RBA
Beginning log switch checkpoint up to RBA
Archived Log entry 425 added for thread 1 sequence 9353
DRG-10873: Invalid setting of topn in ctxfiltercache
Instance shutdown complete
SUCCESS: diskgroup DATA was mounted
Instance shutdown complete
Thread 1 advanced to log sequence 981
PROC-00011: Cannot perform cluster registry operation because key is NULL.
Thread 1 advanced to log sequence 359
Archived Log entry 683 added for thread 1 sequence 8945
Beginning log switch checkpoint up to RBA
Beginning log switch checkpoint up to RBA
LPX-00913: XmlPatch could not process the XML PI oracle-xmldiff
Archived Log entry 560 added for thread 1 sequence 3413
Completed checkpoint up to RBA
Redo thread mounted read/write
Starting background process VKTM
Completed checkpoint up to RBA
Instance shutdown complete
ORA-01028: internal two task error
ARC0: Archival started
Current log# 329 seq# 2052 mem# 0
Instance shutdown complete
Archived Log entry 925 added for thread 1 sequence 7868
Completed checkpoint up to RBA
Beginning log switch checkpoint up to RBA
TNS-12601: TNS:information flags check failed
Completed checkpoint up to RBA
Archived Log entry 250 added for thread 1 sequence 4303
Archived Log entry 322 added for thread 1 sequence 5636
Starting background process VKTM
XOQ-01730: Refresh method " ttprod2 " requires a suitable materialized view.
ORA-02784: Invalid shared memory ID specified
Beginning log switch checkpoint up to RBA
SUCCESS: diskgroup DATA was mounted
PLS-00643: booleans, index tables, records and cursors not allowed in SQL statements
ORA-16794: database guard is on for primary database
Instance shutdown complete
Thread 1 advanced to log sequence 820
Instance shutdown complete
Instance shutdown complete
ORA-28652: overflow segment attributes cannot be specified
PLS-00181: unsupported preprocessor directive ' /u01/app/oracle/oradata/ttprod/users01.dbf '
Undo initialization finished
SUCCESS: diskgroup DATA was mounted
Completed checkpoint up to RBA
Beginning log switch checkpoint up to RBA
Archived Log entry 693 added for thread 1 sequence 1559
ORA-15273: Could not create the required number of voting files.
Errors in file /u01/app/oracle/diag/rdbms/ttprod/ttprod1/trace/ttprod1_ora_22588.trc
Archived Log entry 661 added for thread 1 sequence 1028
ARC0: Archival started
Undo initialization finished
Completed checkpoint up to RBA
NZE-28843: Operating system error while creating/opening file
Errors in file /u01/app/oracle/diag/rdbms/ttprod/ttprod1/trace/ttprod1_ora_49144.trc
Instance shutdown complete
Beginning log switch checkpoint up to RBA
Completed checkpoint up to RBA
Archived Log entry 149 added for thread 1 sequence 9727
Completed checkpoint up to RBA
Beginning log switch checkpoint up to RBA
PLS-00612: Number of attributes do not match in SET clause
ORA-28066: invalid column " TNS_ADMIN "
Instance shutdown complete
Autotune of undo retention is turned on.
Current log# 267 seq# 1656 mem# 0
Archived Log entry 297 added for thread 1 sequence 7224
Completed checkpoint up to RBA
ORA-07492: scgrcl: cannot close lock.
Errors in file /u01/app/oracle/diag/rdbms/ttprod/ttprod1/trace/ttprod1_ora_92918.trc
ARC0: Archival started
Current log# 298 seq# 7419 mem# 0
ORA-24309: already connected to a server
Errors in file /u01/app/oracle/diag/rdbms/ttprod/ttprod1/trace/ttprod1_ora_35340.trc
ARC0: Archival started
Instance shutdown complete
Instance shutdown complete
SUCCESS: diskgroup DATA was mounted
Thread 1 advanced to log sequence 209
Starting background process VKTM
IMP-00083: dump file does not contain an incremental export
Redo thread mounted read/write
Thread 1 advanced to log sequence 400
Archived Log entry 163 added for thread 1 sequence 8674
Beginning log switch checkpoint up to RBA
Instance shutdown complete
ORA-28177: incorrect Kerberos ticket version
SUCCESS: diskgroup DATA was mounted
ARC0: Archival started
SUCCESS: diskgroup DATA was mounted
DRG-12500: stoplist USERS already exists
Instance shutdown complete
Thread 1 advanced to log sequence 834
Starting background process VKTM
ORA-00910: specified length too long for its datatype
Errors in file /u01/app/oracle/diag/rdbms/ttprod/ttprod1/trace/ttprod1_ora_17076.trc
Archived Log entry 122 added for thread 1 sequence 7748
SUCCESS: diskgroup DATA was mounted
Starting background process VKTM
Instance shutdown complete
Autotune of undo retention is turned on.
Archived Log entry 753 added for thread 1 sequence 6588
ORA-14646: Specified alter table operation involving compression cannot be performed in the presence of usable bitmap indexes
Instance shutdown complete
ORA-10879: error signaled in parallel recovery slave 42
Current log# 475 seq# 8243 mem# 0
ARC0: Archival started
ARC0: Archival started
Autotune of undo retention is turned on.
RMAN-06701: could not construct path for file: " 5000 "
Starting background process VKTM
SUCCESS: diskgroup DATA was mounted
SUCCESS: diskgroup DATA was mounted
Undo initialization finished
ORA-01251: Unknown File Header Version read for file number APP_USER42
Completed checkpoint up to RBA
Archived Log entry 656 added for thread 1 sequence 6041
Undo initialization finished
Completed checkpoint up to RBA
Undo initialization finished
Autotune of undo retention is turned on.
ORA-29784: Attribute update operation not permitted
Starting background process VKTM
Redo thread mounted read/write
Redo thread mounted read/write
SUCCESS: diskgroup DATA was mounted
SUCCESS: diskgroup DATA was mounted
Archived Log entry 316 added for thread 1 sequence 6229
RMAN-05039: One or more auxiliary set datafiles could not be removed
Completed checkpoint up to RBA
Completed checkpoint up to RBA
Redo thread mounted read/write
Starting background process VKTM
ORA-32576: missing TYPE keyword
Errors in file /u01/app/oracle/diag/rdbms/ttprod/ttprod1/trace/ttprod1_ora_33913.trc
Starting background process VKTM
PGA-21213: received x' PK_CUSTOMER_ACCOUNTS '
Errors in file /u01/app/oracle/diag/rdbms/ttprod/ttprod1/trace/ttprod1_ora_52354.trc
Redo thread mounted read/write
Thread 1 advanced to log sequence 440
Current log# 270 seq# 2687 mem# 0
ARC0: Archival started
Thread 1 advanced to log sequence 281
PGU-41040: LOGMODE parameter was previously specified
Beginning log switch checkpoint up to RBA
ORA-02355: error opening file: 17
QSM-02096: mv references a named view
SUCCESS: diskgroup DATA was mounted
Starting background process VKTM
Archived Log entry 245 added for thread 1 sequence 8627
Beginning log switch checkpoint up to RBA
Undo initialization finished
ARC0: Archival started
ORA-13903: Invalid combination of USERS threshold value and operator.
Errors in file /u01/app/oracle/diag/rdbms/ttprod/ttprod1/trace/ttprod1_ora_55343.trc
Thread 1 advanced to log sequence 467
Starting background process VKTM
Beginning log switch checkpoint up to RBA
Undo initialization finished
Starting background process VKTM
Thread 1 advanced to log sequence 39
ORA-00289: suggestion : PK_CUSTOMER_ACCOUNTS
ARC0: Archival started
Autotune of undo retention is turned on.
Current log# 691 seq# 6880 mem# 0
Completed checkpoint up to RBA
SUCCESS: diskgroup DATA was mounted
Undo initialization finished
PRKP-01010: Failed to stop all the listeners associated with instance {0} on node {1}
Errors in file /u01/app/oracle/diag/rdbms/ttprod/ttprod1/trace/ttprod1_ora_69539.trc
Beginning log switch checkpoint up to RBA
Redo thread mounted read/write
Archived Log entry 573 added for thread 1 sequence 5161
OCI-21301: not initialized in object mode
Current log# 670 seq# 1373 mem# 0
Current log# 15 seq# 1090 mem# 0
Current log# 496 seq# 6954 mem# 0
Starting background process VKTM
NNL-00807: Queries received, type SOA: number
Archived Log entry 188 added for thread 1 sequence 8786
Beginning log switch checkpoint up to RBA
Undo initialization finished
Beginning log switch checkpoint up to RBA
Starting background process VKTM
QSM-00794: the statement can not be stored due to a violation of the _SYSSMU12$ filter
Redo thread mounted read/write
ORA-48449: Tail alert can only apply to single ADR home
Autotune of undo retention is turned on.
QSM-00787: the tablespace _SYSSMU12$ is invalid for directive 3
Archived Log entry 308 added for thread 1 sequence 7802
ORA-15005: name " ttprod1 " is already used by an existing alias
Errors in file /u01/app/oracle/diag/rdbms/ttprod/ttprod1/trace/ttprod1_ora_80419.trc
ARC0: Archival started
Instance shutdown complete
Current log# 532 seq# 4658 mem# 0
Starting background process VKTM
CRS-02764: CRSADMIN and CRSUSER keys are not in repository. Details at shared pool in SP2-0552 .
ORA-44808: Work Request Class name is too large
Errors in file /u01/app/oracle/diag/rdbms/ttprod/ttprod1/trace/ttprod1_ora_27451.trc
Current log# 535 seq# 7893 mem# 0
SUCCESS: diskgroup DATA was mounted
Thread 1 advanced to log sequence 847
Starting background process VKTM
Redo thread mounted read/write
ORA-08266: create_ora_addr: cannot register name in nameserver
Errors in file /u01/app/oracle/diag/rdbms/ttprod/ttprod1/trace/ttprod1_ora_84646.trc
Instance shutdown complete
Completed checkpoint up to RBA
Current log# 251 seq# 2609 mem# 0
PCC-02367: This indicator variable must be declared as type short
Completed checkpoint up to RBA
PRKC-01006: Problem in moving file to nodes
Errors in file /u01/app/oracle/diag/rdbms/ttprod/ttprod1/trace/ttprod1_ora_64372.trc
ORA-28233: double encryption not supported
Thread 1 advanced to log sequence 665
Starting background process VKTM
ARC0: Archival started
Undo initialization finished
Undo initialization finished
Undo initialization finished
ORA-07220: slspool: wait error.
Starting background process VKTM
ARC0: Archival started
ORA-13475: invalid GeoRaster object for output
Errors in file /u01/app/oracle/diag/rdbms/ttprod/ttprod1/trace/ttprod1_ora_97356.trc
Beginning log switch checkpoint up to RBA
Instance shutdown complete
Beginning log switch checkpoint up to RBA
Undo initialization finished
Instance shutdown complete
Completed checkpoint up to RBA
TNS-12162: TNS:net service name is incorrectly specified
Thread 1 advanced to log sequence 229
ORA-15158: rolling upgrade prevented by PK_CUSTOMER_ACCOUNTS
Completed checkpoint up to RBA
Archived Log entry 925 added for thread 1 sequence 9587
SUCCESS: diskgroup DATA was mounted
IMG-00584: output format does not support the specified compressionQuality
ORA-40293: input class is invalid for the specified predictive model
Redo thread mounted read/write
Thread 1 advanced to log sequence 326
Starting background process VKTM
Archived Log entry 332 added for thread 1 sequence 4577
Undo initialization finished
PRCW-01005: Wallet {1} did not exist due to error code {1}
Current log# 926 seq# 4450 mem# 0
Undo initialization finished
Archived Log entry 440 added for thread 1 sequence 7007
Beginning log switch checkpoint up to RBA
Undo initialization finished
Redo thread mounted read/write
ORA-30730: referential constraint not allowed on nested table column
Redo thread mounted read/write
Beginning log switch checkpoint up to RBA
SUCCESS: diskgroup DATA was mounted
ORA-19226: XPTY0006 - XQuery dynamic type mismatch: expected DATA_TS01 got _SYSSMU7$
INS-40918: Virtual IP name: _SYSSMU12$ cannot be in IP Address format.
Starting background process VKTM
Starting background process VKTM
SUCCESS: diskgroup DATA was mounted
Completed checkpoint up to RBA
Redo thread mounted read/write
ORA-26086: direct path does not support triggers
Redo thread mounted read/write
Thread 1 advanced to log sequence 402
Completed checkpoint up to RBA
Thread 1 advanced to log sequence 459
Archived Log entry 641 added for thread 1 sequence 9097
JMS-00117: Conversion failed - invalid property type
Undo initialization finished
Current log# 715 seq# 4675 mem# 0
Current log# 178 seq# 2534 mem# 0
Autotune of undo retention is turned on.
ARC0: Archival started
SUCCESS: diskgroup DATA was mounted
ORA-09360: Windows 3.1 Two-Task driver unable to allocate context area
Instance shutdown complete
Archived Log entry 313 added for thread 1 sequence 8150
Instance shutdown complete
Beginning log switch checkpoint up to RBA
ORA-47063: error deleting Identity map for Identity NETWORK_OPS.SIM_INVENTORY . 17 , Factor Link NETWORK_OPS.SIM_INVENTORY , shared pool already defined for operation UNDOTBS1 on shared pool
Errors in file /u01/app/oracle/diag/rdbms/ttprod/ttprod1/trace/ttprod1_ora_19629.trc
ORA-27363: invalid program for lightweight job
Undo initialization finished
SUCCESS: diskgroup DATA was mounted
Beginning log switch checkpoint up to RBA
Thread 1 advanced to log sequence 126
Redo thread mounted read/write
Archived Log entry 543 added for thread 1 sequence 6798
CRS-02676: Start of ' _SYSSMU12$ ' on ' ttprod2 ' succeeded
Completed checkpoint up to RBA
PCC-00106: RELEASE is an Oracle extension to the COMMIT and ROLLBACK statements
Instance shutdown complete
Beginning log switch checkpoint up to RBA
Thread 1 advanced to log sequence 358
Thread 1 advanced to log sequence 408
Archived Log entry 694 added for thread 1 sequence 4882
Instance shutdown complete
PGU-41065: invalid PGANODE name specified
Thread 1 advanced to log sequence 487
Thread 1 advanced to log sequence 964
Current log# 179 seq# 2244 mem# 0
Instance shutdown complete
Archived Log entry 522 added for thread 1 sequence 7829
Autotune of undo retention is turned on.
ORA-14215: subpartition bound list contains too many elements
Autotune of undo retention is turned on.
ARC0: Archival started
ARC0: Archival started
Archived Log entry 942 added for thread 1 sequence 5375
Redo thread mounted read/write
Autotune of undo retention is turned on.
TNS-01039: ttstandby01 has APP_USER42 service handler(s)
ORA-22983: not a user-defined REF
ARC0: Archival started
Starting background process VKTM
ARC0: Archival started
ORA-02842: Client unable to fork a server
Beginning log switch checkpoint up to RBA
Current log# 521 seq# 1807 mem# 0
ORA-01238: cannot shrink datafile ttprod2
Beginning log switch checkpoint up to RBA
ORA-04095: trigger ' 42 ' already exists on another table, cannot replace it
Thread 1 advanced to log sequence 182
Archived Log entry 402 added for thread 1 sequence 4933
Starting background process VKTM
Redo thread mounted read/write
ORA-38705: Expected block size 3 does not match BILLING.CUST_ORDERS in log header.
Thread 1 advanced to log sequence 144
KUP-04028: conversion of character length to a number failed
Instance shutdown complete
ORA-47994: Database Vault removal script must be run as SYS
Errors in file /u01/app/oracle/diag/rdbms/ttprod/ttprod1/trace/ttprod1_ora_56639.trc
Undo initialization finished
Completed checkpoint up to RBA
ORA-28390: auto login wallet not open but encryption wallet may be open
SUCCESS: diskgroup DATA was mounted
ORA-23382: materialized view repgroup " 1024 "." TNS_ADMIN " is not registered at site BILLING.CUST_ORDERS
Beginning log switch checkpoint up to RBA
Thread 1 advanced to log sequence 97
Archived Log entry 669 added for thread 1 sequence 6800
SUCCESS: diskgroup DATA was mounted
Thread 1 advanced to log sequence 842
Instance shutdown complete
ORA-15023: reached maximum allowable number of disks SP2-0552
LPX-00017: ~1sNodeName: <~2S>
Undo initialization finished
Completed checkpoint up to RBA
Redo thread mounted read/write
Current log# 998 seq# 8978 mem# 0
NNL-00015: type " /u01/app/oracle/oradata/ttprod/users01.dbf " has " APP_USER42 " syntax, which has no textual representation
Redo thread mounted read/write
Undo initialization finished
Starting background process VKTM
Starting background process VKTM
Instance shutdown complete
Archived Log entry 146 added for thread 1 sequence 8761
QSM-01084: materialized view ttprod2 has an anchor table UNDOTBS1 not found in query
Autotune of undo retention is turned on.
Autotune of undo retention is turned on.
Instance shutdown complete
SUCCESS: diskgroup DATA was mounted
ORA-14626: values being added already exist in DEFAULT subpartition
Starting background process VKTM
Redo thread mounted read/write
ARC0: Archival started
Starting background process VKTM
Redo thread mounted read/write
Starting background process VKTM
ORA-37028: (XSMLTRESYNC03) Object workspace object cannot be resynced without modified object workspace object because they share a modified dimension map.
Autotune of undo retention is turned on.
Thread 1 advanced to log sequence 308
ORA-00082: memory size of 3 is not in valid set of [1], [2], [4] NETWORK_OPS.SIM_INVENTORY session_1123 PK_CUSTOMER_ACCOUNTS 3 APP_USER42
Completed checkpoint up to RBA
Undo initialization finished
Completed checkpoint up to RBA
TNS-04205: Trace Assistant Internal ERROR: Memory
ORA-13918: Updating system alert with reason_id BILLING.CUST_ORDERS failed; previous alert not found
Autotune of undo retention is turned on.
ORA-06914: CMX: unexepected event during start of oracle
Errors in file /u01/app/oracle/diag/rdbms/ttprod/ttprod1/trace/ttprod1_ora_36518.trc
SUCCESS: diskgroup DATA was mounted
ORA-28022: cannot grant external roles to global user or role
Errors in file /u01/app/oracle/diag/rdbms/ttprod/ttprod1/trace/ttprod1_ora_74303.trc
Redo thread mounted read/write
Instance shutdown complete
Autotune of undo retention is turned on.
Instance shutdown complete
XOQ-01717: illegal parent for calculated member " ttprod1 "
Beginning log switch checkpoint up to RBA
Instance shutdown complete
Autotune of undo retention is turned on.
Starting background process VKTM
ARC0: Archival started
Starting background process VKTM
ORA-13292: incorrect ARC_TOLERANCE specification
Redo thread mounted read/write
Starting background process VKTM
SUCCESS: diskgroup DATA was mounted
Redo thread mounted read/write
Redo thread mounted read/write
ORA-00203: using the wrong control files
Errors in file /u01/app/oracle/diag/rdbms/ttprod/ttprod1/trace/ttprod1_ora_36608.trc
Beginning log switch checkpoint up to RBA
Completed checkpoint up to RBA
SUCCESS: diskgroup DATA was mounted
Instance shutdown complete
Autotune of undo retention is turned on.
Current log# 440 seq# 5873 mem# 0
PLS-01404: ANSI Identifiers can only consist of letters, digits, and the underscore character
Errors in file /u01/app/oracle/diag/rdbms/ttprod/ttprod1/trace/ttprod1_ora_22141.trc
Instance shutdown complete
SUCCESS: diskgroup DATA was mounted
SUCCESS: diskgroup DATA was mounted
Redo thread mounted read/write
Instance shutdown complete
Autotune of undo retention is turned on.
ORA-12155: TNS:received bad datatype in NSWMARKER packet
Errors in file /u01/app/oracle/diag/rdbms/ttprod/ttprod1/trace/ttprod1_ora_63173.trc
Starting background process VKTM
ORA-25225: invalid value _SYSSMU7$ , DEQUEUE_MODE should be REMOVE or BROWSE or LOCKED
Instance shutdown complete
ARC0: Archival started
TNS-01106: Listener using listener name ttprod1 has already been started
Completed checkpoint up to RBA
Completed checkpoint up to RBA
Undo initialization finished
Completed checkpoint up to RBA
Autotune of undo retention is turned on.
LPX-00703: SOAP POST failed
SUCCESS: diskgroup DATA was mounted
ORA-01120: cannot remove online database file 1024
Autotune of undo retention is turned on.
Starting background process VKTM
ORA-04050: invalid or missing procedure, function, or package name
Errors in file /u01/app/oracle/diag/rdbms/ttprod/ttprod1/trace/ttprod1_ora_86968.trc
SUCCESS: diskgroup DATA was mounted
Instance shutdown complete
OCI-21526: initialization failed
Undo initialization finished
ORA-12562: TNS:bad global handle
ARC0: Archival started
Beginning log switch checkpoint up to RBA
PRVF-07726: Fixup cannot be generated for setting membership of user "{0}" with group "{1}" on node "{2}"
PRKO-02440: Network resource is already stopped.
Archived Log entry 898 added for thread 1 sequence 6321
Archived Log entry 896 added for thread 1 sequence 1111
SUCCESS: diskgroup DATA was mounted
NNL-01002: NOT AUTHORITY responses received: number
SUCCESS: diskgroup DATA was mounted
ARC0: Archival started
Completed checkpoint up to RBA
Undo initialization finished
Starting background process VKTM
Starting background process VKTM
ORA-14637: cannot merge a subpartition with itself
SUCCESS: diskgroup DATA was mounted
Starting background process VKTM
Thread 1 advanced to log sequence 334
Autotune of undo retention is turned on.
Redo thread mounted read/write
Current log# 294 seq# 7547 mem# 0
ORA-62008: Cannot rewrite a newer version of XML redo diff (encountered: 1024 , supported: BILLING.CUST_ORDERS )
RMAN-07222: =======================
Archived Log entry 406 added for thread 1 sequence 9857
Autotune of undo retention is turned on.
Archived Log entry 803 added for thread 1 sequence 6793
Instance shutdown complete
Thread 1 advanced to log sequence 892
ORA-09840: soacon: Name translation failure.
Archived Log entry 853 added for thread 1 sequence 3473
Beginning log switch checkpoint up to RBA
RMAN-06166: datafile 42 cannot be recovered
Thread 1 advanced to log sequence 817
Beginning log switch checkpoint up to RBA
SUCCESS: diskgroup DATA was mounted
PRCH-01005: Failed to stop database
SUCCESS: diskgroup DATA was mounted
Archived Log entry 867 added for thread 1 sequence 5699
Completed checkpoint up to RBA
SUCCESS: diskgroup DATA was mounted
ORA-07215: slsget: getrusage error.
Autotune of undo retention is turned on.
ARC0: Archival started
ORA-00109: invalid value for attribute NETWORK_OPS.SIM_INVENTORY : PK_CUSTOMER_ACCOUNTS
Autotune of undo retention is turned on.
Redo thread mounted read/write
PLS-00117: Duplicate connect-by clause in table expression
Undo initialization finished
Starting background process VKTM
Undo initialization finished
Autotune of undo retention is turned on.
Autotune of undo retention is turned on.
Undo initialization finished
ORA-25350: maximum number of concurrent transaction branches exceeded
SUCCESS: diskgroup DATA was mounted
Current log# 706 seq# 5303 mem# 0
Autotune of undo retention is turned on.
Autotune of undo retention is turned on.
Starting background process VKTM
Instance shutdown complete
INS-41807: The installer has detected that Oracle Clusterware is not running on the following nodes: shared pool .
ARC0: Archival started
ORA-40321: invalid bin number, is zero or negative value
Redo thread mounted read/write
SUCCESS: diskgroup DATA was mounted
Archived Log entry 644 added for thread 1 sequence 8433
Starting background process VKTM
Completed checkpoint up to RBA
ORA-24317: define handle used in a different position
Errors in file /u01/app/oracle/diag/rdbms/ttprod/ttprod1/trace/ttprod1_ora_64726.trc
Thread 1 advanced to log sequence 252
ORA-00365: the specified log is not the correct next log
Beginning log switch checkpoint up to RBA
Completed checkpoint up to RBA
Redo thread mounted read/write
Redo thread mounted read/write
Instance shutdown complete
ORA-19137: XQST0079: It is a static error if an extension expression contains neither a pragma that is recognized by the implementation nor an expression enclosed in curly braces
Errors in file /u01/app/oracle/diag/rdbms/ttprod/ttprod1/trace/ttprod1_ora_77888.trc
Undo initialization finished
PLS-00363: expression ' session_1123 ' cannot be used as an assignment target
Errors in file /u01/app/oracle/diag/rdbms/ttprod/ttprod1/trace/ttprod1_ora_38114.trc
Thread 1 advanced to log sequence 167
Thread 1 advanced to log sequence 284
Redo thread mounted read/write
ARC0: Archival started
Thread 1 advanced to log sequence 325
Current log# 786 seq# 8330 mem# 0
LPX-01049: [XQST0049] Repeated variable declaration
ORA-00072: process " _SYSSMU12$ " is not active
Undo initialization finished
Redo thread mounted read/write
ORA-26698: USERS did not have a 17 rule set
Undo initialization finished
Archived Log entry 425 added for thread 1 sequence 7615
DRG-11216: length of datastore data exceeds limit
Starting background process VKTM
Archived Log entry 975 added for thread 1 sequence 7453
PRVF-05473: NTP daemon''s boot time configuration check could not be performed on node "{0}"
Instance shutdown complete
Archived Log entry 173 added for thread 1 sequence 8505
Beginning log switch checkpoint up to RBA
Undo initialization finished
Beginning log switch checkpoint up to RBA
Archived Log entry 12 added for thread 1 sequence 5695
LSX-00152: only "minOccurs", "maxOccurs", or "id" is allowed
Errors in file /u01/app/oracle/diag/rdbms/ttprod/ttprod1/trace/ttprod1_ora_22495.trc
SUCCESS: diskgroup DATA was mounted
Current log# 373 seq# 9006 mem# 0
ORA-39214: Data Pump does not support external tables with encrypted columns. BILLING.CUST_ORDERS will not be exported
Instance shutdown complete
SUCCESS: diskgroup DATA was mounted
Completed checkpoint up to RBA
Instance shutdown complete
Starting background process VKTM
SUCCESS: diskgroup DATA was mounted
ORA-22345: recompile type SP2-0552 . SP2-0552 before attempting this operation
Errors in file /u01/app/oracle/diag/rdbms/ttprod/ttprod1/trace/ttprod1_ora_87948.trc
Autotune of undo retention is turned on.
SUCCESS: diskgroup DATA was mounted
Beginning log switch checkpoint up to RBA
RMAN-05548: The set of duplicated tablespaces is not self-contained
Current log# 545 seq# 2846 mem# 0
ARC0: Archival started
Current log# 840 seq# 1245 mem# 0
SUCCESS: diskgroup DATA was mounted
Instance shutdown complete
ORA-01542: tablespace ' _SYSSMU12$ ' is offline, cannot allocate space in it
Undo initialization finished
Thread 1 advanced to log sequence 761
SUCCESS: diskgroup DATA was mounted
Instance shutdown complete
PLS-01907: number precision too large
Current log# 591 seq# 4959 mem# 0
SUCCESS: diskgroup DATA was mounted
Redo thread mounted read/write
Autotune of undo retention is turned on.
QSM-01073: query rewrite not possible because materialized view, 3 , has a join not found in query
SUCCESS: diskgroup DATA was mounted
SUCCESS: diskgroup DATA was mounted
Current log# 713 seq# 4508 mem# 0
Beginning log switch checkpoint up to RBA
ORA-01010: invalid OCI operation
Completed checkpoint up to RBA
ORA-55483: policy " shared pool " not assigned to the model
Current log# 664 seq# 4132 mem# 0
Undo initialization finished
Starting background process VKTM
SUCCESS: diskgroup DATA was mounted
SUCCESS: diskgroup DATA was mounted
ORA-15490: not all instances could add/drop the volume
RMAN-06430: recovery catalog USERID cannot be SYS
Archived Log entry 419 added for thread 1 sequence 3687
Instance shutdown complete
SQL-02100: Out of memory (i.e., could not allocate)
Beginning log switch checkpoint up to RBA
Instance shutdown complete
Current log# 642 seq# 6459 mem# 0
Archived Log entry 275 added for thread 1 sequence 1917
PLS-00565: NETWORK_OPS.SIM_INVENTORY must be completed as a potential REF target (object type)
Archived Log entry 379 added for thread 1 sequence 6929
Redo thread mounted read/write
Thread 1 advanced to log sequence 816
Starting background process VKTM
Completed checkpoint up to RBA
PCC-02315: cannot evaluate expression as constant
Archived Log entry 683 added for thread 1 sequence 6410
PCC-01510: No Package, Procedure or Function statement seen in ttstandby01
Instance shutdown complete
SUCCESS: diskgroup DATA was mounted
SUCCESS: diskgroup DATA was mounted
CLST-02101: Too many nodes were specified. limit is _SYSSMU12$
Errors in file /u01/app/oracle/diag/rdbms/ttprod/ttprod1/trace/ttprod1_ora_66403.trc
ARC0: Archival started
Completed checkpoint up to RBA
Redo thread mounted read/write
Undo initialization finished
RMAN-08035: partial resync skipped, target database not mounted
Errors in file /u01/app/oracle/diag/rdbms/ttprod/ttprod1/trace/ttprod1_ora_84948.trc
Beginning log switch checkpoint up to RBA
ORA-37164: The current SQL statement does not support this OLAP object
Undo initialization finished
Archived Log entry 168 added for thread 1 sequence 1107
Archived Log entry 531 added for thread 1 sequence 1035
SUCCESS: diskgroup DATA was mounted
Beginning log switch checkpoint up to RBA
TNS-12170: TNS: connect timeout occurred
Starting background process VKTM
Redo thread mounted read/write
SQL-02153: Invalid character variable for use in a GET/SET statement
Autotune of undo retention is turned on.
Current log# 504 seq# 6395 mem# 0
ORA-07223: slspool: fork error, unable to spawn spool process.
Undo initialization finished
ORA-40252: no target values were found
QSM-02130: expression not supported for fast refresh
SUCCESS: diskgroup DATA was mounted
SUCCESS: diskgroup DATA was mounted
Instance shutdown complete
SUCCESS: diskgroup DATA was mounted
Archived Log entry 944 added for thread 1 sequence 3669
Current log# 206 seq# 9345 mem# 0
ORA-48140: the specified ADR Base directory does not exist [ /u01/app/oracle/oradata/ttprod/users01.dbf ]
Errors in file /u01/app/oracle/diag/rdbms/ttprod/ttprod1/trace/ttprod1_ora_35130.trc
Thread 1 advanced to log sequence 539
ARC0: Archival started
Thread 1 advanced to log sequence 213
Thread 1 advanced to log sequence 410
Current log# 398 seq# 5187 mem# 0
Beginning log switch checkpoint up to RBA
INS-30602: ASM access denied.
Autotune of undo retention is turned on.
Undo initialization finished
TNS-12524: TNS:listener could not resolve HANDLER_NAME given in connect descriptor
Current log# 492 seq# 8127 mem# 0
SUCCESS: diskgroup DATA was mounted
Thread 1 advanced to log sequence 76
Thread 1 advanced to log sequence 58
SUCCESS: diskgroup DATA was mounted
Archived Log entry 206 added for thread 1 sequence 3819
ORA-31201: DBMS_LDAP: generic error: SP2-0552
Autotune of undo retention is turned on.
Archived Log entry 200 added for thread 1 sequence 7529
Beginning log switch checkpoint up to RBA
Archived Log entry 81 added for thread 1 sequence 5114
Instance shutdown complete
LPX-00768: no entity body found
ORA-53009: cannot find the <ROOT_ELEM_TAG> tag value in the metadata schema
Beginning log switch checkpoint up to RBA
Undo initialization finished
Autotune of undo retention is turned on.
PRCS-01050: Could not add GNS VIP {0} because another one with name {1} already exists
RMAN-08615: channel BILLING.CUST_ORDERS
Errors in file /u01/app/oracle/diag/rdbms/ttprod/ttprod1/trace/ttprod1_ora_62426.trc
Instance shutdown complete
Completed checkpoint up to RBA
Undo initialization finished
Beginning log switch checkpoint up to RBA
Current log# 500 seq# 9818 mem# 0
Thread 1 advanced to log sequence 209
ORA-54652: CREATE_TIN: input points table PK_CUSTOMER_ACCOUNTS does not exist
Autotune of undo retention is turned on.
Redo thread mounted read/write
SUCCESS: diskgroup DATA was mounted
ORA-29903: error in executing ODCIIndexFetch() routine
Starting background process VKTM
Beginning log switch checkpoint up to RBA
Archived Log entry 739 added for thread 1 sequence 7805
ORA-29277: invalid SMTP operation
Redo thread mounted read/write
ORA-30456: ' 3 . shared pool ' cannot be refreshed because of insufficient privilege
Completed checkpoint up to RBA
Autotune of undo retention is turned on.
Beginning log switch checkpoint up to RBA
INS-41313: Duplicate entries found in one or more Oracle Cluster Registry (OCR) locations.
Autotune of undo retention is turned on.
Instance shutdown complete
SUCCESS: diskgroup DATA was mounted
ORA-07672: $PARSE_CLASS failed translating the /u01/app/oracle/oradata/ttprod/users01.dbf into a binary label
Completed checkpoint up to RBA
Redo thread mounted read/write
ARC0: Archival started
Archived Log entry 791 added for thread 1 sequence 4852
PRCD-01144: The {0} management policy is not valid for RAC One Node database {1}
Errors in file /u01/app/oracle/diag/rdbms/ttprod/ttprod1/trace/ttprod1_ora_75901.trc
Autotune of undo retention is turned on.
SUCCESS: diskgroup DATA was mounted
SUCCESS: diskgroup DATA was mounted
Thread 1 advanced to log sequence 385
Instance shutdown complete
Autotune of undo retention is turned on.
PRCC-01020: Version {0} cannot be used to administer resource configuration of version {1} or later
SUCCESS: diskgroup DATA was mounted
Beginning log switch checkpoint up to RBA
Current log# 362 seq# 9044 mem# 0
Instance shutdown complete
CRS-02503: Resource ' _SYSSMU12$ ' is in UNKNOWN state and must be stopped first
Autotune of undo retention is turned on.
Archived Log entry 738 added for thread 1 sequence 5614
Current log# 256 seq# 5619 mem# 0
SUCCESS: diskgroup DATA was mounted
Instance shutdown complete
Undo initialization finished
ORA-19657: cannot inspect current datafile ttprod1
Errors in file /u01/app/oracle/diag/rdbms/ttprod/ttprod1/trace/ttprod1_ora_57077.trc
LPX-00219: invalid digit '~c' in character reference
Instance shutdown complete
Undo initialization finished
ORA-32166: Cannot get XA connection
SUCCESS: diskgroup DATA was mounted
Completed checkpoint up to RBA
ORA-31434: purge is currently running
Current log# 206 seq# 3110 mem# 0
Instance shutdown complete
LPX-01078: [XQST0078]
Instance shutdown complete
Starting background process VKTM
Beginning log switch checkpoint up to RBA
Thread 1 advanced to log sequence 30
Autotune of undo retention is turned on.
PROT-00037: The Oracle Cluster Registry location 5000 cannot be deleted because it is required for the OCR to be available
Errors in file /u01/app/oracle/diag/rdbms/ttprod/ttprod1/trace/ttprod1_ora_18157.trc
Redo thread mounted read/write
Thread 1 advanced to log sequence 834
Autotune of undo retention is turned on.
Autotune of undo retention is turned on.
INS-40909: Host names from multiple domains entered.
Errors in file /u01/app/oracle/diag/rdbms/ttprod/ttprod1/trace/ttprod1_ora_55172.trc
Completed checkpoint up to RBA
ARC0: Archival started
Completed checkpoint up to RBA
Redo thread mounted read/write
Autotune of undo retention is turned on.
SUCCESS: diskgroup DATA was mounted
RDE-02001: failed to connect to the mDNS responder.
Archived Log entry 694 added for thread 1 sequence 3654
PLS-00733: RPCs to variable argument functions are not allowed
Thread 1 advanced to log sequence 501
Completed checkpoint up to RBA
ORA-06817: TLI Driver: could not read the Novell network address
Completed checkpoint up to RBA
Thread 1 advanced to log sequence 924
Current log# 876 seq# 2605 mem# 0
Undo initialization finished
Beginning log switch checkpoint up to RBA
TNS-00206: Status Information for Interchange TNS_ADMIN :
Current log# 440 seq# 5193 mem# 0
Redo thread mounted read/write
Current log# 619 seq# 9028 mem# 0
Beginning log switch checkpoint up to RBA
Starting background process VKTM
CLSU-00211: CLSUUS test msg 1: _SYSSMU12$
Undo initialization finished
Redo thread mounted read/write
Current log# 912 seq# 5166 mem# 0
ORA-54018: A virtual column exists for this expression
Current log# 147 seq# 1325 mem# 0
Undo initialization finished
Starting background process VKTM
ARC0: Archival started
PLS-00240: Invalid type specification for RETURN indicator, length, tdo, duration
SUCCESS: diskgroup DATA was mounted
Autotune of undo retention is turned on.
Undo initialization finished
RMAN-06089: archived log APP_USER42 not found or out of sync with catalog
ORA-26862: LCR position must be greater than the processed low position of the XStream inbound server (XID=' 1024 ', LCR position=' ttprod2 ').
Autotune of undo retention is turned on.
Undo initialization finished
SUCCESS: diskgroup DATA was mounted
Redo thread mounted read/write
ARC0: Archival started
PRCA-01049: Invalid mount point path {0} because specified mount point path was a remote path
Undo initialization finished
LPX-00607: Invalid reference: '~S'.
Completed checkpoint up to RBA
ORA-08234: smsget: cannot get instance listener address
Starting background process VKTM
NNO-00606: disabling modification requests
Errors in file /u01/app/oracle/diag/rdbms/ttprod/ttprod1/trace/ttprod1_ora_93816.trc
Archived Log entry 504 added for thread 1 sequence 7909
ARC0: Archival started
Beginning log switch checkpoint up to RBA
Beginning log switch checkpoint up to RBA
PGU-30318: TIP generation: ttprod1 CRM.CALL_DETAIL_RECORDS , PL/SQL large pool for INVOICE_LINES_IDX
Completed checkpoint up to RBA
Redo thread mounted read/write
Beginning log switch checkpoint up to RBA
Beginning log switch checkpoint up to RBA
ORA-19601: output file is shared pool SYSAUX ( ttprod1 )
Archived Log entry 753 added for thread 1 sequence 8893
Autotune of undo retention is turned on.
Redo thread mounted read/write
Undo initialization finished
JMS-00402: Class not found: {0}
Instance shutdown complete
Current log# 723 seq# 6524 mem# 0
Completed checkpoint up to RBA
Thread 1 advanced to log sequence 913
Archived Log entry 13 added for thread 1 sequence 8832
Thread 1 advanced to log sequence 257
LPX-00277: no closing quote was seen
Errors in file /u01/app/oracle/diag/rdbms/ttprod/ttprod1/trace/ttprod1_ora_77764.trc
Starting background process VKTM
Current log# 85 seq# 5319 mem# 0
NNL-00211: Cache checkpoint interval is now BILLING.CUST_ORDERS
Starting background process VKTM
SUCCESS: diskgroup DATA was mounted
Current log# 791 seq# 3576 mem# 0
PRCD-01125: Failed to create dependency from database {0} to its Oracle home {1} that is located on the ASM cluster filesystem
Current log# 774 seq# 2215 mem# 0
SUCCESS: diskgroup DATA was mounted
SUCCESS: diskgroup DATA was mounted
ARC0: Archival started
ORA-29476: DBMS_SQL.CLOSE_CURSOR failed
Errors in file /u01/app/oracle/diag/rdbms/ttprod/ttprod1/trace/ttprod1_ora_50532.trc
Redo thread mounted read/write
Instance shutdown complete
ORA-25139: invalid option for CREATE TEMPORARY TABLESPACE
Archived Log entry 293 added for thread 1 sequence 6689
ARC0: Archival started
SUCCESS: diskgroup DATA was mounted
Redo thread mounted read/write
RMAN-06111: changed backup piece unavailable
Completed checkpoint up to RBA
Current log# 519 seq# 5729 mem# 0
Beginning log switch checkpoint up to RBA
PLS-00314: TABLE declarations are not allowed as PL/SQL local variables
INS-42003: No partitions selected
Undo initialization finished
Thread 1 advanced to log sequence 598
SUCCESS: diskgroup DATA was mounted
ARC0: Archival started
ORA-06731: TLI Driver: cannot alloc t_call
Instance shutdown complete
ORA-07498: spstp: Unable to open /dev/resched.
Errors in file /u01/app/oracle/diag/rdbms/ttprod/ttprod1/trace/ttprod1_ora_93797.trc
Undo initialization finished
Current log# 672 seq# 2888 mem# 0
ORA-10841: Default un-inintialized charact set form to SQLCS_IMPLICIT
Redo thread mounted read/write
Archived Log entry 351 added for thread 1 sequence 5605
Undo initialization finished
LSX-00165: content type of "~S" must be simple type
Current log# 792 seq# 8858 mem# 0
Instance shutdown complete
LPX-00256: invalid element declaration
Thread 1 advanced to log sequence 517
Beginning log switch checkpoint up to RBA
Autotune of undo retention is turned on.
SUCCESS: diskgroup DATA was mounted
Redo thread mounted read/write
Archived Log entry 735 added for thread 1 sequence 2498
IMP-00038: Could not convert to environment character set's handle
Undo initialization finished
Beginning log switch checkpoint up to RBA
Current log# 887 seq# 7570 mem# 0
Thread 1 advanced to log sequence 573
ORA-12162: TNS:net service name is incorrectly specified
SUCCESS: diskgroup DATA was mounted
Redo thread mounted read/write
ORA-30041: Cannot grant quota on the tablespace
Archived Log entry 504 added for thread 1 sequence 7488
OCI-30152: File does not exist
Undo initialization finished
SUCCESS: diskgroup DATA was mounted
Starting background process VKTM
PGA-20948: unable to prepare the statement for transaction logging
RMAN-00556: could not open CMDFILE " DATA_TS01 "
Starting background process VKTM
Redo thread mounted read/write
DRG-11619: URL store: row in table is empty
Archived Log entry 962 added for thread 1 sequence 2025
Beginning log switch checkpoint up to RBA
ORA-30725: JDWP-based debugging is not yet available
Redo thread mounted read/write
Beginning log switch checkpoint up to RBA
Beginning log switch checkpoint up to RBA
Redo thread mounted read/write
Beginning log switch checkpoint up to RBA
Redo thread mounted read/write
ORA-45005: DBFS HS invalid store
Thread 1 advanced to log sequence 999
ORA-56703: VKTM process died unexpectedly
Errors in file /u01/app/oracle/diag/rdbms/ttprod/ttprod1/trace/ttprod1_ora_51959.trc
SUCCESS: diskgroup DATA was mounted
Starting background process VKTM
Instance shutdown complete
Completed checkpoint up to RBA
RMAN-05041: Error during export of metadata
ARC0: Archival started
Autotune of undo retention is turned on.
Beginning log switch checkpoint up to RBA
Redo thread mounted read/write
Thread 1 advanced to log sequence 453
SUCCESS: diskgroup DATA was mounted
ORA-38601: FI Not enough memory for frequent itemset counting: INVOICE_LINES_IDX
Starting background process VKTM
Archived Log entry 543 added for thread 1 sequence 9495
Thread 1 advanced to log sequence 138
Undo initialization finished
Undo initialization finished
Instance shutdown complete
DRG-11432: file error while accessing knowledge base
Errors in file /u01/app/oracle/diag/rdbms/ttprod/ttprod1/trace/ttprod1_ora_78104.trc
SUCCESS: diskgroup DATA was mounted
Current log# 987 seq# 7708 mem# 0
ARC0: Archival started
Current log# 137 seq# 1604 mem# 0
Archived Log entry 595 added for thread 1 sequence 9485
Autotune of undo retention is turned on.
PCC-02347: PL/SQL found syntax errors
Completed checkpoint up to RBA
Redo thread mounted read/write
Archived Log entry 573 added for thread 1 sequence 4349
Completed checkpoint up to RBA
ORA-26041: DATETIME/INTERVAL datatype conversion error
ORA-02814: Unable to get shared memory
Starting background process VKTM
Starting background process VKTM
Current log# 857 seq# 8550 mem# 0
ORA-09777: osnpbr: cannot send break message
Undo initialization finished
PRKO-02067: The size of server pool should be one for single instance database
Current log# 710 seq# 2231 mem# 0
PROT-00044: Cannot change the Oracle Cluster Registry backup location to an ASM disk group.
Current log# 726 seq# 9874 mem# 0
Completed checkpoint up to RBA
Completed checkpoint up to RBA
ORA-31151: Cyclic definition encountered for USERS : " shared pool "
Completed checkpoint up to RBA
Thread 1 advanced to log sequence 138
Redo thread mounted read/write
ORA-30434: refresh method must be one of FC?AN, not ' UNDOTBS1 '
Instance shutdown complete
Thread 1 advanced to log sequence 961
Thread 1 advanced to log sequence 939
ORA-38952: Source database not 10.0.0.0 compatible
Archived Log entry 392 added for thread 1 sequence 6964
SUCCESS: diskgroup DATA was mounted
Starting background process VKTM
Redo thread mounted read/write
RMAN-05027: List of tablespaces expected to have UNDO segments
SUCCESS: diskgroup DATA was mounted
Archived Log entry 109 added for thread 1 sequence 6373
PRVF-05607: The file "{0}" on following nodes have more than "{1}" 'nameserver' entries: {2}
Archived Log entry 202 added for thread 1 sequence 4713
Beginning log switch checkpoint up to RBA
Redo thread mounted read/write
Thread 1 advanced to log sequence 640
OCI-31007: Attempted to delete non-empty container large pool / 1024
SUCCESS: diskgroup DATA was mounted
Redo thread mounted read/write
Starting background process VKTM
SUCCESS: diskgroup DATA was mounted
ORA-07681: sou2os: An error occurred while initializing Oracle
Errors in file /u01/app/oracle/diag/rdbms/ttprod/ttprod1/trace/ttprod1_ora_26896.trc
ARC0: Archival started
Beginning log switch checkpoint up to RBA
ORA-08308: sllfop: Cannot open file
Undo initialization finished
Instance shutdown complete
PRKO-02381: VIP {0} is not removed successfully:
Redo thread mounted read/write
Undo initialization finished
Beginning log switch checkpoint up to RBA
Redo thread mounted read/write
IMP-00059: Failure to initialize parameter manager
ARC0: Archival started
Undo initialization finished
PRKO-02439: VIP does not exist.
SUCCESS: diskgroup DATA was mounted
ARC0: Archival started
Autotune of undo retention is turned on.
Instance shutdown complete
ORA-14175: a subpartition maintenance operation may not be combined with other operations
Errors in file /u01/app/oracle/diag/rdbms/ttprod/ttprod1/trace/ttprod1_ora_77966.trc
Instance shutdown complete
Beginning log switch checkpoint up to RBA
Redo thread mounted read/write
ORA-22340: cannot 1024 type " ttprod1 "." NETWORK_OPS.SIM_INVENTORY ". Dependent tables must be upgraded to latest version
Starting background process VKTM
Beginning log switch checkpoint up to RBA
Autotune of undo retention is turned on.
Starting background process VKTM
ORA-28670: mapping table cannot be dropped due to an existing bitmap index
Completed checkpoint up to RBA
Completed checkpoint up to RBA
Completed checkpoint up to RBA
ARC0: Archival started
Completed checkpoint up to RBA
Undo initialization finished
PRKA-02003: EM Agent already exists
Errors in file /u01/app/oracle/diag/rdbms/ttprod/ttprod1/trace/ttprod1_ora_93616.trc
Autotune of undo retention is turned on.
Starting background process VKTM
Completed checkpoint up to RBA
ORA-00830: cannot set statistics_level to BASIC with auto-tune SGA enabled
Errors in file /u01/app/oracle/diag/rdbms/ttprod/ttprod1/trace/ttprod1_ora_48993.trc
ARC0: Archival started
ARC0: Archival started
Current log# 544 seq# 9651 mem# 0
Thread 1 advanced to log sequence 962
Current log# 695 seq# 1723 mem# 0
ORA-30031: the suspended (resumable) statement has been aborted
Errors in file /u01/app/oracle/diag/rdbms/ttprod/ttprod1/trace/ttprod1_ora_95236.trc
Undo initialization finished
ORA-16501: the Data Guard broker operation failed
SUCCESS: diskgroup DATA was mounted
Thread 1 advanced to log sequence 528
Thread 1 advanced to log sequence 65
ORA-21707: pin duration is longer than allocation duration
Errors in file /u01/app/oracle/diag/rdbms/ttprod/ttprod1/trace/ttprod1_ora_64110.trc
Current log# 980 seq# 5815 mem# 0
Archived Log entry 491 added for thread 1 sequence 8691
SUCCESS: diskgroup DATA was mounted
Archived Log entry 459 added for thread 1 sequence 4906
Beginning log switch checkpoint up to RBA
Autotune of undo retention is turned on.
PLS-00710: Pragma APP_USER42 cannot be specified here
Current log# 360 seq# 1480 mem# 0
Undo initialization finished
Undo initialization finished
ORA-16176: background dictionary build cannot be running
Undo initialization finished
SUCCESS: diskgroup DATA was mounted
Starting background process VKTM
Archived Log entry 23 added for thread 1 sequence 7011
Starting background process VKTM
KUP-04012: file length is too large for output field
Redo thread mounted read/write
Archived Log entry 208 added for thread 1 sequence 3591
Current log# 488 seq# 2988 mem# 0
Redo thread mounted read/write
SUCCESS: diskgroup DATA was mounted
ORA-36913: (XSAGDNGL49) In AGGMAP workspace object , LOAD_STATUS object workspace object must be an undimensioned VALUESET over the relation dimension.
Completed checkpoint up to RBA
Completed checkpoint up to RBA
SUCCESS: diskgroup DATA was mounted
Beginning log switch checkpoint up to RBA
ORA-13063: relationship information table is missing data for feature table [ PK_CUSTOMER_ACCOUNTS ]
Instance shutdown complete
Instance shutdown complete
Autotune of undo retention is turned on.
Completed checkpoint up to RBA
ARC0: Archival started
Archived Log entry 626 added for thread 1 sequence 9025
ORA-03140: I/O operation in progress
Archived Log entry 249 added for thread 1 sequence 8905
Autotune of undo retention is turned on.
ARC0: Archival started
Current log# 549 seq# 6996 mem# 0
Instance shutdown complete
ARC0: Archival started
ORA-10704: Print out information about what enqueues are being obtained
Errors in file /u01/app/oracle/diag/rdbms/ttprod/ttprod1/trace/ttprod1_ora_64181.trc
Undo initialization finished
Undo initialization finished
ORA-31131: <RCList> contains OID that is not a resource configuration OID
Completed checkpoint up to RBA
ARC0: Archival started
Instance shutdown complete
KUP-04030: invalid numeric data
Beginning log switch checkpoint up to RBA
Starting background process VKTM
ORA-36176: (XSMXAGGR25) Relation workspace object must be a one-dimensional self-relation to be used as a weight for AGGREGATE.
Completed checkpoint up to RBA
Undo initialization finished
Undo initialization finished
Thread 1 advanced to log sequence 255
Redo thread mounted read/write
Instance shutdown complete
QSM-01131: query has ONLY_MULTIMV_REWRITE hint
ORA-14173: illegal subpartition-extended table name syntax
Autotune of undo retention is turned on.
Beginning log switch checkpoint up to RBA
Autotune of undo retention is turned on.
Instance shutdown complete
SUCCESS: diskgroup DATA was mounted
CRS-02747: Server reconfiguration has failed to stop resources ' TNS_ADMIN ' on server ' SYSAUX '. Resources that did not stop must be stopped or unregistered manually. Details at BILLING.CUST_ORDERS in shared pool .
SUCCESS: diskgroup DATA was mounted
Archived Log entry 956 added for thread 1 sequence 3901
ARC0: Archival started
Starting background process VKTM
Autotune of undo retention is turned on.
Instance shutdown complete
ORA-30679: JDWP-based debugging not supported in this configuration
Errors in file /u01/app/oracle/diag/rdbms/ttprod/ttprod1/trace/ttprod1_ora_10956.trc
ORA-28363: buffer provided not large enough for output
Thread 1 advanced to log sequence 453
Starting background process VKTM
Thread 1 advanced to log sequence 952
Instance shutdown complete
ARC0: Archival started
ORA-13216: failed to update spatial index
Thread 1 advanced to log sequence 17
SUCCESS: diskgroup DATA was mounted
Autotune of undo retention is turned on.
PCC-02449: Cannot type equivalence a UCS2 type
Redo thread mounted read/write
Completed checkpoint up to RBA
SUCCESS: diskgroup DATA was mounted
Current log# 80 seq# 1174 mem# 0
ARC0: Archival started
ORA-16248: RFS connections not permitted during Terminal Apply
Archived Log entry 535 added for thread 1 sequence 2105
Completed checkpoint up to RBA
Beginning log switch checkpoint up to RBA
PGU-41053: VERSION parameter was previously specified
Redo thread mounted read/write
SUCCESS: diskgroup DATA was mounted
Instance shutdown complete
Autotune of undo retention is turned on.
Beginning log switch checkpoint up to RBA
PRCC-01012: {0} was already disabled
Starting background process VKTM
ORA-47345: Rule set BILLING.CUST_ORDERS is used by one or more realm authorizations.
TNS-01178: Trace Level is 0. Trace file/directory unchanged
Redo thread mounted read/write
SUCCESS: diskgroup DATA was mounted
TNS-00311: Connection Manager: Failed to start tracing after rereading parameter data
ARC0: Archival started
Undo initialization finished
Autotune of undo retention is turned on.
DRG-50915: last document number ttprod2 is not an integer
Errors in file /u01/app/oracle/diag/rdbms/ttprod/ttprod1/trace/ttprod1_ora_83010.trc
Thread 1 advanced to log sequence 998
Archived Log entry 540 added for thread 1 sequence 5796
ARC0: Archival started
Current log# 436 seq# 6092 mem# 0
Thread 1 advanced to log sequence 237
Beginning log switch checkpoint up to RBA
IMG-00910: allocation of basic data structure failed
Instance shutdown complete
SUCCESS: diskgroup DATA was mounted
Undo initialization finished
PCC-02152: Unable to open file 5000 to display or list the source line number
Starting background process VKTM
Instance shutdown complete
RMAN-06460: control file copy /u01/app/oracle/oradata/ttprod/users01.dbf cannot be backed up by proxy.
Instance shutdown complete
Undo initialization finished
Completed checkpoint up to RBA
SQL-02106: Inconsistent cursor cache. Invalid Oracle cursor number
SUCCESS: diskgroup DATA was mounted
Autotune of undo retention is turned on.
Redo thread mounted read/write
ORA-47340: Rule Set session_1123 already defined
Redo thread mounted read/write
Beginning log switch checkpoint up to RBA
ORA-16159: Cannot change protected standby destination attributes
Errors in file /u01/app/oracle/diag/rdbms/ttprod/ttprod1/trace/ttprod1_ora_37497.trc
Completed checkpoint up to RBA
SUCCESS: diskgroup DATA was mounted
Completed checkpoint up to RBA
Autotune of undo retention is turned on.
Beginning log switch checkpoint up to RBA
Starting background process VKTM
PLS-01917: illegal reference to package STANDARD item ' CRM.CALL_DETAIL_RECORDS '
Archived Log entry 452 added for thread 1 sequence 5735
NNC-00420: operation not allowed
ARC0: Archival started
Current log# 147 seq# 6670 mem# 0
Instance shutdown complete
RMAN-08144: channel CRM.CALL_DETAIL_RECORDS : validation complete, elapsed time: 42
Errors in file /u01/app/oracle/diag/rdbms/ttprod/ttprod1/trace/ttprod1_ora_63007.trc
Undo initialization finished
Archived Log entry 247 added for thread 1 sequence 5463
Autotune of undo retention is turned on.
ORA-26028: index SYSAUX . APP_USER42 initially in unusable state
Autotune of undo retention is turned on.
Thread 1 advanced to log sequence 180
RMAN-04012: auxiliary database Password:
SUCCESS: diskgroup DATA was mounted
Current log# 291 seq# 5170 mem# 0
SUCCESS: diskgroup DATA was mounted
ORA-55479: a policy already assigned to the RDF model
Autotune of undo retention is turned on.
SUCCESS: diskgroup DATA was mounted
SUCCESS: diskgroup DATA was mounted
ORA-30372: fine grain access policy conflicts with materialized view
Errors in file /u01/app/oracle/diag/rdbms/ttprod/ttprod1/trace/ttprod1_ora_91956.trc
Completed checkpoint up to RBA
Instance shutdown complete
Beginning log switch checkpoint up to RBA
SUCCESS: diskgroup DATA was mounted
CLST-02106: missing required parameter -o with path to ORA_CRS_HOME
Errors in file /u01/app/oracle/diag/rdbms/ttprod/ttprod1/trace/ttprod1_ora_94158.trc
Current log# 511 seq# 8358 mem# 0
Undo initialization finished
ARC0: Archival started
SUCCESS: diskgroup DATA was mounted
PRKO-02134: 'srvctl add instance' command is not supported with RAC One Node databases
Current log# 805 seq# 6808 mem# 0
Instance shutdown complete
Thread 1 advanced to log sequence 706
Current log# 226 seq# 5178 mem# 0
Thread 1 advanced to log sequence 142
Completed checkpoint up to RBA
ORA-19965: ALTER DATABASE RECOVER STANDBY TABLESPACE has been deprecated
Archived Log entry 777 added for thread 1 sequence 3889
SUCCESS: diskgroup DATA was mounted
Instance shutdown complete
Redo thread mounted read/write
Archived Log entry 692 added for thread 1 sequence 1284
DRG-10303: could not queue given commands to be processed
Starting background process VKTM
ARC0: Archival started
ORA-29257: host _SYSSMU7$ unknown
Completed checkpoint up to RBA
Starting background process VKTM
Autotune of undo retention is turned on.
Undo initialization finished
ORA-26026: unique index ttprod1 . ttprod2 initially in unusable state
OCI-01898: too many precision specifiers
Current log# 240 seq# 3904 mem# 0
Autotune of undo retention is turned on.
ORA-12447: policy role already exists for policy 17
SUCCESS: diskgroup DATA was mounted
Thread 1 advanced to log sequence 794
SUCCESS: diskgroup DATA was mounted
Autotune of undo retention is turned on.
Undo initialization finished
Undo initialization finished
PRVF-04145: Error reading Registry sub key 'HKEY_LOCAL_MACHINE/System/CurrentControlSet/Services/Tcpip/Parameters' from Windows Registry
Redo thread mounted read/write
Redo thread mounted read/write
ARC0: Archival started
Undo initialization finished
PGU-41132: language input defines more than one field
Current log# 114 seq# 4519 mem# 0
PRCT-01130: Execution of advmutil failed on local node with result {0}
Thread 1 advanced to log sequence 649
Redo thread mounted read/write
Redo thread mounted read/write
Instance shutdown complete
PRCD-01084: Failed to start service {0}
ORA-32610: missing SINGLE REFERENCE or DIMENSION keyword in MODEL clause
Current log# 303 seq# 5099 mem# 0
Redo thread mounted read/write
Beginning log switch checkpoint up to RBA
ORA-26937: client has already attached to session_1123 capture " large pool ".
Instance shutdown complete
Instance shutdown complete
Archived Log entry 800 added for thread 1 sequence 2777
Starting background process VKTM
Redo thread mounted read/write
ORA-29400: data cartridge error 3
Thread 1 advanced to log sequence 422
Current log# 859 seq# 6046 mem# 0
Redo thread mounted read/write
Starting background process VKTM
Thread 1 advanced to log sequence 309
Starting background process VKTM
ORA-01230: cannot make read only - file 1024 is offline
Thread 1 advanced to log sequence 696
IMG-00842: image index allocation failed
Instance shutdown complete
Completed checkpoint up to RBA
Undo initialization finished
DIA-48151: error getting operating system time for a file
Instance shutdown complete
Instance shutdown complete
Starting background process VKTM
ORA-40389: Unsupported PMML transformation: CDR_STAGING
NNL-00036: No records loaded
Errors in file /u01/app/oracle/diag/rdbms/ttprod/ttprod1/trace/ttprod1_ora_61767.trc
SUCCESS: diskgroup DATA was mounted
Thread 1 advanced to log sequence 604
Starting background process VKTM
Current log# 2 seq# 9956 mem# 0
Thread 1 advanced to log sequence 883
ORA-55495: application table with multiple models may not be version-enabled
Starting background process VKTM
Instance shutdown complete
Completed checkpoint up to RBA
Autotune of undo retention is turned on.
Instance shutdown complete
Undo initialization finished
INS-32110: Failed to retrieve the updates from My Oracle Support.
Errors in file /u01/app/oracle/diag/rdbms/ttprod/ttprod1/trace/ttprod1_ora_48696.trc
Archived Log entry 771 added for thread 1 sequence 2819
PGU-41089: call name 42 does not exist
Autotune of undo retention is turned on.
Completed checkpoint up to RBA
Undo initialization finished
ARC0: Archival started
Instance shutdown complete
Instance shutdown complete
PRVF-05822: Name lookup for FDQN "{0}" failed with test DNS server running on address "{1}", listening on port {2}
Redo thread mounted read/write
Thread 1 advanced to log sequence 103
Current log# 765 seq# 8120 mem# 0
Thread 1 advanced to log sequence 886
NZE-28862: SSL connection failed
Errors in file /u01/app/oracle/diag/rdbms/ttprod/ttprod1/trace/ttprod1_ora_22821.trc
Starting background process VKTM
ORA-26889: LOB assembly not supported for PDML parent transaction 17 , child transaction SP2-0552 .
ARC0: Archival started
Beginning log switch checkpoint up to RBA
Instance shutdown complete
ORA-14640: add/coalesce index partition operation is valid only for hash partitioned global indexes
Errors in file /u01/app/oracle/diag/rdbms/ttprod/ttprod1/trace/ttprod1_ora_61234.trc
Completed checkpoint up to RBA
Instance shutdown complete
SUCCESS: diskgroup DATA was mounted
Archived Log entry 232 added for thread 1 sequence 9417
Starting background process VKTM
ORA-13986: Error \ 5000 received from XPath engine
Current log# 48 seq# 3741 mem# 0
Redo thread mounted read/write
ORA-24068: cannot start queue NETWORK_OPS.SIM_INVENTORY , queue table NETWORK_OPS.SIM_INVENTORY is being migrated
Beginning log switch checkpoint up to RBA
Instance shutdown complete
Undo initialization finished
Redo thread mounted read/write
Completed checkpoint up to RBA
NNC-00002: error listening on stream session_1123
Errors in file /u01/app/oracle/diag/rdbms/ttprod/ttprod1/trace/ttprod1_ora_86090.trc
Autotune of undo retention is turned on.
SUCCESS: diskgroup DATA was mounted
Beginning log switch checkpoint up to RBA
Starting background process VKTM
Autotune of undo retention is turned on.
Autotune of undo retention is turned on.
INS-40916: Single-instance versions of Cluster Synchronization Services (CSS) are detected.
Instance shutdown complete
Redo thread mounted read/write
Thread 1 advanced to log sequence 239
Starting background process VKTM
Thread 1 advanced to log sequence 634
ORA-14112: RECOVERABLE/UNRECOVERABLE may not be specified for a partition or subpartition
Autotune of undo retention is turned on.
ARC0: Archival started
ORA-22339: cannot alter to not final since its attribute column is substitutable
Autotune of undo retention is turned on.
Thread 1 advanced to log sequence 908
SUCCESS: diskgroup DATA was mounted
XOQ-01301: invalid measure expression in MdmCustomMember "( 3 )"
Errors in file /u01/app/oracle/diag/rdbms/ttprod/ttprod1/trace/ttprod1_ora_76914.trc
SUCCESS: diskgroup DATA was mounted
Starting background process VKTM
Instance shutdown complete
Current log# 22 seq# 3522 mem# 0
ORA-25409: failover happened during the network operation,cannot continue
Current log# 601 seq# 1670 mem# 0
Current log# 472 seq# 7105 mem# 0
ORA-12911: permanent tablespace cannot be temporary tablespace
Errors in file /u01/app/oracle/diag/rdbms/ttprod/ttprod1/trace/ttprod1_ora_36011.trc
Beginning log switch checkpoint up to RBA
ORA-48446: The command needs path input
Errors in file /u01/app/oracle/diag/rdbms/ttprod/ttprod1/trace/ttprod1_ora_78500.trc
Undo initialization finished
Archived Log entry 290 added for thread 1 sequence 6602
DIA-48259: AMS Relation not Created Correctly
Current log# 927 seq# 1446 mem# 0
ORA-48900: Illegal Input Argument [ _SYSSMU7$ ]
CRS-04651: No resources found on server ' 5000 '.
Undo initialization finished
Undo initialization finished
Undo initialization finished
TNS-01164: No spawn alias sent to listener
TNS-12600: TNS: INVOICE_LINES_IDX open failed
Instance shutdown complete
NZE-28788: user provided invalid information, or an unknown error
ARC0: Archival started
LPX-01001: [XPST0001] Static context component '~S' has no value
OCI-22313: cannot use two versions of the same type " /u01/app/oracle/oradata/ttprod/users01.dbf "
Instance shutdown complete
PRIF-00034: IPv6 subnets are not supported for cluster interconnect or Oracle ASM network
Autotune of undo retention is turned on.
Thread 1 advanced to log sequence 469
ARC0: Archival started
Starting background process VKTM
Autotune of undo retention is turned on.
Starting background process VKTM
PRKO-02072: OC4J is not configured
Errors in file /u01/app/oracle/diag/rdbms/ttprod/ttprod1/trace/ttprod1_ora_97096.trc
Redo thread mounted read/write
ORA-19028: Invalid ADT parameter passed to toObject() function
SUCCESS: diskgroup DATA was mounted
Instance shutdown complete
Thread 1 advanced to log sequence 340
Instance shutdown complete
Autotune of undo retention is turned on.
ORA-16622: two or more broker database objects resolve to the same database
Redo thread mounted read/write
Thread 1 advanced to log sequence 575
ORA-02034: speed bind not permitted
Instance shutdown complete
INS-32012: Unable to create directory: large pool .
Redo thread mounted read/write
INS-40913: The following nodes cannot be clustered due to user equivalence issue from local node to node(s) : INVOICE_LINES_IDX .
Current log# 600 seq# 2372 mem# 0
Archived Log entry 920 added for thread 1 sequence 3561
Redo thread mounted read/write
Instance shutdown complete
CRS-02011: no response at index number in response message from _SYSSMU7$
Redo thread mounted read/write
Thread 1 advanced to log sequence 718
XOQ-01738: Level of dimension member " SYSAUX " cannot change from " USERS " to " 5000 " within a single load.
Errors in file /u01/app/oracle/diag/rdbms/ttprod/ttprod1/trace/ttprod1_ora_45403.trc
ARC0: Archival started
Thread 1 advanced to log sequence 132
CRS-01659: An attempt to kill node UNDOTBS1 failed; Details at /u01/app/oracle/oradata/ttprod/users01.dbf in APP_USER42
Errors in file /u01/app/oracle/diag/rdbms/ttprod/ttprod1/trace/ttprod1_ora_99591.trc
Undo initialization finished
Starting background process VKTM
TNS-00536: Connection entered inappropriate state
ORA-32046: sequence column name for SEARCH clause must not be part of the column alias list
Archived Log entry 152 added for thread 1 sequence 7442
Beginning log switch checkpoint up to RBA
ORA-06250: NETNTT: cannot allocate send and receive buffers
SUCCESS: diskgroup DATA was mounted
SUCCESS: diskgroup DATA was mounted
Beginning log switch checkpoint up to RBA
QSM-02015: Index Organized Table (IOT) present in FROM list
Starting background process VKTM
NNO-00850: Error: LDAP query returns 5000
Errors in file /u01/app/oracle/diag/rdbms/ttprod/ttprod1/trace/ttprod1_ora_83490.trc
Current log# 977 seq# 5199 mem# 0
ORA-49432: Problem not part of package [ APP_USER42 ]
ORA-22165: given index [ _SYSSMU7$ ] must be in the range of [ CRM.CALL_DETAIL_RECORDS ] to [ APP_USER42 ]
SUCCESS: diskgroup DATA was mounted
ARC0: Archival started
ORA-26800: Apply not the only subscriber for " CDR_STAGING "." /u01/app/oracle/oradata/ttprod/users01.dbf ".
Errors in file /u01/app/oracle/diag/rdbms/ttprod/ttprod1/trace/ttprod1_ora_97072.trc
ARC0: Archival started
Starting background process VKTM
SUCCESS: diskgroup DATA was mounted
ARC0: Archival started
DRG-12005: Please give name of file to save in:
Completed checkpoint up to RBA
ARC0: Archival started
ARC0: Archival started
Instance shutdown complete
ARC0: Archival started
Starting background process VKTM
ORA-27628: An invalid value was specified for the parameter 17 .
CRS-02768: Failure threshold exhausted by resource ' UNDOTBS1 '.
Instance shutdown complete
Autotune of undo retention is turned on.
ARC0: Archival started
SUCCESS: diskgroup DATA was mounted
ARC0: Archival started
RMAN-08041: partial resync skipped, control file is not current or backup
Completed checkpoint up to RBA
Starting background process VKTM
Archived Log entry 337 added for thread 1 sequence 1450
ORA-07842: sllfcl: SYS$CLOSE failure
Archived Log entry 793 added for thread 1 sequence 1946
Undo initialization finished
Instance shutdown complete
Starting background process VKTM
Current log# 956 seq# 1986 mem# 0
RMAN-03090: Starting session_1123 at large pool
SUCCESS: diskgroup DATA was mounted
Thread 1 advanced to log sequence 6
Thread 1 advanced to log sequence 700
ORA-21602: operation does not support the specified typecode
Redo thread mounted read/write
ORA-28053: the account is inactive
Undo initialization finished
ORA-06505: PL/SQL: variable requires more than 32767 bytes of contiguous memory
NID-00143: Mismatched controlfile NETWORK_OPS.SIM_INVENTORY
ARC0: Archival started
ORA-16245: change db_name to DATA_TS01 in the server-side parameter file (SPFILE)
Errors in file /u01/app/oracle/diag/rdbms/ttprod/ttprod1/trace/ttprod1_ora_42217.trc
ORA-30551: The index depends on a package/type body which does not exist
Beginning log switch checkpoint up to RBA
Undo initialization finished
Current log# 956 seq# 4167 mem# 0
Archived Log entry 409 added for thread 1 sequence 2998
Archived Log entry 193 added for thread 1 sequence 2157
Current log# 186 seq# 8547 mem# 0
ORA-29292: file rename operation failed
XOQ-02010: Data type " SP2-0552 " is not supported by the analytic workspace.
Completed checkpoint up to RBA
SUCCESS: diskgroup DATA was mounted
Thread 1 advanced to log sequence 10
QSM-02135: agg(expr) requires correspondng AVG(expr) function
ORA-19038: Invalid opertions on query context
Instance shutdown complete
Undo initialization finished
ARC0: Archival started
ARC0: Archival started
Thread 1 advanced to log sequence 44
Thread 1 advanced to log sequence 606
PGU-00387: could not locate toolkit resource file, SYSAUX
Thread 1 advanced to log sequence 584
Undo initialization finished
ARC0: Archival started
Archived Log entry 791 added for thread 1 sequence 3529
Current log# 795 seq# 4161 mem# 0
PRKO-02331: ONS daemon does not exist.
Completed checkpoint up to RBA
Archived Log entry 744 added for thread 1 sequence 2520
Completed checkpoint up to RBA
Current log# 325 seq# 6028 mem# 0
RMAN-05600: Cannot specify UNTIL clause when duplicating from active database
Redo thread mounted read/write
Starting background process VKTM
PRVF-10105: ASMLib is not installed on the nodes:
Errors in file /u01/app/oracle/diag/rdbms/ttprod/ttprod1/trace/ttprod1_ora_45728.trc
Archived Log entry 383 added for thread 1 sequence 1433
Thread 1 advanced to log sequence 78
Undo initialization finished
PRVF-04008: User equivalence unavailable on all the specified nodes
Instance shutdown complete
Thread 1 advanced to log sequence 563
Thread 1 advanced to log sequence 73
DRG-50962: Query operators are not allowed in transform input /u01/app/oracle/oradata/ttprod/users01.dbf
LPX-01061: [XQDY0061] Invalid document node
Instance shutdown complete
Autotune of undo retention is turned on.
Archived Log entry 300 added for thread 1 sequence 3411
Archived Log entry 570 added for thread 1 sequence 4063
Current log# 379 seq# 4054 mem# 0
NNO-00703: checkpoint interval changed to number seconds
Starting background process VKTM
Thread 1 advanced to log sequence 668
ORA-26076: cannot set or reset value after direct path structure is allocated
Archived Log entry 361 added for thread 1 sequence 6658
Archived Log entry 715 added for thread 1 sequence 8330
SUCCESS: diskgroup DATA was mounted
DIA-51102: cannot change priority of a critical failure CRM.CALL_DETAIL_RECORDS
Instance shutdown complete
Completed checkpoint up to RBA
Current log# 891 seq# 6407 mem# 0
ARC0: Archival started
SUCCESS: diskgroup DATA was mounted
Autotune of undo retention is turned on.
ORA-42288: may not create a schema synonym for the specified schema
Errors in file /u01/app/oracle/diag/rdbms/ttprod/ttprod1/trace/ttprod1_ora_51074.trc
Current log# 709 seq# 3179 mem# 0
Current log# 408 seq# 2023 mem# 0
Beginning log switch checkpoint up to RBA
Completed checkpoint up to RBA
ORA-37140: (XSCCOMP15) Cannot AGGREGATE partitioned variable workspace object using AGGMAP workspace object because you cannot use the base of a COMPRESSED COMPOSITE as a partition dimension.
Starting background process VKTM
ORA-13759: User " large pool " cannot remove reference " session_1123 ".
Errors in file /u01/app/oracle/diag/rdbms/ttprod/ttprod1/trace/ttprod1_ora_84292.trc
JMS-00445: Destination alias must be specified
Undo initialization finished
Autotune of undo retention is turned on.
Thread 1 advanced to log sequence 190
Autotune of undo retention is turned on.
Starting background process VKTM
RDJ-00012: invalid instance uniqueness
Undo initialization finished
Redo thread mounted read/write
Redo thread mounted read/write
Redo thread mounted read/write
RMAN-06091: no channel allocated for maintenance (of an appropriate type)
Archived Log entry 46 added for thread 1 sequence 3478
Undo initialization finished
Beginning log switch checkpoint up to RBA
Archived Log entry 106 added for thread 1 sequence 3938
SUCCESS: diskgroup DATA was mounted
Archived Log entry 154 added for thread 1 sequence 1572
PRVF-03929: Adding the Oracle binary location to the PATH environment variable will exceed the OS length limit of [ "{0}" ], The maximum allowed length for PATH environment variable is ["{1}"] on the node "{2}"
Completed checkpoint up to RBA
SUCCESS: diskgroup DATA was mounted
Current log# 777 seq# 9766 mem# 0
LPX-01148: [XUDY0020] Deleted node has no parent
Starting background process VKTM
Redo thread mounted read/write
ARC0: Archival started
Current log# 127 seq# 9629 mem# 0
Undo initialization finished
LPX-01134: [XUTY0006] Invalid target expression for 'insert'
Thread 1 advanced to log sequence 222
SUCCESS: diskgroup DATA was mounted
Redo thread mounted read/write
Starting background process VKTM
Undo initialization finished
ORA-28068: The object " DATA_TS01 " does not have a data redaction policy.
Thread 1 advanced to log sequence 56
Starting background process VKTM
Beginning log switch checkpoint up to RBA
Autotune of undo retention is turned on.
ORA-31165: cannot load object-relational XML attribute using direct path
SUCCESS: diskgroup DATA was mounted
Current log# 897 seq# 2819 mem# 0
ORA-12518: TNS:listener could not hand off client connection
Autotune of undo retention is turned on.
NNL-01045: Errors writing data stream: number
Instance shutdown complete
Autotune of undo retention is turned on.
Undo initialization finished
Completed checkpoint up to RBA
Starting background process VKTM
ORA-14220: Invalid operation for object without a segment
Starting background process VKTM
Completed checkpoint up to RBA
Redo thread mounted read/write
ORA-29913: Error in executing ODCIEXTTABLEOPEN callout
Autotune of undo retention is turned on.
Instance shutdown complete
PRVF-09657: The CTSS command "{0}" failed to execute correctly or failed to produce valid output on all of the nodes
Errors in file /u01/app/oracle/diag/rdbms/ttprod/ttprod1/trace/ttprod1_ora_61049.trc
Instance shutdown complete
ORA-13408: invalid blockSize storage parameter
OCI-30159: OCIFileOpen: Cannot create the file or cannot open in the requested mode
SUCCESS: diskgroup DATA was mounted
Autotune of undo retention is turned on.
Starting background process VKTM
ARC0: Archival started
Thread 1 advanced to log sequence 185
Autotune of undo retention is turned on.
ORA-29703: error occurred in global enqueue service operation
Undo initialization finished
ORA-13415: invalid or out of scope point specification
Autotune of undo retention is turned on.
Redo thread mounted read/write
ORA-19763: compatibility version UNDOTBS1 is higher than maximum allowed: TNS_ADMIN
Current log# 961 seq# 7689 mem# 0
Autotune of undo retention is turned on.
Undo initialization finished
Starting background process VKTM
SUCCESS: diskgroup DATA was mounted
Beginning log switch checkpoint up to RBA
INS-00008: Help topic not found
Autotune of undo retention is turned on.
ARC0: Archival started
Thread 1 advanced to log sequence 903
ORA-25118: invalid DUMP DATAFILE/TEMPFILE option
Thread 1 advanced to log sequence 243
Starting background process VKTM
ORA-26760: Could not find message number ttprod2 for transaction with id UNDOTBS1
ARC0: Archival started
Completed checkpoint up to RBA
Beginning log switch checkpoint up to RBA
ARC0: Archival started
ORA-19177: FORX0004: invalid replacement shared pool
Undo initialization finished
Starting background process VKTM
Redo thread mounted read/write
Starting background process VKTM
Instance shutdown complete
ORA-15326: specified input TNS_ADMIN is a not an ASM file
Errors in file /u01/app/oracle/diag/rdbms/ttprod/ttprod1/trace/ttprod1_ora_11513.trc
ORA-02713: osnprd: message receive failure
Instance shutdown complete
Archived Log entry 788 added for thread 1 sequence 6477
CLSW-00012: User is not authorized to perform the cluster wallet operation. [ number ] [ _SYSSMU12$ ]
Starting background process VKTM
NID-00114: Must specify new database name when SETNAME is used
Current log# 498 seq# 6333 mem# 0
Current log# 15 seq# 9138 mem# 0
Beginning log switch checkpoint up to RBA
PRCT-01207: Failed to set the ORACLE_SID for running asmcmd from CRS home location {0}
Undo initialization finished
ARC0: Archival started
Starting background process VKTM
Archived Log entry 722 added for thread 1 sequence 4953
ARC0: Archival started
Beginning log switch checkpoint up to RBA
INS-42011: The operating system group specified for oraInventory group is invalid.
Errors in file /u01/app/oracle/diag/rdbms/ttprod/ttprod1/trace/ttprod1_ora_23100.trc
SUCCESS: diskgroup DATA was mounted
Starting background process VKTM
Redo thread mounted read/write
ORA-19135: XQST0075: An implementation that does not support the Validation Feature must raise a static error if it encounters a validate expression
SUCCESS: diskgroup DATA was mounted
Autotune of undo retention is turned on.
Thread 1 advanced to log sequence 273
ORA-32626: illegal bounds or increment in MODEL FOR loop
Completed checkpoint up to RBA
Thread 1 advanced to log sequence 505
Thread 1 advanced to log sequence 308
Thread 1 advanced to log sequence 114
ORA-24755: OCI_TRANS_NOMIGRATE, OCI_TRANS_JOIN options are not supported
Errors in file /u01/app/oracle/diag/rdbms/ttprod/ttprod1/trace/ttprod1_ora_96085.trc
Current log# 293 seq# 3560 mem# 0
Completed checkpoint up to RBA
Thread 1 advanced to log sequence 349
SUCCESS: diskgroup DATA was mounted
Instance shutdown complete
ORA-39904: Partitioned object DATA_TS01 . _SYSSMU7$ is partially contained in the transportable set.
Errors in file /u01/app/oracle/diag/rdbms/ttprod/ttprod1/trace/ttprod1_ora_50487.trc
Redo thread mounted read/write
SUCCESS: diskgroup DATA was mounted
Archived Log entry 33 added for thread 1 sequence 6512
LRM-00107: parameter name abbreviation ' 17 ' is not unique
Undo initialization finished
Archived Log entry 683 added for thread 1 sequence 7915
ORA-19267: module USERS not found
Beginning log switch checkpoint up to RBA
Current log# 716 seq# 1100 mem# 0
Redo thread mounted read/write
Undo initialization finished
Undo initialization finished
ORA-32807: message system link 42 already exists
Redo thread mounted read/write
Completed checkpoint up to RBA
Completed checkpoint up to RBA
SUCCESS: diskgroup DATA was mounted
Archived Log entry 105 added for thread 1 sequence 9965
ORA-16603: Data Guard broker detected a mismatch in configuration ID
Errors in file /u01/app/oracle/diag/rdbms/ttprod/ttprod1/trace/ttprod1_ora_27769.trc
ARC0: Archival started
Thread 1 advanced to log sequence 999
Undo initialization finished
SUCCESS: diskgroup DATA was mounted
CRS-02541: Server pool ' BILLING.CUST_ORDERS ' is not registered
Current log# 981 seq# 5715 mem# 0
Thread 1 advanced to log sequence 898
ARC0: Archival started
SUCCESS: diskgroup DATA was mounted
Archived Log entry 223 added for thread 1 sequence 5890
NNF-04007: Error reading input file
OCI-31099: XDB Security Internal Error
Instance shutdown complete
Beginning log switch checkpoint up to RBA
ARC0: Archival started
TNS-12671: Shared server: adapter failed to save context
Starting background process VKTM
Beginning log switch checkpoint up to RBA
Starting background process VKTM
SUCCESS: diskgroup DATA was mounted
Thread 1 advanced to log sequence 299
Archived Log entry 464 added for thread 1 sequence 4702
ORA-10615: Invalid tablespace type for temporary tablespace
Instance shutdown complete
ORA-23428: job associated instance number DATA_TS01 is not valid
ARC0: Archival started
Archived Log entry 601 added for thread 1 sequence 7730
QSM-01099: non-tolerated reference to stale portion of mv for table ttprod1
ARC0: Archival started
Undo initialization finished
Redo thread mounted read/write
Beginning log switch checkpoint up to RBA
Redo thread mounted read/write
ORA-15400: not running on supported ASM appliance
Errors in file /u01/app/oracle/diag/rdbms/ttprod/ttprod1/trace/ttprod1_ora_28600.trc
Redo thread mounted read/write
Undo initialization finished
ORA-23308: object shared pool . 42 does not exist or is invalid
Errors in file /u01/app/oracle/diag/rdbms/ttprod/ttprod1/trace/ttprod1_ora_21762.trc
Redo thread mounted read/write
Autotune of undo retention is turned on.
Thread 1 advanced to log sequence 549
Instance shutdown complete
Autotune of undo retention is turned on.
Completed checkpoint up to RBA
NNL-01077: Save Config on Stop _SYSSMU7$
SUCCESS: diskgroup DATA was mounted
Starting background process VKTM
DRG-11446: supplied knowledge base file TNS_ADMIN not installed
Autotune of undo retention is turned on.
Archived Log entry 975 added for thread 1 sequence 5883
Thread 1 advanced to log sequence 387
ARC0: Archival started
Archived Log entry 15 added for thread 1 sequence 3257
Starting background process VKTM
ORA-36672: (XSDPART10) A RANGE or LIST PARTITION TEMPLATE can only have a single partition dimension.
Completed checkpoint up to RBA
Starting background process VKTM
ARC0: Archival started
ARC0: Archival started
ORA-01142: cannot end online backup - none of the files are in backup
Errors in file /u01/app/oracle/diag/rdbms/ttprod/ttprod1/trace/ttprod1_ora_65933.trc
Beginning log switch checkpoint up to RBA
Beginning log switch checkpoint up to RBA
ARC0: Archival started
SUCCESS: diskgroup DATA was mounted
Current log# 467 seq# 8999 mem# 0
Beginning log switch checkpoint up to RBA
DRG-12438: document table release failed
Redo thread mounted read/write
Starting background process VKTM
ORA-23376: node CDR_STAGING is not compatible with replication version " 17 "
Completed checkpoint up to RBA
Starting background process VKTM
ARC0: Archival started
Starting background process VKTM
Archived Log entry 868 added for thread 1 sequence 6959
ORA-02168: invalid value for FREELISTS
Undo initialization finished
Redo thread mounted read/write
Current log# 116 seq# 8313 mem# 0
PRVF-09661: Time offset is greater than acceptable limit on node "{0}" [actual = "{1}", acceptable = "{2}" ]
Archived Log entry 115 added for thread 1 sequence 2910
Archived Log entry 864 added for thread 1 sequence 7061
Undo initialization finished
Thread 1 advanced to log sequence 985
Instance shutdown complete
KUP-04059: found EOF in length portion of VARIABLE record in file session_1123
IMG-00731: specified page could be found in input image
Errors in file /u01/app/oracle/diag/rdbms/ttprod/ttprod1/trace/ttprod1_ora_48801.trc
ARC0: Archival started
ORA-48134: invalid file descriptor state for operation, 1024 , 42 , CDR_STAGING
Redo thread mounted read/write
Undo initialization finished
Beginning log switch checkpoint up to RBA
Current log# 709 seq# 5766 mem# 0
SUCCESS: diskgroup DATA was mounted
RMAN-06077: datafile ttprod2 is a different version than contained in the control file
Undo initialization finished
Archived Log entry 568 added for thread 1 sequence 5117
Instance shutdown complete
DRG-11339: $A table cannot be created with UNDOTBS1
Errors in file /u01/app/oracle/diag/rdbms/ttprod/ttprod1/trace/ttprod1_ora_33951.trc
ARC0: Archival started
Thread 1 advanced to log sequence 277
Thread 1 advanced to log sequence 382
ORA-53940: make anonymous error USERS .
Archived Log entry 592 added for thread 1 sequence 9862
ORA-01168: physical block size USERS does not match size NETWORK_OPS.SIM_INVENTORY of other members
Current log# 833 seq# 6794 mem# 0
SUCCESS: diskgroup DATA was mounted
SUCCESS: diskgroup DATA was mounted
ARC0: Archival started
ORA-18176: FTDY0017 mild not selection containings StringExclude
Autotune of undo retention is turned on.
Undo initialization finished
ARC0: Archival started
Undo initialization finished
Undo initialization finished
Thread 1 advanced to log sequence 67
ORA-23367: table CDR_STAGING is missing the primary key
Instance shutdown complete
Autotune of undo retention is turned on.
Autotune of undo retention is turned on.
Archived Log entry 932 added for thread 1 sequence 7390
ORA-32826: Messaging Gateway agent has already been started
Archived Log entry 950 added for thread 1 sequence 5440
PRKO-02082: Missing mandatory option {0}
ORA-19653: cannot switch to older file incarnation
SUCCESS: diskgroup DATA was mounted
Undo initialization finished
Undo initialization finished
Starting background process VKTM
Instance shutdown complete
ORA-49425: File inside ADR not allowed
Thread 1 advanced to log sequence 537
Redo thread mounted read/write
Autotune of undo retention is turned on.
TNS-12153: TNS:not connected
Errors in file /u01/app/oracle/diag/rdbms/ttprod/ttprod1/trace/ttprod1_ora_34234.trc
Redo thread mounted read/write
Autotune of undo retention is turned on.
Beginning log switch checkpoint up to RBA
Completed checkpoint up to RBA
LSX-00021: undefined element "~S"
Beginning log switch checkpoint up to RBA
NNL-00566: set|show log_file_name [<filename>] [<server_list>] : set|show the log file name on one or more servers
Completed checkpoint up to RBA
Archived Log entry 728 added for thread 1 sequence 5285
Instance shutdown complete
SUCCESS: diskgroup DATA was mounted
ORA-37149: (XSCCOMP23) Individual partitions of the variable dimensiond by workspace object cannot be aggregated separately.
Archived Log entry 554 added for thread 1 sequence 9189
Starting background process VKTM
Undo initialization finished
Thread 1 advanced to log sequence 542
ORA-08104: this index object USERS is being online built or rebuilt
Autotune of undo retention is turned on.
Thread 1 advanced to log sequence 560
DRG-52105: no delete function found
Errors in file /u01/app/oracle/diag/rdbms/ttprod/ttprod1/trace/ttprod1_ora_40136.trc
ARC0: Archival started
LSX-00311: local element or attribute shouldn't be namespace qualified
Completed checkpoint up to RBA
ORA-13648: The specified execution type does not exist for this advisor.
Starting background process VKTM
NNL-01000: SERVER FAILURE responses received: number
PLS-00405: subquery not allowed in this context
Completed checkpoint up to RBA
Completed checkpoint up to RBA
Redo thread mounted read/write
Archived Log entry 57 added for thread 1 sequence 2726
Starting background process VKTM
Beginning log switch checkpoint up to RBA
ORA-23442: object already exists for the refresh group template
ORA-16776: health check of the redo transport service failed
Instance shutdown complete
Autotune of undo retention is turned on.
Starting background process VKTM
Autotune of undo retention is turned on.
Redo thread mounted read/write
ORA-12700: invalid NLS parameter value ( BILLING.CUST_ORDERS )
Thread 1 advanced to log sequence 479
Thread 1 advanced to log sequence 544
Instance shutdown complete
Autotune of undo retention is turned on.
PCB-00217: OCCURS INDEXED clause not allowed for host variable " shared pool "
ARC0: Archival started
Instance shutdown complete
Redo thread mounted read/write
Undo initialization finished
ORA-24350: OCI call not allowed
Errors in file /u01/app/oracle/diag/rdbms/ttprod/ttprod1/trace/ttprod1_ora_76520.trc
Redo thread mounted read/write
ARC0: Archival started
Autotune of undo retention is turned on.
Current log# 587 seq# 9822 mem# 0
CRS-08008: CDR_STAGING
Current log# 528 seq# 4630 mem# 0
SUCCESS: diskgroup DATA was mounted
Starting background process VKTM
KUP-04097: RECORDS clause specified without a record format
Thread 1 advanced to log sequence 685
RMAN-08138: WARNING: archived log not deleted - must create more backups
Undo initialization finished
ARC0: Archival started
SUCCESS: diskgroup DATA was mounted
Undo initialization finished
Autotune of undo retention is turned on.
ARC0: Archival started
RMAN-06450: crosschecked proxy copy: found to be ' DATA_TS01 '
Current log# 550 seq# 7324 mem# 0
SUCCESS: diskgroup DATA was mounted
Beginning log switch checkpoint up to RBA
Redo thread mounted read/write
Undo initialization finished
PRVF-09810: No prereq file defined
Errors in file /u01/app/oracle/diag/rdbms/ttprod/ttprod1/trace/ttprod1_ora_27664.trc
OCI-22064: invalid NLS parameter ttprod2 [ session_1123 ]
Completed checkpoint up to RBA
Current log# 43 seq# 4102 mem# 0
Instance shutdown complete
Redo thread mounted read/write
ORA-47381: OLS Policy CRM.CALL_DETAIL_RECORDS not found
Errors in file /u01/app/oracle/diag/rdbms/ttprod/ttprod1/trace/ttprod1_ora_25397.trc
Thread 1 advanced to log sequence 975
Redo thread mounted read/write
ARC0: Archival started
Starting background process VKTM
Starting background process VKTM
LSX-00010: extra element(s) at end of "~S"
Archived Log entry 285 added for thread 1 sequence 1820
Thread 1 advanced to log sequence 811
Starting background process VKTM
ORA-02084: database name is missing a component
Instance shutdown complete
Archived Log entry 624 added for thread 1 sequence 3899
Redo thread mounted read/write
Autotune of undo retention is turned on.
ARC0: Archival started
Starting background process VKTM
CRS-02566: User ' PK_CUSTOMER_ACCOUNTS ' does not have sufficient permissions to operate on resource ' USERS ', which is part of the dependency specification.
SUCCESS: diskgroup DATA was mounted
Beginning log switch checkpoint up to RBA
Completed checkpoint up to RBA
Archived Log entry 785 added for thread 1 sequence 1524
Autotune of undo retention is turned on.
Current log# 765 seq# 3548 mem# 0
ORA-27043: unable to seek to beginning of file
Starting background process VKTM
SUCCESS: diskgroup DATA was mounted
Archived Log entry 852 added for thread 1 sequence 4037
Thread 1 advanced to log sequence 193
Autotune of undo retention is turned on.
ORA-18108: XUDY0009 - Invalid target expression for REPLACE
Undo initialization finished
Undo initialization finished
ORA-07581: spstp: cannot derive SID from unexpected process name
Redo thread mounted read/write
Autotune of undo retention is turned on.
Completed checkpoint up to RBA
LPX-00262: unsupported protocol ~s
Undo initialization finished
Redo thread mounted read/write
Archived Log entry 540 added for thread 1 sequence 8890
Current log# 522 seq# 7657 mem# 0
Thread 1 advanced to log sequence 676
ORA-25429: Break request cannot be propagated over shared database link.
Undo initialization finished
Redo thread mounted read/write
Completed checkpoint up to RBA
ORA-60012: adding ( large pool ) blocks to table _SYSSMU7$ . ttprod1 subpartition SYSAUX with MAXSIZE ( CDR_STAGING )
Instance shutdown complete
Completed checkpoint up to RBA
RDE-06018: handle in use
Completed checkpoint up to RBA
ORA-12096: error in materialized view log on " BILLING.CUST_ORDERS "." UNDOTBS1 "
ORA-26917: OCIPOGG API must be executed using a dedicated server process.
Redo thread mounted read/write
Completed checkpoint up to RBA
SUCCESS: diskgroup DATA was mounted
Redo thread mounted read/write
Beginning log switch checkpoint up to RBA
ARC0: Archival started
DGM-16904: Unable to set attribute
Instance shutdown complete
Instance shutdown complete
Redo thread mounted read/write
CRS-01605: CSSD voting file is online: large pool ; details in large pool .
Errors in file /u01/app/oracle/diag/rdbms/ttprod/ttprod1/trace/ttprod1_ora_99554.trc
Thread 1 advanced to log sequence 95
Starting background process VKTM
Starting background process VKTM
ORA-22608: cannot add an attribute to the already generated image handle
ARC0: Archival started
Thread 1 advanced to log sequence 108
ORA-30730: referential constraint not allowed on nested table column
ORA-33273: (XSCHKRLS01) Analytic workspace 3 has open cursors and cannot be detached.
Redo thread mounted read/write
Starting background process VKTM
Starting background process VKTM
Completed checkpoint up to RBA
Undo initialization finished
ORA-15071: ASM disk " large pool " is already being dropped
Instance shutdown complete
Thread 1 advanced to log sequence 420
Autotune of undo retention is turned on.
Instance shutdown complete
Instance shutdown complete
Redo thread mounted read/write
PRKO-02160: Option '-w' should not be specified to convert a RAC One Node database to its equivalent RAC database configuration
Autotune of undo retention is turned on.
Instance shutdown complete
PLS-00561: character set mismatch on value for parameter ' APP_USER42 '
SUCCESS: diskgroup DATA was mounted
Undo initialization finished
Instance shutdown complete
Autotune of undo retention is turned on.
Current log# 246 seq# 7484 mem# 0
ORA-36026: (XSHIERCK07) Level relation workspace object is not dimensioned by relation dimension workspace object .
Autotune of undo retention is turned on.
Instance shutdown complete
Current log# 477 seq# 9039 mem# 0
Redo thread mounted read/write
ARC0: Archival started
Undo initialization finished
NNF-02004: NIS map 5000 does not exist
INS-30513: ASM not running on one or more nodes in the cluster.
SUCCESS: diskgroup DATA was mounted
Instance shutdown complete
Beginning log switch checkpoint up to RBA
Beginning log switch checkpoint up to RBA
SUCCESS: diskgroup DATA was mounted
ORA-08319: sllfsk: Error reading file
Instance shutdown complete
Beginning log switch checkpoint up to RBA
XOQ-01912: The cube has no organization.
Current log# 432 seq# 5598 mem# 0
Beginning log switch checkpoint up to RBA
Autotune of undo retention is turned on.
ORA-13647: Setting of parameter TNS_ADMIN is disallowed during task execution.
SUCCESS: diskgroup DATA was mounted
Undo initialization finished
SUCCESS: diskgroup DATA was mounted
Redo thread mounted read/write
Beginning log switch checkpoint up to RBA
PGU-39513: OC %7ls cursor %2li %3ls, rc 1024
Instance shutdown complete
Thread 1 advanced to log sequence 644
Starting background process VKTM
ARC0: Archival started
CRS-00800: Cluster Ready Service aborted due to failure to allocate memory. Details at 42 in SYSAUX .
Redo thread mounted read/write
NNO-00614: enabling FORWARDING-DESIRED on system queries
Errors in file /u01/app/oracle/diag/rdbms/ttprod/ttprod1/trace/ttprod1_ora_21205.trc
Autotune of undo retention is turned on.
Instance shutdown complete
Beginning log switch checkpoint up to RBA
Thread 1 advanced to log sequence 781
Redo thread mounted read/write
ORA-48151: error getting operating system time for a file
Errors in file /u01/app/oracle/diag/rdbms/ttprod/ttprod1/trace/ttprod1_ora_26638.trc
SUCCESS: diskgroup DATA was mounted
Instance shutdown complete
Undo initialization finished
Autotune of undo retention is turned on.
SUCCESS: diskgroup DATA was mounted
ORA-07286: sksagdi: cannot obtain device information.
SUCCESS: diskgroup DATA was mounted
Redo thread mounted read/write
Thread 1 advanced to log sequence 96
Current log# 780 seq# 6283 mem# 0
Instance shutdown complete
RMAN-05005: Tablespace Point-in-Time Recovery is not allowed for re-created tablespace SYSAUX
Instance shutdown complete
Autotune of undo retention is turned on.
Starting background process VKTM
SUCCESS: diskgroup DATA was mounted
DRG-11225: Third-party filter timed out.
Redo thread mounted read/write
ARC0: Archival started
Current log# 924 seq# 1143 mem# 0
ARC0: Archival started
Instance shutdown complete
Current log# 904 seq# 8336 mem# 0
ORA-54506: compound curve not supported for 3-D geometries
ARC0: Archival started
Thread 1 advanced to log sequence 381
Autotune of undo retention is turned on.
ORA-26059: Data is too large for column ttprod2
Errors in file /u01/app/oracle/diag/rdbms/ttprod/ttprod1/trace/ttprod1_ora_14861.trc
ARC0: Archival started
Archived Log entry 968 added for thread 1 sequence 1387
Thread 1 advanced to log sequence 69
Starting background process VKTM
ORA-00362: member is required to form a valid logfile in group /u01/app/oracle/oradata/ttprod/users01.dbf
Undo initialization finished
Archived Log entry 297 added for thread 1 sequence 7096
Beginning log switch checkpoint up to RBA
Autotune of undo retention is turned on.
PRCD-01135: There is no listener defined for network {0} to be used by service {1}
ORA-26691: operation not supported at non-Oracle system
Redo thread mounted read/write
Completed checkpoint up to RBA
Completed checkpoint up to RBA
Beginning log switch checkpoint up to RBA
Archived Log entry 253 added for thread 1 sequence 5401
RMAN-05038: unable to determine UNTIL SCN for TRANSPORT
ORA-19644: datafile 5000 : incremental-start SCN is prior to RESETLOGS SCN DATA_TS01
Redo thread mounted read/write
ORA-31164: cannot load object-relational XML attribute using direct path
Instance shutdown complete
ARC0: Archival started
ORA-23349: cannot generate replication support for functions
ORA-48169: incorrect arguments to ADR deferred initialization
Errors in file /u01/app/oracle/diag/rdbms/ttprod/ttprod1/trace/ttprod1_ora_87447.trc
Archived Log entry 944 added for thread 1 sequence 4942
Completed checkpoint up to RBA
ORA-19621: archived log range has already been specified
Errors in file /u01/app/oracle/diag/rdbms/ttprod/ttprod1/trace/ttprod1_ora_18237.trc
Starting background process VKTM
Current log# 47 seq# 3705 mem# 0
Autotune of undo retention is turned on.
Current log# 496 seq# 9040 mem# 0
ORA-24430: Null values for sqltext and key were specified.
Starting background process VKTM
NID-00113: Error reading answer - aborting
ARC0: Archival started
Starting background process VKTM
Instance shutdown complete
Redo thread mounted read/write
Thread 1 advanced to log sequence 342
ORA-39917: SYS owned object NETWORK_OPS.SIM_INVENTORY in tablespace _SYSSMU12$ not allowed in pluggable set
Thread 1 advanced to log sequence 339
ARC0: Archival started
Starting background process VKTM
Thread 1 advanced to log sequence 366
Undo initialization finished
RMAN-06600: old RMAN configuration parameters:
Redo thread mounted read/write
Redo thread mounted read/write
TNS-01090: No longer listening on: ttprod2
Undo initialization finished
Undo initialization finished
SUCCESS: diskgroup DATA was mounted
Current log# 423 seq# 5214 mem# 0
RMAN-08045: channel 17 : finished piece USERS at DATA_TS01 with large pool copies
SUCCESS: diskgroup DATA was mounted
Completed checkpoint up to RBA
Archived Log entry 37 added for thread 1 sequence 7259
Current log# 641 seq# 4306 mem# 0
Instance shutdown complete
SUCCESS: diskgroup DATA was mounted
ORA-14167: only one subpartition may be moved
Completed checkpoint up to RBA
Beginning log switch checkpoint up to RBA
ORA-13521: Unregister operation on local Database id ( PK_CUSTOMER_ACCOUNTS ) not allowed
Errors in file /u01/app/oracle/diag/rdbms/ttprod/ttprod1/trace/ttprod1_ora_99257.trc
Completed checkpoint up to RBA
Starting background process VKTM
Thread 1 advanced to log sequence 68
Instance shutdown complete
Completed checkpoint up to RBA
Redo thread mounted read/write
XOQ-01803: SELECT privilege is required for object " ttprod1 " in schema " BILLING.CUST_ORDERS ".
Archived Log entry 222 added for thread 1 sequence 8190
Instance shutdown complete
Autotune of undo retention is turned on.
ORA-39190: internal error occurred during encryption phase ttstandby01
Instance shutdown complete
Instance shutdown complete
Thread 1 advanced to log sequence 799
LPX-01054: [XQST0054] The variable depends on itself
Thread 1 advanced to log sequence 220
Autotune of undo retention is turned on.
PCC-00028: Option " session_1123 " not legal as EXEC ORACLE OPTION
Current log# 727 seq# 7045 mem# 0
Beginning log switch checkpoint up to RBA
Archived Log entry 720 added for thread 1 sequence 7223
Starting background process VKTM
PRCD-01114: Failed to enable service {0} on one or more instances
Instance shutdown complete
Redo thread mounted read/write
Undo initialization finished
Autotune of undo retention is turned on.
Completed checkpoint up to RBA
ORA-12489: default label not within clearance range
Thread 1 advanced to log sequence 806
Archived Log entry 694 added for thread 1 sequence 4380
Thread 1 advanced to log sequence 172
Starting background process VKTM
Beginning log switch checkpoint up to RBA
Instance shutdown complete
ORA-13053: maximum number of geometric elements in argument list exceeded
Errors in file /u01/app/oracle/diag/rdbms/ttprod/ttprod1/trace/ttprod1_ora_77325.trc
ARC0: Archival started
ORA-19661: datafile shared pool could not be verified
Errors in file /u01/app/oracle/diag/rdbms/ttprod/ttprod1/trace/ttprod1_ora_88676.trc
Beginning log switch checkpoint up to RBA
Instance shutdown complete
Redo thread mounted read/write
Thread 1 advanced to log sequence 751
Redo thread mounted read/write
ORA-26841: No subscribers are found for queue " ttprod1 "." large pool ".
Starting background process VKTM
Starting background process VKTM
Redo thread mounted read/write
Archived Log entry 809 added for thread 1 sequence 2412
ORA-31134: Cannot delete a configuration that is referenced by other resources
ARC0: Archival started
ORA-01765: specifying owner's name of the table is not allowed
Autotune of undo retention is turned on.
Archived Log entry 435 added for thread 1 sequence 1622
Redo thread mounted read/write
Beginning log switch checkpoint up to RBA
ORA-08322: scnmin: open/convert of bias lock failed
RMAN-08032: channel ttstandby01 : RECID session_1123 STAMP INVOICE_LINES_IDX does not match recovery catalog
ARC0: Archival started
Archived Log entry 588 added for thread 1 sequence 3128
Thread 1 advanced to log sequence 434
Instance shutdown complete
Redo thread mounted read/write
ORA-15109: conflicting protection attributes specified
Errors in file /u01/app/oracle/diag/rdbms/ttprod/ttprod1/trace/ttprod1_ora_16417.trc
Current log# 837 seq# 2635 mem# 0
Thread 1 advanced to log sequence 939
Redo thread mounted read/write
Autotune of undo retention is turned on.
Redo thread mounted read/write
Beginning log switch checkpoint up to RBA
PGU-39117: EP p- number , c- number , LD TNS_ADMIN
Beginning log switch checkpoint up to RBA
Autotune of undo retention is turned on.
Instance shutdown complete
SUCCESS: diskgroup DATA was mounted
Archived Log entry 563 added for thread 1 sequence 7898
Redo thread mounted read/write
ORA-37097: (XSOBJORG_BAD_DIM_LEVEL) invalid property " SYSAUX " specified for dimension level " APP_USER42 . DATA_TS01 . 17 "
Autotune of undo retention is turned on.
Beginning log switch checkpoint up to RBA
Starting background process VKTM
Redo thread mounted read/write
ARC0: Archival started
ORA-53500: Not a DICOM image.
Autotune of undo retention is turned on.
Archived Log entry 156 added for thread 1 sequence 4414
Completed checkpoint up to RBA
Undo initialization finished
QSM-01007: query has NOREWRITE hint
ORA-22053: overflow error
Archived Log entry 90 added for thread 1 sequence 6886
Undo initialization finished
Thread 1 advanced to log sequence 720
Undo initialization finished
Beginning log switch checkpoint up to RBA
ORA-01128: cannot start online backup - file ttprod2 is offline
Thread 1 advanced to log sequence 588
Undo initialization finished
ARC0: Archival started
ORA-16028: new 5000 causes less destinations than LOG_ARCHIVE_MIN_SUCCEED_DEST requires
Errors in file /u01/app/oracle/diag/rdbms/ttprod/ttprod1/trace/ttprod1_ora_61783.trc
Starting background process VKTM
ORA-30375: materialized view cannot be considered fresh
Archived Log entry 828 added for thread 1 sequence 7305
ORA-19759: block change tracking is not enabled
Starting background process VKTM
Thread 1 advanced to log sequence 628
INS-20810: Target or command for ' session_1123 ' not valid.
Errors in file /u01/app/oracle/diag/rdbms/ttprod/ttprod1/trace/ttprod1_ora_67535.trc
Redo thread mounted read/write
Archived Log entry 627 added for thread 1 sequence 3156
PCC-02044: CMD-LINE: Illegal or out of range value for option:
Current log# 119 seq# 4149 mem# 0
Current log# 622 seq# 4828 mem# 0
ARC0: Archival started
Starting background process VKTM
Archived Log entry 855 added for thread 1 sequence 3806
Autotune of undo retention is turned on.
NNL-00913: Server-generated requests sent: number
EVM-00007: Failed to write to temporary file
Current log# 228 seq# 8108 mem# 0
Current log# 6 seq# 5548 mem# 0
Beginning log switch checkpoint up to RBA
Starting background process VKTM
Thread 1 advanced to log sequence 19
Redo thread mounted read/write
ORA-32703: deadlock detected: 1024
Current log# 576 seq# 6396 mem# 0
Instance shutdown complete
Instance shutdown complete
Beginning log switch checkpoint up to RBA
Instance shutdown complete
SUCCESS: diskgroup DATA was mounted
ORA-07665: ssrexhd: recursive exception encountered ttprod2 NETWORK_OPS.SIM_INVENTORY _SYSSMU12$ 3 large pool 5000
Thread 1 advanced to log sequence 602
PRKO-02377: eONS already uses {0} as listening port. Nothing to modify.
Errors in file /u01/app/oracle/diag/rdbms/ttprod/ttprod1/trace/ttprod1_ora_58455.trc
Autotune of undo retention is turned on.
IMG-00517: height or width not present in parameter _SYSSMU7$
Beginning log switch checkpoint up to RBA
Autotune of undo retention is turned on.
TNS-12196: TNS:received an error from TNS
Errors in file /u01/app/oracle/diag/rdbms/ttprod/ttprod1/trace/ttprod1_ora_73901.trc
Instance shutdown complete
Redo thread mounted read/write
Thread 1 advanced to log sequence 13
SUCCESS: diskgroup DATA was mounted
Beginning log switch checkpoint up to RBA
ORA-15098: file type not recognized by ASM instance
Thread 1 advanced to log sequence 762
Thread 1 advanced to log sequence 654
DGM-16934: start up instance " ttstandby01 " of database " large pool "
ARC0: Archival started
TNS-00304: Status Information for Connection Manager:
Archived Log entry 486 added for thread 1 sequence 4850
SUCCESS: diskgroup DATA was mounted
ARC0: Archival started
Archived Log entry 828 added for thread 1 sequence 6629
Beginning log switch checkpoint up to RBA
Completed checkpoint up to RBA
ORA-02478: merge into base segment would overflow MAXEXTENTS limit
SUCCESS: diskgroup DATA was mounted
Starting background process VKTM
Current log# 760 seq# 2910 mem# 0
Beginning log switch checkpoint up to RBA
Completed checkpoint up to RBA
Completed checkpoint up to RBA
CRS-04656: Resource ' DATA_TS01 ' is not running on server ' 3 '.
ORA-32048: cycle mark column name for CYCLE clause must not be part of the column alias list
Undo initialization finished
Beginning log switch checkpoint up to RBA
Beginning log switch checkpoint up to RBA
Completed checkpoint up to RBA
Beginning log switch checkpoint up to RBA
Starting background process VKTM
CRS-04695: Voting disk addition failed because this disk TNS_ADMIN is a duplicate of an existing voting disk with matching File Universal ID TNS_ADMIN .
Current log# 811 seq# 1038 mem# 0
ARC0: Archival started
ORA-09829: pw_createPorts: server call pws_start_instance failed.
Autotune of undo retention is turned on.
Starting background process VKTM
SUCCESS: diskgroup DATA was mounted
Beginning log switch checkpoint up to RBA
Redo thread mounted read/write
PGU-39126: EP /u01/app/oracle/oradata/ttprod/users01.dbf , INVOICE_LINES_IDX , ttstandby01 , 42
Undo initialization finished
XOQ-01722: Cube " 1024 " mapping to " USERS " is invalid. Cubes must map to DimensionLevels for PrimaryDimensions whose keys are not unique.
Archived Log entry 172 added for thread 1 sequence 5555
Completed checkpoint up to RBA
ORA-32501: Writing SGA to file failed
Completed checkpoint up to RBA
Beginning log switch checkpoint up to RBA
Completed checkpoint up to RBA
Starting background process VKTM
ORA-24378: user callbacks not allowed for this call
Beginning log switch checkpoint up to RBA
Current log# 38 seq# 9966 mem# 0
Instance shutdown complete
Current log# 980 seq# 1767 mem# 0
Archived Log entry 534 added for thread 1 sequence 5839
Starting background process VKTM
ORA-13509: error encountered during updates to a AWR table
Errors in file /u01/app/oracle/diag/rdbms/ttprod/ttprod1/trace/ttprod1_ora_68275.trc
OCI-31014: Attempted to delete the root container
Autotune of undo retention is turned on.
Completed checkpoint up to RBA
Redo thread mounted read/write
Redo thread mounted read/write
Current log# 379 seq# 4708 mem# 0
INS-41802: Unable to determine release of Oracle Automatic Storage Management running from home INVOICE_LINES_IDX .
Autotune of undo retention is turned on.
Current log# 212 seq# 1329 mem# 0
ORA-21603: property id [ PK_CUSTOMER_ACCOUNTS ] is invalid
Completed checkpoint up to RBA
XOQ-01928: invalid PrecomputePercentTop value
Archived Log entry 383 added for thread 1 sequence 8329
Thread 1 advanced to log sequence 83
Beginning log switch checkpoint up to RBA
SUCCESS: diskgroup DATA was mounted
Starting background process VKTM
ORA-15051: file ' large pool ' contains BILLING.CUST_ORDERS error(s)
Errors in file /u01/app/oracle/diag/rdbms/ttprod/ttprod1/trace/ttprod1_ora_25879.trc
SUCCESS: diskgroup DATA was mounted
Starting background process VKTM
Instance shutdown complete
ORA-12334: database (link name CRM.CALL_DETAIL_RECORDS ) is still open
NNL-01011: Forwarding contexts freed: number
Current log# 302 seq# 2564 mem# 0
Archived Log entry 304 added for thread 1 sequence 4579
LSX-00210: value "~1S" out of range for type "~2S"
DRG-11214: execution of procedure filter stored procedure has failed
Thread 1 advanced to log sequence 876
Starting background process VKTM
Archived Log entry 742 added for thread 1 sequence 2774
ORA-01608: cannot bring rollback segment ' PK_CUSTOMER_ACCOUNTS ' online, its status is ( /u01/app/oracle/oradata/ttprod/users01.dbf )
Completed checkpoint up to RBA
Archived Log entry 27 added for thread 1 sequence 8427
Thread 1 advanced to log sequence 63
Completed checkpoint up to RBA
ARC0: Archival started
SUCCESS: diskgroup DATA was mounted
PRKO-03164: Options '-r', '-f', '-n', '-i', '-t', '-a', '-c' and '-x' cannot be used to modify service {0} for single instance database {1}
Undo initialization finished
Autotune of undo retention is turned on.
Redo thread mounted read/write
Redo thread mounted read/write
DRG-50930: parser memory failure on line 1024 on column /u01/app/oracle/oradata/ttprod/users01.dbf
SUCCESS: diskgroup DATA was mounted
Autotune of undo retention is turned on.
Current log# 772 seq# 3848 mem# 0
ARC0: Archival started
Redo thread mounted read/write
ORA-19202: Error occurred in XML processing USERS
Errors in file /u01/app/oracle/diag/rdbms/ttprod/ttprod1/trace/ttprod1_ora_69634.trc
ARC0: Archival started
ARC0: Archival started
Current log# 370 seq# 2806 mem# 0
Undo initialization finished
Instance shutdown complete
NZE-28849: No Trustpoints
Errors in file /u01/app/oracle/diag/rdbms/ttprod/ttprod1/trace/ttprod1_ora_33220.trc
Completed checkpoint up to RBA
Autotune of undo retention is turned on.
Starting background process VKTM
Archived Log entry 857 added for thread 1 sequence 4452
Instance shutdown complete
ORA-29500: NAMED keyword is invalid in CREATE JAVA CLASS
Starting background process VKTM
Undo initialization finished
Autotune of undo retention is turned on.
Redo thread mounted read/write
ORA-16785: the database is in NOARCHIVELOG mode
KUP-03017: length specified for VARIABLE records must be greater than 0
Errors in file /u01/app/oracle/diag/rdbms/ttprod/ttprod1/trace/ttprod1_ora_43902.trc
Instance shutdown complete
Undo initialization finished
Beginning log switch checkpoint up to RBA
ORA-34059: (MSEXECUT12) You cannot delete non session-only dimension values from unique concat dimension workspace object .
ARC0: Archival started
Current log# 930 seq# 1533 mem# 0
Beginning log switch checkpoint up to RBA
Thread 1 advanced to log sequence 94
ORA-25210: invalid value for RELATIVE_MSGID, no message in queue with that msgid
ORA-02441: Cannot drop nonexistent primary key
Beginning log switch checkpoint up to RBA
SUCCESS: diskgroup DATA was mounted
ORA-30420: 5000 is not a valid identifier
Completed checkpoint up to RBA
Starting background process VKTM
Archived Log entry 966 added for thread 1 sequence 7357
ORA-01146: cannot start online backup - file 17 is already in backup
Autotune of undo retention is turned on.
SUCCESS: diskgroup DATA was mounted
Starting background process VKTM
ORA-21608: duration is invalid for this function
ARC0: Archival started
Current log# 611 seq# 8527 mem# 0
ARC0: Archival started
Undo initialization finished
CRS-01602: CSSD aborted on node SP2-0552 . Error [ 1024 ]; details in large pool .
Undo initialization finished
Undo initialization finished
Thread 1 advanced to log sequence 515
Archived Log entry 715 added for thread 1 sequence 6171
PCC-02422: Invalid value specified for the given context option
Autotune of undo retention is turned on.
Autotune of undo retention is turned on.
DIA-49414: Package sequence later than expected [ ttprod2 ] [ 3 ]
Errors in file /u01/app/oracle/diag/rdbms/ttprod/ttprod1/trace/ttprod1_ora_51910.trc
ORA-12839: cannot modify an object in parallel after modifying it
ARC0: Archival started
Autotune of undo retention is turned on.
ORA-56865: Invalid IP address in CELLINIT.ORA
Errors in file /u01/app/oracle/diag/rdbms/ttprod/ttprod1/trace/ttprod1_ora_25216.trc
Redo thread mounted read/write
Starting background process VKTM
ORA-55371: RDF rules index ' shared pool ' exists for different model-rulebase combination
Errors in file /u01/app/oracle/diag/rdbms/ttprod/ttprod1/trace/ttprod1_ora_13170.trc
Autotune of undo retention is turned on.
Starting background process VKTM
ORA-09761: pw_destroyPorts: server call pws_stop_instance failed.
Redo thread mounted read/write
ORA-39192: table mode jobs with transportable=always and partition filters only allow objects from one table
Completed checkpoint up to RBA
ORA-41103: Only the designated Cluster Director: NETWORK_OPS.SIM_INVENTORY can undesignate itself.
Redo thread mounted read/write
Instance shutdown complete
ORA-39214: Data Pump does not support external tables with encrypted columns. ttstandby01 will not be exported
SUCCESS: diskgroup DATA was mounted
Redo thread mounted read/write
RMAN-06524: RMAN retention policy will be applied to the command
Current log# 245 seq# 9573 mem# 0
Instance shutdown complete
SUCCESS: diskgroup DATA was mounted
Autotune of undo retention is turned on.
ORA-01973: Missing change number
SUCCESS: diskgroup DATA was mounted
Beginning log switch checkpoint up to RBA
SUCCESS: diskgroup DATA was mounted
Archived Log entry 835 added for thread 1 sequence 9644
PROT-00301: Dump is not feasible when clusterware is running
SUCCESS: diskgroup DATA was mounted
ORA-36638: (XSDUNION17) Concat dimension workspace object cannot be changed to UNIQUE because it has a non-unique concat base dimension workspace object .
Completed checkpoint up to RBA
ORA-37552: (XSHIERSP06) DIMENSION_MEMBER is associated with a level not found in the levelorder valueset.
Errors in file /u01/app/oracle/diag/rdbms/ttprod/ttprod1/trace/ttprod1_ora_21546.trc
ARC0: Archival started
Redo thread mounted read/write
ORA-41711: invalid attribute in the rule condition's having clause
Completed checkpoint up to RBA
ARC0: Archival started
Undo initialization finished
Beginning log switch checkpoint up to RBA
ORA-24819: Illegal reference count encountered for a temporary LOB
Errors in file /u01/app/oracle/diag/rdbms/ttprod/ttprod1/trace/ttprod1_ora_59348.trc
Completed checkpoint up to RBA
Beginning log switch checkpoint up to RBA
ORA-02240: invalid value for OBJNO or TABNO
Errors in file /u01/app/oracle/diag/rdbms/ttprod/ttprod1/trace/ttprod1_ora_27297.trc
Beginning log switch checkpoint up to RBA
XOQ-02521: The object description of type " NETWORK_OPS.SIM_INVENTORY " for language " 3 " was truncated to the maximum number of characters ( CRM.CALL_DETAIL_RECORDS ).
Autotune of undo retention is turned on.
Archived Log entry 867 added for thread 1 sequence 3822
Current log# 862 seq# 2848 mem# 0
ARC0: Archival started
Current log# 59 seq# 9962 mem# 0
LPX-00218: invalid character ~1u ('~2c')
Instance shutdown complete
SUCCESS: diskgroup DATA was mounted
Thread 1 advanced to log sequence 805
Thread 1 advanced to log sequence 794
ORA-02338: missing or invalid column constraint specification
ARC0: Archival started
ARC0: Archival started
Current log# 385 seq# 6392 mem# 0
Autotune of undo retention is turned on.
SUCCESS: diskgroup DATA was mounted
SUCCESS: diskgroup DATA was mounted
ORA-08313: sllfop: could not allocate buffers
Thread 1 advanced to log sequence 614
Completed checkpoint up to RBA
Starting background process VKTM
Instance shutdown complete
DRG-10203: server named PK_CUSTOMER_ACCOUNTS does not exist
Starting background process VKTM
ARC0: Archival started
Instance shutdown complete
Undo initialization finished
Completed checkpoint up to RBA
Starting background process VKTM
ORA-19624: operation failed, retry possible
Beginning log switch checkpoint up to RBA
Beginning log switch checkpoint up to RBA
Beginning log switch checkpoint up to RBA
ORA-42298: cannot rename a user that is currently connected
Archived Log entry 397 added for thread 1 sequence 4259
Autotune of undo retention is turned on.
Thread 1 advanced to log sequence 670
Current log# 370 seq# 1226 mem# 0
Redo thread mounted read/write
ORA-19590: conversation already active
Errors in file /u01/app/oracle/diag/rdbms/ttprod/ttprod1/trace/ttprod1_ora_16053.trc
Autotune of undo retention is turned on.
ARC0: Archival started
SUCCESS: diskgroup DATA was mounted
SUCCESS: diskgroup DATA was mounted
XOQ-01987: A subset of the following HierarchyLevels is ordered inconsistently in PrimaryDimension " /u01/app/oracle/oradata/ttprod/users01.dbf ": " /u01/app/oracle/oradata/ttprod/users01.dbf ".
Current log# 598 seq# 6752 mem# 0
Undo initialization finished
Autotune of undo retention is turned on.
PCB-00316: SQL FORMS statements are Oracle extensions
Errors in file /u01/app/oracle/diag/rdbms/ttprod/ttprod1/trace/ttprod1_ora_19078.trc
SUCCESS: diskgroup DATA was mounted
Autotune of undo retention is turned on.
Instance shutdown complete
Current log# 791 seq# 1417 mem# 0
Autotune of undo retention is turned on.
Archived Log entry 692 added for thread 1 sequence 5901
NID-00425: Database name restored to CDR_STAGING .
Starting background process VKTM
Instance shutdown complete
ARC0: Archival started
Redo thread mounted read/write
Instance shutdown complete
Archived Log entry 699 added for thread 1 sequence 6146
ORA-22326: cannot change a type to FINAL if it has subtypes
ORA-32840: property name cannot be NULL
SUCCESS: diskgroup DATA was mounted
Undo initialization finished
Redo thread mounted read/write
Undo initialization finished
ORA-08231: smscre: unable to attach to SGA
CLST-02906: Clustername should be between 1 and DATA_TS01 letters.
Instance shutdown complete
ORA-29324: SET COMPATIBILITY release DATA_TS01 format is wrong
Autotune of undo retention is turned on.
Autotune of undo retention is turned on.
Completed checkpoint up to RBA
SUCCESS: diskgroup DATA was mounted
ORA-01919: role ' APP_USER42 ' does not exist
Errors in file /u01/app/oracle/diag/rdbms/ttprod/ttprod1/trace/ttprod1_ora_87683.trc
Redo thread mounted read/write
Completed checkpoint up to RBA
Beginning log switch checkpoint up to RBA
Autotune of undo retention is turned on.
Starting background process VKTM
QSM-01096: Materialized view with grouping sets contains duplicates
QSM-01015: GROUP BY clause has non-columns
Starting background process VKTM
Redo thread mounted read/write
NNL-00221: Statistic counter logging interval is now 3
ARC0: Archival started
Instance shutdown complete
LPX-01101: External Error '~s' occurs
Starting background process VKTM
ORA-01542: tablespace ' shared pool ' is offline, cannot allocate space in it
Archived Log entry 962 added for thread 1 sequence 6437
Beginning log switch checkpoint up to RBA
ARC0: Archival started
Starting background process VKTM
ORA-26681: command type not supported
ARC0: Archival started
Autotune of undo retention is turned on.
Current log# 475 seq# 1213 mem# 0
SUCCESS: diskgroup DATA was mounted
Thread 1 advanced to log sequence 207
QSM-01094: outer-join filter not found in materialized join view
Undo initialization finished
Instance shutdown complete
Starting background process VKTM
OCI-31029: Cannot bind to unsaved resource
Current log# 31 seq# 3268 mem# 0
Autotune of undo retention is turned on.
ORA-16746: Data Guard broker cannot mount the database
Beginning log switch checkpoint up to RBA
Undo initialization finished
Beginning log switch checkpoint up to RBA
Beginning log switch checkpoint up to RBA
Starting background process VKTM
PCB-00106: Unable to open INCLUDE file " 42 "
ORA-00001: Unique constraint violated
Thread 1 advanced to log sequence 82
Beginning log switch checkpoint up to RBA
Thread 1 advanced to log sequence 310
ARC0: Archival started
Current log# 241 seq# 7111 mem# 0
DRG-13810: Index with support_ctx_tree must have atleast one MVDATA section
Current log# 576 seq# 2182 mem# 0
ORA-07824: sspain: $SETIMR failure
Thread 1 advanced to log sequence 451
SUCCESS: diskgroup DATA was mounted
ORA-44324: no <count> argument to SYSAUX option
Undo initialization finished
Undo initialization finished
Current log# 361 seq# 2605 mem# 0
ORA-28541: Error in HS init file on line number .
Redo thread mounted read/write
ORA-33024: (XSAGDNGL11) AGGMAP workspace object contains duplicate information.
ARC0: Archival started
Beginning log switch checkpoint up to RBA
Starting background process VKTM
Beginning log switch checkpoint up to RBA
ORA-34360: (MXDSS15) number other users writing
Instance shutdown complete
ORA-19704: file name exceeds maximum length of _SYSSMU7$
ARC0: Archival started
ARC0: Archival started
Starting background process VKTM
PCB-00106: Unable to open INCLUDE file " UNDOTBS1 "
Instance shutdown complete
Completed checkpoint up to RBA
Instance shutdown complete
Autotune of undo retention is turned on.
QSM-00764: the column BILLING.CUST_ORDERS was not found in the user-defined workload table SP2-0552 . /u01/app/oracle/oradata/ttprod/users01.dbf
ARC0: Archival started
Redo thread mounted read/write
SUCCESS: diskgroup DATA was mounted
Redo thread mounted read/write
Redo thread mounted read/write
PRKU-01021: As the privileged user, Execute "{0}" on every node in this cluster except for this node, and then execute "{1}" on this node to remove the configuration of the Oracle Clusterware and to completely remove the Oracle software
Errors in file /u01/app/oracle/diag/rdbms/ttprod/ttprod1/trace/ttprod1_ora_20491.trc
PGU-50003: USERS length of number exceeds the maximum of number .
Undo initialization finished
Autotune of undo retention is turned on.
Thread 1 advanced to log sequence 163
Undo initialization finished
Starting background process VKTM
Completed checkpoint up to RBA
DRG-11123: theme indexing is not supported
Starting background process VKTM
Starting background process VKTM
Completed checkpoint up to RBA
SUCCESS: diskgroup DATA was mounted
Autotune of undo retention is turned on.
Starting background process VKTM
PRCT-01151: Failed to retrieve cluster nodes status
Errors in file /u01/app/oracle/diag/rdbms/ttprod/ttprod1/trace/ttprod1_ora_97979.trc
Completed checkpoint up to RBA
Beginning log switch checkpoint up to RBA
Beginning log switch checkpoint up to RBA
Completed checkpoint up to RBA
ARC0: Archival started
ORA-06954: Illegal file name
Thread 1 advanced to log sequence 415
Undo initialization finished
Autotune of undo retention is turned on.
Undo initialization finished
Beginning log switch checkpoint up to RBA
ORA-33332: (DSSEXIST01) Use the AW command to establish a current analytic workspace. Then start your current activity again.
Completed checkpoint up to RBA
Beginning log switch checkpoint up to RBA
Undo initialization finished
ORA-07284: sksaprd: volume size specification not terminated properly.
Instance shutdown complete
Autotune of undo retention is turned on.
Thread 1 advanced to log sequence 142
CLST-02502: failure 42 writing new configuration
Redo thread mounted read/write
Completed checkpoint up to RBA
Thread 1 advanced to log sequence 545
Archived Log entry 181 added for thread 1 sequence 2853
Redo thread mounted read/write
Completed checkpoint up to RBA
ORA-01999: password file cannot be updated in SHARED mode
Errors in file /u01/app/oracle/diag/rdbms/ttprod/ttprod1/trace/ttprod1_ora_13215.trc
ORA-14617: cannot add/drop values to DEFAULT subpartition
ARC0: Archival started
ARC0: Archival started
Thread 1 advanced to log sequence 936
SUCCESS: diskgroup DATA was mounted
Instance shutdown complete
Beginning log switch checkpoint up to RBA
PGU-00137: syntax error in PL/SQL Block
Starting background process VKTM
DIA-48304: incident staging file not found
Completed checkpoint up to RBA
ORA-16232: adding Logical Standby skip entry for table INVOICE_LINES_IDX . SYSAUX
ORA-24902: invalid subscription name or name-length in subscription handle
Undo initialization finished
Autotune of undo retention is turned on.
Instance shutdown complete
Current log# 206 seq# 8481 mem# 0
SUCCESS: diskgroup DATA was mounted
Current log# 712 seq# 7505 mem# 0
ORA-01520: number of data files to add ( 17 ) exceeds limit of 1024
Errors in file /u01/app/oracle/diag/rdbms/ttprod/ttprod1/trace/ttprod1_ora_80434.trc
Undo initialization finished
RMAN-06083: error when loading stored script CDR_STAGING
Errors in file /u01/app/oracle/diag/rdbms/ttprod/ttprod1/trace/ttprod1_ora_28041.trc
Archived Log entry 754 added for thread 1 sequence 6851
ARC0: Archival started
Redo thread mounted read/write
ORA-01574: maximum number of concurrent transactions exceeded
Errors in file /u01/app/oracle/diag/rdbms/ttprod/ttprod1/trace/ttprod1_ora_38335.trc
SUCCESS: diskgroup DATA was mounted
Thread 1 advanced to log sequence 950
Starting background process VKTM
RMAN-06135: error executing host command: _SYSSMU7$
ARC0: Archival started
Starting background process VKTM
Current log# 960 seq# 3543 mem# 0
Archived Log entry 881 added for thread 1 sequence 8631
Redo thread mounted read/write
ORA-38422: invalid datatype for the attribute: 17
Redo thread mounted read/write
Completed checkpoint up to RBA
Undo initialization finished
Redo thread mounted read/write
Redo thread mounted read/write
Autotune of undo retention is turned on.
RMAN-06431: recovery catalog created
SUCCESS: diskgroup DATA was mounted
Thread 1 advanced to log sequence 93
LPX-01105: [FOAR0001] Division by zero
Autotune of undo retention is turned on.
Thread 1 advanced to log sequence 669
Redo thread mounted read/write
ARC0: Archival started
ARC0: Archival started
SUCCESS: diskgroup DATA was mounted
ORA-07269: spdcr: detached process died after exec.
ARC0: Archival started
Starting background process VKTM
Instance shutdown complete
Current log# 816 seq# 2988 mem# 0
Completed checkpoint up to RBA
ORA-14656: cannot drop the parent of a reference-partitioned table
Archived Log entry 227 added for thread 1 sequence 2224
SUCCESS: diskgroup DATA was mounted
Redo thread mounted read/write
Archived Log entry 456 added for thread 1 sequence 7721
Completed checkpoint up to RBA
Undo initialization finished
RDE-00042: invalid port number: " session_1123 "
Starting background process VKTM
Autotune of undo retention is turned on.
Instance shutdown complete
Instance shutdown complete
Completed checkpoint up to RBA
LPX-00051: NLS initialization failed
Errors in file /u01/app/oracle/diag/rdbms/ttprod/ttprod1/trace/ttprod1_ora_71605.trc
Current log# 823 seq# 5320 mem# 0
Current log# 65 seq# 4500 mem# 0
LSX-00233: invalid long "~S"
Redo thread mounted read/write
Instance shutdown complete
Thread 1 advanced to log sequence 125
ORA-26057: Conversion is not necessary for this direct path stream.
ARC0: Archival started
Instance shutdown complete
RMAN-05534: WARNING: LOG_FILE_NAME_CONVERT resulted in invalid ASM names; names changed to disk group only.
Redo thread mounted read/write
Instance shutdown complete
Instance shutdown complete
Thread 1 advanced to log sequence 614
Archived Log entry 631 added for thread 1 sequence 4018
ORA-46052: Invalid Session ID specified
Completed checkpoint up to RBA
Completed checkpoint up to RBA
Completed checkpoint up to RBA
ORA-33284: (DBERR12) Analytic workspace CDR_STAGING cannot be opened in MULTI mode before converting it by the latest version of PK_CUSTOMER_ACCOUNTS .
PRVF-10304: IPMI device driver does not exist on nodes {0}
Undo initialization finished
Thread 1 advanced to log sequence 87
Instance shutdown complete
Current log# 276 seq# 1626 mem# 0
SUCCESS: diskgroup DATA was mounted
Starting background process VKTM
ORA-06817: TLI Driver: could not read the Novell network address
Autotune of undo retention is turned on.
Redo thread mounted read/write
Archived Log entry 364 added for thread 1 sequence 2980
Instance shutdown complete
Thread 1 advanced to log sequence 913
ORA-00601: cleanup lock conflict
Archived Log entry 407 added for thread 1 sequence 6589
Redo thread mounted read/write
ORA-32001: write to SPFILE requested but no SPFILE is in use
Completed checkpoint up to RBA
ORA-09214: sfdone: I/O error detected
Redo thread mounted read/write
ARC0: Archival started
TNS-00021: INTCTL: missing INTERCHANGE_DATA in INTCHG.ORA
Archived Log entry 647 added for thread 1 sequence 4906
IMP-00070: Lob definitions in dump file are inconsistent with database.
Beginning log switch checkpoint up to RBA
Autotune of undo retention is turned on.
Thread 1 advanced to log sequence 186
Autotune of undo retention is turned on.
Starting background process VKTM
ORA-16627: operation disallowed since no standby databases would remain to support protection mode
Archived Log entry 225 added for thread 1 sequence 3609
Autotune of undo retention is turned on.
Completed checkpoint up to RBA
Autotune of undo retention is turned on.
Starting background process VKTM
ORA-37001: You have one or more attached but unupdated analytic workspaces.
Current log# 678 seq# 4253 mem# 0
Instance shutdown complete
Archived Log entry 970 added for thread 1 sequence 9862
DRG-10569: table or column does not exist: 17
Errors in file /u01/app/oracle/diag/rdbms/ttprod/ttprod1/trace/ttprod1_ora_12873.trc
Redo thread mounted read/write
ARC0: Archival started
Redo thread mounted read/write
EXP-00028: failed to open UNDOTBS1 for write
Errors in file /u01/app/oracle/diag/rdbms/ttprod/ttprod1/trace/ttprod1_ora_71552.trc
Redo thread mounted read/write
Current log# 877 seq# 9498 mem# 0
Starting background process VKTM
ORA-19247: XQDY0027 - validation error
Redo thread mounted read/write
ARC0: Archival started
Redo thread mounted read/write
NID-00601: Internal Error - [ number ] [ NETWORK_OPS.SIM_INVENTORY ] [ number ] [ number ]
ARC0: Archival started
Undo initialization finished
PRKO-02005: Failure in getting Cluster Database Configuration for:
Errors in file /u01/app/oracle/diag/rdbms/ttprod/ttprod1/trace/ttprod1_ora_89889.trc
SUCCESS: diskgroup DATA was mounted
ARC0: Archival started
Current log# 841 seq# 5388 mem# 0
Archived Log entry 392 added for thread 1 sequence 2912
Completed checkpoint up to RBA
Undo initialization finished
SCLC-01017: Multicast discovery method is not configured for tier {0}, {1}
RMAN-06029: the control file may be included only in a datafile backup set
Completed checkpoint up to RBA
Beginning log switch checkpoint up to RBA
Undo initialization finished
Undo initialization finished
Autotune of undo retention is turned on.
ORA-48411: The trace files exceeds the maximum number [ 42 ]
SUCCESS: diskgroup DATA was mounted
SUCCESS: diskgroup DATA was mounted
Autotune of undo retention is turned on.
PLS-00401: different column types between cursor SELECT statement and return value found at ' _SYSSMU12$ '
Starting background process VKTM
Beginning log switch checkpoint up to RBA
Redo thread mounted read/write
ORA-24400: error occured while creating connections in the pool
Errors in file /u01/app/oracle/diag/rdbms/ttprod/ttprod1/trace/ttprod1_ora_91620.trc
SUCCESS: diskgroup DATA was mounted
Archived Log entry 67 added for thread 1 sequence 7969
Completed checkpoint up to RBA
ARC0: Archival started
Current log# 939 seq# 5635 mem# 0
PCB-00312: Keyword WORK required here by ANSI
Archived Log entry 551 added for thread 1 sequence 4007
ORA-16576: failed to update Data Guard configuration file
Thread 1 advanced to log sequence 388
Autotune of undo retention is turned on.
Completed checkpoint up to RBA
Current log# 72 seq# 8278 mem# 0
Beginning log switch checkpoint up to RBA
Redo thread mounted read/write
DRG-13505: Keyword SP2-0552 is not allowed here in parameter_string
Beginning log switch checkpoint up to RBA
LPX-00257: invalid children specification in element declaration
ORA-14513: partitioning column may not be of object datatype
Redo thread mounted read/write
Instance shutdown complete
Current log# 417 seq# 1494 mem# 0
RMAN-06767: Tablespace 5000 will default to database encryption configuration
Errors in file /u01/app/oracle/diag/rdbms/ttprod/ttprod1/trace/ttprod1_ora_41114.trc
SUCCESS: diskgroup DATA was mounted
Starting background process VKTM
Beginning log switch checkpoint up to RBA
Undo initialization finished
Thread 1 advanced to log sequence 207
NZE-28782: data source is not allocated
Beginning log switch checkpoint up to RBA
Undo initialization finished
Completed checkpoint up to RBA
Instance shutdown complete
Completed checkpoint up to RBA
PLS-00600: SAMPLE cannot be applied to a remote object
Errors in file /u01/app/oracle/diag/rdbms/ttprod/ttprod1/trace/ttprod1_ora_85633.trc
Beginning log switch checkpoint up to RBA
Redo thread mounted read/write
LPX-01121: [FODT0003] Invalid timezone value
ARC0: Archival started
Autotune of undo retention is turned on.
Archived Log entry 19 added for thread 1 sequence 1896
Thread 1 advanced to log sequence 93
Autotune of undo retention is turned on.
ORA-41624: invalid duration policy for primitive object in a composite event
Thread 1 advanced to log sequence 730
ARC0: Archival started
Thread 1 advanced to log sequence 233
Thread 1 advanced to log sequence 567
SUCCESS: diskgroup DATA was mounted
ORA-13239: sdo_dimensionality not specified during n-d R-tree creation
Instance shutdown complete
Starting background process VKTM
Completed checkpoint up to RBA
Undo initialization finished
Archived Log entry 5 added for thread 1 sequence 7919
ORA-01476: Divisor is equal to zero
Archived Log entry 929 added for thread 1 sequence 1915
ORA-26835: The source database for XStream outbound server " 1024 " is invalid
Thread 1 advanced to log sequence 11
ARC0: Archival started
Instance shutdown complete
ARC0: Archival started
Undo initialization finished
Redo thread mounted read/write
ORA-14325: only LOCAL indexes may be specified in this clause
SUCCESS: diskgroup DATA was mounted
ORA-48479: No HM runs are created
ARC0: Archival started
Archived Log entry 66 added for thread 1 sequence 3499
Autotune of undo retention is turned on.
ORA-41304: Failed to connect to file driver
Current log# 443 seq# 1392 mem# 0
Redo thread mounted read/write
Current log# 5 seq# 3688 mem# 0
ARC0: Archival started
SUCCESS: diskgroup DATA was mounted
ARC0: Archival started
PRCT-01150: Failed to retrieve cluster name
Archived Log entry 152 added for thread 1 sequence 9792
SUCCESS: diskgroup DATA was mounted
Beginning log switch checkpoint up to RBA
Thread 1 advanced to log sequence 218
ARC0: Archival started
PRKR-01027: failed to retrieve list of cluster databases
Errors in file /u01/app/oracle/diag/rdbms/ttprod/ttprod1/trace/ttprod1_ora_98173.trc
SUCCESS: diskgroup DATA was mounted
Beginning log switch checkpoint up to RBA
ARC0: Archival started
PRCW-01013: Failed to initialize cluster wallet context due to error code {0}
Undo initialization finished
ARC0: Archival started
ORA-06979: X.25 Driver: server cannot start oracle
Starting background process VKTM
Thread 1 advanced to log sequence 194
NNL-00975: Desired data type: SP2-0552
Starting background process VKTM
Archived Log entry 25 added for thread 1 sequence 7164
Completed checkpoint up to RBA
Current log# 611 seq# 4768 mem# 0
Autotune of undo retention is turned on.
NCR-04004: NCRR: Invalid interface instance handle
ARC0: Archival started
Thread 1 advanced to log sequence 136
Starting background process VKTM
Completed checkpoint up to RBA
Redo thread mounted read/write
Beginning log switch checkpoint up to RBA
PLS-00486: select list cannot be enclosed in parentheses
Autotune of undo retention is turned on.
Instance shutdown complete
CRS-04634: Retrying stop resources.
Current log# 725 seq# 2248 mem# 0
ORA-22621: error transfering an object from the agent
Beginning log switch checkpoint up to RBA
Beginning log switch checkpoint up to RBA
Instance shutdown complete
Beginning log switch checkpoint up to RBA
ORA-01505: error in adding log files
Thread 1 advanced to log sequence 959
ORA-55504: Transaction conflicts in NOCASCADE mode
ORA-24778: cannot open connections
Undo initialization finished
Beginning log switch checkpoint up to RBA
Instance shutdown complete
Thread 1 advanced to log sequence 385
Current log# 135 seq# 3011 mem# 0
ORA-14044: only one partition may be moved
ORA-24952: register, unregister or post has incorrect collection count
Redo thread mounted read/write
Instance shutdown complete
Beginning log switch checkpoint up to RBA
Completed checkpoint up to RBA
TNS-12639: Authentication service negotiation failed
Errors in file /u01/app/oracle/diag/rdbms/ttprod/ttprod1/trace/ttprod1_ora_26054.trc
Starting background process VKTM
Beginning log switch checkpoint up to RBA
ARC0: Archival started
Beginning log switch checkpoint up to RBA
Undo initialization finished
ORA-01173: data dictionary indicates missing data file from system tablespace
ORA-28338: Column(s) cannot be both indexed and encrypted with salt
Thread 1 advanced to log sequence 185
Archived Log entry 690 added for thread 1 sequence 8830
TNS-01071: CRM.CALL_DETAIL_RECORDS is set to SP2-0552
SUCCESS: diskgroup DATA was mounted
ORA-02799: Unable to arm signal handler
Instance shutdown complete
Undo initialization finished
PRCD-01244: Failed to start service {0} of RAC One Node database {1} on the given node {2} because the database was running on node {3}
SUCCESS: diskgroup DATA was mounted
Completed checkpoint up to RBA
Beginning log switch checkpoint up to RBA
ARC0: Archival started
ORA-09872: TASDEF_CREATE: create failure in creating ?/dbs/tasdef@.dbf.
Current log# 210 seq# 3524 mem# 0
Instance shutdown complete
Beginning log switch checkpoint up to RBA
PRCI-01132: Failed to get clustername for CRS home {0} and version {1}
Starting background process VKTM
Completed checkpoint up to RBA
ARC0: Archival started
Autotune of undo retention is turned on.
ORA-13864: Statistics aggregation for service (module/action) ttprod2 is already enabled
ARC0: Archival started
Starting background process VKTM
PRVF-04087: Node connectivity check failed
Autotune of undo retention is turned on.
Thread 1 advanced to log sequence 391
SUCCESS: diskgroup DATA was mounted
Redo thread mounted read/write
ORA-06526: Unable to load PL/SQL library
LPX-01039: [XQST0039] Repeated parameter name
Redo thread mounted read/write
DRG-10520: failed to drop index: PK_CUSTOMER_ACCOUNTS
Errors in file /u01/app/oracle/diag/rdbms/ttprod/ttprod1/trace/ttprod1_ora_78863.trc
CRS-01661: The CSS daemon is not responding. Reboot will occur in number milliseconds; Details at NETWORK_OPS.SIM_INVENTORY in NETWORK_OPS.SIM_INVENTORY
Thread 1 advanced to log sequence 581
ARC0: Archival started
Starting background process VKTM
Autotune of undo retention is turned on.
ARC0: Archival started
ORA-19691: ttstandby01 is from different database: id= _SYSSMU12$ , name= PK_CUSTOMER_ACCOUNTS
ARC0: Archival started
Completed checkpoint up to RBA
QSM-01127: query rewritten with materialized view(s), _SYSSMU12$
Errors in file /u01/app/oracle/diag/rdbms/ttprod/ttprod1/trace/ttprod1_ora_14600.trc
Starting background process VKTM
ARC0: Archival started
Beginning log switch checkpoint up to RBA
Completed checkpoint up to RBA
Starting background process VKTM
Beginning log switch checkpoint up to RBA
ORA-12502: TNS:listener received no CONNECT_DATA from client
Beginning log switch checkpoint up to RBA
ORA-24792: cannot mix services in a single global transaction
Current log# 624 seq# 2658 mem# 0
Starting background process VKTM
ORA-15038: disk ' ttprod1 ' mismatch on ' 42 ' with target disk group [ _SYSSMU7$ ] [ 3 ]
Archived Log entry 920 added for thread 1 sequence 8634
Redo thread mounted read/write
ORA-42313: This operation is not supported on Editioning views marked invalid
Beginning log switch checkpoint up to RBA
DRG-51024: out of memory in stemmer
Starting background process VKTM
Completed checkpoint up to RBA
Starting background process VKTM
ARC0: Archival started
ORA-13657: The filter Xpath specification has invalid syntax.
Archived Log entry 529 added for thread 1 sequence 3579
Thread 1 advanced to log sequence 640
INS-35255: Invalid password.
Errors in file /u01/app/oracle/diag/rdbms/ttprod/ttprod1/trace/ttprod1_ora_10073.trc
Redo thread mounted read/write
Autotune of undo retention is turned on.
ORA-09207: sfsrd: error reading from file
Errors in file /u01/app/oracle/diag/rdbms/ttprod/ttprod1/trace/ttprod1_ora_58271.trc
Completed checkpoint up to RBA
SUCCESS: diskgroup DATA was mounted
Completed checkpoint up to RBA
RMAN-05568: SPFILE backup not found for database /u01/app/oracle/oradata/ttprod/users01.dbf in BILLING.CUST_ORDERS
SUCCESS: diskgroup DATA was mounted
Thread 1 advanced to log sequence 220
PLS-00152: POINTER type may only reference an object type.
ORA-01109: database not open
Completed checkpoint up to RBA
ORA-16182: Internal error on internal channel during remote archival
Autotune of undo retention is turned on.
PROC-00047: Cannot proceed while the Oracle Cluster Registry format upgrade is in progress.
Errors in file /u01/app/oracle/diag/rdbms/ttprod/ttprod1/trace/ttprod1_ora_97885.trc
Archived Log entry 822 added for thread 1 sequence 3269
Instance shutdown complete
Completed checkpoint up to RBA
ARC0: Archival started
XOQ-01423: Hierarchy does not match hierarchy map: hierarchy does not contain level "( SYSAUX )".
ARC0: Archival started
SUCCESS: diskgroup DATA was mounted
Beginning log switch checkpoint up to RBA
Thread 1 advanced to log sequence 2
TNS-12541: TNS: no listener
Current log# 304 seq# 5876 mem# 0
Beginning log switch checkpoint up to RBA
Autotune of undo retention is turned on.
Archived Log entry 129 added for thread 1 sequence 5590
SUCCESS: diskgroup DATA was mounted
Starting background process VKTM
PLS-00115: this PRAGMA must follow the declaration of ' 17 '
Errors in file /u01/app/oracle/diag/rdbms/ttprod/ttprod1/trace/ttprod1_ora_73363.trc
Completed checkpoint up to RBA
Instance shutdown complete
PGU-00382: value CDR_STAGING is not a recognizable file name for INVOICE_LINES_IDX
Undo initialization finished
INS-20807: 3 is not valid.
ORA-30117: syntax error at ' APP_USER42 ' at the start of input
Beginning log switch checkpoint up to RBA
Thread 1 advanced to log sequence 548
ARC0: Archival started
NZE-28764: failure to retrieve a configuration parameter
Errors in file /u01/app/oracle/diag/rdbms/ttprod/ttprod1/trace/ttprod1_ora_20953.trc
Completed checkpoint up to RBA
Undo initialization finished
Archived Log entry 865 added for thread 1 sequence 2734
JMS-00121: DestinationProperty must be specified
Thread 1 advanced to log sequence 885
Redo thread mounted read/write
Redo thread mounted read/write
Starting background process VKTM
Redo thread mounted read/write
ORA-29922: Invalid rowid returned by the user-defined query methods
Beginning log switch checkpoint up to RBA
Autotune of undo retention is turned on.
Archived Log entry 740 added for thread 1 sequence 7295
ARC0: Archival started
NNL-00304: Server flushing its cache
ORA-01649: operation not allowed with a backup control file
Completed checkpoint up to RBA
Current log# 113 seq# 8234 mem# 0
PRCA-01019: ASM {0} is not running
ORA-01615: instance 3 (thread PK_CUSTOMER_ACCOUNTS ) is mounted - cannot disable
Archived Log entry 989 added for thread 1 sequence 1058
Thread 1 advanced to log sequence 19
Beginning log switch checkpoint up to RBA
SUCCESS: diskgroup DATA was mounted
DRG-11101: failed to open file ttstandby01
Errors in file /u01/app/oracle/diag/rdbms/ttprod/ttprod1/trace/ttprod1_ora_34129.trc
Archived Log entry 406 added for thread 1 sequence 2940
Archived Log entry 300 added for thread 1 sequence 8092
Current log# 126 seq# 7839 mem# 0
SUCCESS: diskgroup DATA was mounted
Starting background process VKTM
ORA-19611: backup piece out of order. Expected USERS but found APP_USER42
Starting background process VKTM
Starting background process VKTM
Beginning log switch checkpoint up to RBA
Completed checkpoint up to RBA
ARC0: Archival started
ORA-47322: error creating Rule CRM.CALL_DETAIL_RECORDS , /u01/app/oracle/oradata/ttprod/users01.dbf
ARC0: Archival started
Beginning log switch checkpoint up to RBA
ARC0: Archival started
Archived Log entry 497 added for thread 1 sequence 9060
Archived Log entry 581 added for thread 1 sequence 9763
Thread 1 advanced to log sequence 761
LRM-00111: no closing quote for value ' _SYSSMU7$ '
Completed checkpoint up to RBA
Undo initialization finished
Starting background process VKTM
ARC0: Archival started
ORA-07717: sksaalo: error allocating memory
Errors in file /u01/app/oracle/diag/rdbms/ttprod/ttprod1/trace/ttprod1_ora_21513.trc
DRG-13708: Dictionary Loading Failed
Beginning log switch checkpoint up to RBA
Autotune of undo retention is turned on.
Current log# 540 seq# 8727 mem# 0
Archived Log entry 786 added for thread 1 sequence 2508
Autotune of undo retention is turned on.
Completed checkpoint up to RBA
RMAN-20243: database db_unique_name is not known to the recovery catalog
Completed checkpoint up to RBA
RMAN-08006: database registered in recovery catalog
Instance shutdown complete
NZE-29247: an unopen toolkit object was used before it was opened
Beginning log switch checkpoint up to RBA
ARC0: Archival started
Redo thread mounted read/write
SUCCESS: diskgroup DATA was mounted
Thread 1 advanced to log sequence 785
Completed checkpoint up to RBA
ORA-13791: cannot resume a task created to process a single statement
PRCO-00003: OCR operation failed NETWORK_OPS.SIM_INVENTORY
Redo thread mounted read/write
ARC0: Archival started
ARC0: Archival started
Completed checkpoint up to RBA
Archived Log entry 315 added for thread 1 sequence 2407
ORA-19837: invalid blocksize ttprod2 in backup piece header
Undo initialization finished
Beginning log switch checkpoint up to RBA
Current log# 470 seq# 7627 mem# 0
Undo initialization finished
Archived Log entry 571 added for thread 1 sequence 6825
ORA-02459: Hashkey value must be a positive integer
Thread 1 advanced to log sequence 386
Thread 1 advanced to log sequence 968
TNS-01096: DATA_TS01 * APP_USER42 * shared pool * CRM.CALL_DETAIL_RECORDS * USERS * number
Redo thread mounted read/write
Starting background process VKTM
Completed checkpoint up to RBA
ORA-15511: cannot process workload capture because no user sessions were recorded
Redo thread mounted read/write
Beginning log switch checkpoint up to RBA
Current log# 219 seq# 4928 mem# 0
Instance shutdown complete
Instance shutdown complete
ORA-23447: missing user parameter value
Redo thread mounted read/write
Starting background process VKTM
Current log# 544 seq# 8393 mem# 0
Undo initialization finished
Thread 1 advanced to log sequence 450
Completed checkpoint up to RBA
ORA-15125: ASM file name ' session_1123 ' contains an invalid template name
Completed checkpoint up to RBA
Current log# 184 seq# 2710 mem# 0
PRCN-02035: Port {0} is not available on node(s) or virtual host(s): {1}
Current log# 828 seq# 2188 mem# 0
PCB-00903: Pro*COBOL is unable to initialize its parser function
Autotune of undo retention is turned on.
Archived Log entry 207 added for thread 1 sequence 8504
Archived Log entry 385 added for thread 1 sequence 9701
Instance shutdown complete
Archived Log entry 440 added for thread 1 sequence 5173
PRCD-01094: Failed to create start dependency for database {0} on the ASM cluster filesystem where ACFS path {1} resides
ARC0: Archival started
SUCCESS: diskgroup DATA was mounted
Beginning log switch checkpoint up to RBA
Redo thread mounted read/write
ORA-01947: TEMPORARY TABLESPACE already specified
Current log# 704 seq# 4774 mem# 0
Starting background process VKTM
Beginning log switch checkpoint up to RBA
SUCCESS: diskgroup DATA was mounted
SUCCESS: diskgroup DATA was mounted
Beginning log switch checkpoint up to RBA
ORA-22342: dependent VARRAY column exceeds the maximum inline column size
Instance shutdown complete
ORA-14667: Cannot use expressions involving object data types in reference partitioning parent key
SUCCESS: diskgroup DATA was mounted
Redo thread mounted read/write
XOQ-01998: cannot partition a cube by two different dimensions: " TNS_ADMIN " and " CRM.CALL_DETAIL_RECORDS "
ORA-25222: enqueue failed, complete sender info. not provided for a queue supporting non-repudiation
Errors in file /u01/app/oracle/diag/rdbms/ttprod/ttprod1/trace/ttprod1_ora_88873.trc
Autotune of undo retention is turned on.
Thread 1 advanced to log sequence 562
PCB-00305: Oracle extension to the COMMIT and ROLLBACK statements
Completed checkpoint up to RBA
Archived Log entry 714 added for thread 1 sequence 5639
ORA-38795: warning: FLASHBACK succeeded but OPEN RESETLOGS would get error below
Thread 1 advanced to log sequence 168
ORA-19658: cannot inspect 3 - file is from different RESETLOGS
Completed checkpoint up to RBA
Archived Log entry 811 added for thread 1 sequence 9763
PRKO-02017: Service {0} does not exist for database {1}.
CRS-01703: Initialization of the required component GPNP failed because the GPNP server daemon is not up; details at CDR_STAGING in large pool
Redo thread mounted read/write
Completed checkpoint up to RBA
ARC0: Archival started
ORA-25153: Temporary Tablespace is Empty
Starting background process VKTM
Autotune of undo retention is turned on.
Beginning log switch checkpoint up to RBA
Beginning log switch checkpoint up to RBA
ORA-13828: generated SQL profile name 1024 already exists
Archived Log entry 226 added for thread 1 sequence 9648
Starting background process VKTM
Autotune of undo retention is turned on.
Undo initialization finished
Starting background process VKTM
SUCCESS: diskgroup DATA was mounted
ORA-27508: IPC error sending a message
Completed checkpoint up to RBA
Current log# 91 seq# 6622 mem# 0
Beginning log switch checkpoint up to RBA
Undo initialization finished
Current log# 204 seq# 6237 mem# 0
Beginning log switch checkpoint up to RBA
LPX-01111: [FOCH0002] Unsupported collation
Errors in file /u01/app/oracle/diag/rdbms/ttprod/ttprod1/trace/ttprod1_ora_83558.trc
Starting background process VKTM
Autotune of undo retention is turned on.
Beginning log switch checkpoint up to RBA
ORA-38755: Flashback is already turned on for this tablespace.
ARC0: Archival started
Archived Log entry 642 added for thread 1 sequence 9968
Autotune of undo retention is turned on.
Instance shutdown complete
Thread 1 advanced to log sequence 779
RMAN-07222: =======================
Errors in file /u01/app/oracle/diag/rdbms/ttprod/ttprod1/trace/ttprod1_ora_31167.trc
Instance shutdown complete
Autotune of undo retention is turned on.
Thread 1 advanced to log sequence 244
Instance shutdown complete
Undo initialization finished
EXP-00102: Resumable parameters ignored -- current session not resumable
Current log# 520 seq# 3144 mem# 0
Beginning log switch checkpoint up to RBA
Undo initialization finished
Thread 1 advanced to log sequence 652
Instance shutdown complete
DRG-12242: value of SYSAUX is too large for section 17
Redo thread mounted read/write
Beginning log switch checkpoint up to RBA
Archived Log entry 56 added for thread 1 sequence 6012
ORA-56509: DRCP: Pool shutdown failed
Completed checkpoint up to RBA
Thread 1 advanced to log sequence 94
Thread 1 advanced to log sequence 239
SUCCESS: diskgroup DATA was mounted
ORA-39016: Operation not supported when job is in 42 state.
Errors in file /u01/app/oracle/diag/rdbms/ttprod/ttprod1/trace/ttprod1_ora_44635.trc
Current log# 422 seq# 7151 mem# 0
Current log# 59 seq# 6017 mem# 0
Autotune of undo retention is turned on.
Starting background process VKTM
Completed checkpoint up to RBA
OCI-30175: invalid type given for an argument
PGU-41064: PGANODE parameter was previously specified
Errors in file /u01/app/oracle/diag/rdbms/ttprod/ttprod1/trace/ttprod1_ora_75048.trc
Thread 1 advanced to log sequence 124
Redo thread mounted read/write
Undo initialization finished
Starting background process VKTM
ORA-13384: error in network schema: 3
Errors in file /u01/app/oracle/diag/rdbms/ttprod/ttprod1/trace/ttprod1_ora_35419.trc
ORA-28590: agent control utility: illegal or badly formed command
Beginning log switch checkpoint up to RBA
Autotune of undo retention is turned on.
PLS-00561: character set mismatch on value for parameter ' ttstandby01 '
Current log# 887 seq# 1539 mem# 0
ARC0: Archival started
PGU-42013: level 01 or 77 not yet found or begun between columns number and number
Errors in file /u01/app/oracle/diag/rdbms/ttprod/ttprod1/trace/ttprod1_ora_14887.trc
Completed checkpoint up to RBA
ORA-00152: current session does not match requested session
Instance shutdown complete
TNS-00513: Destination host unreachable
ORA-00038: Cannot create session: server group belongs to another user
Errors in file /u01/app/oracle/diag/rdbms/ttprod/ttprod1/trace/ttprod1_ora_69640.trc
Completed checkpoint up to RBA
Thread 1 advanced to log sequence 306
Undo initialization finished
PLS-00177: '$ 1024 ' preprocessor directive does not end properly
Current log# 505 seq# 2243 mem# 0
Thread 1 advanced to log sequence 569
Archived Log entry 672 added for thread 1 sequence 4179
Instance shutdown complete
ARC0: Archival started
Instance shutdown complete
ORA-06570: shared pool object does not exist, cannot be pinned/purged
Current log# 735 seq# 8561 mem# 0
Undo initialization finished
ORA-56713: Insufficient Resource Manager privileges
Thread 1 advanced to log sequence 324
ORA-29867: cannot create a domain index on a LONG column
Starting background process VKTM
Redo thread mounted read/write
ARC0: Archival started
Instance shutdown complete
LPX-01058: [XQST0058] Repeated schema import target namespace
Errors in file /u01/app/oracle/diag/rdbms/ttprod/ttprod1/trace/ttprod1_ora_90265.trc
Redo thread mounted read/write
SUCCESS: diskgroup DATA was mounted
CRS-02581: Value ' UNDOTBS1 ' is not any of the following ' /u01/app/oracle/oradata/ttprod/users01.dbf ', ' NETWORK_OPS.SIM_INVENTORY ', ' _SYSSMU7$ '
DRG-50300: error sending message from server to client
Redo thread mounted read/write
ORA-13368: simple polygon type has more than one exterior ring
Autotune of undo retention is turned on.
Instance shutdown complete
Undo initialization finished
Instance shutdown complete
DRG-10518: an operation is in progress which conflicts with SP2-0552 request
Autotune of undo retention is turned on.
Instance shutdown complete
Instance shutdown complete
Archived Log entry 950 added for thread 1 sequence 8690
Undo initialization finished
ORA-22620: buffer size too small to hold the value
Completed checkpoint up to RBA
SUCCESS: diskgroup DATA was mounted
INS-10103: Response file is not specified for this session.
Beginning log switch checkpoint up to RBA
Instance shutdown complete
ORA-49433: Incident not part of package [ NETWORK_OPS.SIM_INVENTORY ]
Undo initialization finished
SUCCESS: diskgroup DATA was mounted
ARC0: Archival started
Thread 1 advanced to log sequence 184
Thread 1 advanced to log sequence 570
Redo thread mounted read/write
RMAN-06014: command not implemented yet: 42
Errors in file /u01/app/oracle/diag/rdbms/ttprod/ttprod1/trace/ttprod1_ora_45195.trc
ORA-48428: Input command /u01/app/oracle/oradata/ttprod/users01.dbf exceeds max length [ APP_USER42 ]
Starting background process VKTM
Thread 1 advanced to log sequence 118
Current log# 767 seq# 4652 mem# 0
Completed checkpoint up to RBA
Instance shutdown complete
ARC0: Archival started
ORA-39919: Object CRM.CALL_DETAIL_RECORDS . ttprod2 in tablespace DATA_TS01 not contained within transportable set.
ORA-48432: The ADR home path [ BILLING.CUST_ORDERS ] is not valid
Archived Log entry 354 added for thread 1 sequence 2964
ORA-03277: invalid SIZE specified
Current log# 838 seq# 5235 mem# 0
Completed checkpoint up to RBA
Undo initialization finished
PLS-00114: identifier ' PK_CUSTOMER_ACCOUNTS ' too long
Thread 1 advanced to log sequence 487
Archived Log entry 24 added for thread 1 sequence 7119
LPX-00755: missing required argument "~s"
Thread 1 advanced to log sequence 521
Autotune of undo retention is turned on.
Starting background process VKTM
Undo initialization finished
ORA-01372: Insufficient processes for specified LogMiner operation
Autotune of undo retention is turned on.
Beginning log switch checkpoint up to RBA
SUCCESS: diskgroup DATA was mounted
Beginning log switch checkpoint up to RBA
ORA-33920: (MAKEDCL34) The 42 SURROGATE must have one of the following data types: ID, NTEXT, TEXT, NUMBER, DATETIME, TIMESTAMP, or INTEGER.
Starting background process VKTM
Current log# 39 seq# 6960 mem# 0
Starting background process VKTM
Instance shutdown complete
Current log# 826 seq# 3952 mem# 0
ORA-00315: log SP2-0552 of thread CRM.CALL_DETAIL_RECORDS , wrong thread # DATA_TS01 in header
Errors in file /u01/app/oracle/diag/rdbms/ttprod/ttprod1/trace/ttprod1_ora_34952.trc
Redo thread mounted read/write
Autotune of undo retention is turned on.
Undo initialization finished
Current log# 150 seq# 8316 mem# 0
CRS-01605: CSSD voting file is online: CDR_STAGING ; details in DATA_TS01 .
Errors in file /u01/app/oracle/diag/rdbms/ttprod/ttprod1/trace/ttprod1_ora_36042.trc
SUCCESS: diskgroup DATA was mounted
ORA-23615: Block number NETWORK_OPS.SIM_INVENTORY does not exist for script 3
Redo thread mounted read/write
SUCCESS: diskgroup DATA was mounted
Thread 1 advanced to log sequence 235
ARC0: Archival started
Current log# 383 seq# 4010 mem# 0
Starting background process VKTM
OCI-19204: Non-scalar value ' BILLING.CUST_ORDERS ' is marked as XML attribute
SUCCESS: diskgroup DATA was mounted
Instance shutdown complete
Undo initialization finished
CLSR-00001: Oracle error number encountered
Completed checkpoint up to RBA
Redo thread mounted read/write
Autotune of undo retention is turned on.
Redo thread mounted read/write
Undo initialization finished
ORA-32060: channel failure
SUCCESS: diskgroup DATA was mounted
Archived Log entry 318 added for thread 1 sequence 8914
Autotune of undo retention is turned on.
Current log# 946 seq# 6980 mem# 0
ORA-29297: The compressed representation is too big
Thread 1 advanced to log sequence 896
SUCCESS: diskgroup DATA was mounted
SUCCESS: diskgroup DATA was mounted
ARC0: Archival started
ORA-00439: feature not enabled: 42
Instance shutdown complete
ORA-02198: ONLINE/OFFLINE option already specified
ARC0: Archival started
Current log# 302 seq# 6105 mem# 0
Thread 1 advanced to log sequence 183
SUCCESS: diskgroup DATA was mounted
Autotune of undo retention is turned on.
Archived Log entry 298 added for thread 1 sequence 2662
ORA-53432: The DICOM object attribute PK_CUSTOMER_ACCOUNTS has invalid definer name.
Instance shutdown complete
Archived Log entry 407 added for thread 1 sequence 8503
Archived Log entry 274 added for thread 1 sequence 1491
Current log# 805 seq# 7539 mem# 0
QSM-02199: PCT FAST REFRESH is not possible if WHERE clause includes a subquery
Thread 1 advanced to log sequence 949
Current log# 943 seq# 9056 mem# 0
Starting background process VKTM
SUCCESS: diskgroup DATA was mounted
SUCCESS: diskgroup DATA was mounted
ORA-12554: TNS:current operation is still in progress
Errors in file /u01/app/oracle/diag/rdbms/ttprod/ttprod1/trace/ttprod1_ora_98900.trc
ARC0: Archival started
Completed checkpoint up to RBA
Instance shutdown complete
Undo initialization finished
ORA-36397: (XSSPROPNA) The value of property SYSAUX cannot be NA.
Autotune of undo retention is turned on.
Redo thread mounted read/write
ARC0: Archival started
SUCCESS: diskgroup DATA was mounted
NID-00133: Database should have only consistent datafiles
Errors in file /u01/app/oracle/diag/rdbms/ttprod/ttprod1/trace/ttprod1_ora_56795.trc
Completed checkpoint up to RBA
ARC0: Archival started
Completed checkpoint up to RBA
Starting background process VKTM
Redo thread mounted read/write
QSM-02192: commit SCN based MV log is not in consistent state
Instance shutdown complete
ARC0: Archival started
Current log# 807 seq# 9507 mem# 0
SUCCESS: diskgroup DATA was mounted
ORA-16082: logical standby is not initialized correctly
Errors in file /u01/app/oracle/diag/rdbms/ttprod/ttprod1/trace/ttprod1_ora_58461.trc
PRCT-01133: ACFS driver state check with "{0}" option on node {1} failed to display any output
Redo thread mounted read/write
Thread 1 advanced to log sequence 623
QSM-01210: query rewrite not possible because no common table(s) found between materialized view SP2-0552 and query
SUCCESS: diskgroup DATA was mounted
Starting background process VKTM
ORA-14194: only one subpartition may be rebuilt
Thread 1 advanced to log sequence 933
Redo thread mounted read/write
Current log# 225 seq# 1463 mem# 0
CLST-01102: assigning default host name UNDOTBS1 for node INVOICE_LINES_IDX
Errors in file /u01/app/oracle/diag/rdbms/ttprod/ttprod1/trace/ttprod1_ora_47386.trc
Instance shutdown complete
Redo thread mounted read/write
ORA-19613: datafile _SYSSMU7$ not found in backup set
Beginning log switch checkpoint up to RBA
ORA-19005: Duplicate XMLType LOB storage option
Errors in file /u01/app/oracle/diag/rdbms/ttprod/ttprod1/trace/ttprod1_ora_31807.trc
ORA-33883: (MAKEDCL36) You cannot use the UNDOTBS1 attribute when you define an EXTERNAL partition with an existing target.
Completed checkpoint up to RBA
Beginning log switch checkpoint up to RBA
Undo initialization finished
ARC0: Archival started
Thread 1 advanced to log sequence 344
Autotune of undo retention is turned on.
NNO-00802: Error: OCI_NEED_DATA
SUCCESS: diskgroup DATA was mounted
ARC0: Archival started
Autotune of undo retention is turned on.
Completed checkpoint up to RBA
SUCCESS: diskgroup DATA was mounted
Undo initialization finished
PLS-00150: found: 42 but expected : INTEGER
Errors in file /u01/app/oracle/diag/rdbms/ttprod/ttprod1/trace/ttprod1_ora_38881.trc
Instance shutdown complete
Instance shutdown complete
Instance shutdown complete
Instance shutdown complete
Starting background process VKTM
SUCCESS: diskgroup DATA was mounted
NNL-00020: warning: no TNSNAMES.ORA file and no preferred name servers in SQLNET.ORA
Autotune of undo retention is turned on.
Redo thread mounted read/write
DIA-49429: File already exists and OVERWRITE option not specified [ session_1123 ]
Completed checkpoint up to RBA
Redo thread mounted read/write
JMS-00410: XML SQL Exception
Instance shutdown complete
Completed checkpoint up to RBA
SUCCESS: diskgroup DATA was mounted
PGU-30033: write trace failure: rc %4li, message no was CDR_STAGING
ORA-15602: Parameter " SP2-0552 " cannot be NULL.
Errors in file /u01/app/oracle/diag/rdbms/ttprod/ttprod1/trace/ttprod1_ora_68711.trc
Undo initialization finished
Undo initialization finished
SUCCESS: diskgroup DATA was mounted
ORA-01153: an incompatible media recovery is active
Current log# 4 seq# 1651 mem# 0
Instance shutdown complete
ORA-01229: data file DATA_TS01 is inconsistent with logs
Redo thread mounted read/write
Redo thread mounted read/write
Starting background process VKTM
Current log# 183 seq# 6360 mem# 0
Autotune of undo retention is turned on.
Autotune of undo retention is turned on.
ORA-31053: The value of the depth argument in the operator cannot be negative
Undo initialization finished
Undo initialization finished
ORA-12341: maximum number of open mounts exceeded
Current log# 762 seq# 1086 mem# 0
Archived Log entry 273 added for thread 1 sequence 2614
Thread 1 advanced to log sequence 997
PROC-00023: Error in cluster services layer
Errors in file /u01/app/oracle/diag/rdbms/ttprod/ttprod1/trace/ttprod1_ora_55666.trc
Current log# 933 seq# 6316 mem# 0
Instance shutdown complete
Completed checkpoint up to RBA
ORA-01493: invalid SAMPLE size specified
Instance shutdown complete
Completed checkpoint up to RBA
Instance shutdown complete
Beginning log switch checkpoint up to RBA
Archived Log entry 923 added for thread 1 sequence 2704
ARC0: Archival started
ORA-15328: user identification 42 ' TNS_ADMIN ' exceeds limit of UNDOTBS1 characters
SUCCESS: diskgroup DATA was mounted
Completed checkpoint up to RBA
Instance shutdown complete
ORA-25463: table alias not specified
Beginning log switch checkpoint up to RBA
Starting background process VKTM
PRVF-05622: 'search' entry does not exist in file "{0}" on nodes: "{1}"
Beginning log switch checkpoint up to RBA
Instance shutdown complete
Instance shutdown complete
ARC0: Archival started
Autotune of undo retention is turned on.
Beginning log switch checkpoint up to RBA
XOQ-02503: No attribute is specified for the CUSTOMORDER clause.
ORA-28276: Invalid ORACLE password attribute.
Thread 1 advanced to log sequence 645
Completed checkpoint up to RBA
Starting background process VKTM
IMG-00701: unable to set the properties of an empty image
Beginning log switch checkpoint up to RBA
Thread 1 advanced to log sequence 291
Archived Log entry 89 added for thread 1 sequence 1790
Current log# 162 seq# 9045 mem# 0
ORA-22162: element at index [ ttstandby01 ] has been previously deleted
ORA-44328: unsupported version number: _SYSSMU7$
SUCCESS: diskgroup DATA was mounted
Undo initialization finished
ARC0: Archival started
ORA-16700: the standby database has diverged from the primary database
Instance shutdown complete
Completed checkpoint up to RBA
Current log# 718 seq# 3568 mem# 0
Archived Log entry 292 added for thread 1 sequence 1883
PCC-02348: indicators are not allowed in EXEC IAF statements
Instance shutdown complete
Undo initialization finished
Undo initialization finished
LSX-00282: duplicate notation name "~S"
Thread 1 advanced to log sequence 592
LFI-00122: Can only delete a file if we create it.
Current log# 999 seq# 1556 mem# 0
Instance shutdown complete
Archived Log entry 510 added for thread 1 sequence 4920
Beginning log switch checkpoint up to RBA
ORA-48133: file descriptor has already been opened [ large pool ] [ CRM.CALL_DETAIL_RECORDS ]
PRVF-07706: File "{0}" cannot be created
ARC0: Archival started
Beginning log switch checkpoint up to RBA
Beginning log switch checkpoint up to RBA
Archived Log entry 808 added for thread 1 sequence 7490
Current log# 760 seq# 6304 mem# 0
Starting background process VKTM
ORA-19240: XPTY0020 - context item must be node in an axis expression
Beginning log switch checkpoint up to RBA
SUCCESS: diskgroup DATA was mounted
Redo thread mounted read/write
Undo initialization finished
SUCCESS: diskgroup DATA was mounted
QSM-00807: the ANALYSIS_SCOPE parameter value contains an incomplete or invalid combination of options.
Redo thread mounted read/write
Archived Log entry 894 added for thread 1 sequence 5087
ARC0: Archival started
SUCCESS: diskgroup DATA was mounted
ORA-16104: Invalid Logical Standby parameter
Completed checkpoint up to RBA
Archived Log entry 973 added for thread 1 sequence 5569
Archived Log entry 605 added for thread 1 sequence 3810
Thread 1 advanced to log sequence 936
Instance shutdown complete
CLST-01902: configuring node: node number large pool , node name ttprod1
Redo thread mounted read/write
Beginning log switch checkpoint up to RBA
Redo thread mounted read/write
SUCCESS: diskgroup DATA was mounted
ARC0: Archival started
ORA-07506: scgrl: $deq unexpected return on lockid 5000
Starting background process VKTM
Archived Log entry 721 added for thread 1 sequence 6283
Thread 1 advanced to log sequence 889
ORA-47325: Rule session_1123 is used by one or more rule sets.
Beginning log switch checkpoint up to RBA
Autotune of undo retention is turned on.
Current log# 200 seq# 9759 mem# 0
Thread 1 advanced to log sequence 575
Autotune of undo retention is turned on.
Thread 1 advanced to log sequence 9
RMAN-08302: Run RMAN script SYSAUX on target platform to convert datafiles
PGU-30002: >>> Initialization of 1024 File Header <<<
Beginning log switch checkpoint up to RBA
Completed checkpoint up to RBA
Thread 1 advanced to log sequence 920
INS-35021: Backup and recovery location is on a file system that is not shared across the cluster.
Autotune of undo retention is turned on.
Thread 1 advanced to log sequence 708
Current log# 209 seq# 6991 mem# 0
Undo initialization finished
ORA-01937: missing or invalid role name
CRS-10250: Database name is required to access database wallets. Use -name option to supply a database name.
Completed checkpoint up to RBA
Redo thread mounted read/write
Archived Log entry 454 added for thread 1 sequence 7228
OCI-00602: internal programming exception
Beginning log switch checkpoint up to RBA
ARC0: Archival started
Instance shutdown complete
QSM-02052: subquery using a select list in mv
Current log# 676 seq# 3994 mem# 0
Instance shutdown complete
ORA-02368: the following file is not valid for this load operation
Undo initialization finished
PRCT-01014: Internal error: {0}
Beginning log switch checkpoint up to RBA
Completed checkpoint up to RBA
Completed checkpoint up to RBA
Redo thread mounted read/write
Beginning log switch checkpoint up to RBA
Archived Log entry 82 added for thread 1 sequence 9025
ORA-32414: materialized view logs are not compatible with each other for fast refresh
Beginning log switch checkpoint up to RBA
Current log# 432 seq# 8368 mem# 0
Starting background process VKTM
Starting background process VKTM
Beginning log switch checkpoint up to RBA
SUCCESS: diskgroup DATA was mounted
IMP-00070: Lob definitions in dump file are inconsistent with database.
Redo thread mounted read/write
ARC0: Archival started
ORA-16121: applying transaction with commit SCN INVOICE_LINES_IDX
Redo thread mounted read/write
Thread 1 advanced to log sequence 638
Completed checkpoint up to RBA
XOQ-01926: PrecomputePercentTop cannot be used with this cube.
Redo thread mounted read/write
Redo thread mounted read/write
Archived Log entry 681 added for thread 1 sequence 9367
Autotune of undo retention is turned on.
OCI-00972: identifier is too long
ORA-02371: Loader must be at least version large pool . ttprod2 . ttprod2 . 42 . DATA_TS01 for direct path
SUCCESS: diskgroup DATA was mounted
Undo initialization finished
Archived Log entry 546 added for thread 1 sequence 1841
Autotune of undo retention is turned on.
Thread 1 advanced to log sequence 854
PRCR-01006: Failed to add resource {0} for {1}
Errors in file /u01/app/oracle/diag/rdbms/ttprod/ttprod1/trace/ttprod1_ora_11161.trc
Redo thread mounted read/write
Autotune of undo retention is turned on.
SUCCESS: diskgroup DATA was mounted
Archived Log entry 340 added for thread 1 sequence 3667
DIA-48003: out of process memory when trying to allocate 42 bytes ( session_1123 , shared pool )
Current log# 975 seq# 8849 mem# 0
Starting background process VKTM
Autotune of undo retention is turned on.
Archived Log entry 94 added for thread 1 sequence 5000
SUCCESS: diskgroup DATA was mounted
Starting background process VKTM
PRVF-03918: Can not read environment variable "{0}" from node "{1}"
SUCCESS: diskgroup DATA was mounted
Archived Log entry 372 added for thread 1 sequence 5561
CRS-02742: The update of resource ' 5000 ' would lose track of one or more running instances
Beginning log switch checkpoint up to RBA
Thread 1 advanced to log sequence 911
Beginning log switch checkpoint up to RBA
ORA-30071: conversion between datetime/interval and large pool fail
Autotune of undo retention is turned on.
SUCCESS: diskgroup DATA was mounted
Redo thread mounted read/write
Autotune of undo retention is turned on.
Undo initialization finished
SUCCESS: diskgroup DATA was mounted
DRG-13600: Syntax error in the result set descriptor at SP2-0552
ARC0: Archival started
Thread 1 advanced to log sequence 419
Undo initialization finished
INS-40603: Invalid characters in User Name.
Archived Log entry 226 added for thread 1 sequence 2571
ARC0: Archival started
SUCCESS: diskgroup DATA was mounted
Starting background process VKTM
ORA-31051: Requested access privileges not supported
Completed checkpoint up to RBA
Current log# 982 seq# 6581 mem# 0
Autotune of undo retention is turned on.
Instance shutdown complete
PLS-00739: FORALL INSERT/UPDATE/DELETE not supported on remote tables
Errors in file /u01/app/oracle/diag/rdbms/ttprod/ttprod1/trace/ttprod1_ora_61373.trc
Beginning log switch checkpoint up to RBA
Autotune of undo retention is turned on.
SUCCESS: diskgroup DATA was mounted
Current log# 746 seq# 2468 mem# 0
PRKU-01039: Can't deconfigure Oracle Restart before removing or downgrading managed Oracle databases.
Redo thread mounted read/write
Completed checkpoint up to RBA
Beginning log switch checkpoint up to RBA
Instance shutdown complete
ORA-38424: no attribute set currently assigned to the expression set
Autotune of undo retention is turned on.
RMAN-20016: virtual private catalog user cannot modify global scripts
SUCCESS: diskgroup DATA was mounted
Instance shutdown complete
Beginning log switch checkpoint up to RBA
Beginning log switch checkpoint up to RBA
Starting background process VKTM
Instance shutdown complete
ORA-09702: sem_acquire: cannot acquire latch semaphore
Starting background process VKTM
ARC0: Archival started
Completed checkpoint up to RBA
Archived Log entry 788 added for thread 1 sequence 6892
Instance shutdown complete
Thread 1 advanced to log sequence 223
ORA-01215: enabled thread CDR_STAGING is missing after CREATE CONTROLFILE
Thread 1 advanced to log sequence 562
Autotune of undo retention is turned on.
Instance shutdown complete
CRS-02626: Owner of server pool ' ttprod1 ' does not have execute permission to parent server pool ' SP2-0552 '
Thread 1 advanced to log sequence 392
ORA-10702: Application continuity debugging was not enabled.
ORA-38955: Source platform CRM.CALL_DETAIL_RECORDS not cross platform compliant
Beginning log switch checkpoint up to RBA
Archived Log entry 394 added for thread 1 sequence 6177
Redo thread mounted read/write
PGU-42041: missing or invalid USAGE clause for DBCS PIC clause
Errors in file /u01/app/oracle/diag/rdbms/ttprod/ttprod1/trace/ttprod1_ora_68989.trc
SUCCESS: diskgroup DATA was mounted
ORA-39002: invalid operation
SUCCESS: diskgroup DATA was mounted
PLS-00654: PARTITION/ORDER/CLUSTER BY are allowed for only with PARALLEL_ENABLE
Beginning log switch checkpoint up to RBA
Archived Log entry 116 added for thread 1 sequence 6497
ORA-30111: no closing quote for value ' ttstandby01 '
LPX-01010: [XPST0010] Axis '~S' not supported
Autotune of undo retention is turned on.
ORA-22629: OCIAnyData is null
Thread 1 advanced to log sequence 657
Current log# 517 seq# 3048 mem# 0
Undo initialization finished
ORA-25425: connection lost during rollback
ARC0: Archival started
ORA-41625: event structure 5000 does not exist
Current log# 625 seq# 4498 mem# 0
ARC0: Archival started
SUCCESS: diskgroup DATA was mounted
Starting background process VKTM
PLS-00455: cursor ' 42 ' cannot be used in dynamic SQL OPEN statement
Current log# 804 seq# 2588 mem# 0
Starting background process VKTM
ORA-54021: Cannot use PL/SQL expressions in partitioning or subpartitioning columns
Errors in file /u01/app/oracle/diag/rdbms/ttprod/ttprod1/trace/ttprod1_ora_42207.trc
ARC0: Archival started
Current log# 336 seq# 8661 mem# 0
ARC0: Archival started
ORA-47020: Factor ttprod1 already defined
Thread 1 advanced to log sequence 65
Redo thread mounted read/write
SUCCESS: diskgroup DATA was mounted
RDE-00017: provider error.
ARC0: Archival started
Thread 1 advanced to log sequence 323
TNS-12699: Native service internal error
Autotune of undo retention is turned on.
ARC0: Archival started
ARC0: Archival started
Undo initialization finished
Instance shutdown complete
Starting background process VKTM
ORA-31017: Error generating unique OID for XML document
Instance shutdown complete
Current log# 970 seq# 7841 mem# 0
ARC0: Archival started
ORA-55203: Tag data translation level not found
Errors in file /u01/app/oracle/diag/rdbms/ttprod/ttprod1/trace/ttprod1_ora_96412.trc
Completed checkpoint up to RBA
DIA-48476: Cannot write the results out to a file, please check if the environment variable TMPDIR is set or the current directory is not writable
SUCCESS: diskgroup DATA was mounted
SUCCESS: diskgroup DATA was mounted
Instance shutdown complete
Redo thread mounted read/write
SUCCESS: diskgroup DATA was mounted
ARC0: Archival started
ORA-31466: no publications found
Beginning log switch checkpoint up to RBA
Starting background process VKTM
Undo initialization finished
INS-32015: The location specified for 1024 is invalid.
Archived Log entry 335 added for thread 1 sequence 2282
Redo thread mounted read/write
Thread 1 advanced to log sequence 751
ORA-48480: No incidents are created
Redo thread mounted read/write
Instance shutdown complete
ORA-13518: Invalid database id ( large pool )
Errors in file /u01/app/oracle/diag/rdbms/ttprod/ttprod1/trace/ttprod1_ora_33677.trc
Autotune of undo retention is turned on.
RMAN-10026: network error number - number occurred registering connection
ORA-29363: plan directive USERS , APP_USER42 is mandatory and cannot be modified or deleted
SUCCESS: diskgroup DATA was mounted
SUCCESS: diskgroup DATA was mounted
Redo thread mounted read/write
Instance shutdown complete
ORA-15234: target RDBMS compatibility ( PK_CUSTOMER_ACCOUNTS ) exceeds ASM compatibility ( 3 )
Current log# 776 seq# 8814 mem# 0
Thread 1 advanced to log sequence 986
Starting background process VKTM
ORA-39149: cannot link privileged user to non-privileged user
ORA-19204: Non-scalar value ' CRM.CALL_DETAIL_RECORDS ' is marked as XML attribute
Archived Log entry 467 added for thread 1 sequence 1015
Undo initialization finished
Starting background process VKTM
Beginning log switch checkpoint up to RBA
PRCT-01132: ACFS driver state check with "{0}" option on local node failed to display any output
Errors in file /u01/app/oracle/diag/rdbms/ttprod/ttprod1/trace/ttprod1_ora_23089.trc
DIA-48180: OS open system call failure
Redo thread mounted read/write
Completed checkpoint up to RBA
SUCCESS: diskgroup DATA was mounted
Beginning log switch checkpoint up to RBA
Completed checkpoint up to RBA
Starting background process VKTM
DIA-48143: error changing permissions for a file
Thread 1 advanced to log sequence 5
Undo initialization finished
Starting background process VKTM
Thread 1 advanced to log sequence 210
ORA-19757: could not resize change tracking file to ttprod1 blocks
Current log# 497 seq# 7189 mem# 0
Completed checkpoint up to RBA
Current log# 657 seq# 9850 mem# 0
Redo thread mounted read/write
Completed checkpoint up to RBA
NZE-29015: incorrect message length
Instance shutdown complete
SUCCESS: diskgroup DATA was mounted
Starting background process VKTM
Redo thread mounted read/write
SUCCESS: diskgroup DATA was mounted
ORA-12680: Native services disabled but required
Current log# 436 seq# 5014 mem# 0
Starting background process VKTM
Current log# 69 seq# 6818 mem# 0
Starting background process VKTM
Current log# 554 seq# 9127 mem# 0
Undo initialization finished
ORA-30072: invalid time zone value
Redo thread mounted read/write
Current log# 418 seq# 6428 mem# 0
Beginning log switch checkpoint up to RBA
Thread 1 advanced to log sequence 370
ARC0: Archival started
DIA-48173: error checking directory existence during ADR initialization [ ttprod2 ]
Redo thread mounted read/write
DIA-49426: Directory inside ADR not allowed
Archived Log entry 564 added for thread 1 sequence 7740
Autotune of undo retention is turned on.
NNF-04009: Usage: tns2nis <filename>
Errors in file /u01/app/oracle/diag/rdbms/ttprod/ttprod1/trace/ttprod1_ora_91952.trc
PLS-00546: SELF may not be declared as a REF parameter.
Errors in file /u01/app/oracle/diag/rdbms/ttprod/ttprod1/trace/ttprod1_ora_95157.trc
Current log# 698 seq# 5226 mem# 0
Starting background process VKTM
RMAN-06447: changed proxy copy available
Autotune of undo retention is turned on.
Instance shutdown complete
Archived Log entry 368 added for thread 1 sequence 6066
Redo thread mounted read/write
Completed checkpoint up to RBA
ORA-00092: LARGE_POOL_SIZE must be greater than LARGE_POOL_MIN_ALLOC
Undo initialization finished
ARC0: Archival started
ARC0: Archival started
Undo initialization finished
CRS-02603: Server ' 1024 ' cannot be assigned to server pool ' NETWORK_OPS.SIM_INVENTORY ' because it is not a top-level pool
Starting background process VKTM
Completed checkpoint up to RBA
Starting background process VKTM
Beginning log switch checkpoint up to RBA
ORA-15463: volume size of SP2-0552 K is less than the minimum of 17 M
Errors in file /u01/app/oracle/diag/rdbms/ttprod/ttprod1/trace/ttprod1_ora_54397.trc
Instance shutdown complete
Beginning log switch checkpoint up to RBA
ORA-41657: rule class internal objects cannot be dropped
Current log# 302 seq# 3686 mem# 0
Starting background process VKTM
Instance shutdown complete
Starting background process VKTM
ORA-23427: deferred purge queue argument USERS out of range
NNO-00159: warning: ignoring duplicate hint domain number name " BILLING.CUST_ORDERS "
Errors in file /u01/app/oracle/diag/rdbms/ttprod/ttprod1/trace/ttprod1_ora_67446.trc
Completed checkpoint up to RBA
Current log# 930 seq# 9469 mem# 0
Autotune of undo retention is turned on.
SUCCESS: diskgroup DATA was mounted
Beginning log switch checkpoint up to RBA
Starting background process VKTM
PRCD-01196: 'PRECONNECT' TAF policy cannot be used to create service {0} on policy managed database {1}
ARC0: Archival started
Beginning log switch checkpoint up to RBA
RMAN-03042: error while analyzing automatic repair options
Current log# 803 seq# 4702 mem# 0
Completed checkpoint up to RBA
Instance shutdown complete
Undo initialization finished
Autotune of undo retention is turned on.
Completed checkpoint up to RBA
ORA-16569: Data Guard configuration is not enabled
Errors in file /u01/app/oracle/diag/rdbms/ttprod/ttprod1/trace/ttprod1_ora_16355.trc
Undo initialization finished
Current log# 648 seq# 9915 mem# 0
PRCR-01109: Failed to remove attributes "{1}" from resource {0}
Instance shutdown complete
Autotune of undo retention is turned on.
Instance shutdown complete
SUCCESS: diskgroup DATA was mounted
SUCCESS: diskgroup DATA was mounted
TNS-12673: Dedicated server: context not saved
ARC0: Archival started
Thread 1 advanced to log sequence 989
Beginning log switch checkpoint up to RBA
Autotune of undo retention is turned on.
Archived Log entry 162 added for thread 1 sequence 8642
PRKO-02132: Options '-g', '-r' and '-a' cannot be used to add services for RAC One Node database {0}
Instance shutdown complete
Archived Log entry 309 added for thread 1 sequence 4651
Beginning log switch checkpoint up to RBA
Thread 1 advanced to log sequence 776
Completed checkpoint up to RBA
Instance shutdown complete
EXP-00098: Data in table has not been upgraded, table will not be exported
Autotune of undo retention is turned on.
Completed checkpoint up to RBA
Undo initialization finished
Current log# 628 seq# 5866 mem# 0
Instance shutdown complete
OCI-31198: Mismatch in number of bytes transferred due to non-binary mode
Starting background process VKTM
Autotune of undo retention is turned on.
SUCCESS: diskgroup DATA was mounted
Undo initialization finished
Starting background process VKTM
ORA-13271: error allocating memory for geometry object
Archived Log entry 252 added for thread 1 sequence 5407
Autotune of undo retention is turned on.
Redo thread mounted read/write
ORA-19912: cannot recover to target incarnation PK_CUSTOMER_ACCOUNTS
Instance shutdown complete
Autotune of undo retention is turned on.
Starting background process VKTM
Beginning log switch checkpoint up to RBA
ARC0: Archival started
Undo initialization finished
ORA-24390: Unsupported scrollable cursor operation
Thread 1 advanced to log sequence 403
Instance shutdown complete
Instance shutdown complete
Starting background process VKTM
ORA-08232: smsdes: cannot detach from SGA
Completed checkpoint up to RBA
Beginning log switch checkpoint up to RBA
ORA-02299: cannot validate ( ttprod1 . 3 ) - duplicate keys found
Completed checkpoint up to RBA
Instance shutdown complete
Completed checkpoint up to RBA
Current log# 630 seq# 8755 mem# 0
ORA-06505: PL/SQL: variable requires more than 32767 bytes of contiguous memory
Starting background process VKTM
Instance shutdown complete
RMAN-06702: could not initialize for input file: " TNS_ADMIN "
ARC0: Archival started
Thread 1 advanced to log sequence 740
Undo initialization finished
RMAN-06508: MAXSETSIZE 3 KBYTES should be greater than block size 42 bytes
Redo thread mounted read/write
SUCCESS: diskgroup DATA was mounted
Thread 1 advanced to log sequence 872
Undo initialization finished
RMAN-06553: DB_CREATE_FILE_DEST must be set for SET NEWNAME ... TO NEW
Undo initialization finished
Thread 1 advanced to log sequence 128
ARC0: Archival started
Starting background process VKTM
Starting background process VKTM
Archived Log entry 596 added for thread 1 sequence 3125
ORA-55492: error creating VPD policy constraint: 3
Errors in file /u01/app/oracle/diag/rdbms/ttprod/ttprod1/trace/ttprod1_ora_41726.trc
Undo initialization finished
Archived Log entry 510 added for thread 1 sequence 1642
ARC0: Archival started
Completed checkpoint up to RBA
PRVF-04866: Device location check failed for: "{0}"
ORA-14185: incorrect physical attribute specified for this index partition
Errors in file /u01/app/oracle/diag/rdbms/ttprod/ttprod1/trace/ttprod1_ora_71574.trc
SUCCESS: diskgroup DATA was mounted
Autotune of undo retention is turned on.
Completed checkpoint up to RBA
ARC0: Archival started
SUCCESS: diskgroup DATA was mounted
Undo initialization finished
ORA-12551: TNS:missing keyword
SUCCESS: diskgroup DATA was mounted
Thread 1 advanced to log sequence 933
NZE-29123: could not get pkcs11 info from the pkcs12 wallet
Thread 1 advanced to log sequence 158
Thread 1 advanced to log sequence 900
SUCCESS: diskgroup DATA was mounted
Autotune of undo retention is turned on.
Current log# 693 seq# 8811 mem# 0
LPX-00051: NLS initialization failed
Redo thread mounted read/write
Archived Log entry 871 added for thread 1 sequence 2108
Beginning log switch checkpoint up to RBA
Autotune of undo retention is turned on.
ARC0: Archival started
CRS-01236: Error enumerating subkeys for key ' _SYSSMU7$ ' in OCR. Details at USERS in BILLING.CUST_ORDERS .
ARC0: Archival started
Archived Log entry 356 added for thread 1 sequence 1141
PRKH-03204: An improper buffer argument was supplied to Oracle Clusterware
Errors in file /u01/app/oracle/diag/rdbms/ttprod/ttprod1/trace/ttprod1_ora_60310.trc
Autotune of undo retention is turned on.
SUCCESS: diskgroup DATA was mounted
Beginning log switch checkpoint up to RBA
Autotune of undo retention is turned on.
ORA-16568: cannot set property large pool
SUCCESS: diskgroup DATA was mounted
Instance shutdown complete
ORA-07716: sksachk: invalid device specification for ARCHIVE
SUCCESS: diskgroup DATA was mounted
Instance shutdown complete
Redo thread mounted read/write
Undo initialization finished
Undo initialization finished
SUCCESS: diskgroup DATA was mounted
LPX-01146: [XUDY0018] External not updating function returns an updated value
Autotune of undo retention is turned on.
Instance shutdown complete
Redo thread mounted read/write
ORA-07505: scggt: $enq parent lock unexpected return
Current log# 862 seq# 1180 mem# 0
ORA-13802: failed to purge SQL Tuning Base entry from sql$
Starting background process VKTM
ORA-34656: (MXSQL24) Additional WHERE clause conditions with CURRENT OF <cursor name> syntax
Current log# 478 seq# 9966 mem# 0
Instance shutdown complete
ORA-06407: NETCMN: unable to set up break handling environment
Instance shutdown complete
Redo thread mounted read/write
Autotune of undo retention is turned on.
Thread 1 advanced to log sequence 983
Thread 1 advanced to log sequence 159
ORA-23489: duplicate entry " 17 "
Completed checkpoint up to RBA
Redo thread mounted read/write
RDE-00057: unregistration of service instance " session_1123 " failed.
ARC0: Archival started
Archived Log entry 609 added for thread 1 sequence 3312
Archived Log entry 506 added for thread 1 sequence 7079
LPX-00207: expected "[" at the start of conditional section
Errors in file /u01/app/oracle/diag/rdbms/ttprod/ttprod1/trace/ttprod1_ora_76341.trc
SUCCESS: diskgroup DATA was mounted
Instance shutdown complete
Archived Log entry 640 added for thread 1 sequence 6974
ORA-15115: missing or invalid ASM disk size specifier
PRVF-10409: Path "{0}" is not suitable for usage as Single Instance database file
Autotune of undo retention is turned on.
ORA-00094: USERS requires an integer value
Errors in file /u01/app/oracle/diag/rdbms/ttprod/ttprod1/trace/ttprod1_ora_91036.trc
Autotune of undo retention is turned on.
Archived Log entry 343 added for thread 1 sequence 9365
Current log# 407 seq# 4927 mem# 0
Beginning log switch checkpoint up to RBA
DIA-48494: ADR home is not set, the corresponding operation cannot be done
Undo initialization finished
Thread 1 advanced to log sequence 203
Current log# 418 seq# 4349 mem# 0
Completed checkpoint up to RBA
PCB-00103: Unable to open generated outline sql file " BILLING.CUST_ORDERS "
Errors in file /u01/app/oracle/diag/rdbms/ttprod/ttprod1/trace/ttprod1_ora_69809.trc
Instance shutdown complete
Current log# 46 seq# 1057 mem# 0
Autotune of undo retention is turned on.
ORA-41614: missing action preference value
SUCCESS: diskgroup DATA was mounted
Completed checkpoint up to RBA
SUCCESS: diskgroup DATA was mounted
Completed checkpoint up to RBA
Undo initialization finished
Redo thread mounted read/write
ORA-28165: proxy ' NETWORK_OPS.SIM_INVENTORY ' may not specify password-protected role ' PK_CUSTOMER_ACCOUNTS ' for client ' session_1123 '
Redo thread mounted read/write
Current log# 571 seq# 7983 mem# 0
Thread 1 advanced to log sequence 789
Beginning log switch checkpoint up to RBA
Current log# 392 seq# 9730 mem# 0
ORA-01350: must specify a tablespace name
Current log# 702 seq# 2172 mem# 0
Beginning log switch checkpoint up to RBA
Current log# 954 seq# 2897 mem# 0
Autotune of undo retention is turned on.
ARC0: Archival started
Starting background process VKTM
ORA-14028: missing AT or VALUES keyword
Undo initialization finished
Starting background process VKTM
Redo thread mounted read/write
Archived Log entry 501 added for thread 1 sequence 2610
Starting background process VKTM
SUCCESS: diskgroup DATA was mounted
ORA-01565: error in identifying file ' UNDOTBS1 '
Errors in file /u01/app/oracle/diag/rdbms/ttprod/ttprod1/trace/ttprod1_ora_13190.trc
Archived Log entry 133 added for thread 1 sequence 3064
Starting background process VKTM
RMAN-06223: starting up automatic instance USERS
Autotune of undo retention is turned on.
Undo initialization finished
PCB-00210: DISPLAY-1 only allowed with PIC G and PIC N variables " APP_USER42 "
Errors in file /u01/app/oracle/diag/rdbms/ttprod/ttprod1/trace/ttprod1_ora_21092.trc
Completed checkpoint up to RBA
Completed checkpoint up to RBA
ORA-07574: szrfc: $GETUAI failure
Completed checkpoint up to RBA
Beginning log switch checkpoint up to RBA
PGA-21100: RRM initializing for local LU UNDOTBS1
Errors in file /u01/app/oracle/diag/rdbms/ttprod/ttprod1/trace/ttprod1_ora_38284.trc
Beginning log switch checkpoint up to RBA
Completed checkpoint up to RBA
ORA-46061: Session ID not specified
Undo initialization finished
Thread 1 advanced to log sequence 80
XOQ-01943: An AttributeMap refers to a nonexistent attribute.
Redo thread mounted read/write
Starting background process VKTM
Beginning log switch checkpoint up to RBA
Archived Log entry 543 added for thread 1 sequence 8211
Thread 1 advanced to log sequence 252
Redo thread mounted read/write
ORA-39266: Cannot alter unpartitioned table to partitioned.
Errors in file /u01/app/oracle/diag/rdbms/ttprod/ttprod1/trace/ttprod1_ora_27967.trc
ORA-02229: invalid SIZE option value
Autotune of undo retention is turned on.
ARC0: Archival started
PCB-00903: Pro*COBOL is unable to initialize its parser function
Autotune of undo retention is turned on.
Thread 1 advanced to log sequence 875
Current log# 37 seq# 6890 mem# 0
ORA-54547: wrong input for COUNT_SHARED_EDGES
Errors in file /u01/app/oracle/diag/rdbms/ttprod/ttprod1/trace/ttprod1_ora_98208.trc
Thread 1 advanced to log sequence 8
Redo thread mounted read/write
Instance shutdown complete
SUCCESS: diskgroup DATA was mounted
Undo initialization finished
Beginning log switch checkpoint up to RBA
XOQ-02522: The values for attribute " ttstandby01 " in level " /u01/app/oracle/oradata/ttprod/users01.dbf " must be unique.
Instance shutdown complete
ARC0: Archival started
Starting background process VKTM
Current log# 584 seq# 9805 mem# 0
ORA-00700: soft internal error, arguments: [ /u01/app/oracle/oradata/ttprod/users01.dbf ], [ 1024 ], [ large pool ], [ session_1123 ], [ 17 ], [ APP_USER42 ], [ ttstandby01 ], [ ttprod1 ], [ USERS ], [ ttprod1 ], [ ttprod1 ], [ CRM.CALL_DETAIL_RECORDS ]
Thread 1 advanced to log sequence 462
Thread 1 advanced to log sequence 234
Autotune of undo retention is turned on.
NZE-28787: private key encryption failure
Starting background process VKTM
ORA-01696: control file is not a clone control file
Instance shutdown complete
Archived Log entry 731 added for thread 1 sequence 8233
Starting background process VKTM
ARC0: Archival started
DRG-13706: Cannot use Entity Extraction Policy here
Instance shutdown complete
Autotune of undo retention is turned on.
Undo initialization finished
ORA-47302: error creating Role 42 , ttprod2
Thread 1 advanced to log sequence 505
RMAN-05562: SPFILE backup not found for database ttprod1 with DBID number created before 42 in session_1123
Archived Log entry 542 added for thread 1 sequence 5198
CRS-01337: Failed to retrieve the maximum value supported in OLR. Details at APP_USER42 in TNS_ADMIN .
Errors in file /u01/app/oracle/diag/rdbms/ttprod/ttprod1/trace/ttprod1_ora_11901.trc
ORA-25406: could not generate a connect address
Archived Log entry 226 added for thread 1 sequence 3136
ORA-07589: spdde: system ID not set
Instance shutdown complete
Beginning log switch checkpoint up to RBA
Starting background process VKTM
ORA-06722: TLI Driver: connection setup failure
Errors in file /u01/app/oracle/diag/rdbms/ttprod/ttprod1/trace/ttprod1_ora_46139.trc
Completed checkpoint up to RBA
Redo thread mounted read/write
Redo thread mounted read/write
NNL-01041: Data stream open failures: number
Errors in file /u01/app/oracle/diag/rdbms/ttprod/ttprod1/trace/ttprod1_ora_25792.trc
Current log# 792 seq# 5317 mem# 0
Redo thread mounted read/write
SUCCESS: diskgroup DATA was mounted
Redo thread mounted read/write
XOQ-02525: A mismatch exists between the measure data type " PK_CUSTOMER_ACCOUNTS " and cube storage data type " PK_CUSTOMER_ACCOUNTS "
Beginning log switch checkpoint up to RBA
Redo thread mounted read/write
Beginning log switch checkpoint up to RBA
Archived Log entry 221 added for thread 1 sequence 7591
Starting background process VKTM
INS-30512: Automatic Storage Management software is not configured on this cluster.
Autotune of undo retention is turned on.
Instance shutdown complete
Undo initialization finished
Completed checkpoint up to RBA
Archived Log entry 653 added for thread 1 sequence 5299
ORA-27453: BILLING.CUST_ORDERS is an invalid job or program argument name.
Completed checkpoint up to RBA
Redo thread mounted read/write
ORA-16782: instance not open for read and write access
SUCCESS: diskgroup DATA was mounted
Beginning log switch checkpoint up to RBA
Starting background process VKTM
Instance shutdown complete
Thread 1 advanced to log sequence 502
Autotune of undo retention is turned on.
ORA-10906: Unable to extend segment after insert direct load
Undo initialization finished
Beginning log switch checkpoint up to RBA
Redo thread mounted read/write
Starting background process VKTM
Autotune of undo retention is turned on.
ORA-14016: underlying table of a LOCAL partitioned index must be partitioned
Archived Log entry 452 added for thread 1 sequence 5559
DRG-13722: Invalid Backreference
Autotune of undo retention is turned on.
Thread 1 advanced to log sequence 431
Completed checkpoint up to RBA
NID-00338: Control Files in database:
SUCCESS: diskgroup DATA was mounted
Undo initialization finished
Current log# 601 seq# 4313 mem# 0
TNS-00084: * trace_off - ask process name to turn tracing off
Current log# 89 seq# 5205 mem# 0
Starting background process VKTM
SUCCESS: diskgroup DATA was mounted
Autotune of undo retention is turned on.
Autotune of undo retention is turned on.
LPX-00664: VM Node-Stack overflow.
SUCCESS: diskgroup DATA was mounted
ORA-04083: invalid trigger variable ' session_1123 '
Beginning log switch checkpoint up to RBA
Current log# 580 seq# 6152 mem# 0
Redo thread mounted read/write
SUCCESS: diskgroup DATA was mounted
ORA-28293: No matched Kerberos Principal found in any user entry
Redo thread mounted read/write
Archived Log entry 942 added for thread 1 sequence 1737
Redo thread mounted read/write
Thread 1 advanced to log sequence 223
ORA-14619: resulting List subpartition(s) must contain at least 1 value
ARC0: Archival started
Current log# 907 seq# 7421 mem# 0
Undo initialization finished
Instance shutdown complete
SUCCESS: diskgroup DATA was mounted
Autotune of undo retention is turned on.
RDE-06019: generic error
ARC0: Archival started
Completed checkpoint up to RBA
SUCCESS: diskgroup DATA was mounted
Current log# 980 seq# 7331 mem# 0
Current log# 872 seq# 4295 mem# 0
LPX-00803: Too few arguments
Completed checkpoint up to RBA
Redo thread mounted read/write
RMAN-12008: could not locate backup piece large pool
Archived Log entry 466 added for thread 1 sequence 8269
Autotune of undo retention is turned on.
Autotune of undo retention is turned on.
Autotune of undo retention is turned on.
Current log# 284 seq# 5553 mem# 0
Archived Log entry 861 added for thread 1 sequence 4314
RMAN-08156: printing stored script: /u01/app/oracle/oradata/ttprod/users01.dbf
Errors in file /u01/app/oracle/diag/rdbms/ttprod/ttprod1/trace/ttprod1_ora_80932.trc
Thread 1 advanced to log sequence 728
Thread 1 advanced to log sequence 108
Completed checkpoint up to RBA
Autotune of undo retention is turned on.
Completed checkpoint up to RBA
Archived Log entry 229 added for thread 1 sequence 9525
ORA-38460: filtering based on datatype " INVOICE_LINES_IDX " not supported for XML Tags
ARC0: Archival started
Completed checkpoint up to RBA
RMAN-06123: operation not supported without the recovery catalog or mounted control file
Thread 1 advanced to log sequence 712
Autotune of undo retention is turned on.
Archived Log entry 592 added for thread 1 sequence 4454
ORA-19899: missing incarnation information
Beginning log switch checkpoint up to RBA
Redo thread mounted read/write
ORA-27023: skgfqsbi: media manager protocol error
Completed checkpoint up to RBA
Instance shutdown complete
Completed checkpoint up to RBA
Archived Log entry 898 added for thread 1 sequence 7286
Current log# 233 seq# 5586 mem# 0
Starting background process VKTM
LPX-00771: missing lock token in UNLOCK request
Errors in file /u01/app/oracle/diag/rdbms/ttprod/ttprod1/trace/ttprod1_ora_62227.trc
Archived Log entry 932 added for thread 1 sequence 5845
Beginning log switch checkpoint up to RBA
Starting background process VKTM
INS-06006: Passwordless SSH connectivity not set up between the following node(s): PK_CUSTOMER_ACCOUNTS .
Thread 1 advanced to log sequence 311
Instance shutdown complete
Thread 1 advanced to log sequence 729
Instance shutdown complete
Beginning log switch checkpoint up to RBA
Autotune of undo retention is turned on.
NNL-00010: error getting address for server " CRM.CALL_DETAIL_RECORDS "
Undo initialization finished
Starting background process VKTM
Current log# 359 seq# 8907 mem# 0
RMAN-20505: create datafile during recovery
Instance shutdown complete
Starting background process VKTM
Redo thread mounted read/write
Thread 1 advanced to log sequence 317
ARC0: Archival started
Completed checkpoint up to RBA
ORA-15330: ASM user name format requires COMPATIBLE.ASM of 42 or higher
Starting background process VKTM
SUCCESS: diskgroup DATA was mounted
ARC0: Archival started
ARC0: Archival started
Thread 1 advanced to log sequence 291
DRG-13723: Invalid Attribute: shared pool
Thread 1 advanced to log sequence 952
ARC0: Archival started
Undo initialization finished
ARC0: Archival started
Current log# 760 seq# 6387 mem# 0
Current log# 526 seq# 2652 mem# 0
RMAN-05506: error during recursive execution
Completed checkpoint up to RBA
Thread 1 advanced to log sequence 776
ORA-47988: password should contain at least one numeric and one alphabetic character
Errors in file /u01/app/oracle/diag/rdbms/ttprod/ttprod1/trace/ttprod1_ora_71921.trc
Undo initialization finished
Redo thread mounted read/write
Autotune of undo retention is turned on.
Starting background process VKTM
Starting background process VKTM
ARC0: Archival started
CRS-00255: CRSD is not running in privileged mode. Insufficient permissions to run this command.
Beginning log switch checkpoint up to RBA
Autotune of undo retention is turned on.
Thread 1 advanced to log sequence 13
Current log# 745 seq# 2396 mem# 0
Beginning log switch checkpoint up to RBA
Starting background process VKTM
ORA-48165: user missing read, write, or exec permission on specified ADR Base directory [ BILLING.CUST_ORDERS ]
SUCCESS: diskgroup DATA was mounted
Redo thread mounted read/write
Undo initialization finished
ORA-03222: average row size and row count must be greater than zero
Archived Log entry 710 added for thread 1 sequence 5691
CRS-04631: Unable number to undo initialization of voting file.
ORA-02425: create table failed
Errors in file /u01/app/oracle/diag/rdbms/ttprod/ttprod1/trace/ttprod1_ora_35327.trc
Autotune of undo retention is turned on.
Beginning log switch checkpoint up to RBA
Completed checkpoint up to RBA
ARC0: Archival started
Beginning log switch checkpoint up to RBA
Autotune of undo retention is turned on.
ORA-28112: failed to execute policy function
Autotune of undo retention is turned on.
Undo initialization finished
Completed checkpoint up to RBA
ARC0: Archival started
Completed checkpoint up to RBA
Starting background process VKTM
CRS-05015: Agent timed out waiting for a response from the DHCP server
Redo thread mounted read/write
Redo thread mounted read/write
Thread 1 advanced to log sequence 367
PLS-00456: item ' ttstandby01 ' is not a cursor
Thread 1 advanced to log sequence 998
Completed checkpoint up to RBA
Current log# 233 seq# 2551 mem# 0
INS-32062: Unable to create shared pool at the specified location.
Errors in file /u01/app/oracle/diag/rdbms/ttprod/ttprod1/trace/ttprod1_ora_77208.trc
Current log# 660 seq# 8718 mem# 0
Completed checkpoint up to RBA
ORA-00481: LMON process terminated with error
Archived Log entry 312 added for thread 1 sequence 2953
Instance shutdown complete
Archived Log entry 723 added for thread 1 sequence 1485
Archived Log entry 516 added for thread 1 sequence 8155
Current log# 531 seq# 2546 mem# 0
Redo thread mounted read/write
ORA-28372: missing ENCRYPT storage option for encrypted tablespace
Thread 1 advanced to log sequence 214
ARC0: Archival started
Undo initialization finished
Archived Log entry 871 added for thread 1 sequence 5514
SUCCESS: diskgroup DATA was mounted
KUP-04061: directory object ttstandby01 specified for LOBFILE column SYSAUX is not valid
Errors in file /u01/app/oracle/diag/rdbms/ttprod/ttprod1/trace/ttprod1_ora_24849.trc
Thread 1 advanced to log sequence 695
Starting background process VKTM
Archived Log entry 189 added for thread 1 sequence 9499
Thread 1 advanced to log sequence 937
ARC0: Archival started
ORA-27062: could not find pending async I/Os
Redo thread mounted read/write
Starting background process VKTM
Starting background process VKTM
Beginning log switch checkpoint up to RBA
DIA-48446: The command needs path input
Completed checkpoint up to RBA
ORA-26747: The one-to-many transformation function 17 encountered the following error: NETWORK_OPS.SIM_INVENTORY
Beginning log switch checkpoint up to RBA
SUCCESS: diskgroup DATA was mounted
Starting background process VKTM
ORA-47962: Oracle Scheduler Job authorization for Oracle Database Vault to UNDOTBS1 on schema ttprod1 already exists
Thread 1 advanced to log sequence 121
Thread 1 advanced to log sequence 538
ARC0: Archival started
Current log# 791 seq# 8669 mem# 0
DRG-10839: invalid ORDER argument supplied to NEAR
PGU-30605: TIP generation: invalid COBOL syntax in unknown field:
Archived Log entry 642 added for thread 1 sequence 3628
ORA-01625: rollback segment ' SP2-0552 ' does not belong to this instance
Archived Log entry 281 added for thread 1 sequence 2018
Redo thread mounted read/write
ORA-36224: (XSLPDSC05) workspace object is not a loop dimension
Beginning log switch checkpoint up to RBA
Redo thread mounted read/write
SUCCESS: diskgroup DATA was mounted
Completed checkpoint up to RBA
ORA-24001: cannot create QUEUE_TABLE, session_1123 already exists
Redo thread mounted read/write
ORA-15112: no diskgroups currently mounted
DIA-51025: check name should be non NULL value
ARC0: Archival started
Beginning log switch checkpoint up to RBA
Instance shutdown complete
Archived Log entry 562 added for thread 1 sequence 4968
Completed checkpoint up to RBA
ARC0: Archival started
OCI-31116: Tablespace not specified correctly
Thread 1 advanced to log sequence 695
Archived Log entry 918 added for thread 1 sequence 8146
Completed checkpoint up to RBA
Completed checkpoint up to RBA
Undo initialization finished
NCR-00001: NCR: Could not allocate memory
Redo thread mounted read/write
Autotune of undo retention is turned on.
Current log# 236 seq# 6163 mem# 0
Redo thread mounted read/write
Instance shutdown complete
Archived Log entry 304 added for thread 1 sequence 6275
ORA-01084: invalid argument in OCI call
Autotune of undo retention is turned on.
Undo initialization finished
ORA-41631: invalid text node or child element for " 3 " element in properties
Errors in file /u01/app/oracle/diag/rdbms/ttprod/ttprod1/trace/ttprod1_ora_68910.trc
ORA-23493: " UNDOTBS1 " is not a new site for extension request " large pool "
Archived Log entry 119 added for thread 1 sequence 1844
Instance shutdown complete
Instance shutdown complete
Completed checkpoint up to RBA
Thread 1 advanced to log sequence 727
Completed checkpoint up to RBA
ORA-16717: clearing parameter LOG_ARCHIVE_DUPLEX_DEST failed
Completed checkpoint up to RBA
ARC0: Archival started
Completed checkpoint up to RBA
ORA-29292: file rename operation failed
Autotune of undo retention is turned on.
ARC0: Archival started
LFI-00133: Trying to create file UNDOTBS1 that already exists.
ARC0: Archival started
Beginning log switch checkpoint up to RBA
Completed checkpoint up to RBA
Thread 1 advanced to log sequence 532
Archived Log entry 959 added for thread 1 sequence 1080
Redo thread mounted read/write
KUP-04002: error getting file size for file ttstandby01
Errors in file /u01/app/oracle/diag/rdbms/ttprod/ttprod1/trace/ttprod1_ora_75392.trc
Beginning log switch checkpoint up to RBA
Completed checkpoint up to RBA
Beginning log switch checkpoint up to RBA
Starting background process VKTM
ORA-08207: ora_addr: cannot open address file
ORA-54538: unexpected gtype
Autotune of undo retention is turned on.
SUCCESS: diskgroup DATA was mounted
Undo initialization finished
Starting background process VKTM
Completed checkpoint up to RBA
ARC0: Archival started
NNL-01077: Save Config on Stop 42
Archived Log entry 514 added for thread 1 sequence 1211
Archived Log entry 280 added for thread 1 sequence 4746
Archived Log entry 548 added for thread 1 sequence 4972
CRS-01713: CSSD daemon is started in SP2-0552 mode
Current log# 634 seq# 5041 mem# 0
Starting background process VKTM
Current log# 286 seq# 4690 mem# 0
Completed checkpoint up to RBA
PRCH-01054: Failed while checking status of ONS "{0}"
ARC0: Archival started
ORA-24157: duplicate variable name DATA_TS01
Completed checkpoint up to RBA
Redo thread mounted read/write
Thread 1 advanced to log sequence 523
SUCCESS: diskgroup DATA was mounted
Autotune of undo retention is turned on.
Archived Log entry 897 added for thread 1 sequence 7825
ORA-28510: heterogeneous database link initialization failed
Archived Log entry 482 added for thread 1 sequence 4845
TNS-00076: component by specifying the component name in
Archived Log entry 770 added for thread 1 sequence 8462
Starting background process VKTM
ORA-37575: Invalid cube operations log component, " ttstandby01 ".
ARC0: Archival started
Current log# 654 seq# 7490 mem# 0
Autotune of undo retention is turned on.
Instance shutdown complete
Starting background process VKTM
ORA-47987: password is too simple
Starting background process VKTM
Undo initialization finished
RMAN-08126: keep attributes for the proxy copy are changed
ORA-53920: XML error _SYSSMU12$ .
Errors in file /u01/app/oracle/diag/rdbms/ttprod/ttprod1/trace/ttprod1_ora_37318.trc
Starting background process VKTM
Thread 1 advanced to log sequence 377
Starting background process VKTM
Instance shutdown complete
Autotune of undo retention is turned on.
ORA-25528: too many candidate MTTRs are specified in _DB_MTTR_SIM_TARGET
SUCCESS: diskgroup DATA was mounted
Autotune of undo retention is turned on.
Current log# 483 seq# 2023 mem# 0
Thread 1 advanced to log sequence 376
Archived Log entry 145 added for thread 1 sequence 1537
Archived Log entry 638 added for thread 1 sequence 1785
CRS-02584: Value ' ttprod2 ' is not allowed here
SUCCESS: diskgroup DATA was mounted
Undo initialization finished
Completed checkpoint up to RBA
CLSU-00911: Signal ttstandby01 received
Thread 1 advanced to log sequence 365
ORA-13776: User " UNDOTBS1 " has not been granted the "SELECT" privilege on the "SQL tuning set" DBA views.
Archived Log entry 885 added for thread 1 sequence 3960
Completed checkpoint up to RBA
Undo initialization finished
ORA-12154: TNS:could not resolve the connect identifier specified
Errors in file /u01/app/oracle/diag/rdbms/ttprod/ttprod1/trace/ttprod1_ora_33349.trc
TNS-00298: Request to Navigator: CDR_STAGING
Completed checkpoint up to RBA
ORA-25951: join index where clause cannot contain OR condition
Autotune of undo retention is turned on.
Starting background process VKTM
ORA-01048: Couldn't find the specified procedure in the given context
Autotune of undo retention is turned on.
ARC0: Archival started
Undo initialization finished
Beginning log switch checkpoint up to RBA
ARC0: Archival started
RDJ-00006: invalid port number: number
DIA-48117: error encountered when attempting to remove a directory [ session_1123 ]
Archived Log entry 67 added for thread 1 sequence 4819
Completed checkpoint up to RBA
PLS-00994: Cursor Variables cannot be declared as part of a package
Autotune of undo retention is turned on.
Completed checkpoint up to RBA
ORA-01429: Index-Organized Table: no data segment to store overflow row-pieces
SUCCESS: diskgroup DATA was mounted
Autotune of undo retention is turned on.
Beginning log switch checkpoint up to RBA
ORA-06913: CMX: error during redirection of connection
Starting background process VKTM
PRKR-01056: invalid registry entry {0} found; should be of form {1}
Errors in file /u01/app/oracle/diag/rdbms/ttprod/ttprod1/trace/ttprod1_ora_20151.trc
Autotune of undo retention is turned on.
ARC0: Archival started
Autotune of undo retention is turned on.
ARC0: Archival started
ORA-13470: target and source layers or bands mismatched
Errors in file /u01/app/oracle/diag/rdbms/ttprod/ttprod1/trace/ttprod1_ora_46031.trc
ARC0: Archival started
Completed checkpoint up to RBA
Current log# 40 seq# 4868 mem# 0
Redo thread mounted read/write
ORA-28109: the number of related policies has exceeded the limit of 16
Beginning log switch checkpoint up to RBA
SUCCESS: diskgroup DATA was mounted
Thread 1 advanced to log sequence 180
CRS-02787: Server pool ' SYSAUX ' has fallen below its minimum size. Details at INVOICE_LINES_IDX in PK_CUSTOMER_ACCOUNTS .
Beginning log switch checkpoint up to RBA
Archived Log entry 232 added for thread 1 sequence 2439
PGA-20919: receive length number number is number but only number bytes are left in the buffer
Beginning log switch checkpoint up to RBA
Current log# 749 seq# 1738 mem# 0
ARC0: Archival started
SUCCESS: diskgroup DATA was mounted
ARC0: Archival started
ORA-13358: circle type does not contain 3 points
Instance shutdown complete
Starting background process VKTM
Autotune of undo retention is turned on.
SUCCESS: diskgroup DATA was mounted
ARC0: Archival started
Autotune of undo retention is turned on.
PLS-00170: the SQL statement in an OPEN statement or FOR loop must be a SELECT
Errors in file /u01/app/oracle/diag/rdbms/ttprod/ttprod1/trace/ttprod1_ora_93736.trc
Thread 1 advanced to log sequence 83
Beginning log switch checkpoint up to RBA
Current log# 740 seq# 5230 mem# 0
SUCCESS: diskgroup DATA was mounted
Thread 1 advanced to log sequence 128
ORA-16193: Primary and standby network encryption mismatch
PRCN-02037: Failed to retrieve Oracle home for {0}
Starting background process VKTM
Starting background process VKTM
Current log# 113 seq# 6146 mem# 0
Redo thread mounted read/write
CRS-00804: Cluster Ready Service aborted due to Oracle Cluster Registry error [ SP2-0552 ]. Details at SP2-0552 in session_1123 .
Redo thread mounted read/write
Undo initialization finished
Completed checkpoint up to RBA
ORA-08193: Flashback Table operation is not allowed on temporary tables
Redo thread mounted read/write
Thread 1 advanced to log sequence 441
Instance shutdown complete
Redo thread mounted read/write
ORA-00059: maximum number of DB_FILES exceeded
Errors in file /u01/app/oracle/diag/rdbms/ttprod/ttprod1/trace/ttprod1_ora_27272.trc
TNS-12196: TNS:received an error from TNS
Starting background process VKTM
Completed checkpoint up to RBA
Current log# 398 seq# 2938 mem# 0
XOQ-01963: MappedDimension " 1024 " does not match CubeDimensionality " NETWORK_OPS.SIM_INVENTORY " specified for a CubeDimensionalityMap.
Undo initialization finished
Instance shutdown complete
Autotune of undo retention is turned on.
Instance shutdown complete
ORA-26820: large pool capture server for apply " SP2-0552 " and propagation " NETWORK_OPS.SIM_INVENTORY " becomes active and needs join capture process " ttstandby01 ".
Autotune of undo retention is turned on.
TNS-01417: " _SYSSMU7$ " established: 5000 refused: /u01/app/oracle/oradata/ttprod/users01.dbf state: ttprod1
Starting background process VKTM
Instance shutdown complete
Completed checkpoint up to RBA
ORA-22893: constraint can be specified only for REF columns
Current log# 527 seq# 9071 mem# 0
INS-40944: The specified public host large pool did not resolve to an IP address. Provide alternative name that resolves to an IP address.
Thread 1 advanced to log sequence 684
Instance shutdown complete
Instance shutdown complete
Redo thread mounted read/write
Current log# 28 seq# 4324 mem# 0
Undo initialization finished
ORA-08195: Flashback Table operation is not supported on partitions
ARC0: Archival started
Archived Log entry 67 added for thread 1 sequence 5246
ARC0: Archival started
ARC0: Archival started
Autotune of undo retention is turned on.
ORA-25289: Buffer Already Exists
Current log# 711 seq# 2136 mem# 0
Autotune of undo retention is turned on.
Archived Log entry 379 added for thread 1 sequence 6770
Instance shutdown complete
Undo initialization finished
Current log# 820 seq# 8069 mem# 0
PRCA-01048: The user "{0}" could not be found on the cluster
ARC0: Archival started
ORA-53502: Image processing failure.
Redo thread mounted read/write
ORA-19639: file large pool is more current than this incremental backup
Errors in file /u01/app/oracle/diag/rdbms/ttprod/ttprod1/trace/ttprod1_ora_34231.trc
ORA-32803: value for INVOICE_LINES_IDX cannot be altered
Archived Log entry 862 added for thread 1 sequence 1700
Current log# 476 seq# 7062 mem# 0
Beginning log switch checkpoint up to RBA
Instance shutdown complete
QSM-01222: materialized view shared pool is less optimal than _SYSSMU7$
Thread 1 advanced to log sequence 850
Thread 1 advanced to log sequence 651
Archived Log entry 924 added for thread 1 sequence 2663
Archived Log entry 544 added for thread 1 sequence 5588
Undo initialization finished
Starting background process VKTM
INS-35083: The specified domain of the Global database name exceeds 128 characters.
Thread 1 advanced to log sequence 180
Autotune of undo retention is turned on.
Autotune of undo retention is turned on.
PLS-00734: Illegal use of an associational parameter with a formal ellipsis
Errors in file /u01/app/oracle/diag/rdbms/ttprod/ttprod1/trace/ttprod1_ora_84486.trc
Starting background process VKTM
ARC0: Archival started
Thread 1 advanced to log sequence 79
SUCCESS: diskgroup DATA was mounted
XOQ-01703: error during parse of build process script: " SYSAUX ", " /u01/app/oracle/oradata/ttprod/users01.dbf "
SUCCESS: diskgroup DATA was mounted
Redo thread mounted read/write
Completed checkpoint up to RBA
Current log# 621 seq# 2594 mem# 0
PCC-00099: Length cannot be given for types ROWID, DATE, or MLSLABEL
Errors in file /u01/app/oracle/diag/rdbms/ttprod/ttprod1/trace/ttprod1_ora_16768.trc
Current log# 26 seq# 4563 mem# 0
ARC0: Archival started
Redo thread mounted read/write
Redo thread mounted read/write
Starting background process VKTM
Instance shutdown complete
DIA-48938: View select column count differs from select alias list
Errors in file /u01/app/oracle/diag/rdbms/ttprod/ttprod1/trace/ttprod1_ora_99456.trc
ARC0: Archival started
Autotune of undo retention is turned on.
Redo thread mounted read/write
ORA-07821: sspsdn: SYS$DELLNM failure
Beginning log switch checkpoint up to RBA
ORA-24100: error in ktz testing layer
PRCW-01008: Alias {0} in Wallet {1} could not be written due to error code {2}
Redo thread mounted read/write
JMS-00420: Invalid value for cache_size
Undo initialization finished
Undo initialization finished
SUCCESS: diskgroup DATA was mounted
Beginning log switch checkpoint up to RBA
RMAN-06214: TNS_ADMIN ttprod2
Current log# 252 seq# 6750 mem# 0
ORA-22304: input type is not an object type
Thread 1 advanced to log sequence 901
Archived Log entry 228 added for thread 1 sequence 7271
ARC0: Archival started
Starting background process VKTM
Undo initialization finished
ORA-37551: (XSHIERSP05) Leaf value DIMENSION_MEMBER is not on the same level as the rest of leaf dimension values.
Undo initialization finished
Undo initialization finished
Starting background process VKTM
Undo initialization finished
Beginning log switch checkpoint up to RBA
Redo thread mounted read/write
RMAN-06924: BFILE BILLING.CUST_ORDERS . INVOICE_LINES_IDX found in the database
Beginning log switch checkpoint up to RBA
Undo initialization finished
Beginning log switch checkpoint up to RBA
Starting background process VKTM
Archived Log entry 89 added for thread 1 sequence 8142
Undo initialization finished
CRS-00027: An error occurred while attempting to determine the size of file " INVOICE_LINES_IDX " during file open processing. Additional diagnostics: ttprod2
Errors in file /u01/app/oracle/diag/rdbms/ttprod/ttprod1/trace/ttprod1_ora_45433.trc
Completed checkpoint up to RBA
PRKO-02166: GSD does not exist on node(s): {0}
Beginning log switch checkpoint up to RBA
SUCCESS: diskgroup DATA was mounted
ORA-48928: The predicate exceeds the max limit INVOICE_LINES_IDX
Thread 1 advanced to log sequence 285
Completed checkpoint up to RBA
Beginning log switch checkpoint up to RBA
RDE-06012: network timed out
Archived Log entry 82 added for thread 1 sequence 4862
Thread 1 advanced to log sequence 863
Instance shutdown complete
ORA-32852: agent ttprod2 is referenced by a message system link
Beginning log switch checkpoint up to RBA
ARC0: Archival started
Instance shutdown complete
Starting background process VKTM
ORA-01764: new update value of join is not guaranteed to be unique
EXP-00072: error closing export file TNS_ADMIN
Redo thread mounted read/write
SUCCESS: diskgroup DATA was mounted
Current log# 913 seq# 3778 mem# 0
Thread 1 advanced to log sequence 622
Archived Log entry 956 added for thread 1 sequence 9483
Archived Log entry 974 added for thread 1 sequence 4070
CRS-02715: Update to attribute AGENT_FILENAME is not currently supported. Please recreate the resource type with new value.
Autotune of undo retention is turned on.
ARC0: Archival started
Autotune of undo retention is turned on.
SUCCESS: diskgroup DATA was mounted
Thread 1 advanced to log sequence 830
Archived Log entry 972 added for thread 1 sequence 7265
ORA-13275: spatial index creation failure on unsupported type
ORA-28118: policy group already exists
Redo thread mounted read/write
Completed checkpoint up to RBA
Redo thread mounted read/write
SUCCESS: diskgroup DATA was mounted
ORA-28265: NameSpace beginning with 'sys_' is not allowed
Redo thread mounted read/write
Beginning log switch checkpoint up to RBA
Current log# 864 seq# 5208 mem# 0
Autotune of undo retention is turned on.
Instance shutdown complete
ORA-15002: parameter LOCK_NAME_SPACE exceeds limit of _SYSSMU7$ characters
ORA-48447: The input path [ _SYSSMU12$ ] does not contain any ADR homes
Thread 1 advanced to log sequence 702
Undo initialization finished
Current log# 875 seq# 1726 mem# 0
SCLC-01032: Usage: {0} {1} {2}
Archived Log entry 40 added for thread 1 sequence 6656
ORA-31498: description and remove_description cannot both be specified
ARC0: Archival started
Current log# 497 seq# 7810 mem# 0
SUCCESS: diskgroup DATA was mounted
Starting background process VKTM
Undo initialization finished
Redo thread mounted read/write
ORA-29318: datafile PK_CUSTOMER_ACCOUNTS is online
ARC0: Archival started
Autotune of undo retention is turned on.
Redo thread mounted read/write
Completed checkpoint up to RBA
Redo thread mounted read/write
ORA-31467: no column found in the source table
Errors in file /u01/app/oracle/diag/rdbms/ttprod/ttprod1/trace/ttprod1_ora_40001.trc
Autotune of undo retention is turned on.
ARC0: Archival started
Archived Log entry 74 added for thread 1 sequence 4560
Instance shutdown complete
Current log# 370 seq# 6472 mem# 0
Autotune of undo retention is turned on.
RMAN-06957: finished standby search, restored UNDOTBS1 blocks
Redo thread mounted read/write
EXP-00045: Cannot export SYSTEM Tablespace for Point-in-time Recovery or Transportable Tablespace
Beginning log switch checkpoint up to RBA
CLSR-00505: Empty event type is specified
Archived Log entry 263 added for thread 1 sequence 3476
Completed checkpoint up to RBA
Instance shutdown complete
ORA-01354: Supplemental log data must be added to run this command
ARC0: Archival started
Instance shutdown complete
Instance shutdown complete
Instance shutdown complete
ORA-12641: Authentication service failed to initialize
ARC0: Archival started
Thread 1 advanced to log sequence 573
Redo thread mounted read/write
Instance shutdown complete
SUCCESS: diskgroup DATA was mounted
PRCD-01061: No database exists
Instance shutdown complete
Archived Log entry 639 added for thread 1 sequence 6284
Autotune of undo retention is turned on.
SUCCESS: diskgroup DATA was mounted
ORA-29389: too many errors during validation
Starting background process VKTM
Completed checkpoint up to RBA
Redo thread mounted read/write
ORA-31444: parameter error while acquiring lock on UNDOTBS1
Autotune of undo retention is turned on.
ARC0: Archival started
Undo initialization finished
Thread 1 advanced to log sequence 504
IMP-00020: long column too large for column buffer size ( number )
SUCCESS: diskgroup DATA was mounted
Completed checkpoint up to RBA
Completed checkpoint up to RBA
Archived Log entry 641 added for thread 1 sequence 8396
ORA-09908: slkmnm: gethostname returned error code.
Errors in file /u01/app/oracle/diag/rdbms/ttprod/ttprod1/trace/ttprod1_ora_76099.trc
Starting background process VKTM
Undo initialization finished
Thread 1 advanced to log sequence 576
Undo initialization finished
Starting background process VKTM
Autotune of undo retention is turned on.
DRG-11101: failed to open file shared pool
Completed checkpoint up to RBA
TNS-04007: Internal error number .
Errors in file /u01/app/oracle/diag/rdbms/ttprod/ttprod1/trace/ttprod1_ora_98246.trc
Archived Log entry 576 added for thread 1 sequence 3222
Undo initialization finished
Completed checkpoint up to RBA
RMAN-06476: channel number out of range (1-254): number
Redo thread mounted read/write
Current log# 855 seq# 2933 mem# 0
Current log# 326 seq# 3096 mem# 0
Thread 1 advanced to log sequence 330
ORA-27231: unable to close file
IMP-00099: Warning: The typeid in the dump file for object type " large pool "." 42 " is invalid
Thread 1 advanced to log sequence 999
Thread 1 advanced to log sequence 7
Archived Log entry 956 added for thread 1 sequence 9820
Current log# 857 seq# 7212 mem# 0
Redo thread mounted read/write
ORA-26093: input data column size ( number ) exceeds the maximum input size ( number )
Errors in file /u01/app/oracle/diag/rdbms/ttprod/ttprod1/trace/ttprod1_ora_60579.trc
Archived Log entry 185 added for thread 1 sequence 1052
Archived Log entry 131 added for thread 1 sequence 2337
Starting background process VKTM
Starting background process VKTM
Beginning log switch checkpoint up to RBA
Redo thread mounted read/write
ORA-22281: cannot perform operation with an updated locator
Thread 1 advanced to log sequence 172
Thread 1 advanced to log sequence 929
NNF-00001: Not a TNS address
Errors in file /u01/app/oracle/diag/rdbms/ttprod/ttprod1/trace/ttprod1_ora_80518.trc
Current log# 472 seq# 1671 mem# 0
ARC0: Archival started
ARC0: Archival started
Archived Log entry 848 added for thread 1 sequence 3247
RMAN-05000: CONFIGURE AUXNAME required for datafile INVOICE_LINES_IDX
Current log# 788 seq# 6501 mem# 0
SUCCESS: diskgroup DATA was mounted
ARC0: Archival started
Completed checkpoint up to RBA
Redo thread mounted read/write
Autotune of undo retention is turned on.
PGU-41054: invalid version number in VERSION parameter
Starting background process VKTM
Instance shutdown complete
ORA-41021: OCI error during transparent session migration
Current log# 300 seq# 3881 mem# 0
QSM-00760: the import mode SYSAUX is invalid for the current operation
Errors in file /u01/app/oracle/diag/rdbms/ttprod/ttprod1/trace/ttprod1_ora_53550.trc
Undo initialization finished
ARC0: Archival started
ORA-25403: could not reconnect
Undo initialization finished
Starting background process VKTM
Thread 1 advanced to log sequence 189
SUCCESS: diskgroup DATA was mounted
Beginning log switch checkpoint up to RBA
ORA-26730: UNDOTBS1 ' SYSAUX ' already exists
Errors in file /u01/app/oracle/diag/rdbms/ttprod/ttprod1/trace/ttprod1_ora_54407.trc
Archived Log entry 455 added for thread 1 sequence 5857
Redo thread mounted read/write
Archived Log entry 702 added for thread 1 sequence 7674
PGU-41081: transaction definition shared pool version number inserted into PG DD
Archived Log entry 47 added for thread 1 sequence 4710
Redo thread mounted read/write
Autotune of undo retention is turned on.
Archived Log entry 849 added for thread 1 sequence 4906
Autotune of undo retention is turned on.
ORA-28344: fails to decrypt data
Instance shutdown complete
Undo initialization finished
Completed checkpoint up to RBA
Thread 1 advanced to log sequence 692
ARC0: Archival started
Thread 1 advanced to log sequence 728
ORA-23334: column SYSAUX does not exist in table or column group
Errors in file /u01/app/oracle/diag/rdbms/ttprod/ttprod1/trace/ttprod1_ora_44682.trc
ORA-64131: XMLIndex Metadata: failure during the looking up of the dictionary
Errors in file /u01/app/oracle/diag/rdbms/ttprod/ttprod1/trace/ttprod1_ora_40934.trc
Archived Log entry 176 added for thread 1 sequence 4379
TNS-04201: Trace Assistant Usage ERROR: Missing File name
Starting background process VKTM
Autotune of undo retention is turned on.
Autotune of undo retention is turned on.
Current log# 296 seq# 6769 mem# 0
ORA-48445: Path expression only supports one bucket dump type
Errors in file /u01/app/oracle/diag/rdbms/ttprod/ttprod1/trace/ttprod1_ora_24203.trc
ARC0: Archival started
Instance shutdown complete
EVM-00042: Use " session_1123 -A" to format events, or pipe output to evmshow
Redo thread mounted read/write
Instance shutdown complete
Instance shutdown complete
ORA-30649: missing DIRECTORY keyword
Completed checkpoint up to RBA
Instance shutdown complete
PCB-00207: Invalid use of PIC N or PIC G table variable when NLS_LOCAL=YES
Current log# 280 seq# 3911 mem# 0
Thread 1 advanced to log sequence 9
Undo initialization finished
Current log# 261 seq# 5333 mem# 0
Thread 1 advanced to log sequence 565
SUCCESS: diskgroup DATA was mounted
ORA-14188: sub-partitioning columns must form a subset of key columns of a UNIQUE index
Starting background process VKTM
Redo thread mounted read/write
Instance shutdown complete
Redo thread mounted read/write
ORA-16809: multiple warnings detected for the database
Errors in file /u01/app/oracle/diag/rdbms/ttprod/ttprod1/trace/ttprod1_ora_95034.trc
Autotune of undo retention is turned on.
ARC0: Archival started
ARC0: Archival started
Completed checkpoint up to RBA
Instance shutdown complete
ORA-16776: health check of the redo transport service failed
Thread 1 advanced to log sequence 892
Archived Log entry 356 added for thread 1 sequence 4369
Autotune of undo retention is turned on.
ORA-16608: one or more databases have warnings
Instance shutdown complete
Instance shutdown complete
Current log# 982 seq# 5954 mem# 0
IMG-00002: unrecoverable error
Redo thread mounted read/write
Current log# 791 seq# 9122 mem# 0
PRVF-10014: Clusterware home "{0}" is located under Oracle base directory "{1}" on nodes "{2}"
Undo initialization finished
ORA-45905: deleting instantly restored data file NETWORK_OPS.SIM_INVENTORY is not supported
SUCCESS: diskgroup DATA was mounted
Beginning log switch checkpoint up to RBA
SUCCESS: diskgroup DATA was mounted
ORA-13438: GeoRaster metadata pyramid type error
Errors in file /u01/app/oracle/diag/rdbms/ttprod/ttprod1/trace/ttprod1_ora_46891.trc
ORA-02772: Invalid maximum server idle time
Errors in file /u01/app/oracle/diag/rdbms/ttprod/ttprod1/trace/ttprod1_ora_77600.trc
Instance shutdown complete
Autotune of undo retention is turned on.
OCI-04022: nowait requested, but had to wait to lock dictionary object
Current log# 63 seq# 6665 mem# 0
Starting background process VKTM
Instance shutdown complete
Redo thread mounted read/write
Starting background process VKTM
Undo initialization finished
ORA-30691: failed to allocate system resources while registering a TCP/IP connection for data traffic detection
Archived Log entry 843 added for thread 1 sequence 5100
Completed checkpoint up to RBA
Starting background process VKTM
Current log# 417 seq# 2745 mem# 0
Redo thread mounted read/write
Instance shutdown complete
ORA-24482: Pool size was less than 1 in shared mode
Beginning log switch checkpoint up to RBA
Starting background process VKTM
ORA-01535: rollback segment ' ttprod2 ' already exists or given name has prefix _SYSSMU
Errors in file /u01/app/oracle/diag/rdbms/ttprod/ttprod1/trace/ttprod1_ora_36262.trc
PRCD-01052: Failed to remove instance from database {0}
Errors in file /u01/app/oracle/diag/rdbms/ttprod/ttprod1/trace/ttprod1_ora_61600.trc
Autotune of undo retention is turned on.
Current log# 325 seq# 1608 mem# 0
Starting background process VKTM
Beginning log switch checkpoint up to RBA
RMAN-06732: database dropped
Errors in file /u01/app/oracle/diag/rdbms/ttprod/ttprod1/trace/ttprod1_ora_96358.trc
SUCCESS: diskgroup DATA was mounted
Current log# 553 seq# 9354 mem# 0
Completed checkpoint up to RBA
ARC0: Archival started
Thread 1 advanced to log sequence 450
PCC-02356: Warning at line number , column number , file 17 :
Thread 1 advanced to log sequence 775
ORA-22279: cannot perform operation with LOB buffering enabled
Errors in file /u01/app/oracle/diag/rdbms/ttprod/ttprod1/trace/ttprod1_ora_61176.trc
ORA-22633: Error freeing AnyDataSet
Current log# 234 seq# 8496 mem# 0
Archived Log entry 459 added for thread 1 sequence 7283
ORA-10259: get error message text from remote using explicit call
Errors in file /u01/app/oracle/diag/rdbms/ttprod/ttprod1/trace/ttprod1_ora_85879.trc
Starting background process VKTM
Redo thread mounted read/write
NID-00395: Reverting database name from CRM.CALL_DETAIL_RECORDS to PK_CUSTOMER_ACCOUNTS
Completed checkpoint up to RBA
Completed checkpoint up to RBA
Starting background process VKTM
SUCCESS: diskgroup DATA was mounted
Undo initialization finished
Beginning log switch checkpoint up to RBA
ORA-38453: ExpFilter index should be created in the same schema as the base table.
Completed checkpoint up to RBA
ARC0: Archival started
ARC0: Archival started
ORA-01987: client os username is too long
Starting background process VKTM
Instance shutdown complete
Instance shutdown complete
SUCCESS: diskgroup DATA was mounted
Starting background process VKTM
NZE-29135: Seed generation for Random Number Generator failed.
SUCCESS: diskgroup DATA was mounted
Instance shutdown complete
Completed checkpoint up to RBA
Current log# 486 seq# 5229 mem# 0
ORA-19010: Cannot insert XML fragments
ARC0: Archival started
Completed checkpoint up to RBA
Thread 1 advanced to log sequence 970
Current log# 808 seq# 1895 mem# 0
CRS-10041: subnet ' _SYSSMU12$ ' is not configured on the node
Instance shutdown complete
ORA-01040: invalid character in password; logon denied
SUCCESS: diskgroup DATA was mounted
Autotune of undo retention is turned on.
Beginning log switch checkpoint up to RBA
Thread 1 advanced to log sequence 510
LPX-00100: root element "~1S" does not match DTD root "~2S"
Undo initialization finished
ORA-37077: (XSMCSESS05) Object workspace object is specified more than once.
Instance shutdown complete
TNS-04087: Unable to shutdown atleast one of the gateways.
Completed checkpoint up to RBA
Instance shutdown complete
Completed checkpoint up to RBA
Redo thread mounted read/write
Beginning log switch checkpoint up to RBA
ORA-07821: sspsdn: SYS$DELLNM failure
Autotune of undo retention is turned on.
PGU-41084: call definition shared pool version number deleted from PG DD
ARC0: Archival started
Redo thread mounted read/write
SUCCESS: diskgroup DATA was mounted
SUCCESS: diskgroup DATA was mounted
Undo initialization finished
ORA-01567: dropping log CDR_STAGING would leave less than 2 log files for instance ttprod1 (thread BILLING.CUST_ORDERS )
Errors in file /u01/app/oracle/diag/rdbms/ttprod/ttprod1/trace/ttprod1_ora_99343.trc
Thread 1 advanced to log sequence 492
IMG-00806: invalid input image
Starting background process VKTM
ARC0: Archival started
Undo initialization finished
Instance shutdown complete
Archived Log entry 821 added for thread 1 sequence 3050
ORA-29971: Specified table name not found or does not have any registrations
Redo thread mounted read/write
Archived Log entry 786 added for thread 1 sequence 1512
Beginning log switch checkpoint up to RBA
ORA-27192: skgfcls: sbtclose2 returned error - failed to close file
Errors in file /u01/app/oracle/diag/rdbms/ttprod/ttprod1/trace/ttprod1_ora_35555.trc
ARC0: Archival started
OCI-31113: XDB configuration may not be updated with non-schema compliant data
Starting background process VKTM
SUCCESS: diskgroup DATA was mounted
ARC0: Archival started
Instance shutdown complete
Completed checkpoint up to RBA
Archived Log entry 272 added for thread 1 sequence 9921
ORA-25269: cant specify sognature with get signature option
Undo initialization finished
CRS-09037: _SYSSMU12$ Error: Node name not given. -disk, -nic and -proc need node name
Autotune of undo retention is turned on.
Archived Log entry 940 added for thread 1 sequence 3453
ARC0: Archival started
ORA-10459: cannot start media recovery on standby database; conflicting state detected
Completed checkpoint up to RBA
PROT-00033: Oracle High Availability Services on the local node is not running
Autotune of undo retention is turned on.
PGU-42028: invalid USAGE token: UNDOTBS1
Starting background process VKTM
Current log# 897 seq# 2258 mem# 0
Archived Log entry 532 added for thread 1 sequence 1191
Thread 1 advanced to log sequence 977
Current log# 379 seq# 6185 mem# 0
Undo initialization finished
RMAN-08027: channel 42 : copied current control file
SUCCESS: diskgroup DATA was mounted
Instance shutdown complete
Current log# 779 seq# 8830 mem# 0
Archived Log entry 906 added for thread 1 sequence 8622
ORA-48132: requested file lock is busy, [ SP2-0552 ] [ _SYSSMU12$ ]
Redo thread mounted read/write
ARC0: Archival started
Autotune of undo retention is turned on.
Archived Log entry 260 added for thread 1 sequence 5315
Redo thread mounted read/write
ORA-36920: (XSVPMVTOPART01) workspace object cannot become anonymous because it has properties.
Autotune of undo retention is turned on.
Archived Log entry 477 added for thread 1 sequence 9251
ORA-32019: The parameter SPFILE cannot be updated in the server parameter file.
PRCI-01115: argument passed is null
Current log# 748 seq# 5190 mem# 0
Starting background process VKTM
Thread 1 advanced to log sequence 59
Beginning log switch checkpoint up to RBA
ORA-19884: datafile 42 is unable to use Unused Block Optimization because tablespace has been dropped
Errors in file /u01/app/oracle/diag/rdbms/ttprod/ttprod1/trace/ttprod1_ora_36659.trc
Redo thread mounted read/write
Instance shutdown complete
Starting background process VKTM
Current log# 408 seq# 6206 mem# 0
Archived Log entry 340 added for thread 1 sequence 6339
Current log# 143 seq# 3145 mem# 0
DIA-48433: Unknown help topic
Errors in file /u01/app/oracle/diag/rdbms/ttprod/ttprod1/trace/ttprod1_ora_69291.trc
Beginning log switch checkpoint up to RBA
Autotune of undo retention is turned on.
Instance shutdown complete
Completed checkpoint up to RBA
ORA-03137: TTC protocol internal error : [ PK_CUSTOMER_ACCOUNTS ] [ DATA_TS01 ] [ SYSAUX ] [ CRM.CALL_DETAIL_RECORDS ] [ 42 ] [ INVOICE_LINES_IDX ] [ CRM.CALL_DETAIL_RECORDS ] [ SP2-0552 ]
Beginning log switch checkpoint up to RBA
Starting background process VKTM
Thread 1 advanced to log sequence 473
PGA-22006: Parameter PK_CUSTOMER_ACCOUNTS is not specified.
Instance shutdown complete
Completed checkpoint up to RBA
Archived Log entry 417 added for thread 1 sequence 9951
Instance shutdown complete
ORA-09915: Password encryption failed.
Starting background process VKTM
SUCCESS: diskgroup DATA was mounted
Thread 1 advanced to log sequence 890
Starting background process VKTM
ORA-09826: SCLIN: cannot initialize atomic latch.
Beginning log switch checkpoint up to RBA
Completed checkpoint up to RBA
Starting background process VKTM
Starting background process VKTM
Autotune of undo retention is turned on.
LPX-00115: element "~1S" is missing required attribute "~2S"
Undo initialization finished
SUCCESS: diskgroup DATA was mounted
SUCCESS: diskgroup DATA was mounted
Undo initialization finished
ORA-02307: cannot alter with REPLACE option a type that is not valid
Errors in file /u01/app/oracle/diag/rdbms/ttprod/ttprod1/trace/ttprod1_ora_23575.trc
Completed checkpoint up to RBA
Starting background process VKTM
Current log# 480 seq# 6566 mem# 0
ORA-13204: failed to create spatial index table
Thread 1 advanced to log sequence 17
Archived Log entry 404 added for thread 1 sequence 8612
INS-13011: No automatic prerequisite fix up routine available.
Undo initialization finished
Archived Log entry 248 added for thread 1 sequence 7252
QSM-01076: no materialized join view was found
Thread 1 advanced to log sequence 648
Beginning log switch checkpoint up to RBA
Beginning log switch checkpoint up to RBA
Instance shutdown complete
Beginning log switch checkpoint up to RBA
Archived Log entry 981 added for thread 1 sequence 3607
TNS-12618: TNS:versions are incompatible
Errors in file /u01/app/oracle/diag/rdbms/ttprod/ttprod1/trace/ttprod1_ora_54336.trc
Starting background process VKTM
Completed checkpoint up to RBA
Archived Log entry 831 added for thread 1 sequence 7693
ORA-44740: Parameter NETWORK_OPS.SIM_INVENTORY is already registered.
Undo initialization finished
ARC0: Archival started
Archived Log entry 988 added for thread 1 sequence 8684
Instance shutdown complete
Undo initialization finished
ORA-29873: warning in the execution of ODCIINDEXDROP routine
ARC0: Archival started
Autotune of undo retention is turned on.
SUCCESS: diskgroup DATA was mounted
Current log# 68 seq# 4463 mem# 0
SUCCESS: diskgroup DATA was mounted
Completed checkpoint up to RBA
ORA-23537: function or procedure INVOICE_LINES_IDX is not allowed to be invoked from this site.
Starting background process VKTM
Starting background process VKTM
Completed checkpoint up to RBA
Instance shutdown complete
Beginning log switch checkpoint up to RBA
Redo thread mounted read/write
ORA-33308: (DBVALID04) SEVERE ERROR: Record number used but not allocated
SUCCESS: diskgroup DATA was mounted
Redo thread mounted read/write
Starting background process VKTM
Autotune of undo retention is turned on.
Autotune of undo retention is turned on.
QSM-01013: nested aggregates or CONNECT BY/START WITH clause present
Errors in file /u01/app/oracle/diag/rdbms/ttprod/ttprod1/trace/ttprod1_ora_79289.trc
Current log# 516 seq# 2635 mem# 0
Thread 1 advanced to log sequence 34
Archived Log entry 329 added for thread 1 sequence 5503
Autotune of undo retention is turned on.
Archived Log entry 78 added for thread 1 sequence 9564
Redo thread mounted read/write
ORA-48301: An Invalid Incident ID was specified
Thread 1 advanced to log sequence 339
Autotune of undo retention is turned on.
PLS-00491: numeric literal required
Errors in file /u01/app/oracle/diag/rdbms/ttprod/ttprod1/trace/ttprod1_ora_82473.trc
Archived Log entry 313 added for thread 1 sequence 1632
Instance shutdown complete
Starting background process VKTM
PGA-21021: error creating name object for init file
Autotune of undo retention is turned on.
ORA-32100: operation invalid on transient object
ORA-07339: spcre: maximum number of semaphore sets exceeded.
Autotune of undo retention is turned on.
Thread 1 advanced to log sequence 543
Current log# 310 seq# 5254 mem# 0
ORA-40115: weights table schema is incorrect
Beginning log switch checkpoint up to RBA
ORA-06401: NETCMN: invalid driver designator
Instance shutdown complete
ORA-33030: (XSAGDNGL14) In AGGMAP workspace object , you can have either a single independent PROTECT statement or PROTECT statements in your RELATION statements.
Errors in file /u01/app/oracle/diag/rdbms/ttprod/ttprod1/trace/ttprod1_ora_55914.trc
Instance shutdown complete
Beginning log switch checkpoint up to RBA
Autotune of undo retention is turned on.
Instance shutdown complete
Starting background process VKTM
SUCCESS: diskgroup DATA was mounted
PRCD-01201: Downgrade from current version {0} to version {1} is not supported for database {2}
Redo thread mounted read/write
Instance shutdown complete
Current log# 34 seq# 5406 mem# 0
Thread 1 advanced to log sequence 163
NNL-00201: Shutdown occurs in PK_CUSTOMER_ACCOUNTS
Errors in file /u01/app/oracle/diag/rdbms/ttprod/ttprod1/trace/ttprod1_ora_56684.trc
Redo thread mounted read/write
ARC0: Archival started
Current log# 562 seq# 3334 mem# 0
ORA-38131: specified SQL handle 3 does not exist
Redo thread mounted read/write
Autotune of undo retention is turned on.
Beginning log switch checkpoint up to RBA
Archived Log entry 393 added for thread 1 sequence 3595
ORA-33268: (DBERRTHW) Analytic workspace session_1123 cannot be attached with the THAW option because it was frozen with the NOTHAW option
Current log# 539 seq# 5278 mem# 0
Starting background process VKTM
Autotune of undo retention is turned on.
SUCCESS: diskgroup DATA was mounted
Current log# 292 seq# 6398 mem# 0
Thread 1 advanced to log sequence 986
ORA-01102: cannot mount database in EXCLUSIVE mode
Autotune of undo retention is turned on.
Undo initialization finished
Redo thread mounted read/write
Redo thread mounted read/write
Beginning log switch checkpoint up to RBA
ORA-19686: SPFILE not restored due to INVOICE_LINES_IDX
Instance shutdown complete
Completed checkpoint up to RBA
Archived Log entry 539 added for thread 1 sequence 3852
Redo thread mounted read/write
DIA-48615: Parameter [ NETWORK_OPS.SIM_INVENTORY ] value not specified
ARC0: Archival started
Instance shutdown complete
ARC0: Archival started
Autotune of undo retention is turned on.
RMAN-08619: foreign archived log file name= USERS RECID= SP2-0552 STAMP= TNS_ADMIN
ORA-24353: user buffer too small to accommodate COBOL display type
Completed checkpoint up to RBA
Beginning log switch checkpoint up to RBA
Beginning log switch checkpoint up to RBA
Autotune of undo retention is turned on.
NNL-00349: Configuration will be saved in 5000
Instance shutdown complete
ORA-00398: abort thread recovery due to reconfiguration
Errors in file /u01/app/oracle/diag/rdbms/ttprod/ttprod1/trace/ttprod1_ora_10328.trc
ARC0: Archival started
Instance shutdown complete
Instance shutdown complete
Archived Log entry 491 added for thread 1 sequence 9311
Current log# 416 seq# 8295 mem# 0
KUP-04029: numeric field overflowed
ARC0: Archival started
Starting background process VKTM
Instance shutdown complete
Autotune of undo retention is turned on.
Current log# 103 seq# 2549 mem# 0
PRVF-10002: Node "{0}" is not yet deleted from the Oracle inventory node list
Errors in file /u01/app/oracle/diag/rdbms/ttprod/ttprod1/trace/ttprod1_ora_80787.trc
Current log# 694 seq# 8946 mem# 0
Starting background process VKTM
Redo thread mounted read/write
Starting background process VKTM
Autotune of undo retention is turned on.
Archived Log entry 94 added for thread 1 sequence 4301
RMAN-08517: backup piece handle= 42 RECID= SYSAUX STAMP= 5000
Beginning log switch checkpoint up to RBA
ARC0: Archival started
Completed checkpoint up to RBA
ORA-12672: Database logon failure
Errors in file /u01/app/oracle/diag/rdbms/ttprod/ttprod1/trace/ttprod1_ora_60450.trc
ORA-13330: invalid MASK
Errors in file /u01/app/oracle/diag/rdbms/ttprod/ttprod1/trace/ttprod1_ora_97286.trc
Thread 1 advanced to log sequence 218
Autotune of undo retention is turned on.
Current log# 858 seq# 3719 mem# 0
Instance shutdown complete
Starting background process VKTM
ORA-01019: unable to allocate memory in the user side
Completed checkpoint up to RBA
Starting background process VKTM
Undo initialization finished
Undo initialization finished
Completed checkpoint up to RBA
Current log# 647 seq# 5815 mem# 0
INS-35014: Outgoing mail (SMTP) server is invalid.
ARC0: Archival started
XOQ-01987: A subset of the following HierarchyLevels is ordered inconsistently in PrimaryDimension " SYSAUX ": " CRM.CALL_DETAIL_RECORDS ".
Starting background process VKTM
Undo initialization finished
SQL-02126: Count of array elements cannot be negative (i.e. < 0)
ARC0: Archival started
Current log# 209 seq# 2394 mem# 0
Beginning log switch checkpoint up to RBA
SUCCESS: diskgroup DATA was mounted
Autotune of undo retention is turned on.
Undo initialization finished
ORA-16165: LGWR failed to hear from network server
Completed checkpoint up to RBA
Undo initialization finished
Beginning log switch checkpoint up to RBA
ORA-13548: Unable to find valid snapshot IDs for the inputted baseline time range
Archived Log entry 578 added for thread 1 sequence 3914
PLS-00369: no choices may appear with choice OTHERS in an exception handler
Redo thread mounted read/write
Archived Log entry 728 added for thread 1 sequence 1790
Beginning log switch checkpoint up to RBA
ARC0: Archival started
Starting background process VKTM
ORA-10262: Don't check for memory leaks
Errors in file /u01/app/oracle/diag/rdbms/ttprod/ttprod1/trace/ttprod1_ora_32217.trc
Archived Log entry 699 added for thread 1 sequence 2094
SUCCESS: diskgroup DATA was mounted
Redo thread mounted read/write
SUCCESS: diskgroup DATA was mounted
Instance shutdown complete
Instance shutdown complete
ORA-19728: data object number conflict between table 42 and partition UNDOTBS1 in table UNDOTBS1
Beginning log switch checkpoint up to RBA
RMAN-06774: must specify a TNS service name for source recovery catalog database
Starting background process VKTM
ORA-10878: parallel recovery slave died unexpectedly
SUCCESS: diskgroup DATA was mounted
Starting background process VKTM
Starting background process VKTM
Completed checkpoint up to RBA
EXP-00100: error converting an object type's hashcode to characters
Errors in file /u01/app/oracle/diag/rdbms/ttprod/ttprod1/trace/ttprod1_ora_89515.trc
Completed checkpoint up to RBA
Archived Log entry 792 added for thread 1 sequence 2765
Beginning log switch checkpoint up to RBA
ARC0: Archival started
ORA-40321: invalid bin number, is zero or negative value
Errors in file /u01/app/oracle/diag/rdbms/ttprod/ttprod1/trace/ttprod1_ora_14939.trc
Starting background process VKTM
SUCCESS: diskgroup DATA was mounted
Starting background process VKTM
Instance shutdown complete
Completed checkpoint up to RBA
PLS-00310: with %ROWTYPE attribute, ' NETWORK_OPS.SIM_INVENTORY ' must name a table, cursor or cursor-variable
ARC0: Archival started
Thread 1 advanced to log sequence 860
Undo initialization finished
Current log# 592 seq# 7813 mem# 0
OCI-22065: number to text translation for the given format causes overflow
Errors in file /u01/app/oracle/diag/rdbms/ttprod/ttprod1/trace/ttprod1_ora_72876.trc
SUCCESS: diskgroup DATA was mounted
Redo thread mounted read/write
Completed checkpoint up to RBA
CLST-02204: Node number _SYSSMU12$ is already assigned to node USERS .
Starting background process VKTM
Beginning log switch checkpoint up to RBA
Instance shutdown complete
Archived Log entry 288 added for thread 1 sequence 7199
Completed checkpoint up to RBA
Autotune of undo retention is turned on.
TNS-00552: no valid cipher suites were specified
Errors in file /u01/app/oracle/diag/rdbms/ttprod/ttprod1/trace/ttprod1_ora_65763.trc
Archived Log entry 58 added for thread 1 sequence 7057
Archived Log entry 929 added for thread 1 sequence 5280
ORA-32153: Environment not specified
Redo thread mounted read/write
Beginning log switch checkpoint up to RBA
SUCCESS: diskgroup DATA was mounted
Completed checkpoint up to RBA
ORA-30347: a table name is required to qualify the column specification
Starting background process VKTM
Instance shutdown complete
SUCCESS: diskgroup DATA was mounted
DGM-16916: Missing site name, try "help"
ORA-19048: Cannot specify VARRAY storage in tableProps
Starting background process VKTM
Instance shutdown complete
Redo thread mounted read/write
ORA-37161: invalid privilege specified for OLAP object
Undo initialization finished
Starting background process VKTM
DIA-51007: parameter [ shared pool ] not registered with this check
SUCCESS: diskgroup DATA was mounted
ORA-25203: invalid value 1024 , DELAY should be non-negative
SUCCESS: diskgroup DATA was mounted
Undo initialization finished
ORA-01522: file ' INVOICE_LINES_IDX ' to be renamed does not exist
SUCCESS: diskgroup DATA was mounted
Starting background process VKTM
Starting background process VKTM
PRVF-04556: Failed to check existence of node application "{0}" on node "{1}"
Errors in file /u01/app/oracle/diag/rdbms/ttprod/ttprod1/trace/ttprod1_ora_79029.trc
ORA-38859: instance USERS (thread shared pool ) is not ready to be disabled
Starting background process VKTM
PLS-00992: Cursor Variables cannot be FETCH'ed from
Instance shutdown complete
Autotune of undo retention is turned on.
ARC0: Archival started
Current log# 135 seq# 3455 mem# 0
Instance shutdown complete
ORA-25242: cannot change subscriber name from 1024 to 1024 without FIRST_MESSAGE option
Archived Log entry 931 added for thread 1 sequence 1429
Current log# 217 seq# 2528 mem# 0
Instance shutdown complete
Undo initialization finished
Current log# 512 seq# 1924 mem# 0
Instance shutdown complete
ORA-12402: invalid format USERS: NETWORK_OPS.SIM_INVENTORY
Undo initialization finished
Starting background process VKTM
ORA-39265: Cannot alter object_type of object table: session_1123
Archived Log entry 740 added for thread 1 sequence 8684
Thread 1 advanced to log sequence 187
Thread 1 advanced to log sequence 777
Completed checkpoint up to RBA
ORA-36402: (XSSPROP03) The property '$ NETWORK_OPS.SIM_INVENTORY ' requires a leading "$" because it is a system-reserved property name.
Errors in file /u01/app/oracle/diag/rdbms/ttprod/ttprod1/trace/ttprod1_ora_34301.trc
Redo thread mounted read/write
ORA-14507: partition corrupt. all rows do not fall within partition bounds
Undo initialization finished
ORA-16832: user-configurable fast-start failover initiated: shutting down
Instance shutdown complete
Completed checkpoint up to RBA
Starting background process VKTM
RMAN-08036: channel DATA_TS01 : could not create control file record for 17 3
ARC0: Archival started
Redo thread mounted read/write
Current log# 765 seq# 1964 mem# 0
Thread 1 advanced to log sequence 66
ARC0: Archival started
ORA-19837: invalid blocksize BILLING.CUST_ORDERS in backup piece header
Beginning log switch checkpoint up to RBA
Redo thread mounted read/write
ORA-00346: log member marked as STALE and closed
Current log# 422 seq# 5170 mem# 0
ORA-13901: Object large pool was not found.
ORA-30009: Not enough memory for 17 operation
Errors in file /u01/app/oracle/diag/rdbms/ttprod/ttprod1/trace/ttprod1_ora_68125.trc
Redo thread mounted read/write
Autotune of undo retention is turned on.
Completed checkpoint up to RBA
ORA-42035: cannot online redefine IOT table " SP2-0552 "." /u01/app/oracle/oradata/ttprod/users01.dbf " with CONS_USE_ROWID
Redo thread mounted read/write
Current log# 332 seq# 7079 mem# 0
ARC0: Archival started
Instance shutdown complete
INS-07005: The given beans cannot be written because there is no bean store assigned to the bean store writer.
ARC0: Archival started
Starting background process VKTM
Current log# 755 seq# 3852 mem# 0
ORA-32313: REFRESH FAST of " DATA_TS01 "." ttstandby01 " unsupported after PMOPs
Beginning log switch checkpoint up to RBA
Redo thread mounted read/write
ORA-28152: proxy user ' INVOICE_LINES_IDX ' may not specify initial role ' /u01/app/oracle/oradata/ttprod/users01.dbf ' on behalf of client ' CDR_STAGING '
Current log# 322 seq# 5093 mem# 0
Starting background process VKTM
Thread 1 advanced to log sequence 370
Redo thread mounted read/write
Archived Log entry 224 added for thread 1 sequence 5514
Archived Log entry 713 added for thread 1 sequence 9010
ORA-54024: expression column is not supported for an organization cube table
Current log# 564 seq# 4369 mem# 0
Archived Log entry 21 added for thread 1 sequence 1388
Current log# 770 seq# 1216 mem# 0
ORA-16286: operation not permitted due to lack of synchronized destination
Redo thread mounted read/write
Current log# 589 seq# 7307 mem# 0
Current log# 717 seq# 2773 mem# 0
Undo initialization finished
Current log# 775 seq# 7066 mem# 0
Undo initialization finished
ORA-12438: repeated policy option: 42
Completed checkpoint up to RBA
Instance shutdown complete
Starting background process VKTM
Current log# 442 seq# 2552 mem# 0
Archived Log entry 130 added for thread 1 sequence 7891
ARC0: Archival started
ORA-29534: referenced object 42 . USERS could not be resolved
PGA-21025: error closing init file session_1123
Completed checkpoint up to RBA
ARC0: Archival started
Instance shutdown complete
Autotune of undo retention is turned on.
Autotune of undo retention is turned on.
Archived Log entry 312 added for thread 1 sequence 3149
ORA-47343: error deleting Rule Set _SYSSMU7$ , TNS_ADMIN
Completed checkpoint up to RBA
ORA-48158: invalid input for ADR base directory
Redo thread mounted read/write
Thread 1 advanced to log sequence 834
Redo thread mounted read/write
Autotune of undo retention is turned on.
Thread 1 advanced to log sequence 318
ORA-06960: Failed to access log file
Errors in file /u01/app/oracle/diag/rdbms/ttprod/ttprod1/trace/ttprod1_ora_44796.trc
Archived Log entry 881 added for thread 1 sequence 1284
Completed checkpoint up to RBA
NNF-02002: NIS value does not conform to adapter schema: ttprod2
Redo thread mounted read/write
Undo initialization finished
Undo initialization finished
ORA-16780: a database has exhausted its archived redo log storage quota
Redo thread mounted read/write
Beginning log switch checkpoint up to RBA
Thread 1 advanced to log sequence 496
Archived Log entry 435 added for thread 1 sequence 4972
ORA-16550: truncated result
Redo thread mounted read/write
Redo thread mounted read/write
CRS-08015: number BILLING.CUST_ORDERS
Completed checkpoint up to RBA
Starting background process VKTM
ORA-12981: cannot drop column from an object type table
Errors in file /u01/app/oracle/diag/rdbms/ttprod/ttprod1/trace/ttprod1_ora_66344.trc
ORA-37188: unexpected null result while querying BILLING.CUST_ORDERS
Redo thread mounted read/write
Undo initialization finished
Undo initialization finished
Current log# 112 seq# 5066 mem# 0
Starting background process VKTM
ORA-39952: only numbers can be specified as range values
Errors in file /u01/app/oracle/diag/rdbms/ttprod/ttprod1/trace/ttprod1_ora_58249.trc
Completed checkpoint up to RBA
QSM-02001: clustered mv container table
Beginning log switch checkpoint up to RBA
Instance shutdown complete
Archived Log entry 568 added for thread 1 sequence 4873
SUCCESS: diskgroup DATA was mounted
Starting background process VKTM
ORA-01841: (full) year must be between -4713 and +9999, and not be 0
Autotune of undo retention is turned on.
Undo initialization finished
Instance shutdown complete
NNL-00236: Statistic counter reset interval is currently BILLING.CUST_ORDERS
Starting background process VKTM
Thread 1 advanced to log sequence 21
Beginning log switch checkpoint up to RBA
Autotune of undo retention is turned on.
PRKO-03226: Upgrade from version {0} to version {1} using 'srvctl upgrade model' command of version {2} is not supported
Errors in file /u01/app/oracle/diag/rdbms/ttprod/ttprod1/trace/ttprod1_ora_40045.trc
Thread 1 advanced to log sequence 422
ORA-23321: Pipename may not be null
Undo initialization finished
Starting background process VKTM
ORA-56901: non-constant expression is not allowed for pivot|unpivot values
Completed checkpoint up to RBA
ORA-16051: parameter TNS_ADMIN contains an invalid delay time
Completed checkpoint up to RBA
Archived Log entry 105 added for thread 1 sequence 3313
ORA-40101: Data Mining System Error session_1123 - SYSAUX - session_1123
Errors in file /u01/app/oracle/diag/rdbms/ttprod/ttprod1/trace/ttprod1_ora_30024.trc
Current log# 158 seq# 9448 mem# 0
Archived Log entry 547 added for thread 1 sequence 2566
Undo initialization finished
Thread 1 advanced to log sequence 949
ORA-19264: XQDY0044 - invalid namespace in attribute constructors
ARC0: Archival started
Instance shutdown complete
Thread 1 advanced to log sequence 175
Archived Log entry 17 added for thread 1 sequence 6717
Beginning log switch checkpoint up to RBA
Thread 1 advanced to log sequence 973
NZE-29176: CRL signature verification failed
Autotune of undo retention is turned on.
ARC0: Archival started
Instance shutdown complete
Undo initialization finished
Autotune of undo retention is turned on.
ORA-55484: circular dependency not allowed in RDF metadata
Redo thread mounted read/write
Redo thread mounted read/write
Completed checkpoint up to RBA
Undo initialization finished
ORA-47989: password should differ by at least 3 characters
Beginning log switch checkpoint up to RBA
Redo thread mounted read/write
Beginning log switch checkpoint up to RBA
Current log# 355 seq# 6097 mem# 0
Starting background process VKTM
ORA-13859: Action cannot be specified without the module specification
Undo initialization finished
Archived Log entry 667 added for thread 1 sequence 3591
Current log# 686 seq# 3763 mem# 0
SUCCESS: diskgroup DATA was mounted
Starting background process VKTM
ORA-08116: can not acquire dml enough lock(S mode) for online index build
SUCCESS: diskgroup DATA was mounted
CRS-01662: Member kill requested by node NETWORK_OPS.SIM_INVENTORY for member number number , group INVOICE_LINES_IDX
Redo thread mounted read/write
Current log# 541 seq# 4591 mem# 0
Undo initialization finished
Current log# 426 seq# 5245 mem# 0
Redo thread mounted read/write
Instance shutdown complete
LPX-01129: [XUST0001] Updating expression in a wrong position
PGU-41124: expecting one of DATA, CALL, or TRANSACTION in an UNDEFINE
Beginning log switch checkpoint up to RBA
ORA-53075: null ROOT_ELEM_TAG tag value
Undo initialization finished
Current log# 141 seq# 6063 mem# 0
Current log# 355 seq# 5527 mem# 0
Current log# 679 seq# 7717 mem# 0
PRVF-04355: Resource soft limit check for "{0}" failed on node "{1}"
Undo initialization finished
Completed checkpoint up to RBA
Archived Log entry 816 added for thread 1 sequence 4442
CRS-09014: Error: Corrupt reply from the Cluster Logger Service
Archived Log entry 584 added for thread 1 sequence 8830
Instance shutdown complete
Current log# 61 seq# 9100 mem# 0
Undo initialization finished
Starting background process VKTM
ORA-01637: rollback segment ' SP2-0552 ' is being used by another instance (# SP2-0552 )
Errors in file /u01/app/oracle/diag/rdbms/ttprod/ttprod1/trace/ttprod1_ora_12869.trc
Autotune of undo retention is turned on.
Instance shutdown complete
Redo thread mounted read/write
Autotune of undo retention is turned on.
RMAN-06787: WARNING: TAG SYSAUX option is ignored; backups will be tagged with ttprod2
Completed checkpoint up to RBA
Autotune of undo retention is turned on.
Thread 1 advanced to log sequence 455
Instance shutdown complete
ORA-19234: XQST0014 - invalid or unsupported must-understand extension
Undo initialization finished
Completed checkpoint up to RBA
Beginning log switch checkpoint up to RBA
Starting background process VKTM
ORA-00567: Requested processor group 1024 is too large (maximum 3 )
Instance shutdown complete
LSX-00004: unexpected XML node type
Autotune of undo retention is turned on.
Undo initialization finished
Beginning log switch checkpoint up to RBA
Redo thread mounted read/write
Current log# 221 seq# 2428 mem# 0
Current log# 15 seq# 6197 mem# 0
PLS-00498: illegal use of a type before its declaration
Beginning log switch checkpoint up to RBA
Undo initialization finished
PRCD-01010: Failed to update server parameter file {0} of database {1}
Errors in file /u01/app/oracle/diag/rdbms/ttprod/ttprod1/trace/ttprod1_ora_15422.trc
Current log# 685 seq# 2907 mem# 0
Autotune of undo retention is turned on.
Autotune of undo retention is turned on.
TNS-00268: ON
Starting background process VKTM
Archived Log entry 53 added for thread 1 sequence 9878
Beginning log switch checkpoint up to RBA
ORA-48114: error encountered when attempting to close a file
Current log# 296 seq# 5504 mem# 0
ARC0: Archival started
Current log# 489 seq# 1804 mem# 0
ARC0: Archival started
Thread 1 advanced to log sequence 473
Archived Log entry 832 added for thread 1 sequence 3794
DRG-11316: $S table cannot be created with INVOICE_LINES_IDX
Thread 1 advanced to log sequence 513
Undo initialization finished
Thread 1 advanced to log sequence 702
ORA-01983: invalid auditing option for DEFAULT
Redo thread mounted read/write
Autotune of undo retention is turned on.
ARC0: Archival started
PROC-00041: Oracle Cluster Registry is incorrectly configured
PRKO-03135: -z option cannot be used with administrator-managed database {0}
Thread 1 advanced to log sequence 114
Completed checkpoint up to RBA
Current log# 523 seq# 9497 mem# 0
Current log# 312 seq# 6674 mem# 0
Thread 1 advanced to log sequence 74
Thread 1 advanced to log sequence 399
ORA-27193: sbtinfo2 did not return volume label
Undo initialization finished
Instance shutdown complete
PRCI-01120: Failed to retrieve list of databases under high availability management for node {0}
Errors in file /u01/app/oracle/diag/rdbms/ttprod/ttprod1/trace/ttprod1_ora_37659.trc
SUCCESS: diskgroup DATA was mounted
ORA-02455: The number of cluster key column must be 1
Instance shutdown complete
Autotune of undo retention is turned on.
Redo thread mounted read/write
SQL-02134: Invalid runtime context
ARC0: Archival started
Autotune of undo retention is turned on.
SUCCESS: diskgroup DATA was mounted
SUCCESS: diskgroup DATA was mounted
NNL-00998: CONTENT ERROR responses received: number
Instance shutdown complete
Instance shutdown complete
SUCCESS: diskgroup DATA was mounted
INS-30503: Unknown ASM disk group.
ORA-16671: instance-specific property must be set uniquely for instances of an Oracle RAC database
Errors in file /u01/app/oracle/diag/rdbms/ttprod/ttprod1/trace/ttprod1_ora_14255.trc
Undo initialization finished
Redo thread mounted read/write
ORA-54619: CLIP_PC: query and BLKID parameters cannot both be null
Errors in file /u01/app/oracle/diag/rdbms/ttprod/ttprod1/trace/ttprod1_ora_37004.trc
Archived Log entry 355 added for thread 1 sequence 5097
ORA-27147: post/wait reset failed
Beginning log switch checkpoint up to RBA
Beginning log switch checkpoint up to RBA
DIA-48419: Illegal arguments
Thread 1 advanced to log sequence 553
Completed checkpoint up to RBA
Instance shutdown complete
SUCCESS: diskgroup DATA was mounted
SUCCESS: diskgroup DATA was mounted
Current log# 582 seq# 3125 mem# 0
ORA-48149: error encountered when attempting to copy a file
Errors in file /u01/app/oracle/diag/rdbms/ttprod/ttprod1/trace/ttprod1_ora_38359.trc
Autotune of undo retention is turned on.
Archived Log entry 523 added for thread 1 sequence 2437
Autotune of undo retention is turned on.
Archived Log entry 420 added for thread 1 sequence 2479
SUCCESS: diskgroup DATA was mounted
PLS-00755: SYSAUX tablespace offline while saving identifier data
Errors in file /u01/app/oracle/diag/rdbms/ttprod/ttprod1/trace/ttprod1_ora_38175.trc
Current log# 754 seq# 9843 mem# 0
Instance shutdown complete
Archived Log entry 532 added for thread 1 sequence 4946
Undo initialization finished
Instance shutdown complete
ORA-38141: SQL plan baseline large pool does not exist
Errors in file /u01/app/oracle/diag/rdbms/ttprod/ttprod1/trace/ttprod1_ora_79344.trc
SUCCESS: diskgroup DATA was mounted
Undo initialization finished
Redo thread mounted read/write
Current log# 308 seq# 1709 mem# 0
ARC0: Archival started
SUCCESS: diskgroup DATA was mounted
ORA-36992: (XSRELGID09) A level relation is needed to produce a surrogate dimension gid.
Starting background process VKTM
Archived Log entry 323 added for thread 1 sequence 3796
Completed checkpoint up to RBA
Beginning log switch checkpoint up to RBA
ARC0: Archival started
ORA-06522: CRM.CALL_DETAIL_RECORDS
Completed checkpoint up to RBA
Undo initialization finished
Undo initialization finished
DRG-12403: template ttprod2 was not found
SUCCESS: diskgroup DATA was mounted
Current log# 292 seq# 5945 mem# 0
Current log# 845 seq# 8280 mem# 0
PCC-02399: Illegal CHAR_MAP option value for DBMS=V6. Option ignored.
Thread 1 advanced to log sequence 28
ARC0: Archival started
Redo thread mounted read/write
Starting background process VKTM
Undo initialization finished
CRS-02573: ACL entry for owner field is missing.
Thread 1 advanced to log sequence 136
Archived Log entry 30 added for thread 1 sequence 3475
Undo initialization finished
Completed checkpoint up to RBA
Autotune of undo retention is turned on.
PLS-00639: NCHAR/NVARCHAR2 cannot be byte length semantics
Completed checkpoint up to RBA
Instance shutdown complete
SUCCESS: diskgroup DATA was mounted
Thread 1 advanced to log sequence 590
Starting background process VKTM
Completed checkpoint up to RBA
ORA-08320: scnget: Call to scnget before scnset or scnfnd.
Beginning log switch checkpoint up to RBA
Archived Log entry 620 added for thread 1 sequence 4761
Instance shutdown complete
CRS-04482: A child process terminated abnormally.
ORA-44737: Parameter _SYSSMU12$ did not exist.
Redo thread mounted read/write
SUCCESS: diskgroup DATA was mounted
Autotune of undo retention is turned on.
Instance shutdown complete
Redo thread mounted read/write
ORA-24395: cannot reinitialize non-existent pool
Undo initialization finished
Current log# 747 seq# 1922 mem# 0
ORA-15173: entry ' 42 ' does not exist in directory ' session_1123 '
Autotune of undo retention is turned on.
Thread 1 advanced to log sequence 144
Autotune of undo retention is turned on.
Starting background process VKTM
Autotune of undo retention is turned on.
Thread 1 advanced to log sequence 587
RMAN-08191: See trace file APP_USER42 for details
Autotune of undo retention is turned on.
Completed checkpoint up to RBA
Current log# 425 seq# 7742 mem# 0
Undo initialization finished
Completed checkpoint up to RBA
Instance shutdown complete
NNL-00807: Queries received, type SOA: number
Errors in file /u01/app/oracle/diag/rdbms/ttprod/ttprod1/trace/ttprod1_ora_77768.trc
Current log# 72 seq# 2767 mem# 0
Starting background process VKTM
Current log# 966 seq# 4465 mem# 0
ORA-25189: illegal ALTER TABLE option for an index-organized table
Completed checkpoint up to RBA
Current log# 144 seq# 8613 mem# 0
Undo initialization finished
Instance shutdown complete
Archived Log entry 24 added for thread 1 sequence 7993
ORA-38445: TOP clause not allowed with no statistics
Instance shutdown complete
Undo initialization finished
Beginning log switch checkpoint up to RBA
SUCCESS: diskgroup DATA was mounted
ARC0: Archival started
PLS-00618: type mismatch found at ' ttstandby01 ' between operands in a NULLIF expression
Errors in file /u01/app/oracle/diag/rdbms/ttprod/ttprod1/trace/ttprod1_ora_47484.trc
Beginning log switch checkpoint up to RBA
Redo thread mounted read/write
Beginning log switch checkpoint up to RBA
Starting background process VKTM
Starting background process VKTM
RMAN-06906: backup of control file was cancelled
Starting background process VKTM
Beginning log switch checkpoint up to RBA
Starting background process VKTM
Current log# 113 seq# 8561 mem# 0
CRS-02626: Owner of server pool ' ttstandby01 ' does not have execute permission to parent server pool ' CRM.CALL_DETAIL_RECORDS '
ORA-30079: cannot alter database timezone when database has TIMESTAMP WITH LOCAL TIME ZONE columns
Redo thread mounted read/write
Instance shutdown complete
ARC0: Archival started
Redo thread mounted read/write
ORA-19999: skip_row procedure was called
Redo thread mounted read/write
SUCCESS: diskgroup DATA was mounted
Thread 1 advanced to log sequence 857
Instance shutdown complete
Autotune of undo retention is turned on.
Autotune of undo retention is turned on.
PLS-00249: Invalid WITH CONTEXT Syntax
Autotune of undo retention is turned on.
Redo thread mounted read/write
Autotune of undo retention is turned on.
Completed checkpoint up to RBA
Instance shutdown complete
CRS-02506: Operation on ' USERS ' has been cancelled
Redo thread mounted read/write
Starting background process VKTM
Beginning log switch checkpoint up to RBA
RMAN-20261: ambiguous backup piece handle
Beginning log switch checkpoint up to RBA
ORA-31406: change source ttprod1 is referenced by a change set
EXP-00045: Cannot export SYSTEM Tablespace for Point-in-time Recovery or Transportable Tablespace
Thread 1 advanced to log sequence 141
ARC0: Archival started
XOQ-01905: GenerateRefreshMV is not specified in AWCubeOrganization.
Errors in file /u01/app/oracle/diag/rdbms/ttprod/ttprod1/trace/ttprod1_ora_29603.trc
Archived Log entry 536 added for thread 1 sequence 6114
ORA-30446: valid workload queries not found
ORA-16123: transaction 3 APP_USER42 42 is waiting for commit approval
Errors in file /u01/app/oracle/diag/rdbms/ttprod/ttprod1/trace/ttprod1_ora_18487.trc
Archived Log entry 622 added for thread 1 sequence 8322
PLS-00489: invalid table reference: ' PK_CUSTOMER_ACCOUNTS ' must be a column in this expression
ARC0: Archival started
Current log# 678 seq# 2282 mem# 0
Redo thread mounted read/write
Redo thread mounted read/write
Completed checkpoint up to RBA
Archived Log entry 174 added for thread 1 sequence 4145
ORA-39314: Cannot alter tablespace extent_management.
Autotune of undo retention is turned on.
Autotune of undo retention is turned on.
ORA-31209: DBMS_LDAP: PL/SQL - LDAP count_entry error.
SUCCESS: diskgroup DATA was mounted
NNL-00899: OK responses sent: number
ARC0: Archival started
ORA-01248: file 42 was created in the future of incomplete recovery
Errors in file /u01/app/oracle/diag/rdbms/ttprod/ttprod1/trace/ttprod1_ora_69755.trc
Archived Log entry 88 added for thread 1 sequence 5477
PLS-00458: subprogram ' UNDOTBS1 ' cannot be called from a REPEATABLE subprogram
Starting background process VKTM
SUCCESS: diskgroup DATA was mounted
SUCCESS: diskgroup DATA was mounted
Undo initialization finished
Current log# 263 seq# 4604 mem# 0
ORA-38872: Cannot perform backup control file recovery if Flashback Database is enabled.
Undo initialization finished
ARC0: Archival started
Thread 1 advanced to log sequence 585
Starting background process VKTM
Thread 1 advanced to log sequence 431
SUCCESS: diskgroup DATA was mounted
ORA-16610: command " /u01/app/oracle/oradata/ttprod/users01.dbf " in progress
Archived Log entry 947 added for thread 1 sequence 3969
LPX-01130: [XUST0002] Non-updating expression in a wrong position
Errors in file /u01/app/oracle/diag/rdbms/ttprod/ttprod1/trace/ttprod1_ora_57526.trc
Redo thread mounted read/write
DRG-13304: character referenced by wildcard attribute is not a wildcard character, at line _SYSSMU7$
Archived Log entry 406 added for thread 1 sequence 8225
INS-08801: View class referred by view ID ' large pool ' not found.
Errors in file /u01/app/oracle/diag/rdbms/ttprod/ttprod1/trace/ttprod1_ora_99659.trc
SUCCESS: diskgroup DATA was mounted
SUCCESS: diskgroup DATA was mounted
Thread 1 advanced to log sequence 309
RMAN-10035: exception raised in RPC: NETWORK_OPS.SIM_INVENTORY
Errors in file /u01/app/oracle/diag/rdbms/ttprod/ttprod1/trace/ttprod1_ora_58696.trc
SUCCESS: diskgroup DATA was mounted
SUCCESS: diskgroup DATA was mounted
Beginning log switch checkpoint up to RBA
Thread 1 advanced to log sequence 594
Archived Log entry 915 added for thread 1 sequence 1172
Starting background process VKTM
ORA-07253: spdes: semctl error, unable to destroy semaphore set.
Errors in file /u01/app/oracle/diag/rdbms/ttprod/ttprod1/trace/ttprod1_ora_17212.trc
Completed checkpoint up to RBA
Redo thread mounted read/write
ARC0: Archival started
QSM-01038: logical operator(s) could not be processed
Completed checkpoint up to RBA
ORA-15084: ASM disk " SYSAUX " is offline and cannot be dropped.
Errors in file /u01/app/oracle/diag/rdbms/ttprod/ttprod1/trace/ttprod1_ora_89708.trc
Instance shutdown complete
Instance shutdown complete
Autotune of undo retention is turned on.
PRVF-10037: Failed to retrieve storage type for "{0}" on node "{1}"
Instance shutdown complete
PRVF-04127: Unable to obtain OLR location
ORA-16728: consistency check for property USERS found shared pool error
Starting background process VKTM
Undo initialization finished
ORA-00060: Deadlock detected while waiting for resource
Thread 1 advanced to log sequence 725
ORA-39159: cannot call this function from a non-Data Pump process
Errors in file /u01/app/oracle/diag/rdbms/ttprod/ttprod1/trace/ttprod1_ora_60764.trc
Thread 1 advanced to log sequence 505
ORA-02294: cannot enable ( USERS . ttstandby01 ) - constraint changed during validation
ARC0: Archival started
PCC-01400: You are not authorized to run Pro*Pascal
Autotune of undo retention is turned on.
Autotune of undo retention is turned on.
Completed checkpoint up to RBA
Undo initialization finished
SUCCESS: diskgroup DATA was mounted
DRG-50402: Index validation failed for one or more tokens
Errors in file /u01/app/oracle/diag/rdbms/ttprod/ttprod1/trace/ttprod1_ora_21246.trc
ORA-12034: materialized view log on " ttprod2 "." 1024 " younger than last refresh
Redo thread mounted read/write
Completed checkpoint up to RBA
Archived Log entry 128 added for thread 1 sequence 8987
ARC0: Archival started
INS-08108: Failed while localizing the view
Beginning log switch checkpoint up to RBA
Beginning log switch checkpoint up to RBA
Redo thread mounted read/write
Thread 1 advanced to log sequence 321
ARC0: Archival started
ORA-16434: Archive log for branch /u01/app/oracle/oradata/ttprod/users01.dbf thread DATA_TS01 sequence _SYSSMU7$ cannot be queued.
Autotune of undo retention is turned on.
Beginning log switch checkpoint up to RBA
Archived Log entry 694 added for thread 1 sequence 8932
ORA-04068: existing state of packages 1024 CRM.CALL_DETAIL_RECORDS 5000 has been discarded
Errors in file /u01/app/oracle/diag/rdbms/ttprod/ttprod1/trace/ttprod1_ora_66357.trc
Starting background process VKTM
Instance shutdown complete
Instance shutdown complete
Current log# 101 seq# 7821 mem# 0
ARC0: Archival started
Archived Log entry 727 added for thread 1 sequence 7045
ORA-29270: too many open HTTP requests
Beginning log switch checkpoint up to RBA
ORA-12557: TNS:protocol adapter not loadable
Errors in file /u01/app/oracle/diag/rdbms/ttprod/ttprod1/trace/ttprod1_ora_17350.trc
Thread 1 advanced to log sequence 609
Archived Log entry 87 added for thread 1 sequence 2365
Starting background process VKTM
ORA-09752: pw_attachPorts: port_allocate failed.
