Tue Aug 04 00:00:00 2026
Beginning log switch checkpoint up to RBA
Autotune of undo retention is turned on.
Beginning log switch checkpoint up to RBA
ARC0: Archival started
ORA-12071: definition query of " 5000 "." _SYSSMU12$ " is invalid for offline instantiation
Completed checkpoint up to RBA
NZE-28796: access method is not supported
Starting background process VKTM
Current log# 70 seq# 2634 mem# 0
PRKO-02415: VIP is already enabled on node(s): {0}
SUCCESS: diskgroup DATA was mounted
DRG-11603: URL store: payment required to access _SYSSMU12$
Errors in file /u01/app/oracle/diag/rdbms/ttprod/ttprod1/trace/ttprod1_ora_12463.trc
Autotune of undo retention is turned on.
ARC0: Archival started
Completed checkpoint up to RBA
ORA-25187: specified exceptions table form incorrect
ORA-12673: Dedicated server: context not saved
Errors in file /u01/app/oracle/diag/rdbms/ttprod/ttprod1/trace/ttprod1_ora_72108.trc
Archived Log entry 212 added for thread 1 sequence 1059
ARC0: Archival started
Undo initialization finished
ORA-00821: Specified value of sga_target UNDOTBS1 M is too small, needs to be at least 5000 M
ARC0: Archival started
ARC0: Archival started
Thread 1 advanced to log sequence 594
SUCCESS: diskgroup DATA was mounted
ARC0: Archival started
Starting background process VKTM
ORA-24039: Queue DATA_TS01 not created in queue table for multiple consumers
Errors in file /u01/app/oracle/diag/rdbms/ttprod/ttprod1/trace/ttprod1_ora_31306.trc
Current log# 883 seq# 1861 mem# 0
Completed checkpoint up to RBA
Thread 1 advanced to log sequence 457
CRS-01310: Oracle High Availability Service failed to update group data. Details at SP2-0552 in PK_CUSTOMER_ACCOUNTS .
Archived Log entry 615 added for thread 1 sequence 6741
Beginning log switch checkpoint up to RBA
Beginning log switch checkpoint up to RBA
ORA-24233: argument passed to DBMS_UTILITY.VALIDATE is not legal
CRS-02621: Server ' large pool ' is assigned to ' 42 ' to which you have no permission. The operation is not authorized.
Errors in file /u01/app/oracle/diag/rdbms/ttprod/ttprod1/trace/ttprod1_ora_21509.trc
Autotune of undo retention is turned on.
Instance shutdown complete
Completed checkpoint up to RBA
Redo thread mounted read/write
Autotune of undo retention is turned on.
LFI-00101: Write failed, file cannot be written to.
Archived Log entry 529 added for thread 1 sequence 6288
DRG-11136: assigned lexer does not support entity extraction
SUCCESS: diskgroup DATA was mounted
Thread 1 advanced to log sequence 850
Starting background process VKTM
SUCCESS: diskgroup DATA was mounted
Completed checkpoint up to RBA
ORA-53910: SQL error 42 .
Errors in file /u01/app/oracle/diag/rdbms/ttprod/ttprod1/trace/ttprod1_ora_78123.trc
SUCCESS: diskgroup DATA was mounted
Undo initialization finished
Thread 1 advanced to log sequence 876
Instance shutdown complete
SUCCESS: diskgroup DATA was mounted
PGU-30300: work file output error writing APP_USER42
Current log# 796 seq# 5981 mem# 0
Instance shutdown complete
Starting background process VKTM
Starting background process VKTM
Starting background process VKTM
Instance shutdown complete
ORA-13476: invalid or out of scope point specification
ARC0: Archival started
Completed checkpoint up to RBA
Thread 1 advanced to log sequence 333
ARC0: Archival started
Archived Log entry 607 added for thread 1 sequence 1217
Starting background process VKTM
ORA-00830: cannot set statistics_level to BASIC with auto-tune SGA enabled
ORA-25219: enqueue failed, sequence deviation not allowed for queue 3 . NETWORK_OPS.SIM_INVENTORY
Errors in file /u01/app/oracle/diag/rdbms/ttprod/ttprod1/trace/ttprod1_ora_58675.trc
Starting background process VKTM
ORA-16245: change db_name to 5000 in the server-side parameter file (SPFILE)
Errors in file /u01/app/oracle/diag/rdbms/ttprod/ttprod1/trace/ttprod1_ora_87110.trc
Starting background process VKTM
ORA-01300: writable database required for specified LogMiner options
Undo initialization finished
ARC0: Archival started
Thread 1 advanced to log sequence 338
Completed checkpoint up to RBA
SUCCESS: diskgroup DATA was mounted
Redo thread mounted read/write
ORA-37069: You may not execute a parallel OLAP operation against the EXPRESS AW.
Errors in file /u01/app/oracle/diag/rdbms/ttprod/ttprod1/trace/ttprod1_ora_19427.trc
Archived Log entry 891 added for thread 1 sequence 4666
ARC0: Archival started
Undo initialization finished
ORA-48127: attempting to open a file that does not exist
Errors in file /u01/app/oracle/diag/rdbms/ttprod/ttprod1/trace/ttprod1_ora_44371.trc
Undo initialization finished
Beginning log switch checkpoint up to RBA
Beginning log switch checkpoint up to RBA
Archived Log entry 300 added for thread 1 sequence 9098
ORA-56971: Invalid set of export options
Instance shutdown complete
Undo initialization finished
Starting background process VKTM
Completed checkpoint up to RBA
Redo thread mounted read/write
ORA-07392: sftcls: fclose error, unable to close text file.
Errors in file /u01/app/oracle/diag/rdbms/ttprod/ttprod1/trace/ttprod1_ora_40246.trc
ARC0: Archival started
Instance shutdown complete
Archived Log entry 715 added for thread 1 sequence 2329
Archived Log entry 578 added for thread 1 sequence 7464
ARC0: Archival started
INS-30080: session_1123 did not resolve to an IP address. Provide alternative name that resolves to an IP address.
Starting background process VKTM
Archived Log entry 713 added for thread 1 sequence 3004
Completed checkpoint up to RBA
Starting background process VKTM
Beginning log switch checkpoint up to RBA
ORA-36342: (SNSYN200) The format of the CLEAR command is: CLEAR [ ALL | STATUS ] [ AGGREGATES | CHANGES | PRECOMPUTES | NONPRECOMPUTES | CACHE ] FROM var1 [var2, var3...] [USING aggmap]
Redo thread mounted read/write
DRG-50955: Missing comma in transform clause large pool
Redo thread mounted read/write
Archived Log entry 153 added for thread 1 sequence 3982
Undo initialization finished
Undo initialization finished
SUCCESS: diskgroup DATA was mounted
ARC0: Archival started
ORA-07443: function large pool not found
NZE-28858: SSL protocol error
Current log# 865 seq# 9000 mem# 0
Current log# 217 seq# 2158 mem# 0
Beginning log switch checkpoint up to RBA
Redo thread mounted read/write
Thread 1 advanced to log sequence 133
Starting background process VKTM
TNS-01061: The password has not been set
Archived Log entry 352 added for thread 1 sequence 8561
Beginning log switch checkpoint up to RBA
Starting background process VKTM
QSM-01047: complex join back on non-MAV rewrite not allowed ( SP2-0552 )
Instance shutdown complete
Undo initialization finished
Redo thread mounted read/write
DRG-11523: unable to lock the specified row for update
Archived Log entry 789 added for thread 1 sequence 9785
Starting background process VKTM
ARC0: Archival started
Undo initialization finished
Completed checkpoint up to RBA
ORA-18002: the specified outline does not exist
Redo thread mounted read/write
ARC0: Archival started
CRS-09005: Quoted ttprod1 not ended
Errors in file /u01/app/oracle/diag/rdbms/ttprod/ttprod1/trace/ttprod1_ora_99085.trc
Beginning log switch checkpoint up to RBA
Completed checkpoint up to RBA
Thread 1 advanced to log sequence 61
Beginning log switch checkpoint up to RBA
Thread 1 advanced to log sequence 520
SUCCESS: diskgroup DATA was mounted
DRG-11119: operation is not supported by this index type
Current log# 606 seq# 5593 mem# 0
ORA-27076: unable to set limit for open files
Errors in file /u01/app/oracle/diag/rdbms/ttprod/ttprod1/trace/ttprod1_ora_40980.trc
Starting background process VKTM
Starting background process VKTM
ARC0: Archival started
Autotune of undo retention is turned on.
Starting background process VKTM
Autotune of undo retention is turned on.
TNS-02509: Authentication: invalid process state
ARC0: Archival started
ORA-54607: CREATE_PC: error fetching data from input points table
Completed checkpoint up to RBA
Autotune of undo retention is turned on.
PCC-02446: FOR clause not allowed in a DEALLOCATE statement
Redo thread mounted read/write
Archived Log entry 490 added for thread 1 sequence 9470
Current log# 267 seq# 7806 mem# 0
PCC-00078: FIPS warning: Invalid ANSI SQL Identifier
Beginning log switch checkpoint up to RBA
Redo thread mounted read/write
ARC0: Archival started
ORA-29990: Cannot complete operation because of cross-instance issue
INS-07002: Unable to get the type definition for property named ' SYSAUX ' of bean type ' ttprod2 '
Current log# 790 seq# 3693 mem# 0
Completed checkpoint up to RBA
Autotune of undo retention is turned on.
PRKO-02165: VIP does not exist on node(s) : {0}
PRCD-01058: Invalid server pool list {0} supplied for single instance database {1}
Beginning log switch checkpoint up to RBA
Completed checkpoint up to RBA
Instance shutdown complete
Redo thread mounted read/write
PLS-00405: subquery not allowed in this context
Autotune of undo retention is turned on.
Beginning log switch checkpoint up to RBA
PRVF-04038: CRS is not installed on nodes:
Beginning log switch checkpoint up to RBA
Starting background process VKTM
ORA-12168: TNS:Unable to contact LDAP Directory Server
Archived Log entry 53 added for thread 1 sequence 9910
Completed checkpoint up to RBA
SUCCESS: diskgroup DATA was mounted
Archived Log entry 876 added for thread 1 sequence 3724
Thread 1 advanced to log sequence 76
Redo thread mounted read/write
KUP-04104: zoned decimal field has bad values for TNS_ADMIN
Errors in file /u01/app/oracle/diag/rdbms/ttprod/ttprod1/trace/ttprod1_ora_45617.trc
Current log# 836 seq# 4749 mem# 0
Thread 1 advanced to log sequence 151
Thread 1 advanced to log sequence 130
Redo thread mounted read/write
Redo thread mounted read/write
RMAN-08136: channel _SYSSMU12$ : deleting incremental backup(s)
Errors in file /u01/app/oracle/diag/rdbms/ttprod/ttprod1/trace/ttprod1_ora_75935.trc
SUCCESS: diskgroup DATA was mounted
QSM-02061: one or more joins present in mv
Current log# 289 seq# 9091 mem# 0
Starting background process VKTM
Undo initialization finished
Completed checkpoint up to RBA
PRKH-03009: An attempt was made by Cluster Synchronization Services to release a lock that was not held
Current log# 958 seq# 8621 mem# 0
Starting background process VKTM
ARC0: Archival started
EVM-00306: Failed to create filter for " SP2-0552 "
Errors in file /u01/app/oracle/diag/rdbms/ttprod/ttprod1/trace/ttprod1_ora_31727.trc
ORA-07266: sppst: invalid process number passed to sppst.
Starting background process VKTM
Thread 1 advanced to log sequence 486
Undo initialization finished
Archived Log entry 654 added for thread 1 sequence 8981
RMAN-08551: recovering datafile copy file number= SP2-0552 name= 5000
SUCCESS: diskgroup DATA was mounted
Autotune of undo retention is turned on.
ORA-32771: cannot add file to bigfile tablespace
ORA-39752: redundant column in partitioning and join columns is not allowed
Autotune of undo retention is turned on.
OCI-22337: the type of accessed object has been evolved
Errors in file /u01/app/oracle/diag/rdbms/ttprod/ttprod1/trace/ttprod1_ora_75292.trc
Starting background process VKTM
Current log# 681 seq# 5119 mem# 0
TNS-01038: BILLING.CUST_ORDERS established: TNS_ADMIN refused: DATA_TS01 current: 42 max: _SYSSMU7$ state: DATA_TS01
ARC0: Archival started
ARC0: Archival started
Archived Log entry 378 added for thread 1 sequence 1658
Current log# 321 seq# 6483 mem# 0
TNS-02404: Service session_1123 contains no local handlers
Errors in file /u01/app/oracle/diag/rdbms/ttprod/ttprod1/trace/ttprod1_ora_93095.trc
Undo initialization finished
RMAN-00555: target database connect ttstandby01 must be specified
Errors in file /u01/app/oracle/diag/rdbms/ttprod/ttprod1/trace/ttprod1_ora_94501.trc
Archived Log entry 141 added for thread 1 sequence 5419
Completed checkpoint up to RBA
SUCCESS: diskgroup DATA was mounted
TNS-00033: INTCTL: internal NL error
Instance shutdown complete
ARC0: Archival started
Instance shutdown complete
Starting background process VKTM
Redo thread mounted read/write
PLS-00217: NUMBER scale constraint must be in range (-84 .. 127)
Redo thread mounted read/write
PCC-00022: Out of space - unable to allocate number bytes
Redo thread mounted read/write
Current log# 596 seq# 1621 mem# 0
ORA-14194: only one subpartition may be rebuilt
Undo initialization finished
Redo thread mounted read/write
TNS-01022: Alias shared pool
Completed checkpoint up to RBA
SUCCESS: diskgroup DATA was mounted
Completed checkpoint up to RBA
Completed checkpoint up to RBA
Instance shutdown complete
ARC0: Archival started
RMAN-04013: must connect before startup
Errors in file /u01/app/oracle/diag/rdbms/ttprod/ttprod1/trace/ttprod1_ora_51834.trc
ORA-23330: column group CRM.CALL_DETAIL_RECORDS already exists
Undo initialization finished
Current log# 575 seq# 6218 mem# 0
SUCCESS: diskgroup DATA was mounted
Beginning log switch checkpoint up to RBA
SUCCESS: diskgroup DATA was mounted
INS-30605: ASM instance seems to be down.
Errors in file /u01/app/oracle/diag/rdbms/ttprod/ttprod1/trace/ttprod1_ora_39892.trc
Beginning log switch checkpoint up to RBA
SUCCESS: diskgroup DATA was mounted
INS-41813: OSDBA for ASM, OSOPER for ASM, and OSASM are the same OS group.
Thread 1 advanced to log sequence 97
ORA-38478: creation of system trigger EXPFIL_DROPOBJ_MAINT failed
Archived Log entry 571 added for thread 1 sequence 6227
Undo initialization finished
ORA-22151: cannot resize non-zero variable-length array to zero elements
Redo thread mounted read/write
Current log# 62 seq# 1067 mem# 0
Beginning log switch checkpoint up to RBA
SUCCESS: diskgroup DATA was mounted
Current log# 413 seq# 4987 mem# 0
NZE-29029: SSL handshake already completed
Archived Log entry 131 added for thread 1 sequence 1282
Autotune of undo retention is turned on.
PLS-00393: wrong number of columns in SELECT...INTO statement
Thread 1 advanced to log sequence 684
Redo thread mounted read/write
Current log# 41 seq# 6888 mem# 0
ORA-48502: Invalid Command Line - Missing Required Elements
Instance shutdown complete
Current log# 668 seq# 5872 mem# 0
Archived Log entry 741 added for thread 1 sequence 3260
NCR-03003: NCRO: Unexpected message
Undo initialization finished
RMAN-06549: connected to auxiliary database: USERS (not mounted)
Completed checkpoint up to RBA
Starting background process VKTM
INS-30016: Unable to load the install inventory.
Archived Log entry 869 added for thread 1 sequence 8915
Instance shutdown complete
ORA-18001: no options specified for ALTER OUTLINE
Thread 1 advanced to log sequence 700
ORA-27071: unable to seek to desired position in file
Undo initialization finished
ARC0: Archival started
CRS-02757: Command ' NETWORK_OPS.SIM_INVENTORY ' timed out waiting for response from the resource ' ttprod1 '. Details at PK_CUSTOMER_ACCOUNTS in TNS_ADMIN .
Current log# 640 seq# 5604 mem# 0
ORA-08455: syntax error in CURRENCY SIGN environment clause
Undo initialization finished
Beginning log switch checkpoint up to RBA
Instance shutdown complete
TNS-00007: INTCTL: unknown host
Autotune of undo retention is turned on.
Autotune of undo retention is turned on.
Archived Log entry 623 added for thread 1 sequence 3347
Starting background process VKTM
Beginning log switch checkpoint up to RBA
QSM-02033: no filter conditions are present in the WHERE clause
Archived Log entry 946 added for thread 1 sequence 7051
Current log# 333 seq# 1181 mem# 0
ORA-03170: deadlocked on readable physical standby (undo segment 5000 )
Redo thread mounted read/write
Redo thread mounted read/write
SUCCESS: diskgroup DATA was mounted
ORA-24436: Invalid statement Handle.
Current log# 395 seq# 5705 mem# 0
SUCCESS: diskgroup DATA was mounted
Completed checkpoint up to RBA
Beginning log switch checkpoint up to RBA
XOQ-01949: The AWCubeOrganization for cube " UNDOTBS1 " is marked as DENSE but contains SPARSE dimensions.
Beginning log switch checkpoint up to RBA
ORA-16252: Rebuild operation not permitted
Starting background process VKTM
ARC0: Archival started
Current log# 796 seq# 5770 mem# 0
Instance shutdown complete
Completed checkpoint up to RBA
Completed checkpoint up to RBA
ORA-01220: file based sort illegal before database is open
Errors in file /u01/app/oracle/diag/rdbms/ttprod/ttprod1/trace/ttprod1_ora_82919.trc
Beginning log switch checkpoint up to RBA
Instance shutdown complete
Instance shutdown complete
Thread 1 advanced to log sequence 93
PRIF-00008: failed to initialize the prifcg context
ORA-26723: user " INVOICE_LINES_IDX " requires the role " PK_CUSTOMER_ACCOUNTS "
Autotune of undo retention is turned on.
Redo thread mounted read/write
Starting background process VKTM
NNL-00931: Requests refused, no cached meta-data: number
Errors in file /u01/app/oracle/diag/rdbms/ttprod/ttprod1/trace/ttprod1_ora_41303.trc
Instance shutdown complete
IMG-00516: default channel out of range
Starting background process VKTM
Undo initialization finished
Starting background process VKTM
Undo initialization finished
ORA-12645: Parameter does not exist.
Completed checkpoint up to RBA
CRS-02401: The Cluster Time Synchronization Service started on host TNS_ADMIN .
Archived Log entry 312 added for thread 1 sequence 3702
Redo thread mounted read/write
Redo thread mounted read/write
SUCCESS: diskgroup DATA was mounted
XOQ-02117: The new name " 3 " for object " USERS " is not valid.
Beginning log switch checkpoint up to RBA
Archived Log entry 464 added for thread 1 sequence 3115
ORA-00363: log is not the archived version
Beginning log switch checkpoint up to RBA
Undo initialization finished
ARC0: Archival started
Completed checkpoint up to RBA
Completed checkpoint up to RBA
ORA-39231: invalid data remap name: INVOICE_LINES_IDX
Redo thread mounted read/write
Redo thread mounted read/write
Autotune of undo retention is turned on.
Thread 1 advanced to log sequence 271
TNS-01095: 1024 * 5000 * APP_USER42 * number
Beginning log switch checkpoint up to RBA
Starting background process VKTM
Current log# 345 seq# 2484 mem# 0
Current log# 279 seq# 8124 mem# 0
Completed checkpoint up to RBA
ORA-23433: executing against wrong master site UNDOTBS1
Undo initialization finished
Thread 1 advanced to log sequence 230
Autotune of undo retention is turned on.
Thread 1 advanced to log sequence 167
Beginning log switch checkpoint up to RBA
LPX-00258: invalid "Mixed" specification in element declaration
Thread 1 advanced to log sequence 693
Archived Log entry 823 added for thread 1 sequence 7781
Beginning log switch checkpoint up to RBA
Redo thread mounted read/write
ORA-36814: (XSTBLFUNC07) The datatype of the column used in the ROW2CELL clause of a LIMITMAP must be RAW(16).
Beginning log switch checkpoint up to RBA
ORA-33213: (CINSERT06) The target position for MAINTAIN ADD or MAINTAIN MOVE cannot fall in the range of session-only values.
Errors in file /u01/app/oracle/diag/rdbms/ttprod/ttprod1/trace/ttprod1_ora_52023.trc
Starting background process VKTM
Thread 1 advanced to log sequence 363
Current log# 532 seq# 6357 mem# 0
Beginning log switch checkpoint up to RBA
ORA-44801: NULL classifier list not permitted
Redo thread mounted read/write
Undo initialization finished
Current log# 65 seq# 9423 mem# 0
CRS-01646: Creation of a EXADATA fence identifier failed with error ORA- number ; details at large pool in ttstandby01
Errors in file /u01/app/oracle/diag/rdbms/ttprod/ttprod1/trace/ttprod1_ora_14971.trc
Undo initialization finished
Completed checkpoint up to RBA
ORA-02816: Unable to kill a process
Errors in file /u01/app/oracle/diag/rdbms/ttprod/ttprod1/trace/ttprod1_ora_97536.trc
SUCCESS: diskgroup DATA was mounted
ORA-01984: invalid auditing option for procedures/packages/functions
Errors in file /u01/app/oracle/diag/rdbms/ttprod/ttprod1/trace/ttprod1_ora_40772.trc
Instance shutdown complete
Instance shutdown complete
Beginning log switch checkpoint up to RBA
Instance shutdown complete
Completed checkpoint up to RBA
OCI-30934: ' /u01/app/oracle/oradata/ttprod/users01.dbf ' ( TNS_ADMIN node) cannot be inserted in parent ' session_1123 ' ( ttstandby01 node)
Completed checkpoint up to RBA
XOQ-00287: error adding analytic workspace "( ttstandby01 )" to branch ( ttprod1 )
Completed checkpoint up to RBA
ARC0: Archival started
Redo thread mounted read/write
ARC0: Archival started
Thread 1 advanced to log sequence 858
RMAN-05500: the auxiliary database must be not mounted when issuing a DUPLICATE command
ORA-31091: empty _SYSSMU7$ specified as a SQL name
Starting background process VKTM
TNS-12612: TNS:connection is busy
Starting background process VKTM
ARC0: Archival started
DIA-48251: Failed to open relation due to following error
Current log# 924 seq# 8090 mem# 0
Completed checkpoint up to RBA
Autotune of undo retention is turned on.
DRG-11222: Third-party filter does not support this known document format.
Errors in file /u01/app/oracle/diag/rdbms/ttprod/ttprod1/trace/ttprod1_ora_13263.trc
Thread 1 advanced to log sequence 178
PROT-00604: Failed to retrieve the configured location(s) of the cluster registry.
SUCCESS: diskgroup DATA was mounted
Autotune of undo retention is turned on.
Beginning log switch checkpoint up to RBA
ORA-02031: no ROWID for fixed tables or for external-organized tables
Completed checkpoint up to RBA
ORA-36679: (XSDPART17) workspace object contains a leaf ( workspace object ) that is not part of the partition dimension workspace object .
Beginning log switch checkpoint up to RBA
SUCCESS: diskgroup DATA was mounted
ORA-28151: more than one user name specified for command
Errors in file /u01/app/oracle/diag/rdbms/ttprod/ttprod1/trace/ttprod1_ora_64742.trc
Thread 1 advanced to log sequence 767
SUCCESS: diskgroup DATA was mounted
Redo thread mounted read/write
Thread 1 advanced to log sequence 667
ORA-01323: Invalid state
ARC0: Archival started
Instance shutdown complete
Beginning log switch checkpoint up to RBA
ORA-27010: skgfwrt: write to file failed
Beginning log switch checkpoint up to RBA
Starting background process VKTM
Autotune of undo retention is turned on.
Completed checkpoint up to RBA
NNL-00530: quit|exit : exit the names control program
DIA-49406: Undefined configuration parameter specified [ 5000 ]
ARC0: Archival started
Starting background process VKTM
Instance shutdown complete
Archived Log entry 921 added for thread 1 sequence 1973
Current log# 531 seq# 6565 mem# 0
Starting background process VKTM
LPX-00659: Output write failed.
Current log# 58 seq# 2744 mem# 0
Redo thread mounted read/write
ORA-56870: Attempt to register dead cell with Master Diskmon
Errors in file /u01/app/oracle/diag/rdbms/ttprod/ttprod1/trace/ttprod1_ora_12853.trc
Undo initialization finished
Thread 1 advanced to log sequence 129
ORA-07848: sllfrb: $GET failure
Thread 1 advanced to log sequence 581
Instance shutdown complete
Completed checkpoint up to RBA
ORA-19821: an intentionally corrupt log file was found
Undo initialization finished
ARC0: Archival started
Beginning log switch checkpoint up to RBA
Archived Log entry 264 added for thread 1 sequence 1334
Undo initialization finished
PRCR-01114: Failed to relocate servers {0} into server pool {1}
Thread 1 advanced to log sequence 746
Starting background process VKTM
RMAN-06418: proxy incremental backups with level > 0 not supported
Starting background process VKTM
SUCCESS: diskgroup DATA was mounted
PLS-00332: " 3 " is not a valid prefix for a qualified name
ARC0: Archival started
Instance shutdown complete
Starting background process VKTM
ORA-12623: TNS:operation is illegal in this state
Errors in file /u01/app/oracle/diag/rdbms/ttprod/ttprod1/trace/ttprod1_ora_50670.trc
Redo thread mounted read/write
Redo thread mounted read/write
Starting background process VKTM
RMAN-05539: DUPLICATE TARGET DATABASE cannot be used without connecting to the TARGET
Undo initialization finished
ORA-08175: discrete transaction restriction violated ( CDR_STAGING )
Archived Log entry 665 added for thread 1 sequence 2507
PRVF-00001: Could not retrieve static nodelist. Verification cannot proceed
Errors in file /u01/app/oracle/diag/rdbms/ttprod/ttprod1/trace/ttprod1_ora_20311.trc
SUCCESS: diskgroup DATA was mounted
Starting background process VKTM
Undo initialization finished
Instance shutdown complete
Redo thread mounted read/write
ARC0: Archival started
ORA-14032: partition bound of partition number session_1123 is too high
ARC0: Archival started
SUCCESS: diskgroup DATA was mounted
Autotune of undo retention is turned on.
Current log# 500 seq# 3115 mem# 0
Current log# 348 seq# 4306 mem# 0
Archived Log entry 154 added for thread 1 sequence 2506
PGA-22001: remote host name is null.
ORA-14758: Last partition in the range section cannot be dropped
Completed checkpoint up to RBA
ORA-19595: archived log ttstandby01 already included in backup conversation
Undo initialization finished
SUCCESS: diskgroup DATA was mounted
Redo thread mounted read/write
RMAN-08600: ASM disk group to search: 17
Beginning log switch checkpoint up to RBA
Redo thread mounted read/write
Current log# 187 seq# 6655 mem# 0
DIA-48909: Scan context is not initialized
Errors in file /u01/app/oracle/diag/rdbms/ttprod/ttprod1/trace/ttprod1_ora_75858.trc
Thread 1 advanced to log sequence 87
Thread 1 advanced to log sequence 8
Undo initialization finished
Instance shutdown complete
Undo initialization finished
ORA-13288: point coordinate transformation error
ORA-27157: OS post/wait facility removed
Errors in file /u01/app/oracle/diag/rdbms/ttprod/ttprod1/trace/ttprod1_ora_16330.trc
Redo thread mounted read/write
Archived Log entry 54 added for thread 1 sequence 5983
ORA-06413: Connection not open.
Archived Log entry 883 added for thread 1 sequence 6064
ARC0: Archival started
ORA-53012: cannot find the <UNMAPPED_ELEM> tag value in the metadata schema
Current log# 392 seq# 6369 mem# 0
Beginning log switch checkpoint up to RBA
Redo thread mounted read/write
ARC0: Archival started
ARC0: Archival started
SUCCESS: diskgroup DATA was mounted
DIA-48104: read mismatch on blocks requested and returned, [ ttstandby01 ], [ APP_USER42 ]
Current log# 814 seq# 7072 mem# 0
ARC0: Archival started
Completed checkpoint up to RBA
Completed checkpoint up to RBA
Instance shutdown complete
NZE-28863: SSL session not found
Redo thread mounted read/write
ARC0: Archival started
ARC0: Archival started
Undo initialization finished
Beginning log switch checkpoint up to RBA
TNS-00043: The CMANAGER has active connections, do you still want to stop it (y/n)?
ORA-28556: authorization insufficient to access table
ARC0: Archival started
Completed checkpoint up to RBA
Current log# 758 seq# 9180 mem# 0
Starting background process VKTM
Instance shutdown complete
ORA-01161: database name INVOICE_LINES_IDX in file header does not match given name of SP2-0552
Current log# 588 seq# 4604 mem# 0
Instance shutdown complete
Archived Log entry 293 added for thread 1 sequence 6994
Thread 1 advanced to log sequence 973
Undo initialization finished
Undo initialization finished
ORA-06744: TLI Driver: listener cannot bind
Errors in file /u01/app/oracle/diag/rdbms/ttprod/ttprod1/trace/ttprod1_ora_32687.trc
OCI-04068: existing state of packages APP_USER42 CDR_STAGING 3 has been discarded
Autotune of undo retention is turned on.
Undo initialization finished
ORA-00832: no streams pool created and cannot automatically create one
Thread 1 advanced to log sequence 95
Instance shutdown complete
PRVF-04309: The effective group id "{0}" differs from the primary group id "{1}" of user "{2}"
Errors in file /u01/app/oracle/diag/rdbms/ttprod/ttprod1/trace/ttprod1_ora_43157.trc
Completed checkpoint up to RBA
Current log# 578 seq# 4028 mem# 0
Starting background process VKTM
PRVF-04020: Inconsistent group IDs found for group "{0}"
Archived Log entry 684 added for thread 1 sequence 6670
Completed checkpoint up to RBA
Instance shutdown complete
ORA-17620: failed to register the network adapter with Oracle Disk Manager library: SP2-0552
Errors in file /u01/app/oracle/diag/rdbms/ttprod/ttprod1/trace/ttprod1_ora_30902.trc
Instance shutdown complete
Redo thread mounted read/write
Starting background process VKTM
Starting background process VKTM
KUP-04007: end of file reached
Errors in file /u01/app/oracle/diag/rdbms/ttprod/ttprod1/trace/ttprod1_ora_57327.trc
Starting background process VKTM
Current log# 121 seq# 1292 mem# 0
Archived Log entry 722 added for thread 1 sequence 6917
Autotune of undo retention is turned on.
ORA-13023: interior element interacts with exterior element
Errors in file /u01/app/oracle/diag/rdbms/ttprod/ttprod1/trace/ttprod1_ora_13104.trc
ARC0: Archival started
RMAN-12000: execution layer initialization failed
Current log# 808 seq# 7532 mem# 0
SUCCESS: diskgroup DATA was mounted
Instance shutdown complete
Beginning log switch checkpoint up to RBA
Instance shutdown complete
Current log# 721 seq# 5309 mem# 0
XOQ-01963: MappedDimension " 17 " does not match CubeDimensionality " DATA_TS01 " specified for a CubeDimensionalityMap.
Thread 1 advanced to log sequence 667
Completed checkpoint up to RBA
SUCCESS: diskgroup DATA was mounted
Current log# 512 seq# 1795 mem# 0
Completed checkpoint up to RBA
Completed checkpoint up to RBA
TNS-00211: Total Active Pumps : number
ORA-08206: ora_addr: cannot translate address file name
Undo initialization finished
ORA-01112: media recovery not started
Completed checkpoint up to RBA
ARC0: Archival started
SUCCESS: diskgroup DATA was mounted
ORA-30399: a skip level must have at least one column that allows NULL values
Errors in file /u01/app/oracle/diag/rdbms/ttprod/ttprod1/trace/ttprod1_ora_88009.trc
Beginning log switch checkpoint up to RBA
Undo initialization finished
ORA-38503: index already defined using the parameters
ARC0: Archival started
Autotune of undo retention is turned on.
PGU-42035: invalid null operand in pseudo-text in a COPY REPLACING clause
Instance shutdown complete
Redo thread mounted read/write
ORA-22926: specified trim length is greater than current LOB value's length
Completed checkpoint up to RBA
Thread 1 advanced to log sequence 616
Starting background process VKTM
Archived Log entry 136 added for thread 1 sequence 1133
CLSU-00222: WARNING printed by clsecho: /u01/app/oracle/oradata/ttprod/users01.dbf
SUCCESS: diskgroup DATA was mounted
Archived Log entry 680 added for thread 1 sequence 4656
ORA-14070: option may be specified only for partitioned indices or with REBUILD
Errors in file /u01/app/oracle/diag/rdbms/ttprod/ttprod1/trace/ttprod1_ora_65804.trc
ARC0: Archival started
ARC0: Archival started
Redo thread mounted read/write
Autotune of undo retention is turned on.
ORA-07235: slemcw: fwrite error.
Errors in file /u01/app/oracle/diag/rdbms/ttprod/ttprod1/trace/ttprod1_ora_78317.trc
Completed checkpoint up to RBA
Thread 1 advanced to log sequence 832
Beginning log switch checkpoint up to RBA
DIA-48460: The home path [ NETWORK_OPS.SIM_INVENTORY ] is not valid
Undo initialization finished
Redo thread mounted read/write
SUCCESS: diskgroup DATA was mounted
Thread 1 advanced to log sequence 531
Autotune of undo retention is turned on.
SUCCESS: diskgroup DATA was mounted
ORA-36208: (XSAGOP05N) In AGGMAP workspace object , you can only specify NAOPERATOR large pool with the PROPORTIONAL or EVEN operators, not large pool .
Instance shutdown complete
Completed checkpoint up to RBA
PRVF-00051: The Remote Copy command "{0}" requested by the client is not an executable file
SUCCESS: diskgroup DATA was mounted
SUCCESS: diskgroup DATA was mounted
Completed checkpoint up to RBA
Undo initialization finished
SUCCESS: diskgroup DATA was mounted
DRG-11877: This Cache Version Has Expired And Will Be Automatically Reloaded
Thread 1 advanced to log sequence 337
Autotune of undo retention is turned on.
ORA-16169: LGWR network server invalid parameters
Beginning log switch checkpoint up to RBA
Completed checkpoint up to RBA
LSX-00270: hex-encoded binary has odd length
Completed checkpoint up to RBA
JMS-00101: Invalid delivery mode {0}
Autotune of undo retention is turned on.
Redo thread mounted read/write
Starting background process VKTM
ARC0: Archival started
Completed checkpoint up to RBA
PRCA-01029: Failed to associate listener {0} with ASM {1}
Errors in file /u01/app/oracle/diag/rdbms/ttprod/ttprod1/trace/ttprod1_ora_58847.trc
ORA-15285: disk ' CDR_STAGING ' violates disk group attribute NETWORK_OPS.SIM_INVENTORY
Starting background process VKTM
Beginning log switch checkpoint up to RBA
Autotune of undo retention is turned on.
Archived Log entry 137 added for thread 1 sequence 5596
Autotune of undo retention is turned on.
Thread 1 advanced to log sequence 430
ORA-13340: a point geometry has more than one coordinate
Errors in file /u01/app/oracle/diag/rdbms/ttprod/ttprod1/trace/ttprod1_ora_73875.trc
Beginning log switch checkpoint up to RBA
Thread 1 advanced to log sequence 839
Instance shutdown complete
Autotune of undo retention is turned on.
RMAN-06552: newname for datafile number was set to NEW, but file was not restored
Autotune of undo retention is turned on.
Archived Log entry 486 added for thread 1 sequence 7826
Instance shutdown complete
Current log# 360 seq# 3781 mem# 0
Archived Log entry 88 added for thread 1 sequence 4887
Autotune of undo retention is turned on.
PRCD-01190: Cannot update server pool to {0} for single instance database service {1}
Undo initialization finished
SUCCESS: diskgroup DATA was mounted
Redo thread mounted read/write
Archived Log entry 196 added for thread 1 sequence 5637
Autotune of undo retention is turned on.
ORA-16061: Log file status has changed.
Errors in file /u01/app/oracle/diag/rdbms/ttprod/ttprod1/trace/ttprod1_ora_71900.trc
Starting background process VKTM
Thread 1 advanced to log sequence 134
Current log# 343 seq# 6528 mem# 0
Beginning log switch checkpoint up to RBA
Starting background process VKTM
ORA-25454: error during evaluation of rule set: INVOICE_LINES_IDX . DATA_TS01 for iterator: BILLING.CUST_ORDERS
Thread 1 advanced to log sequence 563
Redo thread mounted read/write
Archived Log entry 914 added for thread 1 sequence 8532
Redo thread mounted read/write
Autotune of undo retention is turned on.
ORA-48907: The end of file is reached
Redo thread mounted read/write
ORA-01629: max # extents ( NETWORK_OPS.SIM_INVENTORY ) reached saving undo for tablespace SP2-0552
Instance shutdown complete
ARC0: Archival started
LPX-01106: [FOAR0002] Numeric operation overflow/underflow
Undo initialization finished
ARC0: Archival started
Instance shutdown complete
Undo initialization finished
Undo initialization finished
Redo thread mounted read/write
PGU-41110: field name 17 appears multiple times in data definition BILLING.CUST_ORDERS
Errors in file /u01/app/oracle/diag/rdbms/ttprod/ttprod1/trace/ttprod1_ora_68060.trc
Thread 1 advanced to log sequence 968
Completed checkpoint up to RBA
Thread 1 advanced to log sequence 377
Redo thread mounted read/write
Starting background process VKTM
Undo initialization finished
ORA-12490: DBHIGH cannot be lowered
Archived Log entry 500 added for thread 1 sequence 1062
SUCCESS: diskgroup DATA was mounted
XOQ-01725: unknown named build specification " _SYSSMU12$ "
Starting background process VKTM
Completed checkpoint up to RBA
Undo initialization finished
SUCCESS: diskgroup DATA was mounted
INS-40714: Single Client Access Name (SCAN) Name: USERS contains invalid characters.
Errors in file /u01/app/oracle/diag/rdbms/ttprod/ttprod1/trace/ttprod1_ora_51466.trc
Archived Log entry 923 added for thread 1 sequence 5336
Undo initialization finished
ARC0: Archival started
Current log# 173 seq# 6941 mem# 0
Autotune of undo retention is turned on.
RDJ-00059: The trace file " 42 " cannot be created
Instance shutdown complete
Starting background process VKTM
SUCCESS: diskgroup DATA was mounted
Thread 1 advanced to log sequence 749
Current log# 785 seq# 3753 mem# 0
SUCCESS: diskgroup DATA was mounted
DRG-11805: Accepted
Starting background process VKTM
Instance shutdown complete
Beginning log switch checkpoint up to RBA
Instance shutdown complete
Instance shutdown complete
Undo initialization finished
ORA-19682: file USERS not in block media recovery context
PLS-00306: wrong number or types of arguments in call to ' USERS '
Instance shutdown complete
Undo initialization finished
Archived Log entry 461 added for thread 1 sequence 2891
Redo thread mounted read/write
RMAN-11002: could not open a cursor to the target database
Starting background process VKTM
Instance shutdown complete
ORA-19838: Cannot use this control file to open database
Autotune of undo retention is turned on.
Beginning log switch checkpoint up to RBA
Beginning log switch checkpoint up to RBA
Redo thread mounted read/write
Current log# 618 seq# 7928 mem# 0
LSX-00149: duplicated ID specified in "~S"
QSM-02047: window function in mv
ARC0: Archival started
ORA-39130: Object type APP_USER42 not imported. Base object name conflicts with the master table
Thread 1 advanced to log sequence 270
Autotune of undo retention is turned on.
Beginning log switch checkpoint up to RBA
Autotune of undo retention is turned on.
Starting background process VKTM
Autotune of undo retention is turned on.
ORA-10567: Redo is inconsistent with data block (file# SYSAUX , block# INVOICE_LINES_IDX , file offset is 5000 bytes)
Starting background process VKTM
Redo thread mounted read/write
Archived Log entry 696 added for thread 1 sequence 9895
ORA-12022: materialized view log on " _SYSSMU7$ "." shared pool " already has rowid
Errors in file /u01/app/oracle/diag/rdbms/ttprod/ttprod1/trace/ttprod1_ora_24383.trc
SUCCESS: diskgroup DATA was mounted
Undo initialization finished
Beginning log switch checkpoint up to RBA
SUCCESS: diskgroup DATA was mounted
Thread 1 advanced to log sequence 316
ORA-55474: internal error: [ SYSAUX ],[ TNS_ADMIN ],[ 5000 ]
ARC0: Archival started
Autotune of undo retention is turned on.
LPX-01109: [FOCA0005] NaN supplied as float/double value
Redo thread mounted read/write
Undo initialization finished
SUCCESS: diskgroup DATA was mounted
Undo initialization finished
Completed checkpoint up to RBA
PRKO-02050: Error in enabling ASM instance on node {0}. {1}
Undo initialization finished
Current log# 546 seq# 6816 mem# 0
Archived Log entry 882 added for thread 1 sequence 2843
PGU-39201: Initialization failure rc %4li
ORA-14316: table is not partitioned by List method
Beginning log switch checkpoint up to RBA
Autotune of undo retention is turned on.
Autotune of undo retention is turned on.
Completed checkpoint up to RBA
ORA-28053: the account is inactive
ORA-42011: error occurred while completing the redefinition
Errors in file /u01/app/oracle/diag/rdbms/ttprod/ttprod1/trace/ttprod1_ora_23277.trc
Beginning log switch checkpoint up to RBA
Archived Log entry 561 added for thread 1 sequence 3172
Instance shutdown complete
Archived Log entry 228 added for thread 1 sequence 9336
ARC0: Archival started
Autotune of undo retention is turned on.
PRCD-01204: Failed to update administrator-managed database {0} to use server pool {1}
Autotune of undo retention is turned on.
Completed checkpoint up to RBA
Thread 1 advanced to log sequence 548
Instance shutdown complete
ARC0: Archival started
PRKO-02056: Error occured while checking dependent resources on network {0}. Network was not removed.
Autotune of undo retention is turned on.
Redo thread mounted read/write
Autotune of undo retention is turned on.
ORA-19166: FONS0003: FONS0004: no namespace found for prefix
Thread 1 advanced to log sequence 361
Beginning log switch checkpoint up to RBA
Beginning log switch checkpoint up to RBA
Beginning log switch checkpoint up to RBA
Autotune of undo retention is turned on.
PRCA-01040: Failed to check the existence of volume device {0}
Completed checkpoint up to RBA
ARC0: Archival started
Starting background process VKTM
Starting background process VKTM
ORA-01207: file is more recent than control file - old control file
TNS-01420: Presentation: ttprod2
Completed checkpoint up to RBA
Autotune of undo retention is turned on.
ORA-01882: timezone region not found
Starting background process VKTM
Current log# 718 seq# 5815 mem# 0
Archived Log entry 939 added for thread 1 sequence 8794
Autotune of undo retention is turned on.
ORA-07757: slemcc: invalid handle
Errors in file /u01/app/oracle/diag/rdbms/ttprod/ttprod1/trace/ttprod1_ora_94555.trc
Undo initialization finished
Starting background process VKTM
Starting background process VKTM
RDE-06017: internal system error
Instance shutdown complete
Completed checkpoint up to RBA
Starting background process VKTM
NNO-00054: invalid domain name " 1024 "
Instance shutdown complete
ARC0: Archival started
Starting background process VKTM
Current log# 970 seq# 1690 mem# 0
Instance shutdown complete
Current log# 670 seq# 1923 mem# 0
NID-00396: Reverting database ID from number to number
Current log# 885 seq# 7668 mem# 0
Starting background process VKTM
Instance shutdown complete
Archived Log entry 894 added for thread 1 sequence 8616
Instance shutdown complete
Redo thread mounted read/write
ORA-48247: Predicate Conversion Error 3
SUCCESS: diskgroup DATA was mounted
Thread 1 advanced to log sequence 780
Autotune of undo retention is turned on.
Completed checkpoint up to RBA
ORA-26738: ttprod1 ' PK_CUSTOMER_ACCOUNTS ' is not empty
Instance shutdown complete
Thread 1 advanced to log sequence 158
Starting background process VKTM
SQL-02142: Collection is NULL
Errors in file /u01/app/oracle/diag/rdbms/ttprod/ttprod1/trace/ttprod1_ora_16717.trc
JMS-00115: Consumer is closed
Autotune of undo retention is turned on.
PRVF-04606: User equivalence not found for reference node "{0}"
Errors in file /u01/app/oracle/diag/rdbms/ttprod/ttprod1/trace/ttprod1_ora_24709.trc
Autotune of undo retention is turned on.
ORA-30943: XML Schema ' UNDOTBS1 ' is dependent on XML schema ' PK_CUSTOMER_ACCOUNTS '
Beginning log switch checkpoint up to RBA
Starting background process VKTM
ORA-25118: invalid DUMP DATAFILE/TEMPFILE option
Thread 1 advanced to log sequence 110
Starting background process VKTM
ARC0: Archival started
Completed checkpoint up to RBA
SUCCESS: diskgroup DATA was mounted
Archived Log entry 451 added for thread 1 sequence 6792
ORA-24149: invalid rule name
Thread 1 advanced to log sequence 997
Autotune of undo retention is turned on.
Beginning log switch checkpoint up to RBA
ORA-06721: TLI Driver: spurious client req
Beginning log switch checkpoint up to RBA
Instance shutdown complete
Redo thread mounted read/write
Completed checkpoint up to RBA
ORA-32165: Cannot get XA environment
Autotune of undo retention is turned on.
Redo thread mounted read/write
Autotune of undo retention is turned on.
Beginning log switch checkpoint up to RBA
ORA-28064: The redaction function is not valid.
Autotune of undo retention is turned on.
Current log# 570 seq# 6196 mem# 0
Completed checkpoint up to RBA
LPX-00904: Invalid inputs were supplied to XmlDiff or XmlPatch
Archived Log entry 950 added for thread 1 sequence 3073
ORA-48143: error changing permissions for a file
Starting background process VKTM
Current log# 501 seq# 6638 mem# 0
Completed checkpoint up to RBA
ORA-06791: TLI Driver: poll returned error event
PRVF-04087: Node connectivity check failed
Errors in file /u01/app/oracle/diag/rdbms/ttprod/ttprod1/trace/ttprod1_ora_80825.trc
Redo thread mounted read/write
SUCCESS: diskgroup DATA was mounted
Undo initialization finished
Redo thread mounted read/write
Thread 1 advanced to log sequence 97
ORA-14038: GLOBAL partitioned index must be prefixed
SUCCESS: diskgroup DATA was mounted
Redo thread mounted read/write
Redo thread mounted read/write
ORA-27197: skgfprs: sbtpcrestore returned error
Errors in file /u01/app/oracle/diag/rdbms/ttprod/ttprod1/trace/ttprod1_ora_35566.trc
Instance shutdown complete
Archived Log entry 378 added for thread 1 sequence 7991
ORA-14052: partition-extended table name syntax is disallowed in this context
Undo initialization finished
Redo thread mounted read/write
ARC0: Archival started
Instance shutdown complete
ORA-15237: attribute ttprod2 cannot be set in CREATE DISKGROUP
Autotune of undo retention is turned on.
Undo initialization finished
XOQ-01997: A partition level of the cube is invalid.
Completed checkpoint up to RBA
TNS-12229: TNS:Interchange has no more free connections
Thread 1 advanced to log sequence 550
Starting background process VKTM
Completed checkpoint up to RBA
PGU-20001: _SYSSMU7$ of large pool variable of PK_CUSTOMER_ACCOUNTS statement failed for table DATA_TS01 , rc= number
DRG-10754: memory size must be between NETWORK_OPS.SIM_INVENTORY and 3
Beginning log switch checkpoint up to RBA
ARC0: Archival started
Beginning log switch checkpoint up to RBA
Undo initialization finished
ORA-00601: cleanup lock conflict
Starting background process VKTM
QSM-02062: GROUP BY clause in mv
Beginning log switch checkpoint up to RBA
Archived Log entry 636 added for thread 1 sequence 3918
PRVF-05507: NTP daemon or service is not running on any node but NTP configuration file exists on the following node(s):
Starting background process VKTM
Thread 1 advanced to log sequence 337
ORA-32607: invalid ITERATE value in MODEL clause
Beginning log switch checkpoint up to RBA
ORA-24032: object 5000 exists, index could not be created for queue table 3
Beginning log switch checkpoint up to RBA
Thread 1 advanced to log sequence 280
Current log# 896 seq# 6404 mem# 0
Redo thread mounted read/write
CRS-02802: Purging events not published within 15 minutes
Completed checkpoint up to RBA
Thread 1 advanced to log sequence 973
CRS-09506: The system monitor service local repository is disabled on the host INVOICE_LINES_IDX . Details at CRM.CALL_DETAIL_RECORDS in NETWORK_OPS.SIM_INVENTORY .
ARC0: Archival started
Undo initialization finished
Starting background process VKTM
ORA-12872: First slave parse gave different plan
Errors in file /u01/app/oracle/diag/rdbms/ttprod/ttprod1/trace/ttprod1_ora_76367.trc
SUCCESS: diskgroup DATA was mounted
Undo initialization finished
ORA-47304: error updating Role 3 , CRM.CALL_DETAIL_RECORDS
Errors in file /u01/app/oracle/diag/rdbms/ttprod/ttprod1/trace/ttprod1_ora_77411.trc
Undo initialization finished
KFOD-00401: OS failure message: shared pool
Errors in file /u01/app/oracle/diag/rdbms/ttprod/ttprod1/trace/ttprod1_ora_45572.trc
Redo thread mounted read/write
Current log# 948 seq# 2560 mem# 0
Beginning log switch checkpoint up to RBA
ORA-38454: attribute set not defined for the column being indexed
Beginning log switch checkpoint up to RBA
Autotune of undo retention is turned on.
ARC0: Archival started
Instance shutdown complete
Beginning log switch checkpoint up to RBA
ORA-12701: CREATE DATABASE character set is not known
Autotune of undo retention is turned on.
Autotune of undo retention is turned on.
ORA-36198: (XSAGGR33) Cannot aggregate over COMPRESSED COMPOSITE workspace object using AGGMAP workspace object because the operator variable with more than 1 line dimensions is not supported for bases of a COMPRESSED COMPOSITE.
Errors in file /u01/app/oracle/diag/rdbms/ttprod/ttprod1/trace/ttprod1_ora_61473.trc
Thread 1 advanced to log sequence 702
Current log# 366 seq# 5700 mem# 0
PRCD-01230: Failed to modify database {0} to use server pool {1}
Thread 1 advanced to log sequence 462
Beginning log switch checkpoint up to RBA
Current log# 789 seq# 7569 mem# 0
Completed checkpoint up to RBA
Archived Log entry 129 added for thread 1 sequence 8762
ORA-16093: dependent archive log destination is not LGWR-enabled
Beginning log switch checkpoint up to RBA
ARC0: Archival started
ORA-29963: missing BINDING keyword
Beginning log switch checkpoint up to RBA
ORA-23482: column CRM.CALL_DETAIL_RECORDS of " SYSAUX "." ttstandby01 ": object types not allowed.
Undo initialization finished
Instance shutdown complete
Starting background process VKTM
Instance shutdown complete
Archived Log entry 752 added for thread 1 sequence 8906
Thread 1 advanced to log sequence 837
ORA-24373: invalid length specified for statement
Redo thread mounted read/write
Completed checkpoint up to RBA
Completed checkpoint up to RBA
ORA-00398: abort thread recovery due to reconfiguration
Instance shutdown complete
Starting background process VKTM
PRCD-01052: Failed to remove instance from database {0}
Instance shutdown complete
IMP-00029: cannot qualify table name by owner ( SYSAUX ), use FROMUSER parameter
Errors in file /u01/app/oracle/diag/rdbms/ttprod/ttprod1/trace/ttprod1_ora_40227.trc
ARC0: Archival started
TNS-00203: Unable to start tracing in intlsnr
Errors in file /u01/app/oracle/diag/rdbms/ttprod/ttprod1/trace/ttprod1_ora_12232.trc
Undo initialization finished
Redo thread mounted read/write
Current log# 759 seq# 5879 mem# 0
ARC0: Archival started
KUP-04054: internal error: invalid bad row number identified for bad column number
Errors in file /u01/app/oracle/diag/rdbms/ttprod/ttprod1/trace/ttprod1_ora_10988.trc
Thread 1 advanced to log sequence 1
Instance shutdown complete
Redo thread mounted read/write
Archived Log entry 221 added for thread 1 sequence 4533
ORA-01799: a column may not be outer-joined to a subquery
Beginning log switch checkpoint up to RBA
Redo thread mounted read/write
ORA-08401: invalid compiler name: ttstandby01
ORA-39771: stream must be loaded before its handle is freed
Current log# 654 seq# 9819 mem# 0
PRVF-07721: Fixup cannot be generated for creating user "{0}" on node "{1}"
Errors in file /u01/app/oracle/diag/rdbms/ttprod/ttprod1/trace/ttprod1_ora_50248.trc
OCI-31089: schema " DATA_TS01 " does not target namespace " USERS "
Errors in file /u01/app/oracle/diag/rdbms/ttprod/ttprod1/trace/ttprod1_ora_96362.trc
Redo thread mounted read/write
ORA-13450: GeoRaster metadata layerInfo error
SUCCESS: diskgroup DATA was mounted
SUCCESS: diskgroup DATA was mounted
Current log# 390 seq# 8346 mem# 0
Current log# 747 seq# 8464 mem# 0
PRCI-01107: Failed to check CRS running state for CRS home {0}
Thread 1 advanced to log sequence 85
SUCCESS: diskgroup DATA was mounted
Redo thread mounted read/write
ORA-24025: invalid value DATA_TS01 , QUEUE_PAYLOAD_TYPE should be RAW or an object type
Errors in file /u01/app/oracle/diag/rdbms/ttprod/ttprod1/trace/ttprod1_ora_93587.trc
Completed checkpoint up to RBA
Beginning log switch checkpoint up to RBA
Starting background process VKTM
Archived Log entry 333 added for thread 1 sequence 1445
ARC0: Archival started
ORA-40211: algorithm name SP2-0552 is invalid
Errors in file /u01/app/oracle/diag/rdbms/ttprod/ttprod1/trace/ttprod1_ora_45005.trc
Undo initialization finished
ARC0: Archival started
Starting background process VKTM
ARC0: Archival started
Completed checkpoint up to RBA
PGU-35017: missing environment BILLING.CUST_ORDERS 1024 for t# SYSAUX d# large pool
Errors in file /u01/app/oracle/diag/rdbms/ttprod/ttprod1/trace/ttprod1_ora_84672.trc
Archived Log entry 183 added for thread 1 sequence 7735
LPX-01052: [XQDY0052]
Starting background process VKTM
Current log# 859 seq# 6048 mem# 0
LPX-00756: Etags and tokens must be either all tagged or all untagged
Archived Log entry 884 added for thread 1 sequence 2617
Instance shutdown complete
ARC0: Archival started
Redo thread mounted read/write
SUCCESS: diskgroup DATA was mounted
DRG-12517: cannot add stopthemes to a MULTI_STOPLIST
Completed checkpoint up to RBA
Current log# 822 seq# 8053 mem# 0
Completed checkpoint up to RBA
ARC0: Archival started
Archived Log entry 533 added for thread 1 sequence 6417
ORA-14001: LOCAL clause contradicts previosly specified GLOBAL clause
Undo initialization finished
SUCCESS: diskgroup DATA was mounted
ARC0: Archival started
Instance shutdown complete
ARC0: Archival started
ORA-39142: incompatible version number CDR_STAGING in dump file " 17 "
Errors in file /u01/app/oracle/diag/rdbms/ttprod/ttprod1/trace/ttprod1_ora_29707.trc
Instance shutdown complete
Autotune of undo retention is turned on.
ORA-13610: The directive SYSAUX does not exist for task 5000 .
Errors in file /u01/app/oracle/diag/rdbms/ttprod/ttprod1/trace/ttprod1_ora_12382.trc
Instance shutdown complete
Beginning log switch checkpoint up to RBA
Redo thread mounted read/write
ORA-26023: index BILLING.CUST_ORDERS . ttprod1 partition 3 was made unusable due to:
Instance shutdown complete
Starting background process VKTM
Starting background process VKTM
Thread 1 advanced to log sequence 406
Undo initialization finished
ORA-30759: nested table cannot be partitioned for a composite partitioned base table
Undo initialization finished
Completed checkpoint up to RBA
Undo initialization finished
Starting background process VKTM
Beginning log switch checkpoint up to RBA
ARC0: Archival started
XOQ-00507: source definition not found with ID "( 3 )"
Archived Log entry 140 added for thread 1 sequence 1842
Beginning log switch checkpoint up to RBA
Archived Log entry 960 added for thread 1 sequence 7802
NID-00407: Reversion of database ID failed.
Autotune of undo retention is turned on.
Completed checkpoint up to RBA
ARC0: Archival started
SUCCESS: diskgroup DATA was mounted
ORA-19236: XQST0016 - module declaration or import not supported
Thread 1 advanced to log sequence 739
Beginning log switch checkpoint up to RBA
Starting background process VKTM
Instance shutdown complete
Beginning log switch checkpoint up to RBA
Completed checkpoint up to RBA
CRS-02562: Resource ' CDR_STAGING ' cannot be relocated as it is not running
Errors in file /u01/app/oracle/diag/rdbms/ttprod/ttprod1/trace/ttprod1_ora_57092.trc
Redo thread mounted read/write
Undo initialization finished
DRG-11816: Use Proxy
Errors in file /u01/app/oracle/diag/rdbms/ttprod/ttprod1/trace/ttprod1_ora_36646.trc
Redo thread mounted read/write
ORA-19139: XPST0081: It is a static error if a QName used in a query contains a namespace prefix that cannot be expanded into a namespace URI by using the statically known namespaces
ARC0: Archival started
Starting background process VKTM
Instance shutdown complete
Current log# 710 seq# 6364 mem# 0
Completed checkpoint up to RBA
ORA-16060: Log file is current.
Instance shutdown complete
PGU-41095: transaction name APP_USER42 does not exist
Errors in file /u01/app/oracle/diag/rdbms/ttprod/ttprod1/trace/ttprod1_ora_17111.trc
Redo thread mounted read/write
ARC0: Archival started
Undo initialization finished
Thread 1 advanced to log sequence 827
Undo initialization finished
Completed checkpoint up to RBA
KUP-00562: unknown escape sequence
ARC0: Archival started
Autotune of undo retention is turned on.
Starting background process VKTM
Archived Log entry 100 added for thread 1 sequence 5668
Instance shutdown complete
ORA-22977: missing or invalid attribute
Starting background process VKTM
Current log# 335 seq# 5803 mem# 0
SUCCESS: diskgroup DATA was mounted
Redo thread mounted read/write
PCB-00202: Indicator variable PK_CUSTOMER_ACCOUNTS not a group item or table
ORA-22282: non-contiguous append to a buffering enabled LOB not allowed
Autotune of undo retention is turned on.
Undo initialization finished
ORA-32155: Anydata not specified
Current log# 406 seq# 5809 mem# 0
SUCCESS: diskgroup DATA was mounted
Instance shutdown complete
Thread 1 advanced to log sequence 588
Undo initialization finished
ORA-01026: multiple buffers of size > 4000 in the bind list
Current log# 424 seq# 2458 mem# 0
Instance shutdown complete
Archived Log entry 304 added for thread 1 sequence 4279
Autotune of undo retention is turned on.
DRG-50609: pipe internal error
Errors in file /u01/app/oracle/diag/rdbms/ttprod/ttprod1/trace/ttprod1_ora_49214.trc
Archived Log entry 679 added for thread 1 sequence 7786
SUCCESS: diskgroup DATA was mounted
Thread 1 advanced to log sequence 334
ORA-28580: recursive external procedures are not supported
SUCCESS: diskgroup DATA was mounted
Instance shutdown complete
Thread 1 advanced to log sequence 13
Redo thread mounted read/write
Redo thread mounted read/write
ORA-29263: HTTP protocol error
Undo initialization finished
Undo initialization finished
Completed checkpoint up to RBA
Thread 1 advanced to log sequence 989
ORA-39325: TABLE_EXISTS_ACTION cannot be applied to TNS_ADMIN .
Completed checkpoint up to RBA
Autotune of undo retention is turned on.
SUCCESS: diskgroup DATA was mounted
Thread 1 advanced to log sequence 849
Thread 1 advanced to log sequence 388
ORA-64101: Cannot alter both a structured and an unstructured component of an XMLIndex in the same ALTER INDEX statement.
Beginning log switch checkpoint up to RBA
ORA-31034: invalid node set encountered while executing CDR_STAGING
CRS-00808: Cluster Ready Service aborted due to failure to retrieve ORA_CRS_HOME environment variable. Details at large pool in ttprod2 .
SUCCESS: diskgroup DATA was mounted
Autotune of undo retention is turned on.
Archived Log entry 670 added for thread 1 sequence 2562
Thread 1 advanced to log sequence 394
ORA-15124: ASM file name ' large pool ' contains an invalid alias name
Errors in file /u01/app/oracle/diag/rdbms/ttprod/ttprod1/trace/ttprod1_ora_56715.trc
PLS-00330: invalid use of type name or subtype name
Autotune of undo retention is turned on.
Beginning log switch checkpoint up to RBA
Archived Log entry 996 added for thread 1 sequence 9452
Starting background process VKTM
SUCCESS: diskgroup DATA was mounted
Archived Log entry 992 added for thread 1 sequence 1994
ORA-36669: (XSDPART07) ttprod1 is not a legal LIST partition.
Thread 1 advanced to log sequence 348
ARC0: Archival started
Thread 1 advanced to log sequence 419
ARC0: Archival started
Archived Log entry 359 added for thread 1 sequence 6878
Instance shutdown complete
TNS-00545: parameter retrieval failure
Current log# 53 seq# 1054 mem# 0
Beginning log switch checkpoint up to RBA
Instance shutdown complete
JMS-00421: Invalid value for cache_scheme
ARC0: Archival started
Autotune of undo retention is turned on.
Undo initialization finished
Undo initialization finished
ORA-19975: database must not be started in any other instance
ARC0: Archival started
Starting background process VKTM
Instance shutdown complete
Autotune of undo retention is turned on.
ORA-13538: invalid value for baseline expiration ( CRM.CALL_DETAIL_RECORDS )
SUCCESS: diskgroup DATA was mounted
Undo initialization finished
Archived Log entry 411 added for thread 1 sequence 7579
Beginning log switch checkpoint up to RBA
SUCCESS: diskgroup DATA was mounted
RMAN-20081: change stamp for the record
ARC0: Archival started
Autotune of undo retention is turned on.
ARC0: Archival started
SUCCESS: diskgroup DATA was mounted
ARC0: Archival started
ORA-29372: identifier UNDOTBS1 is too long; it must be less than /u01/app/oracle/oradata/ttprod/users01.dbf characters
Completed checkpoint up to RBA
QSM-02204: PCT FAST REFRESH is not possible if query has an inner query
Errors in file /u01/app/oracle/diag/rdbms/ttprod/ttprod1/trace/ttprod1_ora_77115.trc
DRG-11620: URL store: thread operation error
Autotune of undo retention is turned on.
Autotune of undo retention is turned on.
Beginning log switch checkpoint up to RBA
NNL-00037: Error number while sequencing through parameter table.
Errors in file /u01/app/oracle/diag/rdbms/ttprod/ttprod1/trace/ttprod1_ora_32750.trc
Undo initialization finished
ORA-31099: XDB Security Internal Error
ORA-09978: skxfqhdel: Error Disconnecting from another endpoint.
SUCCESS: diskgroup DATA was mounted
ORA-30012: undo tablespace ' CDR_STAGING ' does not exist or of wrong type
Thread 1 advanced to log sequence 174
Thread 1 advanced to log sequence 745
INS-00005: Invalid application configuration
NCR-01019: NCRS: Checksumming failure.
Instance shutdown complete
PGU-35010: no NETWORK_OPS.SIM_INVENTORY rows for statement INVOICE_LINES_IDX , id no /u01/app/oracle/oradata/ttprod/users01.dbf : rc CDR_STAGING
Instance shutdown complete
SUCCESS: diskgroup DATA was mounted
Thread 1 advanced to log sequence 293
Beginning log switch checkpoint up to RBA
Starting background process VKTM
ORA-13443: null or invalid values in ttstandby01
Archived Log entry 891 added for thread 1 sequence 8632
RMAN-08009: channel DATA_TS01 : starting archived log backup set
Current log# 263 seq# 8405 mem# 0
Completed checkpoint up to RBA
Beginning log switch checkpoint up to RBA
ARC0: Archival started
RMAN-06033: channel 5000 not allocated
Completed checkpoint up to RBA
ARC0: Archival started
Undo initialization finished
Redo thread mounted read/write
Redo thread mounted read/write
PROC-00006: User does not have permission to perform a cluster registry operation on this key.
Archived Log entry 822 added for thread 1 sequence 1002
Starting background process VKTM
Undo initialization finished
ORA-01693: max # extents ( _SYSSMU7$ ) reached in lob segment 1024 . TNS_ADMIN
Instance shutdown complete
Undo initialization finished
Redo thread mounted read/write
Current log# 13 seq# 6159 mem# 0
ORA-54605: CREATE_PC: scratch-tables/views ( SP2-0552 ) exist and need to be dropped
Instance shutdown complete
Thread 1 advanced to log sequence 498
Instance shutdown complete
Redo thread mounted read/write
Autotune of undo retention is turned on.
ORA-24810: attempting to write more data than indicated
Undo initialization finished
Redo thread mounted read/write
ORA-04935: unable to get/convert SCN recovery lock
Current log# 166 seq# 4474 mem# 0
Redo thread mounted read/write
Thread 1 advanced to log sequence 9
Archived Log entry 678 added for thread 1 sequence 9716
Starting background process VKTM
ORA-14133: ALTER TABLE MOVE cannot be combined with other operations
Redo thread mounted read/write
Starting background process VKTM
PRCS-01048: Maximum size of {0} is not valid
SUCCESS: diskgroup DATA was mounted
ORA-37553: A cycle between number and number has been detected in relation workspace object over workspace object .
ORA-26502: error resignal
ARC0: Archival started
ORA-28595: Extproc agent : Invalid DLL Path
Archived Log entry 458 added for thread 1 sequence 3772
Redo thread mounted read/write
Thread 1 advanced to log sequence 406
Beginning log switch checkpoint up to RBA
ARC0: Archival started
ORA-00406: COMPATIBLE parameter needs to be ttprod2 or greater
Errors in file /u01/app/oracle/diag/rdbms/ttprod/ttprod1/trace/ttprod1_ora_48172.trc
Redo thread mounted read/write
Redo thread mounted read/write
Current log# 21 seq# 2242 mem# 0
NNL-01075: Contact SYSAUX
Undo initialization finished
Thread 1 advanced to log sequence 936
Redo thread mounted read/write
ORA-26054: Direct Path Context prepared for a different mode than operation requested.
Instance shutdown complete
ORA-26838: Setting apply parameter " _SYSSMU12$ " is not permitted for XStream Outbound Server
Starting background process VKTM
Thread 1 advanced to log sequence 599
Instance shutdown complete
Autotune of undo retention is turned on.
ORA-40264: number of mining attributes ( PK_CUSTOMER_ACCOUNTS ) exceeds maximum ( APP_USER42 )
ORA-27354: attribute CDR_STAGING cannot be set for lightweight jobs
Errors in file /u01/app/oracle/diag/rdbms/ttprod/ttprod1/trace/ttprod1_ora_12245.trc
SUCCESS: diskgroup DATA was mounted
Starting background process VKTM
Archived Log entry 523 added for thread 1 sequence 6074
Autotune of undo retention is turned on.
Undo initialization finished
PRCI-01126: Oracle Restart home does not exist on node {0}
Errors in file /u01/app/oracle/diag/rdbms/ttprod/ttprod1/trace/ttprod1_ora_62250.trc
Completed checkpoint up to RBA
ORA-01089: immediate shutdown in progress - no operations are permitted
Autotune of undo retention is turned on.
Archived Log entry 137 added for thread 1 sequence 5780
RMAN-06050: archived log for thread number with sequence number is already on disk as file BILLING.CUST_ORDERS
Archived Log entry 780 added for thread 1 sequence 8553
Completed checkpoint up to RBA
Undo initialization finished
Beginning log switch checkpoint up to RBA
ORA-39950: invalid parameter for PLSQL warnings flag
Beginning log switch checkpoint up to RBA
NNO-00111: line 5000 : data type " ttstandby01 " has syntax " large pool ", should be " INVOICE_LINES_IDX ", data ignored
Autotune of undo retention is turned on.
ARC0: Archival started
Undo initialization finished
Redo thread mounted read/write
ARC0: Archival started
CLSS-02206: local node evicted by vendor node monitor
SUCCESS: diskgroup DATA was mounted
ORA-26060: Can not convert type identifier for column 1024
Instance shutdown complete
Starting background process VKTM
Instance shutdown complete
ARC0: Archival started
Beginning log switch checkpoint up to RBA
ORA-21703: cannot flush an object that is not modified
Autotune of undo retention is turned on.
Starting background process VKTM
SUCCESS: diskgroup DATA was mounted
Thread 1 advanced to log sequence 299
NID-00351: PK_CUSTOMER_ACCOUNTS ( number )
Beginning log switch checkpoint up to RBA
Beginning log switch checkpoint up to RBA
ORA-56504: DRCP: Invalid pool configuration parameter name
ARC0: Archival started
ARC0: Archival started
ARC0: Archival started
Beginning log switch checkpoint up to RBA
ORA-30939: Order violation: Element ' ttstandby01 ' may not follow element ' /u01/app/oracle/oradata/ttprod/users01.dbf '
Redo thread mounted read/write
Beginning log switch checkpoint up to RBA
KUP-05007: Warning: Intra source concurrency disabled because the preprocessor option is being used.
ARC0: Archival started
Beginning log switch checkpoint up to RBA
Completed checkpoint up to RBA
Redo thread mounted read/write
ORA-36208: (XSAGOP05N) In AGGMAP workspace object , you can only specify NAOPERATOR shared pool with the PROPORTIONAL or EVEN operators, not large pool .
Errors in file /u01/app/oracle/diag/rdbms/ttprod/ttprod1/trace/ttprod1_ora_61033.trc
ORA-26575: remote database does not support replication parallel propagation
Thread 1 advanced to log sequence 380
Undo initialization finished
Completed checkpoint up to RBA
Archived Log entry 228 added for thread 1 sequence 2029
ORA-13706: Invalid value " 5000 " specified for parameter " ttprod2 " in " SP2-0552 " analysis mode.
ORA-06527: External procedure SQLLIB error: PK_CUSTOMER_ACCOUNTS
Errors in file /u01/app/oracle/diag/rdbms/ttprod/ttprod1/trace/ttprod1_ora_75063.trc
Archived Log entry 134 added for thread 1 sequence 7090
Autotune of undo retention is turned on.
Thread 1 advanced to log sequence 785
Beginning log switch checkpoint up to RBA
Thread 1 advanced to log sequence 138
Thread 1 advanced to log sequence 820
ORA-22972: NULL value not allowed in PRIMARY KEY-based object identifier
Errors in file /u01/app/oracle/diag/rdbms/ttprod/ttprod1/trace/ttprod1_ora_72245.trc
Thread 1 advanced to log sequence 148
Completed checkpoint up to RBA
Instance shutdown complete
Undo initialization finished
PLS-00402: alias required in SELECT list of cursor to avoid duplicate column names
Instance shutdown complete
Instance shutdown complete
Instance shutdown complete
Completed checkpoint up to RBA
Starting background process VKTM
ARC0: Archival started
LPX-00604: Invalid attribute value '~1S', for attribute '~2s'.
Errors in file /u01/app/oracle/diag/rdbms/ttprod/ttprod1/trace/ttprod1_ora_92241.trc
Redo thread mounted read/write
Thread 1 advanced to log sequence 276
Redo thread mounted read/write
Starting background process VKTM
Instance shutdown complete
NNL-01073: Administrative region description: USERS
Thread 1 advanced to log sequence 394
RMAN-05025: Tablespace /u01/app/oracle/oradata/ttprod/users01.dbf
Errors in file /u01/app/oracle/diag/rdbms/ttprod/ttprod1/trace/ttprod1_ora_10932.trc
Undo initialization finished
INS-35354: The system on which you are attempting to install Oracle RAC is not part of a valid cluster.
Errors in file /u01/app/oracle/diag/rdbms/ttprod/ttprod1/trace/ttprod1_ora_99865.trc
Completed checkpoint up to RBA
Beginning log switch checkpoint up to RBA
Undo initialization finished
Archived Log entry 120 added for thread 1 sequence 2567
PCC-02399: Illegal CHAR_MAP option value for DBMS=V6. Option ignored.
Beginning log switch checkpoint up to RBA
Starting background process VKTM
Starting background process VKTM
Archived Log entry 401 added for thread 1 sequence 9649
ORA-16770: Redo Apply not started since physical standby database is opening
Errors in file /u01/app/oracle/diag/rdbms/ttprod/ttprod1/trace/ttprod1_ora_26449.trc
Undo initialization finished
Autotune of undo retention is turned on.
ARC0: Archival started
Completed checkpoint up to RBA
Instance shutdown complete
DRG-10841: invalid SCORE argument supplied to FUZZY
Errors in file /u01/app/oracle/diag/rdbms/ttprod/ttprod1/trace/ttprod1_ora_10704.trc
Completed checkpoint up to RBA
Archived Log entry 586 added for thread 1 sequence 7841
SUCCESS: diskgroup DATA was mounted
ORA-40224: transactional input - no matching id for value column ttprod1
KUP-04066: error initializing access to external table source
Current log# 202 seq# 4896 mem# 0
ORA-14192: cannot modify physical index attributes of a Hash index partition
Undo initialization finished
Redo thread mounted read/write
ARC0: Archival started
RMAN-06224: Automatic instance created
Errors in file /u01/app/oracle/diag/rdbms/ttprod/ttprod1/trace/ttprod1_ora_74671.trc
Undo initialization finished
Autotune of undo retention is turned on.
Undo initialization finished
Autotune of undo retention is turned on.
ARC0: Archival started
Undo initialization finished
ORA-17610: file ' APP_USER42 ' does not exist and no size specified
Redo thread mounted read/write
Undo initialization finished
Instance shutdown complete
ARC0: Archival started
Beginning log switch checkpoint up to RBA
ORA-39790: Attribute " 17 " specified multiple times for column CDR_STAGING .
Redo thread mounted read/write
Autotune of undo retention is turned on.
Completed checkpoint up to RBA
ORA-26927: altering an outbound server with a remote capture is not allowed
Errors in file /u01/app/oracle/diag/rdbms/ttprod/ttprod1/trace/ttprod1_ora_26966.trc
UDE-00052: incorrect Data Pump client for operation: USERS
Archived Log entry 443 added for thread 1 sequence 7959
Starting background process VKTM
Archived Log entry 511 added for thread 1 sequence 4854
SUCCESS: diskgroup DATA was mounted
Completed checkpoint up to RBA
ORA-13625: 17 is an invalid advisor object type.
Current log# 399 seq# 2355 mem# 0
Completed checkpoint up to RBA
Archived Log entry 909 added for thread 1 sequence 7330
ARC0: Archival started
ORA-22055: unknown sign flag value [ SP2-0552 ]
Beginning log switch checkpoint up to RBA
SUCCESS: diskgroup DATA was mounted
Current log# 988 seq# 5187 mem# 0
ORA-06979: X.25 Driver: server cannot start oracle
Beginning log switch checkpoint up to RBA
Undo initialization finished
Undo initialization finished
Beginning log switch checkpoint up to RBA
Starting background process VKTM
ORA-01300: writable database required for specified LogMiner options
Completed checkpoint up to RBA
Instance shutdown complete
ORA-54659: CREATE_TIN: input extent has to be 2-D for geodetic data
Current log# 339 seq# 9857 mem# 0
Starting background process VKTM
Archived Log entry 48 added for thread 1 sequence 3550
Instance shutdown complete
Redo thread mounted read/write
ORA-28054: the password has expired. NETWORK_OPS.SIM_INVENTORY Grace logins are left
Redo thread mounted read/write
Instance shutdown complete
Thread 1 advanced to log sequence 141
ORA-07655: slsprom:$TRNLOG failure
Completed checkpoint up to RBA
ORA-46077: Length of value too large
Redo thread mounted read/write
PCB-00551: The SQLCA has already been included
Completed checkpoint up to RBA
PROT-00022: Storage too small
Beginning log switch checkpoint up to RBA
Instance shutdown complete
Thread 1 advanced to log sequence 645
ARC0: Archival started
Thread 1 advanced to log sequence 459
ARC0: Archival started
ORA-31209: DBMS_LDAP: PL/SQL - LDAP count_entry error.
NZE-29151: 3DES self-test failure
Autotune of undo retention is turned on.
ORA-14022: creation of LOCAL partitioned cluster indices is not supported
Errors in file /u01/app/oracle/diag/rdbms/ttprod/ttprod1/trace/ttprod1_ora_15241.trc
ARC0: Archival started
Beginning log switch checkpoint up to RBA
Completed checkpoint up to RBA
PRCD-01077: Failed to update the management policy for database {0}
Errors in file /u01/app/oracle/diag/rdbms/ttprod/ttprod1/trace/ttprod1_ora_30952.trc
ORA-25318: Propagation stopped because of instance affinity change
Beginning log switch checkpoint up to RBA
Current log# 96 seq# 1963 mem# 0
Autotune of undo retention is turned on.
SUCCESS: diskgroup DATA was mounted
ORA-01272: REUSE only allowed when a file name is provided.
CRS-02661: All instances of resource ' /u01/app/oracle/oradata/ttprod/users01.dbf ' are disabled
ARC0: Archival started
Completed checkpoint up to RBA
Redo thread mounted read/write
Undo initialization finished
XOQ-02554: Dimensions " session_1123 " and " session_1123 " cannot be mapped on the leaf level to the same dimension source table " ttprod2 " when materialized views are enabled on the cube.
Completed checkpoint up to RBA
Thread 1 advanced to log sequence 163
Current log# 812 seq# 9743 mem# 0
CRS-02802: Purging events not published within 15 minutes
Starting background process VKTM
Beginning log switch checkpoint up to RBA
TNS-12650: No common encryption or data integrity algorithm
Errors in file /u01/app/oracle/diag/rdbms/ttprod/ttprod1/trace/ttprod1_ora_46516.trc
Autotune of undo retention is turned on.
Beginning log switch checkpoint up to RBA
Autotune of undo retention is turned on.
Instance shutdown complete
OCI-21612: key is already being used
Errors in file /u01/app/oracle/diag/rdbms/ttprod/ttprod1/trace/ttprod1_ora_14299.trc
Undo initialization finished
Current log# 951 seq# 2573 mem# 0
Archived Log entry 485 added for thread 1 sequence 7787
Redo thread mounted read/write
Current log# 519 seq# 6474 mem# 0
ARC0: Archival started
ORA-07742: slemop: $CONNECT failure
Errors in file /u01/app/oracle/diag/rdbms/ttprod/ttprod1/trace/ttprod1_ora_74946.trc
Archived Log entry 676 added for thread 1 sequence 3765
Archived Log entry 258 added for thread 1 sequence 1579
Thread 1 advanced to log sequence 906
ORA-09314: sltln: error translating logical name
Errors in file /u01/app/oracle/diag/rdbms/ttprod/ttprod1/trace/ttprod1_ora_86989.trc
ARC0: Archival started
ARC0: Archival started
Completed checkpoint up to RBA
ORA-06128: NETTCP: unable to create mailbox
Errors in file /u01/app/oracle/diag/rdbms/ttprod/ttprod1/trace/ttprod1_ora_28100.trc
Instance shutdown complete
ARC0: Archival started
ORA-24483: Invalid parameters were passed into environment creation call
ARC0: Archival started
Completed checkpoint up to RBA
Autotune of undo retention is turned on.
ARC0: Archival started
Archived Log entry 449 added for thread 1 sequence 2997
Redo thread mounted read/write
ORA-22900: the SELECT list item of THE subquery is not a collection type
Beginning log switch checkpoint up to RBA
Redo thread mounted read/write
ORA-00318: log INVOICE_LINES_IDX of thread NETWORK_OPS.SIM_INVENTORY , expected file size large pool doesn't match BILLING.CUST_ORDERS
Current log# 607 seq# 2000 mem# 0
ORA-19674: file 17 is already being backed up with proxy copy
SUCCESS: diskgroup DATA was mounted
ORA-39194: Table mode jobs require the tables to be comma separated.
Errors in file /u01/app/oracle/diag/rdbms/ttprod/ttprod1/trace/ttprod1_ora_90939.trc
Current log# 284 seq# 4872 mem# 0
Archived Log entry 425 added for thread 1 sequence 8038
Autotune of undo retention is turned on.
Completed checkpoint up to RBA
Instance shutdown complete
Completed checkpoint up to RBA
INS-41311: One or more Oracle Cluster Registry (OCR) locations specified are in an existing OCR directory.
ORA-24273: translation text is required if translation type is T or S
Errors in file /u01/app/oracle/diag/rdbms/ttprod/ttprod1/trace/ttprod1_ora_67140.trc
Completed checkpoint up to RBA
ORA-02252: check constraint condition not properly ended
Errors in file /u01/app/oracle/diag/rdbms/ttprod/ttprod1/trace/ttprod1_ora_81671.trc
Current log# 824 seq# 3706 mem# 0
Beginning log switch checkpoint up to RBA
Archived Log entry 231 added for thread 1 sequence 5911
Redo thread mounted read/write
Instance shutdown complete
ORA-28175: incorrect certificate type
Thread 1 advanced to log sequence 289
Archived Log entry 357 added for thread 1 sequence 8596
Archived Log entry 658 added for thread 1 sequence 6382
ARC0: Archival started
SUCCESS: diskgroup DATA was mounted
ORA-38139: concurrent DDL Error in load plans operation
Archived Log entry 916 added for thread 1 sequence 8987
SUCCESS: diskgroup DATA was mounted
JMS-00235: Can not link the durable subscriber name with a topic in unsubscribe method.
Archived Log entry 110 added for thread 1 sequence 3191
Completed checkpoint up to RBA
PLS-00362: invalid cursor return type; ' 17 ' must be a record type
Instance shutdown complete
Archived Log entry 34 added for thread 1 sequence 5393
SUCCESS: diskgroup DATA was mounted
Instance shutdown complete
ORA-02239: there are objects which reference this sequence
Autotune of undo retention is turned on.
ORA-34001: (MODCOMP14) Concat leaf dimension workspace object already is used in a DIMENSION statement, either explicitly or as a leaf of another concat dimension.
ORA-00494: enqueue /u01/app/oracle/oradata/ttprod/users01.dbf held for too long (more than CRM.CALL_DETAIL_RECORDS seconds) by 'inst _SYSSMU7$ , osid 17 '
Undo initialization finished
Thread 1 advanced to log sequence 569
PCC-00033: Missing operand for option " DATA_TS01 "
Beginning log switch checkpoint up to RBA
Completed checkpoint up to RBA
Autotune of undo retention is turned on.
INS-40711: Cluster Name is blank.
Current log# 533 seq# 4844 mem# 0
Redo thread mounted read/write
Undo initialization finished
Archived Log entry 548 added for thread 1 sequence 7796
CLSU-00106: An improper Operating System error display was attempted
Undo initialization finished
Current log# 767 seq# 2646 mem# 0
Current log# 609 seq# 1450 mem# 0
PGU-39512: OC %7ls %12ls cursor %2li %3ls, rc INVOICE_LINES_IDX
ORA-01615: instance CDR_STAGING (thread SYSAUX ) is mounted - cannot disable
Thread 1 advanced to log sequence 66
SUCCESS: diskgroup DATA was mounted
Autotune of undo retention is turned on.
RMAN-10011: synchronization error while polling for rpc number , action= TNS_ADMIN
SUCCESS: diskgroup DATA was mounted
ORA-23536: the object " CDR_STAGING "." INVOICE_LINES_IDX " is not cached at the middle tier as expected.
Archived Log entry 412 added for thread 1 sequence 9366
Undo initialization finished
Beginning log switch checkpoint up to RBA
Completed checkpoint up to RBA
ARC0: Archival started
Redo thread mounted read/write
ORA-19130: XQST0070: A static error is raised if the predefined namespace prefix xml or xmlns is redeclared by a namespace declaration or namespace declaration attribute
Archived Log entry 393 added for thread 1 sequence 4251
Thread 1 advanced to log sequence 454
Starting background process VKTM
ARC0: Archival started
Thread 1 advanced to log sequence 546
Completed checkpoint up to RBA
ORA-24279: view CDR_STAGING is not a parallel access view
ARC0: Archival started
Beginning log switch checkpoint up to RBA
Beginning log switch checkpoint up to RBA
Starting background process VKTM
Starting background process VKTM
Starting background process VKTM
PRKO-02173: Instance {0} is already a preferred instance for service {1}.
Errors in file /u01/app/oracle/diag/rdbms/ttprod/ttprod1/trace/ttprod1_ora_12118.trc
SUCCESS: diskgroup DATA was mounted
Beginning log switch checkpoint up to RBA
Thread 1 advanced to log sequence 326
Thread 1 advanced to log sequence 740
Instance shutdown complete
SUCCESS: diskgroup DATA was mounted
INS-42022: Multibyte characters in Cluster Name.
ORA-19881: Corrupted space bitmap for datafile 3 , block 3
Instance shutdown complete
Completed checkpoint up to RBA
ORA-00397: instance recovery process terminated with error
Redo thread mounted read/write
ARC0: Archival started
Beginning log switch checkpoint up to RBA
Autotune of undo retention is turned on.
PRCW-01006: Alias {0} in Wallet {1} did not exist
Current log# 544 seq# 5544 mem# 0
Starting background process VKTM
Undo initialization finished
Autotune of undo retention is turned on.
Thread 1 advanced to log sequence 15
Archived Log entry 771 added for thread 1 sequence 7178
PGU-41012: invalid PLSDNAME parameter
ARC0: Archival started
Instance shutdown complete
ORA-19034: Type not supported during schema generation
Errors in file /u01/app/oracle/diag/rdbms/ttprod/ttprod1/trace/ttprod1_ora_66037.trc
Starting background process VKTM
Starting background process VKTM
ARC0: Archival started
Archived Log entry 433 added for thread 1 sequence 4082
PLS-00732: Illegal overload of ellipsis in formal parameter list
Errors in file /u01/app/oracle/diag/rdbms/ttprod/ttprod1/trace/ttprod1_ora_45565.trc
Instance shutdown complete
Beginning log switch checkpoint up to RBA
SUCCESS: diskgroup DATA was mounted
Archived Log entry 530 added for thread 1 sequence 4716
ORA-19920: RMAN does not support PKI-based master key for encryption.
Errors in file /u01/app/oracle/diag/rdbms/ttprod/ttprod1/trace/ttprod1_ora_84575.trc
Starting background process VKTM
Instance shutdown complete
Thread 1 advanced to log sequence 198
Beginning log switch checkpoint up to RBA
Beginning log switch checkpoint up to RBA
Undo initialization finished
ORA-19972: ALTER DATABASE RECOVER TO LOGICAL requires one instance left
Errors in file /u01/app/oracle/diag/rdbms/ttprod/ttprod1/trace/ttprod1_ora_11438.trc
Archived Log entry 146 added for thread 1 sequence 8832
Redo thread mounted read/write
Undo initialization finished
Thread 1 advanced to log sequence 849
Thread 1 advanced to log sequence 784
Archived Log entry 212 added for thread 1 sequence 5758
ORA-07684: sou2os: supervisor stack reset error
Errors in file /u01/app/oracle/diag/rdbms/ttprod/ttprod1/trace/ttprod1_ora_19019.trc
Undo initialization finished
PRVF-10002: Node "{0}" is not yet deleted from the Oracle inventory node list
Autotune of undo retention is turned on.
Autotune of undo retention is turned on.
Current log# 802 seq# 6266 mem# 0
Undo initialization finished
TNS-01029: Services Summary...
Errors in file /u01/app/oracle/diag/rdbms/ttprod/ttprod1/trace/ttprod1_ora_31689.trc
Redo thread mounted read/write
Autotune of undo retention is turned on.
Undo initialization finished
DIA-48303: Exceeded max Incident Sequence Value
Errors in file /u01/app/oracle/diag/rdbms/ttprod/ttprod1/trace/ttprod1_ora_17790.trc
Thread 1 advanced to log sequence 918
ORA-23660: Unable to load NLS data object when converting column ' DATA_TS01 ' in ' ttprod2 . PK_CUSTOMER_ACCOUNTS '
Autotune of undo retention is turned on.
Beginning log switch checkpoint up to RBA
Current log# 302 seq# 3768 mem# 0
Undo initialization finished
Thread 1 advanced to log sequence 280
Redo thread mounted read/write
CRS-04743: File 42 was updated from OCR(Size: number (New), number (Old) bytes)
Autotune of undo retention is turned on.
ARC0: Archival started
ORA-60002: adding ( 1024 ) blocks to temporary segment in tablespace 17 with MAXSIZE ( 17 )
Instance shutdown complete
Autotune of undo retention is turned on.
ORA-00478: SMON process terminated due to error _SYSSMU7$
Thread 1 advanced to log sequence 666
Archived Log entry 696 added for thread 1 sequence 7300
Archived Log entry 234 added for thread 1 sequence 3853
Beginning log switch checkpoint up to RBA
ORA-51036: check [ APP_USER42 ] can only be executed in database instance
ARC0: Archival started
Autotune of undo retention is turned on.
Autotune of undo retention is turned on.
Completed checkpoint up to RBA
SUCCESS: diskgroup DATA was mounted
ORA-16620: one or more databases could not be reached for a delete operation
Errors in file /u01/app/oracle/diag/rdbms/ttprod/ttprod1/trace/ttprod1_ora_28141.trc
Starting background process VKTM
Starting background process VKTM
Starting background process VKTM
PLW-05011: pragma INLINE for procedure ' /u01/app/oracle/oradata/ttprod/users01.dbf ' does not apply to any calls
Errors in file /u01/app/oracle/diag/rdbms/ttprod/ttprod1/trace/ttprod1_ora_83245.trc
ORA-26798: LOB logical change record (LCR) missing LOB column in table " APP_USER42 "." BILLING.CUST_ORDERS "
Instance shutdown complete
Completed checkpoint up to RBA
Instance shutdown complete
ORA-48187: specified directory does not exist
Thread 1 advanced to log sequence 834
XOQ-02118: Two new names for object " UNDOTBS1 " with type " 5000 " are in the rename table.
Undo initialization finished
Starting background process VKTM
ARC0: Archival started
LSX-00009: data missing for type "~S"
Thread 1 advanced to log sequence 941
ARC0: Archival started
ORA-06563: name has too many parts
Thread 1 advanced to log sequence 478
Beginning log switch checkpoint up to RBA
Archived Log entry 437 added for thread 1 sequence 7775
Completed checkpoint up to RBA
Current log# 639 seq# 8583 mem# 0
ORA-19243: XQTY0023 - invalid document node content in element constructor
Instance shutdown complete
Beginning log switch checkpoint up to RBA
Redo thread mounted read/write
Beginning log switch checkpoint up to RBA
Thread 1 advanced to log sequence 628
Autotune of undo retention is turned on.
ORA-24316: illegal handle type
Redo thread mounted read/write
Beginning log switch checkpoint up to RBA
Undo initialization finished
Autotune of undo retention is turned on.
Autotune of undo retention is turned on.
RMAN-10031: RPC Error: ORA- number occurred during call to USERS . 3
Undo initialization finished
Thread 1 advanced to log sequence 647
Current log# 860 seq# 9922 mem# 0
Current log# 336 seq# 6756 mem# 0
Redo thread mounted read/write
PRCD-01016: Failure encountered while accessing server pool {0} for database {1}
Archived Log entry 253 added for thread 1 sequence 7797
Beginning log switch checkpoint up to RBA
ORA-02204: ALTER, INDEX and EXECUTE not allowed for views
SUCCESS: diskgroup DATA was mounted
Thread 1 advanced to log sequence 356
Instance shutdown complete
Autotune of undo retention is turned on.
Starting background process VKTM
ORA-29833: indextype does not exist
Errors in file /u01/app/oracle/diag/rdbms/ttprod/ttprod1/trace/ttprod1_ora_63870.trc
Beginning log switch checkpoint up to RBA
Thread 1 advanced to log sequence 970
Archived Log entry 795 added for thread 1 sequence 9091
PRCD-01242: Unable to convert RAC database {0} to RAC One Node database because the database had no service added
Errors in file /u01/app/oracle/diag/rdbms/ttprod/ttprod1/trace/ttprod1_ora_68656.trc
SUCCESS: diskgroup DATA was mounted
Undo initialization finished
Undo initialization finished
Autotune of undo retention is turned on.
ORA-16772: switchover to a standby database failed
Current log# 826 seq# 6119 mem# 0
Autotune of undo retention is turned on.
Undo initialization finished
SUCCESS: diskgroup DATA was mounted
PCB-00214: JUSTIFIED clause not allowed for host variable " CDR_STAGING "
SUCCESS: diskgroup DATA was mounted
Current log# 399 seq# 4240 mem# 0
ORA-16831: operation disallowed on this standby database type
Autotune of undo retention is turned on.
Completed checkpoint up to RBA
Beginning log switch checkpoint up to RBA
Current log# 964 seq# 9349 mem# 0
NNO-00109: line ttprod1 : invalid data type name " APP_USER42 ", data ignored
NNO-00268: warning: configuration database is not used, using checkpoint data instead
SUCCESS: diskgroup DATA was mounted
ORA-40119: nested columns incompatible with missing value treatment
Archived Log entry 544 added for thread 1 sequence 5157
SUCCESS: diskgroup DATA was mounted
ORA-09301: osncon: local kernel only supported in standard mode
Errors in file /u01/app/oracle/diag/rdbms/ttprod/ttprod1/trace/ttprod1_ora_31911.trc
Completed checkpoint up to RBA
ORA-40386: NormContinuous must include at least two LinearNorm elements
ARC0: Archival started
ORA-21522: attempted to use an invalid connection in OCI (object mode only)
Thread 1 advanced to log sequence 6
Redo thread mounted read/write
Undo initialization finished
Beginning log switch checkpoint up to RBA
Beginning log switch checkpoint up to RBA
ORA-56729: Failed to bind the database instance to processor group PK_CUSTOMER_ACCOUNTS
Errors in file /u01/app/oracle/diag/rdbms/ttprod/ttprod1/trace/ttprod1_ora_69823.trc
Undo initialization finished
Autotune of undo retention is turned on.
Completed checkpoint up to RBA
ARC0: Archival started
Starting background process VKTM
PRKC-01005: Problem in removing file from nodes
Errors in file /u01/app/oracle/diag/rdbms/ttprod/ttprod1/trace/ttprod1_ora_69865.trc
Undo initialization finished
Thread 1 advanced to log sequence 157
Thread 1 advanced to log sequence 344
ARC0: Archival started
Beginning log switch checkpoint up to RBA
PLS-00401: different column types between cursor SELECT statement and return value found at ' UNDOTBS1 '
Current log# 567 seq# 7197 mem# 0
Starting background process VKTM
Thread 1 advanced to log sequence 746
ORA-24331: user buffer too small
ARC0: Archival started
Current log# 304 seq# 8446 mem# 0
RMAN-08155: printing stored global script: USERS
Redo thread mounted read/write
Starting background process VKTM
TNS-12664: Services required by server not available on the client
Thread 1 advanced to log sequence 479
ARC0: Archival started
ARC0: Archival started
Undo initialization finished
Completed checkpoint up to RBA
DRG-11106: user database session has terminated during this operation
PLW-05017: prefix of the expression will be ignored
Archived Log entry 560 added for thread 1 sequence 2076
Thread 1 advanced to log sequence 428
ORA-01118: cannot add any more database files: limit of USERS exceeded
Errors in file /u01/app/oracle/diag/rdbms/ttprod/ttprod1/trace/ttprod1_ora_97772.trc
Archived Log entry 936 added for thread 1 sequence 3245
SUCCESS: diskgroup DATA was mounted
Archived Log entry 80 added for thread 1 sequence 9268
SUCCESS: diskgroup DATA was mounted
Current log# 541 seq# 8617 mem# 0
ORA-25181: missing ON keyword for NESTED INDEX
Errors in file /u01/app/oracle/diag/rdbms/ttprod/ttprod1/trace/ttprod1_ora_85703.trc
Starting background process VKTM
INS-41306: Invalid Oracle Cluster Registry (OCR) Locations.
Errors in file /u01/app/oracle/diag/rdbms/ttprod/ttprod1/trace/ttprod1_ora_82823.trc
Redo thread mounted read/write
ARC0: Archival started
SUCCESS: diskgroup DATA was mounted
ORA-14108: illegal partition-extended table name syntax
Archived Log entry 657 added for thread 1 sequence 5874
EXP-00082: Invalid function name passed to procedural object support: 5000
ORA-12090: cannot online redefine table " large pool "." 3 "
Instance shutdown complete
ORA-26695: error on call to PK_CUSTOMER_ACCOUNTS : return code DATA_TS01
Instance shutdown complete
Redo thread mounted read/write
Thread 1 advanced to log sequence 384
SUCCESS: diskgroup DATA was mounted
Undo initialization finished
DRG-11515: not enough text key values
Undo initialization finished
Autotune of undo retention is turned on.
Archived Log entry 23 added for thread 1 sequence 3024
Autotune of undo retention is turned on.
Redo thread mounted read/write
Thread 1 advanced to log sequence 369
ORA-09842: soacon: Archmon unable to create named pipe.
Redo thread mounted read/write
Current log# 469 seq# 4982 mem# 0
Archived Log entry 395 added for thread 1 sequence 9973
ORA-38478: creation of system trigger EXPFIL_DROPOBJ_MAINT failed
Instance shutdown complete
Beginning log switch checkpoint up to RBA
SUCCESS: diskgroup DATA was mounted
ORA-30478: Specified dimension does not exist
Undo initialization finished
Completed checkpoint up to RBA
Beginning log switch checkpoint up to RBA
Redo thread mounted read/write
TNS-12597: TNS:connect descriptor already in use
Starting background process VKTM
TNS-01114: LSNRCTL could not perform local OS authentication with the listener
Autotune of undo retention is turned on.
Autotune of undo retention is turned on.
Autotune of undo retention is turned on.
Instance shutdown complete
Starting background process VKTM
Redo thread mounted read/write
ORA-24125: Object DATA_TS01 . ttprod2 has changed
Autotune of undo retention is turned on.
Starting background process VKTM
DIA-49427: No such file or file not accessible [ ttstandby01 ]
ARC0: Archival started
ARC0: Archival started
Thread 1 advanced to log sequence 958
ORA-30351: query rewrite does not currently support this expression
Thread 1 advanced to log sequence 588
Current log# 525 seq# 5932 mem# 0
SUCCESS: diskgroup DATA was mounted
Instance shutdown complete
ORA-38753: Cannot flashback data file BILLING.CUST_ORDERS ; no flashback log data.
ARC0: Archival started
ORA-27145: insufficient resources for requested number of processes
Thread 1 advanced to log sequence 829
Instance shutdown complete
Redo thread mounted read/write
Beginning log switch checkpoint up to RBA
ORA-27027: sbtremove2 returned error
ORA-14762: Domain index creation on interval partitioned tables is not permitted
Autotune of undo retention is turned on.
Undo initialization finished
INS-30507: Empty ASM disk group.
Errors in file /u01/app/oracle/diag/rdbms/ttprod/ttprod1/trace/ttprod1_ora_40070.trc
SUCCESS: diskgroup DATA was mounted
Current log# 318 seq# 7731 mem# 0
Thread 1 advanced to log sequence 341
Completed checkpoint up to RBA
TNS-12686: Invalid command specified for a service
PROT-00029: The Oracle Cluster Registry location is already configured
ARC0: Archival started
DRG-11606: URL store: access to _SYSSMU7$ timed out waiting for client request
Errors in file /u01/app/oracle/diag/rdbms/ttprod/ttprod1/trace/ttprod1_ora_69343.trc
XOQ-00204: error initializing second DataProvider on a JDBC connection
Errors in file /u01/app/oracle/diag/rdbms/ttprod/ttprod1/trace/ttprod1_ora_92815.trc
Current log# 26 seq# 4702 mem# 0
ORA-19588: _SYSSMU12$ RECID PK_CUSTOMER_ACCOUNTS STAMP SP2-0552 is no longer valid
Undo initialization finished
Undo initialization finished
Completed checkpoint up to RBA
ARC0: Archival started
Instance shutdown complete
Current log# 181 seq# 2443 mem# 0
ORA-00354: corrupt redo log block header
Beginning log switch checkpoint up to RBA
Thread 1 advanced to log sequence 269
RMAN-06184: duplicate object in backup specifier: UNDOTBS1 TNS_ADMIN
Starting background process VKTM
Starting background process VKTM
Autotune of undo retention is turned on.
Instance shutdown complete
ORA-24158: invalid table alias
Starting background process VKTM
ORA-15093: buffer only contains shared pool bytes, I/O requested is _SYSSMU7$ bytes
Errors in file /u01/app/oracle/diag/rdbms/ttprod/ttprod1/trace/ttprod1_ora_11054.trc
Current log# 3 seq# 2870 mem# 0
ORA-19509: failed to delete sequential file, handle=" 3 ", parms=" CRM.CALL_DETAIL_RECORDS "
Errors in file /u01/app/oracle/diag/rdbms/ttprod/ttprod1/trace/ttprod1_ora_92560.trc
Beginning log switch checkpoint up to RBA
Undo initialization finished
Archived Log entry 624 added for thread 1 sequence 5278
DIA-48239: Invalid Predicate Handle Provided [ ttprod1 ] [ SYSAUX ]
Current log# 834 seq# 6462 mem# 0
Thread 1 advanced to log sequence 686
Beginning log switch checkpoint up to RBA
DRG-50906: score threshold large pool is not an integer
Errors in file /u01/app/oracle/diag/rdbms/ttprod/ttprod1/trace/ttprod1_ora_55160.trc
Starting background process VKTM
RMAN-06270: Report of files whose recovery needs more than number days of archived logs
Starting background process VKTM
ORA-07501: scgtoa: $deq unexpected return
Autotune of undo retention is turned on.
Beginning log switch checkpoint up to RBA
Starting background process VKTM
Archived Log entry 770 added for thread 1 sequence 4312
Current log# 716 seq# 9552 mem# 0
SUCCESS: diskgroup DATA was mounted
PLS-00580: supertype must be an object type
Beginning log switch checkpoint up to RBA
Instance shutdown complete
Starting background process VKTM
ORA-06504: PL/SQL: Return types of Result Set variables or query do not match
Instance shutdown complete
SUCCESS: diskgroup DATA was mounted
ARC0: Archival started
Archived Log entry 495 added for thread 1 sequence 7486
ORA-38790: BEFORE must be specified with RESETLOGS
Autotune of undo retention is turned on.
ORA-16234: restarting to reset Logical Standby apply
Errors in file /u01/app/oracle/diag/rdbms/ttprod/ttprod1/trace/ttprod1_ora_53776.trc
Redo thread mounted read/write
ARC0: Archival started
Redo thread mounted read/write
Beginning log switch checkpoint up to RBA
ORA-36035: (XSMHIERCKREL) One or more loops have been detected in workspace object . number items involved are number .
Beginning log switch checkpoint up to RBA
SUCCESS: diskgroup DATA was mounted
ORA-15104: conflicting CONTENTS options
Starting background process VKTM
Current log# 545 seq# 9615 mem# 0
Redo thread mounted read/write
SUCCESS: diskgroup DATA was mounted
Completed checkpoint up to RBA
PGU-00391: value BILLING.CUST_ORDERS is defined to CDR_STAGING ; legal values: APP_USER42 or USERS
Errors in file /u01/app/oracle/diag/rdbms/ttprod/ttprod1/trace/ttprod1_ora_33825.trc
Instance shutdown complete
Archived Log entry 535 added for thread 1 sequence 1686
Archived Log entry 932 added for thread 1 sequence 7109
Autotune of undo retention is turned on.
ORA-36952: (XSFCAST23) You cannot specify a cycle number when querying the shared pool forecasting option.
Starting background process VKTM
Autotune of undo retention is turned on.
ARC0: Archival started
ORA-15601: Invalid value specified for parameter " DATA_TS01 "
Current log# 798 seq# 5678 mem# 0
Autotune of undo retention is turned on.
Beginning log switch checkpoint up to RBA
ARC0: Archival started
ORA-32050: 5000 operation failed
Errors in file /u01/app/oracle/diag/rdbms/ttprod/ttprod1/trace/ttprod1_ora_36039.trc
Thread 1 advanced to log sequence 651
SUCCESS: diskgroup DATA was mounted
QSM-01522: a more optimal equivlanece than CDR_STAGING was used to rewrite
Beginning log switch checkpoint up to RBA
Archived Log entry 705 added for thread 1 sequence 7653
Beginning log switch checkpoint up to RBA
Redo thread mounted read/write
Autotune of undo retention is turned on.
Current log# 874 seq# 5766 mem# 0
ORA-19503: cannot obtain information on device, name=" NETWORK_OPS.SIM_INVENTORY ", type=" ttprod2 ", parms=" SYSAUX "
Autotune of undo retention is turned on.
Completed checkpoint up to RBA
ARC0: Archival started
NNL-00907: NOT ALLOWED responses sent: number
ORA-01051: deferred rpc buffer format invalid
Autotune of undo retention is turned on.
Archived Log entry 94 added for thread 1 sequence 9475
Thread 1 advanced to log sequence 364
Current log# 677 seq# 6007 mem# 0
Beginning log switch checkpoint up to RBA
Starting background process VKTM
DRG-11213: CTXSYS does not own procedure filter stored procedure: PK_CUSTOMER_ACCOUNTS
SUCCESS: diskgroup DATA was mounted
Autotune of undo retention is turned on.
Instance shutdown complete
Redo thread mounted read/write
ORA-48190: OS unlink system call failure
Completed checkpoint up to RBA
Current log# 777 seq# 4839 mem# 0
Completed checkpoint up to RBA
Autotune of undo retention is turned on.
Thread 1 advanced to log sequence 634
ORA-01687: specified logging attribute for tablespace ' TNS_ADMIN ' is same as the existing
Autotune of undo retention is turned on.
Redo thread mounted read/write
Current log# 585 seq# 2515 mem# 0
Redo thread mounted read/write
Autotune of undo retention is turned on.
PRKO-03167: EONS has been deprecated and ONS should be used to set and modify the local port for Enterprise Manager.
Errors in file /u01/app/oracle/diag/rdbms/ttprod/ttprod1/trace/ttprod1_ora_30535.trc
Undo initialization finished
Thread 1 advanced to log sequence 70
Instance shutdown complete
Redo thread mounted read/write
OCI-30944: Error during rollback for XML schema ' ttprod1 ' table 42 column ' NETWORK_OPS.SIM_INVENTORY '
Undo initialization finished
ORA-23424: materialized view " 3 "." TNS_ADMIN " at ttprod2 not registered
Starting background process VKTM
Thread 1 advanced to log sequence 314
Autotune of undo retention is turned on.
Archived Log entry 438 added for thread 1 sequence 6079
ORA-14129: INCLUDING INDEXES must be specified as tables have enabled UNIQUE constraints
Errors in file /u01/app/oracle/diag/rdbms/ttprod/ttprod1/trace/ttprod1_ora_86094.trc
Redo thread mounted read/write
Archived Log entry 610 added for thread 1 sequence 6222
Autotune of undo retention is turned on.
Redo thread mounted read/write
Thread 1 advanced to log sequence 588
Instance shutdown complete
ORA-28303: Distinguished name for user exceeds maximum supported length
Errors in file /u01/app/oracle/diag/rdbms/ttprod/ttprod1/trace/ttprod1_ora_91493.trc
Redo thread mounted read/write
ARC0: Archival started
SUCCESS: diskgroup DATA was mounted
Beginning log switch checkpoint up to RBA
Completed checkpoint up to RBA
Redo thread mounted read/write
ORA-29301: wrong DBMS_PITR package function/procedure order
ARC0: Archival started
Thread 1 advanced to log sequence 430
Starting background process VKTM
Starting background process VKTM
ORA-14522: Partition-level default tablespace SYSAUX block size [ NETWORK_OPS.SIM_INVENTORY ] for shared pool 5000 does not match existing INVOICE_LINES_IDX block size [ UNDOTBS1 ]
Errors in file /u01/app/oracle/diag/rdbms/ttprod/ttprod1/trace/ttprod1_ora_29670.trc
ORA-17505: ksfdrsz: shared pool Failed to resize file to size /u01/app/oracle/oradata/ttprod/users01.dbf blocks
Redo thread mounted read/write
Instance shutdown complete
ORA-14021: MAXVALUE must be specified for all columns
Thread 1 advanced to log sequence 520
Autotune of undo retention is turned on.
ARC0: Archival started
Thread 1 advanced to log sequence 503
ORA-46014: The value of the "aclFile" element is too long.
Errors in file /u01/app/oracle/diag/rdbms/ttprod/ttprod1/trace/ttprod1_ora_11819.trc
Instance shutdown complete
PRVF-07020: Unable to determine the shareability of device {0} on nodes:
Starting background process VKTM
ARC0: Archival started
Archived Log entry 691 added for thread 1 sequence 1820
Autotune of undo retention is turned on.
Beginning log switch checkpoint up to RBA
ORA-16402: TRANSPORT=ONDEMAND is unsupported.
ARC0: Archival started
SUCCESS: diskgroup DATA was mounted
Archived Log entry 368 added for thread 1 sequence 3439
ORA-02172: The PUBLIC keyword is not appropriate for a disable thread
ORA-48131: error encountered when attempting to tell the file position
Errors in file /u01/app/oracle/diag/rdbms/ttprod/ttprod1/trace/ttprod1_ora_87692.trc
Completed checkpoint up to RBA
Completed checkpoint up to RBA
ORA-31170: Cyclic Schema Registration without using FORCE option
Starting background process VKTM
Undo initialization finished
Completed checkpoint up to RBA
Completed checkpoint up to RBA
NID-00425: Database name restored to NETWORK_OPS.SIM_INVENTORY .
Current log# 915 seq# 5837 mem# 0
SUCCESS: diskgroup DATA was mounted
Autotune of undo retention is turned on.
RDJ-00062: The print stream cannot be created:
Starting background process VKTM
PRCS-01073: The specified GNS logging level {0} was outside the expected range of {1} to {2}
ARC0: Archival started
Completed checkpoint up to RBA
Archived Log entry 149 added for thread 1 sequence 8123
Beginning log switch checkpoint up to RBA
Beginning log switch checkpoint up to RBA
SUCCESS: diskgroup DATA was mounted
RMAN-06751: ASM file DATA_TS01 cannot be proxy backed up.
Starting background process VKTM
Autotune of undo retention is turned on.
Archived Log entry 628 added for thread 1 sequence 1304
Autotune of undo retention is turned on.
PRKU-01036: The deinstall tool failed to create the script file "{0}" that needs to be run in silent mode due to error "{1}"
SUCCESS: diskgroup DATA was mounted
Redo thread mounted read/write
Instance shutdown complete
Instance shutdown complete
Redo thread mounted read/write
ORA-09806: Allocation of label SYSAUX buffer failed.
Errors in file /u01/app/oracle/diag/rdbms/ttprod/ttprod1/trace/ttprod1_ora_88497.trc
Archived Log entry 825 added for thread 1 sequence 4887
Completed checkpoint up to RBA
ARC0: Archival started
PRKO-02087: OC4J could not be enabled
Completed checkpoint up to RBA
OCI-19205: Attribute ' 17 ' qualifies a non-scalar value in the select list
Starting background process VKTM
Completed checkpoint up to RBA
Archived Log entry 561 added for thread 1 sequence 1359
Instance shutdown complete
INS-40421: The installer cannot detect the owner of the existing Oracle Grid Infrastructure home (Grid home).
Current log# 3 seq# 7747 mem# 0
ORA-26041: DATETIME/INTERVAL datatype conversion error
Completed checkpoint up to RBA
Current log# 389 seq# 8419 mem# 0
ORA-54622: TO_GEOMETRY: internal error [ number , TNS_ADMIN ]
Current log# 503 seq# 9980 mem# 0
Beginning log switch checkpoint up to RBA
QSM-02153: inline view or subquery in FROM list not supported for this type MV
Thread 1 advanced to log sequence 634
Completed checkpoint up to RBA
DRG-50800: failed to open cursor
Instance shutdown complete
Undo initialization finished
ORA-01145: offline immediate disallowed unless media recovery enabled
Current log# 108 seq# 3086 mem# 0
PRCS-01006: Failed to get server for node {0}
CRS-09060: Error _SYSSMU12$ : Unable to send message due to memory allocation failure
Archived Log entry 965 added for thread 1 sequence 5236
SUCCESS: diskgroup DATA was mounted
Archived Log entry 460 added for thread 1 sequence 1601
TNS-12554: TNS:current operation is still in progress
Current log# 72 seq# 4929 mem# 0
Instance shutdown complete
ARC0: Archival started
ARC0: Archival started
Completed checkpoint up to RBA
ARC0: Archival started
ORA-37545: DIMENSION_MEMBER is part of a hierarchy loop.
Errors in file /u01/app/oracle/diag/rdbms/ttprod/ttprod1/trace/ttprod1_ora_11672.trc
Thread 1 advanced to log sequence 984
Starting background process VKTM
Starting background process VKTM
PLS-00564: lob arguments are not permitted in calls to remote server
Errors in file /u01/app/oracle/diag/rdbms/ttprod/ttprod1/trace/ttprod1_ora_74040.trc
Autotune of undo retention is turned on.
DIA-48806: Unknown Function Reference ( CDR_STAGING )
Archived Log entry 739 added for thread 1 sequence 5072
ARC0: Archival started
Instance shutdown complete
Redo thread mounted read/write
CRS-00704: Oracle High Availability Service aborted due to Oracle Local Registry error [ USERS ]. Details at PK_CUSTOMER_ACCOUNTS in ttprod2 .
Autotune of undo retention is turned on.
Starting background process VKTM
Undo initialization finished
ARC0: Archival started
ORA-22315: type " 1024 " does not contain a map or order function
Errors in file /u01/app/oracle/diag/rdbms/ttprod/ttprod1/trace/ttprod1_ora_87565.trc
Thread 1 advanced to log sequence 23
Thread 1 advanced to log sequence 676
ORA-27198: skgfpvl: sbtpcvalidate returned error
Errors in file /u01/app/oracle/diag/rdbms/ttprod/ttprod1/trace/ttprod1_ora_15923.trc
Completed checkpoint up to RBA
Current log# 602 seq# 3555 mem# 0
Undo initialization finished
Archived Log entry 31 added for thread 1 sequence 2452
Autotune of undo retention is turned on.
PLS-01416: Use of <id> (<value>...) here
Errors in file /u01/app/oracle/diag/rdbms/ttprod/ttprod1/trace/ttprod1_ora_19940.trc
ORA-25282: message id. not provided for non-repudiation
ARC0: Archival started
Starting background process VKTM
Archived Log entry 474 added for thread 1 sequence 1798
Completed checkpoint up to RBA
Starting background process VKTM
Beginning log switch checkpoint up to RBA
ORA-30110: syntax error at ' session_1123 '
ORA-26891: Target Oracle Sequence " ttprod2 "." CRM.CALL_DETAIL_RECORDS " has inconsistent parameters with the source.
Autotune of undo retention is turned on.
Redo thread mounted read/write
SUCCESS: diskgroup DATA was mounted
Instance shutdown complete
Current log# 877 seq# 5637 mem# 0
Starting background process VKTM
LPX-00300: no name in attribute set
Current log# 70 seq# 9933 mem# 0
Autotune of undo retention is turned on.
Archived Log entry 578 added for thread 1 sequence 6247
Beginning log switch checkpoint up to RBA
Current log# 637 seq# 9383 mem# 0
Starting background process VKTM
TNS-00232: Unable to setup connection
PRCS-01061: Failed to find running database instances hosted by server pool {0}
SUCCESS: diskgroup DATA was mounted
ORA-06958: Failed to access configuration file
Instance shutdown complete
Completed checkpoint up to RBA
Current log# 330 seq# 2741 mem# 0
Starting background process VKTM
ORA-22320: missing user version /u01/app/oracle/oradata/ttprod/users01.dbf
Current log# 416 seq# 4567 mem# 0
Starting background process VKTM
OCI-22313: cannot use two versions of the same type " 5000 "
Instance shutdown complete
Autotune of undo retention is turned on.
Undo initialization finished
Completed checkpoint up to RBA
Autotune of undo retention is turned on.
ORA-55333: virtual model APP_USER42 does not exist
INS-30001: The SYSAUX password is empty.
Errors in file /u01/app/oracle/diag/rdbms/ttprod/ttprod1/trace/ttprod1_ora_47849.trc
Undo initialization finished
Current log# 105 seq# 2295 mem# 0
Starting background process VKTM
Autotune of undo retention is turned on.
TNS-04008: 1024 | _SYSSMU12$
Archived Log entry 533 added for thread 1 sequence 4533
Current log# 373 seq# 6534 mem# 0
Thread 1 advanced to log sequence 66
Beginning log switch checkpoint up to RBA
Beginning log switch checkpoint up to RBA
Beginning log switch checkpoint up to RBA
ORA-34360: (MXDSS15) number other users writing
Archived Log entry 244 added for thread 1 sequence 9763
SUCCESS: diskgroup DATA was mounted
Autotune of undo retention is turned on.
Redo thread mounted read/write
Instance shutdown complete
NNO-00052: invalid domain description list
Current log# 516 seq# 2455 mem# 0
Beginning log switch checkpoint up to RBA
SUCCESS: diskgroup DATA was mounted
Autotune of undo retention is turned on.
Autotune of undo retention is turned on.
Redo thread mounted read/write
NNL-01044: Errors reading data stream: number
Completed checkpoint up to RBA
Redo thread mounted read/write
Undo initialization finished
Starting background process VKTM
ORA-09924: Can't spawn process - core dump directory not created properly
Errors in file /u01/app/oracle/diag/rdbms/ttprod/ttprod1/trace/ttprod1_ora_50435.trc
Undo initialization finished
Autotune of undo retention is turned on.
Thread 1 advanced to log sequence 300
Undo initialization finished
Current log# 578 seq# 8654 mem# 0
Thread 1 advanced to log sequence 633
RMAN-06773: connected to source recovery catalog database
Instance shutdown complete
Current log# 970 seq# 1208 mem# 0
Completed checkpoint up to RBA
LSX-00247: invalid language specification "~S"
Undo initialization finished
Archived Log entry 843 added for thread 1 sequence 8989
NNO-00333: warning: ROS admin_region types obsolete; using SQL
Autotune of undo retention is turned on.
DRG-12515: cannot specify language for stopwords in a BASIC_STOPLIST
Errors in file /u01/app/oracle/diag/rdbms/ttprod/ttprod1/trace/ttprod1_ora_91598.trc
XOQ-02110: Object of type " PK_CUSTOMER_ACCOUNTS " with ID " PK_CUSTOMER_ACCOUNTS " cannot be created because another object with that ID already exists.
Thread 1 advanced to log sequence 697
SUCCESS: diskgroup DATA was mounted
Starting background process VKTM
Thread 1 advanced to log sequence 867
Autotune of undo retention is turned on.
ORA-48313: Updates not allowed on ADR relation [ ttprod2 ] of Version= BILLING.CUST_ORDERS
Beginning log switch checkpoint up to RBA
Current log# 336 seq# 6856 mem# 0
ARC0: Archival started
ARC0: Archival started
Thread 1 advanced to log sequence 254
Beginning log switch checkpoint up to RBA
ORA-01328: only one build operation may occur at one time
Autotune of undo retention is turned on.
Thread 1 advanced to log sequence 199
Beginning log switch checkpoint up to RBA
Archived Log entry 443 added for thread 1 sequence 2847
ORA-19140: XPST0083: It is a static error if the target type of a cast expression or constructor function is xs:QName or a type derived from xs:QName or xs:NOTATION, and the argument of the cast expression or constructor function is not a CDR_STAGING literal
SUCCESS: diskgroup DATA was mounted
Completed checkpoint up to RBA
ARC0: Archival started
Undo initialization finished
QSM-01016: Query rewrite does not support, aggregate, SYSAUX
ARC0: Archival started
Archived Log entry 538 added for thread 1 sequence 8840
Autotune of undo retention is turned on.
Completed checkpoint up to RBA
ARC0: Archival started
XOQ-00701: error compiling OLAP DML expression
Autotune of undo retention is turned on.
Archived Log entry 959 added for thread 1 sequence 4333
ORA-37071: You may not execute a parallel OLAP operation against updated but uncommitted AW 1024 .
Autotune of undo retention is turned on.
Redo thread mounted read/write
ORA-12574: TNS:redirection denied
Redo thread mounted read/write
ORA-25313: a queue may not subscribe to itself for propagation
Errors in file /u01/app/oracle/diag/rdbms/ttprod/ttprod1/trace/ttprod1_ora_67260.trc
Archived Log entry 380 added for thread 1 sequence 7838
Archived Log entry 423 added for thread 1 sequence 2348
Instance shutdown complete
EXP-00049: NETWORK_OPS.SIM_INVENTORY option is not compatible with Point-in-time Recovery or Transportable Tablespace Export
Autotune of undo retention is turned on.
Starting background process VKTM
Completed checkpoint up to RBA
Archived Log entry 622 added for thread 1 sequence 4587
ORA-30749: column ttprod2 not enabled to store objects of type BILLING.CUST_ORDERS . APP_USER42
Starting background process VKTM
Thread 1 advanced to log sequence 191
Current log# 846 seq# 5332 mem# 0
Redo thread mounted read/write
PRKO-02709: Unable to convert RAC One Node database because it has a failed online relocation request
CRS-00702: Oracle High Availability Service aborted due to failure to run as privileged user. Details at ttprod2 in SP2-0552 .
Errors in file /u01/app/oracle/diag/rdbms/ttprod/ttprod1/trace/ttprod1_ora_95062.trc
Current log# 762 seq# 8545 mem# 0
Instance shutdown complete
Starting background process VKTM
CRS-01232: Could not get security attribute for system key ' APP_USER42 ' in OCR. Details at ttstandby01 in PK_CUSTOMER_ACCOUNTS .
ORA-23535: instantiating templates from multiple back ends is not allowed.
Starting background process VKTM
Thread 1 advanced to log sequence 185
ORA-01234: cannot end backup of file shared pool - file is in use or recovery
Errors in file /u01/app/oracle/diag/rdbms/ttprod/ttprod1/trace/ttprod1_ora_16450.trc
KUP-04032: internal error APP_USER42 while parsing field 5000 :
Thread 1 advanced to log sequence 860
Beginning log switch checkpoint up to RBA
Starting background process VKTM
Starting background process VKTM
ORA-16030: session specific change to the LOG_ARCHIVE_MIN_SUCCEED_DEST parameter requires a LOG_ARCHIVE_DEST_n destination
SUCCESS: diskgroup DATA was mounted
Current log# 623 seq# 7867 mem# 0
Undo initialization finished
ARC0: Archival started
SUCCESS: diskgroup DATA was mounted
XOQ-01461: Partitioned cube has no base cube for hierarchy combination ("( session_1123 )").
Redo thread mounted read/write
Archived Log entry 721 added for thread 1 sequence 9112
Redo thread mounted read/write
SUCCESS: diskgroup DATA was mounted
Starting background process VKTM
ORA-26914: Unable to communicate with ttstandby01 capture process " shared pool " from outbound server " session_1123 ".
Autotune of undo retention is turned on.
ORA-01645: previous attempt to make read write is half complete
Instance shutdown complete
Undo initialization finished
Beginning log switch checkpoint up to RBA
Thread 1 advanced to log sequence 225
PRVF-06402: Core file name pattern is not same on all the nodes.
Beginning log switch checkpoint up to RBA
Redo thread mounted read/write
Beginning log switch checkpoint up to RBA
Thread 1 advanced to log sequence 392
Archived Log entry 372 added for thread 1 sequence 1430
CRS-02602: Server ' _SYSSMU7$ ' is in server pool ' large pool ' which is exclusive with server pool ' _SYSSMU7$ '
Errors in file /u01/app/oracle/diag/rdbms/ttprod/ttprod1/trace/ttprod1_ora_53811.trc
RMAN-08550: AUTOBACKUP search with format " /u01/app/oracle/oradata/ttprod/users01.dbf " not attempted because DBID was not set
Starting background process VKTM
Current log# 970 seq# 5444 mem# 0
ARC0: Archival started
ARC0: Archival started
Instance shutdown complete
ORA-00064: object is too large to allocate on this O/S ( ttstandby01 , CRM.CALL_DETAIL_RECORDS , BILLING.CUST_ORDERS )
Thread 1 advanced to log sequence 435
RMAN-08185: renamed tempfile _SYSSMU12$ to NETWORK_OPS.SIM_INVENTORY in control file
ORA-27063: number of bytes read/written is incorrect
Redo thread mounted read/write
Instance shutdown complete
Starting background process VKTM
Autotune of undo retention is turned on.
Completed checkpoint up to RBA
TNS-00215: Total Successful Connections : number
Errors in file /u01/app/oracle/diag/rdbms/ttprod/ttprod1/trace/ttprod1_ora_17550.trc
Archived Log entry 853 added for thread 1 sequence 8845
Redo thread mounted read/write
Redo thread mounted read/write
Current log# 77 seq# 3146 mem# 0
ORA-55635: Flashback Data Archive enabled table " CDR_STAGING "." CRM.CALL_DETAIL_RECORDS " is disassociated
Errors in file /u01/app/oracle/diag/rdbms/ttprod/ttprod1/trace/ttprod1_ora_75210.trc
Thread 1 advanced to log sequence 13
Archived Log entry 925 added for thread 1 sequence 8642
ORA-06737: TLI Driver: connection failed
ORA-01026: multiple buffers of size > 4000 in the bind list
Errors in file /u01/app/oracle/diag/rdbms/ttprod/ttprod1/trace/ttprod1_ora_31701.trc
Current log# 601 seq# 1634 mem# 0
Redo thread mounted read/write
ARC0: Archival started
ARC0: Archival started
Completed checkpoint up to RBA
ORA-31103: Resource locked in shared mode. Cannot add exclusive lock
PGU-41008: invalid DATA definition dname specified
Completed checkpoint up to RBA
Instance shutdown complete
Redo thread mounted read/write
Thread 1 advanced to log sequence 301
ORA-12807: process queue could not receive parallel query message
Archived Log entry 947 added for thread 1 sequence 5411
Starting background process VKTM
Redo thread mounted read/write
Beginning log switch checkpoint up to RBA
Current log# 73 seq# 8714 mem# 0
LSX-00112: facet "~S" duplicated
Thread 1 advanced to log sequence 409
Redo thread mounted read/write
Starting background process VKTM
Autotune of undo retention is turned on.
PRVF-05176: Failed to retrieve Operating System version on the local node. ACFS driver version compatibility check will not be performed
Current log# 881 seq# 3654 mem# 0
Archived Log entry 850 added for thread 1 sequence 9426
ORA-00025: failed to allocate ttstandby01
Undo initialization finished
Autotune of undo retention is turned on.
Current log# 196 seq# 1941 mem# 0
ORA-28662: IOT index and overflow segments must share the same LOGGING attribute
Completed checkpoint up to RBA
Starting background process VKTM
Completed checkpoint up to RBA
Starting background process VKTM
ARC0: Archival started
Autotune of undo retention is turned on.
ORA-39032: function BILLING.CUST_ORDERS is not supported in _SYSSMU12$ jobs
Starting background process VKTM
Autotune of undo retention is turned on.
Current log# 173 seq# 1313 mem# 0
Beginning log switch checkpoint up to RBA
NNL-00896: Requests refused, modifications disabled: number
Current log# 959 seq# 6155 mem# 0
Beginning log switch checkpoint up to RBA
Thread 1 advanced to log sequence 717
Completed checkpoint up to RBA
ORA-38134: invalid parameter value session_1123 specified
ARC0: Archival started
Starting background process VKTM
Archived Log entry 446 added for thread 1 sequence 1444
Redo thread mounted read/write
Undo initialization finished
DIA-49420: Package too large [ 3 ] [ UNDOTBS1 ]
PRVF-05110: ASM is not running on nodes: "{0}"
Autotune of undo retention is turned on.
XOQ-02532: cannot specify a secondary partition level without also specifying a (primary) partition level.
Current log# 522 seq# 6898 mem# 0
Undo initialization finished
Archived Log entry 187 added for thread 1 sequence 8970
Completed checkpoint up to RBA
ORA-36832: (XSLMGEN02) View token cannot be greater than 4000 bytes
Archived Log entry 81 added for thread 1 sequence 2015
ORA-12719: operation requires database is in RESTRICTED mode
Instance shutdown complete
Autotune of undo retention is turned on.
Archived Log entry 828 added for thread 1 sequence 3733
Completed checkpoint up to RBA
ORA-39282: Cannot alter default tablespace of partitions in partitioned table.
Undo initialization finished
Thread 1 advanced to log sequence 866
NID-00102: Garbled target 17
Errors in file /u01/app/oracle/diag/rdbms/ttprod/ttprod1/trace/ttprod1_ora_11570.trc
Archived Log entry 579 added for thread 1 sequence 9464
Archived Log entry 944 added for thread 1 sequence 4765
ORA-01282: date range specified is invalid
Errors in file /u01/app/oracle/diag/rdbms/ttprod/ttprod1/trace/ttprod1_ora_36237.trc
Archived Log entry 682 added for thread 1 sequence 3074
SUCCESS: diskgroup DATA was mounted
ARC0: Archival started
Autotune of undo retention is turned on.
Thread 1 advanced to log sequence 548
ORA-07513: sscgctl: $deq unexpected return on cancel of term. lock
Undo initialization finished
Undo initialization finished
Undo initialization finished
SUCCESS: diskgroup DATA was mounted
CRS-04038: Cannot delete invalid user ' UNDOTBS1 ' from CRS Admin list.
Redo thread mounted read/write
PCC-02363: Indicator variable must be a structure
Starting background process VKTM
Thread 1 advanced to log sequence 404
ARC0: Archival started
Thread 1 advanced to log sequence 304
Archived Log entry 34 added for thread 1 sequence 8868
ORA-16007: invalid backup control file checkpoint
Errors in file /u01/app/oracle/diag/rdbms/ttprod/ttprod1/trace/ttprod1_ora_81766.trc
Starting background process VKTM
DRG-10755: BILLING.CUST_ORDERS and shared pool have characters in common
ORA-28389: cannot close auto login wallet
Autotune of undo retention is turned on.
Current log# 245 seq# 3517 mem# 0
ARC0: Archival started
Autotune of undo retention is turned on.
Undo initialization finished
Thread 1 advanced to log sequence 620
ORA-09794: szrbuild: length of role name is greater than buffer.
Undo initialization finished
ORA-12030: cannot create a fast refresh materialized view
Errors in file /u01/app/oracle/diag/rdbms/ttprod/ttprod1/trace/ttprod1_ora_36561.trc
Instance shutdown complete
ORA-14511: cannot perform operation on a partitioned object
Autotune of undo retention is turned on.
Instance shutdown complete
ORA-25034: cannot bypass trigger owned by another user
Current log# 94 seq# 6422 mem# 0
Undo initialization finished
Thread 1 advanced to log sequence 519
RMAN-06966: Invalid release number CRM.CALL_DETAIL_RECORDS
ARC0: Archival started
ARC0: Archival started
Current log# 985 seq# 9255 mem# 0
Undo initialization finished
Thread 1 advanced to log sequence 539
ORA-38171: Insufficient privileges for SQL management object operation
Instance shutdown complete
Thread 1 advanced to log sequence 642
Autotune of undo retention is turned on.
Autotune of undo retention is turned on.
Redo thread mounted read/write
DRG-11005: invalid create index parameter session_1123
Completed checkpoint up to RBA
Archived Log entry 184 added for thread 1 sequence 3002
Completed checkpoint up to RBA
Undo initialization finished
Archived Log entry 255 added for thread 1 sequence 2275
ORA-32124: Illegal attribute passed
Instance shutdown complete
Starting background process VKTM
Starting background process VKTM
Current log# 804 seq# 2815 mem# 0
NNO-00634: received authoritative name " 5000 " when we are its authority
Autotune of undo retention is turned on.
Instance shutdown complete
Starting background process VKTM
Autotune of undo retention is turned on.
Starting background process VKTM
TNS-04072: Unable to suspend atleast one of the gateways.
DRG-12250: maximum number of mvdata sections ( /u01/app/oracle/oradata/ttprod/users01.dbf ) exceeded
SUCCESS: diskgroup DATA was mounted
Undo initialization finished
ORA-39083: Object type APP_USER42 failed to create with error: UNDOTBS1 Failing sql is: 5000
Autotune of undo retention is turned on.
Starting background process VKTM
SUCCESS: diskgroup DATA was mounted
PRCD-01207: The start options {2} can not be used while starting service {0} and its database {1}
Errors in file /u01/app/oracle/diag/rdbms/ttprod/ttprod1/trace/ttprod1_ora_24882.trc
Thread 1 advanced to log sequence 982
Instance shutdown complete
Completed checkpoint up to RBA
Beginning log switch checkpoint up to RBA
Undo initialization finished
ORA-39504: failed to notify CRS of a Startup/Shutdown event [ NETWORK_OPS.SIM_INVENTORY ] (ignored)
Errors in file /u01/app/oracle/diag/rdbms/ttprod/ttprod1/trace/ttprod1_ora_20960.trc
Autotune of undo retention is turned on.
ARC0: Archival started
Beginning log switch checkpoint up to RBA
Thread 1 advanced to log sequence 334
Autotune of undo retention is turned on.
Undo initialization finished
ORA-01986: OPTIMIZER_GOAL is obsolete
SUCCESS: diskgroup DATA was mounted
CRS-05003: Invalid attribute value: ' 5000 ' for attribute CRM.CALL_DETAIL_RECORDS
Starting background process VKTM
Redo thread mounted read/write
ARC0: Archival started
ARC0: Archival started
Beginning log switch checkpoint up to RBA
SUCCESS: diskgroup DATA was mounted
PRKH-03450: Unexpected error ({0}) returned from an internal interface
Starting background process VKTM
Instance shutdown complete
LPX-01049: [XQST0049] Repeated variable declaration
Completed checkpoint up to RBA
SUCCESS: diskgroup DATA was mounted
Redo thread mounted read/write
ARC0: Archival started
RMAN-06522: KEEP FOREVER option is not supported without the recovery catalog
Undo initialization finished
Redo thread mounted read/write
Instance shutdown complete
Instance shutdown complete
ORA-39127: unexpected error from call to 17 BILLING.CUST_ORDERS
Errors in file /u01/app/oracle/diag/rdbms/ttprod/ttprod1/trace/ttprod1_ora_55521.trc
Completed checkpoint up to RBA
Instance shutdown complete
Thread 1 advanced to log sequence 711
ARC0: Archival started
Completed checkpoint up to RBA
TNS-12655: Password check failed
DGM-16900: Unable to initialize client
Starting background process VKTM
SUCCESS: diskgroup DATA was mounted
ORA-15169: destination ' 42 ' is a subdirectory of ' SP2-0552 '
Archived Log entry 42 added for thread 1 sequence 1977
Autotune of undo retention is turned on.
Completed checkpoint up to RBA
Current log# 292 seq# 1907 mem# 0
Starting background process VKTM
Undo initialization finished
PGU-41114: duplicate WITH operand
Errors in file /u01/app/oracle/diag/rdbms/ttprod/ttprod1/trace/ttprod1_ora_79526.trc
Completed checkpoint up to RBA
Thread 1 advanced to log sequence 735
Undo initialization finished
Archived Log entry 158 added for thread 1 sequence 6009
ORA-12481: effective label not within program unit clearance range
Completed checkpoint up to RBA
Current log# 735 seq# 4843 mem# 0
ARC0: Archival started
ORA-31196: XML nodes over 3 in size cannot be printed
Completed checkpoint up to RBA
PCC-01010: Invalid use of NULL character in character literal
Errors in file /u01/app/oracle/diag/rdbms/ttprod/ttprod1/trace/ttprod1_ora_99761.trc
RMAN-20512: source database already registered in recovery catalog
Autotune of undo retention is turned on.
ORA-48407: DESCRIBE and QUERY commands need at least relation name argument
Completed checkpoint up to RBA
ARC0: Archival started
Beginning log switch checkpoint up to RBA
Instance shutdown complete
Current log# 758 seq# 1082 mem# 0
Starting background process VKTM
ORA-53011: cannot find the <MAPPED_ELEM> tag value in the metadata schema
Instance shutdown complete
Current log# 264 seq# 7854 mem# 0
SUCCESS: diskgroup DATA was mounted
Completed checkpoint up to RBA
Autotune of undo retention is turned on.
ORA-40222: data mining model export failed, job name= 17 , error= TNS_ADMIN
Autotune of undo retention is turned on.
Completed checkpoint up to RBA
ORA-13219: failed to create spatial index table [ PK_CUSTOMER_ACCOUNTS ]
Starting background process VKTM
Starting background process VKTM
Undo initialization finished
LPX-01160: [FOUP0002] Invalid 'fn:put' second operand
Autotune of undo retention is turned on.
Instance shutdown complete
SUCCESS: diskgroup DATA was mounted
SUCCESS: diskgroup DATA was mounted
ORA-15558: replay thread encountered unexpected error
Archived Log entry 112 added for thread 1 sequence 3291
Completed checkpoint up to RBA
ORA-41645: duplicate tag " 42 " in rule condition
Errors in file /u01/app/oracle/diag/rdbms/ttprod/ttprod1/trace/ttprod1_ora_32395.trc
SUCCESS: diskgroup DATA was mounted
ARC0: Archival started
Redo thread mounted read/write
Current log# 729 seq# 2369 mem# 0
Current log# 700 seq# 4484 mem# 0
ORA-33413: (EIFMAKEF01) You cannot export compressed composite workspace object because one of its bases has limited status or a PERMIT READ restriction.
Starting background process VKTM
Current log# 701 seq# 8954 mem# 0
Instance shutdown complete
Current log# 496 seq# 9298 mem# 0
Redo thread mounted read/write
NNL-00413: Total response time: DATA_TS01
Instance shutdown complete
Undo initialization finished
Redo thread mounted read/write
SUCCESS: diskgroup DATA was mounted
Autotune of undo retention is turned on.
ORA-44708: Translations not supported for object relational storage
Current log# 717 seq# 9317 mem# 0
ORA-12647: Authentication required
Beginning log switch checkpoint up to RBA
Current log# 814 seq# 8661 mem# 0
ORA-01055: Object datatypes not supported for bind or define in this mode
Errors in file /u01/app/oracle/diag/rdbms/ttprod/ttprod1/trace/ttprod1_ora_42253.trc
PRKO-03148: Instance {0} does not support service {1}.
ARC0: Archival started
Current log# 638 seq# 2140 mem# 0
Current log# 434 seq# 9758 mem# 0
Starting background process VKTM
INS-32033: Central Inventory location is not writable.
Redo thread mounted read/write
Redo thread mounted read/write
ARC0: Archival started
Starting background process VKTM
Completed checkpoint up to RBA
INS-41518: Unable to delete file _SYSSMU7$
Thread 1 advanced to log sequence 959
Beginning log switch checkpoint up to RBA
SUCCESS: diskgroup DATA was mounted
Starting background process VKTM
ORA-38405: quotes not allowed in the attribute set name
Beginning log switch checkpoint up to RBA
SUCCESS: diskgroup DATA was mounted
ARC0: Archival started
Current log# 838 seq# 4253 mem# 0
ORA-28134: object cannot have fine-grained access control policy
Beginning log switch checkpoint up to RBA
Autotune of undo retention is turned on.
PCB-00108: Unable to open list file " 42 "
Completed checkpoint up to RBA
Starting background process VKTM
Thread 1 advanced to log sequence 461
Current log# 581 seq# 4770 mem# 0
SUCCESS: diskgroup DATA was mounted
ORA-28339: missing or invalid encryption algorithm
ORA-07643: smsalo: SMSVAR is invalid
Instance shutdown complete
PLS-00621: at least one operand in the COALESCE expression must not be NULL
Errors in file /u01/app/oracle/diag/rdbms/ttprod/ttprod1/trace/ttprod1_ora_65406.trc
Current log# 879 seq# 9000 mem# 0
Thread 1 advanced to log sequence 946
Archived Log entry 327 added for thread 1 sequence 6844
Redo thread mounted read/write
Completed checkpoint up to RBA
NNL-00411: Minimum response time: session_1123
Autotune of undo retention is turned on.
Beginning log switch checkpoint up to RBA
Current log# 461 seq# 5824 mem# 0
Instance shutdown complete
Completed checkpoint up to RBA
Instance shutdown complete
SQL-02100: Out of memory (i.e., could not allocate)
Archived Log entry 354 added for thread 1 sequence 7276
ORA-07244: ssfccf: create file failed, file size limit reached.
ORA-48473: Internal failure, unknown return code [ large pool ]
Archived Log entry 15 added for thread 1 sequence 3360
Completed checkpoint up to RBA
Thread 1 advanced to log sequence 952
ARC0: Archival started
Instance shutdown complete
ORA-56903: sys_op_pivot function is not allowed here
Current log# 956 seq# 1817 mem# 0
Beginning log switch checkpoint up to RBA
Completed checkpoint up to RBA
Autotune of undo retention is turned on.
QSM-01057: no query rewrite for this DML expression
Errors in file /u01/app/oracle/diag/rdbms/ttprod/ttprod1/trace/ttprod1_ora_16210.trc
Redo thread mounted read/write
Instance shutdown complete
Beginning log switch checkpoint up to RBA
Starting background process VKTM
ORA-03223: Bitmap index block addressable limitation reached
Undo initialization finished
IMG-02012: 2FF12 - illegal specification for thumbnail generation
Undo initialization finished
CRS-04701: The Cluster Time Synchronization Service is in Active mode.
Current log# 490 seq# 5999 mem# 0
RMAN-06032: at least 1 channel of TYPE DISK must be allocated to execute a COPY command
SUCCESS: diskgroup DATA was mounted
Current log# 718 seq# 4473 mem# 0
Instance shutdown complete
ORA-16569: Data Guard configuration is not enabled
Starting background process VKTM
Thread 1 advanced to log sequence 237
SUCCESS: diskgroup DATA was mounted
Thread 1 advanced to log sequence 565
INS-35016: User name cannot be empty.
Instance shutdown complete
Undo initialization finished
Redo thread mounted read/write
Undo initialization finished
Instance shutdown complete
Completed checkpoint up to RBA
NNO-00116: warning: data type " UNDOTBS1 " in SP2-0552 load
Completed checkpoint up to RBA
Undo initialization finished
Completed checkpoint up to RBA
ORA-26093: input data column size ( number ) exceeds the maximum input size ( number )
Current log# 774 seq# 6987 mem# 0
Thread 1 advanced to log sequence 747
PLS-00415: ' ttprod2 ' is an OUT parameter and cannot appear in a function
Thread 1 advanced to log sequence 387
Autotune of undo retention is turned on.
Autotune of undo retention is turned on.
Thread 1 advanced to log sequence 647
ARC0: Archival started
ORA-41691: invalid aggregate specification: 3
Completed checkpoint up to RBA
Redo thread mounted read/write
SUCCESS: diskgroup DATA was mounted
DRG-11809: Partial Content
Archived Log entry 726 added for thread 1 sequence 7324
Beginning log switch checkpoint up to RBA
ORA-03130: the buffer for the next piece to be fetched is required
Beginning log switch checkpoint up to RBA
Redo thread mounted read/write
ORA-06775: TLI Driver: error reading break mode
ARC0: Archival started
SUCCESS: diskgroup DATA was mounted
ORA-02739: osncon: host alias is too long
Errors in file /u01/app/oracle/diag/rdbms/ttprod/ttprod1/trace/ttprod1_ora_69655.trc
Autotune of undo retention is turned on.
SUCCESS: diskgroup DATA was mounted
Archived Log entry 540 added for thread 1 sequence 8673
Beginning log switch checkpoint up to RBA
SUCCESS: diskgroup DATA was mounted
Instance shutdown complete
ORA-38440: attribute set _SYSSMU7$ does not exist
Errors in file /u01/app/oracle/diag/rdbms/ttprod/ttprod1/trace/ttprod1_ora_92151.trc
Instance shutdown complete
Autotune of undo retention is turned on.
Autotune of undo retention is turned on.
Thread 1 advanced to log sequence 786
Archived Log entry 247 added for thread 1 sequence 6765
ORA-29856: error occurred in the execution of ODCIINDEXDROP routine
Autotune of undo retention is turned on.
ORA-39084: cannot detach job BILLING.CUST_ORDERS for user INVOICE_LINES_IDX
Starting background process VKTM
ORA-30433: ' session_1123 . CDR_STAGING ' is not a summary
Starting background process VKTM
Autotune of undo retention is turned on.
Undo initialization finished
Archived Log entry 694 added for thread 1 sequence 8296
ORA-15323: ASM password update has failed on local node
Beginning log switch checkpoint up to RBA
Undo initialization finished
Archived Log entry 420 added for thread 1 sequence 5884
Autotune of undo retention is turned on.
Completed checkpoint up to RBA
Archived Log entry 707 added for thread 1 sequence 9819
RMAN-05559: error converting parameter USERS , DATA_TS01 larger than number
Beginning log switch checkpoint up to RBA
Beginning log switch checkpoint up to RBA
Thread 1 advanced to log sequence 322
Undo initialization finished
Thread 1 advanced to log sequence 419
SUCCESS: diskgroup DATA was mounted
ORA-22604: TDS handle already generated
Autotune of undo retention is turned on.
Autotune of undo retention is turned on.
Beginning log switch checkpoint up to RBA
Autotune of undo retention is turned on.
Completed checkpoint up to RBA
ORA-01606: parameter not identical to that of another mounted instance
Thread 1 advanced to log sequence 284
Undo initialization finished
SUCCESS: diskgroup DATA was mounted
Completed checkpoint up to RBA
Archived Log entry 272 added for thread 1 sequence 3013
Beginning log switch checkpoint up to RBA
CLSR-00506: Unmatched resource name prefix /u01/app/oracle/oradata/ttprod/users01.dbf is specified
Instance shutdown complete
Starting background process VKTM
ORA-24242: anonymous access through a dynamically authenticated Database Access Descriptor (DAD) prohibited
DRG-13811: Invalid path ' CRM.CALL_DETAIL_RECORDS ' in CTX_TREE.ADD_NODE()
Errors in file /u01/app/oracle/diag/rdbms/ttprod/ttprod1/trace/ttprod1_ora_83796.trc
ARC0: Archival started
Instance shutdown complete
Completed checkpoint up to RBA
Archived Log entry 940 added for thread 1 sequence 2403
ARC0: Archival started
Undo initialization finished
ORA-29882: insufficient privileges to execute indextype
ORA-24161: name CRM.CALL_DETAIL_RECORDS does not exist in the name value pair list
Beginning log switch checkpoint up to RBA
Archived Log entry 84 added for thread 1 sequence 5531
DIA-48805: BEGIN BACKUP issued already - must do an END BACKUP first
Archived Log entry 310 added for thread 1 sequence 7438
Completed checkpoint up to RBA
Completed checkpoint up to RBA
Instance shutdown complete
SUCCESS: diskgroup DATA was mounted
DRG-50912: first document number APP_USER42 is not an integer
Autotune of undo retention is turned on.
Redo thread mounted read/write
ORA-06126: NETTCP: ORASRV unable to open network connection
ARC0: Archival started
Beginning log switch checkpoint up to RBA
PLS-00630: pipelined functions must have a supported collection return type
Thread 1 advanced to log sequence 639
Current log# 419 seq# 5183 mem# 0
Undo initialization finished
PRCH-01018: Failed to stop VIP resource
ORA-38411: invalid datatype for the column storing expressions
Errors in file /u01/app/oracle/diag/rdbms/ttprod/ttprod1/trace/ttprod1_ora_21671.trc
Redo thread mounted read/write
Archived Log entry 182 added for thread 1 sequence 8265
Current log# 823 seq# 2027 mem# 0
Current log# 993 seq# 1387 mem# 0
Instance shutdown complete
ORA-07621: smscre: illegal redo block size
Completed checkpoint up to RBA
IMG-00548: invalid interleave specified
Autotune of undo retention is turned on.
Redo thread mounted read/write
ORA-19017: Attributes can only be simple scalars
Errors in file /u01/app/oracle/diag/rdbms/ttprod/ttprod1/trace/ttprod1_ora_67424.trc
Autotune of undo retention is turned on.
Undo initialization finished
ARC0: Archival started
Archived Log entry 85 added for thread 1 sequence 4499
Starting background process VKTM
Archived Log entry 743 added for thread 1 sequence 9525
RMAN-03000: recovery manager compiler component initialization failed
Autotune of undo retention is turned on.
Completed checkpoint up to RBA
Undo initialization finished
Instance shutdown complete
ORA-01776: cannot modify more than one base table through a join view
Errors in file /u01/app/oracle/diag/rdbms/ttprod/ttprod1/trace/ttprod1_ora_56390.trc
ORA-39256: Transportable tablespace Data Pump jobs from read-only databases not supported.
SUCCESS: diskgroup DATA was mounted
Current log# 104 seq# 7131 mem# 0
Beginning log switch checkpoint up to RBA
PRCD-01058: Invalid server pool list {0} supplied for single instance database {1}
Errors in file /u01/app/oracle/diag/rdbms/ttprod/ttprod1/trace/ttprod1_ora_43967.trc
Undo initialization finished
Starting background process VKTM
Archived Log entry 565 added for thread 1 sequence 9375
Autotune of undo retention is turned on.
ORA-26503: internal RepAPI operation failure on object SP2-0552 . 5000
Errors in file /u01/app/oracle/diag/rdbms/ttprod/ttprod1/trace/ttprod1_ora_46917.trc
Autotune of undo retention is turned on.
SUCCESS: diskgroup DATA was mounted
Archived Log entry 560 added for thread 1 sequence 2157
ARC0: Archival started
Redo thread mounted read/write
RMAN-06457: UNTIL SCN ( INVOICE_LINES_IDX ) is ahead of last SCN in archived logs ( BILLING.CUST_ORDERS )
Current log# 527 seq# 1159 mem# 0
Redo thread mounted read/write
RMAN-08003: channel 5000 : reading from backup piece 3
Autotune of undo retention is turned on.
ORA-27086: unable to lock file - already in use
Undo initialization finished
Starting background process VKTM
Starting background process VKTM
ORA-01576: The instance CRM.CALL_DETAIL_RECORDS is not enabled
Redo thread mounted read/write
Undo initialization finished
Thread 1 advanced to log sequence 597
CRS-05830: Invalid path ' shared pool ' found for agent filename. Details at shared pool in large pool .
Errors in file /u01/app/oracle/diag/rdbms/ttprod/ttprod1/trace/ttprod1_ora_88704.trc
Archived Log entry 264 added for thread 1 sequence 7309
Beginning log switch checkpoint up to RBA
Completed checkpoint up to RBA
Undo initialization finished
Autotune of undo retention is turned on.
Archived Log entry 755 added for thread 1 sequence 3336
NID-00430: Database is ready to be open or shut down.
Errors in file /u01/app/oracle/diag/rdbms/ttprod/ttprod1/trace/ttprod1_ora_94623.trc
ORA-36020: (XSHIERCK03) The definition of hierarchy workspace object over number is inconsistent.
Archived Log entry 34 added for thread 1 sequence 2874
Redo thread mounted read/write
Beginning log switch checkpoint up to RBA
ORA-01297: redo version mismatch between dictionary 5000 and logfiles
Thread 1 advanced to log sequence 685
Beginning log switch checkpoint up to RBA
Undo initialization finished
NZE-29019: The protocol version is incorrect.
Completed checkpoint up to RBA
Instance shutdown complete
ORA-01188: The block size specified _SYSSMU7$ does not match header block size 5000
Undo initialization finished
Archived Log entry 128 added for thread 1 sequence 1778
Redo thread mounted read/write
CRS-04636: Failure number in clsvrelversion
Autotune of undo retention is turned on.
Autotune of undo retention is turned on.
Thread 1 advanced to log sequence 267
Archived Log entry 960 added for thread 1 sequence 7325
Instance shutdown complete
Instance shutdown complete
PRCA-01001: ASM Disk Group resource does not exist
ARC0: Archival started
ORA-19141: XQDY0084: It is a dynamic error if the element validated by a validate statement does not have a top-level element declaration in the in-scope element declarations, if validation mode is strict
Thread 1 advanced to log sequence 294
Starting background process VKTM
ARC0: Archival started
ORA-28029: could not authorize remote server for user SP2-0552
Starting background process VKTM
ORA-25132: UNIQUE constraint ( BILLING.CUST_ORDERS . PK_CUSTOMER_ACCOUNTS ) disabled and validated in ALTER TABLE EXCHANGE PARTITION
Instance shutdown complete
Completed checkpoint up to RBA
Thread 1 advanced to log sequence 915
ORA-39253: Specified tables do not exist.
Starting background process VKTM
Current log# 187 seq# 3480 mem# 0
Autotune of undo retention is turned on.
ORA-31627: API call succeeded but more information is available
ARC0: Archival started
ARC0: Archival started
Completed checkpoint up to RBA
ORA-44731: Path /u01/app/oracle/oradata/ttprod/users01.dbf cannot be removed from the repository XML Index
Errors in file /u01/app/oracle/diag/rdbms/ttprod/ttprod1/trace/ttprod1_ora_94562.trc
Redo thread mounted read/write
Completed checkpoint up to RBA
SUCCESS: diskgroup DATA was mounted
Instance shutdown complete
Beginning log switch checkpoint up to RBA
SUCCESS: diskgroup DATA was mounted
RMAN-06178: datafile number not processed because file is offline
Redo thread mounted read/write
Completed checkpoint up to RBA
Archived Log entry 226 added for thread 1 sequence 1192
Archived Log entry 924 added for thread 1 sequence 2781
ARC0: Archival started
Autotune of undo retention is turned on.
ORA-14102: only one LOGGING or NOLOGGING clause may be specified
Autotune of undo retention is turned on.
Undo initialization finished
Beginning log switch checkpoint up to RBA
ORA-14170: cannot specify <(sub)partition-description> clause in CREATE TABLE or CREATE INDEX
Current log# 942 seq# 5762 mem# 0
SUCCESS: diskgroup DATA was mounted
Undo initialization finished
Archived Log entry 852 added for thread 1 sequence 9735
Redo thread mounted read/write
Thread 1 advanced to log sequence 580
ORA-16111: log mining and apply setting up
Errors in file /u01/app/oracle/diag/rdbms/ttprod/ttprod1/trace/ttprod1_ora_63556.trc
ARC0: Archival started
Current log# 357 seq# 7625 mem# 0
Current log# 465 seq# 4447 mem# 0
ORA-18165: FTST0006 FTStopwordOption not supported
SUCCESS: diskgroup DATA was mounted
Undo initialization finished
Starting background process VKTM
Thread 1 advanced to log sequence 225
Current log# 1 seq# 4912 mem# 0
TNS-00249: Unable to read network configuration data from file SYSAUX with error: 3
Archived Log entry 409 added for thread 1 sequence 5935
Thread 1 advanced to log sequence 1
Beginning log switch checkpoint up to RBA
Current log# 242 seq# 8070 mem# 0
Completed checkpoint up to RBA
ARC0: Archival started
TNS-12666: Dedicated server: outbound transport protocol different from inbound
SUCCESS: diskgroup DATA was mounted
Completed checkpoint up to RBA
QSM-02010: join predicate with operator other than equals (=)
Autotune of undo retention is turned on.
Thread 1 advanced to log sequence 568
Archived Log entry 914 added for thread 1 sequence 7899
ARC0: Archival started
RMAN-06246: List of Database Incarnations
Errors in file /u01/app/oracle/diag/rdbms/ttprod/ttprod1/trace/ttprod1_ora_55679.trc
ARC0: Archival started
Undo initialization finished
Starting background process VKTM
Starting background process VKTM
Thread 1 advanced to log sequence 83
LPX-00716: badly formed Text subelement
Errors in file /u01/app/oracle/diag/rdbms/ttprod/ttprod1/trace/ttprod1_ora_74918.trc
Archived Log entry 609 added for thread 1 sequence 3521
SUCCESS: diskgroup DATA was mounted
NNL-00255: Server-generated requests now request forwarding
Autotune of undo retention is turned on.
Undo initialization finished
NNO-00705: warning: cannot open checkpoint file " SYSAUX ", checkpointing disabled
Starting background process VKTM
ORA-64133: XMLIndex DML: failure of the internal " DATA_TS01 "
Current log# 654 seq# 3097 mem# 0
Thread 1 advanced to log sequence 290
PGU-41049: DEFINE TRANSACTION parameter 42 previously specified
Instance shutdown complete
ORA-37549: (XSHIERSP03) The level of DIMENSION_MEMBER is not lower than the level of MEMBER_ANCESTOR.
Archived Log entry 584 added for thread 1 sequence 3282
Archived Log entry 296 added for thread 1 sequence 1052
Autotune of undo retention is turned on.
Thread 1 advanced to log sequence 710
Instance shutdown complete
Archived Log entry 904 added for thread 1 sequence 6876
ORA-41651: Event structure object type has one or more dependent objects
Completed checkpoint up to RBA
Thread 1 advanced to log sequence 62
Starting background process VKTM
Completed checkpoint up to RBA
ORA-29836: failed to validate referenced operators
Instance shutdown complete
ARC0: Archival started
Instance shutdown complete
Starting background process VKTM
Completed checkpoint up to RBA
INS-40917: Host name cannot be in IP Address format.
Starting background process VKTM
Thread 1 advanced to log sequence 328
Autotune of undo retention is turned on.
Starting background process VKTM
Beginning log switch checkpoint up to RBA
Redo thread mounted read/write
ORA-13213: failed to generate spatial index for window object
Beginning log switch checkpoint up to RBA
Instance shutdown complete
Redo thread mounted read/write
ORA-12484: invalid OS label
ORA-01695: error converting rollback segment USERS to version 8.0.2
Errors in file /u01/app/oracle/diag/rdbms/ttprod/ttprod1/trace/ttprod1_ora_99811.trc
Archived Log entry 299 added for thread 1 sequence 1024
Autotune of undo retention is turned on.
Archived Log entry 138 added for thread 1 sequence 3172
Undo initialization finished
Thread 1 advanced to log sequence 936
Instance shutdown complete
INS-30604: Required drivers are not found to perform the operation.
Thread 1 advanced to log sequence 955
Redo thread mounted read/write
Thread 1 advanced to log sequence 775
ARC0: Archival started
Redo thread mounted read/write
Beginning log switch checkpoint up to RBA
ORA-28112: failed to execute policy function
Autotune of undo retention is turned on.
Archived Log entry 430 added for thread 1 sequence 2562
QSM-02063: aggregate function in mv
PCC-02374: SQLCHECK value exceeds command line value
ARC0: Archival started
Completed checkpoint up to RBA
Beginning log switch checkpoint up to RBA
ORA-01576: The instance ttstandby01 is not enabled
Errors in file /u01/app/oracle/diag/rdbms/ttprod/ttprod1/trace/ttprod1_ora_53031.trc
Beginning log switch checkpoint up to RBA
ARC0: Archival started
ORA-41016: Session recreation failed
SUCCESS: diskgroup DATA was mounted
Redo thread mounted read/write
PRCD-01154: Failed to convert the configuration of cluster database {0} into its equivalent RAC One Node database configuration because cluster database is running on more than one server {1}
SUCCESS: diskgroup DATA was mounted
ORA-09311: slsleep: error temporarily suspending process
Errors in file /u01/app/oracle/diag/rdbms/ttprod/ttprod1/trace/ttprod1_ora_43313.trc
Starting background process VKTM
Redo thread mounted read/write
ORA-36176: (XSMXAGGR25) Relation workspace object must be a one-dimensional self-relation to be used as a weight for AGGREGATE.
CLST-02305: node number ttstandby01 for node SP2-0552 does not match existing node number USERS
Undo initialization finished
TNS-12676: Server received internal error from client
Autotune of undo retention is turned on.
Undo initialization finished
Autotune of undo retention is turned on.
Autotune of undo retention is turned on.
Beginning log switch checkpoint up to RBA
OCI-31033: Requested number of XML children 42 exceeds maximum SP2-0552
Completed checkpoint up to RBA
Beginning log switch checkpoint up to RBA
Starting background process VKTM
ARC0: Archival started
Thread 1 advanced to log sequence 72
OCI-31115: XDB configuration error: session_1123
Thread 1 advanced to log sequence 228
Thread 1 advanced to log sequence 507
ORA-01414: invalid array length when trying to bind array
Archived Log entry 954 added for thread 1 sequence 8924
Redo thread mounted read/write
Archived Log entry 858 added for thread 1 sequence 5547
SUCCESS: diskgroup DATA was mounted
PGA-21109: local log name is x' _SYSSMU7$ '
Errors in file /u01/app/oracle/diag/rdbms/ttprod/ttprod1/trace/ttprod1_ora_77052.trc
IMG-00546: invalid page number specified
Undo initialization finished
Thread 1 advanced to log sequence 392
Beginning log switch checkpoint up to RBA
IMG-00524: mismatched quotes
SUCCESS: diskgroup DATA was mounted
Undo initialization finished
DRG-12304: index set _SYSSMU7$ does not exist
Undo initialization finished
Beginning log switch checkpoint up to RBA
Instance shutdown complete
Archived Log entry 258 added for thread 1 sequence 7746
Current log# 797 seq# 5512 mem# 0
CRS-02567: Error while parsing the default value for attribute ' ttprod1 '
RMAN-08142: including standby control file for validation
Errors in file /u01/app/oracle/diag/rdbms/ttprod/ttprod1/trace/ttprod1_ora_90519.trc
Thread 1 advanced to log sequence 663
Archived Log entry 684 added for thread 1 sequence 8374
Instance shutdown complete
RMAN-08504: input archived log thread= USERS sequence= SYSAUX RECID= APP_USER42 STAMP= _SYSSMU7$
Autotune of undo retention is turned on.
Undo initialization finished
Thread 1 advanced to log sequence 437
Beginning log switch checkpoint up to RBA
Autotune of undo retention is turned on.
ORA-10900: extent manager fault insertion event # DATA_TS01
DRG-50935: parser component failure
Redo thread mounted read/write
Instance shutdown complete
Current log# 810 seq# 6531 mem# 0
SUCCESS: diskgroup DATA was mounted
Starting background process VKTM
ORA-32055: invalid file type
Current log# 685 seq# 9661 mem# 0
Archived Log entry 844 added for thread 1 sequence 7805
Thread 1 advanced to log sequence 245
Completed checkpoint up to RBA
ARC0: Archival started
ORA-16707: the value of the property DATA_TS01 is invalid, valid values are BILLING.CUST_ORDERS
Undo initialization finished
Instance shutdown complete
Thread 1 advanced to log sequence 344
Current log# 687 seq# 5292 mem# 0
Redo thread mounted read/write
ORA-29809: cannot drop an operator with dependent objects
Errors in file /u01/app/oracle/diag/rdbms/ttprod/ttprod1/trace/ttprod1_ora_73680.trc
RMAN-06416: PROXY ONLY was specified and some files could not be proxy copied
Archived Log entry 463 added for thread 1 sequence 8638
ORA-00334: archived log: ' /u01/app/oracle/oradata/ttprod/users01.dbf '
Errors in file /u01/app/oracle/diag/rdbms/ttprod/ttprod1/trace/ttprod1_ora_57247.trc
ARC0: Archival started
Undo initialization finished
Thread 1 advanced to log sequence 889
SQL-02143: Target object has not been properly allocated
Current log# 786 seq# 3634 mem# 0
Instance shutdown complete
Autotune of undo retention is turned on.
Thread 1 advanced to log sequence 269
TNS-12639: Authentication service negotiation failed
Starting background process VKTM
Instance shutdown complete
ORA-40220: maximum number of attributes exceeded
Starting background process VKTM
Thread 1 advanced to log sequence 726
Current log# 211 seq# 6947 mem# 0
Current log# 872 seq# 3224 mem# 0
Thread 1 advanced to log sequence 39
Completed checkpoint up to RBA
JMS-00179: Invalid Queue Table name - {0}
Archived Log entry 832 added for thread 1 sequence 3027
Thread 1 advanced to log sequence 204
Completed checkpoint up to RBA
Completed checkpoint up to RBA
PRVF-04132: Multiple users "{0}" with UID "{1}" exist on "{2}".
Autotune of undo retention is turned on.
PRKO-03118: Failed to check if service {0} exists: {1}
Errors in file /u01/app/oracle/diag/rdbms/ttprod/ttprod1/trace/ttprod1_ora_32561.trc
Current log# 240 seq# 6640 mem# 0
Instance shutdown complete
Instance shutdown complete
NNO-00073: loading server config from region database
ARC0: Archival started
Archived Log entry 410 added for thread 1 sequence 3017
Autotune of undo retention is turned on.
ORA-13358: circle type does not contain 3 points
Beginning log switch checkpoint up to RBA
LPX-01124: [FORX0001] Invalid regular expression flags
Starting background process VKTM
ORA-10997: another startup/shutdown operation of this instance inprogress
SUCCESS: diskgroup DATA was mounted
Starting background process VKTM
Redo thread mounted read/write
ORA-32127: REFs do not belong to any connection
Errors in file /u01/app/oracle/diag/rdbms/ttprod/ttprod1/trace/ttprod1_ora_38283.trc
Starting background process VKTM
LPX-00013: wrong node type
Instance shutdown complete
Instance shutdown complete
PCC-02205: Parser error at line number , column number , file UNDOTBS1 :
Errors in file /u01/app/oracle/diag/rdbms/ttprod/ttprod1/trace/ttprod1_ora_59227.trc
NZE-28778: Configuration parameter is not specified in the proper format.
Current log# 866 seq# 6219 mem# 0
ORA-39703: server version and script version do not match
Beginning log switch checkpoint up to RBA
Starting background process VKTM
Completed checkpoint up to RBA
Starting background process VKTM
Current log# 209 seq# 5921 mem# 0
TNS-00078: * log_on - ask process_name to turn logging on
Archived Log entry 866 added for thread 1 sequence 7255
Autotune of undo retention is turned on.
Redo thread mounted read/write
ARC0: Archival started
Undo initialization finished
Starting background process VKTM
CRS-05004: Cannot find listener endpoint for listener 5000
Errors in file /u01/app/oracle/diag/rdbms/ttprod/ttprod1/trace/ttprod1_ora_95245.trc
ARC0: Archival started
Completed checkpoint up to RBA
Current log# 221 seq# 9394 mem# 0
ORA-37180: expected exactly one column for dimension 1024 , got CDR_STAGING
Thread 1 advanced to log sequence 197
ORA-23607: invalid column " shared pool "
Thread 1 advanced to log sequence 387
Current log# 345 seq# 8425 mem# 0
ORA-15154: cluster rolling upgrade incomplete
Errors in file /u01/app/oracle/diag/rdbms/ttprod/ttprod1/trace/ttprod1_ora_71346.trc
Undo initialization finished
OCI-21571: must provide a LOB WRITE, LOB TRIM or LOB ERASE LCR in UNDOTBS1 call (input LCR= CDR_STAGING )
Thread 1 advanced to log sequence 529
Autotune of undo retention is turned on.
SUCCESS: diskgroup DATA was mounted
SUCCESS: diskgroup DATA was mounted
Beginning log switch checkpoint up to RBA
Archived Log entry 132 added for thread 1 sequence 4381
ORA-31424: change table has active subscriptions
Completed checkpoint up to RBA
Autotune of undo retention is turned on.
PRVF-04095: Unable to reach any of the nodes
Autotune of undo retention is turned on.
Autotune of undo retention is turned on.
Instance shutdown complete
Archived Log entry 103 added for thread 1 sequence 7229
ORA-30951: Element or attribute at Xpath 3 exceeds maximum length
Current log# 909 seq# 2244 mem# 0
Starting background process VKTM
Autotune of undo retention is turned on.
ORA-03216: Tablespace/Segment Verification cannot proceed
ARC0: Archival started
Redo thread mounted read/write
Autotune of undo retention is turned on.
Redo thread mounted read/write
Thread 1 advanced to log sequence 148
Autotune of undo retention is turned on.
NNO-00057: loading and verifying topology data
SUCCESS: diskgroup DATA was mounted
Thread 1 advanced to log sequence 180
Archived Log entry 331 added for thread 1 sequence 7864
ORA-48415: Syntax error found in ttprod2 [ USERS ] at column [ SYSAUX ]
Errors in file /u01/app/oracle/diag/rdbms/ttprod/ttprod1/trace/ttprod1_ora_20067.trc
Current log# 962 seq# 8586 mem# 0
Undo initialization finished
ARC0: Archival started
Instance shutdown complete
Redo thread mounted read/write
LPX-00651: VM Stack overflow.
Instance shutdown complete
Beginning log switch checkpoint up to RBA
Starting background process VKTM
ORA-24390: Unsupported scrollable cursor operation
Archived Log entry 303 added for thread 1 sequence 6338
SUCCESS: diskgroup DATA was mounted
SUCCESS: diskgroup DATA was mounted
Beginning log switch checkpoint up to RBA
Completed checkpoint up to RBA
Archived Log entry 619 added for thread 1 sequence 6926
NNL-00346: Save_config_on_stop is now ON
Beginning log switch checkpoint up to RBA
Current log# 757 seq# 4522 mem# 0
Redo thread mounted read/write
Thread 1 advanced to log sequence 789
Starting background process VKTM
Archived Log entry 228 added for thread 1 sequence 8079
CRS-04657: Source and destination servers are the same.
Archived Log entry 779 added for thread 1 sequence 2113
Archived Log entry 279 added for thread 1 sequence 6407
Starting background process VKTM
Redo thread mounted read/write
Starting background process VKTM
ORA-31055: A null XMLType element cannot be inserted into RESOURCE_VIEW
Errors in file /u01/app/oracle/diag/rdbms/ttprod/ttprod1/trace/ttprod1_ora_89410.trc
Instance shutdown complete
Archived Log entry 947 added for thread 1 sequence 9977
Starting background process VKTM
Undo initialization finished
Undo initialization finished
QSM-00805: the specified recommendation _SYSSMU12$ value session_1123 is invalid
Errors in file /u01/app/oracle/diag/rdbms/ttprod/ttprod1/trace/ttprod1_ora_50680.trc
Current log# 536 seq# 1372 mem# 0
Undo initialization finished
Beginning log switch checkpoint up to RBA
Undo initialization finished
Beginning log switch checkpoint up to RBA
Starting background process VKTM
PRCR-01135: Failed to check if node with node number 0 exists
ARC0: Archival started
Autotune of undo retention is turned on.
CRS-04221: Must specify a password
Errors in file /u01/app/oracle/diag/rdbms/ttprod/ttprod1/trace/ttprod1_ora_19276.trc
Current log# 571 seq# 3457 mem# 0
Current log# 892 seq# 5293 mem# 0
ARC0: Archival started
Instance shutdown complete
Completed checkpoint up to RBA
ORA-25015: cannot perform DML on this nested table view column
Undo initialization finished
Archived Log entry 168 added for thread 1 sequence 3562
Archived Log entry 903 added for thread 1 sequence 6986
ARC0: Archival started
Undo initialization finished
RMAN-20231: ambiguous datafile copy name
Thread 1 advanced to log sequence 261
Autotune of undo retention is turned on.
Autotune of undo retention is turned on.
ORA-16764: redo transport service to a standby database is not running
Current log# 655 seq# 6638 mem# 0
Archived Log entry 783 added for thread 1 sequence 3915
Archived Log entry 981 added for thread 1 sequence 6132
ARC0: Archival started
ORA-01113: file APP_USER42 needs media recovery
Autotune of undo retention is turned on.
Archived Log entry 830 added for thread 1 sequence 5653
Current log# 178 seq# 3903 mem# 0
Instance shutdown complete
Redo thread mounted read/write
ORA-18008: cannot find OUTLN schema
Errors in file /u01/app/oracle/diag/rdbms/ttprod/ttprod1/trace/ttprod1_ora_32918.trc
Current log# 465 seq# 5091 mem# 0
ARC0: Archival started
ORA-01319: Invalid Logminer session attribute
Starting background process VKTM
SUCCESS: diskgroup DATA was mounted
Completed checkpoint up to RBA
Completed checkpoint up to RBA
Starting background process VKTM
Instance shutdown complete
TNS-00217: Total Bytes of Data : number
ORA-49427: No such file or file not accessible [ SYSAUX ]
Undo initialization finished
PRKO-03151: Option '-g' cannot have more than one specified server pool when converting an administrator-managed database to a policy-managed database
Current log# 736 seq# 1856 mem# 0
ORA-29528: invalid Java call in trigger 1024
Thread 1 advanced to log sequence 701
SUCCESS: diskgroup DATA was mounted
ORA-47395: error returned by Factor SP2-0552 evaluation expression 1024
Beginning log switch checkpoint up to RBA
ORA-12016: materialized view does not include all primary key columns
Starting background process VKTM
Current log# 80 seq# 4462 mem# 0
ORA-13449: GeoRaster metadata ULTCoordinate error
Starting background process VKTM
Starting background process VKTM
Beginning log switch checkpoint up to RBA
Undo initialization finished
Instance shutdown complete
ORA-06606: LU6.2 Driver: Unexpected response from SNA
Instance shutdown complete
Archived Log entry 547 added for thread 1 sequence 9840
Current log# 192 seq# 1559 mem# 0
ARC0: Archival started
TNS-00123: Unable to perform a listen on configured ADDRESS(es)
Instance shutdown complete
Starting background process VKTM
Archived Log entry 606 added for thread 1 sequence 2826
Redo thread mounted read/write
INS-07009: Unable to load bean store
Instance shutdown complete
Thread 1 advanced to log sequence 800
Redo thread mounted read/write
Thread 1 advanced to log sequence 859
Redo thread mounted read/write
ORA-13547: Unable to drop baseline since it is in use by DATA_TS01
Current log# 714 seq# 6800 mem# 0
Current log# 477 seq# 7938 mem# 0
Archived Log entry 92 added for thread 1 sequence 1135
ORA-23430: argument " SYSAUX " cannot be NULL or empty _SYSSMU12$
Autotune of undo retention is turned on.
Autotune of undo retention is turned on.
ORA-12598: TNS:banner registration failed
Thread 1 advanced to log sequence 443
Current log# 525 seq# 1271 mem# 0
Beginning log switch checkpoint up to RBA
Beginning log switch checkpoint up to RBA
ORA-39002: invalid operation
Starting background process VKTM
Instance shutdown complete
Completed checkpoint up to RBA
ORA-26713: remote object does not exist or is inaccessible
Archived Log entry 560 added for thread 1 sequence 2269
Beginning log switch checkpoint up to RBA
ARC0: Archival started
Starting background process VKTM
CRS-01011: OCR cannot determine that the OCR content contains the latest updates. Details in APP_USER42 .
ORA-16636: fast-start failover target standby in error state, cannot stop observer
Beginning log switch checkpoint up to RBA
Archived Log entry 272 added for thread 1 sequence 6136
ORA-32628: invalid nesting of MODEL cell reference
Current log# 665 seq# 8234 mem# 0
ARC0: Archival started
ORA-54035: keyword HIDDEN cannot be specified here
Autotune of undo retention is turned on.
ARC0: Archival started
Redo thread mounted read/write
SUCCESS: diskgroup DATA was mounted
Archived Log entry 323 added for thread 1 sequence 7271
Redo thread mounted read/write
ORA-32520: error authenticating credentials
DRG-12440: document table read failed
Thread 1 advanced to log sequence 137
NNL-00208: Cancelled reload check
Errors in file /u01/app/oracle/diag/rdbms/ttprod/ttprod1/trace/ttprod1_ora_94787.trc
Thread 1 advanced to log sequence 142
Beginning log switch checkpoint up to RBA
Thread 1 advanced to log sequence 661
ARC0: Archival started
Starting background process VKTM
Completed checkpoint up to RBA
ORA-31402: unrecognized parameter SYSAUX
Errors in file /u01/app/oracle/diag/rdbms/ttprod/ttprod1/trace/ttprod1_ora_68888.trc
Autotune of undo retention is turned on.
Instance shutdown complete
SUCCESS: diskgroup DATA was mounted
Redo thread mounted read/write
Undo initialization finished
Current log# 114 seq# 6049 mem# 0
PRCI-01128: Failed to check Oracle Restart configuration state
Current log# 504 seq# 8672 mem# 0
Undo initialization finished
SUCCESS: diskgroup DATA was mounted
Instance shutdown complete
Autotune of undo retention is turned on.
Completed checkpoint up to RBA
QSM-02197: PCT FAST REFRESH is not possible if query contains a remote table
ORA-54531: invalid orientation for element at element offset
Errors in file /u01/app/oracle/diag/rdbms/ttprod/ttprod1/trace/ttprod1_ora_65607.trc
Archived Log entry 470 added for thread 1 sequence 3183
Thread 1 advanced to log sequence 550
Instance shutdown complete
Completed checkpoint up to RBA
ORA-16735: error executing DBMS_LOGSTDBY.UNSKIP_ERROR procedure
Errors in file /u01/app/oracle/diag/rdbms/ttprod/ttprod1/trace/ttprod1_ora_15631.trc
CRS-09022: Error ttstandby01 : Invalid or no end time given
Autotune of undo retention is turned on.
Thread 1 advanced to log sequence 209
SUCCESS: diskgroup DATA was mounted
Thread 1 advanced to log sequence 826
LPX-00653: Output attribute '~S' doesn't have a parent element.
Instance shutdown complete
SUCCESS: diskgroup DATA was mounted
Current log# 675 seq# 8727 mem# 0
Undo initialization finished
Starting background process VKTM
Instance shutdown complete
ORA-30152: File does not exist
ARC0: Archival started
Autotune of undo retention is turned on.
Starting background process VKTM
ORA-56931: inconsistent DST patching state found
ARC0: Archival started
Current log# 622 seq# 5604 mem# 0
Undo initialization finished
DRG-10011: invalid object name UNDOTBS1
Errors in file /u01/app/oracle/diag/rdbms/ttprod/ttprod1/trace/ttprod1_ora_68406.trc
ORA-13204: failed to create spatial index table
Archived Log entry 239 added for thread 1 sequence 2747
Beginning log switch checkpoint up to RBA
Thread 1 advanced to log sequence 34
Archived Log entry 38 added for thread 1 sequence 7221
Thread 1 advanced to log sequence 104
Undo initialization finished
ORA-39018: master process received invalid message number NETWORK_OPS.SIM_INVENTORY
Completed checkpoint up to RBA
ORA-02277: invalid sequence name
Completed checkpoint up to RBA
Autotune of undo retention is turned on.
Autotune of undo retention is turned on.
Beginning log switch checkpoint up to RBA
PLS-01470: The escape character in the like-predicate must be a literal or a variable of type CHAR
SUCCESS: diskgroup DATA was mounted
Archived Log entry 257 added for thread 1 sequence 9173
Beginning log switch checkpoint up to RBA
Completed checkpoint up to RBA
Undo initialization finished
ORA-15502: cannot stop workload capture on instance CDR_STAGING
ORA-16805: change of LogXptMode property violates overall protection mode
Archived Log entry 587 added for thread 1 sequence 5056
Autotune of undo retention is turned on.
Completed checkpoint up to RBA
GIPC-00001: general failure.
Beginning log switch checkpoint up to RBA
Archived Log entry 308 added for thread 1 sequence 8102
SUCCESS: diskgroup DATA was mounted
Beginning log switch checkpoint up to RBA
ORA-00391: All threads must switch to new log format at the same time
Errors in file /u01/app/oracle/diag/rdbms/ttprod/ttprod1/trace/ttprod1_ora_90645.trc
Undo initialization finished
SUCCESS: diskgroup DATA was mounted
Redo thread mounted read/write
PRIF-00015: invalid format for subnet
Completed checkpoint up to RBA
Completed checkpoint up to RBA
ORA-12983: cannot drop all columns in a table
IMG-00554: extra value in rotate operation
SUCCESS: diskgroup DATA was mounted
ORA-00936: Missing expression
Errors in file /u01/app/oracle/diag/rdbms/ttprod/ttprod1/trace/ttprod1_ora_22924.trc
Autotune of undo retention is turned on.
Current log# 568 seq# 2156 mem# 0
Archived Log entry 29 added for thread 1 sequence 8104
Undo initialization finished
Redo thread mounted read/write
Completed checkpoint up to RBA
ORA-02483: Syntax error in process specification ( INVOICE_LINES_IDX )
SUCCESS: diskgroup DATA was mounted
Thread 1 advanced to log sequence 155
Autotune of undo retention is turned on.
Undo initialization finished
SUCCESS: diskgroup DATA was mounted
PLS-00510: Float cannot have scale
SUCCESS: diskgroup DATA was mounted
Undo initialization finished
Archived Log entry 807 added for thread 1 sequence 1777
Redo thread mounted read/write
ORA-06264: NETNTT: data protocol error
Instance shutdown complete
Autotune of undo retention is turned on.
Instance shutdown complete
SUCCESS: diskgroup DATA was mounted
DRG-52300: Index PK_CUSTOMER_ACCOUNTS . INVOICE_LINES_IDX does not exist
Instance shutdown complete
SUCCESS: diskgroup DATA was mounted
Redo thread mounted read/write
Starting background process VKTM
ORA-02289: sequence does not exist
SUCCESS: diskgroup DATA was mounted
Thread 1 advanced to log sequence 710
Current log# 184 seq# 1600 mem# 0
Archived Log entry 714 added for thread 1 sequence 9497
Current log# 223 seq# 7881 mem# 0
Archived Log entry 869 added for thread 1 sequence 4374
ORA-30087: Adding two datetime values is not allowed
Errors in file /u01/app/oracle/diag/rdbms/ttprod/ttprod1/trace/ttprod1_ora_42466.trc
Starting background process VKTM
LSX-00273: invalid character "~c" in base64-encoded binary
Errors in file /u01/app/oracle/diag/rdbms/ttprod/ttprod1/trace/ttprod1_ora_60168.trc
Undo initialization finished
Undo initialization finished
SUCCESS: diskgroup DATA was mounted
DRG-10011: invalid object name _SYSSMU12$
PRVF-04164: Size of the OCR location "{0}" does not meet the requirement. [Expected="{1}" ; Found="{2}"]
ARC0: Archival started
ORA-16516: current state is invalid for the attempted operation
Completed checkpoint up to RBA
Undo initialization finished
SUCCESS: diskgroup DATA was mounted
ORA-55618: Insufficient privilege to grant Flashback Archive privilege
Instance shutdown complete
Completed checkpoint up to RBA
Instance shutdown complete
Thread 1 advanced to log sequence 22
Archived Log entry 924 added for thread 1 sequence 4480
ORA-19617: file INVOICE_LINES_IDX contains different RESETLOGS data
Archived Log entry 402 added for thread 1 sequence 1551
Current log# 728 seq# 8883 mem# 0
PLS-00617: at least one result in the CASE expression must not be NULL
Beginning log switch checkpoint up to RBA
Autotune of undo retention is turned on.
Current log# 863 seq# 5335 mem# 0
SUCCESS: diskgroup DATA was mounted
ORA-01289: cannot add duplicate logfile ttprod1
Completed checkpoint up to RBA
Archived Log entry 405 added for thread 1 sequence 7935
SUCCESS: diskgroup DATA was mounted
ORA-10616: Operation not allowed on this tablespace
Starting background process VKTM
ARC0: Archival started
Archived Log entry 529 added for thread 1 sequence 5147
Starting background process VKTM
Beginning log switch checkpoint up to RBA
Instance shutdown complete
XOQ-01743: Cannot apply automatic order because circular dependency exists between build objects " SP2-0552 " and " TNS_ADMIN ".
Archived Log entry 681 added for thread 1 sequence 3054
Current log# 619 seq# 5096 mem# 0
Beginning log switch checkpoint up to RBA
Instance shutdown complete
SUCCESS: diskgroup DATA was mounted
ARC0: Archival started
ORA-18129: XUDY0030 - Invalid insertion of an attribute node
Instance shutdown complete
Beginning log switch checkpoint up to RBA
Archived Log entry 27 added for thread 1 sequence 2901
SUCCESS: diskgroup DATA was mounted
Thread 1 advanced to log sequence 208
Current log# 779 seq# 4677 mem# 0
ORA-19692: missing creation stamp on piece SYSAUX
Instance shutdown complete
SUCCESS: diskgroup DATA was mounted
Current log# 909 seq# 8924 mem# 0
Current log# 804 seq# 7351 mem# 0
Instance shutdown complete
Beginning log switch checkpoint up to RBA
ORA-29785: GPnP attribute GET failed with error [ UNDOTBS1 ]
XOQ-01983: The dimension " 5000 " is referenced more than once in the precompute list of the AWCubeOrganization.
Starting background process VKTM
Current log# 357 seq# 4620 mem# 0
ORA-13907: Threshold value is invalid.
Starting background process VKTM
Redo thread mounted read/write
Instance shutdown complete
QSM-01297: query rewrite not possible because materialized view with grouping sets has more than 176 different keys
Starting background process VKTM
ORA-32045: maximum level of recursion reached while executing recursive WITH query
Starting background process VKTM
Autotune of undo retention is turned on.
Completed checkpoint up to RBA
Undo initialization finished
ORA-14024: number of partitions of LOCAL index must equal that of the underlying table
Beginning log switch checkpoint up to RBA
Beginning log switch checkpoint up to RBA
Redo thread mounted read/write
ORA-53430: The DICOM object contains unsupported values PK_CUSTOMER_ACCOUNTS .
Current log# 656 seq# 4552 mem# 0
Thread 1 advanced to log sequence 810
Completed checkpoint up to RBA
Instance shutdown complete
ORA-27166: tried to join current thread
Instance shutdown complete
Redo thread mounted read/write
Current log# 224 seq# 1773 mem# 0
Beginning log switch checkpoint up to RBA
Beginning log switch checkpoint up to RBA
Autotune of undo retention is turned on.
ORA-13126: unable to determine class for spatial table USERS
Archived Log entry 578 added for thread 1 sequence 1475
ARC0: Archival started
Undo initialization finished
Beginning log switch checkpoint up to RBA
Undo initialization finished
RMAN-06054: media recovery requesting unknown archived log for thread _SYSSMU12$ with sequence DATA_TS01 and starting SCN of BILLING.CUST_ORDERS
Current log# 364 seq# 6681 mem# 0
Autotune of undo retention is turned on.
ORA-09871: TASDEF_NAME: translation error while expanding ?/dbs/tasdef@.dbf.
DRG-11871: WAIS Server Doesn't Return Any Data
Errors in file /u01/app/oracle/diag/rdbms/ttprod/ttprod1/trace/ttprod1_ora_54586.trc
SUCCESS: diskgroup DATA was mounted
Completed checkpoint up to RBA
Undo initialization finished
Completed checkpoint up to RBA
Redo thread mounted read/write
Current log# 888 seq# 2430 mem# 0
TNS-01151: Missing listener name, _SYSSMU12$ , in LISTENER.ORA
Undo initialization finished
Redo thread mounted read/write
LPX-00006: invalid child type for parent node
Errors in file /u01/app/oracle/diag/rdbms/ttprod/ttprod1/trace/ttprod1_ora_32296.trc
Starting background process VKTM
LCD-00128: invalid positional parameter value [ BILLING.CUST_ORDERS ]
Beginning log switch checkpoint up to RBA
Autotune of undo retention is turned on.
Redo thread mounted read/write
ORA-16057: server not in Data Guard configuration
Archived Log entry 74 added for thread 1 sequence 6183
Instance shutdown complete
Current log# 866 seq# 6087 mem# 0
Thread 1 advanced to log sequence 329
Redo thread mounted read/write
Redo thread mounted read/write
RMAN-08546: channel session_1123 : AUTOBACKUP large pool found in the recovery area
Instance shutdown complete
Starting background process VKTM
Undo initialization finished
Current log# 132 seq# 9845 mem# 0
RMAN-20511: database name is ambiguous in source recovery catalog database
Autotune of undo retention is turned on.
ORA-31044: Top-level prefix length shared pool exceeds maximum INVOICE_LINES_IDX
Thread 1 advanced to log sequence 595
Redo thread mounted read/write
Beginning log switch checkpoint up to RBA
ARC0: Archival started
Thread 1 advanced to log sequence 509
Autotune of undo retention is turned on.
XOQ-01743: Cannot apply automatic order because circular dependency exists between build objects " UNDOTBS1 " and " shared pool ".
Instance shutdown complete
Completed checkpoint up to RBA
ORA-02079: cannot join a committing distributed transaction
Archived Log entry 461 added for thread 1 sequence 2861
ARC0: Archival started
Beginning log switch checkpoint up to RBA
Completed checkpoint up to RBA
ARC0: Archival started
PLW-05003: same actual parameter( session_1123 and DATA_TS01 ) at IN and NOCOPY may have side effects
Errors in file /u01/app/oracle/diag/rdbms/ttprod/ttprod1/trace/ttprod1_ora_89042.trc
Autotune of undo retention is turned on.
SUCCESS: diskgroup DATA was mounted
Archived Log entry 41 added for thread 1 sequence 7357
PRCD-01151: Failed to convert the configuration of RAC One Node database {0} into its equivalent RAC database configuration because RAC One Node database is running on a different server {1} than the given target server {2}
Redo thread mounted read/write
SUCCESS: diskgroup DATA was mounted
Beginning log switch checkpoint up to RBA
SUCCESS: diskgroup DATA was mounted
ORA-19902: incarnation key ttprod1 not found
Completed checkpoint up to RBA
LPX-00120: entity "~1S" NDATA (notation) "~2S" is undefined
SUCCESS: diskgroup DATA was mounted
Redo thread mounted read/write
ARC0: Archival started
Beginning log switch checkpoint up to RBA
CRS-02719: Resource ' SYSAUX ' may not be started on server ' large pool ' because the server is not in either ' SP2-0552 ' or ' 1024 ' server pools
Undo initialization finished
ARC0: Archival started
Thread 1 advanced to log sequence 773
Instance shutdown complete
Starting background process VKTM
ORA-01071: cannot perform operation without starting up ORACLE
ARC0: Archival started
Undo initialization finished
ARC0: Archival started
TNS-12168: TNS:Unable to contact LDAP Directory Server
PCC-00104: FOR clause is an Oracle extension
Thread 1 advanced to log sequence 401
Autotune of undo retention is turned on.
Autotune of undo retention is turned on.
Undo initialization finished
Beginning log switch checkpoint up to RBA
Beginning log switch checkpoint up to RBA
ORA-01259: unable to delete datafile /u01/app/oracle/oradata/ttprod/users01.dbf
Current log# 897 seq# 2490 mem# 0
Completed checkpoint up to RBA
ORA-39176: Encryption password is incorrect.
Autotune of undo retention is turned on.
Archived Log entry 709 added for thread 1 sequence 5085
Autotune of undo retention is turned on.
Autotune of undo retention is turned on.
RMAN-05600: Cannot specify UNTIL clause when duplicating from active database
Redo thread mounted read/write
Undo initialization finished
ORA-14013: duplicate partition name
Archived Log entry 98 added for thread 1 sequence 3063
Current log# 602 seq# 9807 mem# 0
ORA-26099: direct path context is already prepared
ORA-53125: invalid range tag: 3
Autotune of undo retention is turned on.
Archived Log entry 893 added for thread 1 sequence 6925
Thread 1 advanced to log sequence 539
ORA-06108: NETTCP: connect to host failed
Completed checkpoint up to RBA
Undo initialization finished
Beginning log switch checkpoint up to RBA
Current log# 631 seq# 3219 mem# 0
NNO-00617: enabling AUTHORITY-REQUIRED on system queries
Redo thread mounted read/write
Current log# 948 seq# 3911 mem# 0
NZE-29000: Certificate not installed
Errors in file /u01/app/oracle/diag/rdbms/ttprod/ttprod1/trace/ttprod1_ora_47580.trc
PGA-20900: unable to obtain number bytes of storage for NETWORK_OPS.SIM_INVENTORY
Starting background process VKTM
Thread 1 advanced to log sequence 265
Undo initialization finished
PGA-21109: local log name is x' 3 '
Errors in file /u01/app/oracle/diag/rdbms/ttprod/ttprod1/trace/ttprod1_ora_71740.trc
Current log# 636 seq# 2099 mem# 0
Redo thread mounted read/write
Current log# 460 seq# 1732 mem# 0
Instance shutdown complete
Beginning log switch checkpoint up to RBA
Instance shutdown complete
PRVF-07592: Space availability check for location "{0}" cannot be performed on node "{1}"
ARC0: Archival started
Beginning log switch checkpoint up to RBA
ORA-03114: Not connected to ORACLE
Errors in file /u01/app/oracle/diag/rdbms/ttprod/ttprod1/trace/ttprod1_ora_24825.trc
Completed checkpoint up to RBA
Current log# 208 seq# 1531 mem# 0
Completed checkpoint up to RBA
Undo initialization finished
PRKC-01159: Failed to validate device "{0}"
Beginning log switch checkpoint up to RBA
QSM-01115: rollup took place on a column with a window function
Archived Log entry 728 added for thread 1 sequence 7168
OCI-21611: key length [ SP2-0552 ] is invalid
Redo thread mounted read/write
ORA-12628: TNS:no event callbacks
Redo thread mounted read/write
Thread 1 advanced to log sequence 211
ARC0: Archival started
Autotune of undo retention is turned on.
EXP-00057: Failure to initialize parameter manager
XOQ-01213: metadata problem for MdmLevelHierarchy " UNDOTBS1 "
Completed checkpoint up to RBA
Beginning log switch checkpoint up to RBA
Redo thread mounted read/write
Instance shutdown complete
ORA-10940: trace name context forever
PRKA-02002: Listener already exists
ARC0: Archival started
Beginning log switch checkpoint up to RBA
SUCCESS: diskgroup DATA was mounted
PRCR-01085: Unknown typeAsString: {0}
Completed checkpoint up to RBA
Beginning log switch checkpoint up to RBA
ARC0: Archival started
Autotune of undo retention is turned on.
ARC0: Archival started
Undo initialization finished
ORA-49453: Invalid command invoking archiving utility [ large pool ] [ APP_USER42 ]
Errors in file /u01/app/oracle/diag/rdbms/ttprod/ttprod1/trace/ttprod1_ora_43761.trc
Redo thread mounted read/write
NNO-00610: detected possible alias loop involving name " _SYSSMU12$ "
Thread 1 advanced to log sequence 975
Archived Log entry 847 added for thread 1 sequence 3592
ORA-07755: slemcf: fseek before read failure
SUCCESS: diskgroup DATA was mounted
Completed checkpoint up to RBA
Beginning log switch checkpoint up to RBA
Completed checkpoint up to RBA
ORA-37023: (XSMLTUPD01) Object workspace object cannot be updated without dimension workspace object .
ORA-22150: variable-length array has not been initialized
Errors in file /u01/app/oracle/diag/rdbms/ttprod/ttprod1/trace/ttprod1_ora_55905.trc
SUCCESS: diskgroup DATA was mounted
Undo initialization finished
Redo thread mounted read/write
ORA-13026: unknown element type for element session_1123 . NETWORK_OPS.SIM_INVENTORY . CRM.CALL_DETAIL_RECORDS
Archived Log entry 4 added for thread 1 sequence 5056
QSM-01074: query rewrite not possible because materialized view, _SYSSMU7$ , and query have different number of joins between tables, shared pool
Redo thread mounted read/write
Beginning log switch checkpoint up to RBA
Instance shutdown complete
Redo thread mounted read/write
Thread 1 advanced to log sequence 84
SUCCESS: diskgroup DATA was mounted
ORA-24384: Application context size is not initialized
Errors in file /u01/app/oracle/diag/rdbms/ttprod/ttprod1/trace/ttprod1_ora_14128.trc
Redo thread mounted read/write
CRS-02674: Start of ' /u01/app/oracle/oradata/ttprod/users01.dbf ' on ' UNDOTBS1 ' failed
Autotune of undo retention is turned on.
Starting background process VKTM
Thread 1 advanced to log sequence 765
SUCCESS: diskgroup DATA was mounted
ORA-06923: CMX: illegal break condition
Beginning log switch checkpoint up to RBA
Beginning log switch checkpoint up to RBA
Undo initialization finished
Completed checkpoint up to RBA
Current log# 918 seq# 6098 mem# 0
Autotune of undo retention is turned on.
ORA-29532: Java call terminated by uncaught Java exception: TNS_ADMIN
Beginning log switch checkpoint up to RBA
OCI-31023: Index size error
Instance shutdown complete
Current log# 897 seq# 2898 mem# 0
Current log# 907 seq# 8793 mem# 0
Archived Log entry 175 added for thread 1 sequence 9335
RMAN-06765: Tablespace 3 will be encrypted in future backup sets
INS-40947: The specified node vip APP_USER42 could not be resolved using TCP/IP host name lookup. It is recommended that the node vip is resolvable using TCP/IP lookup. This may avoid configuration failures at a later stage.
Archived Log entry 700 added for thread 1 sequence 6851
Current log# 560 seq# 4363 mem# 0
Beginning log switch checkpoint up to RBA
Starting background process VKTM
INS-32038: The operating system group specified for central inventory (oraInventory) ownership is invalid.
Errors in file /u01/app/oracle/diag/rdbms/ttprod/ttprod1/trace/ttprod1_ora_80050.trc
Autotune of undo retention is turned on.
Starting background process VKTM
Redo thread mounted read/write
Autotune of undo retention is turned on.
Autotune of undo retention is turned on.
ORA-19148: XQST0090: It is a static error if a character reference does not identify a valid character in the version of XML that is in use
Archived Log entry 421 added for thread 1 sequence 9096
ARC0: Archival started
ARC0: Archival started
NNL-00262: Request forwarding is currently disabled
SUCCESS: diskgroup DATA was mounted
Archived Log entry 621 added for thread 1 sequence 2566
Current log# 536 seq# 1152 mem# 0
Autotune of undo retention is turned on.
RMAN-10039: error encountered while polling for RPC completion on channel APP_USER42
Thread 1 advanced to log sequence 200
ARC0: Archival started
Archived Log entry 741 added for thread 1 sequence 2180
Thread 1 advanced to log sequence 285
CRS-02571: Dependency kind ' ttprod2 ' is specified more than once for resource ' APP_USER42 '
Errors in file /u01/app/oracle/diag/rdbms/ttprod/ttprod1/trace/ttprod1_ora_25107.trc
Undo initialization finished
Beginning log switch checkpoint up to RBA
Thread 1 advanced to log sequence 164
Undo initialization finished
ORA-28043: invalid bind credentials for DB-OID connection
ORA-30376: prevent sharing of a parsed query of an explain rewrite session
Errors in file /u01/app/oracle/diag/rdbms/ttprod/ttprod1/trace/ttprod1_ora_78786.trc
ARC0: Archival started
Autotune of undo retention is turned on.
Redo thread mounted read/write
Archived Log entry 291 added for thread 1 sequence 2970
Redo thread mounted read/write
Redo thread mounted read/write
DRG-52104: the Oracle Text environment could not initialize
SUCCESS: diskgroup DATA was mounted
Instance shutdown complete
ORA-16001: database already open for read-only access by another instance
Instance shutdown complete
Completed checkpoint up to RBA
ORA-27004: invalid blocksize specified
Autotune of undo retention is turned on.
Instance shutdown complete
Beginning log switch checkpoint up to RBA
RMAN-00577: PIPE requires that TARGET be specified on the command line
Completed checkpoint up to RBA
Beginning log switch checkpoint up to RBA
Current log# 480 seq# 8934 mem# 0
SUCCESS: diskgroup DATA was mounted
RDE-00067: location of domain failed.
ORA-01692: unable to extend lob segment 17 . BILLING.CUST_ORDERS partition ttstandby01 by ttprod2 in tablespace UNDOTBS1
Thread 1 advanced to log sequence 35
Thread 1 advanced to log sequence 701
Autotune of undo retention is turned on.
CRS-00715: Oracle High Availability Service has timed out waiting for init.ohasd to be started.
Undo initialization finished
Beginning log switch checkpoint up to RBA
Thread 1 advanced to log sequence 976
ORA-31454: invalid value SYSAUX for operation parameter, expecting: ADD or DROP
Thread 1 advanced to log sequence 64
Instance shutdown complete
DRG-12600: user datastore procedure name contains a semicolon
ORA-31509: publication does not exist
ARC0: Archival started
SUCCESS: diskgroup DATA was mounted
Autotune of undo retention is turned on.
ORA-22626: Type Mismatch while constructing or accessing OCIAnyData
Errors in file /u01/app/oracle/diag/rdbms/ttprod/ttprod1/trace/ttprod1_ora_27357.trc
Thread 1 advanced to log sequence 959
Starting background process VKTM
Redo thread mounted read/write
Current log# 322 seq# 8561 mem# 0
ORA-14168: only one subpartition may be modified
ORA-27421: calendar expression restriction NETWORK_OPS.SIM_INVENTORY encountered
Completed checkpoint up to RBA
ARC0: Archival started
Thread 1 advanced to log sequence 121
Starting background process VKTM
ORA-34260: (MXDCL25) You cannot use number to dimension a APP_USER42 because it is, or involves, a dimension composite. Use the composite's bases instead.
ORA-00055: maximum number of DML locks exceeded
Errors in file /u01/app/oracle/diag/rdbms/ttprod/ttprod1/trace/ttprod1_ora_72184.trc
Thread 1 advanced to log sequence 354
Thread 1 advanced to log sequence 839
ORA-48433: Unknown help topic
Autotune of undo retention is turned on.
LPX-01042: [XQST0042]
Errors in file /u01/app/oracle/diag/rdbms/ttprod/ttprod1/trace/ttprod1_ora_98125.trc
Beginning log switch checkpoint up to RBA
Autotune of undo retention is turned on.
Instance shutdown complete
Autotune of undo retention is turned on.
Thread 1 advanced to log sequence 512
ORA-01406: fetched column value was truncated
Thread 1 advanced to log sequence 809
ARC0: Archival started
Autotune of undo retention is turned on.
IMG-00733: invalid watermark property setting
Beginning log switch checkpoint up to RBA
Undo initialization finished
PGU-41025: invalid VERSION number specified
Instance shutdown complete
Completed checkpoint up to RBA
Redo thread mounted read/write
Undo initialization finished
Starting background process VKTM
Undo initialization finished
ORA-31181: PL/SQL DOM handle accesses node that is no longer available
Starting background process VKTM
Autotune of undo retention is turned on.
Archived Log entry 708 added for thread 1 sequence 8936
Archived Log entry 414 added for thread 1 sequence 1370
PGA-21215: partner log name mismatch on warm start
Errors in file /u01/app/oracle/diag/rdbms/ttprod/ttprod1/trace/ttprod1_ora_16757.trc
SUCCESS: diskgroup DATA was mounted
ARC0: Archival started
SUCCESS: diskgroup DATA was mounted
Archived Log entry 851 added for thread 1 sequence 6699
Thread 1 advanced to log sequence 689
Autotune of undo retention is turned on.
ORA-18105: XUTY0006 - Invalid target expression for INSERT
SUCCESS: diskgroup DATA was mounted
Instance shutdown complete
ORA-19505: failed to identify file " ttprod1 "
Archived Log entry 39 added for thread 1 sequence 1993
Redo thread mounted read/write
Beginning log switch checkpoint up to RBA
EXP-00038: Bad Hash cluster id in clu$
Errors in file /u01/app/oracle/diag/rdbms/ttprod/ttprod1/trace/ttprod1_ora_42765.trc
Beginning log switch checkpoint up to RBA
Archived Log entry 385 added for thread 1 sequence 1688
DIA-48339: view [ 3 ] does not exist
Errors in file /u01/app/oracle/diag/rdbms/ttprod/ttprod1/trace/ttprod1_ora_14982.trc
Redo thread mounted read/write
Completed checkpoint up to RBA
Undo initialization finished
Archived Log entry 154 added for thread 1 sequence 1550
Thread 1 advanced to log sequence 484
Instance shutdown complete
KUP-03019: directory object not specified in LOBFILE clause for field 42
Errors in file /u01/app/oracle/diag/rdbms/ttprod/ttprod1/trace/ttprod1_ora_33866.trc
SUCCESS: diskgroup DATA was mounted
Autotune of undo retention is turned on.
TNS-00235: Aborting connection: Protocol Apapter errors: SYSAUX ; number , number SYSAUX ; number , number
Errors in file /u01/app/oracle/diag/rdbms/ttprod/ttprod1/trace/ttprod1_ora_42164.trc
Undo initialization finished
SUCCESS: diskgroup DATA was mounted
Starting background process VKTM
Instance shutdown complete
TNS-12230: TNS:Severe Network error occurred in making this connection
ORA-24820: Differnt LOB function called while another OCI LOB call is in progress
Instance shutdown complete
Autotune of undo retention is turned on.
Redo thread mounted read/write
Instance shutdown complete
PLS-00250: Incorrect Usage of PK_CUSTOMER_ACCOUNTS in parameters clause.
Completed checkpoint up to RBA
Thread 1 advanced to log sequence 872
Beginning log switch checkpoint up to RBA
Completed checkpoint up to RBA
Undo initialization finished
ORA-39155: error expanding dump file name " BILLING.CUST_ORDERS "
ARC0: Archival started
Archived Log entry 110 added for thread 1 sequence 9925
ORA-06422: NETCMN: Error in sending data
Errors in file /u01/app/oracle/diag/rdbms/ttprod/ttprod1/trace/ttprod1_ora_41946.trc
Thread 1 advanced to log sequence 594
Thread 1 advanced to log sequence 536
Instance shutdown complete
SUCCESS: diskgroup DATA was mounted
Completed checkpoint up to RBA
ORA-48185: OS file size system call failure
Undo initialization finished
Instance shutdown complete
Completed checkpoint up to RBA
Instance shutdown complete
Starting background process VKTM
ORA-14113: partitioned table cannot have column with LOB datatype
Errors in file /u01/app/oracle/diag/rdbms/ttprod/ttprod1/trace/ttprod1_ora_33555.trc
ORA-07625: smsget: $MGBLSC failure
SUCCESS: diskgroup DATA was mounted
RMAN-03008: error while performing automatic resync of recovery catalog
Archived Log entry 968 added for thread 1 sequence 1511
Redo thread mounted read/write
Current log# 493 seq# 8821 mem# 0
ORA-41699: maximum number of aggregate operations per rule condition exceeded
Thread 1 advanced to log sequence 914
NZE-28833: inadequate information provided
ORA-06039: NETDNT: connect failed
Current log# 184 seq# 5083 mem# 0
ARC0: Archival started
Beginning log switch checkpoint up to RBA
Undo initialization finished
Thread 1 advanced to log sequence 711
QSM-01247: join back cannot be done on a materialized view that does not have an aggregate ( ttprod2 )
Undo initialization finished
Current log# 9 seq# 8143 mem# 0
ARC0: Archival started
Instance shutdown complete
ORA-02063: preceding BILLING.CUST_ORDERS TNS_ADMIN from INVOICE_LINES_IDX NETWORK_OPS.SIM_INVENTORY
Instance shutdown complete
Thread 1 advanced to log sequence 250
Starting background process VKTM
ARC0: Archival started
Redo thread mounted read/write
ORA-32595: DDL statement cannot be audited with BY SESSION specified
ORA-08121: Number of indexes need to be maintained offline exceeds limit for DML
Errors in file /u01/app/oracle/diag/rdbms/ttprod/ttprod1/trace/ttprod1_ora_98891.trc
Current log# 329 seq# 5375 mem# 0
ARC0: Archival started
Thread 1 advanced to log sequence 482
Beginning log switch checkpoint up to RBA
Archived Log entry 81 added for thread 1 sequence 7434
ORA-15286: could not set disk group attribute ttprod1 due to offline disks
Redo thread mounted read/write
Instance shutdown complete
Starting background process VKTM
Autotune of undo retention is turned on.
Redo thread mounted read/write
ORA-07279: spcre: semget error, unable to get first semaphore set.
Archived Log entry 659 added for thread 1 sequence 5708
Starting background process VKTM
Completed checkpoint up to RBA
PRKO-03125: Invalid value {0} for command line option {1}
Current log# 751 seq# 4707 mem# 0
Archived Log entry 988 added for thread 1 sequence 6009
Autotune of undo retention is turned on.
Thread 1 advanced to log sequence 661
ORA-19699: cannot make copies with compression enabled
Completed checkpoint up to RBA
Thread 1 advanced to log sequence 528
Archived Log entry 969 added for thread 1 sequence 4429
Undo initialization finished
Autotune of undo retention is turned on.
Instance shutdown complete
SCLC-01006: Failed to get cluster tier instance, {0}
ARC0: Archival started
ARC0: Archival started
Starting background process VKTM
Current log# 414 seq# 4362 mem# 0
Completed checkpoint up to RBA
Instance shutdown complete
TNS-12680: Native services disabled but required
Instance shutdown complete
ORA-01693: max # extents ( 1024 ) reached in lob segment USERS . SP2-0552
ARC0: Archival started
Archived Log entry 512 added for thread 1 sequence 4313
Current log# 780 seq# 7292 mem# 0
Thread 1 advanced to log sequence 918
LSX-00290: invalid enumeration choice "~S"
Beginning log switch checkpoint up to RBA
Redo thread mounted read/write
Instance shutdown complete
ORA-27163: out of memory
Autotune of undo retention is turned on.
Instance shutdown complete
Autotune of undo retention is turned on.
Beginning log switch checkpoint up to RBA
ORA-38775: cannot disable recovery area - flashback database is enabled
Errors in file /u01/app/oracle/diag/rdbms/ttprod/ttprod1/trace/ttprod1_ora_12342.trc
Archived Log entry 897 added for thread 1 sequence 4108
Current log# 316 seq# 6280 mem# 0
ARC0: Archival started
Archived Log entry 518 added for thread 1 sequence 6734
NNO-00804: Error: OCI_STILL_EXECUTE
Current log# 866 seq# 9616 mem# 0
RMAN-06725: database not open: sort area size too small
SUCCESS: diskgroup DATA was mounted
ARC0: Archival started
ARC0: Archival started
INS-40910: Virtual IP: USERS entered is invalid.
Redo thread mounted read/write
Instance shutdown complete
Current log# 54 seq# 2950 mem# 0
Undo initialization finished
Starting background process VKTM
Undo initialization finished
RMAN-08306: channel ttprod2 : datafile checking complete, elapsed time: UNDOTBS1
Errors in file /u01/app/oracle/diag/rdbms/ttprod/ttprod1/trace/ttprod1_ora_82341.trc
ARC0: Archival started
Beginning log switch checkpoint up to RBA
Current log# 728 seq# 4056 mem# 0
Instance shutdown complete
ARC0: Archival started
Completed checkpoint up to RBA
CRS-02722: The instance of resource ' CRM.CALL_DETAIL_RECORDS ' may only run on ' session_1123 '; check on ' ttprod1 ' is unnecessary
Archived Log entry 503 added for thread 1 sequence 8909
Autotune of undo retention is turned on.
Instance shutdown complete
ORA-23472: materialized view " _SYSSMU12$ "." CDR_STAGING " must be atomically refreshed
Errors in file /u01/app/oracle/diag/rdbms/ttprod/ttprod1/trace/ttprod1_ora_86160.trc
Instance shutdown complete
Archived Log entry 640 added for thread 1 sequence 9537
SUCCESS: diskgroup DATA was mounted
ORA-15522: failed to generate a workload capture subset: " 5000 "
LPX-00715: badly formed fault elemen
Beginning log switch checkpoint up to RBA
ARC0: Archival started
Autotune of undo retention is turned on.
NZE-29052: Write buffer is not empty.
Instance shutdown complete
Instance shutdown complete
SUCCESS: diskgroup DATA was mounted
CRS-02758: Resource ' INVOICE_LINES_IDX ' is in an unknown state.
Starting background process VKTM
Archived Log entry 275 added for thread 1 sequence 6735
Instance shutdown complete
Instance shutdown complete
Autotune of undo retention is turned on.
Autotune of undo retention is turned on.
ORA-03112: a server linked as single-task cannot use SQL*Net
Starting background process VKTM
Archived Log entry 681 added for thread 1 sequence 8519
SUCCESS: diskgroup DATA was mounted
Redo thread mounted read/write
Undo initialization finished
CRS-02740: Failed to relocate server ' CRM.CALL_DETAIL_RECORDS ' to server pool ' NETWORK_OPS.SIM_INVENTORY '. The server has been restored to original server pool(s).
Errors in file /u01/app/oracle/diag/rdbms/ttprod/ttprod1/trace/ttprod1_ora_49828.trc
Current log# 924 seq# 7199 mem# 0
Redo thread mounted read/write
CRS-00014: An error occurred while attempting to delete file " _SYSSMU7$ " during log file rotation. Additional diagnostics: USERS
Errors in file /u01/app/oracle/diag/rdbms/ttprod/ttprod1/trace/ttprod1_ora_12438.trc
ARC0: Archival started
ORA-37574: error logging to table " SP2-0552 . ttprod1 "
Undo initialization finished
Starting background process VKTM
Current log# 584 seq# 4025 mem# 0
ARC0: Archival started
Thread 1 advanced to log sequence 16
Instance shutdown complete
CRS-02677: Stop of ' 42 ' on ' BILLING.CUST_ORDERS ' succeeded
Errors in file /u01/app/oracle/diag/rdbms/ttprod/ttprod1/trace/ttprod1_ora_94734.trc
Starting background process VKTM
PRVF-07564: Incorrect run level set on node "{0}" [Required run level = {1}]
ORA-02765: Invalid maximum number of servers
Current log# 567 seq# 3784 mem# 0
Completed checkpoint up to RBA
ORA-15469: VBG process terminated with error
ARC0: Archival started
Completed checkpoint up to RBA
Starting background process VKTM
SUCCESS: diskgroup DATA was mounted
SUCCESS: diskgroup DATA was mounted
Archived Log entry 193 added for thread 1 sequence 9912
ORA-13481: the destination type is not supported
ARC0: Archival started
Undo initialization finished
Completed checkpoint up to RBA
Starting background process VKTM
Current log# 389 seq# 3055 mem# 0
ORA-09763: osnmpx: send/receive error exchanging Mach ports.
Autotune of undo retention is turned on.
Archived Log entry 41 added for thread 1 sequence 1210
RDE-06019: generic error
Archived Log entry 877 added for thread 1 sequence 5177
Archived Log entry 590 added for thread 1 sequence 4284
ORA-48183: OS close system call failure
SUCCESS: diskgroup DATA was mounted
ORA-36965: (XSRELTBL17) Invalid LEVELORDER valueset workspace object .
ORA-48937: Feature ( ttprod2 ) currently not allowed for SELECT
Errors in file /u01/app/oracle/diag/rdbms/ttprod/ttprod1/trace/ttprod1_ora_27036.trc
Current log# 346 seq# 4603 mem# 0
Current log# 677 seq# 6390 mem# 0
Instance shutdown complete
SUCCESS: diskgroup DATA was mounted
PLS-00422: no PL/SQL translation for the bindtype given for this bind variable
Errors in file /u01/app/oracle/diag/rdbms/ttprod/ttprod1/trace/ttprod1_ora_14563.trc
ARC0: Archival started
Thread 1 advanced to log sequence 663
ARC0: Archival started
ORA-28100: policy function schema INVOICE_LINES_IDX is invalid
Redo thread mounted read/write
Archived Log entry 524 added for thread 1 sequence 7458
SUCCESS: diskgroup DATA was mounted
ORA-13904: The file has been dropped and recreated during the procedure call.
SUCCESS: diskgroup DATA was mounted
RMAN-20022: user not found
Archived Log entry 800 added for thread 1 sequence 3476
ARC0: Archival started
Beginning log switch checkpoint up to RBA
Completed checkpoint up to RBA
DIA-48340: operation not supported on view [ BILLING.CUST_ORDERS ]
Starting background process VKTM
Beginning log switch checkpoint up to RBA
Beginning log switch checkpoint up to RBA
Starting background process VKTM
Starting background process VKTM
Autotune of undo retention is turned on.
XOQ-01938: PrecomputeCondition cannot be used with this cube.
PRCD-01082: Failed to modify service {0}: Unsupported attribute {1}
ARC0: Archival started
Thread 1 advanced to log sequence 309
Starting background process VKTM
Beginning log switch checkpoint up to RBA
Starting background process VKTM
Completed checkpoint up to RBA
ORA-24401: cannot open further connections
Archived Log entry 820 added for thread 1 sequence 1896
Completed checkpoint up to RBA
Instance shutdown complete
ORA-36270: (XSCGMDLAGG03) The parameter list for the AGGREGATION function includes duplicate values.
Errors in file /u01/app/oracle/diag/rdbms/ttprod/ttprod1/trace/ttprod1_ora_88784.trc
Current log# 50 seq# 6898 mem# 0
SUCCESS: diskgroup DATA was mounted
Instance shutdown complete
PRCA-01021: Unable to retrieve ACFS file system for the volume device {0}
SUCCESS: diskgroup DATA was mounted
Undo initialization finished
Current log# 536 seq# 6542 mem# 0
ORA-42039: cannot online redefine table " SP2-0552 "." large pool " with FGA or RLS enabled
Current log# 11 seq# 5444 mem# 0
Current log# 828 seq# 3426 mem# 0
Thread 1 advanced to log sequence 91
ORA-01365: waiting for new branch registration
Undo initialization finished
ORA-08175: discrete transaction restriction violated ( PK_CUSTOMER_ACCOUNTS )
Archived Log entry 440 added for thread 1 sequence 8908
Autotune of undo retention is turned on.
Autotune of undo retention is turned on.
Instance shutdown complete
Undo initialization finished
Current log# 605 seq# 4979 mem# 0
ORA-53073: invalid docSet: UNDOTBS1
Current log# 95 seq# 9801 mem# 0
DIA-48403: DEFINE or UNDEFINE command has no arguments
SUCCESS: diskgroup DATA was mounted
ARC0: Archival started
Undo initialization finished
Redo thread mounted read/write
ORA-07286: sksagdi: cannot obtain device information.
ARC0: Archival started
Completed checkpoint up to RBA
ORA-02820: Unable to write the requested number of blocks
Undo initialization finished
Redo thread mounted read/write
Thread 1 advanced to log sequence 474
Completed checkpoint up to RBA
ORA-29259: end-of-input reached
ORA-26732: invalid file group ttprod2 privilege
Archived Log entry 27 added for thread 1 sequence 7870
Redo thread mounted read/write
ORA-32487: unsupported join in recursive WITH query
SUCCESS: diskgroup DATA was mounted
SUCCESS: diskgroup DATA was mounted
Autotune of undo retention is turned on.
ARC0: Archival started
Autotune of undo retention is turned on.
Instance shutdown complete
ORA-12992: cannot drop parent key column
Completed checkpoint up to RBA
Redo thread mounted read/write
ORA-19527: physical standby redo log must be renamed
Autotune of undo retention is turned on.
Instance shutdown complete
Thread 1 advanced to log sequence 669
SQL-02146: Attempt to allocate an existing descriptor
Autotune of undo retention is turned on.
ARC0: Archival started
Archived Log entry 863 added for thread 1 sequence 8205
ORA-14454: attempt to reference temporary table in a referential integrity constraint
Undo initialization finished
Thread 1 advanced to log sequence 991
Starting background process VKTM
Thread 1 advanced to log sequence 46
Thread 1 advanced to log sequence 790
PRCN-03013: Failed to update log file attribute of {0} resource
SUCCESS: diskgroup DATA was mounted
ARC0: Archival started
ORA-01567: dropping log _SYSSMU12$ would leave less than 2 log files for instance _SYSSMU12$ (thread ttstandby01 )
Autotune of undo retention is turned on.
Archived Log entry 612 added for thread 1 sequence 9023
Archived Log entry 529 added for thread 1 sequence 3117
OCI-22061: invalid format text [ ttstandby01 ]
Current log# 621 seq# 1664 mem# 0
Beginning log switch checkpoint up to RBA
Redo thread mounted read/write
Undo initialization finished
Instance shutdown complete
PCB-00725: Outline name length exceeds the allowed limit of number characters
Redo thread mounted read/write
Starting background process VKTM
Archived Log entry 535 added for thread 1 sequence 4248
TNS-01067: Service display mode is /u01/app/oracle/oradata/ttprod/users01.dbf
Errors in file /u01/app/oracle/diag/rdbms/ttprod/ttprod1/trace/ttprod1_ora_33606.trc
Beginning log switch checkpoint up to RBA
Starting background process VKTM
Thread 1 advanced to log sequence 693
ORA-47243: error deleting Realm SYSAUX , BILLING.CUST_ORDERS
Errors in file /u01/app/oracle/diag/rdbms/ttprod/ttprod1/trace/ttprod1_ora_96582.trc
Undo initialization finished
OCI-19200: Invalid column specification
TNS-01116: Listener alias name given as connect identifier is too long
Beginning log switch checkpoint up to RBA
Beginning log switch checkpoint up to RBA
Instance shutdown complete
Redo thread mounted read/write
ORA-31620: file or device " INVOICE_LINES_IDX " cannot be specified for ttprod1 operation
Starting background process VKTM
Beginning log switch checkpoint up to RBA
Instance shutdown complete
Thread 1 advanced to log sequence 990
Thread 1 advanced to log sequence 885
NZE-28764: failure to retrieve a configuration parameter
Beginning log switch checkpoint up to RBA
Autotune of undo retention is turned on.
Completed checkpoint up to RBA
Archived Log entry 407 added for thread 1 sequence 8127
Archived Log entry 443 added for thread 1 sequence 2625
Instance shutdown complete
ORA-23419: regenerate replication support before resuming master activity
Instance shutdown complete
Instance shutdown complete
Redo thread mounted read/write
Undo initialization finished
ORA-28404: role cannot be altered
ORA-32637: Self cyclic rule in sequential order MODEL
Redo thread mounted read/write
Instance shutdown complete
Archived Log entry 393 added for thread 1 sequence 4659
SUCCESS: diskgroup DATA was mounted
ORA-07612: $GETUAI failed in retrieving the user's clearance level
Errors in file /u01/app/oracle/diag/rdbms/ttprod/ttprod1/trace/ttprod1_ora_41998.trc
RMAN-00572: waiting for DBMS_PIPE input
SUCCESS: diskgroup DATA was mounted
Autotune of undo retention is turned on.
Beginning log switch checkpoint up to RBA
ORA-26517: materialized view control entry for ' large pool . _SYSSMU12$ ' was not found
Thread 1 advanced to log sequence 665
Beginning log switch checkpoint up to RBA
Redo thread mounted read/write
Undo initialization finished
Redo thread mounted read/write
ORA-15205: requested mirror side unavailable
ORA-17620: failed to register the network adapter with Oracle Disk Manager library: 3
Errors in file /u01/app/oracle/diag/rdbms/ttprod/ttprod1/trace/ttprod1_ora_79298.trc
SUCCESS: diskgroup DATA was mounted
Redo thread mounted read/write
Autotune of undo retention is turned on.
Completed checkpoint up to RBA
PLS-01460: Cannot access object on a remote host
Thread 1 advanced to log sequence 196
ARC0: Archival started
Undo initialization finished
Redo thread mounted read/write
Redo thread mounted read/write
Instance shutdown complete
XOQ-01759: A LOAD RETAIN command cannot be used in a default build specification or named build specification.
Errors in file /u01/app/oracle/diag/rdbms/ttprod/ttprod1/trace/ttprod1_ora_47639.trc
Starting background process VKTM
Archived Log entry 907 added for thread 1 sequence 3553
SUCCESS: diskgroup DATA was mounted
ORA-60002: adding ( UNDOTBS1 ) blocks to temporary segment in tablespace PK_CUSTOMER_ACCOUNTS with MAXSIZE ( CDR_STAGING )
Beginning log switch checkpoint up to RBA
ARC0: Archival started
ARC0: Archival started
Current log# 444 seq# 6558 mem# 0
Current log# 756 seq# 3593 mem# 0
Redo thread mounted read/write
ORA-38812: maximum number of editions reached
Thread 1 advanced to log sequence 732
RDE-00038: invalid protocol type: " SP2-0552 " Valid protocols: 42
SUCCESS: diskgroup DATA was mounted
ORA-01903: EVENTS keyword expected
Undo initialization finished
Current log# 606 seq# 7285 mem# 0
Archived Log entry 844 added for thread 1 sequence 5089
Starting background process VKTM
Archived Log entry 887 added for thread 1 sequence 3026
ORA-38701: Redo log corruption detected
Autotune of undo retention is turned on.
Redo thread mounted read/write
ARC0: Archival started
ORA-19233: XQST0013 - invalid pragma
Current log# 543 seq# 5931 mem# 0
Starting background process VKTM
DRG-11853: No Host Name Found
Instance shutdown complete
ORA-22278: must update the LOB only through the LOB buffers
Beginning log switch checkpoint up to RBA
Current log# 839 seq# 9227 mem# 0
SUCCESS: diskgroup DATA was mounted
ORA-01340: NLS error
Thread 1 advanced to log sequence 908
ORA-14150: missing SUBPARTITION keyword
Completed checkpoint up to RBA
Starting background process VKTM
Current log# 436 seq# 5653 mem# 0
Starting background process VKTM
Archived Log entry 589 added for thread 1 sequence 4505
Undo initialization finished
ORA-24037: schema large pool in QUEUE_NAME is not same as schema APP_USER42 in QUEUE_TABLE
Errors in file /u01/app/oracle/diag/rdbms/ttprod/ttprod1/trace/ttprod1_ora_51027.trc
Beginning log switch checkpoint up to RBA
Archived Log entry 203 added for thread 1 sequence 4002
Beginning log switch checkpoint up to RBA
ORA-30370: set operators are not supported in this context
Starting background process VKTM
QSM-02183: Expression to enable PCT not in PARTITION BY of analytic function or SPREADSHEET
Undo initialization finished
Thread 1 advanced to log sequence 806
Redo thread mounted read/write
ORA-32110: Connection not specified
Undo initialization finished
SUCCESS: diskgroup DATA was mounted
Thread 1 advanced to log sequence 972
Completed checkpoint up to RBA
ARC0: Archival started
NNO-00609: warning: forwarder number address length number exceeds maximum of number , ignored
SUCCESS: diskgroup DATA was mounted
Starting background process VKTM
Completed checkpoint up to RBA
Beginning log switch checkpoint up to RBA
ORA-00446: background process started when not expected
Autotune of undo retention is turned on.
Starting background process VKTM
ARC0: Archival started
Starting background process VKTM
TNS-12155: TNS:received bad datatype in NSWMARKER packet
Redo thread mounted read/write
Completed checkpoint up to RBA
Undo initialization finished
Beginning log switch checkpoint up to RBA
Redo thread mounted read/write
Completed checkpoint up to RBA
DRG-12306: column DATA_TS01 is too long for index set columns
ARC0: Archival started
Archived Log entry 840 added for thread 1 sequence 8176
ORA-15520: Directory is corrupted. Two WMD files are found at " BILLING.CUST_ORDERS " and " 5000 "
Current log# 432 seq# 8686 mem# 0
Thread 1 advanced to log sequence 843
Starting background process VKTM
LPX-01012: [XQST0012] Invalid XML schema
Errors in file /u01/app/oracle/diag/rdbms/ttprod/ttprod1/trace/ttprod1_ora_23709.trc
ARC0: Archival started
Starting background process VKTM
Instance shutdown complete
Starting background process VKTM
Current log# 87 seq# 2056 mem# 0
Current log# 986 seq# 1894 mem# 0
ORA-39240: Error while processing difference document.
Archived Log entry 405 added for thread 1 sequence 2742
Archived Log entry 398 added for thread 1 sequence 6566
RMAN-10024: error setting up for rpc polling
Current log# 48 seq# 3150 mem# 0
Beginning log switch checkpoint up to RBA
Beginning log switch checkpoint up to RBA
Thread 1 advanced to log sequence 266
Archived Log entry 606 added for thread 1 sequence 2304
Autotune of undo retention is turned on.
ORA-19223: XPST0003 - syntax error in XQuery expression
ORA-46257: Property ' TNS_ADMIN ' cannot be cleared
ARC0: Archival started
Beginning log switch checkpoint up to RBA
Autotune of undo retention is turned on.
Archived Log entry 178 added for thread 1 sequence 9852
ARC0: Archival started
ORA-48484: Run script failed, it may be because the script file does not exist
Starting background process VKTM
Instance shutdown complete
Starting background process VKTM
SUCCESS: diskgroup DATA was mounted
Autotune of undo retention is turned on.
Completed checkpoint up to RBA
ORA-28164: REVOKE already specified
Instance shutdown complete
Autotune of undo retention is turned on.
Instance shutdown complete
SUCCESS: diskgroup DATA was mounted
Completed checkpoint up to RBA
Redo thread mounted read/write
ORA-31115: XDB configuration error: APP_USER42
Errors in file /u01/app/oracle/diag/rdbms/ttprod/ttprod1/trace/ttprod1_ora_30127.trc
Completed checkpoint up to RBA
ORA-19659: incremental restore would advance file 5000 past RESETLOGS
Current log# 587 seq# 8588 mem# 0
ORA-55337: a virtual model or rules index with the name 1024 already exists
Completed checkpoint up to RBA
Completed checkpoint up to RBA
Beginning log switch checkpoint up to RBA
Completed checkpoint up to RBA
ORA-19285: FODC0002 - error retrieving resource
Undo initialization finished
Redo thread mounted read/write
Undo initialization finished
Completed checkpoint up to RBA
Completed checkpoint up to RBA
ORA-39082: Object type BILLING.CUST_ORDERS created with compilation warnings
Beginning log switch checkpoint up to RBA
Starting background process VKTM
Instance shutdown complete
ARC0: Archival started
Starting background process VKTM
ORA-10635: Invalid segment or tablespace type
Errors in file /u01/app/oracle/diag/rdbms/ttprod/ttprod1/trace/ttprod1_ora_19751.trc
Completed checkpoint up to RBA
Starting background process VKTM
Thread 1 advanced to log sequence 648
CRS-04667: Node UNDOTBS1 successfully unpinned.
Thread 1 advanced to log sequence 855
Archived Log entry 608 added for thread 1 sequence 5871
Current log# 669 seq# 3448 mem# 0
Thread 1 advanced to log sequence 723
ORA-01805: possible error in date/time operation
Errors in file /u01/app/oracle/diag/rdbms/ttprod/ttprod1/trace/ttprod1_ora_31614.trc
Thread 1 advanced to log sequence 488
Archived Log entry 225 added for thread 1 sequence 2458
Autotune of undo retention is turned on.
Starting background process VKTM
Undo initialization finished
Current log# 211 seq# 6068 mem# 0
ORA-31218: DBMS_LDAP: PL/SQL - Invalid LDAP deleteoldrdn.
ARC0: Archival started
Beginning log switch checkpoint up to RBA
RMAN-00558: error encountered while parsing input commands
Redo thread mounted read/write
Thread 1 advanced to log sequence 825
Beginning log switch checkpoint up to RBA
SUCCESS: diskgroup DATA was mounted
RMAN-06432: recovery catalog dropped
Archived Log entry 563 added for thread 1 sequence 6549
Beginning log switch checkpoint up to RBA
Completed checkpoint up to RBA
Archived Log entry 581 added for thread 1 sequence 2136
ORA-24480: invalid OCI mode
Errors in file /u01/app/oracle/diag/rdbms/ttprod/ttprod1/trace/ttprod1_ora_47795.trc
Beginning log switch checkpoint up to RBA
ORA-36618: (XSAGMODDIM00) workspace object is not a valid dynamic model for AGGMAP.
ARC0: Archival started
Current log# 667 seq# 9406 mem# 0
Undo initialization finished
Thread 1 advanced to log sequence 377
ORA-15217: missing or invalid timeout value after DROP AFTER
PCC-01500: You are not authorized to run Pro*Ada
Undo initialization finished
Redo thread mounted read/write
PRKO-02172: Some or all node applications are not removed successfully on node:
ARC0: Archival started
Archived Log entry 730 added for thread 1 sequence 3524
Beginning log switch checkpoint up to RBA
Undo initialization finished
Starting background process VKTM
Beginning log switch checkpoint up to RBA
ORA-25140: shared pool space policy cannot be specified for the APP_USER42 extent management
Errors in file /u01/app/oracle/diag/rdbms/ttprod/ttprod1/trace/ttprod1_ora_46059.trc
Undo initialization finished
Redo thread mounted read/write
Thread 1 advanced to log sequence 532
Beginning log switch checkpoint up to RBA
Autotune of undo retention is turned on.
CRS-05007: Cannot remove the primary IP PK_CUSTOMER_ACCOUNTS from the network interface
Errors in file /u01/app/oracle/diag/rdbms/ttprod/ttprod1/trace/ttprod1_ora_39622.trc
Redo thread mounted read/write
Current log# 918 seq# 8305 mem# 0
ARC0: Archival started
Instance shutdown complete
Beginning log switch checkpoint up to RBA
ORA-30933: Element ' 1024 ' may not appear at this point within parent ' APP_USER42 '
Completed checkpoint up to RBA
ARC0: Archival started
Current log# 297 seq# 3731 mem# 0
Thread 1 advanced to log sequence 961
ARC0: Archival started
ORA-32514: cannot dump multiple ' _SYSSMU7$ ' types: structure size is unknown
Undo initialization finished
PLS-00950: In this version, PL/SQL tables can not be used in this SQL statement.
Autotune of undo retention is turned on.
SUCCESS: diskgroup DATA was mounted
ORA-33733: (xsILPMLTPreOp01) The analytic workspace _SYSSMU7$ cannot be REVERTed or RESYNCed while the USERS program is active.
Completed checkpoint up to RBA
ORA-30557: function based index could not be properly maintained
Errors in file /u01/app/oracle/diag/rdbms/ttprod/ttprod1/trace/ttprod1_ora_17544.trc
Instance shutdown complete
Starting background process VKTM
Undo initialization finished
Archived Log entry 343 added for thread 1 sequence 1013
Redo thread mounted read/write
Starting background process VKTM
ORA-44746: Missing XMLTABLE in GROUP clause.
Starting background process VKTM
Beginning log switch checkpoint up to RBA
Completed checkpoint up to RBA
QSM-01095: no suitable grouping_id found in MV with grouping sets
SUCCESS: diskgroup DATA was mounted
RMAN-06706: could not close file: " CDR_STAGING " (reason= 1024 )
Errors in file /u01/app/oracle/diag/rdbms/ttprod/ttprod1/trace/ttprod1_ora_61834.trc
SUCCESS: diskgroup DATA was mounted
ARC0: Archival started
RMAN-06444: error creating NETWORK_OPS.SIM_INVENTORY
Archived Log entry 383 added for thread 1 sequence 3389
Archived Log entry 29 added for thread 1 sequence 4654
Undo initialization finished
Undo initialization finished
Undo initialization finished
Instance shutdown complete
PRCR-01091: Failed to relocate resource {0}. It is not running on node {1}.
Starting background process VKTM
Completed checkpoint up to RBA
Redo thread mounted read/write
Thread 1 advanced to log sequence 640
Current log# 66 seq# 8971 mem# 0
Beginning log switch checkpoint up to RBA
DRG-11141: CTX_DDL.REMOVE_MDATA() and CTX_DDL.ADD_MDATA() not allowed for MDATA Section SP2-0552
Undo initialization finished
DRG-11350: FORWARD INDEX does not exist for this index
SUCCESS: diskgroup DATA was mounted
Archived Log entry 82 added for thread 1 sequence 4091
DIA-48319: Update operation on ADR relation [ 5000 ] not allowed
Current log# 456 seq# 2696 mem# 0
SUCCESS: diskgroup DATA was mounted
Beginning log switch checkpoint up to RBA
SUCCESS: diskgroup DATA was mounted
Redo thread mounted read/write
Archived Log entry 175 added for thread 1 sequence 8486
NNO-00611: disabling request forwarding
Redo thread mounted read/write
Beginning log switch checkpoint up to RBA
Instance shutdown complete
Autotune of undo retention is turned on.
Undo initialization finished
SUCCESS: diskgroup DATA was mounted
NNO-00606: disabling modification requests
Current log# 946 seq# 6259 mem# 0
Current log# 127 seq# 5708 mem# 0
Completed checkpoint up to RBA
SUCCESS: diskgroup DATA was mounted
SUCCESS: diskgroup DATA was mounted
INS-30607: No ASM found on the box.
Redo thread mounted read/write
Autotune of undo retention is turned on.
Current log# 422 seq# 6871 mem# 0
Beginning log switch checkpoint up to RBA
ORA-13660: A directive instance with the name " _SYSSMU12$ " already exists.
Autotune of undo retention is turned on.
Redo thread mounted read/write
Redo thread mounted read/write
Current log# 765 seq# 3327 mem# 0
ARC0: Archival started
Redo thread mounted read/write
LPX-00011: In line ~1u of ~2s [general entity ~3S]:
Errors in file /u01/app/oracle/diag/rdbms/ttprod/ttprod1/trace/ttprod1_ora_51926.trc
SUCCESS: diskgroup DATA was mounted
Instance shutdown complete
ARC0: Archival started
Completed checkpoint up to RBA
Autotune of undo retention is turned on.
ORA-38138: plan name is missing or NULL
Archived Log entry 414 added for thread 1 sequence 1818
Autotune of undo retention is turned on.
Starting background process VKTM
SUCCESS: diskgroup DATA was mounted
DIA-48401: SET command requires arguments
Thread 1 advanced to log sequence 313
Autotune of undo retention is turned on.
Beginning log switch checkpoint up to RBA
Redo thread mounted read/write
SUCCESS: diskgroup DATA was mounted
ORA-00201: control file version /u01/app/oracle/oradata/ttprod/users01.dbf incompatible with ORACLE version NETWORK_OPS.SIM_INVENTORY
Errors in file /u01/app/oracle/diag/rdbms/ttprod/ttprod1/trace/ttprod1_ora_57080.trc
ARC0: Archival started
ORA-23348: cannot replicate procedure _SYSSMU12$ ; only IN parameters supported
ARC0: Archival started
Undo initialization finished
Starting background process VKTM
Completed checkpoint up to RBA
Undo initialization finished
Archived Log entry 176 added for thread 1 sequence 5972
ORA-19753: error writing to change tracking file
ARC0: Archival started
Starting background process VKTM
Undo initialization finished
Redo thread mounted read/write
Undo initialization finished
Undo initialization finished
DIA-48111: error encountered while attempting to release a file lock [ CDR_STAGING ]
Completed checkpoint up to RBA
Beginning log switch checkpoint up to RBA
Instance shutdown complete
ORA-00309: log belongs to wrong database
Beginning log switch checkpoint up to RBA
Thread 1 advanced to log sequence 942
Redo thread mounted read/write
Starting background process VKTM
Autotune of undo retention is turned on.
Beginning log switch checkpoint up to RBA
EVM-00042: Use " shared pool -A" to format events, or pipe output to evmshow
Archived Log entry 772 added for thread 1 sequence 2581
CRS-04625: Failure to allocate number bytes for username.
ORA-44910: xpointer not supported within XInclude element
SUCCESS: diskgroup DATA was mounted
Completed checkpoint up to RBA
Instance shutdown complete
ORA-31066: Insertion of USERS into 17 creates a cycle
Errors in file /u01/app/oracle/diag/rdbms/ttprod/ttprod1/trace/ttprod1_ora_26162.trc
Instance shutdown complete
Redo thread mounted read/write
Redo thread mounted read/write
ARC0: Archival started
ARC0: Archival started
INS-30519: Allocation unit size can only be one of the following value set large pool .
Autotune of undo retention is turned on.
Current log# 610 seq# 4810 mem# 0
Instance shutdown complete
NNL-00572: set|show save_config_interval [<seconds>] [<server_list>] : set time of next config save
Errors in file /u01/app/oracle/diag/rdbms/ttprod/ttprod1/trace/ttprod1_ora_22693.trc
SUCCESS: diskgroup DATA was mounted
Completed checkpoint up to RBA
ORA-22880: invalid REF
ARC0: Archival started
NNL-00953: Cache lookup exact matches: number
Beginning log switch checkpoint up to RBA
Archived Log entry 597 added for thread 1 sequence 9930
ARC0: Archival started
ORA-25282: message id. not provided for non-repudiation
Errors in file /u01/app/oracle/diag/rdbms/ttprod/ttprod1/trace/ttprod1_ora_78638.trc
ORA-55377: number of triples less than 1 or null error indication marker
Instance shutdown complete
Thread 1 advanced to log sequence 643
Redo thread mounted read/write
SUCCESS: diskgroup DATA was mounted
ORA-23364: Feature not enabled: Advanced replication
Errors in file /u01/app/oracle/diag/rdbms/ttprod/ttprod1/trace/ttprod1_ora_68195.trc
Starting background process VKTM
Archived Log entry 87 added for thread 1 sequence 4304
CRS-04670: Failed to unset parameter 42 due to conflicting parameter UNDOTBS1 currently set to number .
SUCCESS: diskgroup DATA was mounted
Autotune of undo retention is turned on.
IMG-00604: unable to access destination image data
Starting background process VKTM
Starting background process VKTM
Current log# 298 seq# 2833 mem# 0
Beginning log switch checkpoint up to RBA
ORA-13900: missing or invalid parameter NETWORK_OPS.SIM_INVENTORY
Starting background process VKTM
Instance shutdown complete
Beginning log switch checkpoint up to RBA
Current log# 481 seq# 7400 mem# 0
Thread 1 advanced to log sequence 720
Completed checkpoint up to RBA
ORA-31157: Invalid Content-Type charset
Undo initialization finished
ARC0: Archival started
Completed checkpoint up to RBA
SUCCESS: diskgroup DATA was mounted
QSM-01044: join back attempted on a view for DATA_TS01
Autotune of undo retention is turned on.
ORA-24204: existing CRM.CALL_DETAIL_RECORDS propagation schedules
Starting background process VKTM
PRCR-01105: Failed to relocate resource {0} to node {1}
Completed checkpoint up to RBA
RMAN-00201: Do you really want to execute the above repair (enter YES or NO)?
ORA-01623: log USERS is current log for instance APP_USER42 (thread TNS_ADMIN ) - cannot drop
ARC0: Archival started
SUCCESS: diskgroup DATA was mounted
TNS-00506: Operation would block
Undo initialization finished
Undo initialization finished
PRCD-01145: {0} API is not supported on RAC One Node database environment
ARC0: Archival started
Undo initialization finished
Redo thread mounted read/write
ORA-13635: The value provided for parameter _SYSSMU12$ cannot be converted to a number.
Beginning log switch checkpoint up to RBA
Autotune of undo retention is turned on.
Instance shutdown complete
Autotune of undo retention is turned on.
Starting background process VKTM
Archived Log entry 842 added for thread 1 sequence 8065
SQL-02152: Invalid numeric variable for use in an array GET/SET statement
Errors in file /u01/app/oracle/diag/rdbms/ttprod/ttprod1/trace/ttprod1_ora_25571.trc
Beginning log switch checkpoint up to RBA
Completed checkpoint up to RBA
Completed checkpoint up to RBA
Redo thread mounted read/write
Current log# 537 seq# 9784 mem# 0
TNS-04079: Cannot administer Oracle Connection Manager with no CMAN.ORA, and port = number .
Thread 1 advanced to log sequence 460
ORA-02347: cannot grant privileges on columns of an object table
Autotune of undo retention is turned on.
Completed checkpoint up to RBA
ARC0: Archival started
Redo thread mounted read/write
Archived Log entry 871 added for thread 1 sequence 4034
CRS-00015: An error occurred while attempting to flush file " PK_CUSTOMER_ACCOUNTS " during log file rotation. Additional diagnostics: UNDOTBS1
Errors in file /u01/app/oracle/diag/rdbms/ttprod/ttprod1/trace/ttprod1_ora_38174.trc
Undo initialization finished
Beginning log switch checkpoint up to RBA
Completed checkpoint up to RBA
Instance shutdown complete
Autotune of undo retention is turned on.
Autotune of undo retention is turned on.
ORA-41706: a condition referenced in rule conditions may not be deleted
Archived Log entry 717 added for thread 1 sequence 1708
Thread 1 advanced to log sequence 416
Archived Log entry 555 added for thread 1 sequence 9933
Undo initialization finished
Completed checkpoint up to RBA
Completed checkpoint up to RBA
ORA-30371: column cannot define a level in more than one dimension
Starting background process VKTM
Redo thread mounted read/write
Thread 1 advanced to log sequence 118
SUCCESS: diskgroup DATA was mounted
Current log# 331 seq# 4492 mem# 0
Instance shutdown complete
ORA-13668: The current operation was aborted because it was blocking another session.
Completed checkpoint up to RBA
Undo initialization finished
Archived Log entry 637 added for thread 1 sequence 1030
Redo thread mounted read/write
ARC0: Archival started
Thread 1 advanced to log sequence 797
ORA-09263: spini: error initializing process
Beginning log switch checkpoint up to RBA
Beginning log switch checkpoint up to RBA
Instance shutdown complete
ORA-54011: expression column is not supported for a clustered table
PLS-01470: The escape character in the like-predicate must be a literal or a variable of type CHAR
Starting background process VKTM
Completed checkpoint up to RBA
ORA-13193: failed to allocate space for geometry
Errors in file /u01/app/oracle/diag/rdbms/ttprod/ttprod1/trace/ttprod1_ora_14721.trc
Thread 1 advanced to log sequence 826
ARC0: Archival started
Autotune of undo retention is turned on.
Thread 1 advanced to log sequence 945
Archived Log entry 593 added for thread 1 sequence 7063
ORA-32766: instr with negative offset: use varchar semantics on LOBs
SUCCESS: diskgroup DATA was mounted
Starting background process VKTM
Autotune of undo retention is turned on.
Undo initialization finished
ORA-38143: invalid enabled status value specified
Errors in file /u01/app/oracle/diag/rdbms/ttprod/ttprod1/trace/ttprod1_ora_24219.trc
Current log# 825 seq# 7854 mem# 0
ARC0: Archival started
Autotune of undo retention is turned on.
Beginning log switch checkpoint up to RBA
Undo initialization finished
ORA-01052: required destination LOG_ARCHIVE_DUPLEX_DEST is not specified
Beginning log switch checkpoint up to RBA
SUCCESS: diskgroup DATA was mounted
ORA-31022: Element not found
ARC0: Archival started
Completed checkpoint up to RBA
Autotune of undo retention is turned on.
Instance shutdown complete
Redo thread mounted read/write
Autotune of undo retention is turned on.
PRVF-07597: Unable to obtain OCR integrity details from node "{0}"
Thread 1 advanced to log sequence 746
Thread 1 advanced to log sequence 783
ARC0: Archival started
LSX-00245: invalid ID "~S"
Completed checkpoint up to RBA
Current log# 541 seq# 5186 mem# 0
Redo thread mounted read/write
Completed checkpoint up to RBA
RMAN-08184: added tempfile 17 to tablespace shared pool in control file
ARC0: Archival started
QSM-01019: no suitable materialized view found to rewrite this query
Current log# 953 seq# 5363 mem# 0
Redo thread mounted read/write
Beginning log switch checkpoint up to RBA
Instance shutdown complete
ARC0: Archival started
Beginning log switch checkpoint up to RBA
CRS-02589: Relation modifier ' INVOICE_LINES_IDX ' is invalid for relation kind ' APP_USER42 '
Errors in file /u01/app/oracle/diag/rdbms/ttprod/ttprod1/trace/ttprod1_ora_62125.trc
Autotune of undo retention is turned on.
Autotune of undo retention is turned on.
Starting background process VKTM
Completed checkpoint up to RBA
SUCCESS: diskgroup DATA was mounted
ORA-36698: (XSRELTBL03) QDR dimension workspace object should be in the dimension list that dimensions the relation.
Undo initialization finished
Current log# 828 seq# 6314 mem# 0
Starting background process VKTM
SUCCESS: diskgroup DATA was mounted
ORA-12800: system appears too busy for parallel query execution
Autotune of undo retention is turned on.
Redo thread mounted read/write
Beginning log switch checkpoint up to RBA
Instance shutdown complete
ORA-24196: access the message in a wrong access mode
Errors in file /u01/app/oracle/diag/rdbms/ttprod/ttprod1/trace/ttprod1_ora_94061.trc
ORA-26741: cannot assemble lobs
Errors in file /u01/app/oracle/diag/rdbms/ttprod/ttprod1/trace/ttprod1_ora_82571.trc
Completed checkpoint up to RBA
PGA-21013: missing period(.) in fully-qualified local LU name
Undo initialization finished
Archived Log entry 289 added for thread 1 sequence 2380
ORA-41254: Invalid session state file: large pool
Starting background process VKTM
PRCI-01100: Failed to get Vendor Cluster for CRS home {0}
Errors in file /u01/app/oracle/diag/rdbms/ttprod/ttprod1/trace/ttprod1_ora_16763.trc
Undo initialization finished
Starting background process VKTM
Autotune of undo retention is turned on.
ORA-39145: directory object parameter must be specified and non-null
Redo thread mounted read/write
Thread 1 advanced to log sequence 8
SUCCESS: diskgroup DATA was mounted
ORA-24408: could not generate unique server group name
Starting background process VKTM
ORA-14186: number of sub-partitions of LOCAL index must equal that of the underlying table
Errors in file /u01/app/oracle/diag/rdbms/ttprod/ttprod1/trace/ttprod1_ora_36843.trc
Archived Log entry 552 added for thread 1 sequence 4807
Beginning log switch checkpoint up to RBA
Starting background process VKTM
ORA-01969: You must specify RESETLOGS or NORESETLOGS
Thread 1 advanced to log sequence 927
Current log# 818 seq# 7003 mem# 0
Archived Log entry 741 added for thread 1 sequence 9323
ORA-19290: XQST0069 - more than one empty order declaration declared in the prolog
Errors in file /u01/app/oracle/diag/rdbms/ttprod/ttprod1/trace/ttprod1_ora_82883.trc
Thread 1 advanced to log sequence 740
ORA-02215: duplicate tablespace name clause
Archived Log entry 374 added for thread 1 sequence 2802
Undo initialization finished
Archived Log entry 931 added for thread 1 sequence 6053
ORA-49413: Package name does not match existing name [ INVOICE_LINES_IDX ] [ DATA_TS01 ]
Undo initialization finished
Starting background process VKTM
Completed checkpoint up to RBA
Undo initialization finished
ARC0: Archival started
TNS-00276: Navigator: Tracing is now OFF
Errors in file /u01/app/oracle/diag/rdbms/ttprod/ttprod1/trace/ttprod1_ora_26901.trc
LSX-00011: internal error: ~s
Current log# 950 seq# 7729 mem# 0
Redo thread mounted read/write
Completed checkpoint up to RBA
Autotune of undo retention is turned on.
Completed checkpoint up to RBA
Starting background process VKTM
ORA-16830: primary isolated from fast-start failover partners longer than FastStartFailoverThreshold seconds: shutting down
ORA-24508: Buffer is not aligned correctly.
Instance shutdown complete
Instance shutdown complete
Beginning log switch checkpoint up to RBA
Thread 1 advanced to log sequence 344
ARC0: Archival started
XOQ-01722: Cube " PK_CUSTOMER_ACCOUNTS " mapping to " _SYSSMU12$ " is invalid. Cubes must map to DimensionLevels for PrimaryDimensions whose keys are not unique.
Archived Log entry 53 added for thread 1 sequence 3109
ORA-19242: XQST0022 - namespace declaration attribute must be a literal
Archived Log entry 614 added for thread 1 sequence 2742
SUCCESS: diskgroup DATA was mounted
Starting background process VKTM
SUCCESS: diskgroup DATA was mounted
Redo thread mounted read/write
SUCCESS: diskgroup DATA was mounted
ORA-47245: error renaming Realm INVOICE_LINES_IDX , session_1123
Archived Log entry 438 added for thread 1 sequence 8878
Redo thread mounted read/write
Archived Log entry 504 added for thread 1 sequence 2996
Starting background process VKTM
SUCCESS: diskgroup DATA was mounted
Completed checkpoint up to RBA
ORA-41025: sid field _SYSSMU12$ is invalid
Current log# 93 seq# 4219 mem# 0
ARC0: Archival started
Thread 1 advanced to log sequence 596
ORA-36686: (XSDPART24) Value number is not in partition number .
ORA-29965: The specified binding does not exist
Starting background process VKTM
Redo thread mounted read/write
LPX-01093: [XQST0093] Module depends on itself
Instance shutdown complete
ARC0: Archival started
Redo thread mounted read/write
Beginning log switch checkpoint up to RBA
Autotune of undo retention is turned on.
ORA-06436: ssaio: asynchronous I/O failed due to incorrect parameters.
Errors in file /u01/app/oracle/diag/rdbms/ttprod/ttprod1/trace/ttprod1_ora_79053.trc
Completed checkpoint up to RBA
Beginning log switch checkpoint up to RBA
Undo initialization finished
ARC0: Archival started
SUCCESS: diskgroup DATA was mounted
Archived Log entry 596 added for thread 1 sequence 1481
ORA-13433: GeoRaster metadata default RGB error
Current log# 420 seq# 8290 mem# 0
Archived Log entry 458 added for thread 1 sequence 3050
Archived Log entry 437 added for thread 1 sequence 1999
SUCCESS: diskgroup DATA was mounted
PGA-21016: RRM initialization failed for LU ttprod1
Autotune of undo retention is turned on.
Instance shutdown complete
Thread 1 advanced to log sequence 886
Current log# 837 seq# 3858 mem# 0
Redo thread mounted read/write
Autotune of undo retention is turned on.
ORA-02289: sequence does not exist
Thread 1 advanced to log sequence 204
Current log# 269 seq# 6945 mem# 0
ORA-25257: consumer must be specified with a multi-consumer queue
Starting background process VKTM
Instance shutdown complete
Starting background process VKTM
Archived Log entry 198 added for thread 1 sequence 6990
ORA-31649: Master process _SYSSMU12$ violated startup protocol.
Errors in file /u01/app/oracle/diag/rdbms/ttprod/ttprod1/trace/ttprod1_ora_90558.trc
Starting background process VKTM
Undo initialization finished
Redo thread mounted read/write
Undo initialization finished
Redo thread mounted read/write
ARC0: Archival started
INS-41506: One or more voting disk file locations are not valid.
Undo initialization finished
Autotune of undo retention is turned on.
Starting background process VKTM
ORA-24361: basic bind call not invoked before invoking advanced bind call
Instance shutdown complete
Instance shutdown complete
Redo thread mounted read/write
ORA-23420: interval must evaluate to a time in the future
Redo thread mounted read/write
Instance shutdown complete
Starting background process VKTM
Completed checkpoint up to RBA
Thread 1 advanced to log sequence 44
ARC0: Archival started
NNL-00415: Name: INVOICE_LINES_IDX
Archived Log entry 712 added for thread 1 sequence 2775
SUCCESS: diskgroup DATA was mounted
ORA-16214: apply stalled for apply delay
SUCCESS: diskgroup DATA was mounted
ORA-16665: timeout waiting for the result from a database
Current log# 469 seq# 7193 mem# 0
Undo initialization finished
Thread 1 advanced to log sequence 386
Archived Log entry 488 added for thread 1 sequence 4517
Thread 1 advanced to log sequence 254
ORA-31437: duplicate change set DATA_TS01
Starting background process VKTM
RMAN-06447: changed proxy copy available
ARC0: Archival started
ARC0: Archival started
Autotune of undo retention is turned on.
Archived Log entry 759 added for thread 1 sequence 5466
Archived Log entry 645 added for thread 1 sequence 1799
Current log# 688 seq# 3033 mem# 0
ORA-01226: file header of log member is inconsistent with other members
SUCCESS: diskgroup DATA was mounted
Undo initialization finished
Archived Log entry 318 added for thread 1 sequence 3946
ARC0: Archival started
Thread 1 advanced to log sequence 802
EXP-00037: Export views not compatible with database version
SUCCESS: diskgroup DATA was mounted
Redo thread mounted read/write
ORA-12704: character set mismatch
Instance shutdown complete
Undo initialization finished
Archived Log entry 417 added for thread 1 sequence 9823
Archived Log entry 616 added for thread 1 sequence 1046
KUP-04077: unknown format specifier in file name ttstandby01
Current log# 360 seq# 8196 mem# 0
Redo thread mounted read/write
SUCCESS: diskgroup DATA was mounted
ORA-02471: SYSDATE, UID, USER, ROWNUM, or LEVEL incorrectly used in hash expre\ssion.
Current log# 394 seq# 9738 mem# 0
Undo initialization finished
Beginning log switch checkpoint up to RBA
RMAN-20245: can not specify db_unique_name option in nocatalog mode
Undo initialization finished
Redo thread mounted read/write
Archived Log entry 133 added for thread 1 sequence 9169
ARC0: Archival started
Undo initialization finished
Instance shutdown complete
ORA-42033: interim table " _SYSSMU7$ "." CRM.CALL_DETAIL_RECORDS " cannot have Flashback Data Archive enabled
Beginning log switch checkpoint up to RBA
SUCCESS: diskgroup DATA was mounted
Undo initialization finished
Autotune of undo retention is turned on.
Redo thread mounted read/write
RMAN-08306: channel /u01/app/oracle/oradata/ttprod/users01.dbf : datafile checking complete, elapsed time: ttstandby01
ORA-13487: SRID not found for source coordinate system metadata
Instance shutdown complete
Autotune of undo retention is turned on.
Archived Log entry 887 added for thread 1 sequence 5322
Autotune of undo retention is turned on.
Archived Log entry 888 added for thread 1 sequence 1489
RMAN-03020: asynchronous RPC test will take 1 minute
Autotune of undo retention is turned on.
SUCCESS: diskgroup DATA was mounted
Archived Log entry 604 added for thread 1 sequence 1231
ORA-15108: missing or invalid template name
Errors in file /u01/app/oracle/diag/rdbms/ttprod/ttprod1/trace/ttprod1_ora_92289.trc
NZE-29104: Cannot add certificate request.
Redo thread mounted read/write
ARC0: Archival started
OCI-01880: the fractional seconds must be between 0 and 999999999
Completed checkpoint up to RBA
Instance shutdown complete
PGU-00380: procedural option required for this statement
Thread 1 advanced to log sequence 883
Starting background process VKTM
Current log# 555 seq# 7351 mem# 0
Redo thread mounted read/write
Starting background process VKTM
DIA-48472: Invalid product name
Errors in file /u01/app/oracle/diag/rdbms/ttprod/ttprod1/trace/ttprod1_ora_45143.trc
Autotune of undo retention is turned on.
Thread 1 advanced to log sequence 74
Undo initialization finished
Undo initialization finished
ORA-09920: Unable to get sensitivity label from connection
Thread 1 advanced to log sequence 57
ORA-26789: Cannot split propagation shared pool because only one propagation originates from its source queue " TNS_ADMIN "." /u01/app/oracle/oradata/ttprod/users01.dbf "
Autotune of undo retention is turned on.
Redo thread mounted read/write
Completed checkpoint up to RBA
ARC0: Archival started
Autotune of undo retention is turned on.
ORA-12992: cannot drop parent key column
Undo initialization finished
ORA-32484: duplicate name found in cycle column list for CYCLE clause of WITH clause
Autotune of undo retention is turned on.
Thread 1 advanced to log sequence 498
ORA-39902: Subpartitioned table SP2-0552 . CDR_STAGING is partially contained in the transportable set.
Errors in file /u01/app/oracle/diag/rdbms/ttprod/ttprod1/trace/ttprod1_ora_91037.trc
Autotune of undo retention is turned on.
Starting background process VKTM
Thread 1 advanced to log sequence 432
DRG-11142: 5000 cannot be BILLING.CUST_ORDERS
SUCCESS: diskgroup DATA was mounted
ARC0: Archival started
Autotune of undo retention is turned on.
ORA-30625: method dispatch on NULL SELF argument is disallowed
Errors in file /u01/app/oracle/diag/rdbms/ttprod/ttprod1/trace/ttprod1_ora_26353.trc
INS-30132: Initial setup required for the execution of installer validations failed on nodes: _SYSSMU12$
Instance shutdown complete
PRCI-01109: Failed to check CRS configuration state for CRS home {0}
ORA-08116: can not acquire dml enough lock(S mode) for online index build
Redo thread mounted read/write
Completed checkpoint up to RBA
Redo thread mounted read/write
Thread 1 advanced to log sequence 8
Thread 1 advanced to log sequence 284
Autotune of undo retention is turned on.
ORA-37082: Invalid percent
RMAN-08629: waiting for resources on Oracle Availability Machine for SP2-0552 channels
Thread 1 advanced to log sequence 23
Undo initialization finished
Completed checkpoint up to RBA
Redo thread mounted read/write
LPX-00008: invalid memory callback
Errors in file /u01/app/oracle/diag/rdbms/ttprod/ttprod1/trace/ttprod1_ora_46396.trc
Current log# 923 seq# 1832 mem# 0
Current log# 292 seq# 1607 mem# 0
QSM-02208: subquery using the NOT IN clause in materialized view
SUCCESS: diskgroup DATA was mounted
Starting background process VKTM
RMAN-07502: List of Files Unknown to the Database
Redo thread mounted read/write
Redo thread mounted read/write
Beginning log switch checkpoint up to RBA
Beginning log switch checkpoint up to RBA
IMG-00544: invalid compressionQuality specified
ARC0: Archival started
ORA-26507: null master connection
Errors in file /u01/app/oracle/diag/rdbms/ttprod/ttprod1/trace/ttprod1_ora_75359.trc
ARC0: Archival started
PCC-00060: Both CURSOR and STATEMENT have AT clauses at line number of file ttstandby01 .
Thread 1 advanced to log sequence 716
Archived Log entry 990 added for thread 1 sequence 1621
Undo initialization finished
ORA-39321: Cannot alter functional index or virtual expression column: TNS_ADMIN
Thread 1 advanced to log sequence 241
Completed checkpoint up to RBA
Instance shutdown complete
ARC0: Archival started
PGA-20934: side information profile 1024 not defined; cannot establish conversation
Autotune of undo retention is turned on.
ARC0: Archival started
SUCCESS: diskgroup DATA was mounted
Completed checkpoint up to RBA
Autotune of undo retention is turned on.
ORA-12664: Services required by server not available on the client
Undo initialization finished
SUCCESS: diskgroup DATA was mounted
Redo thread mounted read/write
Instance shutdown complete
Archived Log entry 910 added for thread 1 sequence 3094
Redo thread mounted read/write
DIA-48323: Specified pathname [ shared pool ] must be inside current ADR home
LPX-00771: missing lock token in UNLOCK request
Autotune of undo retention is turned on.
Beginning log switch checkpoint up to RBA
Starting background process VKTM
Undo initialization finished
ORA-09201: sfcopy: error copying file
Autotune of undo retention is turned on.
Instance shutdown complete
ARC0: Archival started
Current log# 480 seq# 2321 mem# 0
ORA-38492: invalid ALTER INDEX parameters clause " UNDOTBS1 "
Instance shutdown complete
Archived Log entry 901 added for thread 1 sequence 1480
Instance shutdown complete
XOQ-01962: Object " ttstandby01 " has an invalid name.
Autotune of undo retention is turned on.
Completed checkpoint up to RBA
Beginning log switch checkpoint up to RBA
Thread 1 advanced to log sequence 447
Autotune of undo retention is turned on.
ORA-01201: file INVOICE_LINES_IDX header failed to write correctly
Errors in file /u01/app/oracle/diag/rdbms/ttprod/ttprod1/trace/ttprod1_ora_58621.trc
SUCCESS: diskgroup DATA was mounted
Starting background process VKTM
Completed checkpoint up to RBA
NMP-00006: uninitialized SNMP context
Beginning log switch checkpoint up to RBA
Completed checkpoint up to RBA
SUCCESS: diskgroup DATA was mounted
ORA-06544: PL/SQL: internal error, arguments: [ PK_CUSTOMER_ACCOUNTS ], [ _SYSSMU7$ ], [ INVOICE_LINES_IDX ], [ CRM.CALL_DETAIL_RECORDS ], [ DATA_TS01 ], [ session_1123 ], [ /u01/app/oracle/oradata/ttprod/users01.dbf ], [ 1024 ]
Errors in file /u01/app/oracle/diag/rdbms/ttprod/ttprod1/trace/ttprod1_ora_39798.trc
Redo thread mounted read/write
Current log# 427 seq# 4008 mem# 0
ARC0: Archival started
Undo initialization finished
Starting background process VKTM
ORA-30053: invalid upper limit snapshot expression
Archived Log entry 857 added for thread 1 sequence 6211
Redo thread mounted read/write
ARC0: Archival started
Autotune of undo retention is turned on.
Current log# 197 seq# 6053 mem# 0
ORA-46108: Invalid security class targetNamespace or name.
Errors in file /u01/app/oracle/diag/rdbms/ttprod/ttprod1/trace/ttprod1_ora_27121.trc
Beginning log switch checkpoint up to RBA
Starting background process VKTM
Beginning log switch checkpoint up to RBA
Current log# 719 seq# 6156 mem# 0
Instance shutdown complete
Completed checkpoint up to RBA
TNS-12168: TNS:Unable to contact LDAP Directory Server
Beginning log switch checkpoint up to RBA
Undo initialization finished
Autotune of undo retention is turned on.
Undo initialization finished
ORA-37077: (XSMCSESS05) Object workspace object is specified more than once.
Instance shutdown complete
PROT-00045: The specified Oracle Cluster Registry backup location SP2-0552 is inaccessible.
Errors in file /u01/app/oracle/diag/rdbms/ttprod/ttprod1/trace/ttprod1_ora_56965.trc
Instance shutdown complete
Autotune of undo retention is turned on.
SUCCESS: diskgroup DATA was mounted
Undo initialization finished
Current log# 656 seq# 7808 mem# 0
DRG-13804: ctx_tree.register_index() not run for index SP2-0552 and mvdata section PK_CUSTOMER_ACCOUNTS
Errors in file /u01/app/oracle/diag/rdbms/ttprod/ttprod1/trace/ttprod1_ora_50712.trc
Undo initialization finished
Starting background process VKTM
Undo initialization finished
SUCCESS: diskgroup DATA was mounted
Completed checkpoint up to RBA
NNL-00952: Cache lookup failures: number
Current log# 970 seq# 2603 mem# 0
Archived Log entry 23 added for thread 1 sequence 1279
Autotune of undo retention is turned on.
Undo initialization finished
ORA-19768: USING clause only valid with ENABLE CHANGE TRACKING
ORA-56514: DRCP: invalid value for maximum number of connections to Connection broker
Errors in file /u01/app/oracle/diag/rdbms/ttprod/ttprod1/trace/ttprod1_ora_38919.trc
SUCCESS: diskgroup DATA was mounted
Current log# 648 seq# 7780 mem# 0
Undo initialization finished
Autotune of undo retention is turned on.
ORA-10573: Test recovery tested redo from change 3 to PK_CUSTOMER_ACCOUNTS
Beginning log switch checkpoint up to RBA
Archived Log entry 314 added for thread 1 sequence 1864
Starting background process VKTM
ORA-24012: cannot drop QUEUE_TABLE, some queues in ttprod2 have not been dropped
Redo thread mounted read/write
Instance shutdown complete
Instance shutdown complete
PRKR-01078: Database {0} of version {1} cannot be administered using current version of srvctl. Instead run srvctl from {2}
Autotune of undo retention is turned on.
LPX-00282: document cannot have both internal/external and shared DTDs
Archived Log entry 501 added for thread 1 sequence 4330
Thread 1 advanced to log sequence 641
Starting background process VKTM
ORA-32854: propagation job CRM.CALL_DETAIL_RECORDS already exists
Undo initialization finished
Archived Log entry 668 added for thread 1 sequence 9639
Beginning log switch checkpoint up to RBA
Thread 1 advanced to log sequence 232
ARC0: Archival started
NID-00481: DBNEWID - Cancelled.
Current log# 860 seq# 1675 mem# 0
Archived Log entry 195 added for thread 1 sequence 3103
ORA-13227: SDO_LEVEL values for the two index tables do not match
QSM-02177: MV with UNION ALL in a view must match the view's SELECT list
Current log# 63 seq# 5332 mem# 0
Instance shutdown complete
Archived Log entry 274 added for thread 1 sequence 9669
Beginning log switch checkpoint up to RBA
PRCT-01125: The volume device is either set to null or empty
Errors in file /u01/app/oracle/diag/rdbms/ttprod/ttprod1/trace/ttprod1_ora_12835.trc
Starting background process VKTM
Archived Log entry 583 added for thread 1 sequence 7958
ORA-53042: tag 3 is referenced by document: DATA_TS01
Undo initialization finished
Autotune of undo retention is turned on.
ARC0: Archival started
Current log# 435 seq# 2381 mem# 0
Thread 1 advanced to log sequence 765
DRG-11435: primary key value is invalid
Current log# 89 seq# 8190 mem# 0
ORA-09949: Unable to get client operating system privileges
Starting background process VKTM
ORA-06107: NETTCP: ORACLE network server not found
Current log# 491 seq# 8110 mem# 0
Thread 1 advanced to log sequence 294
ORA-07277: spdde: illegal pid passed as argument.
Thread 1 advanced to log sequence 240
Starting background process VKTM
PRKO-02102: Failed to create server pool {0}: {1}
SUCCESS: diskgroup DATA was mounted
Instance shutdown complete
Autotune of undo retention is turned on.
Instance shutdown complete
Completed checkpoint up to RBA
LPX-01022: [XQST0022] The value of a namespace must be a URILiteral.
Undo initialization finished
Completed checkpoint up to RBA
Current log# 350 seq# 6135 mem# 0
Completed checkpoint up to RBA
ORA-19000: missing RELATIONAL keyword
ARC0: Archival started
ORA-12511: TNS:service handler found but it is not accepting connections
Undo initialization finished
PRKC-01005: Problem in removing file from nodes
ARC0: Archival started
Starting background process VKTM
Archived Log entry 862 added for thread 1 sequence 3154
Archived Log entry 510 added for thread 1 sequence 5718
SUCCESS: diskgroup DATA was mounted
TNS-00258: Number of Failed Requests : number
SUCCESS: diskgroup DATA was mounted
NZE-28831: no data unit format
Thread 1 advanced to log sequence 755
Completed checkpoint up to RBA
Redo thread mounted read/write
ARC0: Archival started
LCD-00161: ORACLE error (possible syntax error) parameter [ session_1123 ]
Thread 1 advanced to log sequence 167
Undo initialization finished
Completed checkpoint up to RBA
ORA-14327: Some index [sub]partitions could not be rebuilt
Current log# 195 seq# 4298 mem# 0
Beginning log switch checkpoint up to RBA
Instance shutdown complete
Completed checkpoint up to RBA
ORA-39500: failed to notify CRS of a Startup/Shutdown event for database " SP2-0552 ", instance " INVOICE_LINES_IDX " (ignored)
Current log# 457 seq# 8240 mem# 0
Completed checkpoint up to RBA
Undo initialization finished
ARC0: Archival started
Archived Log entry 939 added for thread 1 sequence 2931
NNL-00910: VERSION SKEW responses sent: number
Archived Log entry 906 added for thread 1 sequence 4330
SUCCESS: diskgroup DATA was mounted
Archived Log entry 636 added for thread 1 sequence 5031
Autotune of undo retention is turned on.
Starting background process VKTM
SUCCESS: diskgroup DATA was mounted
ORA-27073: Trying to close a file which has async I/Os pending to be dequeued
Errors in file /u01/app/oracle/diag/rdbms/ttprod/ttprod1/trace/ttprod1_ora_21746.trc
Current log# 870 seq# 4554 mem# 0
Redo thread mounted read/write
Instance shutdown complete
Undo initialization finished
CRS-04260: Voting file PK_CUSTOMER_ACCOUNTS is already configured
Completed checkpoint up to RBA
ARC0: Archival started
Undo initialization finished
ORA-24344: success with compilation error
CLSU-00201: **** Error stack end ****
Beginning log switch checkpoint up to RBA
ORA-06315: IPA: Invalid connect /u01/app/oracle/oradata/ttprod/users01.dbf
DRG-11444: valid gist maxPercent values are session_1123
Errors in file /u01/app/oracle/diag/rdbms/ttprod/ttprod1/trace/ttprod1_ora_28337.trc
Beginning log switch checkpoint up to RBA
Instance shutdown complete
Redo thread mounted read/write
Completed checkpoint up to RBA
Autotune of undo retention is turned on.
ORA-22346: Type has cyclical dependency. Should use CASCADE option
SUCCESS: diskgroup DATA was mounted
Beginning log switch checkpoint up to RBA
ORA-35020: (QFCHECK02) The analytic workspace and EIF file definitions of workspace object have mismatched dimensioning.
Redo thread mounted read/write
Starting background process VKTM
SUCCESS: diskgroup DATA was mounted
PGU-00310: cannot open parameter file DATA_TS01
Thread 1 advanced to log sequence 979
Thread 1 advanced to log sequence 84
SUCCESS: diskgroup DATA was mounted
Starting background process VKTM
ARC0: Archival started
Thread 1 advanced to log sequence 983
ORA-16804: one or more configuration properties have invalid values
Current log# 800 seq# 8008 mem# 0
Autotune of undo retention is turned on.
INS-35431: Invalid Location Specified for Oracle home.
Undo initialization finished
Starting background process VKTM
ARC0: Archival started
Undo initialization finished
ORA-10575: Give up restoring recovered datafiles to consistent state: out of memory
DRG-13503: POPULATE is not allowed for a local index in create_shadow_index
Starting background process VKTM
Archived Log entry 613 added for thread 1 sequence 3015
NNO-00612: enabling request forwarding
Archived Log entry 810 added for thread 1 sequence 1369
Redo thread mounted read/write
Archived Log entry 433 added for thread 1 sequence 9882
ARC0: Archival started
LPX-01078: [XQST0078]
Undo initialization finished
Redo thread mounted read/write
Autotune of undo retention is turned on.
ARC0: Archival started
Current log# 25 seq# 8845 mem# 0
PLS-00110: bind variable ' BILLING.CUST_ORDERS ' not allowed in this context
TNS-01025: Security 17
Thread 1 advanced to log sequence 845
XOQ-02116: Metadata object id " SP2-0552 " is not valid.
Errors in file /u01/app/oracle/diag/rdbms/ttprod/ttprod1/trace/ttprod1_ora_16760.trc
NNC-00409: temporary name service failure
Instance shutdown complete
Completed checkpoint up to RBA
Beginning log switch checkpoint up to RBA
Archived Log entry 609 added for thread 1 sequence 6855
ORA-48309: illegal incident state transition, [ _SYSSMU12$ ] to [ large pool ]
ORA-39927: Scoped REF constraint between table 1024 . ttprod1 in tablespace session_1123 and table _SYSSMU12$ . CRM.CALL_DETAIL_RECORDS in tablespace large pool .
Errors in file /u01/app/oracle/diag/rdbms/ttprod/ttprod1/trace/ttprod1_ora_46092.trc
Undo initialization finished
Thread 1 advanced to log sequence 997
ARC0: Archival started
ORA-28521: no heterogeneous capability information available
Redo thread mounted read/write
Autotune of undo retention is turned on.
Starting background process VKTM
Beginning log switch checkpoint up to RBA
Beginning log switch checkpoint up to RBA
Beginning log switch checkpoint up to RBA
ORA-36876: (XSTFDSC06) The column datatype 1024 is not supported in OLAP table functions.
Errors in file /u01/app/oracle/diag/rdbms/ttprod/ttprod1/trace/ttprod1_ora_69348.trc
Instance shutdown complete
Starting background process VKTM
ARC0: Archival started
Undo initialization finished
Beginning log switch checkpoint up to RBA
ORA-28178: password not provided by proxy
Thread 1 advanced to log sequence 293
Autotune of undo retention is turned on.
Autotune of undo retention is turned on.
Archived Log entry 68 added for thread 1 sequence 1110
Redo thread mounted read/write
KUP-11015: error in unloading or loading data
Instance shutdown complete
Beginning log switch checkpoint up to RBA
Starting background process VKTM
ARC0: Archival started
Undo initialization finished
CRS-05503: Error creating the eONS subscriber
Starting background process VKTM
SUCCESS: diskgroup DATA was mounted
Beginning log switch checkpoint up to RBA
TNS-12500: TNS:listener failed to start a dedicated server process
SUCCESS: diskgroup DATA was mounted
Current log# 535 seq# 1773 mem# 0
ORA-30338: illegal dimension hierachy name
Thread 1 advanced to log sequence 590
Starting background process VKTM
LSX-00245: invalid ID "~S"
Undo initialization finished
Starting background process VKTM
PCC-00037: Unable to log on to ORACLE with " shared pool ". ORACLE error number: number
Undo initialization finished
Current log# 55 seq# 9558 mem# 0
Beginning log switch checkpoint up to RBA
Current log# 280 seq# 3910 mem# 0
DRG-11481: linguistic feature not enabled
Archived Log entry 547 added for thread 1 sequence 2370
SUCCESS: diskgroup DATA was mounted
Autotune of undo retention is turned on.
Thread 1 advanced to log sequence 724
ORA-10572: Test recovery canceled due to errors
Thread 1 advanced to log sequence 555
Starting background process VKTM
Autotune of undo retention is turned on.
ORA-08182: operation not supported while in Flashback mode
Starting background process VKTM
ARC0: Archival started
Starting background process VKTM
Archived Log entry 631 added for thread 1 sequence 9165
Archived Log entry 140 added for thread 1 sequence 9419
DRG-11724: phrase ttprod1 already exists
Archived Log entry 995 added for thread 1 sequence 4677
Undo initialization finished
Instance shutdown complete
SUCCESS: diskgroup DATA was mounted
Autotune of undo retention is turned on.
RMAN-06805: SET NEWNAME command has not been issued for tempfile CRM.CALL_DETAIL_RECORDS
SUCCESS: diskgroup DATA was mounted
Autotune of undo retention is turned on.
Instance shutdown complete
Beginning log switch checkpoint up to RBA
ORA-01546: tablespace contains active rollback segment ' APP_USER42 '
ARC0: Archival started
Beginning log switch checkpoint up to RBA
Starting background process VKTM
CRS-05013: Agent " TNS_ADMIN " failed to start process " ttstandby01 " for action " DATA_TS01 ": details at " TNS_ADMIN " in " /u01/app/oracle/oradata/ttprod/users01.dbf "
Completed checkpoint up to RBA
Archived Log entry 427 added for thread 1 sequence 6400
ORA-07280: slsget: unable to get process information.
Errors in file /u01/app/oracle/diag/rdbms/ttprod/ttprod1/trace/ttprod1_ora_13596.trc
Thread 1 advanced to log sequence 33
Instance shutdown complete
Completed checkpoint up to RBA
Completed checkpoint up to RBA
SUCCESS: diskgroup DATA was mounted
ORA-06040: NETDNT: invalid login (connect) 17
Autotune of undo retention is turned on.
Instance shutdown complete
Beginning log switch checkpoint up to RBA
Current log# 585 seq# 5445 mem# 0
Thread 1 advanced to log sequence 690
DRG-11809: Partial Content
Errors in file /u01/app/oracle/diag/rdbms/ttprod/ttprod1/trace/ttprod1_ora_78162.trc
Beginning log switch checkpoint up to RBA
Archived Log entry 813 added for thread 1 sequence 2886
Current log# 922 seq# 9705 mem# 0
Current log# 815 seq# 9949 mem# 0
Beginning log switch checkpoint up to RBA
KUP-04051: error processing column PK_CUSTOMER_ACCOUNTS in row number for datafile ttstandby01
SUCCESS: diskgroup DATA was mounted
Thread 1 advanced to log sequence 48
Completed checkpoint up to RBA
Completed checkpoint up to RBA
Current log# 718 seq# 4259 mem# 0
Redo thread mounted read/write
NNL-00501: set|show log_stats_interval [<seconds>] [<server_list>] : set|show the server's statistic counter logging interval
Errors in file /u01/app/oracle/diag/rdbms/ttprod/ttprod1/trace/ttprod1_ora_59699.trc
LPX-00263: couldn't connect to host ~s port ~d
Beginning log switch checkpoint up to RBA
ORA-14132: table cannot be used in EXCHANGE
Current log# 651 seq# 2226 mem# 0
ORA-19174: FORX0001: invalid regular expression flags
Redo thread mounted read/write
Beginning log switch checkpoint up to RBA
Beginning log switch checkpoint up to RBA
Starting background process VKTM
JMS-00181: Invalid value for wait_time
Archived Log entry 468 added for thread 1 sequence 8912
Autotune of undo retention is turned on.
Undo initialization finished
Archived Log entry 998 added for thread 1 sequence 2346
Autotune of undo retention is turned on.
ARC0: Archival started
ORA-30988: Metadata of XML Index corrupted
Thread 1 advanced to log sequence 924
Redo thread mounted read/write
Instance shutdown complete
Instance shutdown complete
Redo thread mounted read/write
ORA-27374: insufficient privileges on event source queue
ORA-14400: inserted partition key does not map to any partition
Errors in file /u01/app/oracle/diag/rdbms/ttprod/ttprod1/trace/ttprod1_ora_15344.trc
Autotune of undo retention is turned on.
Archived Log entry 890 added for thread 1 sequence 3769
Instance shutdown complete
ORA-36221: (XSLPDSC02) LIST number and LIST number have different base dimensions.
Instance shutdown complete
ORA-37095: (XSOBJORG_BAD_MEAS) invalid property " _SYSSMU12$ " specified for measure " APP_USER42 . UNDOTBS1 . large pool "
NNC-00424: invalid address " USERS "
ARC0: Archival started
Archived Log entry 433 added for thread 1 sequence 4615
Redo thread mounted read/write
Redo thread mounted read/write
ARC0: Archival started
ORA-29267: illegal call
Errors in file /u01/app/oracle/diag/rdbms/ttprod/ttprod1/trace/ttprod1_ora_31250.trc
Undo initialization finished
Thread 1 advanced to log sequence 769
PLS-00618: type mismatch found at ' PK_CUSTOMER_ACCOUNTS ' between operands in a NULLIF expression
Instance shutdown complete
Completed checkpoint up to RBA
LSX-00340: improper namespace value for the imported element
Errors in file /u01/app/oracle/diag/rdbms/ttprod/ttprod1/trace/ttprod1_ora_14052.trc
Undo initialization finished
Undo initialization finished
Beginning log switch checkpoint up to RBA
Completed checkpoint up to RBA
ORA-13761: invalid filter
Errors in file /u01/app/oracle/diag/rdbms/ttprod/ttprod1/trace/ttprod1_ora_33516.trc
ORA-13509: error encountered during updates to a AWR table
Undo initialization finished
Starting background process VKTM
Starting background process VKTM
SUCCESS: diskgroup DATA was mounted
ORA-32482: sequence column for SEARCH clause must be different from the cycle mark column for CYCLE clause
Archived Log entry 109 added for thread 1 sequence 9433
Beginning log switch checkpoint up to RBA
Completed checkpoint up to RBA
Redo thread mounted read/write
ORA-01554: transaction concurrency limit reached reason: SYSAUX params: CDR_STAGING , 17
Redo thread mounted read/write
ORA-01604: illegal number range in clause " USERS " of TNS_ADMIN
Thread 1 advanced to log sequence 151
Current log# 792 seq# 5356 mem# 0
Undo initialization finished
SUCCESS: diskgroup DATA was mounted
Redo thread mounted read/write
PRKH-03203: Required password not supplied
Redo thread mounted read/write
Undo initialization finished
Autotune of undo retention is turned on.
Redo thread mounted read/write
LPX-00259: invalid notation declaration
Thread 1 advanced to log sequence 119
Current log# 292 seq# 1235 mem# 0
Beginning log switch checkpoint up to RBA
Autotune of undo retention is turned on.
Completed checkpoint up to RBA
PRKO-02014: The -a option should be specified with -d <dbunique_name> for 'srvctl config database' command
Undo initialization finished
Instance shutdown complete
Archived Log entry 54 added for thread 1 sequence 2149
Completed checkpoint up to RBA
Starting background process VKTM
ORA-07760: slemtr: $open failure
SUCCESS: diskgroup DATA was mounted
Current log# 970 seq# 1115 mem# 0
Starting background process VKTM
Redo thread mounted read/write
Beginning log switch checkpoint up to RBA
ARC0: Archival started
XOQ-00510: NULL key found in hierarchy
ARC0: Archival started
CRS-09107: Start time greater than end time
Undo initialization finished
Thread 1 advanced to log sequence 535
Undo initialization finished
Completed checkpoint up to RBA
PLS-00427: RPC defaults cannot use builtins when versions of STANDARD differ
Archived Log entry 789 added for thread 1 sequence 6851
Instance shutdown complete
Archived Log entry 963 added for thread 1 sequence 6111
Current log# 606 seq# 8740 mem# 0
Completed checkpoint up to RBA
LPX-00653: Output attribute '~S' doesn't have a parent element.
Archived Log entry 770 added for thread 1 sequence 4255
DRG-12404: more than one template 5000 found
Errors in file /u01/app/oracle/diag/rdbms/ttprod/ttprod1/trace/ttprod1_ora_41755.trc
Instance shutdown complete
Redo thread mounted read/write
Completed checkpoint up to RBA
Starting background process VKTM
PRCO-00008: Unable to retrieve local node number
ARC0: Archival started
ORA-04004: MINVALUE must be less than MAXVALUE
Redo thread mounted read/write
Completed checkpoint up to RBA
ORA-06138: NETTCP: error during connection handshake
Errors in file /u01/app/oracle/diag/rdbms/ttprod/ttprod1/trace/ttprod1_ora_42953.trc
Redo thread mounted read/write
Current log# 216 seq# 3933 mem# 0
Autotune of undo retention is turned on.
SUCCESS: diskgroup DATA was mounted
ORA-00742: Log read detects lost write in thread number sequence number block number
Completed checkpoint up to RBA
QSM-02117: missing GROUPING_ID or GROUPING functions on GROUP BY column(s)
SUCCESS: diskgroup DATA was mounted
PRCS-01022: Failed to start Single Client Access Name resources {0}
Thread 1 advanced to log sequence 62
Thread 1 advanced to log sequence 957
SUCCESS: diskgroup DATA was mounted
Instance shutdown complete
Redo thread mounted read/write
ORA-25207: enqueue failed, queue _SYSSMU12$ . SYSAUX is disabled from enqueueing
SUCCESS: diskgroup DATA was mounted
Current log# 972 seq# 5402 mem# 0
ORA-29918: cannot create domain indexes on temporary tables
Autotune of undo retention is turned on.
INS-42004: No free drive letters available
SUCCESS: diskgroup DATA was mounted
ORA-07482: snlmini: cannot create lock manager instance.
Starting background process VKTM
Current log# 650 seq# 6729 mem# 0
PRCA-01036: An Oracle Restart environment-specific API was invoked in an Oracle Clusterware environment.
Completed checkpoint up to RBA
Undo initialization finished
SUCCESS: diskgroup DATA was mounted
Archived Log entry 848 added for thread 1 sequence 4761
TNS-00256: Status of Navigator:
Errors in file /u01/app/oracle/diag/rdbms/ttprod/ttprod1/trace/ttprod1_ora_17521.trc
Completed checkpoint up to RBA
Undo initialization finished
TNS-00085: * reread - ask the process name to reread parameter files
Errors in file /u01/app/oracle/diag/rdbms/ttprod/ttprod1/trace/ttprod1_ora_18679.trc
SUCCESS: diskgroup DATA was mounted
Beginning log switch checkpoint up to RBA
Archived Log entry 1 added for thread 1 sequence 3258
DIA-48600: HM run with name [ UNDOTBS1 ] already exists
Archived Log entry 91 added for thread 1 sequence 1556
TNS-02517: key smaller than requested size
ORA-36223: (XSLPDSC04) object workspace object in IGNORE or DENSE list has illegal type
Current log# 987 seq# 8046 mem# 0
Undo initialization finished
Beginning log switch checkpoint up to RBA
SUCCESS: diskgroup DATA was mounted
Archived Log entry 974 added for thread 1 sequence 2839
DRG-13716: Entity Extraction not enabled
Redo thread mounted read/write
KUP-03009: OCI error getting column name.
Thread 1 advanced to log sequence 148
ARC0: Archival started
Redo thread mounted read/write
Beginning log switch checkpoint up to RBA
Beginning log switch checkpoint up to RBA
Thread 1 advanced to log sequence 317
TNS-04063: Remote administration disabled in the Oracle Connection Manager instance.
Redo thread mounted read/write
Instance shutdown complete
Beginning log switch checkpoint up to RBA
Starting background process VKTM
NNL-00560: Shows or sets the server's request-processing delay
Archived Log entry 121 added for thread 1 sequence 6744
Beginning log switch checkpoint up to RBA
ORA-00129: listener address validation failed ' large pool '
Errors in file /u01/app/oracle/diag/rdbms/ttprod/ttprod1/trace/ttprod1_ora_22285.trc
ORA-01683: unable to extend index ttstandby01 . DATA_TS01 partition USERS by ttstandby01 in tablespace ttprod2
Archived Log entry 736 added for thread 1 sequence 2944
Autotune of undo retention is turned on.
Completed checkpoint up to RBA
DIA-48913: Writing into trace file failed, file size limit [ SYSAUX ] reached
Current log# 739 seq# 1172 mem# 0
SUCCESS: diskgroup DATA was mounted
Instance shutdown complete
Starting background process VKTM
OCI-30184: argument type not compatible with a format code
Autotune of undo retention is turned on.
Beginning log switch checkpoint up to RBA
Undo initialization finished
Current log# 925 seq# 1392 mem# 0
Instance shutdown complete
ORA-14060: data type or length of a table partitioning column may not be changed
Thread 1 advanced to log sequence 904
Archived Log entry 421 added for thread 1 sequence 6022
Beginning log switch checkpoint up to RBA
ORA-44001: invalid schema
Beginning log switch checkpoint up to RBA
ARC0: Archival started
ORA-39932: Extensible Index ttprod1 . TNS_ADMIN not fully contained in the transportable set.
Errors in file /u01/app/oracle/diag/rdbms/ttprod/ttprod1/trace/ttprod1_ora_87017.trc
Archived Log entry 325 added for thread 1 sequence 6748
Undo initialization finished
Thread 1 advanced to log sequence 663
ARC0: Archival started
Thread 1 advanced to log sequence 456
XOQ-02210: Legacy metadata contains invalid mappings.
Errors in file /u01/app/oracle/diag/rdbms/ttprod/ttprod1/trace/ttprod1_ora_36826.trc
Instance shutdown complete
ORA-29394: session id 3 and serial# ttprod2 do not exist
Thread 1 advanced to log sequence 276
ARC0: Archival started
Completed checkpoint up to RBA
DRG-11728: phrase does not have any broader terms of this type
Completed checkpoint up to RBA
Completed checkpoint up to RBA
Beginning log switch checkpoint up to RBA
ARC0: Archival started
SUCCESS: diskgroup DATA was mounted
Starting background process VKTM
NZE-28832: invalid data unit format
PRCS-01017: Failed to configure Single Client Access Name {0}
Thread 1 advanced to log sequence 477
PRCN-03018: Addition of listener version {0} is not allowed using srvctl version {1}
Thread 1 advanced to log sequence 566
Starting background process VKTM
Autotune of undo retention is turned on.
Archived Log entry 728 added for thread 1 sequence 6745
Thread 1 advanced to log sequence 552
Completed checkpoint up to RBA
ORA-03176: BILLING.CUST_ORDERS only works on an open physical standby database
Thread 1 advanced to log sequence 898
Thread 1 advanced to log sequence 810
Completed checkpoint up to RBA
Starting background process VKTM
ORA-23505: Object " ttprod1 "." /u01/app/oracle/oradata/ttprod/users01.dbf " is missing.
Thread 1 advanced to log sequence 546
Thread 1 advanced to log sequence 20
Completed checkpoint up to RBA
ORA-12024: materialized view log on " 3 "." CRM.CALL_DETAIL_RECORDS " does not have primary key columns
Errors in file /u01/app/oracle/diag/rdbms/ttprod/ttprod1/trace/ttprod1_ora_64391.trc
Beginning log switch checkpoint up to RBA
SUCCESS: diskgroup DATA was mounted
Autotune of undo retention is turned on.
Beginning log switch checkpoint up to RBA
ORA-19742: control file is not a backup control file
Beginning log switch checkpoint up to RBA
Current log# 656 seq# 4148 mem# 0
Completed checkpoint up to RBA
Completed checkpoint up to RBA
Beginning log switch checkpoint up to RBA
Redo thread mounted read/write
CLSU-00215: CLSUUS test msg 5: shared pool 2: ttprod1 3: SYSAUX 4: SP2-0552 5: _SYSSMU7$
SUCCESS: diskgroup DATA was mounted
Starting background process VKTM
Current log# 347 seq# 4478 mem# 0
Completed checkpoint up to RBA
PCC-02357: Function calls may not be used as host variable expressions
Errors in file /u01/app/oracle/diag/rdbms/ttprod/ttprod1/trace/ttprod1_ora_75006.trc
Beginning log switch checkpoint up to RBA
Beginning log switch checkpoint up to RBA
Archived Log entry 149 added for thread 1 sequence 1610
Instance shutdown complete
Beginning log switch checkpoint up to RBA
Beginning log switch checkpoint up to RBA
NCR-04016: NCRR: Last interface instance handle
Current log# 566 seq# 9341 mem# 0
ARC0: Archival started
ARC0: Archival started
Thread 1 advanced to log sequence 298
Beginning log switch checkpoint up to RBA
SUCCESS: diskgroup DATA was mounted
ORA-00116: SERVICE_NAMES name is too long
Undo initialization finished
Instance shutdown complete
Completed checkpoint up to RBA
Undo initialization finished
OCI-22609: error 17 during initialization of FDO
Errors in file /u01/app/oracle/diag/rdbms/ttprod/ttprod1/trace/ttprod1_ora_87790.trc
SUCCESS: diskgroup DATA was mounted
Completed checkpoint up to RBA
Undo initialization finished
Undo initialization finished
PCC-01014: "VARYING" not supported with PIC N PICTURE clause
Undo initialization finished
ARC0: Archival started
Autotune of undo retention is turned on.
Current log# 285 seq# 6915 mem# 0
Beginning log switch checkpoint up to RBA
ORA-31536: cannot support encrypted column PK_CUSTOMER_ACCOUNTS in the source table
Autotune of undo retention is turned on.
Instance shutdown complete
Current log# 67 seq# 6544 mem# 0
Thread 1 advanced to log sequence 27
Current log# 60 seq# 3480 mem# 0
ORA-44736: Group name already existed
Archived Log entry 674 added for thread 1 sequence 1900
PRCH-01050: Failed while checking status of ASM "{0}"
Thread 1 advanced to log sequence 689
Thread 1 advanced to log sequence 761
Undo initialization finished
Redo thread mounted read/write
ARC0: Archival started
ORA-25157: Specified block size shared pool is not valid
Errors in file /u01/app/oracle/diag/rdbms/ttprod/ttprod1/trace/ttprod1_ora_74635.trc
Thread 1 advanced to log sequence 7
Beginning log switch checkpoint up to RBA
ORA-19626: backup set type is CRM.CALL_DETAIL_RECORDS - can not be processed by this conversation
Current log# 395 seq# 1212 mem# 0
Archived Log entry 569 added for thread 1 sequence 8919
ARC0: Archival started
ORA-43878: LOB feature unsupported below compatible setting 11.2.0
Autotune of undo retention is turned on.
ARC0: Archival started
Completed checkpoint up to RBA
Archived Log entry 922 added for thread 1 sequence 9541
Current log# 314 seq# 4595 mem# 0
ORA-03138: Connection terminated due to security policy violation
Starting background process VKTM
ORA-00368: checksum error in redo log block
Redo thread mounted read/write
ARC0: Archival started
PLS-00662: Non-external object types containing external mapped attributes are not allowed
ORA-38419: invalid identifier in attribute : NETWORK_OPS.SIM_INVENTORY
Instance shutdown complete
Starting background process VKTM
Autotune of undo retention is turned on.
Redo thread mounted read/write
SUCCESS: diskgroup DATA was mounted
Completed checkpoint up to RBA
ORA-22910: cannot specify schema name for nested tables
Archived Log entry 155 added for thread 1 sequence 7121
Completed checkpoint up to RBA
NNL-01063: Statistic counters next reset in: UNDOTBS1
Archived Log entry 290 added for thread 1 sequence 3489
SUCCESS: diskgroup DATA was mounted
Autotune of undo retention is turned on.
ORA-19606: Cannot copy or restore to snapshot control file
Errors in file /u01/app/oracle/diag/rdbms/ttprod/ttprod1/trace/ttprod1_ora_60106.trc
Starting background process VKTM
Undo initialization finished
ORA-24366: migratable user handle is set in service handle
Errors in file /u01/app/oracle/diag/rdbms/ttprod/ttprod1/trace/ttprod1_ora_81100.trc
Starting background process VKTM
Instance shutdown complete
Archived Log entry 136 added for thread 1 sequence 7828
Autotune of undo retention is turned on.
Starting background process VKTM
ORA-16306: specified table does not have a primary key
Errors in file /u01/app/oracle/diag/rdbms/ttprod/ttprod1/trace/ttprod1_ora_94275.trc
Instance shutdown complete
Beginning log switch checkpoint up to RBA
TNS-01064: Listener configuration changes will not be persistent
ORA-54617: CLIP_PC: invalid Point Cloud; extent is empty
Starting background process VKTM
Redo thread mounted read/write
Completed checkpoint up to RBA
Starting background process VKTM
ORA-06531: Reference to uninitialized collection
Current log# 663 seq# 6338 mem# 0
Undo initialization finished
SUCCESS: diskgroup DATA was mounted
ORA-06530: Reference to uninitialized composite
Errors in file /u01/app/oracle/diag/rdbms/ttprod/ttprod1/trace/ttprod1_ora_81176.trc
Archived Log entry 491 added for thread 1 sequence 3974
Autotune of undo retention is turned on.
OCI-22317: typecode number is not legal as a number type
Thread 1 advanced to log sequence 28
Redo thread mounted read/write
Beginning log switch checkpoint up to RBA
Current log# 356 seq# 6988 mem# 0
Instance shutdown complete
ORA-02477: can not perform parallel direct load on object session_1123
Completed checkpoint up to RBA
Archived Log entry 151 added for thread 1 sequence 6711
Thread 1 advanced to log sequence 257
Current log# 253 seq# 7641 mem# 0
PRCD-01033: The server pool of service {0} is different from the server pool of database {1}
Undo initialization finished
Thread 1 advanced to log sequence 116
ORA-07471: snclrd: name translation error of sgadef.dbf file name.
ORA-14020: this physical attribute may not be specified for a table partition
SUCCESS: diskgroup DATA was mounted
Thread 1 advanced to log sequence 593
SUCCESS: diskgroup DATA was mounted
Beginning log switch checkpoint up to RBA
ORA-23621: Operation corresponding to script 5000 is in progress.
Archived Log entry 915 added for thread 1 sequence 2425
SUCCESS: diskgroup DATA was mounted
Completed checkpoint up to RBA
Starting background process VKTM
Archived Log entry 869 added for thread 1 sequence 4883
Starting background process VKTM
ORA-55452: batch mode not allowed with version-enabled models
Instance shutdown complete
Starting background process VKTM
Instance shutdown complete
ORA-19680: some blocks not recovered. See trace file for details
Errors in file /u01/app/oracle/diag/rdbms/ttprod/ttprod1/trace/ttprod1_ora_24321.trc
Redo thread mounted read/write
ORA-15088: diskgroup creation incomplete
Completed checkpoint up to RBA
Thread 1 advanced to log sequence 831
SUCCESS: diskgroup DATA was mounted
PCB-00638: This attribute is only valid for internal or external LOB types
Undo initialization finished
PROC-00025: Error in the NLS services
ARC0: Archival started
Instance shutdown complete
Archived Log entry 851 added for thread 1 sequence 7310
Beginning log switch checkpoint up to RBA
Completed checkpoint up to RBA
UDE-00017: Data Pump job is already executing.
Archived Log entry 451 added for thread 1 sequence 4126
Current log# 666 seq# 2456 mem# 0
Archived Log entry 237 added for thread 1 sequence 3139
Autotune of undo retention is turned on.
Archived Log entry 709 added for thread 1 sequence 6029
ORA-07578: szprv: $FIND_HELD failure
Completed checkpoint up to RBA
Current log# 782 seq# 1026 mem# 0
Completed checkpoint up to RBA
Undo initialization finished
ORA-22345: recompile type /u01/app/oracle/oradata/ttprod/users01.dbf . SYSAUX before attempting this operation
Thread 1 advanced to log sequence 461
Archived Log entry 752 added for thread 1 sequence 5978
TNS-00139: Internal - Data passed from the Interchange listener is poorly formed
Current log# 766 seq# 6705 mem# 0
Redo thread mounted read/write
Beginning log switch checkpoint up to RBA
RMAN-06908: WARNING: operation will not run in parallel on the allocated channels
SUCCESS: diskgroup DATA was mounted
Autotune of undo retention is turned on.
PRCT-01109: Failed to get diskgroup names for node {0}
Current log# 48 seq# 8010 mem# 0
Instance shutdown complete
Instance shutdown complete
Autotune of undo retention is turned on.
Beginning log switch checkpoint up to RBA
Autotune of undo retention is turned on.
ORA-00080: invalid global area specified by level shared pool
Autotune of undo retention is turned on.
Beginning log switch checkpoint up to RBA
Beginning log switch checkpoint up to RBA
Instance shutdown complete
Archived Log entry 865 added for thread 1 sequence 6928
Thread 1 advanced to log sequence 405
ORA-23333: column ttprod2 is already part of a column group
Errors in file /u01/app/oracle/diag/rdbms/ttprod/ttprod1/trace/ttprod1_ora_99261.trc
Autotune of undo retention is turned on.
Autotune of undo retention is turned on.
Archived Log entry 900 added for thread 1 sequence 6005
Undo initialization finished
ORA-24026: operation failed, queue session_1123 . _SYSSMU7$ has errors
Thread 1 advanced to log sequence 68
Instance shutdown complete
Current log# 574 seq# 9450 mem# 0
Current log# 53 seq# 2112 mem# 0
LPX-00278: invalid ~s proxy "~s"
Redo thread mounted read/write
Thread 1 advanced to log sequence 429
Archived Log entry 710 added for thread 1 sequence 6077
ARC0: Archival started
Undo initialization finished
Completed checkpoint up to RBA
ORA-19594: control file already included as 42
Errors in file /u01/app/oracle/diag/rdbms/ttprod/ttprod1/trace/ttprod1_ora_73515.trc
Instance shutdown complete
SUCCESS: diskgroup DATA was mounted
ORA-31642: the following SQL statement fails: DATA_TS01
Beginning log switch checkpoint up to RBA
Thread 1 advanced to log sequence 711
Thread 1 advanced to log sequence 212
PRVF-05324: Could not find CRS installed on the node "{0}"
Starting background process VKTM
Redo thread mounted read/write
ARC0: Archival started
Undo initialization finished
CRS-05826: Agent ' NETWORK_OPS.SIM_INVENTORY ' could not read environment variable ' 3 '. Details at USERS in _SYSSMU12$ .
Starting background process VKTM
Archived Log entry 708 added for thread 1 sequence 6287
Instance shutdown complete
PRKH-03002: Vendor cluster software error occured in Cluster Synchronization Services
Current log# 114 seq# 7856 mem# 0
EXP-00068: tablespace PK_CUSTOMER_ACCOUNTS is offline
Archived Log entry 994 added for thread 1 sequence 9512
Undo initialization finished
ARC0: Archival started
Beginning log switch checkpoint up to RBA
Autotune of undo retention is turned on.
DIA-48442: The control parameter number exceeds the maximum number [ 5000 ]
Starting background process VKTM
ORA-15088: diskgroup creation incomplete
Completed checkpoint up to RBA
PRVF-05413: Node "{0}" has a time offset of {1} that is beyond permissible limit of {2} from NTP Time Server "{3}"
SUCCESS: diskgroup DATA was mounted
Redo thread mounted read/write
Beginning log switch checkpoint up to RBA
CRS-02583: Value ' number ' must be in the ' number ' - ' number ' range
ORA-24007: invalid value PK_CUSTOMER_ACCOUNTS , MAX_RETRIES should be non-negative integer
Undo initialization finished
SUCCESS: diskgroup DATA was mounted
Undo initialization finished
ARC0: Archival started
SUCCESS: diskgroup DATA was mounted
Archived Log entry 290 added for thread 1 sequence 4157
CRS-00802: Cluster Ready Service aborted due to failure to run as privileged user. Details at _SYSSMU12$ in SYSAUX .
Errors in file /u01/app/oracle/diag/rdbms/ttprod/ttprod1/trace/ttprod1_ora_87135.trc
Autotune of undo retention is turned on.
Starting background process VKTM
SUCCESS: diskgroup DATA was mounted
ARC0: Archival started
Starting background process VKTM
JMS-00138: Producer is closed
Thread 1 advanced to log sequence 449
Thread 1 advanced to log sequence 689
SUCCESS: diskgroup DATA was mounted
Current log# 702 seq# 7495 mem# 0
Archived Log entry 220 added for thread 1 sequence 9844
Archived Log entry 27 added for thread 1 sequence 8783
ORA-16810: multiple errors or warnings detected for the database
Instance shutdown complete
Archived Log entry 693 added for thread 1 sequence 9206
ORA-30766: cannot modify scope for a REF column with a REFERENCES constraint
Current log# 313 seq# 8412 mem# 0
Beginning log switch checkpoint up to RBA
Autotune of undo retention is turned on.
Undo initialization finished
ORA-30442: can not find the definition for filter 17
Completed checkpoint up to RBA
Beginning log switch checkpoint up to RBA
Completed checkpoint up to RBA
SUCCESS: diskgroup DATA was mounted
ORA-07841: sllfop: SYS$OPEN failure
SQL-02133: Unable to initialize process for use with threads
Errors in file /u01/app/oracle/diag/rdbms/ttprod/ttprod1/trace/ttprod1_ora_49671.trc
Archived Log entry 444 added for thread 1 sequence 9271
Instance shutdown complete
Undo initialization finished
Redo thread mounted read/write
Archived Log entry 360 added for thread 1 sequence 1430
KUP-04088: data sampling is not supported by this access driver
ARC0: Archival started
Current log# 830 seq# 4046 mem# 0
Beginning log switch checkpoint up to RBA
ORA-55376: cannot alter or drop column ' APP_USER42 ' because this column owns RDF objects
SUCCESS: diskgroup DATA was mounted
Undo initialization finished
Completed checkpoint up to RBA
ORA-00449: background process ' NETWORK_OPS.SIM_INVENTORY ' unexpectedly terminated with error SP2-0552
ORA-19207: scalar parameter SP2-0552 of XMLELEMENT cannot have an alias.
Beginning log switch checkpoint up to RBA
Completed checkpoint up to RBA
Instance shutdown complete
Beginning log switch checkpoint up to RBA
ORA-32102: invalid OCI handle
Completed checkpoint up to RBA
SUCCESS: diskgroup DATA was mounted
Autotune of undo retention is turned on.
Current log# 870 seq# 1531 mem# 0
Current log# 737 seq# 3128 mem# 0
PRKC-01004: Problem in copying file to nodes
Starting background process VKTM
ORA-13777: invalid list of attribute names
Current log# 279 seq# 2533 mem# 0
Autotune of undo retention is turned on.
ORA-07842: sllfcl: SYS$CLOSE failure
Errors in file /u01/app/oracle/diag/rdbms/ttprod/ttprod1/trace/ttprod1_ora_51010.trc
Undo initialization finished
Redo thread mounted read/write
Redo thread mounted read/write
Beginning log switch checkpoint up to RBA
ORA-16269: PL/SQL procedure skipped due to failure on primary database
Errors in file /u01/app/oracle/diag/rdbms/ttprod/ttprod1/trace/ttprod1_ora_61344.trc
NNL-00038: Distinguished Name syntax error
Instance shutdown complete
Current log# 420 seq# 6843 mem# 0
Instance shutdown complete
Autotune of undo retention is turned on.
Current log# 866 seq# 3357 mem# 0
ARC0: Archival started
ORA-36840: (XSLMGEN10) Cube ttprod2 . _SYSSMU12$ has no measures
Completed checkpoint up to RBA
Beginning log switch checkpoint up to RBA
Current log# 906 seq# 2909 mem# 0
Current log# 81 seq# 1216 mem# 0
OCI-22321: method does not return any result
Current log# 246 seq# 9605 mem# 0
ORA-29875: failed in the execution of the ODCIINDEXINSERT routine
Instance shutdown complete
Completed checkpoint up to RBA
SUCCESS: diskgroup DATA was mounted
Starting background process VKTM
Thread 1 advanced to log sequence 668
ARC0: Archival started
RMAN-03032: this option of set command needs to be used outside of a run block
SUCCESS: diskgroup DATA was mounted
KUP-04071: record discarded from file CRM.CALL_DETAIL_RECORDS
Archived Log entry 122 added for thread 1 sequence 3065
Undo initialization finished
Instance shutdown complete
RDE-02000: invalid service type: " SP2-0552 "
Instance shutdown complete
ORA-30374: materialized view is already fresh
Errors in file /u01/app/oracle/diag/rdbms/ttprod/ttprod1/trace/ttprod1_ora_99011.trc
Undo initialization finished
ORA-01653: unable to extend table /u01/app/oracle/oradata/ttprod/users01.dbf . CDR_STAGING by DATA_TS01 in tablespace /u01/app/oracle/oradata/ttprod/users01.dbf
Errors in file /u01/app/oracle/diag/rdbms/ttprod/ttprod1/trace/ttprod1_ora_43391.trc
Thread 1 advanced to log sequence 960
Starting background process VKTM
ARC0: Archival started
Current log# 868 seq# 4773 mem# 0
ORA-19295: XQST0060: It is a static error if the name of a function in a function declaration is not in a namespace (expanded QName has a null namespace URI)
Errors in file /u01/app/oracle/diag/rdbms/ttprod/ttprod1/trace/ttprod1_ora_65331.trc
Undo initialization finished
Starting background process VKTM
DRG-12434: connection failed using configuration 5000 information
Errors in file /u01/app/oracle/diag/rdbms/ttprod/ttprod1/trace/ttprod1_ora_53059.trc
Thread 1 advanced to log sequence 154
Beginning log switch checkpoint up to RBA
RMAN-06468: Invalid Data Block Address: number
Errors in file /u01/app/oracle/diag/rdbms/ttprod/ttprod1/trace/ttprod1_ora_26856.trc
Thread 1 advanced to log sequence 572
Undo initialization finished
ORA-07847: sllfop: $CONNECT failure
Archived Log entry 736 added for thread 1 sequence 2968
Beginning log switch checkpoint up to RBA
Redo thread mounted read/write
ORA-44505: QMEL: Invalid arguments.
Thread 1 advanced to log sequence 223
Beginning log switch checkpoint up to RBA
ARC0: Archival started
PRKC-01164: invalid command or arguments
Undo initialization finished
Autotune of undo retention is turned on.
Archived Log entry 722 added for thread 1 sequence 3452
ORA-29821: specified primary operator does not exist
Instance shutdown complete
Current log# 318 seq# 3631 mem# 0
ORA-16002: database already open for read/write access by another instance
Errors in file /u01/app/oracle/diag/rdbms/ttprod/ttprod1/trace/ttprod1_ora_45169.trc
PRVF-05629: Unable to read file "{0}" copied to local scratch area from node {1}
Undo initialization finished
Completed checkpoint up to RBA
Instance shutdown complete
NZE-28793: variable bind failure
Archived Log entry 953 added for thread 1 sequence 1419
Current log# 160 seq# 4500 mem# 0
Autotune of undo retention is turned on.
DRG-11608: URL store: host portion of APP_USER42 specified incorrectly
Completed checkpoint up to RBA
ARC0: Archival started
Beginning log switch checkpoint up to RBA
ORA-16172: archive logs detected beyond Terminal End-Of-Redo
ORA-16173: incompatible archival network connections active
SUCCESS: diskgroup DATA was mounted
ARC0: Archival started
Thread 1 advanced to log sequence 820
QSM-02079: mv log must have ROWID
Undo initialization finished
Undo initialization finished
Starting background process VKTM
Beginning log switch checkpoint up to RBA
Redo thread mounted read/write
ORA-25267: didnt specify the signature for a reciever non-repudiable queue
Starting background process VKTM
Archived Log entry 842 added for thread 1 sequence 2625
Current log# 356 seq# 8750 mem# 0
Autotune of undo retention is turned on.
PRVF-02413: Failed to retrieve details of the device file "{0}" on nodes:
Thread 1 advanced to log sequence 819
SUCCESS: diskgroup DATA was mounted
Autotune of undo retention is turned on.
RMAN-08605: channel UNDOTBS1 : SID= DATA_TS01 instance= 17 device type= BILLING.CUST_ORDERS
ORA-19154: FOCH0003: unsupported normalization form
SUCCESS: diskgroup DATA was mounted
SUCCESS: diskgroup DATA was mounted
Beginning log switch checkpoint up to RBA
Instance shutdown complete
Starting background process VKTM
ORA-27149: assignment out of range
Autotune of undo retention is turned on.
Archived Log entry 595 added for thread 1 sequence 8680
Completed checkpoint up to RBA
Current log# 148 seq# 3795 mem# 0
CRS-00702: Oracle High Availability Service aborted due to failure to run as privileged user. Details at SP2-0552 in 42 .
Autotune of undo retention is turned on.
Beginning log switch checkpoint up to RBA
PRKO-03081: No such environment variable setting: {0}
Undo initialization finished
Current log# 760 seq# 5403 mem# 0
Instance shutdown complete
Archived Log entry 203 added for thread 1 sequence 2677
Autotune of undo retention is turned on.
Current log# 875 seq# 7180 mem# 0
ORA-00323: Current log of thread 17 not useable and all others need archiving
Errors in file /u01/app/oracle/diag/rdbms/ttprod/ttprod1/trace/ttprod1_ora_19391.trc
SUCCESS: diskgroup DATA was mounted
Undo initialization finished
Archived Log entry 787 added for thread 1 sequence 8833
ORA-55455: rules index status not recognized ( DATA_TS01 )
SUCCESS: diskgroup DATA was mounted
Thread 1 advanced to log sequence 606
Autotune of undo retention is turned on.
Starting background process VKTM
Completed checkpoint up to RBA
Archived Log entry 494 added for thread 1 sequence 7618
RMAN-06743: specification does not match any backup set in the repository
ARC0: Archival started
RMAN-08600: ASM disk group to search: APP_USER42
ARC0: Archival started
Instance shutdown complete
Current log# 331 seq# 9468 mem# 0
SUCCESS: diskgroup DATA was mounted
ORA-40205: invalid setting name TNS_ADMIN
Thread 1 advanced to log sequence 907
Completed checkpoint up to RBA
Undo initialization finished
ORA-19023: The first argument to UPDATEXML operator has to be an XMLTYPE
Starting background process VKTM
Archived Log entry 321 added for thread 1 sequence 4062
Current log# 995 seq# 6709 mem# 0
Instance shutdown complete
ORA-12811: PARALLEL_MIN_SERVERS must be less than or equal to PARALLEL_MAX_SERVERS, 5000
ORA-24015: cannot create QUEUE_TABLE, QUEUE_PAYLOAD_TYPE _SYSSMU12$ . 17 does not exist
ARC0: Archival started
Starting background process VKTM
Beginning log switch checkpoint up to RBA
ORA-64149: Invalid alter XMLIndex operation.
Errors in file /u01/app/oracle/diag/rdbms/ttprod/ttprod1/trace/ttprod1_ora_13580.trc
Redo thread mounted read/write
Completed checkpoint up to RBA
Beginning log switch checkpoint up to RBA
Beginning log switch checkpoint up to RBA
Archived Log entry 977 added for thread 1 sequence 2857
RMAN-06810: specification does not match any datafile copy in the repository
Archived Log entry 537 added for thread 1 sequence 2679
SUCCESS: diskgroup DATA was mounted
Instance shutdown complete
Completed checkpoint up to RBA
ORA-25163: Invalid tablespace number or relative data block address
Errors in file /u01/app/oracle/diag/rdbms/ttprod/ttprod1/trace/ttprod1_ora_89264.trc
Archived Log entry 454 added for thread 1 sequence 5992
ORA-14298: LOB column block size mismatch in ALTER TABLE EXCHANGE [SUB]PARTITION
Starting background process VKTM
Undo initialization finished
Archived Log entry 60 added for thread 1 sequence 2963
Completed checkpoint up to RBA
Beginning log switch checkpoint up to RBA
Undo initialization finished
TNS-12699: Native service internal error
ARC0: Archival started
Redo thread mounted read/write
Completed checkpoint up to RBA
Current log# 14 seq# 7510 mem# 0
ARC0: Archival started
Instance shutdown complete
ORA-08468: mask option large pool is not supported
Archived Log entry 467 added for thread 1 sequence 6270
Undo initialization finished
Beginning log switch checkpoint up to RBA
Autotune of undo retention is turned on.
ARC0: Archival started
Thread 1 advanced to log sequence 151
DRG-52108: failed to delete knowledge base user extension
Beginning log switch checkpoint up to RBA
Instance shutdown complete
Instance shutdown complete
Instance shutdown complete
Current log# 81 seq# 8967 mem# 0
ORA-00496: LMHB process terminated with error
Thread 1 advanced to log sequence 481
Autotune of undo retention is turned on.
SUCCESS: diskgroup DATA was mounted
Redo thread mounted read/write
DRG-11004: duplicate or conflicting value for 42
Instance shutdown complete
Beginning log switch checkpoint up to RBA
TNS-00543: internal error
Completed checkpoint up to RBA
SUCCESS: diskgroup DATA was mounted
Redo thread mounted read/write
Archived Log entry 245 added for thread 1 sequence 4121
Autotune of undo retention is turned on.
SUCCESS: diskgroup DATA was mounted
ORA-29530: could not create shortened name for USERS
Starting background process VKTM
Instance shutdown complete
Instance shutdown complete
Current log# 342 seq# 1435 mem# 0
Thread 1 advanced to log sequence 516
Completed checkpoint up to RBA
QSM-01565: equivalence, 3 , cannot compute measure, SYSAUX , in the query
Autotune of undo retention is turned on.
Undo initialization finished
Redo thread mounted read/write
ORA-32812: subscriber INVOICE_LINES_IDX does not exist
Beginning log switch checkpoint up to RBA
Starting background process VKTM
Thread 1 advanced to log sequence 22
Completed checkpoint up to RBA
XOQ-01927: invalid PrecomputePercent value
Errors in file /u01/app/oracle/diag/rdbms/ttprod/ttprod1/trace/ttprod1_ora_12599.trc
Current log# 487 seq# 4153 mem# 0
Current log# 632 seq# 5354 mem# 0
Completed checkpoint up to RBA
Autotune of undo retention is turned on.
Autotune of undo retention is turned on.
SUCCESS: diskgroup DATA was mounted
ORA-41608: rule class does not exist
SUCCESS: diskgroup DATA was mounted
Beginning log switch checkpoint up to RBA
DRG-51802: failed to read from file: %(1)
Starting background process VKTM
ARC0: Archival started
Autotune of undo retention is turned on.
ORA-27124: unable to detach from shared memory segment
Autotune of undo retention is turned on.
Completed checkpoint up to RBA
ARC0: Archival started
Starting background process VKTM
Beginning log switch checkpoint up to RBA
PCC-02066: CMD-LINE: Could not find or could not open system config file
ORA-06135: NETTCP: connection rejected; server is stopping
Beginning log switch checkpoint up to RBA
Beginning log switch checkpoint up to RBA
RMAN-06501: skipping datafile 42 ; already backed up on ttprod1
Errors in file /u01/app/oracle/diag/rdbms/ttprod/ttprod1/trace/ttprod1_ora_77755.trc
Instance shutdown complete
Autotune of undo retention is turned on.
Instance shutdown complete
PLS-00396: INSERT statement's subquery yields wrong number of columns
PLS-00738: REF target TNS_ADMIN changed during compilation
Archived Log entry 642 added for thread 1 sequence 2515
SUCCESS: diskgroup DATA was mounted
Completed checkpoint up to RBA
Instance shutdown complete
Completed checkpoint up to RBA
ORA-48112: invalid flags for open file, 17
RMAN-20506: no backup of archived log found
Archived Log entry 220 added for thread 1 sequence 3876
SUCCESS: diskgroup DATA was mounted
Completed checkpoint up to RBA
Beginning log switch checkpoint up to RBA
Completed checkpoint up to RBA
PLS-00220: simple name required in this context
ARC0: Archival started
Beginning log switch checkpoint up to RBA
Redo thread mounted read/write
Starting background process VKTM
SUCCESS: diskgroup DATA was mounted
Autotune of undo retention is turned on.
ORA-40201: invalid input parameter ttprod2
Errors in file /u01/app/oracle/diag/rdbms/ttprod/ttprod1/trace/ttprod1_ora_22201.trc
Redo thread mounted read/write
Completed checkpoint up to RBA
ORA-12404: invalid privilege DATA_TS01: PK_CUSTOMER_ACCOUNTS
Errors in file /u01/app/oracle/diag/rdbms/ttprod/ttprod1/trace/ttprod1_ora_58492.trc
Autotune of undo retention is turned on.
ORA-15484: volume ' shared pool ' contains 42 error(s)
Autotune of undo retention is turned on.
Starting background process VKTM
Instance shutdown complete
Archived Log entry 104 added for thread 1 sequence 7233
Completed checkpoint up to RBA
SUCCESS: diskgroup DATA was mounted
RMAN-08028: channel CDR_STAGING : copy current control file failed
Errors in file /u01/app/oracle/diag/rdbms/ttprod/ttprod1/trace/ttprod1_ora_27604.trc
SUCCESS: diskgroup DATA was mounted
Thread 1 advanced to log sequence 229
Instance shutdown complete
SUCCESS: diskgroup DATA was mounted
ORA-25138: TNS_ADMIN initialization parameter has been made obsolete
ARC0: Archival started
Redo thread mounted read/write
Archived Log entry 488 added for thread 1 sequence 8554
Undo initialization finished
Redo thread mounted read/write
PRKO-03226: Upgrade from version {0} to version {1} using 'srvctl upgrade model' command of version {2} is not supported
Autotune of undo retention is turned on.
Autotune of undo retention is turned on.
Starting background process VKTM
SUCCESS: diskgroup DATA was mounted
SUCCESS: diskgroup DATA was mounted
Thread 1 advanced to log sequence 984
CRS-01657: Unable to obtain the voting file discovery large pool; Details at INVOICE_LINES_IDX in BILLING.CUST_ORDERS
Current log# 913 seq# 5306 mem# 0
Completed checkpoint up to RBA
Current log# 572 seq# 8518 mem# 0
Instance shutdown complete
CRS-00253: CRS configuration error, the CRS default directory is not set in Oracle Cluster Registry.
PCB-00227: Undeclared indicator variable " 3 "
Current log# 475 seq# 4104 mem# 0
DRG-11432: file error while accessing knowledge base
Archived Log entry 584 added for thread 1 sequence 7951
Autotune of undo retention is turned on.
Autotune of undo retention is turned on.
Archived Log entry 923 added for thread 1 sequence 6541
Completed checkpoint up to RBA
ARC0: Archival started
CRS-04701: The Cluster Time Synchronization Service is in Active mode.
PRVF-07531: Physical memory check cannot be performed on node "{0}"
Archived Log entry 39 added for thread 1 sequence 6426
ARC0: Archival started
Instance shutdown complete
Thread 1 advanced to log sequence 263
TNS-12592: TNS:bad packet
Errors in file /u01/app/oracle/diag/rdbms/ttprod/ttprod1/trace/ttprod1_ora_58807.trc
SUCCESS: diskgroup DATA was mounted
Redo thread mounted read/write
Archived Log entry 511 added for thread 1 sequence 3737
Redo thread mounted read/write
PGA-20930: invalid SYNCLEVEL, number , specified; valid range is number : number
SUCCESS: diskgroup DATA was mounted
Autotune of undo retention is turned on.
SUCCESS: diskgroup DATA was mounted
Autotune of undo retention is turned on.
Starting background process VKTM
Starting background process VKTM
PRKO-02131: Supplied node {0} must be in the server pool of the policy-managed database {1}
Errors in file /u01/app/oracle/diag/rdbms/ttprod/ttprod1/trace/ttprod1_ora_48230.trc
SUCCESS: diskgroup DATA was mounted
ARC0: Archival started
Thread 1 advanced to log sequence 331
Archived Log entry 254 added for thread 1 sequence 8718
TNS-12531: TNS:cannot allocate memory
Thread 1 advanced to log sequence 129
Current log# 179 seq# 2207 mem# 0
Autotune of undo retention is turned on.
Instance shutdown complete
ORA-54518: shared edge of composite surface not oriented correctly
Beginning log switch checkpoint up to RBA
ARC0: Archival started
Current log# 741 seq# 6404 mem# 0
TNS-12522: TNS:listener could not find available instance with given INSTANCE_ROLE
Errors in file /u01/app/oracle/diag/rdbms/ttprod/ttprod1/trace/ttprod1_ora_69814.trc
Current log# 687 seq# 3037 mem# 0
Undo initialization finished
Autotune of undo retention is turned on.
Completed checkpoint up to RBA
SUCCESS: diskgroup DATA was mounted
Current log# 861 seq# 9655 mem# 0
ORA-26878: inconsistent input LCR (LCR is ' APP_USER42 ' type, expecting ' DATA_TS01 ')
Thread 1 advanced to log sequence 730
Beginning log switch checkpoint up to RBA
ORA-12731: invalid collation class in regular expression
Errors in file /u01/app/oracle/diag/rdbms/ttprod/ttprod1/trace/ttprod1_ora_17331.trc
SUCCESS: diskgroup DATA was mounted
Starting background process VKTM
Autotune of undo retention is turned on.
Beginning log switch checkpoint up to RBA
RMAN-05074: Tablespace CRM.CALL_DETAIL_RECORDS does not exist at specified point-in-time SCN 3
Undo initialization finished
Instance shutdown complete
ORA-14319: DEFAULT cannot be specified with other values
ARC0: Archival started
Starting background process VKTM
Current log# 858 seq# 4560 mem# 0
Beginning log switch checkpoint up to RBA
Completed checkpoint up to RBA
Undo initialization finished
ORA-19684: block media recovery failed because database is suspended
Archived Log entry 284 added for thread 1 sequence 7328
Redo thread mounted read/write
ORA-16789: standby redo logs not configured
Beginning log switch checkpoint up to RBA
Autotune of undo retention is turned on.
ORA-25440: invalid table alias: PK_CUSTOMER_ACCOUNTS
ARC0: Archival started
Autotune of undo retention is turned on.
Current log# 858 seq# 1752 mem# 0
Undo initialization finished
Completed checkpoint up to RBA
ORA-26060: Can not convert type identifier for column _SYSSMU7$
Autotune of undo retention is turned on.
Redo thread mounted read/write
ORA-36874: (XSTFDSC04) Expression ttstandby01 cannot be used to define a column in a LIMITMAP.
Errors in file /u01/app/oracle/diag/rdbms/ttprod/ttprod1/trace/ttprod1_ora_92903.trc
Completed checkpoint up to RBA
Beginning log switch checkpoint up to RBA
DRG-11480: ctxkbtc memory allocation error: %(1)
SUCCESS: diskgroup DATA was mounted
Undo initialization finished
ARC0: Archival started
Beginning log switch checkpoint up to RBA
CRS-01216: Cluster Ready Service could not determine node list. Details at large pool in ttprod1 .
Errors in file /u01/app/oracle/diag/rdbms/ttprod/ttprod1/trace/ttprod1_ora_11205.trc
TNS-00270: UNDOTBS1 : Terminal Error SYSAUX
Starting background process VKTM
ORA-14122: only one REVERSE or NOREVERSE clause may be specified
PRCN-02050: The requested VIP (nodename: {0}, VIP name: {1}, network number: {2}) has the same VIP name but different network number or preferred node than the registered VIP (nodename: {3}, VIP name: {4}, network number: {5}).
SUCCESS: diskgroup DATA was mounted
SUCCESS: diskgroup DATA was mounted
Redo thread mounted read/write
Beginning log switch checkpoint up to RBA
Undo initialization finished
PRCI-01135: Failed to check if path {0} on node {1} is on ACFS
Starting background process VKTM
PLS-00411: Number of values in aggregate and in subquery don't match
Undo initialization finished
Completed checkpoint up to RBA
Completed checkpoint up to RBA
ORA-01655: unable to extend cluster large pool . DATA_TS01 by shared pool in tablespace INVOICE_LINES_IDX
ARC0: Archival started
Completed checkpoint up to RBA
ARC0: Archival started
PRVF-05216: The following GNS resolved IP addresses for "{0}" are not reachable: "{1}"
Errors in file /u01/app/oracle/diag/rdbms/ttprod/ttprod1/trace/ttprod1_ora_71464.trc
Instance shutdown complete
ARC0: Archival started
ARC0: Archival started
Thread 1 advanced to log sequence 431
PRKC-01022: Could not get node name for node {0} in {1}
Current log# 690 seq# 2390 mem# 0
Redo thread mounted read/write
SUCCESS: diskgroup DATA was mounted
SUCCESS: diskgroup DATA was mounted
Completed checkpoint up to RBA
ORA-01107: database must be mounted for media recovery
Errors in file /u01/app/oracle/diag/rdbms/ttprod/ttprod1/trace/ttprod1_ora_40597.trc
ORA-21603: property id [ NETWORK_OPS.SIM_INVENTORY ] is invalid
Beginning log switch checkpoint up to RBA
ARC0: Archival started
Beginning log switch checkpoint up to RBA
Beginning log switch checkpoint up to RBA
KUP-04004: error while reading file 42
Completed checkpoint up to RBA
Starting background process VKTM
Current log# 854 seq# 9215 mem# 0
Thread 1 advanced to log sequence 218
Completed checkpoint up to RBA
Archived Log entry 829 added for thread 1 sequence 9886
PRCR-01043: Failed to update dependent resources {0} of resource {1} to resource {2}
Archived Log entry 263 added for thread 1 sequence 8458
Beginning log switch checkpoint up to RBA
ORA-53111: The repository data model is not loaded.
Autotune of undo retention is turned on.
Beginning log switch checkpoint up to RBA
Thread 1 advanced to log sequence 437
JMS-00143: Queue must be specified
Starting background process VKTM
ORA-23609: unable to find directory object for directory ttstandby01
Errors in file /u01/app/oracle/diag/rdbms/ttprod/ttprod1/trace/ttprod1_ora_97021.trc
Current log# 900 seq# 4551 mem# 0
Autotune of undo retention is turned on.
Completed checkpoint up to RBA
DRG-11624: invalid attribute 3 for DATA_TS01 : proper range 17 to CRM.CALL_DETAIL_RECORDS
Autotune of undo retention is turned on.
Redo thread mounted read/write
Completed checkpoint up to RBA
ARC0: Archival started
Current log# 871 seq# 8318 mem# 0
Instance shutdown complete
CRS-02793: Shutdown of Oracle High Availability Services-managed resources on ' USERS ' has completed
QSM-01207: query rewrite not possible when query has a NOREWRITE hint
Beginning log switch checkpoint up to RBA
Completed checkpoint up to RBA
SUCCESS: diskgroup DATA was mounted
ORA-02075: another instance changed state of transaction _SYSSMU12$
Redo thread mounted read/write
Thread 1 advanced to log sequence 598
RMAN-08183: channel UNDOTBS1 : block restore complete, elapsed time: USERS
Autotune of undo retention is turned on.
Archived Log entry 239 added for thread 1 sequence 3285
Redo thread mounted read/write
Beginning log switch checkpoint up to RBA
Starting background process VKTM
ORA-16523: operation requires the client to connect to instance " 1024 "
Errors in file /u01/app/oracle/diag/rdbms/ttprod/ttprod1/trace/ttprod1_ora_31602.trc
Redo thread mounted read/write
Current log# 33 seq# 9445 mem# 0
Autotune of undo retention is turned on.
Beginning log switch checkpoint up to RBA
Instance shutdown complete
ARC0: Archival started
NZE-29022: Operation is being attempted on the wrong side of the client/server connection.
Errors in file /u01/app/oracle/diag/rdbms/ttprod/ttprod1/trace/ttprod1_ora_57723.trc
Undo initialization finished
Beginning log switch checkpoint up to RBA
Instance shutdown complete
Archived Log entry 157 added for thread 1 sequence 8100
ORA-01876: year must be at least -4713
SUCCESS: diskgroup DATA was mounted
SUCCESS: diskgroup DATA was mounted
SUCCESS: diskgroup DATA was mounted
Starting background process VKTM
Current log# 944 seq# 4546 mem# 0
RMAN-06051: DELETE INPUT option not implemented yet
Redo thread mounted read/write
Autotune of undo retention is turned on.
Thread 1 advanced to log sequence 713
Beginning log switch checkpoint up to RBA
INS-40918: Virtual IP name: _SYSSMU12$ cannot be in IP Address format.
Completed checkpoint up to RBA
Current log# 347 seq# 3668 mem# 0
Instance shutdown complete
Archived Log entry 470 added for thread 1 sequence 8918
ORA-48172: unable to find a valid ADR base
SUCCESS: diskgroup DATA was mounted
Archived Log entry 442 added for thread 1 sequence 7358
CRS-02786: Failed to register server pool ' CDR_STAGING '. Details at session_1123 in BILLING.CUST_ORDERS .
Autotune of undo retention is turned on.
Current log# 777 seq# 9283 mem# 0
Autotune of undo retention is turned on.
Undo initialization finished
PRKH-03011: Cluster Synchronization Services was started but has not completed startup
Undo initialization finished
Undo initialization finished
SUCCESS: diskgroup DATA was mounted
Starting background process VKTM
Archived Log entry 561 added for thread 1 sequence 4171
OCI-31161: element or attribute " SP2-0552 " cannot be stored out of line
SUCCESS: diskgroup DATA was mounted
Autotune of undo retention is turned on.
Instance shutdown complete
PRVF-09657: The CTSS command "{0}" failed to execute correctly or failed to produce valid output on all of the nodes
Autotune of undo retention is turned on.
DRG-51030: wildcard query expansion resulted in too many terms
Archived Log entry 921 added for thread 1 sequence 9055
Current log# 989 seq# 3116 mem# 0
Undo initialization finished
Beginning log switch checkpoint up to RBA
ORA-18120: XUDY0021 - The result XDM instance violates XDM constraints
Thread 1 advanced to log sequence 228
Beginning log switch checkpoint up to RBA
CRS-10017: the number name servers configured on this system exceeds the number maximum allowed
Errors in file /u01/app/oracle/diag/rdbms/ttprod/ttprod1/trace/ttprod1_ora_15338.trc
Redo thread mounted read/write
Current log# 627 seq# 6976 mem# 0
Beginning log switch checkpoint up to RBA
SUCCESS: diskgroup DATA was mounted
Starting background process VKTM
ORA-19140: XPST0083: It is a static error if the target type of a cast expression or constructor function is xs:QName or a type derived from xs:QName or xs:NOTATION, and the argument of the cast expression or constructor function is not a NETWORK_OPS.SIM_INVENTORY literal
Archived Log entry 761 added for thread 1 sequence 9592
Starting background process VKTM
NCR-03004: NCRO: Unknown message
Errors in file /u01/app/oracle/diag/rdbms/ttprod/ttprod1/trace/ttprod1_ora_52032.trc
Archived Log entry 774 added for thread 1 sequence 5457
DRG-11865: News Server Replies
Completed checkpoint up to RBA
Beginning log switch checkpoint up to RBA
Thread 1 advanced to log sequence 460
SUCCESS: diskgroup DATA was mounted
ARC0: Archival started
ORA-36912: (XSAGDNGL48) In AGGMAP workspace object , MODEL workspace object cannot be simultaneous.
Completed checkpoint up to RBA
Archived Log entry 544 added for thread 1 sequence 8769
Archived Log entry 412 added for thread 1 sequence 8088
Archived Log entry 649 added for thread 1 sequence 1001
Undo initialization finished
Undo initialization finished
INS-13015: The path shared pool provided for cvu_prereq.xml is invalid.
ARC0: Archival started
Archived Log entry 349 added for thread 1 sequence 5090
Completed checkpoint up to RBA
Redo thread mounted read/write
Starting background process VKTM
Autotune of undo retention is turned on.
CLSW-00005: Cannot perform cluster wallet operation because one of the parameters is NULL.
Archived Log entry 419 added for thread 1 sequence 9160
Autotune of undo retention is turned on.
Thread 1 advanced to log sequence 610
Autotune of undo retention is turned on.
CRS-02757: Command ' PK_CUSTOMER_ACCOUNTS ' timed out waiting for response from the resource ' 3 '. Details at APP_USER42 in large pool .
Errors in file /u01/app/oracle/diag/rdbms/ttprod/ttprod1/trace/ttprod1_ora_63728.trc
ORA-38743: Time/SCN is in the future of the database.
