Wed Aug 05 00:00:00 2026
Instance shutdown complete
Starting background process VKTM
ORA-39317: Cannot change the segment space management of a tablespace.
Autotune of undo retention is turned on.
ORA-38728: Cannot FLASHBACK DATABASE to the future.
Thread 1 advanced to log sequence 446
SUCCESS: diskgroup DATA was mounted
ORA-01526: error in opening file ' 1024 '
Errors in file /u01/app/oracle/diag/rdbms/ttprod/ttprod1/trace/ttprod1_ora_59544.trc
SUCCESS: diskgroup DATA was mounted
Autotune of undo retention is turned on.
ORA-09714: Two Task interface: cannot obtain puname
Undo initialization finished
Instance shutdown complete
Archived Log entry 10 added for thread 1 sequence 5613
Redo thread mounted read/write
Archived Log entry 904 added for thread 1 sequence 4786
ORA-15302: active use of files owned by user ' _SYSSMU12$ ' precludes its drop
Instance shutdown complete
ORA-40219: apply result table CDR_STAGING is incompatible with current operation
Redo thread mounted read/write
RMAN-05561: CATALOG did not return information about tablespaces with undo segments
Undo initialization finished
Completed checkpoint up to RBA
SUCCESS: diskgroup DATA was mounted
NNO-00329: server will save the config file in number seconds
Errors in file /u01/app/oracle/diag/rdbms/ttprod/ttprod1/trace/ttprod1_ora_83654.trc
Beginning log switch checkpoint up to RBA
SUCCESS: diskgroup DATA was mounted
Starting background process VKTM
ARC0: Archival started
SUCCESS: diskgroup DATA was mounted
ORA-02162: invalid value for MAXDATAFILES
PGU-39604: TG edit var 42 PLS 17
Autotune of undo retention is turned on.
SUCCESS: diskgroup DATA was mounted
Instance shutdown complete
PCC-00051: Size of VARCHAR /u01/app/oracle/oradata/ttprod/users01.dbf is larger than 65533 in line number in file 5000
Errors in file /u01/app/oracle/diag/rdbms/ttprod/ttprod1/trace/ttprod1_ora_36314.trc
Undo initialization finished
Starting background process VKTM
Redo thread mounted read/write
ARC0: Archival started
Autotune of undo retention is turned on.
ORA-07605: szprv: $ASCTOID failure
Current log# 907 seq# 3558 mem# 0
Autotune of undo retention is turned on.
TNS-12518: TNS:listener could not hand off client connection
ARC0: Archival started
Archived Log entry 602 added for thread 1 sequence 3233
Redo thread mounted read/write
SUCCESS: diskgroup DATA was mounted
Undo initialization finished
INS-32037: The operating system group specified for central inventory (oraInventory) ownership is invalid.
Errors in file /u01/app/oracle/diag/rdbms/ttprod/ttprod1/trace/ttprod1_ora_55116.trc
Starting background process VKTM
Completed checkpoint up to RBA
Thread 1 advanced to log sequence 609
ORA-30439: refresh of ' 1024 . SYSAUX ' failed because of ttprod1
Instance shutdown complete
Instance shutdown complete
Completed checkpoint up to RBA
Autotune of undo retention is turned on.
ORA-13472: invalid geometry parameter
Archived Log entry 118 added for thread 1 sequence 8842
Undo initialization finished
Starting background process VKTM
Beginning log switch checkpoint up to RBA
Archived Log entry 902 added for thread 1 sequence 5118
Completed checkpoint up to RBA
TNS-12598: TNS:banner registration failed
Starting background process VKTM
Archived Log entry 53 added for thread 1 sequence 2152
PLS-00748: compilation terminated due to other errors
Errors in file /u01/app/oracle/diag/rdbms/ttprod/ttprod1/trace/ttprod1_ora_87455.trc
Thread 1 advanced to log sequence 226
XOQ-01714: " 42 " failed validation as a non-ragged hierarchy.
Instance shutdown complete
Current log# 478 seq# 1392 mem# 0
SUCCESS: diskgroup DATA was mounted
Redo thread mounted read/write
DRG-11500: column name expected, found ttstandby01 on line 5000
Archived Log entry 914 added for thread 1 sequence 6545
Completed checkpoint up to RBA
Completed checkpoint up to RBA
Redo thread mounted read/write
PRKU-01003: The parameter {0} requires an argument.
Redo thread mounted read/write
Autotune of undo retention is turned on.
SUCCESS: diskgroup DATA was mounted
Completed checkpoint up to RBA
ORA-48118: error encountered with list directory [ large pool ]
Completed checkpoint up to RBA
Starting background process VKTM
SUCCESS: diskgroup DATA was mounted
Starting background process VKTM
ORA-54515: outer rings in a composite surface intersect
Starting background process VKTM
Undo initialization finished
Beginning log switch checkpoint up to RBA
Beginning log switch checkpoint up to RBA
ARC0: Archival started
Redo thread mounted read/write
ORA-10690: Set shadow process core file dump type (Unix only)
Thread 1 advanced to log sequence 278
Undo initialization finished
NID-00306: Datafile 42 - no revert needed
Instance shutdown complete
Autotune of undo retention is turned on.
ARC0: Archival started
Autotune of undo retention is turned on.
Completed checkpoint up to RBA
Autotune of undo retention is turned on.
ORA-44822: QoS Resource Manager plan does not exist in database " SYSAUX "
Beginning log switch checkpoint up to RBA
Autotune of undo retention is turned on.
SUCCESS: diskgroup DATA was mounted
ARC0: Archival started
Autotune of undo retention is turned on.
ORA-29925: cannot execute SYSAUX
Starting background process VKTM
ORA-02293: cannot validate ( 17 . 5000 ) - check constraint violated
Archived Log entry 864 added for thread 1 sequence 6283
Instance shutdown complete
XOQ-01728: Atomic refresh is not supported.
Completed checkpoint up to RBA
SUCCESS: diskgroup DATA was mounted
Completed checkpoint up to RBA
Undo initialization finished
SUCCESS: diskgroup DATA was mounted
Archived Log entry 345 added for thread 1 sequence 4361
ORA-00105: too many dispatcher configurations
Redo thread mounted read/write
Starting background process VKTM
SUCCESS: diskgroup DATA was mounted
Instance shutdown complete
Archived Log entry 713 added for thread 1 sequence 9722
OCI-22288: file operation APP_USER42 failed ttprod2
SUCCESS: diskgroup DATA was mounted
Current log# 437 seq# 4577 mem# 0
CRS-09110: Cluster Health Monitor repository location not changed as the location provided does not exist on node ttprod1 .
Redo thread mounted read/write
Instance shutdown complete
Redo thread mounted read/write
Beginning log switch checkpoint up to RBA
Beginning log switch checkpoint up to RBA
PRVF-05826: The domain name "{0}" is not valid
Archived Log entry 800 added for thread 1 sequence 1347
Beginning log switch checkpoint up to RBA
Undo initialization finished
Undo initialization finished
Instance shutdown complete
RMAN-05601: Failed to restore original settings to server parameter file
SUCCESS: diskgroup DATA was mounted
Archived Log entry 4 added for thread 1 sequence 9807
Instance shutdown complete
Starting background process VKTM
Starting background process VKTM
ORA-48103: error encountered when attempting to write a file [ 5000 ] [ SP2-0552 ] [ NETWORK_OPS.SIM_INVENTORY ]
SUCCESS: diskgroup DATA was mounted
QSM-02012: a CONNECT BY clause is present
Completed checkpoint up to RBA
Archived Log entry 917 added for thread 1 sequence 4831
ORA-00276: CHANGE keyword specified but no change number given
Undo initialization finished
Thread 1 advanced to log sequence 880
Current log# 643 seq# 7377 mem# 0
RMAN-06462: no backup sets found on device DISK that match specification
Archived Log entry 795 added for thread 1 sequence 6068
Redo thread mounted read/write
Instance shutdown complete
Completed checkpoint up to RBA
Starting background process VKTM
RMAN-06165: datafile INVOICE_LINES_IDX is too old to recover, restore a more recent copy
Instance shutdown complete
Redo thread mounted read/write
Thread 1 advanced to log sequence 958
ORA-33016: (XSAGDNGL07) In AGGMAP workspace object , workspace object is not a valid operator or variable name.
Instance shutdown complete
SUCCESS: diskgroup DATA was mounted
Autotune of undo retention is turned on.
PRVF-07572: Process running check cannot be performed on node "{0}"
Beginning log switch checkpoint up to RBA
Redo thread mounted read/write
Redo thread mounted read/write
Thread 1 advanced to log sequence 381
Completed checkpoint up to RBA
ARC0: Archival started
CRS-09100: Error setting Cluster Health Monitor repository size
ORA-32043: recursive WITH clause needs an initialization branch
Errors in file /u01/app/oracle/diag/rdbms/ttprod/ttprod1/trace/ttprod1_ora_26073.trc
Current log# 658 seq# 2723 mem# 0
LSX-00264: attribute "~S" is prohibited (may not occur)
Current log# 574 seq# 8439 mem# 0
ORA-64117: XMLIndex Exchange Partition: incompatible modes for asynchronous DML
Thread 1 advanced to log sequence 277
Instance shutdown complete
Beginning log switch checkpoint up to RBA
ORA-24314: service handle not initialized
SUCCESS: diskgroup DATA was mounted
Instance shutdown complete
Instance shutdown complete
Current log# 895 seq# 8401 mem# 0
INS-08014: Fully qualified Condition class name is not given.
Errors in file /u01/app/oracle/diag/rdbms/ttprod/ttprod1/trace/ttprod1_ora_54524.trc
Instance shutdown complete
Completed checkpoint up to RBA
Starting background process VKTM
Instance shutdown complete
SUCCESS: diskgroup DATA was mounted
NNO-00301: server will shut down in number seconds
Completed checkpoint up to RBA
Beginning log switch checkpoint up to RBA
Undo initialization finished
Completed checkpoint up to RBA
SUCCESS: diskgroup DATA was mounted
ORA-15117: command only operates on one diskgroup
TNS-00502: Invalid argument
SUCCESS: diskgroup DATA was mounted
Instance shutdown complete
Redo thread mounted read/write
Undo initialization finished
SUCCESS: diskgroup DATA was mounted
Thread 1 advanced to log sequence 161
PROC-00026: Error while accessing the physical storage
Errors in file /u01/app/oracle/diag/rdbms/ttprod/ttprod1/trace/ttprod1_ora_80827.trc
Instance shutdown complete
Beginning log switch checkpoint up to RBA
Current log# 422 seq# 5024 mem# 0
Archived Log entry 423 added for thread 1 sequence 3455
Thread 1 advanced to log sequence 871
Beginning log switch checkpoint up to RBA
RMAN-08154: deleted script: 17
Redo thread mounted read/write
Autotune of undo retention is turned on.
Current log# 575 seq# 4167 mem# 0
Starting background process VKTM
ORA-30039: Cannot drop the undo tablespace
Undo initialization finished
DRG-11836: Expectation Failed
Completed checkpoint up to RBA
Starting background process VKTM
Current log# 294 seq# 1734 mem# 0
Thread 1 advanced to log sequence 941
Beginning log switch checkpoint up to RBA
Starting background process VKTM
ORA-47060: Identity map for Identity large pool . _SYSSMU12$ , Factor Link 42 , 17 already defined for operation _SYSSMU7$ on 5000
Errors in file /u01/app/oracle/diag/rdbms/ttprod/ttprod1/trace/ttprod1_ora_74101.trc
Autotune of undo retention is turned on.
SUCCESS: diskgroup DATA was mounted
Current log# 895 seq# 5121 mem# 0
NNO-00120: line UNDOTBS1 : topology name " DATA_TS01 " not allowed here
ORA-00223: convert file is invalid or incorrect version
Current log# 620 seq# 3273 mem# 0
Beginning log switch checkpoint up to RBA
Archived Log entry 94 added for thread 1 sequence 3745
Current log# 855 seq# 2487 mem# 0
PRVF-10307: IPMI IP address {0} on node {1} is not reachable
Autotune of undo retention is turned on.
ORA-16009: invalid redo transport destination
Redo thread mounted read/write
Completed checkpoint up to RBA
Archived Log entry 399 added for thread 1 sequence 9996
ARC0: Archival started
Redo thread mounted read/write
AUD-00713: internal error while parsing audio data
Completed checkpoint up to RBA
Completed checkpoint up to RBA
Autotune of undo retention is turned on.
PLS-00155: Only a function may be a MAP, ORDER or CONSTRUCTOR method.
PRVF-09801: The storage location "{0}" is not a device, and therefore invalid for running Udev permissions check
Instance shutdown complete
Completed checkpoint up to RBA
NZE-28776: Output buffer supplied is too small.
Starting background process VKTM
Thread 1 advanced to log sequence 465
SUCCESS: diskgroup DATA was mounted
Redo thread mounted read/write
Starting background process VKTM
ORA-48912: The specified trace filename is too long
SUCCESS: diskgroup DATA was mounted
Current log# 899 seq# 6539 mem# 0
Starting background process VKTM
Redo thread mounted read/write
Undo initialization finished
ARC0: Archival started
ORA-16307: TSE key USERS successfully applied
Errors in file /u01/app/oracle/diag/rdbms/ttprod/ttprod1/trace/ttprod1_ora_84479.trc
Current log# 879 seq# 2038 mem# 0
SUCCESS: diskgroup DATA was mounted
Thread 1 advanced to log sequence 743
Autotune of undo retention is turned on.
ORA-02334: cannot infer type for column
Undo initialization finished
ORA-19270: XPDY0050 - treat failed - expected ttstandby01 got session_1123
Errors in file /u01/app/oracle/diag/rdbms/ttprod/ttprod1/trace/ttprod1_ora_86737.trc
ORA-26857: LCR position cannot be null (XID= 3 ).
Completed checkpoint up to RBA
Autotune of undo retention is turned on.
ARC0: Archival started
Completed checkpoint up to RBA
PGU-00372: cannot open/locate input index file, session_1123
Instance shutdown complete
ORA-01275: Operation shared pool is not allowed if standby file management is automatic.
Errors in file /u01/app/oracle/diag/rdbms/ttprod/ttprod1/trace/ttprod1_ora_36171.trc
Starting background process VKTM
Starting background process VKTM
Starting background process VKTM
ARC0: Archival started
Redo thread mounted read/write
Undo initialization finished
RMAN-06220: Creating automatic instance, with SID=' INVOICE_LINES_IDX '
Instance shutdown complete
Thread 1 advanced to log sequence 440
Beginning log switch checkpoint up to RBA
Autotune of undo retention is turned on.
Archived Log entry 433 added for thread 1 sequence 1752
PCB-00320: VARYING host variable " BILLING.CUST_ORDERS " is an Oracle extension
Instance shutdown complete
DIA-48108: invalid value given for the diagnostic_dest init.ora parameter
Thread 1 advanced to log sequence 205
Redo thread mounted read/write
ORA-19632: file name not found in control file
Autotune of undo retention is turned on.
Thread 1 advanced to log sequence 50
Current log# 314 seq# 5851 mem# 0
SUCCESS: diskgroup DATA was mounted
Archived Log entry 270 added for thread 1 sequence 9464
Autotune of undo retention is turned on.
RMAN-04009: WARNING from auxiliary database: 3
Beginning log switch checkpoint up to RBA
Beginning log switch checkpoint up to RBA
ORA-31085: schema " TNS_ADMIN " already registered
Autotune of undo retention is turned on.
PRKO-03142: Option '-i' cannot be used to enable/disable services for policy-managed database {0}
Current log# 246 seq# 1880 mem# 0
Starting background process VKTM
ARC0: Archival started
CRS-01332: Could not get security attribute for system key ' INVOICE_LINES_IDX ' in OLR. Details at 1024 in 42 .
SUCCESS: diskgroup DATA was mounted
Redo thread mounted read/write
Starting background process VKTM
Instance shutdown complete
Undo initialization finished
CRS-08009: reboot advisory log file: 42 contains invalid data (length number , error code number )
Errors in file /u01/app/oracle/diag/rdbms/ttprod/ttprod1/trace/ttprod1_ora_43597.trc
TNS-00223: number number number number
Errors in file /u01/app/oracle/diag/rdbms/ttprod/ttprod1/trace/ttprod1_ora_45002.trc
Thread 1 advanced to log sequence 287
Starting background process VKTM
SUCCESS: diskgroup DATA was mounted
Beginning log switch checkpoint up to RBA
Autotune of undo retention is turned on.
ORA-16739: redo transport service for standby database " 5000 " is running
Errors in file /u01/app/oracle/diag/rdbms/ttprod/ttprod1/trace/ttprod1_ora_71554.trc
Starting background process VKTM
Starting background process VKTM
SUCCESS: diskgroup DATA was mounted
Thread 1 advanced to log sequence 656
Beginning log switch checkpoint up to RBA
PRCH-01025: Failed to start SCAN Listener
Current log# 907 seq# 8976 mem# 0
Redo thread mounted read/write
Beginning log switch checkpoint up to RBA
Completed checkpoint up to RBA
Beginning log switch checkpoint up to RBA
INS-30701: The partition is invalid.
Errors in file /u01/app/oracle/diag/rdbms/ttprod/ttprod1/trace/ttprod1_ora_66675.trc
Redo thread mounted read/write
Completed checkpoint up to RBA
Archived Log entry 164 added for thread 1 sequence 3482
Instance shutdown complete
Autotune of undo retention is turned on.
Thread 1 advanced to log sequence 115
DIA-48173: error checking directory existence during ADR initialization [ _SYSSMU12$ ]
Archived Log entry 537 added for thread 1 sequence 6635
Undo initialization finished
Starting background process VKTM
Beginning log switch checkpoint up to RBA
Current log# 549 seq# 6980 mem# 0
Starting background process VKTM
ORA-12510: TNS:database temporarily lacks resources to handle the request
ORA-16211: unsupported record found in the archived redo log
Completed checkpoint up to RBA
Undo initialization finished
Thread 1 advanced to log sequence 33
SUCCESS: diskgroup DATA was mounted
ORA-32348: revalidate summary object based on user input
Completed checkpoint up to RBA
Starting background process VKTM
Current log# 32 seq# 2228 mem# 0
Undo initialization finished
Current log# 984 seq# 6704 mem# 0
Autotune of undo retention is turned on.
ORA-19135: XQST0075: An implementation that does not support the Validation Feature must raise a static error if it encounters a validate expression
Instance shutdown complete
ORA-30485: missing ORDER BY expression in the window specification
Current log# 431 seq# 8730 mem# 0
Autotune of undo retention is turned on.
Archived Log entry 352 added for thread 1 sequence 5462
Redo thread mounted read/write
ARC0: Archival started
ORA-13714: " UNDOTBS1 " is not a valid SQL_ID value
Starting background process VKTM
Thread 1 advanced to log sequence 432
SUCCESS: diskgroup DATA was mounted
ORA-13796: invalid value CRM.CALL_DETAIL_RECORDS specified for problem type
ORA-00237: snapshot operation disallowed: control file newly created
Beginning log switch checkpoint up to RBA
Beginning log switch checkpoint up to RBA
ORA-01224: group number in header TNS_ADMIN does not match GROUP SYSAUX
ARC0: Archival started
ARC0: Archival started
Archived Log entry 866 added for thread 1 sequence 1810
Undo initialization finished
ARC0: Archival started
Redo thread mounted read/write
ORA-06580: Hash Join ran out of memory while keeping large rows in memory
ARC0: Archival started
Undo initialization finished
Completed checkpoint up to RBA
Starting background process VKTM
Thread 1 advanced to log sequence 23
ORA-06802: TLI Driver: could not open the /etc/netware/yellowpages file
Redo thread mounted read/write
Redo thread mounted read/write
Redo thread mounted read/write
SUCCESS: diskgroup DATA was mounted
ORA-46051: Invalid XS user specified
Thread 1 advanced to log sequence 641
ORA-07721: scgcm: not enough OS resource to obtain system enqueue
Current log# 862 seq# 5773 mem# 0
Archived Log entry 11 added for thread 1 sequence 3568
Completed checkpoint up to RBA
Completed checkpoint up to RBA
Archived Log entry 816 added for thread 1 sequence 9056
ARC0: Archival started
PRCT-01124: Received empty result while getting volume device for mountpoint {0} on the local node
ORA-16745: unable to add DB_UNIQUE_NAME " INVOICE_LINES_IDX " into the DG_CONFIG list because it is full
ARC0: Archival started
Completed checkpoint up to RBA
Redo thread mounted read/write
ORA-01426: numeric overflow
Beginning log switch checkpoint up to RBA
ORA-12152: TNS:unable to send break message
Autotune of undo retention is turned on.
ARC0: Archival started
NZE-29141: Cannot import in the der format.
Redo thread mounted read/write
ARC0: Archival started
Starting background process VKTM
Completed checkpoint up to RBA
ORA-01285: error reading file ttprod1
Errors in file /u01/app/oracle/diag/rdbms/ttprod/ttprod1/trace/ttprod1_ora_67334.trc
Thread 1 advanced to log sequence 622
Autotune of undo retention is turned on.
Beginning log switch checkpoint up to RBA
Thread 1 advanced to log sequence 488
SUCCESS: diskgroup DATA was mounted
ORA-08457: syntax error in SEPARATE CHARACTER option of SIGN clause
Autotune of undo retention is turned on.
ORA-38602: FI invalid input cursor
ORA-51001: check [ USERS ] not found in HM catalog
Undo initialization finished
ORA-55354: Policy APP_USER42 does not exist or is inaccessible
Errors in file /u01/app/oracle/diag/rdbms/ttprod/ttprod1/trace/ttprod1_ora_26215.trc
SUCCESS: diskgroup DATA was mounted
Undo initialization finished
Redo thread mounted read/write
Completed checkpoint up to RBA
Redo thread mounted read/write
OCI-22601: pickler TDS context [ 1024 ] is not initialized
Current log# 482 seq# 6992 mem# 0
Thread 1 advanced to log sequence 741
Thread 1 advanced to log sequence 101
Beginning log switch checkpoint up to RBA
RDE-00009: data too large for buffer. Buffer length: number . Required: number .
ORA-28340: a different encryption algorithm has been chosen for the table
Current log# 233 seq# 1315 mem# 0
Archived Log entry 922 added for thread 1 sequence 2235
Starting background process VKTM
Completed checkpoint up to RBA
Autotune of undo retention is turned on.
CRS-02585: Deletion of built-in resource types is not allowed
Undo initialization finished
SUCCESS: diskgroup DATA was mounted
Starting background process VKTM
ORA-28028: could not authenticate remote server
RMAN-03015: error occurred in stored script _SYSSMU7$
Starting background process VKTM
SUCCESS: diskgroup DATA was mounted
Completed checkpoint up to RBA
Redo thread mounted read/write
Beginning log switch checkpoint up to RBA
LPX-00101: parameter-entity markup cannot be split up
CLST-02302: failure _SYSSMU12$ validating configuration of private interconnect name 3
Errors in file /u01/app/oracle/diag/rdbms/ttprod/ttprod1/trace/ttprod1_ora_85073.trc
Autotune of undo retention is turned on.
PRCT-01051: Failed to parse the output returned by kfod for node {0} when executing kfod at location {1}
ORA-29957: cannot create a function-based domain index on a PK_CUSTOMER_ACCOUNTS table
SUCCESS: diskgroup DATA was mounted
PRCT-01128: ACFS is not supported on this operating system
Beginning log switch checkpoint up to RBA
Autotune of undo retention is turned on.
RMAN-05048: specified file name ttprod1 conflicts with a file used by the target database
Undo initialization finished
ARC0: Archival started
ARC0: Archival started
Thread 1 advanced to log sequence 77
NZE-29184: ldap_result failed
Archived Log entry 53 added for thread 1 sequence 7392
Thread 1 advanced to log sequence 489
Instance shutdown complete
Completed checkpoint up to RBA
Undo initialization finished
Beginning log switch checkpoint up to RBA
ORA-03248: Too much of segment creation activity during migration
Errors in file /u01/app/oracle/diag/rdbms/ttprod/ttprod1/trace/ttprod1_ora_91305.trc
TNS-00134: Missing COMMUNITY component in addresses for the Navigator in TNSNAV.ORA
Instance shutdown complete
Autotune of undo retention is turned on.
Undo initialization finished
Thread 1 advanced to log sequence 493
Thread 1 advanced to log sequence 491
ORA-41700: a conditions table already exists for the event structure
Completed checkpoint up to RBA
Instance shutdown complete
Thread 1 advanced to log sequence 595
LPX-00278: invalid ~s proxy "~s"
SUCCESS: diskgroup DATA was mounted
ORA-54019: Virtual column expression cannot be changed because it is a partitioning column
Errors in file /u01/app/oracle/diag/rdbms/ttprod/ttprod1/trace/ttprod1_ora_49989.trc
Instance shutdown complete
Autotune of undo retention is turned on.
Archived Log entry 976 added for thread 1 sequence 2181
Completed checkpoint up to RBA
Archived Log entry 129 added for thread 1 sequence 9774
ORA-19284: Encoding specification in version declaration not supported
ORA-51007: parameter [ ttprod2 ] not registered with this check
ARC0: Archival started
ARC0: Archival started
ARC0: Archival started
Completed checkpoint up to RBA
ORA-33022: (XSAGDNGL10) The measure dimension workspace object must be a TEXT or ID base dimension that does not dimension AGGMAP workspace object , but is in the same analytic workspace.
Errors in file /u01/app/oracle/diag/rdbms/ttprod/ttprod1/trace/ttprod1_ora_77602.trc
Beginning log switch checkpoint up to RBA
ORA-30092: function not allowed at this stage of DST upgrade process
Instance shutdown complete
CRS-04685: Failed to set logfilesize number for Cluster Synchronization Services.
Beginning log switch checkpoint up to RBA
Instance shutdown complete
Thread 1 advanced to log sequence 797
Redo thread mounted read/write
Archived Log entry 706 added for thread 1 sequence 2912
INS-32116: The location specified may contain already downloaded software updates. Downloading at this location will overwrite the existing software updates.
ORA-01611: thread number ttprod1 is invalid - must be between 1 and shared pool
Thread 1 advanced to log sequence 383
Instance shutdown complete
NCR-03007: NCRO: Context is busy
Errors in file /u01/app/oracle/diag/rdbms/ttprod/ttprod1/trace/ttprod1_ora_10028.trc
Redo thread mounted read/write
Redo thread mounted read/write
Redo thread mounted read/write
ORA-39030: invalid file type UNDOTBS1
SUCCESS: diskgroup DATA was mounted
Autotune of undo retention is turned on.
Archived Log entry 326 added for thread 1 sequence 2592
Undo initialization finished
CRS-04221: Must specify a password
Undo initialization finished
Starting background process VKTM
Completed checkpoint up to RBA
Starting background process VKTM
Redo thread mounted read/write
XOQ-01936: invalid partition dimension for SPARSE_GLOBAL cube
Starting background process VKTM
ARC0: Archival started
Archived Log entry 815 added for thread 1 sequence 6341
Instance shutdown complete
ORA-24270: a row already exists in the /u01/app/oracle/oradata/ttprod/users01.dbf table for these parameters
ORA-62007: encountered a value of unsupported type or size for XPath ( UNDOTBS1 )
Completed checkpoint up to RBA
Autotune of undo retention is turned on.
Current log# 375 seq# 3905 mem# 0
Thread 1 advanced to log sequence 435
PRCD-01205: Failed to update policy-managed database {0} to use server pools {1}
ARC0: Archival started
Thread 1 advanced to log sequence 461
Thread 1 advanced to log sequence 831
Starting background process VKTM
Starting background process VKTM
Completed checkpoint up to RBA
ORA-07470: snclget: cannot get cluster number.
ORA-51190: Internal error [ 17 ], [ /u01/app/oracle/oradata/ttprod/users01.dbf ] from DBMS_IR
Errors in file /u01/app/oracle/diag/rdbms/ttprod/ttprod1/trace/ttprod1_ora_75331.trc
Archived Log entry 497 added for thread 1 sequence 6769
Beginning log switch checkpoint up to RBA
Redo thread mounted read/write
Redo thread mounted read/write
ARC0: Archival started
Instance shutdown complete
PRCT-01135: This platform does not support a default location for "{0}"
Beginning log switch checkpoint up to RBA
Undo initialization finished
Instance shutdown complete
Autotune of undo retention is turned on.
Beginning log switch checkpoint up to RBA
ORA-48190: OS unlink system call failure
Autotune of undo retention is turned on.
ARC0: Archival started
Undo initialization finished
PLS-00114: identifier ' NETWORK_OPS.SIM_INVENTORY ' too long
SUCCESS: diskgroup DATA was mounted
PLS-00161: Pragma CDR_STAGING expects 3rd argument to be an identifier or a 42 literal
Redo thread mounted read/write
TNS-00544: unsupported operation
ARC0: Archival started
Thread 1 advanced to log sequence 743
Starting background process VKTM
ORA-24775: cannot prepare or commit transaction with non-zero lock value
Autotune of undo retention is turned on.
ARC0: Archival started
Starting background process VKTM
Instance shutdown complete
TNS-00106: Failed to open log file
ORA-36170: (XSMXAGGR12) The data type of the WEIGHT workspace object must be numeric or BOOLEAN, not _SYSSMU12$ .
Thread 1 advanced to log sequence 569
Thread 1 advanced to log sequence 911
Starting background process VKTM
Redo thread mounted read/write
Undo initialization finished
ORA-02020: too many database links in use
Errors in file /u01/app/oracle/diag/rdbms/ttprod/ttprod1/trace/ttprod1_ora_54621.trc
Current log# 845 seq# 8671 mem# 0
Thread 1 advanced to log sequence 300
Redo thread mounted read/write
Undo initialization finished
ORA-48340: operation not supported on view [ UNDOTBS1 ]
Thread 1 advanced to log sequence 371
Autotune of undo retention is turned on.
Undo initialization finished
Instance shutdown complete
ARC0: Archival started
CLST-02301: failure 5000 validating configuration of node 3
Starting background process VKTM
Redo thread mounted read/write
Undo initialization finished
Thread 1 advanced to log sequence 950
Starting background process VKTM
Undo initialization finished
ORA-09853: snyRemovePort: bad return code from request.
Current log# 144 seq# 1682 mem# 0
Thread 1 advanced to log sequence 769
Instance shutdown complete
Instance shutdown complete
ORA-16102: remote information is not available on the specified primary
Starting background process VKTM
CRS-10043: DNS daemon is not listening on port number at address DATA_TS01
Archived Log entry 102 added for thread 1 sequence 5474
SUCCESS: diskgroup DATA was mounted
Completed checkpoint up to RBA
Instance shutdown complete
PRCS-01058: INTERNAL ERROR: unsupported query type: "${0}"
Errors in file /u01/app/oracle/diag/rdbms/ttprod/ttprod1/trace/ttprod1_ora_52497.trc
Archived Log entry 653 added for thread 1 sequence 5070
Starting background process VKTM
ARC0: Archival started
Beginning log switch checkpoint up to RBA
ORA-27613: Smart I/O failed due to an I/O error on the cell " 3 ". disk: " SYSAUX ", block: " _SYSSMU7$ ", disk offset: " TNS_ADMIN " I/O size: " APP_USER42 "
Undo initialization finished
ORA-00277: illegal option to the UNTIL recovery flag CRM.CALL_DETAIL_RECORDS
Redo thread mounted read/write
Redo thread mounted read/write
Archived Log entry 787 added for thread 1 sequence 6810
Thread 1 advanced to log sequence 613
SUCCESS: diskgroup DATA was mounted
SUCCESS: diskgroup DATA was mounted
QSM-02184: Expression to enable PCT cannot be rolled up
Thread 1 advanced to log sequence 603
Beginning log switch checkpoint up to RBA
Autotune of undo retention is turned on.
Redo thread mounted read/write
Instance shutdown complete
ORA-30486: invalid window aggregation group in the window specification
Thread 1 advanced to log sequence 437
Instance shutdown complete
Archived Log entry 456 added for thread 1 sequence 3084
Beginning log switch checkpoint up to RBA
Starting background process VKTM
ORA-14023: creation of GLOBAL partitioned cluster indices is not supported
Errors in file /u01/app/oracle/diag/rdbms/ttprod/ttprod1/trace/ttprod1_ora_15196.trc
Autotune of undo retention is turned on.
Instance shutdown complete
Autotune of undo retention is turned on.
Starting background process VKTM
Instance shutdown complete
ORA-39143: dump file " 42 " may be an original export dump file
SUCCESS: diskgroup DATA was mounted
INS-13012: Automatic prerequisite fix up is not performed or is incomplete.
ARC0: Archival started
XOQ-02016: cannot add a dynamic model to the cube's consistent solve specification.
Errors in file /u01/app/oracle/diag/rdbms/ttprod/ttprod1/trace/ttprod1_ora_32439.trc
Starting background process VKTM
SUCCESS: diskgroup DATA was mounted
Archived Log entry 418 added for thread 1 sequence 7863
Instance shutdown complete
ORA-27606: Smart I/O failed because the diskgroup was found to be unmounted. tablespace number: " BILLING.CUST_ORDERS ", file number: " PK_CUSTOMER_ACCOUNTS "
Beginning log switch checkpoint up to RBA
Archived Log entry 745 added for thread 1 sequence 7647
Archived Log entry 929 added for thread 1 sequence 9998
RMAN-01008: the bad identifier was: large pool
ORA-53434: Not a DICOM object.
Redo thread mounted read/write
ORA-02161: invalid value for MAXLOGFILES
Autotune of undo retention is turned on.
Undo initialization finished
XOQ-00600: internal error code, arguments: [ NETWORK_OPS.SIM_INVENTORY ], [ ttprod1 ], [ 42 ], [ shared pool ], [ shared pool ], [ USERS ], [ 3 ], [ 1024 ]
ARC0: Archival started
Current log# 953 seq# 7824 mem# 0
Archived Log entry 524 added for thread 1 sequence 5207
ARC0: Archival started
Redo thread mounted read/write
Thread 1 advanced to log sequence 822
ORA-30744: " UNDOTBS1 " is not an object table
Current log# 59 seq# 4939 mem# 0
DIA-48189: OS command to create directory failed
Errors in file /u01/app/oracle/diag/rdbms/ttprod/ttprod1/trace/ttprod1_ora_96325.trc
Starting background process VKTM
Autotune of undo retention is turned on.
Archived Log entry 657 added for thread 1 sequence 9315
SUCCESS: diskgroup DATA was mounted
ORA-15746: Missing EXECUTE privilege on DBMS_AUTO_SQLTUNE.
Beginning log switch checkpoint up to RBA
RMAN-06082: datafile copy tag BILLING.CUST_ORDERS is ambiguous
Errors in file /u01/app/oracle/diag/rdbms/ttprod/ttprod1/trace/ttprod1_ora_63460.trc
ARC0: Archival started
Completed checkpoint up to RBA
ORA-47391: attempt to set Factor INVOICE_LINES_IDX violates Rule Set ttprod2
Autotune of undo retention is turned on.
Beginning log switch checkpoint up to RBA
NZE-28806: Cannot write to the data source.
Archived Log entry 110 added for thread 1 sequence 1113
PCC-02107: You may not specify PARSE = FULL when CODE = CPP
ORA-28379: a different integrity algorithm has been chosen for the table
Archived Log entry 587 added for thread 1 sequence 4100
PGU-41085: transaction definition PK_CUSTOMER_ACCOUNTS version number deleted from PG DD
Current log# 937 seq# 9523 mem# 0
Instance shutdown complete
Beginning log switch checkpoint up to RBA
PCC-00088: User defined type identifier expected
Beginning log switch checkpoint up to RBA
Autotune of undo retention is turned on.
DRG-11324: fast optimize not supported for separate_offsets option
Errors in file /u01/app/oracle/diag/rdbms/ttprod/ttprod1/trace/ttprod1_ora_58377.trc
Beginning log switch checkpoint up to RBA
INS-41515: Insufficient space in shared file system for voting disk file.
Errors in file /u01/app/oracle/diag/rdbms/ttprod/ttprod1/trace/ttprod1_ora_30013.trc
Autotune of undo retention is turned on.
ARC0: Archival started
Archived Log entry 275 added for thread 1 sequence 1568
ORA-31517: CDC change table TNS_ADMIN . DATA_TS01 already exists
Errors in file /u01/app/oracle/diag/rdbms/ttprod/ttprod1/trace/ttprod1_ora_91402.trc
Redo thread mounted read/write
Instance shutdown complete
Redo thread mounted read/write
SUCCESS: diskgroup DATA was mounted
Redo thread mounted read/write
ARC0: Archival started
NDFN-00025: 17 failed for node 5000
Errors in file /u01/app/oracle/diag/rdbms/ttprod/ttprod1/trace/ttprod1_ora_59907.trc
Redo thread mounted read/write
Current log# 296 seq# 9748 mem# 0
ARC0: Archival started
Redo thread mounted read/write
DIA-48224: DDL has occurred since parse - reparse [ 5000 ] [ 3 ] [ large pool ]
Errors in file /u01/app/oracle/diag/rdbms/ttprod/ttprod1/trace/ttprod1_ora_96899.trc
Instance shutdown complete
Autotune of undo retention is turned on.
Starting background process VKTM
ORA-01539: tablespace ' CDR_STAGING ' is not online
Beginning log switch checkpoint up to RBA
Thread 1 advanced to log sequence 753
ORA-01645: previous attempt to make read write is half complete
Instance shutdown complete
Beginning log switch checkpoint up to RBA
ORA-37182: you may only specify one dimension to partition
Current log# 419 seq# 6682 mem# 0
ARC0: Archival started
Starting background process VKTM
Current log# 721 seq# 9285 mem# 0
ORA-16956: Only SELECT or DML statements are supported for test execute.
Starting background process VKTM
Current log# 92 seq# 7292 mem# 0
Starting background process VKTM
Current log# 179 seq# 8047 mem# 0
ARC0: Archival started
Archived Log entry 251 added for thread 1 sequence 1843
ORA-02330: datatype specification not allowed
Errors in file /u01/app/oracle/diag/rdbms/ttprod/ttprod1/trace/ttprod1_ora_36749.trc
Autotune of undo retention is turned on.
EXP-00107: Feature ( BILLING.CUST_ORDERS ) of column _SYSSMU7$ in table 17 . ttprod1 is not supported. The table will not be exported.
Autotune of undo retention is turned on.
Completed checkpoint up to RBA
ARC0: Archival started
NID-00504: LOGFILE Output Log (NONE)
ARC0: Archival started
Undo initialization finished
CRS-09062: Error BILLING.CUST_ORDERS : Error in changing log level
QSM-02203: PCT FAST REFRESH is not possible if query has set operand query blocks
Autotune of undo retention is turned on.
Undo initialization finished
Thread 1 advanced to log sequence 979
ORA-30044: 'Retention' can only specified for undo tablespace
Errors in file /u01/app/oracle/diag/rdbms/ttprod/ttprod1/trace/ttprod1_ora_45171.trc
Instance shutdown complete
Completed checkpoint up to RBA
INS-32027: The ORACLE_HOME environment variable is currently set and this value is not same as the specified path for software location. This will impact the proper configuration of software.
Current log# 371 seq# 1136 mem# 0
Completed checkpoint up to RBA
Thread 1 advanced to log sequence 641
LRM-00120: ' session_1123 ' is not a legal Oracle number for ' CDR_STAGING '
Current log# 748 seq# 5853 mem# 0
Instance shutdown complete
Archived Log entry 317 added for thread 1 sequence 1489
Completed checkpoint up to RBA
ARC0: Archival started
ORA-44707: No source language translation found
Errors in file /u01/app/oracle/diag/rdbms/ttprod/ttprod1/trace/ttprod1_ora_49039.trc
Archived Log entry 479 added for thread 1 sequence 7849
Current log# 972 seq# 4365 mem# 0
Undo initialization finished
Autotune of undo retention is turned on.
Completed checkpoint up to RBA
PCC-02135: CMD-LINE: User asked for help
Archived Log entry 184 added for thread 1 sequence 4946
Starting background process VKTM
ARC0: Archival started
Completed checkpoint up to RBA
Completed checkpoint up to RBA
Instance shutdown complete
RDE-00000: no error
PCC-02321: only subtraction between two pointers is permitted
Completed checkpoint up to RBA
DRG-11133: failed to convert a datatime value [ora- number ]
Redo thread mounted read/write
Current log# 991 seq# 3193 mem# 0
Current log# 47 seq# 6962 mem# 0
ORA-19763: compatibility version ttstandby01 is higher than maximum allowed: NETWORK_OPS.SIM_INVENTORY
Errors in file /u01/app/oracle/diag/rdbms/ttprod/ttprod1/trace/ttprod1_ora_83428.trc
Instance shutdown complete
Starting background process VKTM
Current log# 156 seq# 7562 mem# 0
Current log# 403 seq# 3963 mem# 0
KUP-11008: conversion error loading table session_1123 . session_1123 partition large pool
ARC0: Archival started
Instance shutdown complete
Completed checkpoint up to RBA
ARC0: Archival started
ORA-32140: cannot peform this operation on stream
Beginning log switch checkpoint up to RBA
Starting background process VKTM
Starting background process VKTM
Autotune of undo retention is turned on.
CRS-01308: Oracle High Availability Service terminating, unable to start successfully. Details at DATA_TS01 in 5000 .
Errors in file /u01/app/oracle/diag/rdbms/ttprod/ttprod1/trace/ttprod1_ora_21464.trc
ORA-26672: timeout occurred while stopping ttprod1 process 5000
Thread 1 advanced to log sequence 811
Undo initialization finished
QSM-01121: materialized view, /u01/app/oracle/oradata/ttprod/users01.dbf , is TRUSTED in ENFORCED integrity mode
ARC0: Archival started
SUCCESS: diskgroup DATA was mounted
ARC0: Archival started
Undo initialization finished
Thread 1 advanced to log sequence 457
Instance shutdown complete
ORA-55316: model ttprod1 does not match model session_1123 for table and column
Instance shutdown complete
Archived Log entry 635 added for thread 1 sequence 6213
XOQ-01707: Oracle job " SP2-0552 " failed while executing slave build " UNDOTBS1 " with error " 5000 ".
Completed checkpoint up to RBA
Autotune of undo retention is turned on.
ARC0: Archival started
ORA-49436: Date conversion error [ large pool ]
Instance shutdown complete
Current log# 109 seq# 6628 mem# 0
ORA-31497: invalid value specified for first_scn
Autotune of undo retention is turned on.
Completed checkpoint up to RBA
Thread 1 advanced to log sequence 6
XOQ-02523: unsupported data type " NETWORK_OPS.SIM_INVENTORY "
ARC0: Archival started
Redo thread mounted read/write
Instance shutdown complete
Archived Log entry 539 added for thread 1 sequence 5125
Completed checkpoint up to RBA
Redo thread mounted read/write
DRG-10862: _SYSSMU7$ attribute cannot be used with CTXRULE indexes
Errors in file /u01/app/oracle/diag/rdbms/ttprod/ttprod1/trace/ttprod1_ora_36340.trc
Starting background process VKTM
Redo thread mounted read/write
NNL-00516: Displays complete server status
SUCCESS: diskgroup DATA was mounted
SUCCESS: diskgroup DATA was mounted
Thread 1 advanced to log sequence 160
Autotune of undo retention is turned on.
SUCCESS: diskgroup DATA was mounted
ORA-19152: FOCH0001 = FOCH0001: codepoint not valid
Errors in file /u01/app/oracle/diag/rdbms/ttprod/ttprod1/trace/ttprod1_ora_98160.trc
SUCCESS: diskgroup DATA was mounted
Starting background process VKTM
Undo initialization finished
Redo thread mounted read/write
PLS-00384: type mismatch found at ' ttprod1 ' in UPDATE's SET clause
Errors in file /u01/app/oracle/diag/rdbms/ttprod/ttprod1/trace/ttprod1_ora_66456.trc
Undo initialization finished
ARC0: Archival started
Completed checkpoint up to RBA
Completed checkpoint up to RBA
Autotune of undo retention is turned on.
INS-40711: Cluster Name is blank.
Instance shutdown complete
PRCN-03009: Failed to retrieve log file attribute for {0} resource
Archived Log entry 249 added for thread 1 sequence 2072
ORA-07404: sfareq: Timeout occurred waiting for request to complete.
Redo thread mounted read/write
Redo thread mounted read/write
Undo initialization finished
SUCCESS: diskgroup DATA was mounted
Current log# 321 seq# 4724 mem# 0
Redo thread mounted read/write
PRKH-03401: An improper buffer argument was supplied to an internal interface
Completed checkpoint up to RBA
Completed checkpoint up to RBA
Completed checkpoint up to RBA
RMAN-08549: database name (or database unique name) used for search: APP_USER42
Archived Log entry 980 added for thread 1 sequence 5879
Thread 1 advanced to log sequence 969
Autotune of undo retention is turned on.
Autotune of undo retention is turned on.
Archived Log entry 107 added for thread 1 sequence 3559
Thread 1 advanced to log sequence 265
RMAN-05070: Running TRANSPORT_SET_CHECK on recovery set tablespaces
Instance shutdown complete
ARC0: Archival started
Undo initialization finished
ARC0: Archival started
Beginning log switch checkpoint up to RBA
ORA-07845: sllfcl: LIB$FREE_VM failue
Beginning log switch checkpoint up to RBA
Thread 1 advanced to log sequence 655
ORA-16540: invalid argument
Redo thread mounted read/write
ORA-40101: Data Mining System Error DATA_TS01 - PK_CUSTOMER_ACCOUNTS - USERS
Autotune of undo retention is turned on.
Archived Log entry 266 added for thread 1 sequence 7573
Redo thread mounted read/write
PLS-00167: keyword BULK is used in a wrong context
Redo thread mounted read/write
ORA-57000: TimesTen IMDB error: DATA_TS01
Errors in file /u01/app/oracle/diag/rdbms/ttprod/ttprod1/trace/ttprod1_ora_39420.trc
Beginning log switch checkpoint up to RBA
Beginning log switch checkpoint up to RBA
Beginning log switch checkpoint up to RBA
Beginning log switch checkpoint up to RBA
Current log# 963 seq# 8726 mem# 0
ORA-15278: external redundancy diskgroup requires at least one regular disk
Instance shutdown complete
Autotune of undo retention is turned on.
Archived Log entry 237 added for thread 1 sequence 9807
Current log# 940 seq# 8788 mem# 0
Beginning log switch checkpoint up to RBA
Starting background process VKTM
ORA-25463: table alias not specified
Archived Log entry 910 added for thread 1 sequence 4782
Instance shutdown complete
Beginning log switch checkpoint up to RBA
ORA-13755: invalid "SQL Tuning Set" name
Archived Log entry 671 added for thread 1 sequence 8786
Instance shutdown complete
SUCCESS: diskgroup DATA was mounted
Thread 1 advanced to log sequence 129
ORA-48461: "describe" failed due to the following errors
Errors in file /u01/app/oracle/diag/rdbms/ttprod/ttprod1/trace/ttprod1_ora_30154.trc
Completed checkpoint up to RBA
Undo initialization finished
Redo thread mounted read/write
Redo thread mounted read/write
RDJ-00008: invalid number specified:
Archived Log entry 541 added for thread 1 sequence 3451
Autotune of undo retention is turned on.
Archived Log entry 626 added for thread 1 sequence 8109
Thread 1 advanced to log sequence 688
Completed checkpoint up to RBA
Current log# 689 seq# 5161 mem# 0
DRG-13901: Index must have stage_itab
PGU-00302: not connected to a database
Beginning log switch checkpoint up to RBA
Beginning log switch checkpoint up to RBA
Current log# 291 seq# 7943 mem# 0
SUCCESS: diskgroup DATA was mounted
ORA-55477: policy with dependent models may not be dropped
Starting background process VKTM
Redo thread mounted read/write
KUP-11013: internal number in header in file SP2-0552 is not valid
Errors in file /u01/app/oracle/diag/rdbms/ttprod/ttprod1/trace/ttprod1_ora_19150.trc
Autotune of undo retention is turned on.
Undo initialization finished
Redo thread mounted read/write
ARC0: Archival started
Instance shutdown complete
Redo thread mounted read/write
CRS-01716: The CSS daemon cannot join the cluster because the software version CRM.CALL_DETAIL_RECORDS is lower than the active version ttprod1 ; Details at BILLING.CUST_ORDERS in session_1123
Autotune of undo retention is turned on.
Autotune of undo retention is turned on.
Beginning log switch checkpoint up to RBA
Undo initialization finished
ORA-36620: (XSAGMODDIM01) MODEL workspace object cannot find the matching embedded model.
Undo initialization finished
Beginning log switch checkpoint up to RBA
Completed checkpoint up to RBA
Archived Log entry 453 added for thread 1 sequence 4107
ORA-06803: TLI Driver: the IPX device file could not be opened
Starting background process VKTM
DIA-49423: File outside ADR not allowed
Redo thread mounted read/write
Beginning log switch checkpoint up to RBA
Thread 1 advanced to log sequence 652
Beginning log switch checkpoint up to RBA
RMAN-06083: error when loading stored script /u01/app/oracle/oradata/ttprod/users01.dbf
Autotune of undo retention is turned on.
Current log# 860 seq# 5059 mem# 0
ORA-26032: index 5000 . NETWORK_OPS.SIM_INVENTORY loading aborted after session_1123 keys
Errors in file /u01/app/oracle/diag/rdbms/ttprod/ttprod1/trace/ttprod1_ora_62357.trc
ARC0: Archival started
TNS-04069: Sleeping for number seconds...
Archived Log entry 629 added for thread 1 sequence 4522
Completed checkpoint up to RBA
Thread 1 advanced to log sequence 105
SUCCESS: diskgroup DATA was mounted
ORA-15504: cannot start workload capture because instance shared pool not present in RESTRICTED SESSION mode
Errors in file /u01/app/oracle/diag/rdbms/ttprod/ttprod1/trace/ttprod1_ora_10920.trc
Instance shutdown complete
PCC-02413: Number of attributes does not match number of host variables
Errors in file /u01/app/oracle/diag/rdbms/ttprod/ttprod1/trace/ttprod1_ora_66385.trc
Starting background process VKTM
Completed checkpoint up to RBA
Redo thread mounted read/write
Archived Log entry 317 added for thread 1 sequence 4152
Archived Log entry 77 added for thread 1 sequence 5566
Autotune of undo retention is turned on.
ORA-13109: spatial table ttprod2 exists
RMAN-06921: Convert database check failed
Redo thread mounted read/write
Completed checkpoint up to RBA
ARC0: Archival started
Instance shutdown complete
Undo initialization finished
Completed checkpoint up to RBA
ORA-30018: Create Rollback Segment failed, USN 3 is out of range
Autotune of undo retention is turned on.
Undo initialization finished
ORA-01214: MAXLOGHISTORY may not exceed 1024
SUCCESS: diskgroup DATA was mounted
Current log# 90 seq# 4838 mem# 0
INS-40940: Nodes : _SYSSMU7$ are not in the domain : _SYSSMU12$
Starting background process VKTM
Completed checkpoint up to RBA
Instance shutdown complete
Archived Log entry 186 added for thread 1 sequence 8077
Current log# 830 seq# 5873 mem# 0
ORA-22293: LOB already opened in the same transaction
INS-35255: Invalid password.
Starting background process VKTM
Instance shutdown complete
Thread 1 advanced to log sequence 919
Autotune of undo retention is turned on.
ORA-15001: diskgroup " ttprod1 " does not exist or is not mounted
Errors in file /u01/app/oracle/diag/rdbms/ttprod/ttprod1/trace/ttprod1_ora_60972.trc
Autotune of undo retention is turned on.
Redo thread mounted read/write
Current log# 35 seq# 5924 mem# 0
ORA-48159: invalid input for ADR product type
SUCCESS: diskgroup DATA was mounted
QSM-02068: relation is not a partitioned table
Redo thread mounted read/write
ORA-55633: Cannot do DDL on Flashback Data Archive enabled table
Beginning log switch checkpoint up to RBA
Current log# 499 seq# 4439 mem# 0
Thread 1 advanced to log sequence 109
Thread 1 advanced to log sequence 961
ORA-13525: error with computing space usage for sysaux occupant
Errors in file /u01/app/oracle/diag/rdbms/ttprod/ttprod1/trace/ttprod1_ora_96790.trc
ARC0: Archival started
Autotune of undo retention is turned on.
Completed checkpoint up to RBA
Redo thread mounted read/write
ORA-14081: new partition name must differ from the old partition name
Beginning log switch checkpoint up to RBA
Undo initialization finished
Completed checkpoint up to RBA
Redo thread mounted read/write
Instance shutdown complete
Thread 1 advanced to log sequence 169
INS-32055: The Central Inventory is located in the Oracle base.
Beginning log switch checkpoint up to RBA
ARC0: Archival started
Undo initialization finished
Undo initialization finished
Current log# 492 seq# 5863 mem# 0
Autotune of undo retention is turned on.
ORA-32504: expecting one of CDR_STAGING , _SYSSMU12$ , TNS_ADMIN , or 1024 but found BILLING.CUST_ORDERS
Thread 1 advanced to log sequence 952
Instance shutdown complete
ORA-32418: COMMIT SCN keyword only appears in CREATE MATERIALIZED VIEW LOG statement
ARC0: Archival started
ARC0: Archival started
OCI-22975: cannot create a PRIMARY KEY-based REF to this object view
ORA-01642: begin backup not needed for read-only tablespace ' ttstandby01 '
Instance shutdown complete
SUCCESS: diskgroup DATA was mounted
Starting background process VKTM
Archived Log entry 698 added for thread 1 sequence 7884
Archived Log entry 855 added for thread 1 sequence 3142
Current log# 416 seq# 7604 mem# 0
ORA-25406: could not generate a connect address
Errors in file /u01/app/oracle/diag/rdbms/ttprod/ttprod1/trace/ttprod1_ora_54946.trc
Autotune of undo retention is turned on.
Current log# 653 seq# 1722 mem# 0
ORA-09951: Unable to create file
Errors in file /u01/app/oracle/diag/rdbms/ttprod/ttprod1/trace/ttprod1_ora_21189.trc
Starting background process VKTM
Current log# 634 seq# 8541 mem# 0
PCC-00062: Must use option SQLCHECK=SEMANTICS(FULL) when there is embedded PL/SQL
Errors in file /u01/app/oracle/diag/rdbms/ttprod/ttprod1/trace/ttprod1_ora_26073.trc
Undo initialization finished
Thread 1 advanced to log sequence 522
OCI-31054: The ttstandby01 operator cannot have an ancillary operator
Beginning log switch checkpoint up to RBA
Completed checkpoint up to RBA
Current log# 631 seq# 4628 mem# 0
SUCCESS: diskgroup DATA was mounted
Beginning log switch checkpoint up to RBA
ORA-02300: invalid value for OIDGENERATORS
Redo thread mounted read/write
Beginning log switch checkpoint up to RBA
Archived Log entry 172 added for thread 1 sequence 9910
Completed checkpoint up to RBA
Undo initialization finished
ORA-01943: IDENTIFIED BY already specified
Beginning log switch checkpoint up to RBA
ARC0: Archival started
Undo initialization finished
ORA-24402: error occured while creating connections in the pool
Undo initialization finished
Completed checkpoint up to RBA
ARC0: Archival started
Autotune of undo retention is turned on.
Thread 1 advanced to log sequence 804
NZE-43019: pkcs11: No certificate found on smart card/HSM label with given cert label
Instance shutdown complete
Thread 1 advanced to log sequence 978
Beginning log switch checkpoint up to RBA
Starting background process VKTM
Autotune of undo retention is turned on.
Redo thread mounted read/write
ORA-02827: Invalid file number
Completed checkpoint up to RBA
ORA-23649: Capture session_1123 is for Audit Vault
Thread 1 advanced to log sequence 112
PCC-02427: Expression is not of the correct character CDR_STAGING type
SUCCESS: diskgroup DATA was mounted
QSM-02053: collection subquery in mv
Archived Log entry 695 added for thread 1 sequence 9295
Thread 1 advanced to log sequence 291
ORA-04933: initial service identifier is non-zero
IMP-00067: Could not convert to server character set's handle
Starting background process VKTM
ARC0: Archival started
Instance shutdown complete
ORA-10916: TABLESPACE GROUP already specified
Errors in file /u01/app/oracle/diag/rdbms/ttprod/ttprod1/trace/ttprod1_ora_53514.trc
Beginning log switch checkpoint up to RBA
Starting background process VKTM
ARC0: Archival started
Archived Log entry 974 added for thread 1 sequence 7400
Autotune of undo retention is turned on.
Archived Log entry 345 added for thread 1 sequence 5359
ORA-38700: Limit of 5000 flashback database logs has been exceeded.
Autotune of undo retention is turned on.
OCI-22140: given size [ _SYSSMU12$ ] must be in the range of 0 to [ SP2-0552 ]
Errors in file /u01/app/oracle/diag/rdbms/ttprod/ttprod1/trace/ttprod1_ora_19062.trc
Current log# 68 seq# 8471 mem# 0
Beginning log switch checkpoint up to RBA
ARC0: Archival started
SUCCESS: diskgroup DATA was mounted
ORA-46003: Column " CDR_STAGING " is not valid in Data Security Document for " session_1123 "
Autotune of undo retention is turned on.
Starting background process VKTM
Redo thread mounted read/write
ARC0: Archival started
Undo initialization finished
SUCCESS: diskgroup DATA was mounted
ORA-19001: Invalid storage option specified
ARC0: Archival started
Thread 1 advanced to log sequence 696
ARC0: Archival started
ARC0: Archival started
Archived Log entry 265 added for thread 1 sequence 7036
ORA-02153: invalid VALUES password APP_USER42
Errors in file /u01/app/oracle/diag/rdbms/ttprod/ttprod1/trace/ttprod1_ora_10300.trc
SUCCESS: diskgroup DATA was mounted
Current log# 310 seq# 4001 mem# 0
SUCCESS: diskgroup DATA was mounted
ORA-64014: directory not empty
ORA-06268: NETNTT: cannot read /etc/oratab
Errors in file /u01/app/oracle/diag/rdbms/ttprod/ttprod1/trace/ttprod1_ora_12631.trc
Undo initialization finished
SUCCESS: diskgroup DATA was mounted
INS-01005: Failed to copy file from 5000 to DATA_TS01
Archived Log entry 226 added for thread 1 sequence 4931
Starting background process VKTM
Completed checkpoint up to RBA
PLS-00432: implementation restriction: cannot use FORALL and BULK COLLECT INTO together in SELECT statements
Redo thread mounted read/write
Undo initialization finished
Autotune of undo retention is turned on.
Thread 1 advanced to log sequence 928
Beginning log switch checkpoint up to RBA
Autotune of undo retention is turned on.
RMAN-05585: Duplicate for standby does not allow the use of UNDO TABLESPACE
Errors in file /u01/app/oracle/diag/rdbms/ttprod/ttprod1/trace/ttprod1_ora_42918.trc
ARC0: Archival started
Current log# 960 seq# 3743 mem# 0
RMAN-06077: datafile 42 is a different version than contained in the control file
Instance shutdown complete
Completed checkpoint up to RBA
Starting background process VKTM
Instance shutdown complete
Beginning log switch checkpoint up to RBA
Completed checkpoint up to RBA
LSX-00002: root element is not <schema>
Completed checkpoint up to RBA
ORA-13788: invalid recommendation type
QSM-02084: DISTINCT clause on a duplicate sensitive aggregate function
Thread 1 advanced to log sequence 528
Completed checkpoint up to RBA
TNS-00074: * status - get statistics from the process_name
TNS-00507: Connection closed
Instance shutdown complete
Archived Log entry 72 added for thread 1 sequence 5865
Thread 1 advanced to log sequence 96
ORA-36154: (XSMXAGGR01) workspace object is not a data variable.
Redo thread mounted read/write
Current log# 625 seq# 9211 mem# 0
ARC0: Archival started
Archived Log entry 631 added for thread 1 sequence 3906
ORA-07709: sksaprs: archiving to a remote host is not allowed
Beginning log switch checkpoint up to RBA
SUCCESS: diskgroup DATA was mounted
Current log# 47 seq# 9990 mem# 0
LFI-00127: No Record Format was specified, default is variable.
Errors in file /u01/app/oracle/diag/rdbms/ttprod/ttprod1/trace/ttprod1_ora_64584.trc
Thread 1 advanced to log sequence 388
Autotune of undo retention is turned on.
Starting background process VKTM
PRVF-05433: The current voting disk state is at high risk
Redo thread mounted read/write
PRCD-01122: Specified server pool {0} for {1} is already hosting an administrator-managed configuration for service(s) {2}
Thread 1 advanced to log sequence 397
Beginning log switch checkpoint up to RBA
Starting background process VKTM
Thread 1 advanced to log sequence 245
Autotune of undo retention is turned on.
ORA-16022: LOG_ARCHIVE_DEST cannot be NULL because LOG_ARCHIVE_DUPLEX_DEST is non-NULL
Undo initialization finished
ORA-19581: no files have been named
Completed checkpoint up to RBA
Beginning log switch checkpoint up to RBA
XOQ-02210: Legacy metadata contains invalid mappings.
Errors in file /u01/app/oracle/diag/rdbms/ttprod/ttprod1/trace/ttprod1_ora_78465.trc
RMAN-06960: EXPDP> session_1123
SUCCESS: diskgroup DATA was mounted
Beginning log switch checkpoint up to RBA
Autotune of undo retention is turned on.
Starting background process VKTM
Undo initialization finished
ARC0: Archival started
PCC-00021: Oracle Error: session_1123
Errors in file /u01/app/oracle/diag/rdbms/ttprod/ttprod1/trace/ttprod1_ora_35837.trc
Undo initialization finished
Instance shutdown complete
ARC0: Archival started
Instance shutdown complete
Autotune of undo retention is turned on.
PGU-41031: parameter ' 42 ' specifies undefined Oracle NLS name ' large pool '
Undo initialization finished
ORA-42035: cannot online redefine IOT table " SP2-0552 "." /u01/app/oracle/oradata/ttprod/users01.dbf " with CONS_USE_ROWID
Archived Log entry 150 added for thread 1 sequence 8794
Redo thread mounted read/write
Starting background process VKTM
SUCCESS: diskgroup DATA was mounted
Current log# 352 seq# 2740 mem# 0
Autotune of undo retention is turned on.
RMAN-05584: Duplicate for standby does not allow the use of NOREDO
Redo thread mounted read/write
ARC0: Archival started
Thread 1 advanced to log sequence 190
ARC0: Archival started
Archived Log entry 520 added for thread 1 sequence 5469
Thread 1 advanced to log sequence 369
ORA-13441: GeoRaster metadata SRS error: 1024
SUCCESS: diskgroup DATA was mounted
Archived Log entry 217 added for thread 1 sequence 8321
Beginning log switch checkpoint up to RBA
ARC0: Archival started
Undo initialization finished
PGU-41103: INFILE parameter was previously specified
SUCCESS: diskgroup DATA was mounted
Current log# 417 seq# 5356 mem# 0
Starting background process VKTM
Current log# 301 seq# 6797 mem# 0
SUCCESS: diskgroup DATA was mounted
ORA-06812: TLI Driver: could not read the ethernet driver's node address
SUCCESS: diskgroup DATA was mounted
Redo thread mounted read/write
Beginning log switch checkpoint up to RBA
Thread 1 advanced to log sequence 322
ORA-30435: job_queue_processes must be non-zero in order to refresh summaries
LPX-01100: [FOCA0003] Input value too large for integer
Errors in file /u01/app/oracle/diag/rdbms/ttprod/ttprod1/trace/ttprod1_ora_24056.trc
Beginning log switch checkpoint up to RBA
Undo initialization finished
Archived Log entry 981 added for thread 1 sequence 5911
Undo initialization finished
ORA-28067: missing or invalid column name
Current log# 82 seq# 1270 mem# 0
SUCCESS: diskgroup DATA was mounted
Redo thread mounted read/write
LSX-00003: invalid attribute "~1S" for element "~2S"
SUCCESS: diskgroup DATA was mounted
ARC0: Archival started
ORA-28073: The column " UNDOTBS1 " has an unsupported data type.
Undo initialization finished
Thread 1 advanced to log sequence 131
SUCCESS: diskgroup DATA was mounted
ORA-33458: (ESDREAD09) Discarding compiled code for workspace object because number is now type SP2-0552 , whereas it was type UNDOTBS1 when the code was compiled.
Starting background process VKTM
ARC0: Archival started
ARC0: Archival started
ORA-02481: Too many processes specified for events (max CRM.CALL_DETAIL_RECORDS )
Errors in file /u01/app/oracle/diag/rdbms/ttprod/ttprod1/trace/ttprod1_ora_76311.trc
SUCCESS: diskgroup DATA was mounted
Autotune of undo retention is turned on.
Undo initialization finished
QSM-01214: query rewrite not possible if OR is the top level operator in query WHERE clause
Thread 1 advanced to log sequence 744
NNL-00810: Queries received with no type: number
ORA-15414: Appliance mode requires at least ttstandby01 failure groups and either large pool or UNDOTBS1 disks in all failure groups.
SUCCESS: diskgroup DATA was mounted
Beginning log switch checkpoint up to RBA
Archived Log entry 318 added for thread 1 sequence 6485
Instance shutdown complete
Autotune of undo retention is turned on.
Undo initialization finished
CRS-01004: The OCR was imported from CDR_STAGING .
Undo initialization finished
Current log# 585 seq# 7160 mem# 0
Current log# 991 seq# 9578 mem# 0
ORA-42020: partition cannot be redefined online because of unsupported type of interim table
Instance shutdown complete
ORA-19526: only one location allowed for parameter _SYSSMU7$
Errors in file /u01/app/oracle/diag/rdbms/ttprod/ttprod1/trace/ttprod1_ora_74916.trc
Redo thread mounted read/write
Instance shutdown complete
Starting background process VKTM
Redo thread mounted read/write
ARC0: Archival started
Autotune of undo retention is turned on.
DRG-52101: an invalid session handle was passed to Oracle Text
Starting background process VKTM
Instance shutdown complete
Starting background process VKTM
Archived Log entry 322 added for thread 1 sequence 6506
ORA-01211: Oracle7 data file is not from migration to Oracle8
SUCCESS: diskgroup DATA was mounted
Instance shutdown complete
PCC-02433: Invalid host variable and attribute pairing
Completed checkpoint up to RBA
DGM-16948: Unable to switchover, primary database is still " 1024 "
Errors in file /u01/app/oracle/diag/rdbms/ttprod/ttprod1/trace/ttprod1_ora_39847.trc
Instance shutdown complete
ARC0: Archival started
Completed checkpoint up to RBA
Starting background process VKTM
Instance shutdown complete
Starting background process VKTM
ORA-19730: can not convert offline plugged-in datafile _SYSSMU7$
Beginning log switch checkpoint up to RBA
Archived Log entry 200 added for thread 1 sequence 1498
ORA-23455: flavor ttprod2 contains object " large pool "
Instance shutdown complete
Autotune of undo retention is turned on.
Beginning log switch checkpoint up to RBA
Completed checkpoint up to RBA
Archived Log entry 803 added for thread 1 sequence 3959
Current log# 946 seq# 3564 mem# 0
PROC-00103: Messaging error [ TNS_ADMIN ]
Current log# 121 seq# 7586 mem# 0
Archived Log entry 477 added for thread 1 sequence 7727
Redo thread mounted read/write
ARC0: Archival started
ORA-47382: OLS Policy Label _SYSSMU12$ not found for policy 3
Thread 1 advanced to log sequence 950
Undo initialization finished
ARC0: Archival started
ORA-37564: unknown log table version
Errors in file /u01/app/oracle/diag/rdbms/ttprod/ttprod1/trace/ttprod1_ora_62402.trc
Instance shutdown complete
ORA-27044: unable to write the header block of file
Errors in file /u01/app/oracle/diag/rdbms/ttprod/ttprod1/trace/ttprod1_ora_94214.trc
DRG-11335: Index does not have BIG_IO set
Archived Log entry 947 added for thread 1 sequence 6664
Redo thread mounted read/write
Completed checkpoint up to RBA
Beginning log switch checkpoint up to RBA
PRCI-01129: Failed to check Oracle Restart configuration state on node {1}
Errors in file /u01/app/oracle/diag/rdbms/ttprod/ttprod1/trace/ttprod1_ora_24269.trc
Autotune of undo retention is turned on.
Autotune of undo retention is turned on.
Undo initialization finished
ORA-39157: error appending extension to file " NETWORK_OPS.SIM_INVENTORY "
Errors in file /u01/app/oracle/diag/rdbms/ttprod/ttprod1/trace/ttprod1_ora_25452.trc
Starting background process VKTM
Thread 1 advanced to log sequence 303
Thread 1 advanced to log sequence 846
Beginning log switch checkpoint up to RBA
Current log# 175 seq# 2984 mem# 0
CLST-02911: failure shared pool contacting the CSS daemon
ORA-36641: (XSDUNION20) The concat dimension must be defined as UNIQUE because base dimension workspace object contains custom member values.
Errors in file /u01/app/oracle/diag/rdbms/ttprod/ttprod1/trace/ttprod1_ora_75935.trc
Undo initialization finished
Redo thread mounted read/write
ARC0: Archival started
Redo thread mounted read/write
Archived Log entry 319 added for thread 1 sequence 6693
ORA-31039: XML namespace length ttprod2 exceeds maximum INVOICE_LINES_IDX
Starting background process VKTM
Instance shutdown complete
ORA-44416: Invalid ACL: Unresolved principal ' NETWORK_OPS.SIM_INVENTORY '
Errors in file /u01/app/oracle/diag/rdbms/ttprod/ttprod1/trace/ttprod1_ora_12159.trc
Redo thread mounted read/write
Beginning log switch checkpoint up to RBA
Thread 1 advanced to log sequence 61
Redo thread mounted read/write
EVM-00023: Filter test operation failed
Errors in file /u01/app/oracle/diag/rdbms/ttprod/ttprod1/trace/ttprod1_ora_85994.trc
Undo initialization finished
Autotune of undo retention is turned on.
Current log# 803 seq# 2273 mem# 0
Completed checkpoint up to RBA
Thread 1 advanced to log sequence 908
Undo initialization finished
ORA-06518: PL/SQL: Probe version 3 incompatible with version session_1123
Current log# 518 seq# 9500 mem# 0
Instance shutdown complete
ARC0: Archival started
TNS-00070: INTCTL usage: [intctl] <command> <process_name> [argument]
Undo initialization finished
SUCCESS: diskgroup DATA was mounted
Beginning log switch checkpoint up to RBA
Redo thread mounted read/write
Redo thread mounted read/write
ORA-47985: password same as or similar to user
Archived Log entry 132 added for thread 1 sequence 4518
Thread 1 advanced to log sequence 91
SUCCESS: diskgroup DATA was mounted
Redo thread mounted read/write
ORA-55337: a virtual model or rules index with the name PK_CUSTOMER_ACCOUNTS already exists
Errors in file /u01/app/oracle/diag/rdbms/ttprod/ttprod1/trace/ttprod1_ora_49928.trc
SUCCESS: diskgroup DATA was mounted
Redo thread mounted read/write
NCR-03007: NCRO: Context is busy
Completed checkpoint up to RBA
CRS-01636: The CSS daemon was started in exclusive mode but found an active CSS daemon on node large pool and is terminating; details at 42 in large pool
Starting background process VKTM
Undo initialization finished
SUCCESS: diskgroup DATA was mounted
SUCCESS: diskgroup DATA was mounted
SUCCESS: diskgroup DATA was mounted
ORA-12667: Shared server: outbound transport protocol different from inbound
Errors in file /u01/app/oracle/diag/rdbms/ttprod/ttprod1/trace/ttprod1_ora_87456.trc
Completed checkpoint up to RBA
SUCCESS: diskgroup DATA was mounted
Completed checkpoint up to RBA
ARC0: Archival started
Starting background process VKTM
Redo thread mounted read/write
ORA-12464: invalid characters in label component 17
Errors in file /u01/app/oracle/diag/rdbms/ttprod/ttprod1/trace/ttprod1_ora_95917.trc
ORA-39019: invalid operation type /u01/app/oracle/oradata/ttprod/users01.dbf
Archived Log entry 710 added for thread 1 sequence 6001
SUCCESS: diskgroup DATA was mounted
Archived Log entry 302 added for thread 1 sequence 8428
TNS-02401: gbname 1024 too long, allowed number characters
Autotune of undo retention is turned on.
Redo thread mounted read/write
ORA-06953: Not enough virtual memory
Starting background process VKTM
Undo initialization finished
Autotune of undo retention is turned on.
ARC0: Archival started
Undo initialization finished
ORA-00080: invalid global area specified by level PK_CUSTOMER_ACCOUNTS
Starting background process VKTM
ARC0: Archival started
ORA-07701: sksatln: internal exception: output buffer too small
Redo thread mounted read/write
SUCCESS: diskgroup DATA was mounted
Beginning log switch checkpoint up to RBA
SUCCESS: diskgroup DATA was mounted
Autotune of undo retention is turned on.
ORA-37044: (XSACQUIRE_OLDGEN) Cannot acquire object workspace object without resync.
Beginning log switch checkpoint up to RBA
Thread 1 advanced to log sequence 777
Thread 1 advanced to log sequence 209
Beginning log switch checkpoint up to RBA
ORA-14641: STORE-IN clause can be specified only for a Hash, Composite Range Hash table/partition
Thread 1 advanced to log sequence 611
Redo thread mounted read/write
Starting background process VKTM
ARC0: Archival started
ORA-19035: Invalid select item of the query in newContextFromHierarchy()
ARC0: Archival started
Thread 1 advanced to log sequence 277
Starting background process VKTM
ORA-15187: Incompatible RDBMS operation [ SYSAUX ] pushed to storage
Errors in file /u01/app/oracle/diag/rdbms/ttprod/ttprod1/trace/ttprod1_ora_33355.trc
JMS-00428: Valid message must be specified
Redo thread mounted read/write
ORA-19931: file DATA_TS01 has invalid creation SCN INVOICE_LINES_IDX
Archived Log entry 4 added for thread 1 sequence 2175
Undo initialization finished
Instance shutdown complete
Completed checkpoint up to RBA
ARC0: Archival started
ORA-03135: connection lost contact
Errors in file /u01/app/oracle/diag/rdbms/ttprod/ttprod1/trace/ttprod1_ora_49217.trc
Beginning log switch checkpoint up to RBA
Thread 1 advanced to log sequence 161
Thread 1 advanced to log sequence 103
Autotune of undo retention is turned on.
Redo thread mounted read/write
ORA-00336: log file size PK_CUSTOMER_ACCOUNTS blocks is less than minimum 3 blocks
Starting background process VKTM
Thread 1 advanced to log sequence 450
Redo thread mounted read/write
Starting background process VKTM
DRG-11518: text table ttprod2 does not have a LONG or LONG RAW column
Archived Log entry 516 added for thread 1 sequence 1187
Current log# 699 seq# 5233 mem# 0
Undo initialization finished
Current log# 206 seq# 5031 mem# 0
PRVF-00041: The Remote shell "{0}" requested by the client is not an executable file
Archived Log entry 361 added for thread 1 sequence 6059
Current log# 777 seq# 3145 mem# 0
INS-35463: This option is not supported on Exadata configuration.
Errors in file /u01/app/oracle/diag/rdbms/ttprod/ttprod1/trace/ttprod1_ora_64815.trc
NNL-00507: Shows, sets, or cancels the time when an auto-refresh query is next issued
Starting background process VKTM
Completed checkpoint up to RBA
ORA-12032: cannot use rowid column from materialized view log on " 17 "." NETWORK_OPS.SIM_INVENTORY "
ARC0: Archival started
Redo thread mounted read/write
Autotune of undo retention is turned on.
Current log# 388 seq# 5265 mem# 0
Beginning log switch checkpoint up to RBA
PCC-02307: void can only be used when single parameter
Redo thread mounted read/write
ARC0: Archival started
Starting background process VKTM
Redo thread mounted read/write
Redo thread mounted read/write
ARC0: Archival started
ORA-36967: (XSRELTBL18) Invalid INHIERARCHY valueset workspace object .
Current log# 411 seq# 4658 mem# 0
ORA-28062: The policy expression is too long.
ORA-02177: Missing required group number
SUCCESS: diskgroup DATA was mounted
Completed checkpoint up to RBA
Starting background process VKTM
Instance shutdown complete
PCC-01511: Identifier on line number in file TNS_ADMIN too long for code generated in file 5000
Autotune of undo retention is turned on.
ORA-01154: database busy. Open, close, mount, and dismount not allowed now
Starting background process VKTM
Completed checkpoint up to RBA
Beginning log switch checkpoint up to RBA
Thread 1 advanced to log sequence 810
Current log# 845 seq# 6860 mem# 0
KUP-04101: record number rejected in file large pool
Autotune of undo retention is turned on.
SUCCESS: diskgroup DATA was mounted
Undo initialization finished
Beginning log switch checkpoint up to RBA
Archived Log entry 202 added for thread 1 sequence 3619
Completed checkpoint up to RBA
ORA-15300: File CRM.CALL_DETAIL_RECORDS is incompatible with this operation
Redo thread mounted read/write
Archived Log entry 195 added for thread 1 sequence 4200
Current log# 410 seq# 4752 mem# 0
ARC0: Archival started
SUCCESS: diskgroup DATA was mounted
Beginning log switch checkpoint up to RBA
PGU-41033: invalid ENVIRONMENT parameter
Current log# 606 seq# 3423 mem# 0
Current log# 57 seq# 3719 mem# 0
QSM-01150: query did not rewrite
Errors in file /u01/app/oracle/diag/rdbms/ttprod/ttprod1/trace/ttprod1_ora_53538.trc
ARC0: Archival started
Archived Log entry 721 added for thread 1 sequence 7451
PRVF-05452: Missing key reference data "{0}"
ORA-08459: invalid format parameter length
Errors in file /u01/app/oracle/diag/rdbms/ttprod/ttprod1/trace/ttprod1_ora_87455.trc
Starting background process VKTM
Completed checkpoint up to RBA
RDE-00015: load of provider library failed.
Errors in file /u01/app/oracle/diag/rdbms/ttprod/ttprod1/trace/ttprod1_ora_10864.trc
Completed checkpoint up to RBA
Starting background process VKTM
Thread 1 advanced to log sequence 783
Completed checkpoint up to RBA
Beginning log switch checkpoint up to RBA
TNS-12228: TNS:protocol adapter not loadable
CRS-04261: Diskgroup APP_USER42 is already configured with voting files
Archived Log entry 927 added for thread 1 sequence 6202
Completed checkpoint up to RBA
Instance shutdown complete
Undo initialization finished
Starting background process VKTM
Starting background process VKTM
IMG-00717: destination image format does not support process options
ARC0: Archival started
Redo thread mounted read/write
Undo initialization finished
Archived Log entry 2 added for thread 1 sequence 3189
INS-30506: Invalid redundancy level.
Errors in file /u01/app/oracle/diag/rdbms/ttprod/ttprod1/trace/ttprod1_ora_72317.trc
Starting background process VKTM
Archived Log entry 618 added for thread 1 sequence 1714
Completed checkpoint up to RBA
PRKR-01021: writing of version information failed, {0}, {1}
Current log# 444 seq# 3840 mem# 0
Undo initialization finished
ORA-31172: cannot load XMLType column using direct path
Errors in file /u01/app/oracle/diag/rdbms/ttprod/ttprod1/trace/ttprod1_ora_43104.trc
Completed checkpoint up to RBA
Starting background process VKTM
Instance shutdown complete
Instance shutdown complete
Beginning log switch checkpoint up to RBA
PLW-05009: pragma INLINE may not appear in a declaration list
Errors in file /u01/app/oracle/diag/rdbms/ttprod/ttprod1/trace/ttprod1_ora_89276.trc
Instance shutdown complete
ORA-41106: invalid argument 1024 : value is null
Instance shutdown complete
Autotune of undo retention is turned on.
Completed checkpoint up to RBA
Undo initialization finished
ORA-39502: failed to notify CRS of a Startup/Shutdown event [ TNS_ADMIN ] (ignored)
SUCCESS: diskgroup DATA was mounted
DRG-50931: parser not opened
Errors in file /u01/app/oracle/diag/rdbms/ttprod/ttprod1/trace/ttprod1_ora_75341.trc
Undo initialization finished
Thread 1 advanced to log sequence 473
Archived Log entry 337 added for thread 1 sequence 5642
Thread 1 advanced to log sequence 212
Instance shutdown complete
ORA-28595: Extproc agent : Invalid DLL Path
ARC0: Archival started
Autotune of undo retention is turned on.
ARC0: Archival started
ORA-04032: pga_aggregate_target must be set before switching to auto mode
SUCCESS: diskgroup DATA was mounted
Undo initialization finished
ARC0: Archival started
ORA-01281: SCN range specified is invalid
Autotune of undo retention is turned on.
Starting background process VKTM
Undo initialization finished
Beginning log switch checkpoint up to RBA
Instance shutdown complete
ORA-34719: (NLSCHARSET03) Character data loss in NTEXT/TEXT conversion
Errors in file /u01/app/oracle/diag/rdbms/ttprod/ttprod1/trace/ttprod1_ora_34839.trc
ARC0: Archival started
Starting background process VKTM
Archived Log entry 169 added for thread 1 sequence 8518
ORA-27608: Smart I/O failed because the disk " ttprod1 " on the cell " session_1123 " was not open. error code: " BILLING.CUST_ORDERS ", " 3 "
Autotune of undo retention is turned on.
Thread 1 advanced to log sequence 149
Completed checkpoint up to RBA
Completed checkpoint up to RBA
SUCCESS: diskgroup DATA was mounted
Archived Log entry 192 added for thread 1 sequence 6356
RMAN-06907: MINIMIZE LOAD option not allowed for the specified input files
ARC0: Archival started
PCC-00101: Lower case 'e' in floating point number is not ANSI
Undo initialization finished
PGA-21112: creating new log entry for partner LU USERS
SUCCESS: diskgroup DATA was mounted
Starting background process VKTM
Redo thread mounted read/write
Undo initialization finished
PCC-02018: found end-of-file while scanning comment
Completed checkpoint up to RBA
Instance shutdown complete
Beginning log switch checkpoint up to RBA
Redo thread mounted read/write
Completed checkpoint up to RBA
ORA-17508: I/O request buffer ptr is not alligned
Instance shutdown complete
Autotune of undo retention is turned on.
Autotune of undo retention is turned on.
Archived Log entry 782 added for thread 1 sequence 1183
Instance shutdown complete
ORA-16250: Failed to acquire starting scn of new log stream
Undo initialization finished
SUCCESS: diskgroup DATA was mounted
PGA-22014: Transaction code length of number exceeds the maximum of number
RMAN-06610: For record type UNDOTBS1 RECIDS from number to number are re-used before resync
Autotune of undo retention is turned on.
Archived Log entry 973 added for thread 1 sequence 6479
SUCCESS: diskgroup DATA was mounted
ORA-48217: Out of Space on Device
Thread 1 advanced to log sequence 384
CLSR-00516: No service provider found at this node
Thread 1 advanced to log sequence 189
Current log# 820 seq# 3765 mem# 0
Autotune of undo retention is turned on.
Instance shutdown complete
DRG-11347: FILTER CACHE only supported for context index
Autotune of undo retention is turned on.
ORA-10563: Test recovery had to corrupt data block (file# 17 , block# APP_USER42 ) in order to proceed
Beginning log switch checkpoint up to RBA
Undo initialization finished
SUCCESS: diskgroup DATA was mounted
SUCCESS: diskgroup DATA was mounted
Autotune of undo retention is turned on.
ORA-16261: Identification key mismatch for table " NETWORK_OPS.SIM_INVENTORY "." TNS_ADMIN ".
Beginning log switch checkpoint up to RBA
ARC0: Archival started
CRS-04676: Successful get logfilesize number for Cluster Synchronization Services.
Archived Log entry 292 added for thread 1 sequence 3708
ORA-09719: osncui: invalid handle.
Undo initialization finished
SUCCESS: diskgroup DATA was mounted
Autotune of undo retention is turned on.
Thread 1 advanced to log sequence 312
ARC0: Archival started
RMAN-00208: Want to unregister the database with target db_unique_name (enter YES or NO)?
Redo thread mounted read/write
Completed checkpoint up to RBA
Archived Log entry 770 added for thread 1 sequence 7563
Starting background process VKTM
PCC-02460: Outline cannot be created
Autotune of undo retention is turned on.
Instance shutdown complete
Autotune of undo retention is turned on.
ORA-31181: PL/SQL DOM handle accesses node that is no longer available
Beginning log switch checkpoint up to RBA
ARC0: Archival started
Current log# 976 seq# 9242 mem# 0
ORA-12483: label not in OS system accreditation range
Errors in file /u01/app/oracle/diag/rdbms/ttprod/ttprod1/trace/ttprod1_ora_75265.trc
Redo thread mounted read/write
ARC0: Archival started
Starting background process VKTM
Beginning log switch checkpoint up to RBA
ORA-06525: Length Mismatch for CHAR or RAW data
Beginning log switch checkpoint up to RBA
Completed checkpoint up to RBA
Undo initialization finished
ORA-16527: unable to allocate broker System Global Area (SGA) memory
SUCCESS: diskgroup DATA was mounted
Completed checkpoint up to RBA
Autotune of undo retention is turned on.
SUCCESS: diskgroup DATA was mounted
Autotune of undo retention is turned on.
NNO-00050: serious errors in configuration data, server cannot run
Autotune of undo retention is turned on.
ORA-36718: (XSALLOC00) You do not have the necessary permissions to use AGGMAP workspace object .
Completed checkpoint up to RBA
Beginning log switch checkpoint up to RBA
Archived Log entry 819 added for thread 1 sequence 5021
CRS-04659: Error while trying to unpin node TNS_ADMIN .
ARC0: Archival started
Completed checkpoint up to RBA
Undo initialization finished
RMAN-08163: validation succeeded for backup piece
Autotune of undo retention is turned on.
Autotune of undo retention is turned on.
DIA-48176: error translating a path name into its full path name
SUCCESS: diskgroup DATA was mounted
Current log# 119 seq# 6187 mem# 0
Undo initialization finished
Undo initialization finished
ORA-13052: unsupported geometric type for geometry 5000 . 1024
Instance shutdown complete
SUCCESS: diskgroup DATA was mounted
Thread 1 advanced to log sequence 883
CRS-05816: Agent ' 3 ' could not start implicit monitoring for resource ' NETWORK_OPS.SIM_INVENTORY '. Details at INVOICE_LINES_IDX in 3 .
Current log# 194 seq# 9665 mem# 0
Thread 1 advanced to log sequence 784
PLS-01411: Use of 'REM' token
Thread 1 advanced to log sequence 49
Undo initialization finished
ORA-35276: (SNSYN163) The format of the ALLOCATE command is: ALLOCATE varname [SOURCE svarname] [BASIS bvarname [ACROSS dimname]] [TARGET tvarname [TARGETLOG logvarname]] [USING aggmap]
SUCCESS: diskgroup DATA was mounted
Undo initialization finished
Current log# 531 seq# 4680 mem# 0
Undo initialization finished
ORA-28029: could not authorize remote server for user PK_CUSTOMER_ACCOUNTS
Redo thread mounted read/write
ARC0: Archival started
Thread 1 advanced to log sequence 548
SUCCESS: diskgroup DATA was mounted
ARC0: Archival started
Archived Log entry 569 added for thread 1 sequence 9488
RMAN-06910: can not invoke parallel recovery for test recovery
Thread 1 advanced to log sequence 682
NZE-29222: Distinguished name does not match.
Redo thread mounted read/write
Redo thread mounted read/write
Beginning log switch checkpoint up to RBA
Instance shutdown complete
PRCD-01234: Failed to downgrade configuration of database {0} to version {1} because the specified version is unsupported for downgrade
ORA-14025: PARTITION may not be specified for a materialized view or a materialized view log
Undo initialization finished
Archived Log entry 708 added for thread 1 sequence 2496
OCI-31181: PL/SQL DOM handle accesses node that is no longer available
Errors in file /u01/app/oracle/diag/rdbms/ttprod/ttprod1/trace/ttprod1_ora_27669.trc
Autotune of undo retention is turned on.
Current log# 80 seq# 8743 mem# 0
Instance shutdown complete
Instance shutdown complete
CRS-04203: Hashing creation error during wallet credentials creation
Instance shutdown complete
SUCCESS: diskgroup DATA was mounted
LFI-00143: Unable to delete non-existent file /u01/app/oracle/oradata/ttprod/users01.dbf .
Current log# 447 seq# 9872 mem# 0
Starting background process VKTM
SUCCESS: diskgroup DATA was mounted
ORA-02178: correct syntax is: SET TRANSACTION READ { ONLY | WRITE }
Errors in file /u01/app/oracle/diag/rdbms/ttprod/ttprod1/trace/ttprod1_ora_96501.trc
Archived Log entry 312 added for thread 1 sequence 5575
Redo thread mounted read/write
Starting background process VKTM
SUCCESS: diskgroup DATA was mounted
ORA-25011: cannot create trigger on internal AQ table
Current log# 761 seq# 8091 mem# 0
INS-40920: No name was provided as the virtual IP name.
Redo thread mounted read/write
Completed checkpoint up to RBA
DRG-11625: MAXURLS * URLSIZE must be less than PK_CUSTOMER_ACCOUNTS
Beginning log switch checkpoint up to RBA
Instance shutdown complete
RMAN-06158: validation succeeded for archived log
Undo initialization finished
Beginning log switch checkpoint up to RBA
Instance shutdown complete
Current log# 969 seq# 4637 mem# 0
Undo initialization finished
Redo thread mounted read/write
QSM-02134: agg(expr) requires correspondng MAX(expr) function
Current log# 802 seq# 9835 mem# 0
ARC0: Archival started
Thread 1 advanced to log sequence 546
SUCCESS: diskgroup DATA was mounted
Redo thread mounted read/write
ORA-25010: Invalid nested table column name in nested table clause
Errors in file /u01/app/oracle/diag/rdbms/ttprod/ttprod1/trace/ttprod1_ora_91306.trc
Redo thread mounted read/write
ARC0: Archival started
Archived Log entry 226 added for thread 1 sequence 6544
Thread 1 advanced to log sequence 409
Undo initialization finished
ORA-00933: SQL command not properly ended
Instance shutdown complete
ARC0: Archival started
SUCCESS: diskgroup DATA was mounted
PGU-41016: LANGUAGE parameter was previously specified
Undo initialization finished
Redo thread mounted read/write
Starting background process VKTM
PCB-00501: Runtime context variable " shared pool " not of correct type
Thread 1 advanced to log sequence 120
Starting background process VKTM
ARC0: Archival started
Starting background process VKTM
ORA-00085: current call does not exist
Beginning log switch checkpoint up to RBA
Redo thread mounted read/write
IMG-00711: unable to set properties of destination image
Errors in file /u01/app/oracle/diag/rdbms/ttprod/ttprod1/trace/ttprod1_ora_48628.trc
ARC0: Archival started
Redo thread mounted read/write
Current log# 810 seq# 6829 mem# 0
SUCCESS: diskgroup DATA was mounted
Current log# 778 seq# 6374 mem# 0
Undo initialization finished
ORA-33042: (XSAGDNGL20) In AGGMAP workspace object , VALUESET workspace object must qualify all relations dimensioned by workspace object .
ORA-13716: Diagnostic Package License is needed for using this feature.
Errors in file /u01/app/oracle/diag/rdbms/ttprod/ttprod1/trace/ttprod1_ora_55154.trc
ARC0: Archival started
Instance shutdown complete
ORA-31442: operation timed out while acquiring lock on ttprod1
Current log# 765 seq# 2415 mem# 0
Instance shutdown complete
Instance shutdown complete
Redo thread mounted read/write
Redo thread mounted read/write
PLS-00523: ORDER methods must return an INTEGER.
Undo initialization finished
Beginning log switch checkpoint up to RBA
OCI-01864: the date is out of range for the current calendar
Undo initialization finished
Redo thread mounted read/write
Starting background process VKTM
PGU-39604: TG edit var session_1123 PLS 17
Thread 1 advanced to log sequence 616
SUCCESS: diskgroup DATA was mounted
Starting background process VKTM
Redo thread mounted read/write
Autotune of undo retention is turned on.
Starting background process VKTM
TNS-04068: Cannot start an Oracle Connection Manager instance remotely.
Beginning log switch checkpoint up to RBA
Beginning log switch checkpoint up to RBA
RMAN-06154: validation succeeded for datafile copy
SUCCESS: diskgroup DATA was mounted
ORA-15009: ASM disk " BILLING.CUST_ORDERS " does not exist
Current log# 619 seq# 6969 mem# 0
Completed checkpoint up to RBA
Current log# 28 seq# 7783 mem# 0
ORA-36814: (XSTBLFUNC07) The datatype of the column used in the ROW2CELL clause of a LIMITMAP must be RAW(16).
Thread 1 advanced to log sequence 393
Beginning log switch checkpoint up to RBA
ORA-15103: conflicting or duplicate REPAIR options
Archived Log entry 172 added for thread 1 sequence 2741
Beginning log switch checkpoint up to RBA
ORA-30467: internal data for filter number PK_CUSTOMER_ACCOUNTS is inconsistent
Redo thread mounted read/write
Completed checkpoint up to RBA
Starting background process VKTM
Autotune of undo retention is turned on.
Starting background process VKTM
ARC0: Archival started
ORA-39311: Cannot alter tablespace blocksize.
Starting background process VKTM
SUCCESS: diskgroup DATA was mounted
Current log# 173 seq# 3238 mem# 0
Instance shutdown complete
Archived Log entry 939 added for thread 1 sequence 8289
ORA-30550: index depends on a package/function spec/body which is not valid
Starting background process VKTM
SUCCESS: diskgroup DATA was mounted
Current log# 510 seq# 1369 mem# 0
ORA-28008: invalid old password
Beginning log switch checkpoint up to RBA
Current log# 363 seq# 8266 mem# 0
CRS-02731: Resource ' APP_USER42 ' is already running on server ' NETWORK_OPS.SIM_INVENTORY '
Current log# 213 seq# 4041 mem# 0
DRG-11861: CSO-server Replies
QSM-01316: window function could not be computed from materialized view ttprod1
Autotune of undo retention is turned on.
ORA-48906: Parser context is not valid
CRS-04652: Failure number in clsvswversion for the local node
Thread 1 advanced to log sequence 729
Autotune of undo retention is turned on.
ARC0: Archival started
Autotune of undo retention is turned on.
Current log# 185 seq# 9004 mem# 0
DRG-13602: Number parsing error in ttstandby01
Autotune of undo retention is turned on.
Starting background process VKTM
Redo thread mounted read/write
Autotune of undo retention is turned on.
RDE-00034: address not registered: " SYSAUX "
Errors in file /u01/app/oracle/diag/rdbms/ttprod/ttprod1/trace/ttprod1_ora_90101.trc
Archived Log entry 50 added for thread 1 sequence 1309
Autotune of undo retention is turned on.
SUCCESS: diskgroup DATA was mounted
SUCCESS: diskgroup DATA was mounted
Instance shutdown complete
ARC0: Archival started
KUP-03012: OCI error getting database column precision.
Instance shutdown complete
Undo initialization finished
ORA-35569: (XSRWLD05) An error was encountered in converting data USERS to DATA_TS01 in column number .
Undo initialization finished
SUCCESS: diskgroup DATA was mounted
ORA-13335: LRS measure information not defined
Errors in file /u01/app/oracle/diag/rdbms/ttprod/ttprod1/trace/ttprod1_ora_95285.trc
Current log# 213 seq# 5862 mem# 0
Archived Log entry 869 added for thread 1 sequence 6636
SUCCESS: diskgroup DATA was mounted
Current log# 696 seq# 5684 mem# 0
DRG-50911: invalid first document number APP_USER42
Errors in file /u01/app/oracle/diag/rdbms/ttprod/ttprod1/trace/ttprod1_ora_90209.trc
Undo initialization finished
SUCCESS: diskgroup DATA was mounted
Current log# 255 seq# 8150 mem# 0
Redo thread mounted read/write
Beginning log switch checkpoint up to RBA
Redo thread mounted read/write
SCLC-01031: Illegal argument : {0}
Undo initialization finished
SUCCESS: diskgroup DATA was mounted
Thread 1 advanced to log sequence 588
ARC0: Archival started
Archived Log entry 143 added for thread 1 sequence 4871
Completed checkpoint up to RBA
CRS-02618: Cannot change data type shared pool of existing attribute _SYSSMU12$ to type shared pool .
Errors in file /u01/app/oracle/diag/rdbms/ttprod/ttprod1/trace/ttprod1_ora_95036.trc
Autotune of undo retention is turned on.
PRCD-01130: Failed to convert administrator-managed database {0} into a policy-managed database to use server pool {1}
Current log# 759 seq# 2260 mem# 0
Undo initialization finished
Starting background process VKTM
ARC0: Archival started
Undo initialization finished
Undo initialization finished
ORA-07452: specified resource manager plan does not exist in the data dictionary
ARC0: Archival started
Undo initialization finished
ORA-04064: not executed, invalidated /u01/app/oracle/oradata/ttprod/users01.dbf
Instance shutdown complete
Archived Log entry 655 added for thread 1 sequence 5577
Current log# 117 seq# 1299 mem# 0
Beginning log switch checkpoint up to RBA
Archived Log entry 888 added for thread 1 sequence 6644
ARC0: Archival started
ORA-37077: (XSMCSESS05) Object workspace object is specified more than once.
Thread 1 advanced to log sequence 76
Autotune of undo retention is turned on.
Instance shutdown complete
PRIF-00016: invalid syntax for the iflist command option
Errors in file /u01/app/oracle/diag/rdbms/ttprod/ttprod1/trace/ttprod1_ora_25156.trc
PLS-00129: Pragma INTERFACE only supports C as its first argument
Beginning log switch checkpoint up to RBA
SUCCESS: diskgroup DATA was mounted
Archived Log entry 976 added for thread 1 sequence 8809
Beginning log switch checkpoint up to RBA
ORA-48196: OS command to release advisory lock failed
Instance shutdown complete
Thread 1 advanced to log sequence 5
Undo initialization finished
Starting background process VKTM
SUCCESS: diskgroup DATA was mounted
JMS-00107: Operation not allowed on {0}
Starting background process VKTM
Current log# 644 seq# 6910 mem# 0
Thread 1 advanced to log sequence 726
ORA-26672: timeout occurred while stopping NETWORK_OPS.SIM_INVENTORY process ttprod2
Beginning log switch checkpoint up to RBA
ORA-27053: blocksize in file header not a multiple of logical block size
ORA-08340: This command not allowed on nCUBE, only one thread is ever used.
Errors in file /u01/app/oracle/diag/rdbms/ttprod/ttprod1/trace/ttprod1_ora_87884.trc
Redo thread mounted read/write
Current log# 51 seq# 9317 mem# 0
Completed checkpoint up to RBA
Current log# 913 seq# 6832 mem# 0
ORA-47950: no value defined for required parameter DATA_TS01
Undo initialization finished
Completed checkpoint up to RBA
Autotune of undo retention is turned on.
Beginning log switch checkpoint up to RBA
SUCCESS: diskgroup DATA was mounted
ORA-48207: Illegal Field Name [ 17 ]
SUCCESS: diskgroup DATA was mounted
Beginning log switch checkpoint up to RBA
Autotune of undo retention is turned on.
ARC0: Archival started
Redo thread mounted read/write
ORA-39045: invalid metadata remap name 3
Errors in file /u01/app/oracle/diag/rdbms/ttprod/ttprod1/trace/ttprod1_ora_30576.trc
Starting background process VKTM
ORA-12161: TNS:internal error: partial data received
Archived Log entry 710 added for thread 1 sequence 1032
ARC0: Archival started
Redo thread mounted read/write
Completed checkpoint up to RBA
Undo initialization finished
ORA-40183: invalid stack definition for attribute large pool
Completed checkpoint up to RBA
ARC0: Archival started
Autotune of undo retention is turned on.
Thread 1 advanced to log sequence 114
Undo initialization finished
ORA-01584: unable to get file size of control file to be backed up
Completed checkpoint up to RBA
ARC0: Archival started
Instance shutdown complete
DRG-12249: a MVDATA section named large pool already exists in this section group
Archived Log entry 326 added for thread 1 sequence 7277
Redo thread mounted read/write
Archived Log entry 563 added for thread 1 sequence 7832
Undo initialization finished
Redo thread mounted read/write
ARC0: Archival started
IMP-00040: FILESIZE does not match the value used for export: CDR_STAGING
Beginning log switch checkpoint up to RBA
Beginning log switch checkpoint up to RBA
Beginning log switch checkpoint up to RBA
Beginning log switch checkpoint up to RBA
Completed checkpoint up to RBA
ORA-29827: keyword USING is missing
Redo thread mounted read/write
Archived Log entry 368 added for thread 1 sequence 1670
Undo initialization finished
Completed checkpoint up to RBA
ORA-09748: pws_look_up: fork failed
Completed checkpoint up to RBA
ORA-00206: error in writing (block CDR_STAGING , # blocks CRM.CALL_DETAIL_RECORDS ) of control file
ORA-31671: Worker process 42 had an unhandled exception.
Beginning log switch checkpoint up to RBA
Archived Log entry 518 added for thread 1 sequence 1483
Archived Log entry 233 added for thread 1 sequence 3021
ARC0: Archival started
Redo thread mounted read/write
INS-32055: The Central Inventory is located in the Oracle base.
RMAN-20501: redo logs from parent database incarnation cannot be applied
Beginning log switch checkpoint up to RBA
XOQ-00851: cannot create Mdm property: definition id "( shared pool )" not recognized
Starting background process VKTM
Redo thread mounted read/write
ORA-31523: could not find change source UNDOTBS1 for CDC change set NETWORK_OPS.SIM_INVENTORY
Errors in file /u01/app/oracle/diag/rdbms/ttprod/ttprod1/trace/ttprod1_ora_15281.trc
Undo initialization finished
Beginning log switch checkpoint up to RBA
IMG-00724: extra value in SHARPEN operation
Completed checkpoint up to RBA
PRKO-02395: ONS already uses {0} as port for remote connections. Nothing to modify.
Completed checkpoint up to RBA
ORA-12678: Authentication disabled but required
Autotune of undo retention is turned on.
Current log# 309 seq# 9547 mem# 0
SUCCESS: diskgroup DATA was mounted
ORA-30345: circular dimension hierarchy
Thread 1 advanced to log sequence 216
Archived Log entry 713 added for thread 1 sequence 4207
Completed checkpoint up to RBA
Instance shutdown complete
Completed checkpoint up to RBA
ORA-10561: block type ' TNS_ADMIN ', data object# PK_CUSTOMER_ACCOUNTS
Starting background process VKTM
Archived Log entry 942 added for thread 1 sequence 1608
Autotune of undo retention is turned on.
ORA-02329: column of datatype SP2-0552 cannot be unique or a primary key
ARC0: Archival started
Beginning log switch checkpoint up to RBA
Current log# 376 seq# 2789 mem# 0
Undo initialization finished
Autotune of undo retention is turned on.
Thread 1 advanced to log sequence 645
NZE-28854: Memory allocation failure
ORA-30433: ' _SYSSMU7$ . CDR_STAGING ' is not a summary
Current log# 438 seq# 1516 mem# 0
Beginning log switch checkpoint up to RBA
Instance shutdown complete
Instance shutdown complete
Beginning log switch checkpoint up to RBA
RMAN-06530: CHANGE ... KEEP LOGS not supported for backup set which contains archived logs
Errors in file /u01/app/oracle/diag/rdbms/ttprod/ttprod1/trace/ttprod1_ora_49814.trc
Thread 1 advanced to log sequence 443
Beginning log switch checkpoint up to RBA
Starting background process VKTM
Autotune of undo retention is turned on.
Instance shutdown complete
Completed checkpoint up to RBA
PGA-21005: no message file found for language ' UNDOTBS1 '
ARC0: Archival started
Current log# 455 seq# 6916 mem# 0
Thread 1 advanced to log sequence 174
CRS-02319: No cluster name found in GPnP profile.
Archived Log entry 265 added for thread 1 sequence 8181
Undo initialization finished
Thread 1 advanced to log sequence 552
Redo thread mounted read/write
Instance shutdown complete
ORA-16202: Skip procedure requested to replace statement
SUCCESS: diskgroup DATA was mounted
ARC0: Archival started
EXP-00074: rounding VOLSIZE down, new value is 3
Archived Log entry 634 added for thread 1 sequence 9031
Beginning log switch checkpoint up to RBA
Redo thread mounted read/write
Completed checkpoint up to RBA
Redo thread mounted read/write
Beginning log switch checkpoint up to RBA
DRG-12410: could not process CTX EXEC tag
Autotune of undo retention is turned on.
Thread 1 advanced to log sequence 95
Beginning log switch checkpoint up to RBA
ORA-31165: cannot load object-relational XML attribute using direct path
Starting background process VKTM
Undo initialization finished
ARC0: Archival started
Thread 1 advanced to log sequence 235
Thread 1 advanced to log sequence 729
RDE-06001: no error
Autotune of undo retention is turned on.
Archived Log entry 532 added for thread 1 sequence 7358
Redo thread mounted read/write
SUCCESS: diskgroup DATA was mounted
PRCD-01041: The administrator-managed database {0} can have only one server pool {1}
Current log# 705 seq# 7023 mem# 0
Completed checkpoint up to RBA
Instance shutdown complete
Undo initialization finished
Thread 1 advanced to log sequence 977
NNO-00052: invalid domain description list
Autotune of undo retention is turned on.
Completed checkpoint up to RBA
Current log# 493 seq# 9491 mem# 0
Archived Log entry 347 added for thread 1 sequence 3822
Instance shutdown complete
Thread 1 advanced to log sequence 774
PLS-00670: sort columns must be simple column names
Beginning log switch checkpoint up to RBA
SUCCESS: diskgroup DATA was mounted
Completed checkpoint up to RBA
Archived Log entry 910 added for thread 1 sequence 6244
Starting background process VKTM
LSX-00286: duplicate key "~S" for {"~S"}"~S"
Errors in file /u01/app/oracle/diag/rdbms/ttprod/ttprod1/trace/ttprod1_ora_35574.trc
Starting background process VKTM
Instance shutdown complete
Undo initialization finished
Autotune of undo retention is turned on.
ARC0: Archival started
Autotune of undo retention is turned on.
ORA-16234: restarting to reset Logical Standby apply
Current log# 907 seq# 4133 mem# 0
Instance shutdown complete
Archived Log entry 697 added for thread 1 sequence 9875
RMAN-06211: ==========================
ORA-23537: function or procedure _SYSSMU7$ is not allowed to be invoked from this site.
Starting background process VKTM
Beginning log switch checkpoint up to RBA
SUCCESS: diskgroup DATA was mounted
Instance shutdown complete
RMAN-08037: channel UNDOTBS1 : unexpected validation return code BILLING.CUST_ORDERS
PLS-00238: external parameter name INVOICE_LINES_IDX not found in formal parameter list
Errors in file /u01/app/oracle/diag/rdbms/ttprod/ttprod1/trace/ttprod1_ora_19205.trc
Completed checkpoint up to RBA
Autotune of undo retention is turned on.
Undo initialization finished
SCLC-01019: Failed to retrieve member list for tier {0}, {1}
Errors in file /u01/app/oracle/diag/rdbms/ttprod/ttprod1/trace/ttprod1_ora_29043.trc
Autotune of undo retention is turned on.
Redo thread mounted read/write
Beginning log switch checkpoint up to RBA
SUCCESS: diskgroup DATA was mounted
Current log# 9 seq# 8757 mem# 0
ORA-28116: insufficient privileges to do direct path access
Current log# 693 seq# 9240 mem# 0
ARC0: Archival started
Starting background process VKTM
Autotune of undo retention is turned on.
Undo initialization finished
ORA-12160: TNS:internal error: Bad error number
Autotune of undo retention is turned on.
Completed checkpoint up to RBA
ORA-38426: attribute set assigned to an expression set may not be dropped
Beginning log switch checkpoint up to RBA
ORA-39012: Client detached before the job started.
KUP-11002: unable to read data chunk UNDOTBS1
Archived Log entry 312 added for thread 1 sequence 4585
Redo thread mounted read/write
Undo initialization finished
RMAN-00206: Do you really want to drop the database (enter YES or NO)?
Errors in file /u01/app/oracle/diag/rdbms/ttprod/ttprod1/trace/ttprod1_ora_91207.trc
ARC0: Archival started
Instance shutdown complete
Starting background process VKTM
Current log# 162 seq# 3260 mem# 0
SUCCESS: diskgroup DATA was mounted
Current log# 976 seq# 5080 mem# 0
DRG-13015: sublexer 17 already exists in the index
Archived Log entry 245 added for thread 1 sequence 2351
Current log# 564 seq# 6371 mem# 0
Starting background process VKTM
Redo thread mounted read/write
Beginning log switch checkpoint up to RBA
Instance shutdown complete
ORA-25147: UNIFORM SIZE value greater than maximum extent size
Archived Log entry 987 added for thread 1 sequence 4145
Current log# 179 seq# 7154 mem# 0
Undo initialization finished
Current log# 942 seq# 9178 mem# 0
ARC0: Archival started
Starting background process VKTM
ORA-29895: duplicate base datatype specified
PRCD-01148: Failed to convert the configuration of RAC One Node database {0} into its equivalent configuration for RAC database
Completed checkpoint up to RBA
Archived Log entry 98 added for thread 1 sequence 6212
Completed checkpoint up to RBA
Thread 1 advanced to log sequence 117
Beginning log switch checkpoint up to RBA
ORA-14755: Invalid partition specification for FOR VALUES clause.
Archived Log entry 253 added for thread 1 sequence 2930
Completed checkpoint up to RBA
Instance shutdown complete
Archived Log entry 195 added for thread 1 sequence 7602
ORA-13478: the target SRID is the same as the source GeoRaster object's SRID
Autotune of undo retention is turned on.
ORA-02849: Read failed because of an error
Errors in file /u01/app/oracle/diag/rdbms/ttprod/ttprod1/trace/ttprod1_ora_74231.trc
Autotune of undo retention is turned on.
ARC0: Archival started
Instance shutdown complete
Completed checkpoint up to RBA
ORA-07241: slemrd: read error.
Autotune of undo retention is turned on.
SUCCESS: diskgroup DATA was mounted
SUCCESS: diskgroup DATA was mounted
Instance shutdown complete
Beginning log switch checkpoint up to RBA
ORA-31145: Duplicate listener, INVOICE_LINES_IDX , found in resource configuration
Errors in file /u01/app/oracle/diag/rdbms/ttprod/ttprod1/trace/ttprod1_ora_32717.trc
Redo thread mounted read/write
Thread 1 advanced to log sequence 561
SUCCESS: diskgroup DATA was mounted
ARC0: Archival started
ARC0: Archival started
PRCH-01055: Failed to create or open file "{0}"
SUCCESS: diskgroup DATA was mounted
ARC0: Archival started
ARC0: Archival started
JMS-00112: Connection is invalid
Instance shutdown complete
Instance shutdown complete
Current log# 931 seq# 9624 mem# 0
Completed checkpoint up to RBA
Current log# 229 seq# 8528 mem# 0
Completed checkpoint up to RBA
RDE-00028: initialization failed.
Redo thread mounted read/write
SUCCESS: diskgroup DATA was mounted
SUCCESS: diskgroup DATA was mounted
ORA-22334: cannot reset type " CRM.CALL_DETAIL_RECORDS "." /u01/app/oracle/oradata/ttprod/users01.dbf ". Dependent tables must be upgraded to latest version
Redo thread mounted read/write
SUCCESS: diskgroup DATA was mounted
Redo thread mounted read/write
ORA-00983: cannot audit or noaudit SYS user actions
ARC0: Archival started
PLS-00624: USING clause must be used with either aggregate or pipelined functions
Errors in file /u01/app/oracle/diag/rdbms/ttprod/ttprod1/trace/ttprod1_ora_17810.trc
Current log# 9 seq# 5523 mem# 0
Starting background process VKTM
Current log# 658 seq# 6652 mem# 0
ARC0: Archival started
Instance shutdown complete
Starting background process VKTM
DRG-10753: invalid memory size session_1123 DATA_TS01
EVM-00325: Config file " 5000 " is not a regular file
Redo thread mounted read/write
Redo thread mounted read/write
Thread 1 advanced to log sequence 92
ORA-22607: image handle already generated
Errors in file /u01/app/oracle/diag/rdbms/ttprod/ttprod1/trace/ttprod1_ora_48918.trc
Autotune of undo retention is turned on.
Redo thread mounted read/write
ARC0: Archival started
Thread 1 advanced to log sequence 498
Archived Log entry 758 added for thread 1 sequence 4402
DRG-11879: Automatic Proxy Redirection Msut Be Explicitly Acknowledged
Beginning log switch checkpoint up to RBA
Starting background process VKTM
ARC0: Archival started
ORA-00020: Maximum number of processes exceeded
Instance shutdown complete
Undo initialization finished
Archived Log entry 909 added for thread 1 sequence 1646
PRVF-09909: Patch information from OPatch did not match patch information from Oracle executable
Errors in file /u01/app/oracle/diag/rdbms/ttprod/ttprod1/trace/ttprod1_ora_57254.trc
Thread 1 advanced to log sequence 575
Redo thread mounted read/write
SUCCESS: diskgroup DATA was mounted
SUCCESS: diskgroup DATA was mounted
Autotune of undo retention is turned on.
ORA-23402: refresh was aborted because of conflicts caused by deferred txns
Starting background process VKTM
SUCCESS: diskgroup DATA was mounted
Undo initialization finished
Starting background process VKTM
SUCCESS: diskgroup DATA was mounted
ORA-13262: geometry column /u01/app/oracle/oradata/ttprod/users01.dbf does not exist in table SP2-0552
CLST-01903: configuring node: host name PK_CUSTOMER_ACCOUNTS , private interconnect name ttprod2
Errors in file /u01/app/oracle/diag/rdbms/ttprod/ttprod1/trace/ttprod1_ora_30766.trc
Beginning log switch checkpoint up to RBA
Beginning log switch checkpoint up to RBA
TNS-00534: Failed to grant connection ownership to child
SUCCESS: diskgroup DATA was mounted
Archived Log entry 624 added for thread 1 sequence 4445
Thread 1 advanced to log sequence 621
Thread 1 advanced to log sequence 726
EVM-00312: Eventlog " session_1123 " disabled
Thread 1 advanced to log sequence 154
Current log# 662 seq# 2966 mem# 0
ORA-01113: file TNS_ADMIN needs media recovery
RMAN-06280: Report of obsolete backups and copies
Instance shutdown complete
Completed checkpoint up to RBA
Undo initialization finished
RMAN-05586: The following materialized objects were found in skipped tablespaces
Archived Log entry 334 added for thread 1 sequence 7211
Redo thread mounted read/write
Archived Log entry 297 added for thread 1 sequence 4192
Starting background process VKTM
LSX-00132: attribute "~1S" has invalid occurrences value "~2S"
Archived Log entry 535 added for thread 1 sequence 1482
Completed checkpoint up to RBA
Beginning log switch checkpoint up to RBA
Completed checkpoint up to RBA
Autotune of undo retention is turned on.
Archived Log entry 466 added for thread 1 sequence 1945
ORA-13500: SYSAUX DATAFILE clause specified more than once
SUCCESS: diskgroup DATA was mounted
Thread 1 advanced to log sequence 892
Beginning log switch checkpoint up to RBA
NNO-00313: server password length 42 exceeds maximum of large pool
Starting background process VKTM
EXP-00050: Cannot perform Partition Export " shared pool " on non-partitioned table " SP2-0552 "
Thread 1 advanced to log sequence 117
SUCCESS: diskgroup DATA was mounted
Current log# 799 seq# 8992 mem# 0
Instance shutdown complete
Starting background process VKTM
Thread 1 advanced to log sequence 107
ORA-01261: Parameter USERS destination /u01/app/oracle/oradata/ttprod/users01.dbf cannot be translated
Archived Log entry 847 added for thread 1 sequence 8781
Thread 1 advanced to log sequence 805
Current log# 465 seq# 7984 mem# 0
Archived Log entry 890 added for thread 1 sequence 5249
Archived Log entry 778 added for thread 1 sequence 7656
RMAN-10007: error closing cursor
Completed checkpoint up to RBA
Current log# 100 seq# 3779 mem# 0
SUCCESS: diskgroup DATA was mounted
DRG-10502: index APP_USER42 does not exist
Undo initialization finished
ORA-45906: moving instantly restored data file INVOICE_LINES_IDX is not supported
Instance shutdown complete
Completed checkpoint up to RBA
Completed checkpoint up to RBA
Thread 1 advanced to log sequence 787
Redo thread mounted read/write
NNL-00553: Displays forwarding statistics
Errors in file /u01/app/oracle/diag/rdbms/ttprod/ttprod1/trace/ttprod1_ora_47813.trc
Beginning log switch checkpoint up to RBA
Archived Log entry 571 added for thread 1 sequence 1182
Archived Log entry 961 added for thread 1 sequence 2530
Beginning log switch checkpoint up to RBA
PCC-02113: DBMS=V6 no longer supported; using DBMS=NATIVE, CHAR_MAP=VARCHAR2.
Errors in file /u01/app/oracle/diag/rdbms/ttprod/ttprod1/trace/ttprod1_ora_33417.trc
Beginning log switch checkpoint up to RBA
SUCCESS: diskgroup DATA was mounted
Autotune of undo retention is turned on.
Thread 1 advanced to log sequence 663
Archived Log entry 329 added for thread 1 sequence 6933
PCC-01005: PROCEDURE DIVISION not found
Errors in file /u01/app/oracle/diag/rdbms/ttprod/ttprod1/trace/ttprod1_ora_64085.trc
Thread 1 advanced to log sequence 6
ORA-22885: cannot get REF to a non-persistent object
SUCCESS: diskgroup DATA was mounted
Undo initialization finished
Instance shutdown complete
Autotune of undo retention is turned on.
NZE-29038: There are no matching certificates.
Current log# 300 seq# 7562 mem# 0
ORA-09957: Unable to send termination request to IMON
Instance shutdown complete
ARC0: Archival started
Thread 1 advanced to log sequence 256
ORA-39147: cannot migrate Data Pump queue table ownership to this instance
PLS-00602: CUBE and ROLLUP may appear only in a GROUP BY clause
ARC0: Archival started
ARC0: Archival started
CRS-01628: A Configuration change request failed because read of existing voting files failed; Details at TNS_ADMIN in large pool
Starting background process VKTM
Redo thread mounted read/write
Completed checkpoint up to RBA
Redo thread mounted read/write
Undo initialization finished
XOQ-01493: Invalid specification for dimension " NETWORK_OPS.SIM_INVENTORY " in precompute condition for cube " 5000 "
Starting background process VKTM
Archived Log entry 609 added for thread 1 sequence 7103
Thread 1 advanced to log sequence 431
Completed checkpoint up to RBA
ORA-29282: invalid file ID
Completed checkpoint up to RBA
Current log# 297 seq# 6744 mem# 0
Redo thread mounted read/write
ORA-09790: sllfcf: unable to close file.
Current log# 350 seq# 4735 mem# 0
INS-35092: The service name provided for RAC One cannot be the same as the global database name.
Beginning log switch checkpoint up to RBA
ARC0: Archival started
Redo thread mounted read/write
ORA-55351: RDF secure access option not supported or is invalid
Starting background process VKTM
Archived Log entry 690 added for thread 1 sequence 5299
SUCCESS: diskgroup DATA was mounted
ORA-01704: 42 literal too long
Errors in file /u01/app/oracle/diag/rdbms/ttprod/ttprod1/trace/ttprod1_ora_47798.trc
Starting background process VKTM
ARC0: Archival started
ORA-09282: sllfrb: error reading records
XOQ-02523: unsupported data type " _SYSSMU7$ "
Completed checkpoint up to RBA
Current log# 960 seq# 2453 mem# 0
Current log# 267 seq# 9128 mem# 0
Thread 1 advanced to log sequence 243
Archived Log entry 573 added for thread 1 sequence 6937
ORA-08413: invalid compiler type in FORMAT parameter at CRM.CALL_DETAIL_RECORDS
Starting background process VKTM
Beginning log switch checkpoint up to RBA
TNS-03511: Used parameter files: NETWORK_OPS.SIM_INVENTORY
Completed checkpoint up to RBA
SUCCESS: diskgroup DATA was mounted
TNS-01007: quit | exit : exit LSNRCTL
Errors in file /u01/app/oracle/diag/rdbms/ttprod/ttprod1/trace/ttprod1_ora_96395.trc
ARC0: Archival started
Thread 1 advanced to log sequence 616
SUCCESS: diskgroup DATA was mounted
XOQ-01970: Attribute " CDR_STAGING " has no attribute map.
Completed checkpoint up to RBA
ORA-38438: getVarchar not possible due to " INVOICE_LINES_IDX " datatype in the attribute set
Redo thread mounted read/write
Instance shutdown complete
Thread 1 advanced to log sequence 346
TNS-04208: Trace Assistant Internal ERROR: Fatal
ARC0: Archival started
Beginning log switch checkpoint up to RBA
Current log# 924 seq# 1126 mem# 0
INS-30051: Failed while checking for SP2-0552 directory existence on remote node ( PK_CUSTOMER_ACCOUNTS ) using SRVM API.
Instance shutdown complete
Beginning log switch checkpoint up to RBA
Beginning log switch checkpoint up to RBA
Undo initialization finished
ORA-12845: failed to receive interinstance parallel execution message
Current log# 283 seq# 6006 mem# 0
Beginning log switch checkpoint up to RBA
ARC0: Archival started
Starting background process VKTM
Thread 1 advanced to log sequence 484
PRCD-01209: RAC One Node database {0} does not have enough servers in its server pool {1} to initiate an online relocation
Errors in file /u01/app/oracle/diag/rdbms/ttprod/ttprod1/trace/ttprod1_ora_18341.trc
LSX-00111: type "~S" contains invalid facets
Completed checkpoint up to RBA
ORA-31153: Cannot create schema URL with reserved prefix "http://xmlns.oracle.com/xdb/schemas/"
Archived Log entry 270 added for thread 1 sequence 7776
SUCCESS: diskgroup DATA was mounted
Completed checkpoint up to RBA
ORA-01941: SEQUENCE keyword expected
Errors in file /u01/app/oracle/diag/rdbms/ttprod/ttprod1/trace/ttprod1_ora_41999.trc
Current log# 323 seq# 6686 mem# 0
Current log# 459 seq# 6966 mem# 0
Beginning log switch checkpoint up to RBA
PCC-02436: This attribute is only valid for external LOB types (BFILEs)
Errors in file /u01/app/oracle/diag/rdbms/ttprod/ttprod1/trace/ttprod1_ora_33228.trc
SUCCESS: diskgroup DATA was mounted
Archived Log entry 300 added for thread 1 sequence 5189
ORA-06565: cannot execute INVOICE_LINES_IDX from within stored procedure
Undo initialization finished
Thread 1 advanced to log sequence 570
Current log# 504 seq# 6547 mem# 0
ARC0: Archival started
Autotune of undo retention is turned on.
Beginning log switch checkpoint up to RBA
ORA-09207: sfsrd: error reading from file
Errors in file /u01/app/oracle/diag/rdbms/ttprod/ttprod1/trace/ttprod1_ora_44355.trc
Current log# 766 seq# 7302 mem# 0
Starting background process VKTM
SUCCESS: diskgroup DATA was mounted
Redo thread mounted read/write
Thread 1 advanced to log sequence 104
Redo thread mounted read/write
ORA-64115: XMLIndex Exchange Partition: the table has no XMLIndex
Thread 1 advanced to log sequence 274
Archived Log entry 524 added for thread 1 sequence 6260
SUCCESS: diskgroup DATA was mounted
Completed checkpoint up to RBA
Beginning log switch checkpoint up to RBA
Thread 1 advanced to log sequence 348
RMAN-06140: cannot specify TAG option with LIST INCARNATION
Thread 1 advanced to log sequence 205
Undo initialization finished
Redo thread mounted read/write
Beginning log switch checkpoint up to RBA
Archived Log entry 510 added for thread 1 sequence 5166
Beginning log switch checkpoint up to RBA
PLS-00997: no cursor return types allowed in this beta version
Archived Log entry 393 added for thread 1 sequence 6184
ORA-13862: Statistics aggregation for client identifier CDR_STAGING is not enabled
Errors in file /u01/app/oracle/diag/rdbms/ttprod/ttprod1/trace/ttprod1_ora_65714.trc
Instance shutdown complete
Autotune of undo retention is turned on.
Autotune of undo retention is turned on.
Autotune of undo retention is turned on.
TNS-00119: Missing PUMP_CONNECTIONS in INTCHG.ORA
Errors in file /u01/app/oracle/diag/rdbms/ttprod/ttprod1/trace/ttprod1_ora_46130.trc
Thread 1 advanced to log sequence 131
Current log# 131 seq# 4177 mem# 0
Beginning log switch checkpoint up to RBA
Autotune of undo retention is turned on.
Redo thread mounted read/write
Undo initialization finished
ORA-13039: failed to update spatial index for element PK_CUSTOMER_ACCOUNTS . ttprod1 . 17
Errors in file /u01/app/oracle/diag/rdbms/ttprod/ttprod1/trace/ttprod1_ora_37229.trc
Redo thread mounted read/write
Instance shutdown complete
Autotune of undo retention is turned on.
Undo initialization finished
Starting background process VKTM
ORA-39194: Table mode jobs require the tables to be comma separated.
Beginning log switch checkpoint up to RBA
Redo thread mounted read/write
Starting background process VKTM
Thread 1 advanced to log sequence 204
Current log# 461 seq# 8858 mem# 0
ORA-13379: invalid index for sub-element to be extracted
Thread 1 advanced to log sequence 534
ARC0: Archival started
Archived Log entry 253 added for thread 1 sequence 1237
Starting background process VKTM
ORA-25153: Temporary Tablespace is Empty
Current log# 396 seq# 6377 mem# 0
TNS-04037: Connections refer to ttprod1 .
SUCCESS: diskgroup DATA was mounted
Thread 1 advanced to log sequence 372
Instance shutdown complete
Beginning log switch checkpoint up to RBA
RMAN-00557: could not open MSGLOG " ttprod1 "
QSM-01112: WHERE clause of mv, SYSAUX , is more restrictive than query
Archived Log entry 858 added for thread 1 sequence 5756
Archived Log entry 881 added for thread 1 sequence 3545
NZE-28808: Cannot retrieve method information from the configuration file.
Errors in file /u01/app/oracle/diag/rdbms/ttprod/ttprod1/trace/ttprod1_ora_78208.trc
ARC0: Archival started
ORA-13720: dimension name provided is too long
Starting background process VKTM
Current log# 790 seq# 7338 mem# 0
Instance shutdown complete
RMAN-06532: redundancy count must be greater than zero
Archived Log entry 766 added for thread 1 sequence 3705
Starting background process VKTM
Archived Log entry 294 added for thread 1 sequence 2767
PLS-00261: Java CALL Specification not yet allowed as a method in an object type
Starting background process VKTM
Autotune of undo retention is turned on.
Beginning log switch checkpoint up to RBA
ORA-02284: duplicate INCREMENT BY specifications
Errors in file /u01/app/oracle/diag/rdbms/ttprod/ttprod1/trace/ttprod1_ora_78792.trc
Instance shutdown complete
NZE-28778: Configuration parameter is not specified in the proper format.
Archived Log entry 921 added for thread 1 sequence 5280
ORA-14285: cannot COALESCE the only partition of this hash partitioned table or index
Errors in file /u01/app/oracle/diag/rdbms/ttprod/ttprod1/trace/ttprod1_ora_15122.trc
ORA-13427: invalid bitmap mask
Thread 1 advanced to log sequence 446
Undo initialization finished
Completed checkpoint up to RBA
OCI-31086: insufficient privileges to register global schema " PK_CUSTOMER_ACCOUNTS "
Autotune of undo retention is turned on.
ARC0: Archival started
Current log# 578 seq# 8444 mem# 0
Thread 1 advanced to log sequence 614
SUCCESS: diskgroup DATA was mounted
QSM-00774: there are no SQL statements to process for task ttstandby01
Archived Log entry 113 added for thread 1 sequence 5658
Completed checkpoint up to RBA
SUCCESS: diskgroup DATA was mounted
Thread 1 advanced to log sequence 291
XOQ-01952: The CubeMap for cube " 1024 " must contain either a query or a From clause.
ARC0: Archival started
Starting background process VKTM
Autotune of undo retention is turned on.
Thread 1 advanced to log sequence 912
PLS-00154: An object type may have only 1 MAP or 1 ORDER method.
Archived Log entry 169 added for thread 1 sequence 8998
Autotune of undo retention is turned on.
ORA-55621: User quota on tablespace " USERS " is not enough for Flashback Archive
Redo thread mounted read/write
Completed checkpoint up to RBA
SUCCESS: diskgroup DATA was mounted
ARC0: Archival started
Undo initialization finished
Completed checkpoint up to RBA
ORA-42020: partition cannot be redefined online because of unsupported type of interim table
ORA-36380: (AGGRECURSE) AGGREGATE was called recursively, which is not allowed.
Redo thread mounted read/write
ORA-19604: conversation file naming phase is over
Completed checkpoint up to RBA
SUCCESS: diskgroup DATA was mounted
ORA-26763: invalid file type " TNS_ADMIN "
Errors in file /u01/app/oracle/diag/rdbms/ttprod/ttprod1/trace/ttprod1_ora_87550.trc
Current log# 91 seq# 6961 mem# 0
Undo initialization finished
Archived Log entry 675 added for thread 1 sequence 3613
Thread 1 advanced to log sequence 908
DIA-49412: Package ID does not match existing ID [ CDR_STAGING ] [ SYSAUX ]
Errors in file /u01/app/oracle/diag/rdbms/ttprod/ttprod1/trace/ttprod1_ora_18595.trc
Undo initialization finished
Completed checkpoint up to RBA
CRS-01338: Failed to add a delete key operation for key ' 5000 ' to a batch in OLR. Details at 3 in 42 .
Current log# 848 seq# 9794 mem# 0
Archived Log entry 222 added for thread 1 sequence 5592
Thread 1 advanced to log sequence 845
CRS-00453: CRS configuration error, unable to find Instance Information in Oracle Cluster Registry.
Errors in file /u01/app/oracle/diag/rdbms/ttprod/ttprod1/trace/ttprod1_ora_59153.trc
Starting background process VKTM
Redo thread mounted read/write
Instance shutdown complete
Beginning log switch checkpoint up to RBA
ORA-23501: refresh template cannot be instantiated for database with compatibilty equal to or less than 8.0
Completed checkpoint up to RBA
SUCCESS: diskgroup DATA was mounted
Completed checkpoint up to RBA
Redo thread mounted read/write
Autotune of undo retention is turned on.
Current log# 130 seq# 2945 mem# 0
ORA-34357: (MXDSS10) BILLING.CUST_ORDERS is not an alias of analytic workspace BILLING.CUST_ORDERS .
Beginning log switch checkpoint up to RBA
ORA-17633: Operation not supported as one of the servers involved is not capable of performing the requested operation
Redo thread mounted read/write
ARC0: Archival started
ARC0: Archival started
Undo initialization finished
OCI-30111: no closing quote for value ' SYSAUX '
Autotune of undo retention is turned on.
Starting background process VKTM
Autotune of undo retention is turned on.
SUCCESS: diskgroup DATA was mounted
Archived Log entry 631 added for thread 1 sequence 3423
Instance shutdown complete
TNS-12660: Encryption or crypto-checksumming parameters incompatible
Thread 1 advanced to log sequence 244
Completed checkpoint up to RBA
Autotune of undo retention is turned on.
SUCCESS: diskgroup DATA was mounted
Autotune of undo retention is turned on.
Completed checkpoint up to RBA
PRCD-01144: The {0} management policy is not valid for RAC One Node database {1}
Current log# 454 seq# 3406 mem# 0
ORA-06743: TLI Driver: cannot alloc t_bind
ORA-29284: file read error
Thread 1 advanced to log sequence 269
Archived Log entry 98 added for thread 1 sequence 9100
ORA-29873: warning in the execution of ODCIINDEXDROP routine
Errors in file /u01/app/oracle/diag/rdbms/ttprod/ttprod1/trace/ttprod1_ora_48805.trc
Starting background process VKTM
DRG-11710: thesaurus term APP_USER42 too long
Errors in file /u01/app/oracle/diag/rdbms/ttprod/ttprod1/trace/ttprod1_ora_49859.trc
Completed checkpoint up to RBA
Undo initialization finished
ORA-56708: Could not find any datafiles with asynchronous i/o capability
Errors in file /u01/app/oracle/diag/rdbms/ttprod/ttprod1/trace/ttprod1_ora_93475.trc
Undo initialization finished
Undo initialization finished
Autotune of undo retention is turned on.
PCB-00304: Oracle extension to the WHENEVER statement
Archived Log entry 110 added for thread 1 sequence 8689
Beginning log switch checkpoint up to RBA
Starting background process VKTM
Instance shutdown complete
Thread 1 advanced to log sequence 83
PRCR-01094: Failed to start resources on node {0}: {1}
Thread 1 advanced to log sequence 405
SUCCESS: diskgroup DATA was mounted
Redo thread mounted read/write
ORA-02189: ON <tablespace> required
Redo thread mounted read/write
Thread 1 advanced to log sequence 32
Instance shutdown complete
Archived Log entry 967 added for thread 1 sequence 1965
Thread 1 advanced to log sequence 14
ORA-31499: null value specified for required parameter shared pool
Archived Log entry 791 added for thread 1 sequence 5907
ARC0: Archival started
Completed checkpoint up to RBA
ARC0: Archival started
PRVF-04049: OCR version is inconsistent amongst the nodes
Errors in file /u01/app/oracle/diag/rdbms/ttprod/ttprod1/trace/ttprod1_ora_36984.trc
ARC0: Archival started
Starting background process VKTM
ORA-13112: cannot delete topo_geometry layer [ ttstandby01 ] from topology
Completed checkpoint up to RBA
Beginning log switch checkpoint up to RBA
ORA-31472: Importing Change Data Capture version NETWORK_OPS.SIM_INVENTORY . CDR_STAGING is too new
Starting background process VKTM
Beginning log switch checkpoint up to RBA
Current log# 368 seq# 3124 mem# 0
DRG-11216: length of datastore data exceeds limit
SUCCESS: diskgroup DATA was mounted
Archived Log entry 540 added for thread 1 sequence 5470
Beginning log switch checkpoint up to RBA
Autotune of undo retention is turned on.
Starting background process VKTM
Current log# 872 seq# 6214 mem# 0
ORA-44807: Peformance Class name is too large
Thread 1 advanced to log sequence 936
PCC-02377: Arrays of implicit varchars are not permitted
Instance shutdown complete
ORA-12994: drop column option only allowed once in statement
Autotune of undo retention is turned on.
ARC0: Archival started
ARC0: Archival started
Completed checkpoint up to RBA
Autotune of undo retention is turned on.
CLSR-00006: Error encountered when writing file APP_USER42
Redo thread mounted read/write
Redo thread mounted read/write
Beginning log switch checkpoint up to RBA
Archived Log entry 468 added for thread 1 sequence 9498
Undo initialization finished
Autotune of undo retention is turned on.
PRCR-01055: Cluster membership check failed for node {0}
RMAN-06484: changed control file copy expired
Beginning log switch checkpoint up to RBA
SUCCESS: diskgroup DATA was mounted
Archived Log entry 920 added for thread 1 sequence 9144
SUCCESS: diskgroup DATA was mounted
ARC0: Archival started
Redo thread mounted read/write
RMAN-08606: WARNING: The change tracking file is invalid.
SUCCESS: diskgroup DATA was mounted
Autotune of undo retention is turned on.
Archived Log entry 849 added for thread 1 sequence 2084
SUCCESS: diskgroup DATA was mounted
ORA-02211: invalid value for PCTFREE or PCTUSED
Thread 1 advanced to log sequence 714
Archived Log entry 967 added for thread 1 sequence 9533
Archived Log entry 414 added for thread 1 sequence 9477
Undo initialization finished
ORA-00822: MMAN process terminated with error
Instance shutdown complete
ORA-53404: Missing the mandatory DICOM attribute _SYSSMU12$ .
Errors in file /u01/app/oracle/diag/rdbms/ttprod/ttprod1/trace/ttprod1_ora_68790.trc
Starting background process VKTM
Completed checkpoint up to RBA
Redo thread mounted read/write
Redo thread mounted read/write
OCI-30182: invalid precision specifier
ORA-02779: Stat failed on core dump directory
Autotune of undo retention is turned on.
Thread 1 advanced to log sequence 153
Current log# 162 seq# 8731 mem# 0
ORA-26754: cannot specify both one-to-one transformation function SYSAUX and one-to-many transformation function /u01/app/oracle/oradata/ttprod/users01.dbf
Beginning log switch checkpoint up to RBA
Completed checkpoint up to RBA
Beginning log switch checkpoint up to RBA
PLS-00628: ' _SYSSMU7$ ' must be a valid record attribute
Completed checkpoint up to RBA
LPX-01024: [XQTY0024] Attribute node out of context
Autotune of undo retention is turned on.
Autotune of undo retention is turned on.
SUCCESS: diskgroup DATA was mounted
SUCCESS: diskgroup DATA was mounted
Instance shutdown complete
ARC0: Archival started
DRG-50701: error in listener.get_cmd()
Starting background process VKTM
SUCCESS: diskgroup DATA was mounted
Instance shutdown complete
SUCCESS: diskgroup DATA was mounted
ARC0: Archival started
Undo initialization finished
NNL-01072: Administrative region name: SYSAUX
SUCCESS: diskgroup DATA was mounted
Beginning log switch checkpoint up to RBA
ORA-16185: REMOTE_ARCHIVE_ENABLE and LOG_ARCHIVE_CONFIG mutually exclusive
RDE-00026: expected delimiter not found. Expected: " CDR_STAGING " Found: " CDR_STAGING "
Starting background process VKTM
SUCCESS: diskgroup DATA was mounted
Instance shutdown complete
ORA-44738: Group large pool did not exist.
ORA-32038: number of WITH clause column names does not match number of elements in select list
Autotune of undo retention is turned on.
Completed checkpoint up to RBA
Autotune of undo retention is turned on.
Archived Log entry 531 added for thread 1 sequence 2293
ORA-19902: incarnation key _SYSSMU12$ not found
Completed checkpoint up to RBA
Current log# 904 seq# 6890 mem# 0
Beginning log switch checkpoint up to RBA
Completed checkpoint up to RBA
ORA-19971: event 10875 or 10879 is set
Errors in file /u01/app/oracle/diag/rdbms/ttprod/ttprod1/trace/ttprod1_ora_30923.trc
Archived Log entry 648 added for thread 1 sequence 6149
Redo thread mounted read/write
Redo thread mounted read/write
ORA-04014: descending sequences that CYCLE must specify MINVALUE
Errors in file /u01/app/oracle/diag/rdbms/ttprod/ttprod1/trace/ttprod1_ora_93603.trc
SUCCESS: diskgroup DATA was mounted
Autotune of undo retention is turned on.
Completed checkpoint up to RBA
Redo thread mounted read/write
ORA-36952: (XSFCAST23) You cannot specify a cycle number when querying the CRM.CALL_DETAIL_RECORDS forecasting option.
Autotune of undo retention is turned on.
Undo initialization finished
Completed checkpoint up to RBA
SUCCESS: diskgroup DATA was mounted
ARC0: Archival started
Completed checkpoint up to RBA
DRG-11142: PK_CUSTOMER_ACCOUNTS cannot be TNS_ADMIN
PRCS-01001: Failed to enable {0}
Errors in file /u01/app/oracle/diag/rdbms/ttprod/ttprod1/trace/ttprod1_ora_14343.trc
Starting background process VKTM
Instance shutdown complete
SUCCESS: diskgroup DATA was mounted
Beginning log switch checkpoint up to RBA
SUCCESS: diskgroup DATA was mounted
RMAN-08524: input control file copy name= SYSAUX
Current log# 102 seq# 7530 mem# 0
ORA-02186: tablespace resource privilege may not appear with other privileges
Errors in file /u01/app/oracle/diag/rdbms/ttprod/ttprod1/trace/ttprod1_ora_10899.trc
Instance shutdown complete
Archived Log entry 227 added for thread 1 sequence 1980
ARC0: Archival started
DRG-50915: last document number NETWORK_OPS.SIM_INVENTORY is not an integer
Starting background process VKTM
Autotune of undo retention is turned on.
RMAN-08040: full resync skipped, control file is not current or backup
Redo thread mounted read/write
ARC0: Archival started
Instance shutdown complete
Undo initialization finished
ARC0: Archival started
Beginning log switch checkpoint up to RBA
LPX-01065: [XQST0065] Repeated ordering mode declaration
ORA-36764: (XSAGGCNTMOVE02) AGGCOUNT variable workspace object must be of type INTEGER, not USERS .
Undo initialization finished
Instance shutdown complete
Instance shutdown complete
ORA-12203: TNS:unable to connect to destination
Redo thread mounted read/write
Instance shutdown complete
Thread 1 advanced to log sequence 895
Current log# 583 seq# 7048 mem# 0
Undo initialization finished
Autotune of undo retention is turned on.
ORA-32507: expecting ttprod2 but found _SYSSMU12$
Instance shutdown complete
ARC0: Archival started
Thread 1 advanced to log sequence 390
Archived Log entry 664 added for thread 1 sequence 7760
PLS-00454: with a returning into clause, the table expression cannot be remote or a subquery
Thread 1 advanced to log sequence 245
Undo initialization finished
TNS-01050: INVOICE_LINES_IDX
Thread 1 advanced to log sequence 665
Archived Log entry 997 added for thread 1 sequence 6202
CRS-02556: Resource ' shared pool ' cannot be restored to its original state after a failed relocate attempt
SUCCESS: diskgroup DATA was mounted
Instance shutdown complete
Current log# 912 seq# 7663 mem# 0
Redo thread mounted read/write
Undo initialization finished
Autotune of undo retention is turned on.
CRS-10103: Found DATA_TS01 syntax errors in environment file 3 .
Starting background process VKTM
Autotune of undo retention is turned on.
Beginning log switch checkpoint up to RBA
SUCCESS: diskgroup DATA was mounted
Redo thread mounted read/write
Undo initialization finished
PLS-01413: Use of NULL an expression
ARC0: Archival started
ARC0: Archival started
Starting background process VKTM
Redo thread mounted read/write
Beginning log switch checkpoint up to RBA
ORA-01672: control file may be missing files or have extra ones
Starting background process VKTM
Starting background process VKTM
ARC0: Archival started
Redo thread mounted read/write
SUCCESS: diskgroup DATA was mounted
ORA-24440: OCI Easy Install mode cannot be initialized
Instance shutdown complete
Undo initialization finished
Autotune of undo retention is turned on.
Starting background process VKTM
SUCCESS: diskgroup DATA was mounted
SUCCESS: diskgroup DATA was mounted
ORA-36956: (XSFCAST25) There are only number PERIODICITY values. You cannot specify more OFFSET values.
Instance shutdown complete
Autotune of undo retention is turned on.
PGU-41061: OUTFILE parameter was previously specified
Errors in file /u01/app/oracle/diag/rdbms/ttprod/ttprod1/trace/ttprod1_ora_80407.trc
Autotune of undo retention is turned on.
Starting background process VKTM
Instance shutdown complete
Completed checkpoint up to RBA
Beginning log switch checkpoint up to RBA
ORA-13762: The _SYSSMU7$ ranking measure is invalid.
Instance shutdown complete
Beginning log switch checkpoint up to RBA
Archived Log entry 612 added for thread 1 sequence 9361
Archived Log entry 301 added for thread 1 sequence 1060
Completed checkpoint up to RBA
Autotune of undo retention is turned on.
ORA-12801: error signaled in parallel query server shared pool
Beginning log switch checkpoint up to RBA
Undo initialization finished
Archived Log entry 482 added for thread 1 sequence 4841
Beginning log switch checkpoint up to RBA
ORA-32009: cannot reset the memory value for instance ttstandby01 from instance NETWORK_OPS.SIM_INVENTORY
Autotune of undo retention is turned on.
Instance shutdown complete
Archived Log entry 350 added for thread 1 sequence 7726
Thread 1 advanced to log sequence 995
Starting background process VKTM
ORA-08464: input raw decimal data contains more than 42 digits
Thread 1 advanced to log sequence 476
Completed checkpoint up to RBA
Beginning log switch checkpoint up to RBA
Starting background process VKTM
ORA-36884: (XSSRF03) The value of the first parameter of the AW single row function is incorrect.
ARC0: Archival started
Current log# 731 seq# 4847 mem# 0
Redo thread mounted read/write
ORA-06909: CMX: error during acknowledge of ORACLE_SID
Archived Log entry 295 added for thread 1 sequence 4863
Completed checkpoint up to RBA
Completed checkpoint up to RBA
ORA-09200: sfccf: error creating file
SUCCESS: diskgroup DATA was mounted
Redo thread mounted read/write
Thread 1 advanced to log sequence 358
Undo initialization finished
ORA-30156: Out of disk space
ARC0: Archival started
ORA-14134: indexes cannot use both DESC and REVERSE
ARC0: Archival started
SUCCESS: diskgroup DATA was mounted
Instance shutdown complete
ARC0: Archival started
Starting background process VKTM
Thread 1 advanced to log sequence 612
ORA-08264: ora_addr: cannot close nameserver
Errors in file /u01/app/oracle/diag/rdbms/ttprod/ttprod1/trace/ttprod1_ora_91738.trc
Undo initialization finished
Undo initialization finished
Archived Log entry 899 added for thread 1 sequence 9103
ORA-30204: buffer is not large enougth
Autotune of undo retention is turned on.
Archived Log entry 689 added for thread 1 sequence 7127
SUCCESS: diskgroup DATA was mounted
Starting background process VKTM
ORA-53025: invalid constraint document: INVOICE_LINES_IDX
Redo thread mounted read/write
RMAN-08126: keep attributes for the proxy copy are changed
Thread 1 advanced to log sequence 572
Redo thread mounted read/write
Starting background process VKTM
PGA-20939: receive lengths array too small ( number ) to contain a valid receive count
Errors in file /u01/app/oracle/diag/rdbms/ttprod/ttprod1/trace/ttprod1_ora_15338.trc
ORA-14146: Old CONNECT BY does not support partitioned tables
Undo initialization finished
SUCCESS: diskgroup DATA was mounted
Current log# 617 seq# 3345 mem# 0
ORA-01911: CONTENTS keyword expected
Errors in file /u01/app/oracle/diag/rdbms/ttprod/ttprod1/trace/ttprod1_ora_42566.trc
LFI-00116: Unable to close file in operation SP2-0552 .
Archived Log entry 856 added for thread 1 sequence 9532
ARC0: Archival started
ORA-19187: FOCA0002: invalid lexical value
PGU-39620: TG rc %4li, BILLING.CUST_ORDERS
Completed checkpoint up to RBA
ARC0: Archival started
Undo initialization finished
Autotune of undo retention is turned on.
DRG-11214: execution of procedure filter stored procedure has failed
Autotune of undo retention is turned on.
Current log# 755 seq# 1011 mem# 0
Instance shutdown complete
ORA-28113: policy predicate has error
Errors in file /u01/app/oracle/diag/rdbms/ttprod/ttprod1/trace/ttprod1_ora_64563.trc
CRS-00009: log file " shared pool " reopened
Errors in file /u01/app/oracle/diag/rdbms/ttprod/ttprod1/trace/ttprod1_ora_37586.trc
Instance shutdown complete
QSM-01619: equivalence cannot be used in ENFORCED integrity mode
Errors in file /u01/app/oracle/diag/rdbms/ttprod/ttprod1/trace/ttprod1_ora_36765.trc
SUCCESS: diskgroup DATA was mounted
Thread 1 advanced to log sequence 848
DRG-50400: maximum number of fuzzy match candidates exceeded: /u01/app/oracle/oradata/ttprod/users01.dbf
Errors in file /u01/app/oracle/diag/rdbms/ttprod/ttprod1/trace/ttprod1_ora_84798.trc
Redo thread mounted read/write
Instance shutdown complete
Completed checkpoint up to RBA
Completed checkpoint up to RBA
Instance shutdown complete
Undo initialization finished
PGA-21011: invalid network name length ( number ), valid range is number : number
Archived Log entry 188 added for thread 1 sequence 6001
Completed checkpoint up to RBA
Undo initialization finished
Current log# 920 seq# 7682 mem# 0
ORA-15000: command disallowed by current instance type
Redo thread mounted read/write
Current log# 550 seq# 2139 mem# 0
Starting background process VKTM
RMAN-03031: this option of set command needs to be used inside a run block
ORA-28334: column is already encrypted
Errors in file /u01/app/oracle/diag/rdbms/ttprod/ttprod1/trace/ttprod1_ora_98579.trc
Starting background process VKTM
ORA-38422: invalid datatype for the attribute: SYSAUX
Archived Log entry 265 added for thread 1 sequence 9889
CRS-02640: Required resource ' session_1123 ' is missing.
Current log# 432 seq# 6912 mem# 0
Undo initialization finished
Undo initialization finished
Starting background process VKTM
Instance shutdown complete
Instance shutdown complete
OCI-21524: object type mismatch
Current log# 136 seq# 4977 mem# 0
Redo thread mounted read/write
Undo initialization finished
PRVF-05827: The response time for name lookup for name "{1}" exceeded {0} seconds
Completed checkpoint up to RBA
Undo initialization finished
Beginning log switch checkpoint up to RBA
ORA-25226: dequeue failed, queue TNS_ADMIN . USERS is not enabled for dequeue
Current log# 855 seq# 5747 mem# 0
Autotune of undo retention is turned on.
Autotune of undo retention is turned on.
Completed checkpoint up to RBA
Beginning log switch checkpoint up to RBA
Undo initialization finished
ORA-08003: sequence ttprod2 .NEXTVAL exceeds internal limits
Current log# 400 seq# 9218 mem# 0
KUP-04001: error opening file 5000
Errors in file /u01/app/oracle/diag/rdbms/ttprod/ttprod1/trace/ttprod1_ora_97231.trc
ARC0: Archival started
DRG-50600: assertion failed
Instance shutdown complete
ARC0: Archival started
CRS-00259: Owner of the resource does not belong to the group.
ORA-00752: recovery detected a lost write of a data block
Archived Log entry 973 added for thread 1 sequence 6194
ARC0: Archival started
Instance shutdown complete
ARC0: Archival started
Undo initialization finished
Undo initialization finished
RMAN-05598: SPFILE and PFILE clause specified in command
SUCCESS: diskgroup DATA was mounted
ARC0: Archival started
CRS-01601: CSSD Reconfiguration complete. Active nodes are PK_CUSTOMER_ACCOUNTS .
Instance shutdown complete
SUCCESS: diskgroup DATA was mounted
ORA-23626: No eligible index on table DATA_TS01 . 3
ORA-12232: TNS:No path available to destination
Starting background process VKTM
Current log# 342 seq# 2670 mem# 0
Starting background process VKTM
ARC0: Archival started
DIA-48172: unable to find a valid ADR base
Beginning log switch checkpoint up to RBA
Completed checkpoint up to RBA
Thread 1 advanced to log sequence 44
Redo thread mounted read/write
Instance shutdown complete
ORA-13770: Baseline " SP2-0552 " does not exist.
ARC0: Archival started
ORA-19723: Cannot recreate plugged in read-only datafile _SYSSMU7$
ORA-28039: cannot validate Kerberos service ticket
Completed checkpoint up to RBA
Starting background process VKTM
INS-40420: The current installation user is not the same as the installation owner of the existing Oracle Grid Infrastructure software.
Errors in file /u01/app/oracle/diag/rdbms/ttprod/ttprod1/trace/ttprod1_ora_36685.trc
ARC0: Archival started
SUCCESS: diskgroup DATA was mounted
PRVF-07530: Sufficient physical memory is not available on node "{0}" [Required physical memory = {1}]
Errors in file /u01/app/oracle/diag/rdbms/ttprod/ttprod1/trace/ttprod1_ora_27871.trc
Redo thread mounted read/write
Beginning log switch checkpoint up to RBA
PRVF-05253: Command "{0}" executed to retrieve GPNP resource status failed on all of the nodes
Errors in file /u01/app/oracle/diag/rdbms/ttprod/ttprod1/trace/ttprod1_ora_17878.trc
SUCCESS: diskgroup DATA was mounted
ARC0: Archival started
Instance shutdown complete
Undo initialization finished
Thread 1 advanced to log sequence 361
ORA-19688: control file AUTOBACKUP format( SYSAUX ) for 42 does not have %F
Completed checkpoint up to RBA
Instance shutdown complete
Starting background process VKTM
Current log# 102 seq# 8423 mem# 0
Archived Log entry 890 added for thread 1 sequence 7390
ORA-19560: /u01/app/oracle/oradata/ttprod/users01.dbf is not a valid device limit name
Thread 1 advanced to log sequence 433
Redo thread mounted read/write
Redo thread mounted read/write
Starting background process VKTM
ORA-14551: cannot perform a DML operation inside a query
Autotune of undo retention is turned on.
Instance shutdown complete
Starting background process VKTM
ORA-37544: Dimension members DIMENSION_MEMBER and MEMBER_ANCESTOR make this dimension star inconsistent.
Starting background process VKTM
Undo initialization finished
Redo thread mounted read/write
Archived Log entry 96 added for thread 1 sequence 1259
ARC0: Archival started
ORA-14761: MAXVALUE partition cannot be specified for Interval partitioned objects
Beginning log switch checkpoint up to RBA
Beginning log switch checkpoint up to RBA
ARC0: Archival started
PRVF-04041: CSS is probably working with a non-clustered, local-only configuration on all the nodes
Completed checkpoint up to RBA
Undo initialization finished
PCB-00309: The CONNECT statement is Oracle implementation dependent
Thread 1 advanced to log sequence 321
Undo initialization finished
Beginning log switch checkpoint up to RBA
ORA-32839: property SP2-0552 is reserved, names with MGWPROP$_ prefix are not valid
Thread 1 advanced to log sequence 137
Undo initialization finished
ARC0: Archival started
Archived Log entry 581 added for thread 1 sequence 2339
ARC0: Archival started
XOQ-02512: large pool XOQ-02512: OLAP DML error while compiling formula for measure " DATA_TS01 "
Errors in file /u01/app/oracle/diag/rdbms/ttprod/ttprod1/trace/ttprod1_ora_33463.trc
Completed checkpoint up to RBA
Autotune of undo retention is turned on.
ORA-24356: internal error while converting from to COBOL display type.
ARC0: Archival started
Current log# 219 seq# 3163 mem# 0
QSM-01204: query rewrite not possible before view merging
ORA-19768: USING clause only valid with ENABLE CHANGE TRACKING
Redo thread mounted read/write
Beginning log switch checkpoint up to RBA
Thread 1 advanced to log sequence 235
ORA-29854: keyword BITMAP may not be used in creating domain indexes
Instance shutdown complete
Redo thread mounted read/write
Thread 1 advanced to log sequence 835
Autotune of undo retention is turned on.
CRS-01216: Cluster Ready Service could not determine node list. Details at CRM.CALL_DETAIL_RECORDS in 1024 .
Starting background process VKTM
Redo thread mounted read/write
Starting background process VKTM
ARC0: Archival started
CRS-02748: Failed to stop resource ' _SYSSMU12$ ' during server reconfiguration on server ' PK_CUSTOMER_ACCOUNTS '.
SUCCESS: diskgroup DATA was mounted
ORA-39071: Value for INVOICE_LINES_IDX is badly formed.
Errors in file /u01/app/oracle/diag/rdbms/ttprod/ttprod1/trace/ttprod1_ora_18708.trc
Starting background process VKTM
PROT-00032: The Oracle Cluster Registry location to be added is a CSS voting file
Beginning log switch checkpoint up to RBA
Autotune of undo retention is turned on.
DRG-10582: column APP_USER42 does not exist in table session_1123
SUCCESS: diskgroup DATA was mounted
Thread 1 advanced to log sequence 628
Undo initialization finished
TNS-01036: session_1123 established: _SYSSMU12$ refused: ttprod1
Errors in file /u01/app/oracle/diag/rdbms/ttprod/ttprod1/trace/ttprod1_ora_89491.trc
SUCCESS: diskgroup DATA was mounted
Completed checkpoint up to RBA
PLS-00113: END identifier ' _SYSSMU7$ ' must match ' _SYSSMU7$ ' at line NETWORK_OPS.SIM_INVENTORY , column ttprod2
Beginning log switch checkpoint up to RBA
ARC0: Archival started
ORA-28394: decryption of data of length SP2-0552 failed
NNL-00294: No entries found
Autotune of undo retention is turned on.
Archived Log entry 700 added for thread 1 sequence 5455
ORA-37580: The EXPRESS AW does not exist.
Instance shutdown complete
ARC0: Archival started
SUCCESS: diskgroup DATA was mounted
Instance shutdown complete
ORA-55302: insufficient privileges UNDOTBS1
ARC0: Archival started
Autotune of undo retention is turned on.
Archived Log entry 242 added for thread 1 sequence 7628
Beginning log switch checkpoint up to RBA
Undo initialization finished
Thread 1 advanced to log sequence 415
PRVF-05623: 'search' entry in file "{0}" on node "{1}" is "{2}" which differs from reference node
ORA-12574: TNS:redirection denied
Beginning log switch checkpoint up to RBA
ARC0: Archival started
Thread 1 advanced to log sequence 537
Thread 1 advanced to log sequence 785
ORA-26865: must send a COMMIT LCR to end transaction ' /u01/app/oracle/oradata/ttprod/users01.dbf ' before sending another transaction
Errors in file /u01/app/oracle/diag/rdbms/ttprod/ttprod1/trace/ttprod1_ora_90742.trc
Redo thread mounted read/write
Instance shutdown complete
Redo thread mounted read/write
Beginning log switch checkpoint up to RBA
ORA-25232: duplicate recipients specified for message
Errors in file /u01/app/oracle/diag/rdbms/ttprod/ttprod1/trace/ttprod1_ora_14605.trc
Instance shutdown complete
DRG-11505: long data on line DATA_TS01 not found or invalid
Errors in file /u01/app/oracle/diag/rdbms/ttprod/ttprod1/trace/ttprod1_ora_40124.trc
ORA-14074: partition bound must collate higher than that of the last partition
SUCCESS: diskgroup DATA was mounted
SUCCESS: diskgroup DATA was mounted
Redo thread mounted read/write
Instance shutdown complete
Autotune of undo retention is turned on.
ORA-31082: invalid attribute " session_1123 " specified in declaration of " /u01/app/oracle/oradata/ttprod/users01.dbf "
Starting background process VKTM
Undo initialization finished
ARC0: Archival started
Thread 1 advanced to log sequence 168
ORA-01981: CASCADE CONSTRAINTS must be specified to perform this revoke
Autotune of undo retention is turned on.
Thread 1 advanced to log sequence 725
Current log# 37 seq# 4038 mem# 0
Archived Log entry 77 added for thread 1 sequence 9608
Autotune of undo retention is turned on.
ORA-30333: dimension does not exist
Completed checkpoint up to RBA
Archived Log entry 693 added for thread 1 sequence 4056
Instance shutdown complete
Completed checkpoint up to RBA
Undo initialization finished
ARC0: Archival started
ORA-15082: ASM failed to communicate with client
Errors in file /u01/app/oracle/diag/rdbms/ttprod/ttprod1/trace/ttprod1_ora_72877.trc
Thread 1 advanced to log sequence 856
ORA-25959: join index must be of the bitmap type
ARC0: Archival started
Instance shutdown complete
Undo initialization finished
ORA-12838: cannot read/modify an object after modifying it in parallel
Errors in file /u01/app/oracle/diag/rdbms/ttprod/ttprod1/trace/ttprod1_ora_50525.trc
Archived Log entry 118 added for thread 1 sequence 6160
Completed checkpoint up to RBA
Completed checkpoint up to RBA
SUCCESS: diskgroup DATA was mounted
INS-40934: A remote directory operation failed on node 42 : Message: PK_CUSTOMER_ACCOUNTS
Errors in file /u01/app/oracle/diag/rdbms/ttprod/ttprod1/trace/ttprod1_ora_70181.trc
Thread 1 advanced to log sequence 686
Undo initialization finished
ARC0: Archival started
Undo initialization finished
PLS-00360: cursor declaration without body needs return type
Thread 1 advanced to log sequence 304
ARC0: Archival started
ORA-31516: CDC change set PK_CUSTOMER_ACCOUNTS already exists
Archived Log entry 318 added for thread 1 sequence 4218
TNS-00127: Missing Connection Manager name in TNSNET.ORA
Current log# 296 seq# 4461 mem# 0
QSM-02204: PCT FAST REFRESH is not possible if query has an inner query
Completed checkpoint up to RBA
Instance shutdown complete
Instance shutdown complete
Archived Log entry 168 added for thread 1 sequence 5677
Starting background process VKTM
Completed checkpoint up to RBA
ORA-14049: invalid ALTER TABLE MODIFY PARTITION option
ORA-24485: Invalid attributes in session pool authentication handle
Undo initialization finished
Completed checkpoint up to RBA
Completed checkpoint up to RBA
LRM-00101: unknown parameter name ' PK_CUSTOMER_ACCOUNTS '
Undo initialization finished
RMAN-08096: channel CDR_STAGING : starting validation of datafile backup set
Errors in file /u01/app/oracle/diag/rdbms/ttprod/ttprod1/trace/ttprod1_ora_44065.trc
ARC0: Archival started
Instance shutdown complete
ARC0: Archival started
Archived Log entry 371 added for thread 1 sequence 4949
Redo thread mounted read/write
NNL-00805: Queries received, type NAME-SERVER: number
Beginning log switch checkpoint up to RBA
Thread 1 advanced to log sequence 207
Completed checkpoint up to RBA
Archived Log entry 1 added for thread 1 sequence 4765
SUCCESS: diskgroup DATA was mounted
ORA-02032: clustered tables cannot be used before the cluster index is built
Errors in file /u01/app/oracle/diag/rdbms/ttprod/ttprod1/trace/ttprod1_ora_41018.trc
ORA-15466: volume name ' 3 ' does not exist
Errors in file /u01/app/oracle/diag/rdbms/ttprod/ttprod1/trace/ttprod1_ora_38853.trc
Instance shutdown complete
DRG-50614: library loading error in shared pool
Starting background process VKTM
Current log# 438 seq# 6238 mem# 0
Completed checkpoint up to RBA
SUCCESS: diskgroup DATA was mounted
ORA-07390: sftopn: translate error, unable to translate file name.
ORA-22839: Direct updates on SYS_NC columns are disallowed
Instance shutdown complete
Beginning log switch checkpoint up to RBA
Starting background process VKTM
Instance shutdown complete
Archived Log entry 992 added for thread 1 sequence 3744
NNL-00899: OK responses sent: number
Starting background process VKTM
Current log# 967 seq# 7425 mem# 0
SUCCESS: diskgroup DATA was mounted
Autotune of undo retention is turned on.
Completed checkpoint up to RBA
Starting background process VKTM
ORA-29521: referenced name ttstandby01 could not be found
Instance shutdown complete
SUCCESS: diskgroup DATA was mounted
SUCCESS: diskgroup DATA was mounted
Autotune of undo retention is turned on.
PRCD-01122: Specified server pool {0} for {1} is already hosting an administrator-managed configuration for service(s) {2}
Errors in file /u01/app/oracle/diag/rdbms/ttprod/ttprod1/trace/ttprod1_ora_26579.trc
Completed checkpoint up to RBA
Autotune of undo retention is turned on.
Archived Log entry 414 added for thread 1 sequence 5218
Instance shutdown complete
Thread 1 advanced to log sequence 829
PLS-00744: DOTNET call specification methodname is null
Errors in file /u01/app/oracle/diag/rdbms/ttprod/ttprod1/trace/ttprod1_ora_61163.trc
Thread 1 advanced to log sequence 115
ARC0: Archival started
Autotune of undo retention is turned on.
SUCCESS: diskgroup DATA was mounted
Completed checkpoint up to RBA
Completed checkpoint up to RBA
ORA-15250: insufficient diskgroup space for rebalance completion
Archived Log entry 941 added for thread 1 sequence 1952
SUCCESS: diskgroup DATA was mounted
Completed checkpoint up to RBA
Current log# 493 seq# 3794 mem# 0
ORA-00072: process " large pool " is not active
Redo thread mounted read/write
Beginning log switch checkpoint up to RBA
QSM-01090: no query rewrite after view merging
Current log# 260 seq# 4070 mem# 0
Thread 1 advanced to log sequence 443
PLS-00213: package STANDARD not accessible
Errors in file /u01/app/oracle/diag/rdbms/ttprod/ttprod1/trace/ttprod1_ora_14842.trc
Undo initialization finished
Starting background process VKTM
Instance shutdown complete
Thread 1 advanced to log sequence 559
Starting background process VKTM
Archived Log entry 940 added for thread 1 sequence 4252
ORA-16110: user procedure processing of logical standby apply DDL
SUCCESS: diskgroup DATA was mounted
Redo thread mounted read/write
Redo thread mounted read/write
ARC0: Archival started
PRCS-01021: Failed to disable Single Client Access Name resources {0}
Thread 1 advanced to log sequence 803
Archived Log entry 191 added for thread 1 sequence 5135
Redo thread mounted read/write
Redo thread mounted read/write
ORA-02738: osnpwrtbrkmsg: incorrect number of bytes written
Redo thread mounted read/write
ORA-29928: duplicate default selectivity specified
Archived Log entry 305 added for thread 1 sequence 1196
RMAN-06171: not connected to target database
ORA-25014: cannot change the value of a PARENT reference variable
SUCCESS: diskgroup DATA was mounted
Undo initialization finished
ORA-24309: already connected to a server
Undo initialization finished
PCC-02011: found identifier greater than 128 characters (truncated)
Undo initialization finished
Redo thread mounted read/write
Thread 1 advanced to log sequence 346
Current log# 855 seq# 1420 mem# 0
Beginning log switch checkpoint up to RBA
Undo initialization finished
PGU-39602: TG 5000 for _SYSSMU7$ = 42 session_1123 , UNDOTBS1 l= _SYSSMU12$ o= 3
Current log# 452 seq# 8691 mem# 0
Undo initialization finished
Starting background process VKTM
Completed checkpoint up to RBA
Beginning log switch checkpoint up to RBA
PCC-00103: AT clause is an Oracle extension
Undo initialization finished
ARC0: Archival started
Instance shutdown complete
Undo initialization finished
RMAN-06802: too many eligible base catalogs found
Instance shutdown complete
Beginning log switch checkpoint up to RBA
Completed checkpoint up to RBA
ARC0: Archival started
Instance shutdown complete
Current log# 546 seq# 6500 mem# 0
DRG-50924: PL/SQL inside PL/SQL not supported
Instance shutdown complete
INS-40705: Invalid characters in Grid Naming Service (GNS) Virtual IP Address.
Thread 1 advanced to log sequence 323
RMAN-06575: platform id number found in datafile ttprod2 header is not a valid platform id
Autotune of undo retention is turned on.
Archived Log entry 52 added for thread 1 sequence 6323
Instance shutdown complete
Starting background process VKTM
Thread 1 advanced to log sequence 3
DIA-48163: error concatenating directory onto path, [ 5000 ], [ _SYSSMU7$ ], [ 3 ]
Undo initialization finished
Beginning log switch checkpoint up to RBA
Redo thread mounted read/write
Current log# 797 seq# 9965 mem# 0
Starting background process VKTM
DRG-13802: MVDATA operand not compatible with the mvdata section CRM.CALL_DETAIL_RECORDS
SUCCESS: diskgroup DATA was mounted
ORA-19615: some files not found in backup set
PRVF-04037: CRS is not installed on any of the nodes
ARC0: Archival started
Thread 1 advanced to log sequence 772
Thread 1 advanced to log sequence 979
ARC0: Archival started
SUCCESS: diskgroup DATA was mounted
ORA-13981: Invalid file URL or path prefix
ARC0: Archival started
Starting background process VKTM
QSM-02088: mv omits at least one grouping key from the select list
Archived Log entry 787 added for thread 1 sequence 5253
Undo initialization finished
Completed checkpoint up to RBA
Undo initialization finished
Autotune of undo retention is turned on.
Starting background process VKTM
QSM-01219: no suitable materialized view found to rewrite this query
Autotune of undo retention is turned on.
Instance shutdown complete
Autotune of undo retention is turned on.
ARC0: Archival started
SUCCESS: diskgroup DATA was mounted
Completed checkpoint up to RBA
INS-41814: The installer has detected that some of the services of Oracle Grid Infrastructure are not running on this system.
Errors in file /u01/app/oracle/diag/rdbms/ttprod/ttprod1/trace/ttprod1_ora_75695.trc
Archived Log entry 399 added for thread 1 sequence 9562
Completed checkpoint up to RBA
Completed checkpoint up to RBA
Autotune of undo retention is turned on.
Undo initialization finished
PLS-00741: USERS must be specified on subprogram TNS_ADMIN 's declaration and definition
ORA-06268: NETNTT: cannot read /etc/oratab
Current log# 683 seq# 1971 mem# 0
Undo initialization finished
PRCN-02058: Invalid listener protocol ENDPOINTS {0}. Delimiter is "{1}", invalid part is "{2}".
Instance shutdown complete
ARC0: Archival started
Redo thread mounted read/write
ARC0: Archival started
Archived Log entry 703 added for thread 1 sequence 2599
ORA-19111: error during evaluation of the XQuery expression
Errors in file /u01/app/oracle/diag/rdbms/ttprod/ttprod1/trace/ttprod1_ora_31912.trc
PRVF-04043: Unable to obtain OCR integrity details from any of the nodes
Thread 1 advanced to log sequence 79
Current log# 502 seq# 5489 mem# 0
Autotune of undo retention is turned on.
Autotune of undo retention is turned on.
ORA-39822: A new direct path operation is not allowed in the current transaction.
ORA-32627: illegal pattern in MODEL FOR LIKE loop
Errors in file /u01/app/oracle/diag/rdbms/ttprod/ttprod1/trace/ttprod1_ora_44314.trc
Autotune of undo retention is turned on.
Current log# 291 seq# 7802 mem# 0
Starting background process VKTM
Autotune of undo retention is turned on.
SUCCESS: diskgroup DATA was mounted
ORA-27621: The value of CRM.CALL_DETAIL_RECORDS is not valid for parameter APP_USER42
Undo initialization finished
Starting background process VKTM
Completed checkpoint up to RBA
Current log# 64 seq# 2523 mem# 0
ORA-31670: Username argument must be specified and non-null.
Completed checkpoint up to RBA
Instance shutdown complete
Archived Log entry 413 added for thread 1 sequence 4458
Archived Log entry 277 added for thread 1 sequence 2455
Beginning log switch checkpoint up to RBA
ARC0: Archival started
PRCD-01116: Failed to get available instances of service {0}
Archived Log entry 439 added for thread 1 sequence 7967
ORA-40322: bin number too large
Undo initialization finished
Starting background process VKTM
ARC0: Archival started
Redo thread mounted read/write
ORA-34296: (MXDCL36) A NUMBER dimension must be defined with a fixed precision and scale, using the form NUMBER(precision) or NUMBER(precision, scale).
Archived Log entry 463 added for thread 1 sequence 8986
ARC0: Archival started
Completed checkpoint up to RBA
Current log# 57 seq# 9191 mem# 0
Current log# 721 seq# 2496 mem# 0
Starting background process VKTM
DRG-13309: operation not supported by USER_LEXER
PRCR-01013: Failed to start resource {0}
Errors in file /u01/app/oracle/diag/rdbms/ttprod/ttprod1/trace/ttprod1_ora_88073.trc
Thread 1 advanced to log sequence 186
Current log# 298 seq# 9630 mem# 0
Archived Log entry 622 added for thread 1 sequence 9381
Current log# 422 seq# 3029 mem# 0
ARC0: Archival started
Archived Log entry 833 added for thread 1 sequence 8355
ORA-25105: RECOVERABLE option can only be used with ALTER INDEX REBUILD
Undo initialization finished
Current log# 6 seq# 6340 mem# 0
Redo thread mounted read/write
RMAN-06453: RECOVERABLE may only be used with datafile objects
Instance shutdown complete
Starting background process VKTM
Archived Log entry 534 added for thread 1 sequence 6203
Instance shutdown complete
ORA-12820: invalid value for DEGREE
Errors in file /u01/app/oracle/diag/rdbms/ttprod/ttprod1/trace/ttprod1_ora_22070.trc
DRG-12006: Plase enter account:
Completed checkpoint up to RBA
Thread 1 advanced to log sequence 313
Archived Log entry 958 added for thread 1 sequence 1066
SUCCESS: diskgroup DATA was mounted
PRKO-03150: The server pool(s) {0} specified with the '-g' cannot be used to add an administrator-managed database
Redo thread mounted read/write
LSX-00146: element or attribute is improperly defined
Undo initialization finished
Archived Log entry 13 added for thread 1 sequence 1321
Instance shutdown complete
ARC0: Archival started
ORA-55471: OLS may not be applied to version-enabled RDF repository
RMAN-10037: RPC anomaly detected on channel session_1123 , UPINBLT= number
Instance shutdown complete
Starting background process VKTM
Thread 1 advanced to log sequence 643
Thread 1 advanced to log sequence 114
ARC0: Archival started
Current log# 371 seq# 5245 mem# 0
ORA-27604: Cell storage ioctl error, ioctl failed on disk APP_USER42
ARC0: Archival started
Archived Log entry 252 added for thread 1 sequence 3096
Current log# 771 seq# 9897 mem# 0
Current log# 667 seq# 4017 mem# 0
Beginning log switch checkpoint up to RBA
Instance shutdown complete
ORA-30934: ' SP2-0552 ' ( 17 node) cannot be inserted in parent ' /u01/app/oracle/oradata/ttprod/users01.dbf ' ( ttstandby01 node)
SUCCESS: diskgroup DATA was mounted
Thread 1 advanced to log sequence 382
Starting background process VKTM
ORA-38776: cannot begin flashback generation - recovery area is disabled
Completed checkpoint up to RBA
Redo thread mounted read/write
Autotune of undo retention is turned on.
Autotune of undo retention is turned on.
Instance shutdown complete
ORA-36378: (XSAGTHRWEIGHT) While running AGGREGATE with multiple threads, the weight variable workspace object specified by your ARGS variable workspace object must exist in the same analytic workspace as your AGGMAP workspace object .
Redo thread mounted read/write
Archived Log entry 426 added for thread 1 sequence 7202
PLS-00431: bulk SQL attributes must use a single index
Archived Log entry 176 added for thread 1 sequence 7039
Starting background process VKTM
SUCCESS: diskgroup DATA was mounted
Beginning log switch checkpoint up to RBA
SUCCESS: diskgroup DATA was mounted
Redo thread mounted read/write
ORA-53125: invalid range tag: ttprod1
Undo initialization finished
Starting background process VKTM
Instance shutdown complete
Archived Log entry 911 added for thread 1 sequence 4762
DRG-11534: invalid column ttprod1
Redo thread mounted read/write
ORA-26564: session_1123 argument is not of specified type
SUCCESS: diskgroup DATA was mounted
ORA-31060: Resource at path TNS_ADMIN could not be deleted
Undo initialization finished
ORA-01248: file TNS_ADMIN was created in the future of incomplete recovery
Current log# 407 seq# 5458 mem# 0
Autotune of undo retention is turned on.
Undo initialization finished
Current log# 39 seq# 8552 mem# 0
Undo initialization finished
ORA-32409: materialized view log on " 3 "." SYSAUX " already excludes new values
Completed checkpoint up to RBA
Autotune of undo retention is turned on.
SUCCESS: diskgroup DATA was mounted
Autotune of undo retention is turned on.
ARC0: Archival started
Thread 1 advanced to log sequence 51
ORA-06737: TLI Driver: connection failed
NCR-02004: NCRF: Invalid format interpreter type context
SUCCESS: diskgroup DATA was mounted
Autotune of undo retention is turned on.
ORA-40001: value for 42 must be greater than zero
ARC0: Archival started
SUCCESS: diskgroup DATA was mounted
Instance shutdown complete
Thread 1 advanced to log sequence 45
JMS-00180: Invalid Queue Type
ORA-34183: (MXCHGDCL22) Partition number already exists.
Errors in file /u01/app/oracle/diag/rdbms/ttprod/ttprod1/trace/ttprod1_ora_35447.trc
Beginning log switch checkpoint up to RBA
Completed checkpoint up to RBA
Archived Log entry 334 added for thread 1 sequence 1800
Undo initialization finished
ORA-24172: rule set ttprod2 . CRM.CALL_DETAIL_RECORDS has errors
Completed checkpoint up to RBA
ARC0: Archival started
PLS-00456: item ' SP2-0552 ' is not a cursor
Errors in file /u01/app/oracle/diag/rdbms/ttprod/ttprod1/trace/ttprod1_ora_33255.trc
Thread 1 advanced to log sequence 883
Beginning log switch checkpoint up to RBA
ORA-30564: Index maintainence clause not allowed for ADD partition to RANGE partitioned tables
Autotune of undo retention is turned on.
Instance shutdown complete
ARC0: Archival started
Completed checkpoint up to RBA
Beginning log switch checkpoint up to RBA
ORA-06532: Subscript outside of limit
Starting background process VKTM
PCC-02333: SQL identifier was not declared as a statement
Redo thread mounted read/write
Current log# 328 seq# 7659 mem# 0
RMAN-08513: datafile copy file name= shared pool RECID= PK_CUSTOMER_ACCOUNTS STAMP= session_1123
Current log# 271 seq# 9259 mem# 0
RMAN-08143: including current control file for validation
Autotune of undo retention is turned on.
CLST-01999: Warning: -force specified. Overwriting existing configuration.
Instance shutdown complete
Starting background process VKTM
ORA-03296: cannot resize datafile - file PK_CUSTOMER_ACCOUNTS not found
Beginning log switch checkpoint up to RBA
SUCCESS: diskgroup DATA was mounted
ARC0: Archival started
ARC0: Archival started
Completed checkpoint up to RBA
ORA-31095: cannot generate SP2-0552 : " large pool . CDR_STAGING " already exists
ARC0: Archival started
Instance shutdown complete
ARC0: Archival started
Thread 1 advanced to log sequence 580
ORA-13506: operation failed due to invalid snapshot range ( _SYSSMU12$ , SYSAUX )
SUCCESS: diskgroup DATA was mounted
ARC0: Archival started
Archived Log entry 192 added for thread 1 sequence 3459
Current log# 256 seq# 6479 mem# 0
ORA-02357: header in file large pool may not contain correct information
Instance shutdown complete
PGA-21105: startup for local LU _SYSSMU7$ is warm
Instance shutdown complete
Undo initialization finished
Current log# 667 seq# 3606 mem# 0
ORA-54659: CREATE_TIN: input extent has to be 2-D for geodetic data
ARC0: Archival started
Current log# 800 seq# 8237 mem# 0
ARC0: Archival started
Redo thread mounted read/write
QSM-01339: rewrite not supported on inline view aggregate
ORA-19012: Cannot convert XML fragment to the required datatype
Undo initialization finished
ORA-54032: column to be renamed is used in a virtual column expression
Instance shutdown complete
Archived Log entry 322 added for thread 1 sequence 6469
Instance shutdown complete
Beginning log switch checkpoint up to RBA
Starting background process VKTM
ORA-39906: Constraint SP2-0552 between table UNDOTBS1 . USERS in tablespace _SYSSMU12$ and table shared pool . _SYSSMU7$ in tablespace UNDOTBS1 .
Starting background process VKTM
SUCCESS: diskgroup DATA was mounted
ORA-39030: invalid file type 42
Thread 1 advanced to log sequence 428
SUCCESS: diskgroup DATA was mounted
Completed checkpoint up to RBA
SUCCESS: diskgroup DATA was mounted
ARC0: Archival started
Autotune of undo retention is turned on.
RMAN-05531: a mounted database cannot be duplicated while datafiles are fuzzy
ARC0: Archival started
ORA-03140: I/O operation in progress
Errors in file /u01/app/oracle/diag/rdbms/ttprod/ttprod1/trace/ttprod1_ora_54109.trc
Thread 1 advanced to log sequence 200
Undo initialization finished
Current log# 289 seq# 9446 mem# 0
ARC0: Archival started
Current log# 462 seq# 4926 mem# 0
Redo thread mounted read/write
ORA-15332: ASM proxy instance cannot connect to an ASM server
Redo thread mounted read/write
Thread 1 advanced to log sequence 685
SUCCESS: diskgroup DATA was mounted
PLS-00736: user-declared operators are not allowed
Current log# 408 seq# 2863 mem# 0
Autotune of undo retention is turned on.
SUCCESS: diskgroup DATA was mounted
NNL-00409: data type is " shared pool "
Beginning log switch checkpoint up to RBA
Beginning log switch checkpoint up to RBA
Undo initialization finished
ARC0: Archival started
Autotune of undo retention is turned on.
ORA-08184: attempting to re-enable Flashback while in Flashback mode
Completed checkpoint up to RBA
Undo initialization finished
Archived Log entry 84 added for thread 1 sequence 4152
Instance shutdown complete
Beginning log switch checkpoint up to RBA
Autotune of undo retention is turned on.
EXP-00003: no storage definition found for segment( number , number )
Thread 1 advanced to log sequence 694
Beginning log switch checkpoint up to RBA
ORA-01083: value of parameter " UNDOTBS1 " is inconsistent with that of other instances
Autotune of undo retention is turned on.
Instance shutdown complete
Archived Log entry 646 added for thread 1 sequence 8125
Archived Log entry 624 added for thread 1 sequence 3418
NID-00122: Database should have no offline immediate datafiles
Completed checkpoint up to RBA
QSM-01043: join back attempted on a table to the RHS of a semi or anti join for DATA_TS01
Errors in file /u01/app/oracle/diag/rdbms/ttprod/ttprod1/trace/ttprod1_ora_94328.trc
Beginning log switch checkpoint up to RBA
Current log# 222 seq# 2338 mem# 0
ORA-26905: Invalid LCR method expression " _SYSSMU7$ " in statement handler.
Undo initialization finished
Archived Log entry 146 added for thread 1 sequence 7443
Autotune of undo retention is turned on.
Archived Log entry 721 added for thread 1 sequence 7013
SUCCESS: diskgroup DATA was mounted
ORA-02757: osnfop: fork_and_bind failed
Autotune of undo retention is turned on.
Beginning log switch checkpoint up to RBA
Redo thread mounted read/write
Archived Log entry 142 added for thread 1 sequence 3124
ORA-00281: media recovery may not be performed using dispatcher
Errors in file /u01/app/oracle/diag/rdbms/ttprod/ttprod1/trace/ttprod1_ora_76212.trc
Undo initialization finished
Current log# 46 seq# 2111 mem# 0
Completed checkpoint up to RBA
ORA-37075: (XSMCSESS03) You cannot rename a session-only dimension value.
ORA-39266: Cannot alter unpartitioned table to partitioned.
Beginning log switch checkpoint up to RBA
Current log# 321 seq# 5235 mem# 0
Archived Log entry 90 added for thread 1 sequence 2893
Current log# 157 seq# 2044 mem# 0
Instance shutdown complete
ORA-53231: unable to write to a nonlocal destination ORDDicom object
PCC-02117: Semantic checking disabled by TimesTen.
Thread 1 advanced to log sequence 656
Undo initialization finished
Instance shutdown complete
ARC0: Archival started
SUCCESS: diskgroup DATA was mounted
ORA-07283: sksaprd: invalid volume size for archive destination.
Redo thread mounted read/write
Autotune of undo retention is turned on.
Undo initialization finished
Thread 1 advanced to log sequence 289
ORA-30437: all job queue processes have stopped running
DGM-16991: Two or more resources have the name " /u01/app/oracle/oradata/ttprod/users01.dbf "
Redo thread mounted read/write
Undo initialization finished
Beginning log switch checkpoint up to RBA
Beginning log switch checkpoint up to RBA
ORA-08454: more than one S symbol specified in picture mask
Errors in file /u01/app/oracle/diag/rdbms/ttprod/ttprod1/trace/ttprod1_ora_70398.trc
Archived Log entry 464 added for thread 1 sequence 8794
Archived Log entry 812 added for thread 1 sequence 3799
Current log# 420 seq# 9259 mem# 0
ORA-30017: segment ' PK_CUSTOMER_ACCOUNTS ' is not supported in APP_USER42 Undo Management mode
Errors in file /u01/app/oracle/diag/rdbms/ttprod/ttprod1/trace/ttprod1_ora_34874.trc
Archived Log entry 53 added for thread 1 sequence 5487
Current log# 2 seq# 1606 mem# 0
ARC0: Archival started
Beginning log switch checkpoint up to RBA
Archived Log entry 347 added for thread 1 sequence 3711
Thread 1 advanced to log sequence 488
ORA-00105: too many dispatcher configurations
Errors in file /u01/app/oracle/diag/rdbms/ttprod/ttprod1/trace/ttprod1_ora_59389.trc
Thread 1 advanced to log sequence 747
Redo thread mounted read/write
Instance shutdown complete
Instance shutdown complete
ORA-26048: Scoped REF column has wrong table name.
Redo thread mounted read/write
Autotune of undo retention is turned on.
Archived Log entry 496 added for thread 1 sequence 4451
Archived Log entry 423 added for thread 1 sequence 6499
Current log# 539 seq# 2206 mem# 0
Autotune of undo retention is turned on.
PGU-00108: invalid TIMING switch
Undo initialization finished
Beginning log switch checkpoint up to RBA
ORA-23411: materialized view " 5000 "." 5000 " is not in refresh group " APP_USER42 "." /u01/app/oracle/oradata/ttprod/users01.dbf "
SUCCESS: diskgroup DATA was mounted
Archived Log entry 871 added for thread 1 sequence 4862
Starting background process VKTM
SUCCESS: diskgroup DATA was mounted
ORA-02807: Allocation of memory for I/O vectors failed.
Autotune of undo retention is turned on.
Completed checkpoint up to RBA
ORA-16197: Invalid DB_UNIQUE_NAME parameter specification
Redo thread mounted read/write
Completed checkpoint up to RBA
Archived Log entry 808 added for thread 1 sequence 9570
Current log# 602 seq# 3872 mem# 0
Thread 1 advanced to log sequence 670
RMAN-06147: no obsolete backups found
Beginning log switch checkpoint up to RBA
Beginning log switch checkpoint up to RBA
Autotune of undo retention is turned on.
Instance shutdown complete
INS-35016: User name cannot be empty.
Beginning log switch checkpoint up to RBA
ARC0: Archival started
Autotune of undo retention is turned on.
Starting background process VKTM
ORA-39820: Zero length LONG piece detected for column TNS_ADMIN row large pool .
Errors in file /u01/app/oracle/diag/rdbms/ttprod/ttprod1/trace/ttprod1_ora_14158.trc
Redo thread mounted read/write
Thread 1 advanced to log sequence 206
Archived Log entry 567 added for thread 1 sequence 9048
Completed checkpoint up to RBA
Beginning log switch checkpoint up to RBA
Archived Log entry 254 added for thread 1 sequence 2800
DRG-13725: Type Name Too Long
Thread 1 advanced to log sequence 295
Completed checkpoint up to RBA
Redo thread mounted read/write
LSX-00160: invalid substitution group affiliation between "~S" and "~S"
Errors in file /u01/app/oracle/diag/rdbms/ttprod/ttprod1/trace/ttprod1_ora_32065.trc
Beginning log switch checkpoint up to RBA
Starting background process VKTM
Starting background process VKTM
ARC0: Archival started
PROT-00031: The Oracle Cluster Registry location to be added is an ASM disk
Current log# 102 seq# 3709 mem# 0
Autotune of undo retention is turned on.
Starting background process VKTM
Undo initialization finished
Beginning log switch checkpoint up to RBA
NNL-01041: Data stream open failures: number
Errors in file /u01/app/oracle/diag/rdbms/ttprod/ttprod1/trace/ttprod1_ora_11748.trc
ORA-55318: column NETWORK_OPS.SIM_INVENTORY in table ttprod1 already contains data
Undo initialization finished
Autotune of undo retention is turned on.
Beginning log switch checkpoint up to RBA
Redo thread mounted read/write
Redo thread mounted read/write
ORA-27371: jobs of type EXECUTABLE are not supported on this platform
DRG-50936: query word SYSAUX is too complex for index
Archived Log entry 104 added for thread 1 sequence 6034
Instance shutdown complete
Undo initialization finished
ARC0: Archival started
ORA-25468: column name not specified for alias: /u01/app/oracle/oradata/ttprod/users01.dbf
ARC0: Archival started
SUCCESS: diskgroup DATA was mounted
IMG-00587: output format does not support the specified scanlineOrder
Archived Log entry 85 added for thread 1 sequence 3854
ARC0: Archival started
ORA-12685: Native service required remotely but disabled locally
Errors in file /u01/app/oracle/diag/rdbms/ttprod/ttprod1/trace/ttprod1_ora_60877.trc
Undo initialization finished
Beginning log switch checkpoint up to RBA
SUCCESS: diskgroup DATA was mounted
ARC0: Archival started
ORA-07403: sfanfy: db_writers parameter not valid.
Current log# 732 seq# 3305 mem# 0
Archived Log entry 573 added for thread 1 sequence 9712
ARC0: Archival started
Starting background process VKTM
DGM-16953: XML document is too long
Beginning log switch checkpoint up to RBA
Archived Log entry 634 added for thread 1 sequence 6638
ORA-01912: ROW keyword expected
Undo initialization finished
Starting background process VKTM
Thread 1 advanced to log sequence 21
Completed checkpoint up to RBA
SUCCESS: diskgroup DATA was mounted
Thread 1 advanced to log sequence 184
RMAN-08587: input is copy of datafile BILLING.CUST_ORDERS : ttprod1
Archived Log entry 282 added for thread 1 sequence 5236
Instance shutdown complete
Undo initialization finished
Undo initialization finished
Beginning log switch checkpoint up to RBA
Archived Log entry 540 added for thread 1 sequence 3430
ORA-31622: premature end of file at block 42
RDJ-00061: The file stream cannot be created:
Completed checkpoint up to RBA
Undo initialization finished
Undo initialization finished
Autotune of undo retention is turned on.
Completed checkpoint up to RBA
Completed checkpoint up to RBA
PRCA-01039: Volume device {0} does not exist
Autotune of undo retention is turned on.
Undo initialization finished
Beginning log switch checkpoint up to RBA
Completed checkpoint up to RBA
Beginning log switch checkpoint up to RBA
Thread 1 advanced to log sequence 22
ORA-13448: GeoRaster metadata BRS error
Instance shutdown complete
DRG-13015: sublexer large pool already exists in the index
Autotune of undo retention is turned on.
ORA-37139: (XSCCOMP14) Cannot AGGREGATE workspace object using AGGMAP workspace object because you can not AGGREGATE a variable dimensioned by a COMPRESSED COMPOSITE using an AGGMAP with a PROTECT clause.
Autotune of undo retention is turned on.
ORA-14019: partition bound element must be one of: /u01/app/oracle/oradata/ttprod/users01.dbf, datetime or interval literal, number, or MAXVALUE
Errors in file /u01/app/oracle/diag/rdbms/ttprod/ttprod1/trace/ttprod1_ora_96424.trc
ARC0: Archival started
Beginning log switch checkpoint up to RBA
Archived Log entry 368 added for thread 1 sequence 6605
PRIF-00020: Error in getting the lock for GPnP profile
Undo initialization finished
Thread 1 advanced to log sequence 190
Redo thread mounted read/write
Undo initialization finished
Beginning log switch checkpoint up to RBA
ORA-37078: (XSMCSESS06) The dimension being maintained ( workspace object ) cannot also be used as a step dimension.
ARC0: Archival started
Current log# 90 seq# 4082 mem# 0
Beginning log switch checkpoint up to RBA
ARC0: Archival started
CRS-01015: A request to terminate the Cluster Ready Service on node BILLING.CUST_ORDERS completed successfully. Details at ttstandby01 in SP2-0552 .
Errors in file /u01/app/oracle/diag/rdbms/ttprod/ttprod1/trace/ttprod1_ora_78110.trc
Autotune of undo retention is turned on.
Completed checkpoint up to RBA
ORA-19706: invalid SCN
Redo thread mounted read/write
Thread 1 advanced to log sequence 394
SUCCESS: diskgroup DATA was mounted
Starting background process VKTM
Completed checkpoint up to RBA
PGA-22002: communication error: TCP/IP ttprod1 failed, rc = number
Current log# 193 seq# 1955 mem# 0
XOQ-01978: The number of dimensionalities on cube " 1024 " does not match the number of cube dimensionality maps on the cube map.
Errors in file /u01/app/oracle/diag/rdbms/ttprod/ttprod1/trace/ttprod1_ora_47082.trc
ARC0: Archival started
Starting background process VKTM
Undo initialization finished
Archived Log entry 886 added for thread 1 sequence 4061
ORA-01188: The block size specified DATA_TS01 does not match header block size 3
Redo thread mounted read/write
ORA-09800: Process sensitivity label retrieval failed.
Instance shutdown complete
Archived Log entry 926 added for thread 1 sequence 7824
Undo initialization finished
ORA-26033: column ttprod1 . session_1123 encryption properties differ for source or target table
Errors in file /u01/app/oracle/diag/rdbms/ttprod/ttprod1/trace/ttprod1_ora_35826.trc
Archived Log entry 158 added for thread 1 sequence 8469
Starting background process VKTM
ORA-32830: result code _SYSSMU7$ returned by Messaging Gateway agent
Redo thread mounted read/write
ORA-39280: Cannot drop overflow segment.
Errors in file /u01/app/oracle/diag/rdbms/ttprod/ttprod1/trace/ttprod1_ora_46404.trc
Autotune of undo retention is turned on.
Completed checkpoint up to RBA
Current log# 925 seq# 1917 mem# 0
DRG-11205: user filter command contains illegal characters
Thread 1 advanced to log sequence 443
SUCCESS: diskgroup DATA was mounted
Completed checkpoint up to RBA
Autotune of undo retention is turned on.
Starting background process VKTM
ORA-29880: such column list already indexed using another domain index and indextype
Thread 1 advanced to log sequence 807
Undo initialization finished
Thread 1 advanced to log sequence 532
Thread 1 advanced to log sequence 644
SUCCESS: diskgroup DATA was mounted
Thread 1 advanced to log sequence 152
LPX-00602: Invalid child element '~1S' of element '~2S'.
Errors in file /u01/app/oracle/diag/rdbms/ttprod/ttprod1/trace/ttprod1_ora_78641.trc
Archived Log entry 461 added for thread 1 sequence 1591
ORA-32812: subscriber INVOICE_LINES_IDX does not exist
Errors in file /u01/app/oracle/diag/rdbms/ttprod/ttprod1/trace/ttprod1_ora_45380.trc
Completed checkpoint up to RBA
ORA-01665: control file is not a standby control file
Thread 1 advanced to log sequence 777
SUCCESS: diskgroup DATA was mounted
Beginning log switch checkpoint up to RBA
Completed checkpoint up to RBA
Autotune of undo retention is turned on.
SUCCESS: diskgroup DATA was mounted
ORA-56929: Ending an upgrade window failed
Errors in file /u01/app/oracle/diag/rdbms/ttprod/ttprod1/trace/ttprod1_ora_31381.trc
Starting background process VKTM
Undo initialization finished
Autotune of undo retention is turned on.
ORA-27061: waiting for async I/Os failed
Undo initialization finished
Redo thread mounted read/write
Completed checkpoint up to RBA
PRVF-04049: OCR version is inconsistent amongst the nodes
Beginning log switch checkpoint up to RBA
Instance shutdown complete
Starting background process VKTM
Current log# 810 seq# 3743 mem# 0
Starting background process VKTM
ARC0: Archival started
ORA-13795: missing task execution
Thread 1 advanced to log sequence 553
Undo initialization finished
PRCR-01071: Failed to register or update {0} {1}
Instance shutdown complete
Current log# 256 seq# 6622 mem# 0
Beginning log switch checkpoint up to RBA
ORA-25183: index-organized table top index segment is in a different tablespace
Completed checkpoint up to RBA
Undo initialization finished
SUCCESS: diskgroup DATA was mounted
SUCCESS: diskgroup DATA was mounted
RMAN-06439: RMAN must be upgraded to version _SYSSMU12$ to work with this package
ORA-09817: Write to audit file failed.
Undo initialization finished
Completed checkpoint up to RBA
Instance shutdown complete
LPX-00241: entity reference is not well formed
Errors in file /u01/app/oracle/diag/rdbms/ttprod/ttprod1/trace/ttprod1_ora_77773.trc
Starting background process VKTM
Current log# 813 seq# 5898 mem# 0
SUCCESS: diskgroup DATA was mounted
RMAN-06730: no channel to restore a backup of the SPFILE
Starting background process VKTM
RMAN-08139: WARNING: archived redo log not deleted, needed for guaranteed restore point
Errors in file /u01/app/oracle/diag/rdbms/ttprod/ttprod1/trace/ttprod1_ora_23721.trc
ORA-15034: disk ' ttstandby01 ' does not require the FORCE option
Errors in file /u01/app/oracle/diag/rdbms/ttprod/ttprod1/trace/ttprod1_ora_14942.trc
Starting background process VKTM
Autotune of undo retention is turned on.
ORA-04071: missing BEFORE, AFTER or INSTEAD OF keyword
QSM-01342: query rewrite not possible because query has full outer join
Redo thread mounted read/write
Redo thread mounted read/write
Redo thread mounted read/write
Thread 1 advanced to log sequence 209
PLS-01916: SECURITY level specification exceeds ASSEMBLY SECURITY specification
Completed checkpoint up to RBA
Redo thread mounted read/write
Archived Log entry 315 added for thread 1 sequence 5336
ORA-25161: Cannot have both DBA and RDBA options
Errors in file /u01/app/oracle/diag/rdbms/ttprod/ttprod1/trace/ttprod1_ora_99830.trc
ORA-08183: Flashback cannot be enabled in the middle of a transaction
Autotune of undo retention is turned on.
Thread 1 advanced to log sequence 499
Redo thread mounted read/write
Instance shutdown complete
SUCCESS: diskgroup DATA was mounted
Undo initialization finished
ORA-14286: cannot COALESCE the only subpartition of this table partition
Redo thread mounted read/write
Beginning log switch checkpoint up to RBA
ORA-34348: (MXDSS05) SP2-0552 is used only for internal purposes and cannot be accessed as an analytic workspace.
ARC0: Archival started
IMG-00204: input metadata too long
DRG-11418: insufficient document content for linguistic parser
SUCCESS: diskgroup DATA was mounted
Thread 1 advanced to log sequence 87
ARC0: Archival started
SUCCESS: diskgroup DATA was mounted
Completed checkpoint up to RBA
Thread 1 advanced to log sequence 430
NNF-04006: Could not create outputfile
Redo thread mounted read/write
Undo initialization finished
Undo initialization finished
Instance shutdown complete
RMAN-20223: DB_UNIQUE_NAME mismatch in snapshot control file
Thread 1 advanced to log sequence 922
Beginning log switch checkpoint up to RBA
Autotune of undo retention is turned on.
Completed checkpoint up to RBA
PCB-00559: Cursor was not declared in scrollable mode
TNS-00112: Failed to find configuration file name
ARC0: Archival started
Undo initialization finished
Redo thread mounted read/write
Undo initialization finished
Current log# 310 seq# 4314 mem# 0
Autotune of undo retention is turned on.
NNO-00627: cancelling auto-refresh of name " 17 ", type " INVOICE_LINES_IDX "
Instance shutdown complete
Beginning log switch checkpoint up to RBA
ORA-12736: Instant Client Light: unsupported server national character set INVOICE_LINES_IDX
Archived Log entry 220 added for thread 1 sequence 4451
Thread 1 advanced to log sequence 390
Completed checkpoint up to RBA
Autotune of undo retention is turned on.
Current log# 24 seq# 1652 mem# 0
DRG-10314: logging has not been started
Redo thread mounted read/write
Autotune of undo retention is turned on.
Redo thread mounted read/write
Instance shutdown complete
ARC0: Archival started
Completed checkpoint up to RBA
ORA-28398: cannot rewrap encryption key for this file
Completed checkpoint up to RBA
Completed checkpoint up to RBA
ARC0: Archival started
Thread 1 advanced to log sequence 743
Current log# 15 seq# 6909 mem# 0
ARC0: Archival started
ORA-08332: rollback segment # 1024 specified not available
Archived Log entry 772 added for thread 1 sequence 7512
Completed checkpoint up to RBA
RDE-00012: no list name specified.
Undo initialization finished
Archived Log entry 115 added for thread 1 sequence 1452
Completed checkpoint up to RBA
SUCCESS: diskgroup DATA was mounted
SUCCESS: diskgroup DATA was mounted
ORA-53015: An internal dictionary attributes table is empty
Errors in file /u01/app/oracle/diag/rdbms/ttprod/ttprod1/trace/ttprod1_ora_64857.trc
Beginning log switch checkpoint up to RBA
Current log# 638 seq# 1938 mem# 0
Completed checkpoint up to RBA
ORA-10879: error signaled in parallel recovery slave DATA_TS01
Errors in file /u01/app/oracle/diag/rdbms/ttprod/ttprod1/trace/ttprod1_ora_95390.trc
Autotune of undo retention is turned on.
Archived Log entry 128 added for thread 1 sequence 9571
ORA-32602: FREEPOOLS and FREELIST GROUPS cannot be used together
Errors in file /u01/app/oracle/diag/rdbms/ttprod/ttprod1/trace/ttprod1_ora_64580.trc
Redo thread mounted read/write
Autotune of undo retention is turned on.
Archived Log entry 970 added for thread 1 sequence 5760
CRS-10102: Failure to open environment file 17 .
Completed checkpoint up to RBA
Beginning log switch checkpoint up to RBA
Starting background process VKTM
Beginning log switch checkpoint up to RBA
Thread 1 advanced to log sequence 281
ORA-30555: global index partitioning key is an expression
Archived Log entry 50 added for thread 1 sequence 5453
Undo initialization finished
Current log# 624 seq# 6534 mem# 0
Thread 1 advanced to log sequence 122
SUCCESS: diskgroup DATA was mounted
IMG-00211: metadataType value " BILLING.CUST_ORDERS " is invalid
Errors in file /u01/app/oracle/diag/rdbms/ttprod/ttprod1/trace/ttprod1_ora_11845.trc
Archived Log entry 40 added for thread 1 sequence 5849
Beginning log switch checkpoint up to RBA
Archived Log entry 914 added for thread 1 sequence 5932
Current log# 291 seq# 4558 mem# 0
Undo initialization finished
SUCCESS: diskgroup DATA was mounted
PRCH-01040: Failed to start CVU resource
RMAN-05535: WARNING: All redo log files were not defined properly.
Instance shutdown complete
Starting background process VKTM
NNL-00912: Alias loops detected: number
Thread 1 advanced to log sequence 572
Autotune of undo retention is turned on.
Starting background process VKTM
Completed checkpoint up to RBA
PCC-02377: Arrays of implicit varchars are not permitted
Errors in file /u01/app/oracle/diag/rdbms/ttprod/ttprod1/trace/ttprod1_ora_14940.trc
Beginning log switch checkpoint up to RBA
SUCCESS: diskgroup DATA was mounted
Redo thread mounted read/write
ORA-28521: no heterogeneous capability information available
Starting background process VKTM
Beginning log switch checkpoint up to RBA
Archived Log entry 716 added for thread 1 sequence 2159
ORA-24147: rule USERS . 17 does not exist
Errors in file /u01/app/oracle/diag/rdbms/ttprod/ttprod1/trace/ttprod1_ora_85717.trc
SUCCESS: diskgroup DATA was mounted
Archived Log entry 602 added for thread 1 sequence 5167
Undo initialization finished
ARC0: Archival started
Starting background process VKTM
Completed checkpoint up to RBA
ORA-00342: archived log does not have expected resetlogs SCN large pool
SUCCESS: diskgroup DATA was mounted
Redo thread mounted read/write
SUCCESS: diskgroup DATA was mounted
Archived Log entry 325 added for thread 1 sequence 8013
QSM-01014: top level operator in WHERE clause of the query is an OR
Errors in file /u01/app/oracle/diag/rdbms/ttprod/ttprod1/trace/ttprod1_ora_81033.trc
Beginning log switch checkpoint up to RBA
Redo thread mounted read/write
ORA-16556: observer version mismatch
Instance shutdown complete
Autotune of undo retention is turned on.
Redo thread mounted read/write
ARC0: Archival started
Current log# 352 seq# 6531 mem# 0
Archived Log entry 653 added for thread 1 sequence 3975
PLS-00418: array bind type must match PL/SQL table row type
ORA-16955: Unknown error during SQL analyze.
Starting background process VKTM
ARC0: Archival started
Redo thread mounted read/write
Thread 1 advanced to log sequence 669
RMAN-12011: multiple records for default device type found in repository
ORA-02729: osncon: driver not in osntab
Starting background process VKTM
Autotune of undo retention is turned on.
Undo initialization finished
ORA-13197: element CRM.CALL_DETAIL_RECORDS . TNS_ADMIN . BILLING.CUST_ORDERS is out of range
Beginning log switch checkpoint up to RBA
Autotune of undo retention is turned on.
Completed checkpoint up to RBA
Redo thread mounted read/write
Current log# 58 seq# 8640 mem# 0
ORA-01489: result of PK_CUSTOMER_ACCOUNTS concatenation is too long
Undo initialization finished
ORA-02030: can only select from fixed tables/views
Current log# 848 seq# 6667 mem# 0
SUCCESS: diskgroup DATA was mounted
ARC0: Archival started
SUCCESS: diskgroup DATA was mounted
ORA-22321: method does not return any result
Errors in file /u01/app/oracle/diag/rdbms/ttprod/ttprod1/trace/ttprod1_ora_67887.trc
Instance shutdown complete
SUCCESS: diskgroup DATA was mounted
Completed checkpoint up to RBA
Archived Log entry 608 added for thread 1 sequence 9926
IMP-00023: Import views not installed, please notify your DBA
Errors in file /u01/app/oracle/diag/rdbms/ttprod/ttprod1/trace/ttprod1_ora_38012.trc
ARC0: Archival started
Beginning log switch checkpoint up to RBA
Redo thread mounted read/write
PLS-00254: OUT and IN/OUT modes cannot be used in this context
Current log# 224 seq# 4412 mem# 0
Autotune of undo retention is turned on.
ARC0: Archival started
Completed checkpoint up to RBA
OCI-21574: Invalid data type ( NETWORK_OPS.SIM_INVENTORY ) specified for LOB chunk.
Autotune of undo retention is turned on.
Thread 1 advanced to log sequence 383
Autotune of undo retention is turned on.
Archived Log entry 271 added for thread 1 sequence 1528
ARC0: Archival started
Autotune of undo retention is turned on.
ORA-28343: fails to encrypt data
Undo initialization finished
SUCCESS: diskgroup DATA was mounted
Starting background process VKTM
Completed checkpoint up to RBA
ORA-26834: Unable to alter parameter ' DATA_TS01 ' because ttstandby01 capture process is not configured to run locally
Starting background process VKTM
Redo thread mounted read/write
ORA-15259: user ' _SYSSMU7$ ' is not a member of user group ' SYSAUX '
Beginning log switch checkpoint up to RBA
Current log# 236 seq# 5434 mem# 0
ORA-18131: FOUP0002 - Invalid 'fn:put' second operand
SUCCESS: diskgroup DATA was mounted
CRS-02604: Server ' ttprod2 ' is already assigned to server pool ' CRM.CALL_DETAIL_RECORDS '
Errors in file /u01/app/oracle/diag/rdbms/ttprod/ttprod1/trace/ttprod1_ora_24685.trc
Completed checkpoint up to RBA
Thread 1 advanced to log sequence 599
ARC0: Archival started
SUCCESS: diskgroup DATA was mounted
ORA-25017: cannot reference NEW ROWID for movable rows in before triggers
Undo initialization finished
Instance shutdown complete
Undo initialization finished
Instance shutdown complete
Completed checkpoint up to RBA
ORA-24090: at least one protocol must be enabled
ORA-38452: Expression Filter index name may not be longer than 25 characters
Archived Log entry 65 added for thread 1 sequence 5878
Undo initialization finished
Thread 1 advanced to log sequence 208
Thread 1 advanced to log sequence 743
SUCCESS: diskgroup DATA was mounted
Instance shutdown complete
ORA-32321: REFRESH FAST of " _SYSSMU7$ "." 1024 " unsupported after detail table TRUNCATE
SUCCESS: diskgroup DATA was mounted
Thread 1 advanced to log sequence 687
Instance shutdown complete
Beginning log switch checkpoint up to RBA
PLS-00141: duplicate external PARAMETER STYLE specification in subprogram expression
Starting background process VKTM
Beginning log switch checkpoint up to RBA
Instance shutdown complete
Archived Log entry 90 added for thread 1 sequence 4879
Redo thread mounted read/write
Undo initialization finished
ORA-38496: Expression Filter index is not in a valid state
PCC-02117: Semantic checking disabled by TimesTen.
Errors in file /u01/app/oracle/diag/rdbms/ttprod/ttprod1/trace/ttprod1_ora_74476.trc
Beginning log switch checkpoint up to RBA
Instance shutdown complete
Autotune of undo retention is turned on.
EXP-00042: Missing NLS_CHARACTERSET/NLS_NCHAR_CHARACTERSET in props$
Errors in file /u01/app/oracle/diag/rdbms/ttprod/ttprod1/trace/ttprod1_ora_73709.trc
Redo thread mounted read/write
Completed checkpoint up to RBA
Current log# 813 seq# 4052 mem# 0
Redo thread mounted read/write
Beginning log switch checkpoint up to RBA
ARC0: Archival started
CRS-00808: Cluster Ready Service aborted due to failure to retrieve ORA_CRS_HOME environment variable. Details at large pool in CRM.CALL_DETAIL_RECORDS .
Thread 1 advanced to log sequence 363
Autotune of undo retention is turned on.
DGM-16903: Unable to connect to database
Starting background process VKTM
Thread 1 advanced to log sequence 44
Instance shutdown complete
ARC0: Archival started
Instance shutdown complete
Autotune of undo retention is turned on.
PROC-00102: Cluster services error [ INVOICE_LINES_IDX ]
Autotune of undo retention is turned on.
Completed checkpoint up to RBA
DIA-48201: Field Length Exceeds Maximum [ ttstandby01 ] [ ttprod1 ] [ 5000 ]
Autotune of undo retention is turned on.
QSM-01025: materialized view, /u01/app/oracle/oradata/ttprod/users01.dbf , not found
Completed checkpoint up to RBA
ARC0: Archival started
Starting background process VKTM
ARC0: Archival started
PCC-00001: Unable to open file TNS_ADMIN
Archived Log entry 471 added for thread 1 sequence 7888
Thread 1 advanced to log sequence 269
ARC0: Archival started
Beginning log switch checkpoint up to RBA
Thread 1 advanced to log sequence 227
Autotune of undo retention is turned on.
CRS-02806: Failed to create stop operation for resource ' CRM.CALL_DETAIL_RECORDS '
Redo thread mounted read/write
PRCS-01063: Server pool {0} with minimum size {1}, maximum size {2}, importance {3} and server list ({4}) can not be created
Redo thread mounted read/write
Redo thread mounted read/write
Redo thread mounted read/write
NCR-04022: NCRR: Invalid procedure descriptor
ARC0: Archival started
Starting background process VKTM
Undo initialization finished
Redo thread mounted read/write
Starting background process VKTM
LCD-00215: parameter files nested too deep [ INVOICE_LINES_IDX ]
Errors in file /u01/app/oracle/diag/rdbms/ttprod/ttprod1/trace/ttprod1_ora_51515.trc
Autotune of undo retention is turned on.
Autotune of undo retention is turned on.
Thread 1 advanced to log sequence 189
Instance shutdown complete
Archived Log entry 337 added for thread 1 sequence 2775
Redo thread mounted read/write
ORA-00068: invalid value _SYSSMU7$ for parameter USERS , must be between session_1123 and CDR_STAGING
TNS-01020: STATUS of the LISTENER
ARC0: Archival started
Starting background process VKTM
Redo thread mounted read/write
Current log# 98 seq# 5208 mem# 0
Beginning log switch checkpoint up to RBA
Completed checkpoint up to RBA
ORA-36682: (XSDPART20) Partition name CRM.CALL_DETAIL_RECORDS appears twice.
Thread 1 advanced to log sequence 99
ORA-39037: Object type path not supported for DATA_TS01 metadata filter.
ARC0: Archival started
PRCD-01139: The current server {0} where RAC One Node database {1} is running is not in the given candidate server list {2}
Undo initialization finished
Autotune of undo retention is turned on.
Beginning log switch checkpoint up to RBA
ARC0: Archival started
Current log# 283 seq# 1972 mem# 0
Redo thread mounted read/write
RMAN-03003: command not implemented yet: APP_USER42
Starting background process VKTM
RMAN-05021: this configuration cannot be changed for a BACKUP or STANDBY control file
Instance shutdown complete
Thread 1 advanced to log sequence 394
Redo thread mounted read/write
ORA-13147: failed to generate MBR
Instance shutdown complete
Completed checkpoint up to RBA
ARC0: Archival started
Autotune of undo retention is turned on.
PRKH-01014: Current user "{0}" is not the oracle owner user "{1}" of oracle home "{2}"
Instance shutdown complete
SUCCESS: diskgroup DATA was mounted
Current log# 725 seq# 9154 mem# 0
Starting background process VKTM
Completed checkpoint up to RBA
RMAN-08093: specifying current control file for proxy backup
SUCCESS: diskgroup DATA was mounted
Beginning log switch checkpoint up to RBA
Current log# 210 seq# 8066 mem# 0
Beginning log switch checkpoint up to RBA
ARC0: Archival started
ORA-16066: remote archival disabled
Beginning log switch checkpoint up to RBA
Starting background process VKTM
TNS-00263: Navigator: Request Failed
Current log# 974 seq# 7176 mem# 0
Beginning log switch checkpoint up to RBA
Beginning log switch checkpoint up to RBA
ARC0: Archival started
Current log# 808 seq# 2088 mem# 0
CRS-02798: State change received for resource ' UNDOTBS1 ' from unexpected server ' 5000 '. Details at ' NETWORK_OPS.SIM_INVENTORY ' in ' DATA_TS01 '.
Archived Log entry 145 added for thread 1 sequence 7964
Redo thread mounted read/write
Autotune of undo retention is turned on.
Beginning log switch checkpoint up to RBA
Completed checkpoint up to RBA
SUCCESS: diskgroup DATA was mounted
ORA-16229: PDML child ttstandby01 CRM.CALL_DETAIL_RECORDS 3 for parent _SYSSMU7$ ttprod2 PK_CUSTOMER_ACCOUNTS cannot be skipped.
Errors in file /u01/app/oracle/diag/rdbms/ttprod/ttprod1/trace/ttprod1_ora_22362.trc
Current log# 696 seq# 1936 mem# 0
Redo thread mounted read/write
ARC0: Archival started
Completed checkpoint up to RBA
Redo thread mounted read/write
Starting background process VKTM
DRG-13303: value of wildcard offset must be in the range ttstandby01 .. ttprod1 , at line TNS_ADMIN
Instance shutdown complete
Thread 1 advanced to log sequence 488
Starting background process VKTM
SCLC-01006: Failed to get cluster tier instance, {0}
ORA-31213: DBMS_LDAP: PL/SQL - Invalid LDAP mod option.
SUCCESS: diskgroup DATA was mounted
Archived Log entry 224 added for thread 1 sequence 9321
Thread 1 advanced to log sequence 744
Undo initialization finished
Starting background process VKTM
Undo initialization finished
ORA-06600: LU6.2 Driver: SNA software is not loaded
Autotune of undo retention is turned on.
Current log# 595 seq# 4031 mem# 0
SUCCESS: diskgroup DATA was mounted
Undo initialization finished
ORA-51303: illegal check mask value specified
Errors in file /u01/app/oracle/diag/rdbms/ttprod/ttprod1/trace/ttprod1_ora_16115.trc
Undo initialization finished
Beginning log switch checkpoint up to RBA
PGU-30014: pgau message file shared pool not found
Thread 1 advanced to log sequence 742
Beginning log switch checkpoint up to RBA
ORA-00160: global transaction length APP_USER42 is greater than maximum ( ttstandby01 )
Undo initialization finished
SUCCESS: diskgroup DATA was mounted
Autotune of undo retention is turned on.
Autotune of undo retention is turned on.
Archived Log entry 215 added for thread 1 sequence 4374
Instance shutdown complete
CRS-04682: Successful unset priority for Cluster Synchronization Services.
ARC0: Archival started
ORA-01686: max # files ( UNDOTBS1 ) reached for the tablespace _SYSSMU7$
Autotune of undo retention is turned on.
Redo thread mounted read/write
ORA-15066: offlining disk " UNDOTBS1 " in group " ttprod1 " may result in a data loss
Autotune of undo retention is turned on.
Archived Log entry 750 added for thread 1 sequence 9418
Archived Log entry 264 added for thread 1 sequence 5777
Starting background process VKTM
ORA-29251: Index1 is greater than Index2 in call to dbms_sql.bind_array
Beginning log switch checkpoint up to RBA
Redo thread mounted read/write
Beginning log switch checkpoint up to RBA
Undo initialization finished
ORA-00083: warning: possibly corrupt SGA mapped
Current log# 691 seq# 5751 mem# 0
Starting background process VKTM
Current log# 213 seq# 5120 mem# 0
ARC0: Archival started
ORA-15517: cannot start parallel preprocessing worker
Completed checkpoint up to RBA
Undo initialization finished
Autotune of undo retention is turned on.
ORA-08181: specified number is not a valid system change number
Archived Log entry 115 added for thread 1 sequence 9725
Beginning log switch checkpoint up to RBA
Autotune of undo retention is turned on.
SUCCESS: diskgroup DATA was mounted
Redo thread mounted read/write
Undo initialization finished
ORA-31410: change set SYSAUX is not an existing change set
Thread 1 advanced to log sequence 716
ORA-28606: block too fragmented to build bitmap index ( APP_USER42 , PK_CUSTOMER_ACCOUNTS )
Undo initialization finished
Undo initialization finished
Starting background process VKTM
Autotune of undo retention is turned on.
Thread 1 advanced to log sequence 143
ORA-37123: (XSCCOMP17) Can not AGGREGATE workspace object (partition number ) because it depends on unaggregated compressed partition number .
Undo initialization finished
Completed checkpoint up to RBA
Undo initialization finished
Instance shutdown complete
Beginning log switch checkpoint up to RBA
Undo initialization finished
CLSS-02205: remote node ttstandby01 signaled our eviction via voting device: cause ttstandby01
Completed checkpoint up to RBA
Archived Log entry 596 added for thread 1 sequence 3677
Starting background process VKTM
Undo initialization finished
Thread 1 advanced to log sequence 690
PRKO-02118: Options '-g' and '-i' cannot be used together
Undo initialization finished
Instance shutdown complete
Archived Log entry 764 added for thread 1 sequence 1502
Beginning log switch checkpoint up to RBA
Undo initialization finished
ORA-25268: didnt dequeue in browse mode with get signature option
Starting background process VKTM
Autotune of undo retention is turned on.
Undo initialization finished
Current log# 746 seq# 5962 mem# 0
PLS-00660: SELF parameter of constructor method must be IN OUT
SUCCESS: diskgroup DATA was mounted
ORA-19875: multi-section restore not complete for file UNDOTBS1
Autotune of undo retention is turned on.
Thread 1 advanced to log sequence 168
Autotune of undo retention is turned on.
RDE-00066: parsing of service instance " 3 " failed.
Instance shutdown complete
Beginning log switch checkpoint up to RBA
ORA-38738: Flashback log file is not current copy.
Archived Log entry 385 added for thread 1 sequence 1762
Completed checkpoint up to RBA
Archived Log entry 433 added for thread 1 sequence 4562
Redo thread mounted read/write
Thread 1 advanced to log sequence 306
ORA-07742: slemop: $CONNECT failure
RMAN-08123: keep attributes for the datafile/control file copy are deleted
SUCCESS: diskgroup DATA was mounted
ORA-19569: no device is allocated to this session
Starting background process VKTM
Starting background process VKTM
Starting background process VKTM
Completed checkpoint up to RBA
Archived Log entry 361 added for thread 1 sequence 9598
SUCCESS: diskgroup DATA was mounted
LPX-00212: comment must not contain "--"
Undo initialization finished
QSM-01246: join back on correlated columns not allowed ( shared pool )
Redo thread mounted read/write
Instance shutdown complete
Undo initialization finished
Completed checkpoint up to RBA
Autotune of undo retention is turned on.
ARC0: Archival started
DRG-11121: failed to read from file large pool
Undo initialization finished
SUCCESS: diskgroup DATA was mounted
ARC0: Archival started
Autotune of undo retention is turned on.
RMAN-06488: restore from AUTOBACKUP does not allow any other modifiers
Autotune of undo retention is turned on.
SUCCESS: diskgroup DATA was mounted
ARC0: Archival started
Instance shutdown complete
ORA-55451: multi-parent workspaces not supported with RDF
Errors in file /u01/app/oracle/diag/rdbms/ttprod/ttprod1/trace/ttprod1_ora_91030.trc
PGU-35018: failed select for statement NETWORK_OPS.SIM_INVENTORY , APP_USER42 _SYSSMU7$ : rc _SYSSMU7$
Completed checkpoint up to RBA
Beginning log switch checkpoint up to RBA
Completed checkpoint up to RBA
Undo initialization finished
ORA-36273: (XSCGMDLAGG12) Dimension workspace object appears more than once in the QDR.
PRVF-07610: Cannot verify user equivalence/reachability on existing cluster nodes
Beginning log switch checkpoint up to RBA
Thread 1 advanced to log sequence 289
ORA-33274: (DBERR07) Timed out while trying to lock analytic workspace shared pool for shared pool .
ARC0: Archival started
CRS-05832: Agent ' NETWORK_OPS.SIM_INVENTORY ' was unable to process commands. Details at 1024 in 1024 .
Instance shutdown complete
SUCCESS: diskgroup DATA was mounted
Instance shutdown complete
Thread 1 advanced to log sequence 57
RMAN-07522: CREATE TYPE privilege must be granted to user large pool
Redo thread mounted read/write
Beginning log switch checkpoint up to RBA
ORA-28601: invalid [no]MINIMIZE option
Starting background process VKTM
Thread 1 advanced to log sequence 676
Instance shutdown complete
Thread 1 advanced to log sequence 54
Redo thread mounted read/write
ARC0: Archival started
ORA-37548: (XSHIERSP02) DIMENSION_MEMBER is not specified as a member of HIERARCHY1.
Undo initialization finished
Redo thread mounted read/write
SUCCESS: diskgroup DATA was mounted
Thread 1 advanced to log sequence 996
ORA-00394: online log reused while attempting to archive it
Errors in file /u01/app/oracle/diag/rdbms/ttprod/ttprod1/trace/ttprod1_ora_48563.trc
Undo initialization finished
Redo thread mounted read/write
Archived Log entry 725 added for thread 1 sequence 3094
Current log# 233 seq# 1980 mem# 0
ORA-09206: sfrfb: error reading from file
PRCH-01034: Failed to stop diskgroup resource
Errors in file /u01/app/oracle/diag/rdbms/ttprod/ttprod1/trace/ttprod1_ora_26458.trc
Current log# 355 seq# 6464 mem# 0
ARC0: Archival started
Starting background process VKTM
PRKO-03165: Service {0} is defined for single instance database {1} and therefore cannot be relocated
ARC0: Archival started
ORA-15464: STRIPE_COLUMNS of CRM.CALL_DETAIL_RECORDS is greater than the maximum of shared pool
DRG-52210: error while registering value for attribute: SP2-0552
Errors in file /u01/app/oracle/diag/rdbms/ttprod/ttprod1/trace/ttprod1_ora_73040.trc
Starting background process VKTM
Completed checkpoint up to RBA
Instance shutdown complete
Archived Log entry 920 added for thread 1 sequence 3665
DRG-51021: undefined error in fuzzy matcher
Beginning log switch checkpoint up to RBA
Current log# 713 seq# 5416 mem# 0
Redo thread mounted read/write
Archived Log entry 625 added for thread 1 sequence 1345
Current log# 539 seq# 1595 mem# 0
ORA-13627: Setting of parameter session_1123 is disallowed until the task is reset.
Completed checkpoint up to RBA
Beginning log switch checkpoint up to RBA
Redo thread mounted read/write
ARC0: Archival started
QSM-01053: NORELY referential integrity constraint on table, CDR_STAGING , in TRUSTED/STALE TOLERATED integrity mode
ARC0: Archival started
ORA-12214: TNS:missing local communities entry in TNSNAV.ORA
Thread 1 advanced to log sequence 174
Instance shutdown complete
SUCCESS: diskgroup DATA was mounted
ARC0: Archival started
ORA-13002: specified level is out of range
Errors in file /u01/app/oracle/diag/rdbms/ttprod/ttprod1/trace/ttprod1_ora_75180.trc
Autotune of undo retention is turned on.
Redo thread mounted read/write
SUCCESS: diskgroup DATA was mounted
Completed checkpoint up to RBA
TNS-04045: Invalid specification of time
Current log# 348 seq# 4850 mem# 0
ORA-10852: Enable tracing for Enqueue Dequeue Operations
Completed checkpoint up to RBA
Undo initialization finished
Current log# 799 seq# 7770 mem# 0
Thread 1 advanced to log sequence 186
SUCCESS: diskgroup DATA was mounted
ORA-16188: LOG_ARCHIVE_CONFIG settings inconsistent with previously started instance
Errors in file /u01/app/oracle/diag/rdbms/ttprod/ttprod1/trace/ttprod1_ora_28207.trc
Thread 1 advanced to log sequence 591
Archived Log entry 649 added for thread 1 sequence 2091
SUCCESS: diskgroup DATA was mounted
Current log# 755 seq# 3078 mem# 0
Completed checkpoint up to RBA
LPX-00662: Invalid encoding.
Current log# 861 seq# 2370 mem# 0
Redo thread mounted read/write
Undo initialization finished
ARC0: Archival started
XOQ-02203: Analytic workspace " TNS_ADMIN " cannot be upgraded because it contains customization " 1024 ".
Autotune of undo retention is turned on.
INS-35355: The node _SYSSMU12$ specified in response file is not part of the Oracle Clusterware detected.
Redo thread mounted read/write
Redo thread mounted read/write
ARC0: Archival started
Redo thread mounted read/write
ORA-55502: Specified input transaction by name has no SCN hint
NNL-00283: Next cache checkpoint occurs in PK_CUSTOMER_ACCOUNTS
Redo thread mounted read/write
ORA-25179: invalid PCTTHRESHOLD storage option value
Thread 1 advanced to log sequence 464
OCI-22164: delete element operation is not allowed for variable-length array
Thread 1 advanced to log sequence 761
Completed checkpoint up to RBA
Completed checkpoint up to RBA
XOQ-02207: cannot process mapping " UNDOTBS1 ": APP_USER42
Archived Log entry 979 added for thread 1 sequence 7628
INS-30001: The 17 password is empty.
Errors in file /u01/app/oracle/diag/rdbms/ttprod/ttprod1/trace/ttprod1_ora_84204.trc
Archived Log entry 815 added for thread 1 sequence 6632
DIA-48158: invalid input for ADR base directory
Archived Log entry 683 added for thread 1 sequence 4570
SUCCESS: diskgroup DATA was mounted
Current log# 624 seq# 3148 mem# 0
Starting background process VKTM
Undo initialization finished
Beginning log switch checkpoint up to RBA
ORA-28576: lost RPC connection to external procedure agent
Errors in file /u01/app/oracle/diag/rdbms/ttprod/ttprod1/trace/ttprod1_ora_91843.trc
Autotune of undo retention is turned on.
Starting background process VKTM
Current log# 874 seq# 1606 mem# 0
ORA-00837: Specified value of MEMORY_TARGET greater than MEMORY_MAX_TARGET
Redo thread mounted read/write
Thread 1 advanced to log sequence 728
Thread 1 advanced to log sequence 449
Beginning log switch checkpoint up to RBA
ORA-03286: ALLOCATE EXTENT not valid for HASH CLUSTERS
Instance shutdown complete
Current log# 965 seq# 6976 mem# 0
Completed checkpoint up to RBA
Instance shutdown complete
Completed checkpoint up to RBA
PRVF-05819: Failed to verify DNS delegation of the GNS subdomain "{0}"
Archived Log entry 83 added for thread 1 sequence 6913
Beginning log switch checkpoint up to RBA
ORA-12081: update operation not allowed on table " USERS "." 42 "
Errors in file /u01/app/oracle/diag/rdbms/ttprod/ttprod1/trace/ttprod1_ora_83532.trc
Completed checkpoint up to RBA
Autotune of undo retention is turned on.
Starting background process VKTM
Starting background process VKTM
Redo thread mounted read/write
ORA-31054: The APP_USER42 operator cannot have an ancillary operator
Instance shutdown complete
Undo initialization finished
Starting background process VKTM
ORA-32133: Cannot get stream from LOB/FILE
Errors in file /u01/app/oracle/diag/rdbms/ttprod/ttprod1/trace/ttprod1_ora_63409.trc
Archived Log entry 973 added for thread 1 sequence 5791
ARC0: Archival started
NNL-00275: Trace level is currently number
Thread 1 advanced to log sequence 202
Redo thread mounted read/write
Instance shutdown complete
ORA-04024: self-deadlock detected while trying to mutex pin cursor NETWORK_OPS.SIM_INVENTORY
Beginning log switch checkpoint up to RBA
SUCCESS: diskgroup DATA was mounted
Thread 1 advanced to log sequence 958
Redo thread mounted read/write
Current log# 465 seq# 4405 mem# 0
DRG-50905: invalid score threshold ttprod1
ORA-03216: Tablespace/Segment Verification cannot proceed
Errors in file /u01/app/oracle/diag/rdbms/ttprod/ttprod1/trace/ttprod1_ora_53127.trc
Current log# 392 seq# 1193 mem# 0
PRCH-01038: "{0}" is a non-readable file
Errors in file /u01/app/oracle/diag/rdbms/ttprod/ttprod1/trace/ttprod1_ora_90522.trc
Thread 1 advanced to log sequence 191
Undo initialization finished
Completed checkpoint up to RBA
Completed checkpoint up to RBA
Beginning log switch checkpoint up to RBA
ARC0: Archival started
NNL-00010: error getting address for server " ttprod2 "
Errors in file /u01/app/oracle/diag/rdbms/ttprod/ttprod1/trace/ttprod1_ora_80699.trc
SUCCESS: diskgroup DATA was mounted
Undo initialization finished
Completed checkpoint up to RBA
Current log# 422 seq# 7210 mem# 0
ARC0: Archival started
ORA-39117: Type needed to create table is not included in this operation. Failing sql is: 3
Thread 1 advanced to log sequence 558
Instance shutdown complete
Instance shutdown complete
Instance shutdown complete
ORA-16075: standby database destination mismatch
Current log# 18 seq# 5759 mem# 0
ORA-07571: szrfc: $FIND_HELD failure
Autotune of undo retention is turned on.
Current log# 888 seq# 8255 mem# 0
Current log# 177 seq# 1552 mem# 0
DGM-17002: Primary database cannot be removed
Instance shutdown complete
Autotune of undo retention is turned on.
Redo thread mounted read/write
Archived Log entry 253 added for thread 1 sequence 1264
Undo initialization finished
ORA-02140: invalid tablespace name
Redo thread mounted read/write
Autotune of undo retention is turned on.
Thread 1 advanced to log sequence 113
Beginning log switch checkpoint up to RBA
ORA-38133: invalid parameter name SYSAUX specified
Errors in file /u01/app/oracle/diag/rdbms/ttprod/ttprod1/trace/ttprod1_ora_28918.trc
ARC0: Archival started
Current log# 418 seq# 4175 mem# 0
SUCCESS: diskgroup DATA was mounted
ARC0: Archival started
KUP-03013: OCI error getting database column scale.
Errors in file /u01/app/oracle/diag/rdbms/ttprod/ttprod1/trace/ttprod1_ora_76889.trc
Archived Log entry 885 added for thread 1 sequence 5524
SUCCESS: diskgroup DATA was mounted
Undo initialization finished
Completed checkpoint up to RBA
Undo initialization finished
PCC-00062: Must use option SQLCHECK=SEMANTICS(FULL) when there is embedded PL/SQL
Redo thread mounted read/write
PLS-01414: Use of qualified expression here
ORA-38780: Restore point ' 5000 ' does not exist.
Errors in file /u01/app/oracle/diag/rdbms/ttprod/ttprod1/trace/ttprod1_ora_91718.trc
Undo initialization finished
Beginning log switch checkpoint up to RBA
Undo initialization finished
Undo initialization finished
Current log# 243 seq# 2112 mem# 0
ORA-01121: cannot rename database file /u01/app/oracle/oradata/ttprod/users01.dbf - file is in use or recovery
SUCCESS: diskgroup DATA was mounted
Archived Log entry 220 added for thread 1 sequence 6285
Completed checkpoint up to RBA
SUCCESS: diskgroup DATA was mounted
Beginning log switch checkpoint up to RBA
Thread 1 advanced to log sequence 979
ORA-28501: communication error on heterogeneous database link
ORA-63997: file size refresh failed
Errors in file /u01/app/oracle/diag/rdbms/ttprod/ttprod1/trace/ttprod1_ora_53927.trc
SUCCESS: diskgroup DATA was mounted
Completed checkpoint up to RBA
Beginning log switch checkpoint up to RBA
ARC0: Archival started
Beginning log switch checkpoint up to RBA
SUCCESS: diskgroup DATA was mounted
JMS-00403: IO Exception {0}
Completed checkpoint up to RBA
Starting background process VKTM
Instance shutdown complete
Instance shutdown complete
Archived Log entry 711 added for thread 1 sequence 6072
LPX-01127: [FORX0004] Invalid replacement DATA_TS01
Beginning log switch checkpoint up to RBA
Undo initialization finished
Autotune of undo retention is turned on.
Archived Log entry 370 added for thread 1 sequence 5071
ORA-55364: invalid operation type 17 for VPD policy
Errors in file /u01/app/oracle/diag/rdbms/ttprod/ttprod1/trace/ttprod1_ora_95330.trc
Thread 1 advanced to log sequence 732
CRS-01637: Unable to locate configured voting file with ID _SYSSMU7$ ; details at /u01/app/oracle/oradata/ttprod/users01.dbf in INVOICE_LINES_IDX
Errors in file /u01/app/oracle/diag/rdbms/ttprod/ttprod1/trace/ttprod1_ora_10282.trc
Undo initialization finished
Beginning log switch checkpoint up to RBA
ARC0: Archival started
Starting background process VKTM
ORA-12317: logon to database (link name SP2-0552 ) denied
Errors in file /u01/app/oracle/diag/rdbms/ttprod/ttprod1/trace/ttprod1_ora_89953.trc
Completed checkpoint up to RBA
ORA-56602: DRCP: Illegal purity
PRVF-02417: Failed to retrieve the ID for device file "{0}" on the node "{1}"
Autotune of undo retention is turned on.
Archived Log entry 357 added for thread 1 sequence 5716
Starting background process VKTM
Redo thread mounted read/write
INS-30051: Failed while checking for SP2-0552 directory existence on remote node ( SYSAUX ) using SRVM API.
Instance shutdown complete
ARC0: Archival started
Current log# 924 seq# 2015 mem# 0
ORA-26667: invalid 17 parameter _SYSSMU7$
Starting background process VKTM
Undo initialization finished
Beginning log switch checkpoint up to RBA
ORA-25333: Buffered Queue to Queue propagation did not connect to the correct instance
Errors in file /u01/app/oracle/diag/rdbms/ttprod/ttprod1/trace/ttprod1_ora_22189.trc
Completed checkpoint up to RBA
SUCCESS: diskgroup DATA was mounted
Autotune of undo retention is turned on.
ORA-36985: (XSRELGID21) The source relation can be omitted only when using both surrogate GID and level order valueset.
Archived Log entry 21 added for thread 1 sequence 2831
PCC-02372: FOR clause not allowed in SELECT statement
Beginning log switch checkpoint up to RBA
Archived Log entry 329 added for thread 1 sequence 6578
Current log# 933 seq# 4311 mem# 0
Archived Log entry 186 added for thread 1 sequence 9721
Redo thread mounted read/write
RMAN-12009: command aborted because some backup pieces could not be located
Thread 1 advanced to log sequence 354
Completed checkpoint up to RBA
SUCCESS: diskgroup DATA was mounted
PRKN-01031: Failed to retrieve local host name
Archived Log entry 461 added for thread 1 sequence 5070
Archived Log entry 61 added for thread 1 sequence 7198
Autotune of undo retention is turned on.
Beginning log switch checkpoint up to RBA
Completed checkpoint up to RBA
PLS-00401: different column types between cursor SELECT statement and return value found at ' _SYSSMU7$ '
Errors in file /u01/app/oracle/diag/rdbms/ttprod/ttprod1/trace/ttprod1_ora_68535.trc
Autotune of undo retention is turned on.
Autotune of undo retention is turned on.
Instance shutdown complete
Instance shutdown complete
ORA-49436: Date conversion error [ PK_CUSTOMER_ACCOUNTS ]
Completed checkpoint up to RBA
ORA-16167: LGWR network server could not switch to non-blocking mode
Redo thread mounted read/write
Redo thread mounted read/write
Beginning log switch checkpoint up to RBA
Beginning log switch checkpoint up to RBA
Completed checkpoint up to RBA
Current log# 838 seq# 9290 mem# 0
ORA-10660: Segment is a shared lob segment
Starting background process VKTM
Autotune of undo retention is turned on.
Thread 1 advanced to log sequence 691
Completed checkpoint up to RBA
Beginning log switch checkpoint up to RBA
Instance shutdown complete
ORA-13035: Invalid data (arcs in geodetic data) in the SDO_GEOMETRY object
Autotune of undo retention is turned on.
Beginning log switch checkpoint up to RBA
Current log# 851 seq# 8193 mem# 0
ORA-39830: XML parsing failed CRM.CALL_DETAIL_RECORDS
Current log# 637 seq# 5952 mem# 0
SUCCESS: diskgroup DATA was mounted
RMAN-08606: WARNING: The change tracking file is invalid.
Errors in file /u01/app/oracle/diag/rdbms/ttprod/ttprod1/trace/ttprod1_ora_21450.trc
Beginning log switch checkpoint up to RBA
Instance shutdown complete
Completed checkpoint up to RBA
Current log# 951 seq# 7061 mem# 0
Redo thread mounted read/write
PRVF-07590: "{0}" is not running on node "{1}"
Autotune of undo retention is turned on.
SUCCESS: diskgroup DATA was mounted
Thread 1 advanced to log sequence 606
ORA-26747: The one-to-many transformation function CRM.CALL_DETAIL_RECORDS encountered the following error: 3
Thread 1 advanced to log sequence 544
Starting background process VKTM
Archived Log entry 603 added for thread 1 sequence 7905
ARC0: Archival started
Autotune of undo retention is turned on.
Thread 1 advanced to log sequence 671
TNS-12521: TNS:listener does not currently know of instance requested in connect descriptor
Errors in file /u01/app/oracle/diag/rdbms/ttprod/ttprod1/trace/ttprod1_ora_67793.trc
Instance shutdown complete
ORA-60003: adding ( _SYSSMU12$ ) blocks to table CRM.CALL_DETAIL_RECORDS . ttstandby01 partition _SYSSMU12$ with MAXSIZE ( /u01/app/oracle/oradata/ttprod/users01.dbf )
SUCCESS: diskgroup DATA was mounted
ARC0: Archival started
Undo initialization finished
Beginning log switch checkpoint up to RBA
Current log# 616 seq# 4171 mem# 0
Undo initialization finished
PLW-05010: duplicate pragma INLINE on procedure ' 17 '
ARC0: Archival started
Redo thread mounted read/write
SUCCESS: diskgroup DATA was mounted
Beginning log switch checkpoint up to RBA
NCR-03017: NCRO: Transport type RSLV not supported
ORA-23306: schema BILLING.CUST_ORDERS does not exist
Starting background process VKTM
Instance shutdown complete
SUCCESS: diskgroup DATA was mounted
Thread 1 advanced to log sequence 976
ORA-40323: Attribute /u01/app/oracle/oradata/ttprod/users01.dbf has too many distinct values ( 3 )
Errors in file /u01/app/oracle/diag/rdbms/ttprod/ttprod1/trace/ttprod1_ora_90373.trc
ORA-24002: QUEUE_TABLE 42 does not exist
ARC0: Archival started
Autotune of undo retention is turned on.
Thread 1 advanced to log sequence 436
Starting background process VKTM
PROT-00724: Oracle Cluster Registry configuration is :
Undo initialization finished
ORA-12228: TNS:protocol adapter not loadable
Completed checkpoint up to RBA
Instance shutdown complete
Starting background process VKTM
OCI-21705: service context is invalid
Starting background process VKTM
ORA-12585: TNS:data truncation
Autotune of undo retention is turned on.
Undo initialization finished
ARC0: Archival started
Autotune of undo retention is turned on.
Beginning log switch checkpoint up to RBA
Thread 1 advanced to log sequence 840
JMS-00175: DequeueOption must be specified
Errors in file /u01/app/oracle/diag/rdbms/ttprod/ttprod1/trace/ttprod1_ora_62886.trc
EVM-00701: Check that the event is registered and you are authorized to post it
Thread 1 advanced to log sequence 475
Beginning log switch checkpoint up to RBA
Archived Log entry 672 added for thread 1 sequence 8940
ORA-02303: cannot drop or replace a type with type or table dependents
Redo thread mounted read/write
Current log# 109 seq# 3195 mem# 0
ARC0: Archival started
Instance shutdown complete
Beginning log switch checkpoint up to RBA
Archived Log entry 725 added for thread 1 sequence 3669
ORA-28384: cannot perform Tablespace Encryption
Undo initialization finished
ORA-12854: Parallel query is not supported on temporary LOBs
Instance shutdown complete
Instance shutdown complete
Thread 1 advanced to log sequence 452
Thread 1 advanced to log sequence 729
ORA-12556: TNS:no caller
Beginning log switch checkpoint up to RBA
ORA-00358: Too many file members specified, the maximum is shared pool
Errors in file /u01/app/oracle/diag/rdbms/ttprod/ttprod1/trace/ttprod1_ora_77745.trc
Archived Log entry 434 added for thread 1 sequence 8762
Current log# 541 seq# 8294 mem# 0
Completed checkpoint up to RBA
Instance shutdown complete
Instance shutdown complete
Autotune of undo retention is turned on.
ORA-02052: remote transaction failure at 5000
ORA-26505: unexpected internal null
Beginning log switch checkpoint up to RBA
Beginning log switch checkpoint up to RBA
ORA-30358: summary and materialized view are not in same schema
ARC0: Archival started
Undo initialization finished
ARC0: Archival started
Undo initialization finished
NCR-04015: NCRR: Invalid interface name
Starting background process VKTM
Starting background process VKTM
Archived Log entry 643 added for thread 1 sequence 3560
Beginning log switch checkpoint up to RBA
Thread 1 advanced to log sequence 27
ORA-31101: Token " _SYSSMU7$ " not given while locking resource " large pool "
Current log# 445 seq# 2371 mem# 0
Autotune of undo retention is turned on.
Beginning log switch checkpoint up to RBA
ARC0: Archival started
RMAN-06089: archived log PK_CUSTOMER_ACCOUNTS not found or out of sync with catalog
ARC0: Archival started
CRS-05709: Resource ' CDR_STAGING ' is already running on member ' _SYSSMU7$ '
Completed checkpoint up to RBA
Archived Log entry 943 added for thread 1 sequence 8282
ORA-26894: Invalid " session_1123 " in Apply Progress redo
Undo initialization finished
Completed checkpoint up to RBA
SUCCESS: diskgroup DATA was mounted
Archived Log entry 950 added for thread 1 sequence 8351
Current log# 32 seq# 4094 mem# 0
Completed checkpoint up to RBA
ORA-49424: Directory outside ADR not allowed
Completed checkpoint up to RBA
Thread 1 advanced to log sequence 180
Beginning log switch checkpoint up to RBA
ORA-48108: invalid value given for the diagnostic_dest init.ora parameter
Archived Log entry 465 added for thread 1 sequence 6852
Autotune of undo retention is turned on.
Redo thread mounted read/write
Archived Log entry 362 added for thread 1 sequence 4827
Beginning log switch checkpoint up to RBA
ORA-19750: change tracking file: ' shared pool '
Starting background process VKTM
Instance shutdown complete
Redo thread mounted read/write
Archived Log entry 406 added for thread 1 sequence 9497
Instance shutdown complete
Redo thread mounted read/write
LSX-00243: invalid date "~S"
Instance shutdown complete
SUCCESS: diskgroup DATA was mounted
ORA-13871: Invalid instance name
Errors in file /u01/app/oracle/diag/rdbms/ttprod/ttprod1/trace/ttprod1_ora_77701.trc
ARC0: Archival started
Thread 1 advanced to log sequence 737
Redo thread mounted read/write
Undo initialization finished
ORA-38467: user cannot GRANT/REVOKE privileges to/from himself
Errors in file /u01/app/oracle/diag/rdbms/ttprod/ttprod1/trace/ttprod1_ora_82462.trc
Archived Log entry 283 added for thread 1 sequence 9463
Redo thread mounted read/write
Instance shutdown complete
Undo initialization finished
Thread 1 advanced to log sequence 433
CRS-01234: Encountered error while setting key value for key ' ttprod2 ' in OCR. Details at SYSAUX in TNS_ADMIN .
Autotune of undo retention is turned on.
Thread 1 advanced to log sequence 974
Autotune of undo retention is turned on.
Instance shutdown complete
ORA-35280: (SNSYN165) The format of the AGGREGATE command is: AGGREGATE varname1 [varname2 varname3 ...] [USING aggmap-name] [COUNTVAR intvar-name1 [intvar-name2 intvar-name3 ...]] [FUNCDATA] [FORCEORDER] [PARALLEL #] [{FROM|FROMVAR} fromname [, fromname2 ...]]
PCC-00021: Oracle Error: /u01/app/oracle/oradata/ttprod/users01.dbf
Completed checkpoint up to RBA
Current log# 768 seq# 9593 mem# 0
Completed checkpoint up to RBA
Autotune of undo retention is turned on.
Instance shutdown complete
ORA-15266: user identification number ' _SYSSMU12$ ' is not allowed
Errors in file /u01/app/oracle/diag/rdbms/ttprod/ttprod1/trace/ttprod1_ora_44012.trc
Redo thread mounted read/write
Thread 1 advanced to log sequence 527
SUCCESS: diskgroup DATA was mounted
Current log# 806 seq# 6958 mem# 0
Completed checkpoint up to RBA
ORA-26515: no master log available for ' ttstandby01 . 5000 '
Errors in file /u01/app/oracle/diag/rdbms/ttprod/ttprod1/trace/ttprod1_ora_77469.trc
PRCR-01068: Failed to query resources
Instance shutdown complete
Beginning log switch checkpoint up to RBA
Thread 1 advanced to log sequence 620
Undo initialization finished
ORA-01186: file shared pool failed verification tests
ORA-26013: List allocated may not be big enough
Redo thread mounted read/write
Undo initialization finished
Redo thread mounted read/write
Instance shutdown complete
Beginning log switch checkpoint up to RBA
Instance shutdown complete
ORA-31645: unable to read from dump file " 1024 "
OCI-30105: ' session_1123 ' is not a legal boolean for ' /u01/app/oracle/oradata/ttprod/users01.dbf '
SUCCESS: diskgroup DATA was mounted
ORA-42010: error occurred while synchronizing the redefinition
Undo initialization finished
Completed checkpoint up to RBA
Thread 1 advanced to log sequence 395
Completed checkpoint up to RBA
ARC0: Archival started
QSM-01582: Joining equivalence, TNS_ADMIN , with table, APP_USER42 , not possible
Errors in file /u01/app/oracle/diag/rdbms/ttprod/ttprod1/trace/ttprod1_ora_70974.trc
Autotune of undo retention is turned on.
SUCCESS: diskgroup DATA was mounted
CRS-01221: Cluster Ready Service failed to retrieve local node name. Details at SP2-0552 in large pool .
Undo initialization finished
Beginning log switch checkpoint up to RBA
ORA-12835: No instances are active in the GLOBAL_VIEW_ADMIN_GROUP
Errors in file /u01/app/oracle/diag/rdbms/ttprod/ttprod1/trace/ttprod1_ora_98334.trc
SUCCESS: diskgroup DATA was mounted
Instance shutdown complete
Redo thread mounted read/write
Instance shutdown complete
ARC0: Archival started
ORA-24944: cannot use timeout or grouping with ANONYMOUS namespace
Current log# 505 seq# 8498 mem# 0
Thread 1 advanced to log sequence 381
Autotune of undo retention is turned on.
ARC0: Archival started
Archived Log entry 266 added for thread 1 sequence 2536
EXP-00041: INCTYPE parameter is obsolete
ARC0: Archival started
Thread 1 advanced to log sequence 483
OCI-31042: Too many properties in type ' _SYSSMU12$ '
Thread 1 advanced to log sequence 547
ORA-42015: online redefinition unable to log changes made to AQ tables
ORA-40001: value for session_1123 must be greater than zero
Thread 1 advanced to log sequence 580
Archived Log entry 441 added for thread 1 sequence 8876
Thread 1 advanced to log sequence 975
Archived Log entry 113 added for thread 1 sequence 4001
PROC-00034: Oracle Cluster Registry configurations are not compatible
Completed checkpoint up to RBA
Current log# 408 seq# 6380 mem# 0
Archived Log entry 491 added for thread 1 sequence 8566
Current log# 454 seq# 5084 mem# 0
ORA-02466: The SIZE and INITRANS options cannot be altered for HASH CLUSTERS.
Autotune of undo retention is turned on.
Beginning log switch checkpoint up to RBA
Archived Log entry 827 added for thread 1 sequence 4735
Autotune of undo retention is turned on.
ARC0: Archival started
Current log# 103 seq# 5810 mem# 0
PRCD-01107: Removed service {0} but failed to remove its underlying server pool {1}
Thread 1 advanced to log sequence 513
Thread 1 advanced to log sequence 525
LFI-00130: Input option specified on output only file.
Errors in file /u01/app/oracle/diag/rdbms/ttprod/ttprod1/trace/ttprod1_ora_33240.trc
Completed checkpoint up to RBA
DRG-13712: User Dictionary already loaded
Starting background process VKTM
SUCCESS: diskgroup DATA was mounted
Archived Log entry 89 added for thread 1 sequence 7652
ORA-19045: character set id specified for XMLSerialize not valid
Archived Log entry 14 added for thread 1 sequence 7055
Completed checkpoint up to RBA
Beginning log switch checkpoint up to RBA
Starting background process VKTM
RMAN-08545: flashback command failed: See trace file for details
Thread 1 advanced to log sequence 536
ORA-12922: concurrent ALTER DATABASE [NO] FORCE LOGGING command is running
Redo thread mounted read/write
Redo thread mounted read/write
XOQ-01949: The AWCubeOrganization for cube " UNDOTBS1 " is marked as DENSE but contains SPARSE dimensions.
ARC0: Archival started
Current log# 209 seq# 8162 mem# 0
Redo thread mounted read/write
Thread 1 advanced to log sequence 11
Archived Log entry 821 added for thread 1 sequence 9317
ORA-40272: apply rules prohibited for this model mode
Autotune of undo retention is turned on.
Beginning log switch checkpoint up to RBA
Starting background process VKTM
ARC0: Archival started
Redo thread mounted read/write
ORA-01308: initialization parameter utl_file_dir is not set
ORA-06754: TLI Driver: unable to get local host address
Current log# 871 seq# 3113 mem# 0
Beginning log switch checkpoint up to RBA
Autotune of undo retention is turned on.
DRG-11225: Third-party filter timed out.
Errors in file /u01/app/oracle/diag/rdbms/ttprod/ttprod1/trace/ttprod1_ora_31103.trc
Archived Log entry 772 added for thread 1 sequence 4504
ORA-36155: (XSMXAGGRFROM) workspace object must be a variable or formula of a similar data type to workspace object to be used with FROM, or a TEXT variable or formula to be used with FROMVAR.
Completed checkpoint up to RBA
Instance shutdown complete
ARC0: Archival started
Archived Log entry 175 added for thread 1 sequence 8189
ORA-26819: SP2-0552 capture server for apply " _SYSSMU12$ " and capture " APP_USER42 "encounters disabled or aborted propagation " 5000 ".
Starting background process VKTM
ARC0: Archival started
DIA-48478: No alert messages are created
Completed checkpoint up to RBA
Beginning log switch checkpoint up to RBA
Completed checkpoint up to RBA
SUCCESS: diskgroup DATA was mounted
Undo initialization finished
ORA-48428: Input command DATA_TS01 exceeds max length [ session_1123 ]
Undo initialization finished
Starting background process VKTM
ORA-02852: Invalid critical-section time out value
Beginning log switch checkpoint up to RBA
Starting background process VKTM
Instance shutdown complete
Starting background process VKTM
ORA-19757: could not resize change tracking file to UNDOTBS1 blocks
Undo initialization finished
Archived Log entry 602 added for thread 1 sequence 1361
Current log# 545 seq# 8423 mem# 0
Undo initialization finished
Thread 1 advanced to log sequence 347
ORA-34344: (MXDSS03) Analytic workspace UNDOTBS1 is not attached.
Undo initialization finished
Autotune of undo retention is turned on.
NID-00436: Modify parameter file and generate a new password file before restarting.
Starting background process VKTM
ORA-55484: circular dependency not allowed in RDF metadata
Errors in file /u01/app/oracle/diag/rdbms/ttprod/ttprod1/trace/ttprod1_ora_23340.trc
Beginning log switch checkpoint up to RBA
Current log# 308 seq# 6555 mem# 0
ARC0: Archival started
Beginning log switch checkpoint up to RBA
Instance shutdown complete
ORA-44314: network name already exists
Autotune of undo retention is turned on.
SUCCESS: diskgroup DATA was mounted
ARC0: Archival started
Autotune of undo retention is turned on.
Instance shutdown complete
Undo initialization finished
ORA-22954: This multiset operation is not supported for this element type.
Errors in file /u01/app/oracle/diag/rdbms/ttprod/ttprod1/trace/ttprod1_ora_28564.trc
Current log# 927 seq# 3172 mem# 0
ARC0: Archival started
LFI-00149: Error on destroying hash table in function USERS
Thread 1 advanced to log sequence 33
Starting background process VKTM
Starting background process VKTM
Starting background process VKTM
ORA-24416: Invalid session Poolname was specified.
ARC0: Archival started
Instance shutdown complete
Current log# 742 seq# 6867 mem# 0
Thread 1 advanced to log sequence 932
ORA-19670: file PK_CUSTOMER_ACCOUNTS already being restored
Starting background process VKTM
Redo thread mounted read/write
SUCCESS: diskgroup DATA was mounted
Beginning log switch checkpoint up to RBA
Beginning log switch checkpoint up to RBA
ORA-48248: Function SYSAUX type check error; ityp = SP2-0552 typ = PK_CUSTOMER_ACCOUNTS arg = ttprod1
Archived Log entry 983 added for thread 1 sequence 3848
ARC0: Archival started
Redo thread mounted read/write
SUCCESS: diskgroup DATA was mounted
NZE-29126: pkcs11 token passphrase already set
Autotune of undo retention is turned on.
ARC0: Archival started
Archived Log entry 238 added for thread 1 sequence 6111
Archived Log entry 230 added for thread 1 sequence 6481
Beginning log switch checkpoint up to RBA
PGU-30611: references missing field UNDOTBS1 specified for 3
Starting background process VKTM
Autotune of undo retention is turned on.
Undo initialization finished
Undo initialization finished
DGM-17007: Unsupported platform, observer cannot start
Errors in file /u01/app/oracle/diag/rdbms/ttprod/ttprod1/trace/ttprod1_ora_40185.trc
SUCCESS: diskgroup DATA was mounted
Starting background process VKTM
ARC0: Archival started
Beginning log switch checkpoint up to RBA
Starting background process VKTM
CRS-02614: Could not find resource type ' /u01/app/oracle/oradata/ttprod/users01.dbf '.
Completed checkpoint up to RBA
NZE-28757: system attempt to allocate 0 bytes of memory
Thread 1 advanced to log sequence 923
Beginning log switch checkpoint up to RBA
SUCCESS: diskgroup DATA was mounted
Thread 1 advanced to log sequence 876
Starting background process VKTM
ORA-14006: invalid partition name
ORA-00399: corrupt change description in redo log
ARC0: Archival started
Starting background process VKTM
Instance shutdown complete
Thread 1 advanced to log sequence 341
DIA-48440: Variable [ ttprod2 ] is already defined
Current log# 470 seq# 4116 mem# 0
Completed checkpoint up to RBA
Redo thread mounted read/write
Starting background process VKTM
Thread 1 advanced to log sequence 886
DRG-10842: invalid NUMRESULTS argument supplied to FUZZY
Errors in file /u01/app/oracle/diag/rdbms/ttprod/ttprod1/trace/ttprod1_ora_69468.trc
Starting background process VKTM
Instance shutdown complete
Instance shutdown complete
Archived Log entry 189 added for thread 1 sequence 1457
SUCCESS: diskgroup DATA was mounted
Archived Log entry 974 added for thread 1 sequence 7352
NNO-00062: cannot load domain data from configuration database
Current log# 81 seq# 5291 mem# 0
SUCCESS: diskgroup DATA was mounted
Thread 1 advanced to log sequence 96
Thread 1 advanced to log sequence 689
Autotune of undo retention is turned on.
Starting background process VKTM
TNS-00233: Interchange failed to make contact with destination with errors: _SYSSMU12$ large pool INVOICE_LINES_IDX
ARC0: Archival started
Autotune of undo retention is turned on.
DIA-48503: Invalid Parameter Specified
Thread 1 advanced to log sequence 628
ARC0: Archival started
Thread 1 advanced to log sequence 192
ORA-00042: Unknown Service name 1024
ORA-12229: TNS:Interchange has no more free connections
Current log# 823 seq# 1160 mem# 0
ARC0: Archival started
ORA-30354: Query rewrite not allowed on SYS relations
Archived Log entry 151 added for thread 1 sequence 1466
Starting background process VKTM
Thread 1 advanced to log sequence 161
EXP-00034: error on rowid: file# number block# number slot# number
Redo thread mounted read/write
Undo initialization finished
Starting background process VKTM
Instance shutdown complete
INS-40917: Host name cannot be in IP Address format.
Instance shutdown complete
Instance shutdown complete
VID-00713: internal error while parsing video data
SUCCESS: diskgroup DATA was mounted
Current log# 744 seq# 2046 mem# 0
SUCCESS: diskgroup DATA was mounted
ORA-32159: Cannot set prefetch options for a null Type
Current log# 742 seq# 7470 mem# 0
Starting background process VKTM
ORA-13845: invalid SQL profile XML specification provided
SUCCESS: diskgroup DATA was mounted
Starting background process VKTM
Completed checkpoint up to RBA
ORA-33733: (xsILPMLTPreOp01) The analytic workspace SYSAUX cannot be REVERTed or RESYNCed while the 42 program is active.
Archived Log entry 271 added for thread 1 sequence 3200
Archived Log entry 919 added for thread 1 sequence 6915
SCLS-01004: Failed to set listening port to {0} for {1}
PRIF-00022: Error in cloning the GPnP profile
Errors in file /u01/app/oracle/diag/rdbms/ttprod/ttprod1/trace/ttprod1_ora_92869.trc
Thread 1 advanced to log sequence 427
Redo thread mounted read/write
ORA-22863: synonym for datatype large pool . NETWORK_OPS.SIM_INVENTORY not allowed
Errors in file /u01/app/oracle/diag/rdbms/ttprod/ttprod1/trace/ttprod1_ora_68612.trc
ARC0: Archival started
Beginning log switch checkpoint up to RBA
Current log# 479 seq# 9027 mem# 0
SUCCESS: diskgroup DATA was mounted
ORA-07264: spwat: semop error, unable to decrement semaphore.
Autotune of undo retention is turned on.
ORA-01107: database must be mounted for media recovery
SUCCESS: diskgroup DATA was mounted
ARC0: Archival started
Completed checkpoint up to RBA
Autotune of undo retention is turned on.
Undo initialization finished
ORA-19754: error reading from change tracking file
Archived Log entry 151 added for thread 1 sequence 2710
ARC0: Archival started
Beginning log switch checkpoint up to RBA
NZE-28810: Cannot create key descriptor.
Beginning log switch checkpoint up to RBA
LPX-01132: [XUTY0004] Invalid attribute node in the insertion sequence
Archived Log entry 30 added for thread 1 sequence 8447
Archived Log entry 173 added for thread 1 sequence 4711
RMAN-06912: backup of spfile was cancelled
Instance shutdown complete
Instance shutdown complete
Beginning log switch checkpoint up to RBA
Autotune of undo retention is turned on.
ARC0: Archival started
Current log# 529 seq# 2157 mem# 0
DRG-10856: SDATA section CRM.CALL_DETAIL_RECORDS does not exist
Thread 1 advanced to log sequence 61
SUCCESS: diskgroup DATA was mounted
Completed checkpoint up to RBA
PCC-02204: EXEC SQL INCLUDE not permitted from within an included file
Beginning log switch checkpoint up to RBA
ORA-31051: Requested access privileges not supported
SUCCESS: diskgroup DATA was mounted
Beginning log switch checkpoint up to RBA
Redo thread mounted read/write
Thread 1 advanced to log sequence 339
ARC0: Archival started
PLS-01423: Subquery on right-hand-side in set clause
Current log# 9 seq# 5134 mem# 0
ORA-02467: Column referenced in expression not found in cluster definition
ARC0: Archival started
Thread 1 advanced to log sequence 638
Starting background process VKTM
Archived Log entry 937 added for thread 1 sequence 7171
Autotune of undo retention is turned on.
ORA-24820: Differnt LOB function called while another OCI LOB call is in progress
Beginning log switch checkpoint up to RBA
ORA-00390: log DATA_TS01 of thread TNS_ADMIN is being cleared, cannot become current log
Autotune of undo retention is turned on.
ORA-40390: PMML DerivedField must have a unique name specified: PK_CUSTOMER_ACCOUNTS
Errors in file /u01/app/oracle/diag/rdbms/ttprod/ttprod1/trace/ttprod1_ora_35699.trc
Undo initialization finished
Instance shutdown complete
Thread 1 advanced to log sequence 923
SUCCESS: diskgroup DATA was mounted
Archived Log entry 650 added for thread 1 sequence 1713
Completed checkpoint up to RBA
ORA-38133: invalid parameter name NETWORK_OPS.SIM_INVENTORY specified
Completed checkpoint up to RBA
ARC0: Archival started
TNS-04023: Command failed.
Errors in file /u01/app/oracle/diag/rdbms/ttprod/ttprod1/trace/ttprod1_ora_55845.trc
Redo thread mounted read/write
ORA-28055: the password will expire within ttprod1 days
Redo thread mounted read/write
Thread 1 advanced to log sequence 715
Beginning log switch checkpoint up to RBA
Thread 1 advanced to log sequence 526
Thread 1 advanced to log sequence 928
SUCCESS: diskgroup DATA was mounted
PRCR-01132: Failed to stop resources using a filter
ORA-31511: name exceeds maximum length of 30 characters
Autotune of undo retention is turned on.
ORA-35572: (XSRWLD08) A column value is not a valid member of its related dimension.
Undo initialization finished
ORA-22371: Table contains data of type large pool . SP2-0552 , version CDR_STAGING , which does not exist
Errors in file /u01/app/oracle/diag/rdbms/ttprod/ttprod1/trace/ttprod1_ora_80725.trc
NID-00311: Control File CDR_STAGING - modified
SUCCESS: diskgroup DATA was mounted
ORA-27154: post/wait create failed
Redo thread mounted read/write
Beginning log switch checkpoint up to RBA
Thread 1 advanced to log sequence 509
Instance shutdown complete
Undo initialization finished
Completed checkpoint up to RBA
ORA-19505: failed to identify file " session_1123 "
ARC0: Archival started
Redo thread mounted read/write
Completed checkpoint up to RBA
Current log# 129 seq# 5027 mem# 0
Redo thread mounted read/write
ORA-12407: unauthorized operation for policy USERS
Redo thread mounted read/write
ORA-12675: External user name not available yet
Instance shutdown complete
Undo initialization finished
SUCCESS: diskgroup DATA was mounted
ORA-01374: _log_parallelism_max greater than 1 not supported in this release
ARC0: Archival started
PRVF-05227: GNS VIP "{0}" does not resolve to a valid IP address
PRVF-04761: Multiple partitions found. Cluster is fragmented.
Redo thread mounted read/write
Autotune of undo retention is turned on.
Completed checkpoint up to RBA
Autotune of undo retention is turned on.
Starting background process VKTM
Beginning log switch checkpoint up to RBA
LPX-00249: invalid external ID declaration
Autotune of undo retention is turned on.
Instance shutdown complete
RMAN-06215: List of objects that must perform same operation at other database
Starting background process VKTM
Autotune of undo retention is turned on.
SUCCESS: diskgroup DATA was mounted
ORA-28349: cannot encrypt the specified column recorded in the materialized view log
Redo thread mounted read/write
IMG-00710: unable to write to destination image
Autotune of undo retention is turned on.
Beginning log switch checkpoint up to RBA
Undo initialization finished
KFOD-00401: OS failure message: PK_CUSTOMER_ACCOUNTS
Instance shutdown complete
Archived Log entry 127 added for thread 1 sequence 7788
Starting background process VKTM
SUCCESS: diskgroup DATA was mounted
Archived Log entry 220 added for thread 1 sequence 5374
ORA-48929: The trace record size exceeded the max size that can be read [ INVOICE_LINES_IDX ]
Archived Log entry 53 added for thread 1 sequence 2225
ARC0: Archival started
Beginning log switch checkpoint up to RBA
Completed checkpoint up to RBA
Undo initialization finished
Redo thread mounted read/write
ORA-01304: subordinate process error. Check alert and trace logs
Redo thread mounted read/write
Beginning log switch checkpoint up to RBA
ORA-19045: character set id specified for XMLSerialize not valid
SUCCESS: diskgroup DATA was mounted
Beginning log switch checkpoint up to RBA
Undo initialization finished
Completed checkpoint up to RBA
Starting background process VKTM
CRS-00027: An error occurred while attempting to determine the size of file " PK_CUSTOMER_ACCOUNTS " during file open processing. Additional diagnostics: UNDOTBS1
SUCCESS: diskgroup DATA was mounted
ARC0: Archival started
Thread 1 advanced to log sequence 578
TNS-00537: Index into protocol adapter table is out of legal range
Errors in file /u01/app/oracle/diag/rdbms/ttprod/ttprod1/trace/ttprod1_ora_95236.trc
PGU-41105: memory exhausted
Errors in file /u01/app/oracle/diag/rdbms/ttprod/ttprod1/trace/ttprod1_ora_61502.trc
Redo thread mounted read/write
ORA-16715: redo transport-related property UNDOTBS1 of standby database " CDR_STAGING " is inconsistent
ARC0: Archival started
Autotune of undo retention is turned on.
Redo thread mounted read/write
Beginning log switch checkpoint up to RBA
Archived Log entry 842 added for thread 1 sequence 4932
Redo thread mounted read/write
PCC-02398: Indicator ignored in this statement for this type
Redo thread mounted read/write
Instance shutdown complete
Redo thread mounted read/write
DRG-13013: cannot have language independent DEFAULT sub lexer
Instance shutdown complete
ARC0: Archival started
Starting background process VKTM
Starting background process VKTM
Archived Log entry 319 added for thread 1 sequence 6199
ARC0: Archival started
CRS-02597: Server ' /u01/app/oracle/oradata/ttprod/users01.dbf ' may not be moved to pool ' SP2-0552 '
Instance shutdown complete
Starting background process VKTM
Redo thread mounted read/write
Archived Log entry 464 added for thread 1 sequence 4658
Beginning log switch checkpoint up to RBA
XOQ-01745: Unknown or invalid hierarchy " ttprod2 " is specified in a maintain dimension command.
Instance shutdown complete
ORA-14155: missing PARTITION or SUBPARTITION keyword
Archived Log entry 388 added for thread 1 sequence 7858
Undo initialization finished
Instance shutdown complete
Autotune of undo retention is turned on.
Redo thread mounted read/write
ORA-41689: invalid collection specification in the rule condition
Starting background process VKTM
Instance shutdown complete
ARC0: Archival started
ORA-00154: protocol error in transaction monitor
Errors in file /u01/app/oracle/diag/rdbms/ttprod/ttprod1/trace/ttprod1_ora_13081.trc
ORA-10854: Sets poll count used for AQ listen code under RAC
ARC0: Archival started
Starting background process VKTM
Instance shutdown complete
Redo thread mounted read/write
Completed checkpoint up to RBA
CLSS-00004: unable to allocate memory resources
Undo initialization finished
Redo thread mounted read/write
Instance shutdown complete
Archived Log entry 798 added for thread 1 sequence 9029
PRVF-05110: ASM is not running on nodes: "{0}"
Errors in file /u01/app/oracle/diag/rdbms/ttprod/ttprod1/trace/ttprod1_ora_33051.trc
Thread 1 advanced to log sequence 651
Autotune of undo retention is turned on.
Completed checkpoint up to RBA
Beginning log switch checkpoint up to RBA
Thread 1 advanced to log sequence 285
ORA-01590: number of segment free list ( 5000 ) exceeds maximum of /u01/app/oracle/oradata/ttprod/users01.dbf
ARC0: Archival started
ARC0: Archival started
Beginning log switch checkpoint up to RBA
Archived Log entry 308 added for thread 1 sequence 5858
Starting background process VKTM
ORA-26031: index maintenance error, the load cannot continue
SUCCESS: diskgroup DATA was mounted
ORA-01192: must have at least one enabled thread
Starting background process VKTM
Redo thread mounted read/write
Instance shutdown complete
CRS-10013: unable to release DHCP lease for client ID _SYSSMU7$ , on port number
Instance shutdown complete
Completed checkpoint up to RBA
Thread 1 advanced to log sequence 596
Archived Log entry 456 added for thread 1 sequence 5668
Undo initialization finished
Beginning log switch checkpoint up to RBA
PRCT-01015: Version supplied is null
ORA-02361: error while attempting to allocate number bytes of memory
Redo thread mounted read/write
Beginning log switch checkpoint up to RBA
Current log# 179 seq# 5245 mem# 0
VID-00714: internal error
ARC0: Archival started
Archived Log entry 704 added for thread 1 sequence 9805
Instance shutdown complete
ORA-23354: deferred RPC execution disabled for " ttprod2 " with " _SYSSMU12$ "
Beginning log switch checkpoint up to RBA
Autotune of undo retention is turned on.
ARC0: Archival started
Thread 1 advanced to log sequence 425
Beginning log switch checkpoint up to RBA
Archived Log entry 111 added for thread 1 sequence 7411
ORA-37545: DIMENSION_MEMBER is part of a hierarchy loop.
Errors in file /u01/app/oracle/diag/rdbms/ttprod/ttprod1/trace/ttprod1_ora_89058.trc
Starting background process VKTM
Thread 1 advanced to log sequence 36
SUCCESS: diskgroup DATA was mounted
Current log# 550 seq# 8686 mem# 0
Undo initialization finished
Undo initialization finished
ORA-54664: TO_GEOMETRY: internal error [ number , _SYSSMU7$ ]
Autotune of undo retention is turned on.
Completed checkpoint up to RBA
Starting background process VKTM
ORA-55315: batch load attempt failed: ttprod1
Thread 1 advanced to log sequence 645
SUCCESS: diskgroup DATA was mounted
Archived Log entry 23 added for thread 1 sequence 8599
Undo initialization finished
ORA-38864: cannot create a guaranteed restore point with user specified SCN or time.
Errors in file /u01/app/oracle/diag/rdbms/ttprod/ttprod1/trace/ttprod1_ora_66782.trc
Redo thread mounted read/write
Autotune of undo retention is turned on.
Beginning log switch checkpoint up to RBA
Current log# 292 seq# 5099 mem# 0
Beginning log switch checkpoint up to RBA
Beginning log switch checkpoint up to RBA
DIA-48444: The single "." and "*" cannot appear in the middle of the path
SUCCESS: diskgroup DATA was mounted
Thread 1 advanced to log sequence 143
ARC0: Archival started
Redo thread mounted read/write
ORA-39200: Link name " /u01/app/oracle/oradata/ttprod/users01.dbf " is invalid.
Instance shutdown complete
ARC0: Archival started
Starting background process VKTM
ORA-30742: cannot grant SELECT privilege WITH HIERARCHY OPTION on this object
Beginning log switch checkpoint up to RBA
Autotune of undo retention is turned on.
Instance shutdown complete
Beginning log switch checkpoint up to RBA
Beginning log switch checkpoint up to RBA
Archived Log entry 639 added for thread 1 sequence 3052
DRG-52103: the Oracle Text environment could not reset
DRG-13709: Unsupported Language Specified: _SYSSMU7$
Errors in file /u01/app/oracle/diag/rdbms/ttprod/ttprod1/trace/ttprod1_ora_77224.trc
Beginning log switch checkpoint up to RBA
Undo initialization finished
Instance shutdown complete
Redo thread mounted read/write
Completed checkpoint up to RBA
Thread 1 advanced to log sequence 84
ORA-17630: Mismatch in the remote file protocol version client ttprod2 server USERS
Instance shutdown complete
Undo initialization finished
ARC0: Archival started
ORA-01182: cannot create database file PK_CUSTOMER_ACCOUNTS - file is in use or recovery
Instance shutdown complete
Starting background process VKTM
Thread 1 advanced to log sequence 985
ARC0: Archival started
Current log# 5 seq# 6034 mem# 0
ORA-10580: Can not modify datafile header during test recovery
Completed checkpoint up to RBA
SUCCESS: diskgroup DATA was mounted
Undo initialization finished
ORA-48445: Path expression only supports one bucket dump type
SUCCESS: diskgroup DATA was mounted
Completed checkpoint up to RBA
ORA-19633: control file record shared pool is out of sync with recovery catalog
Archived Log entry 265 added for thread 1 sequence 8614
SUCCESS: diskgroup DATA was mounted
Instance shutdown complete
Instance shutdown complete
Beginning log switch checkpoint up to RBA
ORA-16020: fewer destinations available than specified by LOG_ARCHIVE_MIN_SUCCEED_DEST
Thread 1 advanced to log sequence 872
SUCCESS: diskgroup DATA was mounted
Undo initialization finished
Undo initialization finished
Beginning log switch checkpoint up to RBA
Redo thread mounted read/write
ORA-13194: failed to decode supercell
Archived Log entry 874 added for thread 1 sequence 5819
Beginning log switch checkpoint up to RBA
Autotune of undo retention is turned on.
Archived Log entry 904 added for thread 1 sequence 9363
Archived Log entry 284 added for thread 1 sequence 7222
ORA-04097: DDL conflict while trying to drop or alter a trigger
Errors in file /u01/app/oracle/diag/rdbms/ttprod/ttprod1/trace/ttprod1_ora_73389.trc
Archived Log entry 975 added for thread 1 sequence 9160
Redo thread mounted read/write
Starting background process VKTM
Beginning log switch checkpoint up to RBA
INS-42016: The current Grid home is not registered in the central inventory on the following nodes: large pool
Errors in file /u01/app/oracle/diag/rdbms/ttprod/ttprod1/trace/ttprod1_ora_65727.trc
QSM-01005: no query rewrite when query has slave SQL
Starting background process VKTM
Undo initialization finished
PRKH-03150: Unexpected error ({0}) returned from DHCP module
Autotune of undo retention is turned on.
SUCCESS: diskgroup DATA was mounted
Autotune of undo retention is turned on.
Archived Log entry 380 added for thread 1 sequence 4474
Thread 1 advanced to log sequence 390
Current log# 432 seq# 1563 mem# 0
ORA-41689: invalid collection specification in the rule condition
Redo thread mounted read/write
Autotune of undo retention is turned on.
ORA-30991: cannot use DOM to add special attribute to schema-based parent
Errors in file /u01/app/oracle/diag/rdbms/ttprod/ttprod1/trace/ttprod1_ora_42260.trc
Autotune of undo retention is turned on.
Instance shutdown complete
Undo initialization finished
Starting background process VKTM
Archived Log entry 254 added for thread 1 sequence 5267
Beginning log switch checkpoint up to RBA
PLS-00605: set operators are not yet supported as an argument to a MULTISET operator
Autotune of undo retention is turned on.
ORA-37096: (XSOBJORG_BAD_ATTR) invalid property " SP2-0552 " specified for base attribute " ttstandby01 . large pool . CRM.CALL_DETAIL_RECORDS "
SUCCESS: diskgroup DATA was mounted
Beginning log switch checkpoint up to RBA
Redo thread mounted read/write
Thread 1 advanced to log sequence 653
Instance shutdown complete
Archived Log entry 855 added for thread 1 sequence 7486
DRG-12516: language column must be specified when using the multi stoplist
PGU-39121: EP d# BILLING.CUST_ORDERS , f# session_1123
Autotune of undo retention is turned on.
Undo initialization finished
PRCR-01040: Resource {0} is already enabled on node(s) {1}
ORA-44425: XML DB needs to be installed for creating an XMLType table or column
Starting background process VKTM
Beginning log switch checkpoint up to RBA
Autotune of undo retention is turned on.
Starting background process VKTM
Undo initialization finished
Thread 1 advanced to log sequence 774
ORA-12057: materialized view " shared pool "." ttprod1 " is INVALID and must complete refresh
Instance shutdown complete
Starting background process VKTM
ARC0: Archival started
Instance shutdown complete
ORA-23673: Invalid resolution column " TNS_ADMIN " for table " CRM.CALL_DETAIL_RECORDS "." TNS_ADMIN "
ORA-31069: Cannot apply typed changes to non-schema-based XMLType nodes
Autotune of undo retention is turned on.
Starting background process VKTM
RMAN-03002: failure of 5000 command at 5000
ARC0: Archival started
Instance shutdown complete
Autotune of undo retention is turned on.
Starting background process VKTM
ORA-15062: ASM disk is globally closed
Errors in file /u01/app/oracle/diag/rdbms/ttprod/ttprod1/trace/ttprod1_ora_78725.trc
Undo initialization finished
Autotune of undo retention is turned on.
Completed checkpoint up to RBA
ARC0: Archival started
Redo thread mounted read/write
ARC0: Archival started
ORA-37082: Invalid percent
SUCCESS: diskgroup DATA was mounted
Redo thread mounted read/write
RMAN-05115: Cross-platform INSTANT RESTORE is not supported.
Errors in file /u01/app/oracle/diag/rdbms/ttprod/ttprod1/trace/ttprod1_ora_38844.trc
Archived Log entry 199 added for thread 1 sequence 1989
Undo initialization finished
Instance shutdown complete
Beginning log switch checkpoint up to RBA
Starting background process VKTM
Current log# 375 seq# 9014 mem# 0
ORA-09753: spwat: invalid process number.
Thread 1 advanced to log sequence 379
ORA-32501: Writing SGA to file failed
Starting background process VKTM
Redo thread mounted read/write
Completed checkpoint up to RBA
Redo thread mounted read/write
Archived Log entry 311 added for thread 1 sequence 6652
RMAN-06726: could not locate archived log shared pool
ORA-28041: Authentication protocol internal error
Errors in file /u01/app/oracle/diag/rdbms/ttprod/ttprod1/trace/ttprod1_ora_36837.trc
Undo initialization finished
Instance shutdown complete
SUCCESS: diskgroup DATA was mounted
Undo initialization finished
Redo thread mounted read/write
Archived Log entry 327 added for thread 1 sequence 8637
XOQ-01936: invalid partition dimension for SPARSE_GLOBAL cube
SUCCESS: diskgroup DATA was mounted
Archived Log entry 324 added for thread 1 sequence 6994
Starting background process VKTM
ARC0: Archival started
ORA-55505: DDL done on an interesting object after mining start SCN
SUCCESS: diskgroup DATA was mounted
Completed checkpoint up to RBA
ARC0: Archival started
Autotune of undo retention is turned on.
NZE-29235: the key information could not be retrieved
ARC0: Archival started
ORA-13009: the specified date /u01/app/oracle/oradata/ttprod/users01.dbf is invalid
Errors in file /u01/app/oracle/diag/rdbms/ttprod/ttprod1/trace/ttprod1_ora_95430.trc
Autotune of undo retention is turned on.
ORA-00602: internal programming exception
Redo thread mounted read/write
Current log# 370 seq# 6774 mem# 0
Archived Log entry 749 added for thread 1 sequence 5244
Beginning log switch checkpoint up to RBA
Thread 1 advanced to log sequence 219
Current log# 188 seq# 6515 mem# 0
ORA-51003: run parameters not formatted correctly
Completed checkpoint up to RBA
Starting background process VKTM
SUCCESS: diskgroup DATA was mounted
Completed checkpoint up to RBA
Redo thread mounted read/write
ARC0: Archival started
ORA-40214: duplicate setting: /u01/app/oracle/oradata/ttprod/users01.dbf
PRCR-01016: Failed to modify resource {0}
Thread 1 advanced to log sequence 650
Starting background process VKTM
XOQ-01971: A dependency cannot be added on the organizationalSchema to the cube because measure " UNDOTBS1 " is invalid.
Archived Log entry 931 added for thread 1 sequence 6969
ORA-64141: Can only have a single XMLType column when a table is shared.
Current log# 731 seq# 8567 mem# 0
Current log# 645 seq# 6326 mem# 0
Completed checkpoint up to RBA
Beginning log switch checkpoint up to RBA
ORA-07850: sllfop: bad option
Autotune of undo retention is turned on.
Current log# 129 seq# 1559 mem# 0
ORA-32502: Cannot execute command. Flash Freeze is not in effect
Errors in file /u01/app/oracle/diag/rdbms/ttprod/ttprod1/trace/ttprod1_ora_53979.trc
Current log# 299 seq# 7802 mem# 0
Completed checkpoint up to RBA
Archived Log entry 651 added for thread 1 sequence 9435
Archived Log entry 991 added for thread 1 sequence 2605
Archived Log entry 60 added for thread 1 sequence 6824
SUCCESS: diskgroup DATA was mounted
ORA-07572: szrfc: insufficient rolename buffer space
Current log# 979 seq# 8202 mem# 0
Completed checkpoint up to RBA
Starting background process VKTM
Redo thread mounted read/write
ORA-28168: attempted to grant password-protected role
SUCCESS: diskgroup DATA was mounted
ARC0: Archival started
Autotune of undo retention is turned on.
ORA-30744: " CRM.CALL_DETAIL_RECORDS " is not an object table
Errors in file /u01/app/oracle/diag/rdbms/ttprod/ttprod1/trace/ttprod1_ora_28938.trc
Current log# 318 seq# 5108 mem# 0
Thread 1 advanced to log sequence 462
Completed checkpoint up to RBA
Instance shutdown complete
Starting background process VKTM
Starting background process VKTM
NID-00126: Database should have no datafiles in unknown state
Current log# 896 seq# 6182 mem# 0
PLS-00134: Pragma NETWORK_OPS.SIM_INVENTORY expects 2nd argument to be an identifier or large pool-literal
Starting background process VKTM
Beginning log switch checkpoint up to RBA
Redo thread mounted read/write
Completed checkpoint up to RBA
ORA-12535: TNS:operation timed out
Current log# 384 seq# 9801 mem# 0
Thread 1 advanced to log sequence 64
SUCCESS: diskgroup DATA was mounted
Thread 1 advanced to log sequence 454
SUCCESS: diskgroup DATA was mounted
Autotune of undo retention is turned on.
PRCH-01019: Failed to start VIP resource
Errors in file /u01/app/oracle/diag/rdbms/ttprod/ttprod1/trace/ttprod1_ora_50169.trc
Archived Log entry 754 added for thread 1 sequence 5859
ARC0: Archival started
Autotune of undo retention is turned on.
ORA-32154: Anydata context not specified
Beginning log switch checkpoint up to RBA
Undo initialization finished
Autotune of undo retention is turned on.
ARC0: Archival started
ARC0: Archival started
Beginning log switch checkpoint up to RBA
KUP-05004: Warning: Intra source concurrency disabled because parallel select was not requested.
Current log# 565 seq# 9437 mem# 0
Autotune of undo retention is turned on.
ORA-00058: DB_BLOCK_SIZE must be ttstandby01 to mount this database (not NETWORK_OPS.SIM_INVENTORY )
SUCCESS: diskgroup DATA was mounted
Starting background process VKTM
CRS-01327: Error during initialization of communication subsystem. Details at ttprod1 in 3 .
Errors in file /u01/app/oracle/diag/rdbms/ttprod/ttprod1/trace/ttprod1_ora_66109.trc
Beginning log switch checkpoint up to RBA
ORA-00038: Cannot create session: server group belongs to another user
Completed checkpoint up to RBA
Beginning log switch checkpoint up to RBA
ORA-28661: Object already has COMPRESS clause specified
Errors in file /u01/app/oracle/diag/rdbms/ttprod/ttprod1/trace/ttprod1_ora_31899.trc
Archived Log entry 314 added for thread 1 sequence 2335
QSM-02008: non-join filter condition in WHERE or HAVING clause
DRG-50962: Query operators are not allowed in transform input USERS
Archived Log entry 427 added for thread 1 sequence 7806
Autotune of undo retention is turned on.
SUCCESS: diskgroup DATA was mounted
ORA-22924: snapshot too old
Starting background process VKTM
ORA-12490: DBHIGH cannot be lowered
Autotune of undo retention is turned on.
Starting background process VKTM
Current log# 321 seq# 6088 mem# 0
SUCCESS: diskgroup DATA was mounted
LSX-00342: value of attribute "base" must be a complex type definition
Starting background process VKTM
ARC0: Archival started
Completed checkpoint up to RBA
Completed checkpoint up to RBA
NID-00403: DBNEWID - Completed with validation errors.
ARC0: Archival started
NNO-00263: error from configuration database
Errors in file /u01/app/oracle/diag/rdbms/ttprod/ttprod1/trace/ttprod1_ora_58120.trc
Beginning log switch checkpoint up to RBA
Instance shutdown complete
Starting background process VKTM
CLST-02310: CSS daemon refused node deletion, status _SYSSMU12$ . attempting rollback
Errors in file /u01/app/oracle/diag/rdbms/ttprod/ttprod1/trace/ttprod1_ora_59530.trc
Completed checkpoint up to RBA
SUCCESS: diskgroup DATA was mounted
Beginning log switch checkpoint up to RBA
XOQ-01217: metadata problem with mapping for hierarchy " 42 "
Instance shutdown complete
Autotune of undo retention is turned on.
Autotune of undo retention is turned on.
SUCCESS: diskgroup DATA was mounted
Autotune of undo retention is turned on.
ORA-16107: all log data from primary has been processed
ARC0: Archival started
Starting background process VKTM
Archived Log entry 413 added for thread 1 sequence 9306
Current log# 279 seq# 4492 mem# 0
Thread 1 advanced to log sequence 486
Beginning log switch checkpoint up to RBA
ORA-00378: buffer pools cannot be created as specified
Completed checkpoint up to RBA
Beginning log switch checkpoint up to RBA
Archived Log entry 954 added for thread 1 sequence 4681
Undo initialization finished
Current log# 373 seq# 9585 mem# 0
LFI-01517: open() failed(OSD return value = _SYSSMU12$ ).
Errors in file /u01/app/oracle/diag/rdbms/ttprod/ttprod1/trace/ttprod1_ora_54969.trc
Current log# 59 seq# 2109 mem# 0
Beginning log switch checkpoint up to RBA
Thread 1 advanced to log sequence 669
Beginning log switch checkpoint up to RBA
ORA-32140: cannot peform this operation on stream
ORA-01607: cannot add logfile to the specified instance
ARC0: Archival started
Completed checkpoint up to RBA
ARC0: Archival started
ORA-26876: invalid processed low-watermark (current position= BILLING.CUST_ORDERS ; new position= NETWORK_OPS.SIM_INVENTORY )
ORA-01742: comment not terminated properly
Redo thread mounted read/write
Instance shutdown complete
Autotune of undo retention is turned on.
ARC0: Archival started
Instance shutdown complete
Undo initialization finished
ORA-01622: thread number must be specified - default not specific
Autotune of undo retention is turned on.
SUCCESS: diskgroup DATA was mounted
Thread 1 advanced to log sequence 124
EVM-00023: Filter test operation failed
Completed checkpoint up to RBA
SUCCESS: diskgroup DATA was mounted
RMAN-05601: Failed to restore original settings to server parameter file
Errors in file /u01/app/oracle/diag/rdbms/ttprod/ttprod1/trace/ttprod1_ora_30519.trc
ARC0: Archival started
Instance shutdown complete
Instance shutdown complete
ORA-55613: Invalid Flashback Archive quota size
Errors in file /u01/app/oracle/diag/rdbms/ttprod/ttprod1/trace/ttprod1_ora_27764.trc
Completed checkpoint up to RBA
Undo initialization finished
SUCCESS: diskgroup DATA was mounted
Instance shutdown complete
ORA-13901: Object USERS was not found.
Archived Log entry 704 added for thread 1 sequence 6157
Beginning log switch checkpoint up to RBA
ORA-46256: Internal error: Audit Table not partitioned
Starting background process VKTM
Starting background process VKTM
Current log# 641 seq# 6700 mem# 0
ORA-14191: ALLOCATE EXTENT may not be specified for composite partitioned object
Completed checkpoint up to RBA
NNL-00580: register_ns: <name server> <address> <domain>
NCR-03025: NCRO: Failed to make LIST connection(s)
Redo thread mounted read/write
ARC0: Archival started
Starting background process VKTM
Current log# 995 seq# 9327 mem# 0
ORA-26793: Number of capture processes that enqueued message to queue " SP2-0552 "." _SYSSMU7$ " not equal to one
Errors in file /u01/app/oracle/diag/rdbms/ttprod/ttprod1/trace/ttprod1_ora_73947.trc
Instance shutdown complete
Undo initialization finished
Beginning log switch checkpoint up to RBA
ORA-24243: access control entry (ACE) already exists
Starting background process VKTM
Undo initialization finished
Autotune of undo retention is turned on.
Current log# 597 seq# 5653 mem# 0
SUCCESS: diskgroup DATA was mounted
KUP-04105: zoned decimal to number conversion caused overflow for INVOICE_LINES_IDX
Thread 1 advanced to log sequence 556
Undo initialization finished
TNS-04004: Unable to encrypt the supplied password.
Errors in file /u01/app/oracle/diag/rdbms/ttprod/ttprod1/trace/ttprod1_ora_47534.trc
Thread 1 advanced to log sequence 587
Starting background process VKTM
Starting background process VKTM
Beginning log switch checkpoint up to RBA
ORA-15130: diskgroup " session_1123 " is being dismounted
Errors in file /u01/app/oracle/diag/rdbms/ttprod/ttprod1/trace/ttprod1_ora_22183.trc
ARC0: Archival started
Instance shutdown complete
SUCCESS: diskgroup DATA was mounted
ARC0: Archival started
RMAN-06043: TAG option not supported for archived log copies
Current log# 286 seq# 7308 mem# 0
ORA-36960: (XSFCAST27) The value of the PK_CUSTOMER_ACCOUNTS expression must be an odd number. You specified number .
Redo thread mounted read/write
Current log# 51 seq# 8010 mem# 0
Instance shutdown complete
ORA-22344: can not specify CONVERT TO SUBSTITUTABLE option for ALTER TYPE other than NOT FINAL change
Errors in file /u01/app/oracle/diag/rdbms/ttprod/ttprod1/trace/ttprod1_ora_52293.trc
ARC0: Archival started
ORA-23505: Object " CDR_STAGING "." CRM.CALL_DETAIL_RECORDS " is missing.
Autotune of undo retention is turned on.
RMAN-06953: no automatic repairs were listed by ADVISE FAILURE
SUCCESS: diskgroup DATA was mounted
ARC0: Archival started
ORA-27617: Smart I/O failed because of an internal error. Cell " INVOICE_LINES_IDX ", disk " 17 ", cell library error code " USERS , shared pool ", error information " CDR_STAGING "
Errors in file /u01/app/oracle/diag/rdbms/ttprod/ttprod1/trace/ttprod1_ora_79915.trc
Completed checkpoint up to RBA
Undo initialization finished
Archived Log entry 241 added for thread 1 sequence 6139
DIA-51704: Error INVOICE_LINES_IDX received from XPath engine
Errors in file /u01/app/oracle/diag/rdbms/ttprod/ttprod1/trace/ttprod1_ora_16259.trc
Redo thread mounted read/write
Current log# 566 seq# 4566 mem# 0
Archived Log entry 216 added for thread 1 sequence 6080
ORA-00281: media recovery may not be performed using dispatcher
Thread 1 advanced to log sequence 488
Archived Log entry 58 added for thread 1 sequence 9566
ARC0: Archival started
Starting background process VKTM
ARC0: Archival started
Archived Log entry 565 added for thread 1 sequence 7359
ORA-15277: disk SYSAUX is a quorum disk
Thread 1 advanced to log sequence 850
ARC0: Archival started
SUCCESS: diskgroup DATA was mounted
INS-30042: IO Exception occurred.
Current log# 356 seq# 4880 mem# 0
ORA-29956: warning in the execution of ODCIINDEXEXCHANGEPARTITION routine
Beginning log switch checkpoint up to RBA
Current log# 750 seq# 5178 mem# 0
Current log# 578 seq# 9891 mem# 0
ORA-14024: number of partitions of LOCAL index must equal that of the underlying table
Starting background process VKTM
Redo thread mounted read/write
Redo thread mounted read/write
Archived Log entry 901 added for thread 1 sequence 5324
Redo thread mounted read/write
ARC0: Archival started
ORA-14322: DEFAULT partition already exists
Starting background process VKTM
PRIF-00014: invalid node name
Errors in file /u01/app/oracle/diag/rdbms/ttprod/ttprod1/trace/ttprod1_ora_62238.trc
ARC0: Archival started
ORA-12941: DBVerify exception
Current log# 931 seq# 7738 mem# 0
SUCCESS: diskgroup DATA was mounted
Archived Log entry 795 added for thread 1 sequence 6635
Autotune of undo retention is turned on.
Starting background process VKTM
ORA-12055: materialized view definition contains cyclic dependencies with existing materialized views
Errors in file /u01/app/oracle/diag/rdbms/ttprod/ttprod1/trace/ttprod1_ora_58691.trc
Starting background process VKTM
Autotune of undo retention is turned on.
Undo initialization finished
Instance shutdown complete
Starting background process VKTM
CRS-02602: Server ' PK_CUSTOMER_ACCOUNTS ' is in server pool ' UNDOTBS1 ' which is exclusive with server pool ' SP2-0552 '
Redo thread mounted read/write
SUCCESS: diskgroup DATA was mounted
ORA-23385: replication parallel push _SYSSMU7$ argument not valid
Beginning log switch checkpoint up to RBA
Autotune of undo retention is turned on.
Archived Log entry 559 added for thread 1 sequence 8146
ARC0: Archival started
ORA-10919: Default temporary tablespace group must have at least one tablespace
Errors in file /u01/app/oracle/diag/rdbms/ttprod/ttprod1/trace/ttprod1_ora_95283.trc
SUCCESS: diskgroup DATA was mounted
ORA-13159: Oracle table DATA_TS01 already exists
SUCCESS: diskgroup DATA was mounted
Current log# 334 seq# 3910 mem# 0
Thread 1 advanced to log sequence 728
Completed checkpoint up to RBA
Archived Log entry 490 added for thread 1 sequence 7384
SUCCESS: diskgroup DATA was mounted
ORA-19503: cannot obtain information on device, name=" 5000 ", type=" BILLING.CUST_ORDERS ", parms=" ttstandby01 "
Completed checkpoint up to RBA
Autotune of undo retention is turned on.
ORA-01403: no data found
Thread 1 advanced to log sequence 208
Thread 1 advanced to log sequence 347
ORA-08187: snapshot expression not allowed here
Thread 1 advanced to log sequence 540
Current log# 790 seq# 6494 mem# 0
Instance shutdown complete
Undo initialization finished
Redo thread mounted read/write
ARC0: Archival started
ORA-60012: adding ( ttprod1 ) blocks to table 42 . APP_USER42 subpartition TNS_ADMIN with MAXSIZE ( TNS_ADMIN )
ORA-06794: TLI Driver: shadow process could not retrieve protocol info
Beginning log switch checkpoint up to RBA
Starting background process VKTM
Redo thread mounted read/write
Instance shutdown complete
RMAN-06583: at least 1 channel of TYPE DISK must be allocated to use AS COPY option
Beginning log switch checkpoint up to RBA
ARC0: Archival started
ORA-24343: user defined callback error
Thread 1 advanced to log sequence 252
QSM-00756: the specified workload BILLING.CUST_ORDERS is being used by one or more advisor tasks
ORA-19552: device type session_1123 is invalid
Starting background process VKTM
Redo thread mounted read/write
Beginning log switch checkpoint up to RBA
Beginning log switch checkpoint up to RBA
Autotune of undo retention is turned on.
ORA-27066: number of buffers in vector I/O exceeds maximum
Errors in file /u01/app/oracle/diag/rdbms/ttprod/ttprod1/trace/ttprod1_ora_71429.trc
Autotune of undo retention is turned on.
ORA-25230: invalid value DATA_TS01 , WAIT should be non-negative
Beginning log switch checkpoint up to RBA
ARC0: Archival started
RMAN-20003: target database incarnation not found in recovery catalog
SUCCESS: diskgroup DATA was mounted
Autotune of undo retention is turned on.
RMAN-00201: Do you really want to execute the above repair (enter YES or NO)?
Thread 1 advanced to log sequence 26
ARC0: Archival started
Thread 1 advanced to log sequence 308
ARC0: Archival started
ARC0: Archival started
Starting background process VKTM
CRS-01016: The Cluster Ready Service on this node terminated because it detected a failure while upgrading the Oracle Cluster Registry format. Details at _SYSSMU12$ in NETWORK_OPS.SIM_INVENTORY .
Errors in file /u01/app/oracle/diag/rdbms/ttprod/ttprod1/trace/ttprod1_ora_70521.trc
Archived Log entry 208 added for thread 1 sequence 9710
Beginning log switch checkpoint up to RBA
SUCCESS: diskgroup DATA was mounted
DRG-10758: index owner does not have the privilege to use file or URL datastore
Current log# 126 seq# 5690 mem# 0
TNS-01057: Program name: 3
Current log# 187 seq# 4675 mem# 0
SUCCESS: diskgroup DATA was mounted
Instance shutdown complete
Redo thread mounted read/write
ARC0: Archival started
QSM-01533: query rewritten with equivalence, DATA_TS01
Errors in file /u01/app/oracle/diag/rdbms/ttprod/ttprod1/trace/ttprod1_ora_18236.trc
Thread 1 advanced to log sequence 927
Undo initialization finished
Redo thread mounted read/write
Undo initialization finished
Autotune of undo retention is turned on.
ORA-14059: partition " 17 ": INITRANS value must be less than MAXTRANS value
SUCCESS: diskgroup DATA was mounted
Undo initialization finished
Archived Log entry 637 added for thread 1 sequence 7938
Redo thread mounted read/write
ORA-19272: XQDY0052 - invalid atomic value in attribute or element constructor
Instance shutdown complete
Undo initialization finished
Completed checkpoint up to RBA
Archived Log entry 337 added for thread 1 sequence 8457
ORA-06112: NETTCP: invalid buffer size
Instance shutdown complete
ORA-01627: rollback segment number ' TNS_ADMIN ' is not online
ORA-00828: specified value of shared_pool_reserved_size inconsistent with internal settings
Current log# 57 seq# 1594 mem# 0
Beginning log switch checkpoint up to RBA
Thread 1 advanced to log sequence 426
SUCCESS: diskgroup DATA was mounted
Current log# 626 seq# 3548 mem# 0
ORA-31003: Parent PK_CUSTOMER_ACCOUNTS already contains child entry BILLING.CUST_ORDERS
Errors in file /u01/app/oracle/diag/rdbms/ttprod/ttprod1/trace/ttprod1_ora_38599.trc
Redo thread mounted read/write
Autotune of undo retention is turned on.
ORA-29808: specified primary operator binding does not exist
Redo thread mounted read/write
ORA-13367: wrong orientation for interior/exterior rings
Beginning log switch checkpoint up to RBA
Archived Log entry 715 added for thread 1 sequence 3288
PLS-01450: This <value expression> contains a nonconforming data type
Archived Log entry 633 added for thread 1 sequence 5522
Beginning log switch checkpoint up to RBA
Redo thread mounted read/write
Redo thread mounted read/write
Instance shutdown complete
ORA-13456: GeoRaster cell data error: shared pool
ARC0: Archival started
Completed checkpoint up to RBA
Archived Log entry 214 added for thread 1 sequence 1402
Instance shutdown complete
Beginning log switch checkpoint up to RBA
ORA-30135: OCI Thread operation fails
Autotune of undo retention is turned on.
Archived Log entry 760 added for thread 1 sequence 2069
Beginning log switch checkpoint up to RBA
ORA-10945: trace name context forever
QSM-02027: group by ROLLUP
Autotune of undo retention is turned on.
DRG-12001: Please enter username:
Archived Log entry 319 added for thread 1 sequence 3845
Current log# 588 seq# 4091 mem# 0
Redo thread mounted read/write
Thread 1 advanced to log sequence 337
PLS-00323: subprogram or cursor ' ttprod1 ' is declared in a package specification and must be defined in the package body
Errors in file /u01/app/oracle/diag/rdbms/ttprod/ttprod1/trace/ttprod1_ora_69199.trc
Redo thread mounted read/write
PRCI-01100: Failed to get Vendor Cluster for CRS home {0}
PRCT-01154: Failed to retrieve private host name for all cluster nodes. Detailed error: {0}
Archived Log entry 686 added for thread 1 sequence 6795
Thread 1 advanced to log sequence 809
Archived Log entry 153 added for thread 1 sequence 9998
SUCCESS: diskgroup DATA was mounted
Autotune of undo retention is turned on.
Archived Log entry 2 added for thread 1 sequence 2921
ORA-34871: (PERMIT06) Session-only value ' value ' of workspace object has been deleted because a PERMIT change has revealed a duplicate value.
SUCCESS: diskgroup DATA was mounted
Autotune of undo retention is turned on.
Undo initialization finished
LRM-00105: ' USERS ' is not a legal Boolean for ' CDR_STAGING '
Current log# 197 seq# 5837 mem# 0
IMG-02007: 2FF07 - positional color feature cannot be determined
ARC0: Archival started
ORA-24277: invalid database link TNS_ADMIN
Starting background process VKTM
SUCCESS: diskgroup DATA was mounted
RDE-00014: operation was interrupted.
Undo initialization finished
TNS-00084: * trace_off - ask process name to turn tracing off
Redo thread mounted read/write
SUCCESS: diskgroup DATA was mounted
Undo initialization finished
Instance shutdown complete
Archived Log entry 397 added for thread 1 sequence 2650
LPX-00102: standalone document declaration should be "no"
Completed checkpoint up to RBA
Beginning log switch checkpoint up to RBA
Beginning log switch checkpoint up to RBA
Completed checkpoint up to RBA
ARC0: Archival started
ORA-15250: insufficient diskgroup space for rebalance completion
Autotune of undo retention is turned on.
Archived Log entry 520 added for thread 1 sequence 3018
Archived Log entry 734 added for thread 1 sequence 9617
Autotune of undo retention is turned on.
Beginning log switch checkpoint up to RBA
ORA-41104: The database: large pool is the Cluster Director.
SUCCESS: diskgroup DATA was mounted
Completed checkpoint up to RBA
Instance shutdown complete
CRS-10030: could not verify if port number on local node is in use
Archived Log entry 940 added for thread 1 sequence 9191
Redo thread mounted read/write
ORA-31614: routine 5000 received this error from 3 : TNS_ADMIN
Instance shutdown complete
Redo thread mounted read/write
Beginning log switch checkpoint up to RBA
Current log# 679 seq# 9444 mem# 0
Current log# 64 seq# 5613 mem# 0
Current log# 476 seq# 8654 mem# 0
ORA-36258: (XSAGINFO00) When the AGGMAPINFO function is called, workspace object must be an AGGMAP.
Autotune of undo retention is turned on.
ORA-09708: soacon: failed to bind socket to port.
Autotune of undo retention is turned on.
TNS-00559: load of Entrust certificate failed
Thread 1 advanced to log sequence 178
Autotune of undo retention is turned on.
Thread 1 advanced to log sequence 192
Archived Log entry 245 added for thread 1 sequence 5132
LRM-00118: syntax error at ' CDR_STAGING ' at the end of input
Starting background process VKTM
Undo initialization finished
DRG-12512: invalid stop class 5000
Starting background process VKTM
SUCCESS: diskgroup DATA was mounted
PRCD-01046: Database {0} is policy managed and does not support the remove instance option
Instance shutdown complete
Redo thread mounted read/write
Current log# 982 seq# 4378 mem# 0
Archived Log entry 657 added for thread 1 sequence 8691
Current log# 943 seq# 9946 mem# 0
PRCT-01102: Failed to parse output when executing acfsutil at file location {0}
DRG-13400: Oracle Data Mining was not installed
Completed checkpoint up to RBA
Undo initialization finished
Thread 1 advanced to log sequence 42
ORA-24080: unschedule_propagation pending for QUEUE ttstandby01 and DESTINATION _SYSSMU12$
ORA-27019: tape filename length exceeds limit (SBTOPMXF)
Errors in file /u01/app/oracle/diag/rdbms/ttprod/ttprod1/trace/ttprod1_ora_20134.trc
Starting background process VKTM
ORA-35581: (XSRWLD11) You do not have permission to write this value of the target.
Errors in file /u01/app/oracle/diag/rdbms/ttprod/ttprod1/trace/ttprod1_ora_48389.trc
Redo thread mounted read/write
SUCCESS: diskgroup DATA was mounted
Current log# 166 seq# 7892 mem# 0
Completed checkpoint up to RBA
Undo initialization finished
ARC0: Archival started
RMAN-05532: PASSWORD FILE specified without FROM ACTIVE DATABASE
Errors in file /u01/app/oracle/diag/rdbms/ttprod/ttprod1/trace/ttprod1_ora_47180.trc
Undo initialization finished
Instance shutdown complete
ORA-53257: Attribute does not exist.
ORA-22614: error while construction the collection in the image
Completed checkpoint up to RBA
Redo thread mounted read/write
Thread 1 advanced to log sequence 355
Archived Log entry 871 added for thread 1 sequence 5889
Redo thread mounted read/write
VID-00703: unable to read video data
Errors in file /u01/app/oracle/diag/rdbms/ttprod/ttprod1/trace/ttprod1_ora_70894.trc
Starting background process VKTM
Archived Log entry 767 added for thread 1 sequence 6342
ORA-38101: Invalid column in the INSERT VALUES Clause: /u01/app/oracle/oradata/ttprod/users01.dbf
Undo initialization finished
ORA-25178: duplicate PCTTHRESHOLD storage option specification
Completed checkpoint up to RBA
KUP-03999: error occurred while processing a date format: ORA- number : 3
Errors in file /u01/app/oracle/diag/rdbms/ttprod/ttprod1/trace/ttprod1_ora_48706.trc
ORA-30941: Cannot specify empty URI for non-default namespace ' DATA_TS01 '
Starting background process VKTM
Starting background process VKTM
Beginning log switch checkpoint up to RBA
Thread 1 advanced to log sequence 644
DRG-13611: Missing value id for MVDATA group counting in the result set interface
Undo initialization finished
PRCR-01129: Failed to upgrade resource type {0}
SUCCESS: diskgroup DATA was mounted
SUCCESS: diskgroup DATA was mounted
Thread 1 advanced to log sequence 529
Thread 1 advanced to log sequence 52
ORA-14801: Hash composite partitioning is not supported
Beginning log switch checkpoint up to RBA
Beginning log switch checkpoint up to RBA
Thread 1 advanced to log sequence 429
Autotune of undo retention is turned on.
XOQ-02008: cannot parse OLAP syntax session_1123 " SYSAUX ": ttprod1
ARC0: Archival started
Beginning log switch checkpoint up to RBA
Redo thread mounted read/write
ORA-06423: NETCMN: Error in receiving data
Errors in file /u01/app/oracle/diag/rdbms/ttprod/ttprod1/trace/ttprod1_ora_48278.trc
Undo initialization finished
Autotune of undo retention is turned on.
Starting background process VKTM
CRS-09018: Error 3 : No arguments supplied
Errors in file /u01/app/oracle/diag/rdbms/ttprod/ttprod1/trace/ttprod1_ora_57063.trc
Archived Log entry 366 added for thread 1 sequence 4374
ORA-55566: SQL statement issued when the database was not open for queries
Undo initialization finished
JMS-00134: Name must be specified
Current log# 106 seq# 7763 mem# 0
Undo initialization finished
Archived Log entry 853 added for thread 1 sequence 2512
TNS-01150: The address of the specified listener name is incorrect
Errors in file /u01/app/oracle/diag/rdbms/ttprod/ttprod1/trace/ttprod1_ora_55116.trc
Autotune of undo retention is turned on.
Instance shutdown complete
Archived Log entry 631 added for thread 1 sequence 9709
Instance shutdown complete
PCC-02019: Preprocessor warning at line number , column number , file APP_USER42 :
ARC0: Archival started
Instance shutdown complete
Current log# 536 seq# 5374 mem# 0
NPL-00307: ASN.1 sequence has already been ended on write
Errors in file /u01/app/oracle/diag/rdbms/ttprod/ttprod1/trace/ttprod1_ora_75248.trc
Instance shutdown complete
Redo thread mounted read/write
ORA-06115: NETTCP: unable to create ORACLE logicals
ARC0: Archival started
Redo thread mounted read/write
Thread 1 advanced to log sequence 519
NNL-00281: Scheduled restart to occur in INVOICE_LINES_IDX
ORA-01525: error in renaming data files
Redo thread mounted read/write
Beginning log switch checkpoint up to RBA
Archived Log entry 48 added for thread 1 sequence 5918
Thread 1 advanced to log sequence 919
ORA-29348: You must specify the datafiles to be plugged in
Errors in file /u01/app/oracle/diag/rdbms/ttprod/ttprod1/trace/ttprod1_ora_31340.trc
Current log# 690 seq# 9382 mem# 0
Autotune of undo retention is turned on.
ORA-31514: change set TNS_ADMIN disabled due to capture error
Errors in file /u01/app/oracle/diag/rdbms/ttprod/ttprod1/trace/ttprod1_ora_34357.trc
Instance shutdown complete
ORA-09952: scgcmn: lk_open_convert unexpected return: open failed
Completed checkpoint up to RBA
Completed checkpoint up to RBA
Starting background process VKTM
Current log# 554 seq# 6803 mem# 0
LPX-00752: invalid ~1s, must be ~2s
Errors in file /u01/app/oracle/diag/rdbms/ttprod/ttprod1/trace/ttprod1_ora_69456.trc
SUCCESS: diskgroup DATA was mounted
Instance shutdown complete
Beginning log switch checkpoint up to RBA
ARC0: Archival started
Completed checkpoint up to RBA
Autotune of undo retention is turned on.
INS-35088: The specified Global database name exceeds _SYSSMU12$ characters.
ARC0: Archival started
Redo thread mounted read/write
Thread 1 advanced to log sequence 677
SUCCESS: diskgroup DATA was mounted
Beginning log switch checkpoint up to RBA
Instance shutdown complete
ORA-09215: sfqio: error detected in IOCompletionRoutine
Thread 1 advanced to log sequence 973
Autotune of undo retention is turned on.
Redo thread mounted read/write
Completed checkpoint up to RBA
DRG-52204: error while registering index
Errors in file /u01/app/oracle/diag/rdbms/ttprod/ttprod1/trace/ttprod1_ora_90418.trc
Beginning log switch checkpoint up to RBA
Completed checkpoint up to RBA
ORA-44312: database closed
Current log# 468 seq# 1684 mem# 0
Completed checkpoint up to RBA
Redo thread mounted read/write
Current log# 956 seq# 3590 mem# 0
Instance shutdown complete
ORA-60001: adding ( DATA_TS01 ) blocks to save undo segment in tablespace DATA_TS01 with MAXSIZE ( ttstandby01 )
Autotune of undo retention is turned on.
Instance shutdown complete
ORA-38798: Cannot perform partial database recovery
Archived Log entry 6 added for thread 1 sequence 7839
Archived Log entry 812 added for thread 1 sequence 6398
SUCCESS: diskgroup DATA was mounted
ARC0: Archival started
Thread 1 advanced to log sequence 266
ORA-01938: IDENTIFIED BY must be specified for CREATE USER
Errors in file /u01/app/oracle/diag/rdbms/ttprod/ttprod1/trace/ttprod1_ora_31085.trc
Starting background process VKTM
Autotune of undo retention is turned on.
SUCCESS: diskgroup DATA was mounted
Completed checkpoint up to RBA
QSM-01214: query rewrite not possible if OR is the top level operator in query WHERE clause
Starting background process VKTM
Archived Log entry 890 added for thread 1 sequence 6368
Archived Log entry 46 added for thread 1 sequence 3643
Beginning log switch checkpoint up to RBA
LSX-00148: annotation must come first in "~S"
SUCCESS: diskgroup DATA was mounted
Starting background process VKTM
QSM-01089: an inline view in the query does not have a materialized view
Thread 1 advanced to log sequence 402
Thread 1 advanced to log sequence 659
Completed checkpoint up to RBA
Beginning log switch checkpoint up to RBA
ARC0: Archival started
DRG-50855: logoff fail
Instance shutdown complete
Starting background process VKTM
PRKR-01051: file {0} does not contain an entry for dbname {1}
NNO-00321: statistic counter dump disabled
Errors in file /u01/app/oracle/diag/rdbms/ttprod/ttprod1/trace/ttprod1_ora_33985.trc
Undo initialization finished
SUCCESS: diskgroup DATA was mounted
ARC0: Archival started
Current log# 505 seq# 7109 mem# 0
Thread 1 advanced to log sequence 469
ARC0: Archival started
INS-40405: The installer has detected a configured instance of Oracle Grid Infrastructure software on the system.
Beginning log switch checkpoint up to RBA
Archived Log entry 267 added for thread 1 sequence 1567
SUCCESS: diskgroup DATA was mounted
Archived Log entry 704 added for thread 1 sequence 1509
Completed checkpoint up to RBA
Redo thread mounted read/write
ORA-38875: FLASHBACK DATABASE not started; in test mode
Autotune of undo retention is turned on.
Instance shutdown complete
Thread 1 advanced to log sequence 581
SUCCESS: diskgroup DATA was mounted
Autotune of undo retention is turned on.
Completed checkpoint up to RBA
PRCD-01098: Failed to retrieve the configured servers of server pool {0} for database {1}
Instance shutdown complete
Instance shutdown complete
ARC0: Archival started
QSM-02017: subquery present in the HAVING clause
Errors in file /u01/app/oracle/diag/rdbms/ttprod/ttprod1/trace/ttprod1_ora_66363.trc
Undo initialization finished
ARC0: Archival started
Instance shutdown complete
Current log# 158 seq# 4049 mem# 0
Completed checkpoint up to RBA
Redo thread mounted read/write
DIA-48312: Sweep incident large pool staging file failed
Starting background process VKTM
Beginning log switch checkpoint up to RBA
SUCCESS: diskgroup DATA was mounted
SUCCESS: diskgroup DATA was mounted
Thread 1 advanced to log sequence 106
ORA-31524: could not find change set ttprod2 for CDC change table 5000 . DATA_TS01
RMAN-06528: CHANGE ... KEEP not supported for BACKUPPIECE
ARC0: Archival started
Starting background process VKTM
Completed checkpoint up to RBA
ORA-31232: DBMS_LDAP: invalid MOD_PROPERTY_SET
SUCCESS: diskgroup DATA was mounted
Current log# 240 seq# 1610 mem# 0
Current log# 348 seq# 3035 mem# 0
Undo initialization finished
Thread 1 advanced to log sequence 606
Beginning log switch checkpoint up to RBA
ORA-24794: no active DTP service found
ORA-37572: invalid ID
Completed checkpoint up to RBA
Thread 1 advanced to log sequence 847
Completed checkpoint up to RBA
Current log# 735 seq# 4002 mem# 0
Thread 1 advanced to log sequence 789
LPX-00765: HTTP error ~s
Thread 1 advanced to log sequence 714
Beginning log switch checkpoint up to RBA
ARC0: Archival started
SUCCESS: diskgroup DATA was mounted
Current log# 874 seq# 8699 mem# 0
NNL-01051: Server name: /u01/app/oracle/oradata/ttprod/users01.dbf
Errors in file /u01/app/oracle/diag/rdbms/ttprod/ttprod1/trace/ttprod1_ora_37924.trc
Undo initialization finished
Starting background process VKTM
Archived Log entry 810 added for thread 1 sequence 5924
Beginning log switch checkpoint up to RBA
Archived Log entry 884 added for thread 1 sequence 4949
ARC0: Archival started
ORA-02420: missing schema authorization clause
Archived Log entry 987 added for thread 1 sequence 8427
ORA-46088: Principal already exists
SUCCESS: diskgroup DATA was mounted
QSM-02052: subquery using a select list in mv
Errors in file /u01/app/oracle/diag/rdbms/ttprod/ttprod1/trace/ttprod1_ora_38150.trc
Beginning log switch checkpoint up to RBA
SUCCESS: diskgroup DATA was mounted
Starting background process VKTM
ORA-12533: TNS:illegal ADDRESS parameters
Starting background process VKTM
ARC0: Archival started
Redo thread mounted read/write
Instance shutdown complete
Archived Log entry 958 added for thread 1 sequence 1397
Instance shutdown complete
TNS-00017: INTCTL: error while performing NS receive command
Current log# 35 seq# 4927 mem# 0
Current log# 178 seq# 3169 mem# 0
SUCCESS: diskgroup DATA was mounted
ORA-15123: ASM file name ' 17 ' contains an invalid incarnation number
ARC0: Archival started
TNS-12505: TNS: listener does not currently know of SID given in connect descriptor
Redo thread mounted read/write
Undo initialization finished
Undo initialization finished
Archived Log entry 692 added for thread 1 sequence 9921
Thread 1 advanced to log sequence 75
Autotune of undo retention is turned on.
LPX-00910: The root nodes in input documents to XmlDiff did not match
PLS-00711: PRAGMA session_1123 cannot be declared twice
Current log# 609 seq# 5787 mem# 0
Starting background process VKTM
Archived Log entry 109 added for thread 1 sequence 5615
Instance shutdown complete
Completed checkpoint up to RBA
ORA-48213: Incorrect Access Mode for Operation [ BILLING.CUST_ORDERS ] [ NETWORK_OPS.SIM_INVENTORY ]
Thread 1 advanced to log sequence 874
Starting background process VKTM
Beginning log switch checkpoint up to RBA
Redo thread mounted read/write
ORA-27208: syntax error in device PARMS - environment variable value missing
Autotune of undo retention is turned on.
ARC0: Archival started
SUCCESS: diskgroup DATA was mounted
Archived Log entry 7 added for thread 1 sequence 8489
Autotune of undo retention is turned on.
ORA-30936: Maximum number ( INVOICE_LINES_IDX ) of ' BILLING.CUST_ORDERS ' XML node elements exceeded
Instance shutdown complete
Archived Log entry 230 added for thread 1 sequence 1127
Starting background process VKTM
Current log# 40 seq# 6257 mem# 0
Autotune of undo retention is turned on.
ORA-14014: maximum number of partitioning columns is 16
Errors in file /u01/app/oracle/diag/rdbms/ttprod/ttprod1/trace/ttprod1_ora_64747.trc
Starting background process VKTM
LSX-00285: referenced key "~S" is not defined
Errors in file /u01/app/oracle/diag/rdbms/ttprod/ttprod1/trace/ttprod1_ora_74397.trc
ARC0: Archival started
Undo initialization finished
Beginning log switch checkpoint up to RBA
Instance shutdown complete
Redo thread mounted read/write
Redo thread mounted read/write
ORA-19712: table name exceeds maximum length of INVOICE_LINES_IDX
Beginning log switch checkpoint up to RBA
Undo initialization finished
RMAN-06056: could not access datafile number
Undo initialization finished
ORA-26014: unexpected error on BILLING.CUST_ORDERS _SYSSMU7$ while retrieving UNDOTBS1 42
Redo thread mounted read/write
ORA-02336: column attribute cannot be accessed
Archived Log entry 594 added for thread 1 sequence 4630
Autotune of undo retention is turned on.
ORA-46075: Already attached to a lightweight user session
Archived Log entry 724 added for thread 1 sequence 9423
Current log# 133 seq# 9699 mem# 0
Redo thread mounted read/write
Redo thread mounted read/write
Redo thread mounted read/write
Instance shutdown complete
NNL-00957: Name nodes created: number
Undo initialization finished
Instance shutdown complete
ARC0: Archival started
Redo thread mounted read/write
PRCR-01010: Failed to update permissions of resource {0}
ORA-31652: command response message was invalid type - detaching job
Completed checkpoint up to RBA
ARC0: Archival started
Archived Log entry 155 added for thread 1 sequence 5576
Autotune of undo retention is turned on.
ORA-26862: LCR position must be greater than the processed low position of the XStream inbound server (XID=' SP2-0552 ', LCR position=' _SYSSMU7$ ').
Completed checkpoint up to RBA
TNS-02502: Authentication: unable to find initialization function
Archived Log entry 280 added for thread 1 sequence 8269
Undo initialization finished
PLS-00701: illegal ORACLE error number session_1123 for PRAGMA EXCEPTION_INIT
Errors in file /u01/app/oracle/diag/rdbms/ttprod/ttprod1/trace/ttprod1_ora_27223.trc
ARC0: Archival started
SUCCESS: diskgroup DATA was mounted
SUCCESS: diskgroup DATA was mounted
ORA-39221: Specifying data filters is invalid when dumpfiles do not contain table data.
Autotune of undo retention is turned on.
Thread 1 advanced to log sequence 456
PRCD-01053: Failed to retrieve the database instances providing service {0}
Starting background process VKTM
ORA-01157: cannot identify/lock data file BILLING.CUST_ORDERS - see DBWR trace file
Errors in file /u01/app/oracle/diag/rdbms/ttprod/ttprod1/trace/ttprod1_ora_49367.trc
Redo thread mounted read/write
Autotune of undo retention is turned on.
ORA-31447: cannot create change tables in the SYS schema
ARC0: Archival started
ORA-19282: XQST0068 - It is a static error if a Prolog contains more than one xmlspace declaration
Instance shutdown complete
Redo thread mounted read/write
Instance shutdown complete
Instance shutdown complete
Thread 1 advanced to log sequence 286
ORA-37006: (AWLISTALL04) number writers
ARC0: Archival started
Archived Log entry 681 added for thread 1 sequence 3651
NNL-00272: Removed name " 42 " from caches along the following path:
Errors in file /u01/app/oracle/diag/rdbms/ttprod/ttprod1/trace/ttprod1_ora_50344.trc
Redo thread mounted read/write
ORA-56501: DRCP: Pool startup failed
Thread 1 advanced to log sequence 682
Beginning log switch checkpoint up to RBA
Thread 1 advanced to log sequence 2
Beginning log switch checkpoint up to RBA
Starting background process VKTM
NZE-29023: The buffers are not empty.
ORA-13116: [ SYSAUX ]_FACE$ table does not exist
Redo thread mounted read/write
ARC0: Archival started
Completed checkpoint up to RBA
Beginning log switch checkpoint up to RBA
ARC0: Archival started
ORA-40293: input class is invalid for the specified predictive model
Instance shutdown complete
LSX-00122: value is not valid restriction of parent's whiteSpace
Redo thread mounted read/write
Undo initialization finished
ARC0: Archival started
Instance shutdown complete
Beginning log switch checkpoint up to RBA
ORA-08467: error converting Oracle number to ttprod2
ORA-48435: Input a trace file
Thread 1 advanced to log sequence 302
Archived Log entry 109 added for thread 1 sequence 3581
Redo thread mounted read/write
NZE-28838: no identity descriptor
TNS-12608: TNS: Send timeout occurred
SUCCESS: diskgroup DATA was mounted
SUCCESS: diskgroup DATA was mounted
Undo initialization finished
Archived Log entry 672 added for thread 1 sequence 4187
Current log# 928 seq# 9008 mem# 0
SUCCESS: diskgroup DATA was mounted
ORA-26872: must attach to an XStream outbound server before executing _SYSSMU7$ function
EXP-00079: Data in table " 42 " is protected. Conventional path may only be exporting partial table.
Archived Log entry 179 added for thread 1 sequence 2787
Thread 1 advanced to log sequence 588
Beginning log switch checkpoint up to RBA
Redo thread mounted read/write
Instance shutdown complete
DRG-13901: Index must have stage_itab
Current log# 514 seq# 6613 mem# 0
Current log# 702 seq# 9598 mem# 0
Thread 1 advanced to log sequence 668
ORA-13623: The recommendation 1024 is not valid for task TNS_ADMIN .
Thread 1 advanced to log sequence 318
ORA-14213: VALUES LESS THAN or AT clause cannot be used for List subpartitioned tables
Errors in file /u01/app/oracle/diag/rdbms/ttprod/ttprod1/trace/ttprod1_ora_85001.trc
Autotune of undo retention is turned on.
TNS-12662: proxy ticket retrieval failed
SUCCESS: diskgroup DATA was mounted
Thread 1 advanced to log sequence 13
ARC0: Archival started
Archived Log entry 882 added for thread 1 sequence 6123
Beginning log switch checkpoint up to RBA
ORA-44315: all service attributes null
Errors in file /u01/app/oracle/diag/rdbms/ttprod/ttprod1/trace/ttprod1_ora_47499.trc
RMAN-05525: SKIP TABLESPACE cannot be used when using DUPLICATE TABLESPACE
Current log# 599 seq# 4220 mem# 0
ARC0: Archival started
SUCCESS: diskgroup DATA was mounted
Autotune of undo retention is turned on.
ORA-12060: shape of prebuilt table does not match definition query
Errors in file /u01/app/oracle/diag/rdbms/ttprod/ttprod1/trace/ttprod1_ora_68623.trc
Archived Log entry 451 added for thread 1 sequence 3663
Archived Log entry 412 added for thread 1 sequence 8086
SUCCESS: diskgroup DATA was mounted
Current log# 781 seq# 9695 mem# 0
Starting background process VKTM
Redo thread mounted read/write
TNS-04233: Trace Assistant WARNING: Going beyond Packet length
Starting background process VKTM
Autotune of undo retention is turned on.
Completed checkpoint up to RBA
Starting background process VKTM
Redo thread mounted read/write
PRVF-04143: Media Sensing of TCP/IP is enabled on the nodes:
Autotune of undo retention is turned on.
PRCI-01136: The specified path {0} is not on Oracle Automatic Storage Manager Cluster File System (ACFS)
Beginning log switch checkpoint up to RBA
Starting background process VKTM
Starting background process VKTM
ORA-27370: job slave failed to launch a job of type EXECUTABLE
Errors in file /u01/app/oracle/diag/rdbms/ttprod/ttprod1/trace/ttprod1_ora_23480.trc
SUCCESS: diskgroup DATA was mounted
SUCCESS: diskgroup DATA was mounted
ORA-16630: database property has been deprecated
Errors in file /u01/app/oracle/diag/rdbms/ttprod/ttprod1/trace/ttprod1_ora_73229.trc
SUCCESS: diskgroup DATA was mounted
Starting background process VKTM
Starting background process VKTM
Current log# 478 seq# 4328 mem# 0
ORA-07279: spcre: semget error, unable to get first semaphore set.
Instance shutdown complete
Current log# 117 seq# 5367 mem# 0
Starting background process VKTM
PLS-00331: illegal reference to SP2-0552
Errors in file /u01/app/oracle/diag/rdbms/ttprod/ttprod1/trace/ttprod1_ora_97024.trc
Archived Log entry 570 added for thread 1 sequence 4615
Completed checkpoint up to RBA
Current log# 736 seq# 7296 mem# 0
Completed checkpoint up to RBA
ORA-01863: the year is not supported for the current calendar
Archived Log entry 359 added for thread 1 sequence 2174
Undo initialization finished
Archived Log entry 618 added for thread 1 sequence 4854
Instance shutdown complete
OCI-22063: reading negative value [ /u01/app/oracle/oradata/ttprod/users01.dbf ] as unsigned
Errors in file /u01/app/oracle/diag/rdbms/ttprod/ttprod1/trace/ttprod1_ora_75083.trc
SUCCESS: diskgroup DATA was mounted
Starting background process VKTM
SUCCESS: diskgroup DATA was mounted
INS-35359: Only one node is selected for database creation.
Thread 1 advanced to log sequence 523
Starting background process VKTM
Current log# 152 seq# 3800 mem# 0
Starting background process VKTM
Redo thread mounted read/write
LPX-01080: [XPST0080] Invalid target type
Starting background process VKTM
Completed checkpoint up to RBA
ORA-12600: TNS: /u01/app/oracle/oradata/ttprod/users01.dbf open failed
Redo thread mounted read/write
Completed checkpoint up to RBA
ORA-24277: invalid database link 17
Current log# 751 seq# 3321 mem# 0
Thread 1 advanced to log sequence 551
Undo initialization finished
Archived Log entry 302 added for thread 1 sequence 2714
SUCCESS: diskgroup DATA was mounted
ORA-31640: unable to open dump file " 3 " for read
Undo initialization finished
Current log# 840 seq# 3933 mem# 0
Instance shutdown complete
ORA-01681: max # extents ( 5000 ) reached in LOB segment in tablespace large pool
Errors in file /u01/app/oracle/diag/rdbms/ttprod/ttprod1/trace/ttprod1_ora_78556.trc
Autotune of undo retention is turned on.
Current log# 638 seq# 1503 mem# 0
ORA-01870: the intervals or datetimes are not mutually comparable
Errors in file /u01/app/oracle/diag/rdbms/ttprod/ttprod1/trace/ttprod1_ora_14443.trc
RMAN-20505: create datafile during recovery
Redo thread mounted read/write
Instance shutdown complete
Autotune of undo retention is turned on.
ORA-00342: archived log does not have expected resetlogs SCN ttstandby01
Undo initialization finished
Autotune of undo retention is turned on.
Undo initialization finished
Undo initialization finished
NNL-01011: Forwarding contexts freed: number
Errors in file /u01/app/oracle/diag/rdbms/ttprod/ttprod1/trace/ttprod1_ora_45272.trc
Archived Log entry 681 added for thread 1 sequence 9752
Archived Log entry 278 added for thread 1 sequence 3772
Current log# 722 seq# 2596 mem# 0
Starting background process VKTM
RMAN-08305: channel /u01/app/oracle/oradata/ttprod/users01.dbf : starting to check datafiles
RMAN-06466: error parsing configuration /u01/app/oracle/oradata/ttprod/users01.dbf ( SP2-0552 )
Redo thread mounted read/write
ARC0: Archival started
Instance shutdown complete
Completed checkpoint up to RBA
SUCCESS: diskgroup DATA was mounted
ORA-19903: test recovery not allowed when recovering to new incarnation
Archived Log entry 621 added for thread 1 sequence 7738
Completed checkpoint up to RBA
Current log# 475 seq# 6539 mem# 0
Undo initialization finished
IMG-00559: invalid frame number
CLST-02309: failure updating the configuration in node deletion
ARC0: Archival started
Redo thread mounted read/write
ORA-28530: Heterogeneous Services initialization error in NLS language ID
Errors in file /u01/app/oracle/diag/rdbms/ttprod/ttprod1/trace/ttprod1_ora_98326.trc
Starting background process VKTM
Undo initialization finished
Autotune of undo retention is turned on.
Current log# 337 seq# 6612 mem# 0
Autotune of undo retention is turned on.
ORA-01608: cannot bring rollback segment ' /u01/app/oracle/oradata/ttprod/users01.dbf ' online, its status is ( 1024 )
Beginning log switch checkpoint up to RBA
Undo initialization finished
Archived Log entry 631 added for thread 1 sequence 9219
Beginning log switch checkpoint up to RBA
ORA-16767: SQL Apply is running
Errors in file /u01/app/oracle/diag/rdbms/ttprod/ttprod1/trace/ttprod1_ora_85143.trc
SUCCESS: diskgroup DATA was mounted
Redo thread mounted read/write
Archived Log entry 540 added for thread 1 sequence 4314
ORA-25197: an overflow segment already exists for the indexed-organized table
Instance shutdown complete
ARC0: Archival started
ARC0: Archival started
KUP-04041: error generating full file name for DATA_TS01 in _SYSSMU7$
Redo thread mounted read/write
Undo initialization finished
ARC0: Archival started
SUCCESS: diskgroup DATA was mounted
Beginning log switch checkpoint up to RBA
PCC-00053: FOR variable CRM.CALL_DETAIL_RECORDS is invalid type at line number in file SYSAUX
Beginning log switch checkpoint up to RBA
ARC0: Archival started
Archived Log entry 987 added for thread 1 sequence 3499
Starting background process VKTM
Current log# 136 seq# 4939 mem# 0
Completed checkpoint up to RBA
NID-00133: Database should have only consistent datafiles
ORA-09261: spdcr: error creating detached (background) process
Errors in file /u01/app/oracle/diag/rdbms/ttprod/ttprod1/trace/ttprod1_ora_96983.trc
Archived Log entry 983 added for thread 1 sequence 3510
Archived Log entry 201 added for thread 1 sequence 1614
Undo initialization finished
Starting background process VKTM
Current log# 441 seq# 7423 mem# 0
Current log# 201 seq# 6003 mem# 0
RMAN-08162: executing Memory Script
Redo thread mounted read/write
Instance shutdown complete
Autotune of undo retention is turned on.
ORA-12699: Native service internal error
SUCCESS: diskgroup DATA was mounted
Redo thread mounted read/write
Redo thread mounted read/write
Beginning log switch checkpoint up to RBA
SUCCESS: diskgroup DATA was mounted
Starting background process VKTM
DRG-50866: failed to resize ttstandby01
Beginning log switch checkpoint up to RBA
Redo thread mounted read/write
Autotune of undo retention is turned on.
JMS-00165: Maximum size of property value exceeded
ORA-48497: " /u01/app/oracle/oradata/ttprod/users01.dbf " is an invalid product type
Current log# 374 seq# 7248 mem# 0
NNO-00700: warning: cannot checkpoint the cache, trying again in number seconds
ARC0: Archival started
SUCCESS: diskgroup DATA was mounted
Instance shutdown complete
Instance shutdown complete
PGA-21015: invalid character(s) found in LU name ' CDR_STAGING '
Completed checkpoint up to RBA
LPX-01095: [FORG0004] fn:one-or-more called with a sequence containing no items
Completed checkpoint up to RBA
Beginning log switch checkpoint up to RBA
ARC0: Archival started
Instance shutdown complete
Completed checkpoint up to RBA
PLS-01505: ALTER is non-ANSI
Instance shutdown complete
Autotune of undo retention is turned on.
Instance shutdown complete
INS-41309: The Oracle Cluster Registry (OCR) cannot be placed on a block or character device.
Instance shutdown complete
Thread 1 advanced to log sequence 220
Undo initialization finished
Current log# 363 seq# 6722 mem# 0
SUCCESS: diskgroup DATA was mounted
ORA-47283: error deleting Realm Object USERS , /u01/app/oracle/oradata/ttprod/users01.dbf . 42 from Realm UNDOTBS1 , USERS
Archived Log entry 658 added for thread 1 sequence 5337
ORA-39775: direct path API commit not allowed due to previous fatal error
ORA-24853: failed to connect thread to shared subsystem
Completed checkpoint up to RBA
Beginning log switch checkpoint up to RBA
Thread 1 advanced to log sequence 202
Redo thread mounted read/write
PRVF-05430: Voting disk configuration does not meet Oracle's recommendation of three voting disk locations
